idx,val
0,100.000025
1,100.001048
2,100.002059
3,100.003088
4,100.004048
5,100.005084
6,100.005906
7,100.006993
8,100.008089
9,100.009030
10,100.010080
11,100.010923
12,100.011994
13,100.012949
14,100.014009
15,100.015015
16,100.015903
17,100.016943
18,100.017956
19,100.019083
20,100.020053
21,100.020932
22,100.022059
23,100.022928
24,100.024023
25,100.024925
26,100.025900
27,100.027074
28,100.027942
29,100.028943
30,100.030096
31,100.031074
32,100.031958
33,100.033092
34,100.034008
35,100.035036
36,100.035941
37,100.037088
38,100.038038
39,100.039093
40,100.040079
41,100.040960
42,100.041972
43,100.042933
44,100.043929
45,100.044913
46,100.045960
47,100.047021
48,100.047901
49,100.049036
50,100.049968
51,100.050962
52,100.052064
53,100.052996
54,100.053963
55,100.054996
56,100.056041
57,100.056911
58,100.058095
59,100.058905
60,100.060050
61,100.061069
62,100.061904
63,100.063058
64,100.063973
65,100.065016
66,100.065902
67,100.066909
68,100.067936
69,100.069091
70,100.069939
71,100.071051
72,100.072086
73,100.073088
74,100.073969
75,100.074971
76,100.076005
77,100.077055
78,100.077922
79,100.079050
80,100.080059
81,100.081072
82,100.081907
83,100.083089
84,100.083918
85,100.084968
86,100.086022
87,100.087084
88,100.087968
89,100.089085
90,100.090009
91,100.090962
92,100.091963
93,100.092935
94,100.093916
95,100.094930
96,100.096038
97,100.097099
98,100.097932
99,100.098910
100,100.100097
101,100.101007
102,100.101981
103,100.102947
104,100.104019
105,100.105065
106,100.105991
107,100.106984
108,100.107911
109,100.109083
110,100.109907
111,100.110999
112,100.112068
113,100.112926
114,100.114046
115,100.115090
116,100.116026
117,100.117058
118,100.117921
119,100.118987
120,100.119930
121,100.121069
122,100.121959
123,100.122991
124,100.124100
125,100.125070
126,100.126095
127,100.126991
128,100.127998
129,100.129046
130,100.129996
131,100.130958
132,100.131981
133,100.132929
134,100.133975
135,100.135098
136,100.136092
137,100.137025
138,100.138000
139,100.138968
140,100.139918
141,100.140954
142,100.142056
143,100.143073
144,100.143972
145,100.145057
146,100.146055
147,100.147039
148,100.148033
149,100.149052
150,100.149973
151,100.151041
152,100.151956
153,100.152997
154,100.154054
155,100.155038
156,100.155959
157,100.157089
158,100.158030
159,100.159016
160,100.159902
161,100.161009
162,100.161950
163,100.163034
164,100.163993
165,100.165063
166,100.166029
167,100.167060
168,100.167970
169,100.169029
170,100.170048
171,100.171066
172,100.171970
173,100.173069
174,100.174074
175,100.175038
176,100.176095
177,100.177091
178,100.178004
179,100.179006
180,100.179933
181,100.181067
182,100.182087
183,100.182995
184,100.184038
185,100.185044
186,100.186046
187,100.186934
188,100.188056
189,100.189016
190,100.190033
191,100.190984
192,100.192025
193,100.193055
194,100.194027
195,100.195044
196,100.195906
197,100.196932
198,100.197988
199,100.199030
200,100.199944
201,100.201037
202,100.202026
203,100.202908
204,100.203994
205,100.204945
206,100.205911
207,100.206927
208,100.207963
209,100.208936
210,100.209939
211,100.210907
212,100.211993
213,100.212976
214,100.214022
215,100.215018
216,100.215948
217,100.217081
218,100.217900
219,100.218981
220,100.219956
221,100.220982
222,100.221923
223,100.223066
224,100.223975
225,100.224907
226,100.226023
227,100.226919
228,100.228009
229,100.228968
230,100.230016
231,100.231092
232,100.232064
233,100.232984
234,100.234063
235,100.235028
236,100.235974
237,100.236928
238,100.238019
239,100.239013
240,100.240091
241,100.241094
242,100.242022
243,100.242970
244,100.244079
245,100.244900
246,100.245922
247,100.247013
248,100.248023
249,100.248928
250,100.250026
251,100.251078
252,100.251975
253,100.252986
254,100.253945
255,100.254958
256,100.256094
257,100.256976
258,100.258092
259,100.259083
260,100.260019
261,100.260952
262,100.262096
263,100.262999
264,100.263983
265,100.264964
266,100.266097
267,100.266998
268,100.267957
269,100.268995
270,100.269924
271,100.271024
272,100.271989
273,100.272959
274,100.274056
275,100.275065
276,100.275903
277,100.277007
278,100.277955
279,100.279087
280,100.280056
281,100.280949
282,100.281954
283,100.282931
284,100.284098
285,100.284959
286,100.286022
287,100.286995
288,100.288029
289,100.289021
290,100.290049
291,100.290924
292,100.292052
293,100.292960
294,100.294007
295,100.294967
296,100.295959
297,100.297006
298,100.297993
299,100.298972
300,100.300049
301,100.301018
302,100.301907
303,100.302950
304,100.303991
305,100.305083
306,100.306078
307,100.307009
308,100.307903
309,100.309056
310,100.309986
311,100.311015
312,100.312042
313,100.313026
314,100.313996
315,100.315082
316,100.315977
317,100.316978
318,100.318070
319,100.318939
320,100.319959
321,100.321066
322,100.321913
323,100.323067
324,100.324039
325,100.324987
326,100.325957
327,100.327056
328,100.328082
329,100.328929
330,100.329996
331,100.331010
332,100.332000
333,100.332966
334,100.333931
335,100.335017
336,100.336062
337,100.336914
338,100.337946
339,100.339064
340,100.340058
341,100.341033
342,100.341905
343,100.343045
344,100.344096
345,100.345100
346,100.346040
347,100.346910
348,100.348068
349,100.348944
350,100.350029
351,100.351090
352,100.352042
353,100.352927
354,100.353958
355,100.355084
356,100.355930
357,100.357022
358,100.357983
359,100.358932
360,100.360024
361,100.360909
362,100.361922
363,100.362976
364,100.363914
365,100.364912
366,100.366015
367,100.367048
368,100.368076
369,100.368927
370,100.369986
371,100.370963
372,100.372020
373,100.372998
374,100.374088
375,100.374975
376,100.375911
377,100.377039
378,100.377930
379,100.379026
380,100.380001
381,100.381082
382,100.382011
383,100.383024
384,100.383953
385,100.385010
386,100.385951
387,100.387050
388,100.388003
389,100.388927
390,100.389947
391,100.390974
392,100.392047
393,100.392936
394,100.394043
395,100.395031
396,100.395917
397,100.397034
398,100.397918
399,100.398925
400,100.400019
401,100.400948
402,100.402075
403,100.402996
404,100.403965
405,100.405059
406,100.405906
407,100.407045
408,100.407911
409,100.408930
410,100.410090
411,100.411036
412,100.411945
413,100.412923
414,100.414095
415,100.415033
416,100.416064
417,100.416928
418,100.418025
419,100.418971
420,100.419947
421,100.420967
422,100.422023
423,100.422970
424,100.423977
425,100.424927
426,100.426066
427,100.427030
428,100.428061
429,100.428987
430,100.430070
431,100.431003
432,100.432019
433,100.433015
434,100.434048
435,100.434979
436,100.435919
437,100.436907
438,100.437940
439,100.438908
440,100.440078
441,100.440996
442,100.442052
443,100.442900
444,100.443994
445,100.445078
446,100.446024
447,100.446986
448,100.447993
449,100.448920
450,100.449931
451,100.450932
452,100.451975
453,100.452977
454,100.454076
455,100.454930
456,100.455951
457,100.456955
458,100.457932
459,100.458957
460,100.459947
461,100.460996
462,100.461906
463,100.463085
464,100.463974
465,100.465088
466,100.466038
467,100.467035
468,100.467994
469,100.469089
470,100.469924
471,100.471034
472,100.471958
473,100.473035
474,100.474046
475,100.474933
476,100.475940
477,100.476905
478,100.477946
479,100.478916
480,100.479980
481,100.481095
482,100.481973
483,100.482962
484,100.483994
485,100.484957
486,100.486046
487,100.487044
488,100.487933
489,100.488948
490,100.490034
491,100.491088
492,100.492029
493,100.492986
494,100.494095
495,100.494901
496,100.495912
497,100.497056
498,100.497982
499,100.498909
500,100.500010
501,100.501098
502,100.502004
503,100.502970
504,100.503919
505,100.504914
506,100.506080
507,100.506998
508,100.508087
509,100.508911
510,100.509949
511,100.510910
512,100.511979
513,100.512912
514,100.513951
515,100.514981
516,100.515961
517,100.516910
518,100.517908
519,100.519094
520,100.519936
521,100.521002
522,100.521980
523,100.523006
524,100.523917
525,100.524963
526,100.525922
527,100.527008
528,100.528084
529,100.529020
530,100.530071
531,100.530943
532,100.531903
533,100.533008
534,100.533997
535,100.535014
536,100.535975
537,100.537025
538,100.538045
539,100.539083
540,100.539962
541,100.540990
542,100.542065
543,100.542945
544,100.543923
545,100.544962
546,100.545918
547,100.547054
548,100.548064
549,100.548963
550,100.549926
551,100.550916
552,100.551949
553,100.552917
554,100.553986
555,100.555015
556,100.555949
557,100.556912
558,100.558040
559,100.558910
560,100.559940
561,100.560957
562,100.561975
563,100.562920
564,100.563984
565,100.564963
566,100.566050
567,100.567011
568,100.568079
569,100.569031
570,100.570052
571,100.571015
572,100.571988
573,100.573063
574,100.574031
575,100.575091
576,100.576046
577,100.577040
578,100.577954
579,100.579062
580,100.579976
581,100.580926
582,100.581913
583,100.582934
584,100.583953
585,100.585035
586,100.585957
587,100.586913
588,100.588053
589,100.589011
590,100.589905
591,100.590910
592,100.591926
593,100.592971
594,100.594072
595,100.595090
596,100.596022
597,100.596946
598,100.597986
599,100.598972
600,100.599966
601,100.600902
602,100.602017
603,100.603065
604,100.604045
605,100.604919
606,100.606006
607,100.606934
608,100.608042
609,100.608989
610,100.610088
611,100.611059
612,100.611924
613,100.612963
614,100.614083
615,100.614992
616,100.615987
617,100.616988
618,100.618054
619,100.619087
620,100.620007
621,100.621094
622,100.622019
623,100.622921
624,100.624063
625,100.624984
626,100.625910
627,100.627096
628,100.627907
629,100.629015
630,100.629996
631,100.631076
632,100.631979
633,100.632943
634,100.633955
635,100.634940
636,100.636012
637,100.636971
638,100.638050
639,100.638948
640,100.639970
641,100.640950
642,100.642096
643,100.643068
644,100.644070
645,100.645024
646,100.645980
647,100.646929
648,100.648066
649,100.648998
650,100.649908
651,100.650934
652,100.651920
653,100.653044
654,100.654080
655,100.654940
656,100.656059
657,100.656965
658,100.658037
659,100.659073
660,100.660025
661,100.661060
662,100.661975
663,100.662902
664,100.664002
665,100.665017
666,100.665937
667,100.666978
668,100.667963
669,100.668905
670,100.669962
671,100.670977
672,100.671995
673,100.673041
674,100.673980
675,100.675096
676,100.676063
677,100.677085
678,100.678039
679,100.679034
680,100.680007
681,100.681060
682,100.681973
683,100.683019
684,100.684036
685,100.685004
686,100.685957
687,100.686916
688,100.687917
689,100.688971
690,100.690016
691,100.691052
692,100.692043
693,100.692961
694,100.694086
695,100.694955
696,100.696043
697,100.696914
698,100.698051
699,100.699034
700,100.700091
701,100.701079
702,100.702038
703,100.703068
704,100.704048
705,100.705022
706,100.705942
707,100.707003
708,100.708079
709,100.708948
710,100.710095
711,100.711009
712,100.711979
713,100.712901
714,100.713978
715,100.714936
716,100.716031
717,100.717080
718,100.718082
719,100.719023
720,100.719977
721,100.720922
722,100.722038
723,100.723011
724,100.724043
725,100.724975
726,100.726077
727,100.726943
728,100.727961
729,100.728954
730,100.730024
731,100.731079
732,100.731933
733,100.733027
734,100.734053
735,100.734945
736,100.735913
737,100.737013
738,100.738066
739,100.739076
740,100.740046
741,100.740983
742,100.741985
743,100.743006
744,100.744081
745,100.744960
746,100.745956
747,100.747021
748,100.748093
749,100.748937
750,100.749906
751,100.750923
752,100.752013
753,100.753021
754,100.753937
755,100.754938
756,100.756019
757,100.757029
758,100.758038
759,100.759046
760,100.759912
761,100.760997
762,100.762067
763,100.763091
764,100.763964
765,100.765070
766,100.766029
767,100.767085
768,100.767946
769,100.769039
770,100.770068
771,100.770995
772,100.771920
773,100.772939
774,100.773931
775,100.774919
776,100.775930
777,100.777023
778,100.777921
779,100.779052
780,100.780047
781,100.781063
782,100.782061
783,100.783043
784,100.784085
785,100.785091
786,100.786025
787,100.787093
788,100.787921
789,100.788921
790,100.789913
791,100.790941
792,100.791975
793,100.792992
794,100.794036
795,100.795049
796,100.795917
797,100.796981
798,100.798009
799,100.798975
800,100.799924
801,100.801019
802,100.801975
803,100.803037
804,100.803999
805,100.805093
806,100.806089
807,100.806914
808,100.808052
809,100.809044
810,100.809959
811,100.810923
812,100.811996
813,100.812971
814,100.814047
815,100.815084
816,100.815976
817,100.816958
818,100.818000
819,100.819039
820,100.820058
821,100.821015
822,100.821959
823,100.822967
824,100.824070
825,100.825004
826,100.825910
827,100.826984
828,100.827948
829,100.829033
830,100.829915
831,100.830954
832,100.831919
833,100.832996
834,100.834097
835,100.835008
836,100.835977
837,100.837087
838,100.837918
839,100.838971
840,100.840062
841,100.840901
842,100.842053
843,100.842972
844,100.843903
845,100.844950
846,100.845992
847,100.846977
848,100.848003
849,100.848911
850,100.849944
851,100.851095
852,100.851989
853,100.852994
854,100.853917
855,100.854956
856,100.856091
857,100.857037
858,100.858002
859,100.858911
860,100.859979
861,100.861056
862,100.861987
863,100.863019
864,100.864080
865,100.865029
866,100.866027
867,100.866907
868,100.867905
869,100.869054
870,100.869983
871,100.871075
872,100.872065
873,100.873083
874,100.873976
875,100.875100
876,100.876051
877,100.877078
878,100.877930
879,100.879056
880,100.879984
881,100.881094
882,100.882099
883,100.882943
884,100.883984
885,100.884954
886,100.885994
887,100.886957
888,100.888033
889,100.888925
890,100.889934
891,100.890992
892,100.891915
893,100.892976
894,100.894079
895,100.895077
896,100.895939
897,100.896904
898,100.898066
899,100.899092
900,100.900020
901,100.900927
902,100.901947
903,100.903084
904,100.904088
905,100.904906
906,100.905937
907,100.906986
908,100.907953
909,100.909051
910,100.909975
911,100.911055
912,100.911930
913,100.913004
914,100.914095
915,100.915040
916,100.915918
917,100.916922
918,100.918029
919,100.918975
920,100.919974
921,100.920996
922,100.922016
923,100.923093
924,100.923948
925,100.925014
926,100.925953
927,100.927009
928,100.928046
929,100.928927
930,100.929996
931,100.931041
932,100.931902
933,100.933054
934,100.933984
935,100.935001
936,100.936022
937,100.937059
938,100.937911
939,100.939000
940,100.939908
941,100.940977
942,100.941969
943,100.942904
944,100.943960
945,100.944990
946,100.946031
947,100.947085
948,100.947974
949,100.949006
950,100.950043
951,100.951087
952,100.952090
953,100.953098
954,100.953960
955,100.954933
956,100.956086
957,100.956915
958,100.957990
959,100.959047
960,100.960006
961,100.960978
962,100.962085
963,100.962960
964,100.964010
965,100.965066
966,100.965928
967,100.966970
968,100.967999
969,100.969013
970,100.969941
971,100.970991
972,100.971912
973,100.972918
974,100.973968
975,100.974929
976,100.976094
977,100.976953
978,100.977955
979,100.979057
980,100.980048
981,100.980952
982,100.982066
983,100.983025
984,100.983978
985,100.985026
986,100.985949
987,100.986953
988,100.988075
989,100.988988
990,100.990079
991,100.990935
992,100.991927
993,100.992910
994,100.994048
995,100.995012
996,100.995902
997,100.996909
998,100.998065
999,100.998999
1000,101.000074
1001,101.000908
1002,101.002018
1003,101.002923
1004,101.004044
1005,101.005022
1006,101.006022
1007,101.006944
1008,101.008090
1009,101.008922
1010,101.009913
1011,101.011037
1012,101.011919
1013,101.012913
1014,101.013992
1015,101.015030
1016,101.016078
1017,101.017044
1018,101.017914
1019,101.019029
1020,101.020069
1021,101.020924
1022,101.022051
1023,101.022952
1024,101.023960
1025,101.024900
1026,101.026052
1027,101.027003
1028,101.028080
1029,101.028993
1030,101.029931
1031,101.030943
1032,101.031953
1033,101.033089
1034,101.033941
1035,101.034918
1036,101.035971
1037,101.036916
1038,101.037985
1039,101.039024
1040,101.040030
1041,101.040935
1042,101.041928
1043,101.042998
1044,101.044037
1045,101.044989
1046,101.046015
1047,101.047082
1048,101.047929
1049,101.048954
1050,101.049999
1051,101.051007
1052,101.052080
1053,101.053011
1054,101.054032
1055,101.054984
1056,101.056057
1057,101.057067
1058,101.057959
1059,101.058922
1060,101.059952
1061,101.060972
1062,101.062078
1063,101.062953
1064,101.064026
1065,101.065028
1066,101.066091
1067,101.066923
1068,101.068054
1069,101.068967
1070,101.069921
1071,101.071026
1072,101.072069
1073,101.073016
1074,101.073910
1075,101.075094
1076,101.075977
1077,101.077027
1078,101.078045
1079,101.078952
1080,101.079982
1081,101.080966
1082,101.081919
1083,101.082913
1084,101.084043
1085,101.084982
1086,101.086074
1087,101.086913
1088,101.087960
1089,101.088936
1090,101.090089
1091,101.091058
1092,101.092079
1093,101.093001
1094,101.093921
1095,101.094983
1096,101.095945
1097,101.096905
1098,101.098013
1099,101.098958
1100,101.099922
1101,101.101002
1102,101.102087
1103,101.103089
1104,101.103993
1105,101.104921
1106,101.106054
1107,101.106923
1108,101.108007
1109,101.108917
1110,101.110097
1111,101.111009
1112,101.111987
1113,101.112954
1114,101.114010
1115,101.115095
1116,101.115986
1117,101.116942
1118,101.118003
1119,101.119084
1120,101.119976
1121,101.121027
1122,101.122084
1123,101.122965
1124,101.124062
1125,101.125006
1126,101.125928
1127,101.126911
1128,101.128088
1129,101.128993
1130,101.129989
1131,101.131084
1132,101.132015
1133,101.133000
1134,101.133957
1135,101.135049
1136,101.135951
1137,101.136994
1138,101.138052
1139,101.139021
1140,101.139927
1141,101.140941
1142,101.142039
1143,101.143046
1144,101.143921
1145,101.145100
1146,101.145927
1147,101.146934
1148,101.147918
1149,101.148989
1150,101.150024
1151,101.151071
1152,101.151933
1153,101.153040
1154,101.153921
1155,101.155016
1156,101.155950
1157,101.156971
1158,101.157910
1159,101.159044
1160,101.159924
1161,101.161053
1162,101.161967
1163,101.163018
1164,101.164028
1165,101.164998
1166,101.166075
1167,101.167084
1168,101.167956
1169,101.168967
1170,101.170075
1171,101.170927
1172,101.171984
1173,101.172983
1174,101.174095
1175,101.174926
1176,101.176031
1177,101.177051
1178,101.178046
1179,101.178900
1180,101.180089
1181,101.180962
1182,101.182071
1183,101.183032
1184,101.183984
1185,101.185068
1186,101.186035
1187,101.186968
1188,101.188046
1189,101.189001
1190,101.190042
1191,101.191023
1192,101.192059
1193,101.192932
1194,101.193999
1195,101.194900
1196,101.196058
1197,101.197054
1198,101.198067
1199,101.198909
1200,101.200007
1201,101.200996
1202,101.201924
1203,101.202941
1204,101.204095
1205,101.205071
1206,101.205948
1207,101.207066
1208,101.208030
1209,101.208977
1210,101.210029
1211,101.210946
1212,101.211955
1213,101.212902
1214,101.214031
1215,101.215016
1216,101.216049
1217,101.217001
1218,101.217987
1219,101.218961
1220,101.220047
1221,101.220975
1222,101.222019
1223,101.223052
1224,101.223989
1225,101.225037
1226,101.225912
1227,101.226952
1228,101.228068
1229,101.228929
1230,101.229911
1231,101.230903
1232,101.232053
1233,101.232921
1234,101.233992
1235,101.234988
1236,101.236061
1237,101.236995
1238,101.238004
1239,101.238905
1240,101.240059
1241,101.241053
1242,101.242025
1243,101.243067
1244,101.244023
1245,101.245043
1246,101.246070
1247,101.247023
1248,101.247904
1249,101.249077
1250,101.250098
1251,101.250940
1252,101.251913
1253,101.252968
1254,101.253920
1255,101.254974
1256,101.255918
1257,101.256944
1258,101.257901
1259,101.258986
1260,101.259960
1261,101.261046
1262,101.261978
1263,101.262933
1264,101.264091
1265,101.265079
1266,101.266038
1267,101.266943
1268,101.267981
1269,101.268990
1270,101.269982
1271,101.270905
1272,101.271991
1273,101.273054
1274,101.274039
1275,101.275072
1276,101.276037
1277,101.277053
1278,101.278074
1279,101.279083
1280,101.280059
1281,101.280983
1282,101.282032
1283,101.283032
1284,101.284077
1285,101.285043
1286,101.285989
1287,101.286938
1288,101.287965
1289,101.288950
1290,101.290036
1291,101.291054
1292,101.291938
1293,101.293007
1294,101.294068
1295,101.294973
1296,101.295919
1297,101.297021
1298,101.297972
1299,101.298929
1300,101.299958
1301,101.300901
1302,101.301930
1303,101.302985
1304,101.303921
1305,101.304901
1306,101.306010
1307,101.307092
1308,101.308067
1309,101.308965
1310,101.310085
1311,101.310916
1312,101.311930
1313,101.312901
1314,101.313912
1315,101.315020
1316,101.316051
1317,101.316996
1318,101.318061
1319,101.318990
1320,101.320084
1321,101.321022
1322,101.322007
1323,101.322934
1324,101.323985
1325,101.324988
1326,101.326065
1327,101.326946
1328,101.327959
1329,101.329063
1330,101.329914
1331,101.331007
1332,101.331944
1333,101.333033
1334,101.334019
1335,101.334919
1336,101.336046
1337,101.336981
1338,101.337964
1339,101.339071
1340,101.340056
1341,101.340962
1342,101.342036
1343,101.342925
1344,101.344004
1345,101.344917
1346,101.346028
1347,101.347083
1348,101.348027
1349,101.348908
1350,101.350003
1351,101.350994
1352,101.351989
1353,101.352930
1354,101.353956
1355,101.354990
1356,101.355914
1357,101.357035
1358,101.357949
1359,101.358958
1360,101.359918
1361,101.360961
1362,101.362086
1363,101.362958
1364,101.363919
1365,101.364969
1366,101.366089
1367,101.366918
1368,101.367968
1369,101.368942
1370,101.370036
1371,101.370992
1372,101.371920
1373,101.373072
1374,101.373966
1375,101.375037
1376,101.375991
1377,101.377074
1378,101.377912
1379,101.378946
1380,101.379957
1381,101.380953
1382,101.382064
1383,101.383000
1384,101.383969
1385,101.385001
1386,101.386069
1387,101.387014
1388,101.387990
1389,101.389031
1390,101.390023
1391,101.390981
1392,101.391985
1393,101.392926
1394,101.393988
1395,101.395076
1396,101.395961
1397,101.396973
1398,101.398021
1399,101.399018
1400,101.399935
1401,101.400989
1402,101.402047
1403,101.402908
1404,101.403922
1405,101.405051
1406,101.406081
1407,101.406914
1408,101.407916
1409,101.409025
1410,101.409957
1411,101.411031
1412,101.411907
1413,101.412991
1414,101.413932
1415,101.414966
1416,101.416039
1417,101.417002
1418,101.418071
1419,101.419068
1420,101.420024
1421,101.421070
1422,101.421935
1423,101.422995
1424,101.423964
1425,101.425025
1426,101.425922
1427,101.427077
1428,101.427974
1429,101.429057
1430,101.430089
1431,101.431088
1432,101.431978
1433,101.433071
1434,101.434099
1435,101.434926
1436,101.436049
1437,101.437045
1438,101.437992
1439,101.438956
1440,101.439935
1441,101.440982
1442,101.442086
1443,101.442980
1444,101.443951
1445,101.445024
1446,101.445987
1447,101.447023
1448,101.447991
1449,101.448957
1450,101.449907
1451,101.451064
1452,101.452032
1453,101.452949
1454,101.454000
1455,101.455016
1456,101.456001
1457,101.457080
1458,101.458056
1459,101.458961
1460,101.459968
1461,101.461022
1462,101.461932
1463,101.463087
1464,101.463909
1465,101.465000
1466,101.465955
1467,101.467005
1468,101.467909
1469,101.468945
1470,101.470098
1471,101.471058
1472,101.471944
1473,101.472991
1474,101.473906
1475,101.474924
1476,101.475938
1477,101.477097
1478,101.477962
1479,101.478950
1480,101.479913
1481,101.480922
1482,101.482099
1483,101.483048
1484,101.484084
1485,101.485067
1486,101.486057
1487,101.486951
1488,101.487934
1489,101.488954
1490,101.489913
1491,101.490935
1492,101.492044
1493,101.492998
1494,101.493902
1495,101.494961
1496,101.496070
1497,101.497070
1498,101.498046
1499,101.499046
1500,101.500082
1501,101.501011
1502,101.501977
1503,101.503015
1504,101.503956
1505,101.504907
1506,101.505952
1507,101.506992
1508,101.507924
1509,101.508916
1510,101.509949
1511,101.510974
1512,101.512091
1513,101.512997
1514,101.514067
1515,101.515049
1516,101.516018
1517,101.516964
1518,101.517979
1519,101.518963
1520,101.520027
1521,101.521071
1522,101.522058
1523,101.522959
1524,101.523930
1525,101.524902
1526,101.526017
1527,101.526946
1528,101.527901
1529,101.528960
1530,101.529946
1531,101.530941
1532,101.532033
1533,101.533017
1534,101.533956
1535,101.535046
1536,101.535941
1537,101.537084
1538,101.537924
1539,101.539018
1540,101.540041
1541,101.541046
1542,101.541997
1543,101.543074
1544,101.544026
1545,101.545038
1546,101.545916
1547,101.546937
1548,101.547993
1549,101.549009
1550,101.549919
1551,101.551048
1552,101.551969
1553,101.552995
1554,101.554004
1555,101.555068
1556,101.555960
1557,101.557012
1558,101.558021
1559,101.559031
1560,101.559962
1561,101.560956
1562,101.561994
1563,101.563020
1564,101.564029
1565,101.564927
1566,101.565989
1567,101.567012
1568,101.567939
1569,101.568920
1570,101.570086
1571,101.570904
1572,101.572000
1573,101.572959
1574,101.573906
1575,101.574954
1576,101.575932
1577,101.576980
1578,101.578082
1579,101.578916
1580,101.579970
1581,101.581039
1582,101.582025
1583,101.582904
1584,101.583946
1585,101.584956
1586,101.586079
1587,101.586988
1588,101.587952
1589,101.588996
1590,101.589997
1591,101.590930
1592,101.592033
1593,101.593044
1594,101.593995
1595,101.595007
1596,101.596054
1597,101.597091
1598,101.598023
1599,101.598909
1600,101.600001
1601,101.601032
1602,101.601966
1603,101.603037
1604,101.603974
1605,101.605023
1606,101.606023
1607,101.607034
1608,101.608085
1609,101.609042
1610,101.610042
1611,101.611041
1612,101.611946
1613,101.613023
1614,101.614024
1615,101.614912
1616,101.616051
1617,101.616945
1618,101.617998
1619,101.619005
1620,101.620044
1621,101.621053
1622,101.621994
1623,101.623088
1624,101.623989
1625,101.625013
1626,101.626098
1627,101.626965
1628,101.628043
1629,101.629091
1630,101.629917
1631,101.631055
1632,101.632030
1633,101.633008
1634,101.634058
1635,101.635072
1636,101.635929
1637,101.636997
1638,101.638023
1639,101.639040
1640,101.640092
1641,101.641061
1642,101.642066
1643,101.642913
1644,101.643985
1645,101.645083
1646,101.646089
1647,101.647051
1648,101.647967
1649,101.649054
1650,101.650006
1651,101.651033
1652,101.652027
1653,101.653073
1654,101.654043
1655,101.655094
1656,101.655999
1657,101.656999
1658,101.658031
1659,101.659012
1660,101.659910
1661,101.661092
1662,101.661964
1663,101.663000
1664,101.663908
1665,101.664938
1666,101.666086
1667,101.666955
1668,101.667960
1669,101.669062
1670,101.669948
1671,101.671033
1672,101.672014
1673,101.673079
1674,101.673995
1675,101.674966
1676,101.675952
1677,101.676973
1678,101.677900
1679,101.678924
1680,101.679930
1681,101.680963
1682,101.682054
1683,101.683088
1684,101.683971
1685,101.684950
1686,101.685959
1687,101.687026
1688,101.687996
1689,101.688924
1690,101.690005
1691,101.690954
1692,101.691929
1693,101.693057
1694,101.693921
1695,101.694988
1696,101.696053
1697,101.697009
1698,101.698075
1699,101.698963
1700,101.700089
1701,101.700909
1702,101.702079
1703,101.702985
1704,101.703901
1705,101.704952
1706,101.706098
1707,101.707043
1708,101.708047
1709,101.709062
1710,101.709901
1711,101.710961
1712,101.711993
1713,101.713082
1714,101.714082
1715,101.714930
1716,101.716097
1717,101.717011
1718,101.717961
1719,101.718917
1720,101.719985
1721,101.721004
1722,101.721991
1723,101.722962
1724,101.724090
1725,101.724995
1726,101.725962
1727,101.727056
1728,101.727949
1729,101.728985
1730,101.729921
1731,101.730948
1732,101.732099
1733,101.733024
1734,101.734005
1735,101.735035
1736,101.736034
1737,101.737004
1738,101.737973
1739,101.738929
1740,101.739906
1741,101.740924
1742,101.741981
1743,101.742902
1744,101.744035
1745,101.744967
1746,101.745947
1747,101.746963
1748,101.747999
1749,101.748942
1750,101.750070
1751,101.750997
1752,101.751914
1753,101.752917
1754,101.754078
1755,101.755016
1756,101.755958
1757,101.757043
1758,101.757909
1759,101.759078
1760,101.760087
1761,101.761033
1762,101.761910
1763,101.762985
1764,101.764067
1765,101.765019
1766,101.765942
1767,101.766947
1768,101.767913
1769,101.769004
1770,101.769936
1771,101.770989
1772,101.772079
1773,101.773080
1774,101.773998
1775,101.775057
1776,101.775927
1777,101.777090
1778,101.778073
1779,101.778997
1780,101.780077
1781,101.780959
1782,101.782096
1783,101.782965
1784,101.784085
1785,101.785067
1786,101.786087
1787,101.787045
1788,101.787915
1789,101.788956
1790,101.790031
1791,101.791082
1792,101.792036
1793,101.792908
1794,101.793970
1795,101.794969
1796,101.795934
1797,101.796945
1798,101.798003
1799,101.798975
1800,101.799953
1801,101.800982
1802,101.802089
1803,101.803019
1804,101.804050
1805,101.805087
1806,101.805906
1807,101.807076
1808,101.807919
1809,101.808939
1810,101.810048
1811,101.811051
1812,101.812023
1813,101.812995
1814,101.814044
1815,101.814986
1816,101.815939
1817,101.816944
1818,101.817923
1819,101.818907
1820,101.820090
1821,101.821090
1822,101.821970
1823,101.822982
1824,101.823956
1825,101.825056
1826,101.825998
1827,101.826934
1828,101.828077
1829,101.829086
1830,101.829909
1831,101.830992
1832,101.831944
1833,101.833028
1834,101.833972
1835,101.834960
1836,101.835960
1837,101.837021
1838,101.838001
1839,101.838998
1840,101.840036
1841,101.840995
1842,101.842089
1843,101.842988
1844,101.844058
1845,101.845086
1846,101.846024
1847,101.847018
1848,101.848058
1849,101.849042
1850,101.849939
1851,101.850983
1852,101.851931
1853,101.852904
1854,101.854037
1855,101.854966
1856,101.855951
1857,101.856905
1858,101.857905
1859,101.859034
1860,101.859972
1861,101.860987
1862,101.862035
1863,101.863082
1864,101.864040
1865,101.864944
1866,101.866098
1867,101.866937
1868,101.868016
1869,101.869029
1870,101.869957
1871,101.871078
1872,101.872022
1873,101.873042
1874,101.873928
1875,101.875066
1876,101.875957
1877,101.877024
1878,101.878047
1879,101.878964
1880,101.879953
1881,101.880966
1882,101.882096
1883,101.883032
1884,101.883994
1885,101.885012
1886,101.886031
1887,101.886952
1888,101.887915
1889,101.888922
1890,101.890016
1891,101.891020
1892,101.892096
1893,101.893024
1894,101.894071
1895,101.895097
1896,101.895999
1897,101.896984
1898,101.897994
1899,101.898974
1900,101.900052
1901,101.901015
1902,101.901925
1903,101.903091
1904,101.904005
1905,101.905050
1906,101.906009
1907,101.907018
1908,101.908015
1909,101.908923
1910,101.909926
1911,101.911046
1912,101.911970
1913,101.912926
1914,101.914063
1915,101.915050
1916,101.916053
1917,101.916977
1918,101.917926
1919,101.919052
1920,101.919943
1921,101.921034
1922,101.922039
1923,101.922955
1924,101.923900
1925,101.925018
1926,101.926058
1927,101.927018
1928,101.928097
1929,101.928946
1930,101.930046
1931,101.930987
1932,101.932016
1933,101.932960
1934,101.933946
1935,101.935010
1936,101.936021
1937,101.937082
1938,101.938021
1939,101.939000
1940,101.940030
1941,101.941026
1942,101.941982
1943,101.942953
1944,101.944036
1945,101.944977
1946,101.945907
1947,101.946934
1948,101.947972
1949,101.949037
1950,101.950031
1951,101.950998
1952,101.952063
1953,101.952965
1954,101.953970
1955,101.955050
1956,101.956036
1957,101.956985
1958,101.958078
1959,101.958905
1960,101.960007
1961,101.961072
1962,101.962076
1963,101.962939
1964,101.964061
1965,101.965007
1966,101.966087
1967,101.966966
1968,101.968033
1969,101.969028
1970,101.970098
1971,101.970968
1972,101.971978
1973,101.972925
1974,101.974037
1975,101.974914
1976,101.976070
1977,101.976929
1978,101.977938
1979,101.979090
1980,101.980000
1981,101.981051
1982,101.981969
1983,101.982949
1984,101.983974
1985,101.985097
1986,101.985938
1987,101.987081
1988,101.988077
1989,101.989036
1990,101.989953
1991,101.991046
1992,101.992081
1993,101.993019
1994,101.993944
1995,101.995022
1996,101.996091
1997,101.997018
1998,101.997930
1999,101.998940
2000,102.000026
2001,102.000910
2002,102.001900
2003,102.002975
2004,102.003951
2005,102.004999
2006,102.005915
2007,102.007012
2008,102.008035
2009,102.008963
2010,102.010016
2011,102.011005
2012,102.012058
2013,102.013015
2014,102.014028
2015,102.015013
2016,102.016065
2017,102.016919
2018,102.017923
2019,102.019073
2020,102.020067
2021,102.020902
2022,102.022079
2023,102.023022
2024,102.024071
2025,102.025040
2026,102.025975
2027,102.026923
2028,102.028053
2029,102.029042
2030,102.029994
2031,102.030954
2032,102.031973
2033,102.033087
2034,102.033993
2035,102.034942
2036,102.036097
2037,102.037096
2038,102.037935
2039,102.038939
2040,102.040046
2041,102.040977
2042,102.041995
2043,102.043037
2044,102.043955
2045,102.045019
2046,102.045941
2047,102.046944
2048,102.048009
2049,102.048986
2050,102.050079
2051,102.050929
2052,102.052083
2053,102.052952
2054,102.053969
2055,102.054921
2056,102.055963
2057,102.057096
2058,102.057972
2059,102.059067
2060,102.060095
2061,102.061039
2062,102.061937
2063,102.062986
2064,102.063933
2065,102.064950
2066,102.065967
2067,102.066933
2068,102.068036
2069,102.069005
2070,102.069958
2071,102.070951
2072,102.071928
2073,102.072923
2074,102.073988
2075,102.074915
2076,102.076005
2077,102.076951
2078,102.078054
2079,102.078953
2080,102.080071
2081,102.081089
2082,102.082086
2083,102.082946
2084,102.084086
2085,102.084994
2086,102.086077
2087,102.086993
2088,102.088008
2089,102.088952
2090,102.090051
2091,102.090974
2092,102.092077
2093,102.093041
2094,102.093986
2095,102.094906
2096,102.095954
2097,102.096983
2098,102.097974
2099,102.099017
2100,102.099901
2101,102.100994
2102,102.102079
2103,102.103091
2104,102.104038
2105,102.105037
2106,102.106021
2107,102.107100
2108,102.108058
2109,102.108992
2110,102.109999
2111,102.111088
2112,102.112010
2113,102.113020
2114,102.113962
2115,102.115033
2116,102.115998
2117,102.117089
2118,102.118100
2119,102.119099
2120,102.120090
2121,102.120909
2122,102.121915
2123,102.122968
2124,102.124065
2125,102.125012
2126,102.125951
2127,102.126920
2128,102.127950
2129,102.128925
2130,102.129929
2131,102.131049
2132,102.131939
2133,102.132933
2134,102.134024
2135,102.134926
2136,102.136067
2137,102.137030
2138,102.138076
2139,102.139045
2140,102.140046
2141,102.140953
2142,102.141985
2143,102.142976
2144,102.143978
2145,102.145082
2146,102.145987
2147,102.147060
2148,102.148026
2149,102.148917
2150,102.149942
2151,102.151016
2152,102.152058
2153,102.152947
2154,102.153950
2155,102.154975
2156,102.155992
2157,102.156984
2158,102.158085
2159,102.159022
2160,102.159956
2161,102.160969
2162,102.162002
2163,102.162932
2164,102.163978
2165,102.164913
2166,102.166031
2167,102.167073
2168,102.168080
2169,102.169019
2170,102.169977
2171,102.171012
2172,102.172011
2173,102.172935
2174,102.174008
2175,102.174999
2176,102.175939
2177,102.176989
2178,102.178067
2179,102.179028
2180,102.179966
2181,102.180948
2182,102.182026
2183,102.183011
2184,102.183960
2185,102.184994
2186,102.185981
2187,102.187025
2188,102.188076
2189,102.188975
2190,102.190008
2191,102.191012
2192,102.192033
2193,102.192949
2194,102.193949
2195,102.195084
2196,102.195929
2197,102.197036
2198,102.197952
2199,102.198998
2200,102.199990
2201,102.200948
2202,102.201935
2203,102.203091
2204,102.203908
2205,102.204929
2206,102.206048
2207,102.206974
2208,102.207939
2209,102.209055
2210,102.210096
2211,102.210942
2212,102.212041
2213,102.212979
2214,102.214100
2215,102.215019
2216,102.216079
2217,102.217033
2218,102.217926
2219,102.218988
2220,102.220041
2221,102.220931
2222,102.221918
2223,102.223098
2224,102.224085
2225,102.225030
2226,102.225913
2227,102.227040
2228,102.228098
2229,102.229056
2230,102.230043
2231,102.230988
2232,102.232026
2233,102.233085
2234,102.234000
2235,102.234915
2236,102.235929
2237,102.237090
2238,102.238042
2239,102.239087
2240,102.239930
2241,102.240921
2242,102.242037
2243,102.242986
2244,102.243993
2245,102.244947
2246,102.246053
2247,102.247056
2248,102.248045
2249,102.248986
2250,102.249998
2251,102.250979
2252,102.251993
2253,102.252965
2254,102.253994
2255,102.255092
2256,102.256060
2257,102.256927
2258,102.258034
2259,102.259064
2260,102.259969
2261,102.261078
2262,102.262088
2263,102.262914
2264,102.264025
2265,102.264976
2266,102.265993
2267,102.267010
2268,102.268072
2269,102.269026
2270,102.270078
2271,102.270950
2272,102.272059
2273,102.272978
2274,102.273936
2275,102.275061
2276,102.276015
2277,102.276945
2278,102.278079
2279,102.278998
2280,102.280035
2281,102.281097
2282,102.281965
2283,102.283009
2284,102.284009
2285,102.284957
2286,102.286007
2287,102.287093
2288,102.288039
2289,102.288953
2290,102.290037
2291,102.291023
2292,102.291974
2293,102.293034
2294,102.293975
2295,102.295056
2296,102.295978
2297,102.297065
2298,102.297959
2299,102.298934
2300,102.299966
2301,102.300925
2302,102.302075
2303,102.303099
2304,102.303983
2305,102.304948
2306,102.306076
2307,102.307070
2308,102.307949
2309,102.308961
2310,102.309999
2311,102.310926
2312,102.311942
2313,102.312979
2314,102.313924
2315,102.314929
2316,102.316021
2317,102.316960
2318,102.318083
2319,102.319092
2320,102.320034
2321,102.320955
2322,102.322052
2323,102.322968
2324,102.324074
2325,102.324985
2326,102.326038
2327,102.327050
2328,102.328041
2329,102.329051
2330,102.329968
2331,102.330930
2332,102.331974
2333,102.333092
2334,102.333907
2335,102.334956
2336,102.335962
2337,102.336988
2338,102.338074
2339,102.338934
2340,102.339921
2341,102.340904
2342,102.341968
2343,102.343045
2344,102.343991
2345,102.345029
2346,102.346003
2347,102.346972
2348,102.347982
2349,102.348908
2350,102.350090
2351,102.351047
2352,102.351920
2353,102.352941
2354,102.354057
2355,102.355002
2356,102.356050
2357,102.357050
2358,102.357929
2359,102.359064
2360,102.359940
2361,102.360928
2362,102.362049
2363,102.363063
2364,102.363961
2365,102.364977
2366,102.366047
2367,102.366959
2368,102.367989
2369,102.369098
2370,102.369926
2371,102.371089
2372,102.372077
2373,102.373099
2374,102.373949
2375,102.374940
2376,102.375988
2377,102.376934
2378,102.378085
2379,102.379014
2380,102.380068
2381,102.380998
2382,102.382000
2383,102.383091
2384,102.383925
2385,102.384945
2386,102.386071
2387,102.387018
2388,102.388056
2389,102.389099
2390,102.390054
2391,102.391022
2392,102.392050
2393,102.393006
2394,102.393944
2395,102.394965
2396,102.396085
2397,102.397005
2398,102.397906
2399,102.399028
2400,102.400099
2401,102.401025
2402,102.401998
2403,102.402991
2404,102.404026
2405,102.405023
2406,102.405998
2407,102.407081
2408,102.408077
2409,102.409056
2410,102.410045
2411,102.411044
2412,102.411939
2413,102.412998
2414,102.413953
2415,102.414941
2416,102.416090
2417,102.416946
2418,102.418063
2419,102.419067
2420,102.419981
2421,102.420905
2422,102.421935
2423,102.423029
2424,102.424042
2425,102.424971
2426,102.426020
2427,102.426933
2428,102.428032
2429,102.429056
2430,102.430057
2431,102.431013
2432,102.432015
2433,102.432900
2434,102.433953
2435,102.434981
2436,102.435914
2437,102.436915
2438,102.438091
2439,102.439037
2440,102.440012
2441,102.441038
2442,102.442074
2443,102.443027
2444,102.443985
2445,102.444978
2446,102.446094
2447,102.447091
2448,102.447930
2449,102.449064
2450,102.450029
2451,102.450969
2452,102.452039
2453,102.452955
2454,102.454049
2455,102.455012
2456,102.456017
2457,102.456911
2458,102.458081
2459,102.459091
2460,102.460052
2461,102.460959
2462,102.462045
2463,102.462923
2464,102.464009
2465,102.464969
2466,102.465994
2467,102.466958
2468,102.467914
2469,102.468987
2470,102.469947
2471,102.470935
2472,102.471966
2473,102.472925
2474,102.473904
2475,102.475095
2476,102.475911
2477,102.477079
2478,102.477984
2479,102.478924
2480,102.479986
2481,102.481001
2482,102.481911
2483,102.483009
2484,102.483901
2485,102.484960
2486,102.486042
2487,102.487069
2488,102.487936
2489,102.488981
2490,102.490089
2491,102.490963
2492,102.491924
2493,102.492949
2494,102.494073
2495,102.494969
2496,102.496033
2497,102.497088
2498,102.498024
2499,102.498940
2500,102.499996
2501,102.500965
2502,102.501996
2503,102.503023
2504,102.504095
2505,102.505038
2506,102.506002
2507,102.507062
2508,102.508001
2509,102.508939
2510,102.510034
2511,102.510954
2512,102.511942
2513,102.512978
2514,102.513997
2515,102.514906
2516,102.515972
2517,102.517092
2518,102.518002
2519,102.518974
2520,102.519991
2521,102.521040
2522,102.522001
2523,102.522981
2524,102.524016
2525,102.524955
2526,102.526037
2527,102.526985
2528,102.528041
2529,102.528970
2530,102.530028
2531,102.530939
2532,102.531997
2533,102.532998
2534,102.533903
2535,102.534925
2536,102.535992
2537,102.537053
2538,102.538062
2539,102.539069
2540,102.540061
2541,102.541093
2542,102.541939
2543,102.542930
2544,102.543928
2545,102.545059
2546,102.545938
2547,102.546963
2548,102.547928
2549,102.549082
2550,102.549942
2551,102.550947
2552,102.552019
2553,102.553041
2554,102.553908
2555,102.555016
2556,102.556006
2557,102.557011
2558,102.558003
2559,102.559060
2560,102.560065
2561,102.561072
2562,102.561966
2563,102.562908
2564,102.563994
2565,102.564905
2566,102.566027
2567,102.566996
2568,102.568049
2569,102.569067
2570,102.570047
2571,102.571039
2572,102.571967
2573,102.573045
2574,102.574028
2575,102.574944
2576,102.576074
2577,102.576995
2578,102.578006
2579,102.578940
2580,102.580066
2581,102.580995
2582,102.582048
2583,102.583068
2584,102.584004
2585,102.585017
2586,102.585993
2587,102.586948
2588,102.588060
2589,102.589084
2590,102.589907
2591,102.590907
2592,102.591994
2593,102.592916
2594,102.593988
2595,102.594968
2596,102.595948
2597,102.597055
2598,102.598016
2599,102.599084
2600,102.599939
2601,102.600976
2602,102.602023
2603,102.603055
2604,102.603986
2605,102.604937
2606,102.605977
2607,102.607014
2608,102.608093
2609,102.609030
2610,102.610069
2611,102.611067
2612,102.611986
2613,102.613001
2614,102.614067
2615,102.615045
2616,102.615980
2617,102.616938
2618,102.618046
2619,102.618958
2620,102.619953
2621,102.620950
2622,102.622037
2623,102.623029
2624,102.624087
2625,102.625018
2626,102.625997
2627,102.627077
2628,102.627928
2629,102.629018
2630,102.630097
2631,102.630967
2632,102.631930
2633,102.632923
2634,102.633905
2635,102.635046
2636,102.635982
2637,102.637064
2638,102.638067
2639,102.638905
2640,102.639961
2641,102.640953
2642,102.641953
2643,102.642906
2644,102.643951
2645,102.644968
2646,102.645991
2647,102.647006
2648,102.648097
2649,102.648922
2650,102.649927
2651,102.651081
2652,102.651958
2653,102.653008
2654,102.653961
2655,102.655079
2656,102.656087
2657,102.657014
2658,102.657919
2659,102.658974
2660,102.660041
2661,102.661013
2662,102.661956
2663,102.662979
2664,102.663912
2665,102.664981
2666,102.666065
2667,102.666977
2668,102.667993
2669,102.668934
2670,102.670043
2671,102.670983
2672,102.671977
2673,102.673055
2674,102.673959
2675,102.674916
2676,102.676028
2677,102.677048
2678,102.677911
2679,102.678969
2680,102.680077
2681,102.681002
2682,102.681981
2683,102.682926
2684,102.683958
2685,102.685017
2686,102.686083
2687,102.687032
2688,102.688094
2689,102.688982
2690,102.689914
2691,102.690968
2692,102.691973
2693,102.692911
2694,102.693916
2695,102.695082
2696,102.696079
2697,102.696927
2698,102.697916
2699,102.699096
2700,102.699933
2701,102.700960
2702,102.701945
2703,102.702942
2704,102.703906
2705,102.704992
2706,102.706055
2707,102.706914
2708,102.707998
2709,102.708926
2710,102.710058
2711,102.711081
2712,102.712075
2713,102.713007
2714,102.713928
2715,102.715043
2716,102.715914
2717,102.717055
2718,102.717960
2719,102.719078
2720,102.719957
2721,102.721048
2722,102.721999
2723,102.722948
2724,102.723998
2725,102.724986
2726,102.725931
2727,102.727009
2728,102.728006
2729,102.729040
2730,102.729968
2731,102.731023
2732,102.731940
2733,102.733004
2734,102.733948
2735,102.735057
2736,102.735938
2737,102.736958
2738,102.737914
2739,102.738960
2740,102.740008
2741,102.740946
2742,102.741924
2743,102.743079
2744,102.743962
2745,102.744943
2746,102.745980
2747,102.747068
2748,102.748049
2749,102.749081
2750,102.750009
2751,102.750967
2752,102.752000
2753,102.752912
2754,102.754036
2755,102.755068
2756,102.756083
2757,102.757066
2758,102.758029
2759,102.759061
2760,102.759958
2761,102.761012
2762,102.761933
2763,102.763087
2764,102.764002
2765,102.764935
2766,102.766097
2767,102.767024
2768,102.767942
2769,102.769069
2770,102.770025
2771,102.771024
2772,102.772076
2773,102.772963
2774,102.773956
2775,102.775014
2776,102.775941
2777,102.777040
2778,102.777995
2779,102.778940
2780,102.779925
2781,102.780932
2782,102.782015
2783,102.783083
2784,102.784059
2785,102.785070
2786,102.786013
2787,102.787060
2788,102.787966
2789,102.788974
2790,102.790081
2791,102.790952
2792,102.792025
2793,102.793014
2794,102.793910
2795,102.795013
2796,102.796059
2797,102.797078
2798,102.797984
2799,102.799080
2800,102.799908
2801,102.801081
2802,102.802036
2803,102.803062
2804,102.803990
2805,102.805017
2806,102.806065
2807,102.806945
2808,102.807937
2809,102.809051
2810,102.810075
2811,102.810946
2812,102.812009
2813,102.813002
2814,102.813962
2815,102.815069
2816,102.815957
2817,102.817056
2818,102.817982
2819,102.818929
2820,102.820092
2821,102.820930
2822,102.821920
2823,102.822906
2824,102.823970
2825,102.824905
2826,102.825931
2827,102.827088
2828,102.827951
2829,102.829043
2830,102.829943
2831,102.830903
2832,102.831901
2833,102.832924
2834,102.834091
2835,102.834991
2836,102.835950
2837,102.836909
2838,102.838028
2839,102.838963
2840,102.839936
2841,102.840987
2842,102.842042
2843,102.842968
2844,102.844012
2845,102.844938
2846,102.846012
2847,102.846908
2848,102.848085
2849,102.849086
2850,102.850015
2851,102.850995
2852,102.851979
2853,102.853050
2854,102.854016
2855,102.855042
2856,102.855989
2857,102.856980
2858,102.858045
2859,102.858936
2860,102.859968
2861,102.860948
2862,102.861941
2863,102.863073
2864,102.863962
2865,102.865047
2866,102.865910
2867,102.867085
2868,102.867994
2869,102.869049
2870,102.869921
2871,102.871021
2872,102.872062
2873,102.872958
2874,102.873919
2875,102.874977
2876,102.876054
2877,102.877052
2878,102.877913
2879,102.878965
2880,102.880083
2881,102.880958
2882,102.881917
2883,102.883074
2884,102.884064
2885,102.884989
2886,102.886039
2887,102.887050
2888,102.888067
2889,102.888938
2890,102.890046
2891,102.891085
2892,102.892058
2893,102.893004
2894,102.893979
2895,102.895096
2896,102.896099
2897,102.897061
2898,102.898001
2899,102.899079
2900,102.900075
2901,102.901001
2902,102.901926
2903,102.903022
2904,102.903927
2905,102.904967
2906,102.906014
2907,102.907000
2908,102.908029
2909,102.909064
2910,102.910090
2911,102.910962
2912,102.912091
2913,102.912965
2914,102.913970
2915,102.915051
2916,102.916095
2917,102.917001
2918,102.918059
2919,102.919065
2920,102.919963
2921,102.921023
2922,102.922088
2923,102.922904
2924,102.923925
2925,102.925074
2926,102.926013
2927,102.926984
2928,102.928059
2929,102.928989
2930,102.929928
2931,102.930970
2932,102.932052
2933,102.933028
2934,102.933999
2935,102.934902
2936,102.936099
2937,102.936916
2938,102.937956
2939,102.939058
2940,102.940088
2941,102.941038
2942,102.941976
2943,102.943049
2944,102.944034
2945,102.945016
2946,102.946057
2947,102.947011
2948,102.948008
2949,102.948952
2950,102.950056
2951,102.950921
2952,102.951919
2953,102.953026
2954,102.953909
2955,102.955075
2956,102.955939
2957,102.956993
2958,102.957952
2959,102.958996
2960,102.960023
2961,102.960939
2962,102.962009
2963,102.963095
2964,102.963930
2965,102.964944
2966,102.965939
2967,102.966921
2968,102.967902
2969,102.969092
2970,102.970093
2971,102.970908
2972,102.972067
2973,102.973016
2974,102.973942
2975,102.975077
2976,102.975923
2977,102.977028
2978,102.978034
2979,102.979040
2980,102.979947
2981,102.980930
2982,102.982026
2983,102.982959
2984,102.984021
2985,102.985048
2986,102.985906
2987,102.987045
2988,102.988096
2989,102.988981
2990,102.990015
2991,102.990966
2992,102.992076
2993,102.992944
2994,102.993920
2995,102.995001
2996,102.995989
2997,102.997014
2998,102.997941
2999,102.999086
3000,103.000007
3001,103.000978
3002,103.002049
3003,103.002908
3004,103.004084
3005,103.005067
3006,103.005951
3007,103.006991
3008,103.007908
3009,103.009059
3010,103.010095
3011,103.011019
3012,103.012096
3013,103.012994
3014,103.014074
3015,103.015069
3016,103.016085
3017,103.016992
3018,103.018002
3019,103.018907
3020,103.020090
3021,103.020918
3022,103.022016
3023,103.023021
3024,103.023935
3025,103.024970
3026,103.025960
3027,103.026902
3028,103.027980
3029,103.028976
3030,103.030044
3031,103.031040
3032,103.032090
3033,103.033074
3034,103.033951
3035,103.035022
3036,103.036039
3037,103.037058
3038,103.037928
3039,103.038966
3040,103.040023
3041,103.040963
3042,103.042083
3043,103.042983
3044,103.044042
3045,103.044914
3046,103.046080
3047,103.047095
3048,103.048093
3049,103.048968
3050,103.050067
3051,103.051097
3052,103.051921
3053,103.052915
3054,103.054033
3055,103.055098
3056,103.055906
3057,103.057068
3058,103.058032
3059,103.058995
3060,103.059929
3061,103.061001
3062,103.062000
3063,103.062940
3064,103.064080
3065,103.065048
3066,103.065933
3067,103.067024
3068,103.068020
3069,103.069088
3070,103.070096
3071,103.071078
3072,103.071911
3073,103.072984
3074,103.073931
3075,103.075050
3076,103.075916
3077,103.077066
3078,103.078023
3079,103.079028
3080,103.080089
3081,103.081074
3082,103.082046
3083,103.083026
3084,103.084009
3085,103.085004
3086,103.085906
3087,103.086939
3088,103.088038
3089,103.088983
3090,103.089990
3091,103.091069
3092,103.091977
3093,103.093046
3094,103.094061
3095,103.095066
3096,103.095947
3097,103.097022
3098,103.097993
3099,103.099017
3100,103.099917
3101,103.100938
3102,103.101949
3103,103.103057
3104,103.104057
3105,103.104977
3106,103.106021
3107,103.106988
3108,103.108007
3109,103.108953
3110,103.109969
3111,103.111092
3112,103.112077
3113,103.112924
3114,103.113924
3115,103.115073
3116,103.115989
3117,103.117028
3118,103.118021
3119,103.119021
3120,103.120081
3121,103.120931
3122,103.122072
3123,103.122952
3124,103.123915
3125,103.124959
3126,103.126003
3127,103.127060
3128,103.128016
3129,103.129094
3130,103.129938
3131,103.130976
3132,103.132015
3133,103.133018
3134,103.134039
3135,103.135001
3136,103.135920
3137,103.137056
3138,103.138059
3139,103.138914
3140,103.140063
3141,103.140901
3142,103.142037
3143,103.143025
3144,103.143959
3145,103.144918
3146,103.145952
3147,103.147025
3148,103.148007
3149,103.149063
3150,103.149934
3151,103.151024
3152,103.151961
3153,103.152909
3154,103.153937
3155,103.154922
3156,103.155932
3157,103.156908
3158,103.158095
3159,103.158972
3160,103.160051
3161,103.160984
3162,103.162002
3163,103.162950
3164,103.164089
3165,103.164942
3166,103.166092
3167,103.167056
3168,103.168073
3169,103.168919
3170,103.170097
3171,103.171031
3172,103.172016
3173,103.173013
3174,103.173989
3175,103.175091
3176,103.176096
3177,103.177090
3178,103.177928
3179,103.179006
3180,103.180040
3181,103.180937
3182,103.182078
3183,103.183050
3184,103.183924
3185,103.184959
3186,103.186036
3187,103.187076
3188,103.188100
3189,103.188955
3190,103.190067
3191,103.191017
3192,103.191972
3193,103.192948
3194,103.193921
3195,103.194907
3196,103.195986
3197,103.196924
3198,103.197941
3199,103.198964
3200,103.199927
3201,103.200940
3202,103.201951
3203,103.203095
3204,103.203985
3205,103.205023
3206,103.206008
3207,103.207092
3208,103.208065
3209,103.209085
3210,103.210074
3211,103.211048
3212,103.212075
3213,103.212966
3214,103.214022
3215,103.214966
3216,103.216085
3217,103.216954
3218,103.218100
3219,103.218947
3220,103.219968
3221,103.221049
3222,103.222014
3223,103.222943
3224,103.223925
3225,103.225075
3226,103.225941
3227,103.227002
3228,103.228067
3229,103.228997
3230,103.229995
3231,103.230933
3232,103.232087
3233,103.233020
3234,103.234034
3235,103.234979
3236,103.236042
3237,103.236976
3238,103.237936
3239,103.238971
3240,103.240052
3241,103.241073
3242,103.242003
3243,103.243032
3244,103.244087
3245,103.245030
3246,103.246095
3247,103.246951
3248,103.248074
3249,103.249050
3250,103.250014
3251,103.251019
3252,103.251934
3253,103.252903
3254,103.253906
3255,103.255078
3256,103.255980
3257,103.257020
3258,103.257989
3259,103.259076
3260,103.260047
3261,103.260975
3262,103.262028
3263,103.262943
3264,103.264089
3265,103.264932
3266,103.266082
3267,103.267007
3268,103.267930
3269,103.269097
3270,103.269940
3271,103.271036
3272,103.271952
3273,103.272927
3274,103.274058
3275,103.275078
3276,103.276078
3277,103.277035
3278,103.278028
3279,103.278931
3280,103.280100
3281,103.280966
3282,103.282028
3283,103.282905
3284,103.283963
3285,103.285005
3286,103.285995
3287,103.286983
3288,103.287977
3289,103.288904
3290,103.290029
3291,103.290971
3292,103.291923
3293,103.292974
3294,103.294034
3295,103.295049
3296,103.295983
3297,103.296923
3298,103.298025
3299,103.299020
3300,103.299997
3301,103.301094
3302,103.301973
3303,103.303005
3304,103.303906
3305,103.304927
3306,103.305939
3307,103.306937
3308,103.307935
3309,103.308922
3310,103.310084
3311,103.311017
3312,103.311998
3313,103.313012
3314,103.313957
3315,103.315073
3316,103.316047
3317,103.316985
3318,103.317904
3319,103.318900
3320,103.319907
3321,103.321045
3322,103.321906
3323,103.322990
3324,103.324004
3325,103.324974
3326,103.325959
3327,103.327088
3328,103.328091
3329,103.329051
3330,103.330007
3331,103.331090
3332,103.332040
3333,103.332946
3334,103.333928
3335,103.334929
3336,103.335921
3337,103.336978
3338,103.338022
3339,103.338942
3340,103.339916
3341,103.340967
3342,103.341992
3343,103.343076
3344,103.344078
3345,103.345064
3346,103.345952
3347,103.347065
3348,103.347956
3349,103.349017
3350,103.350007
3351,103.350947
3352,103.352008
3353,103.352953
3354,103.354059
3355,103.354947
3356,103.356056
3357,103.356938
3358,103.357902
3359,103.358988
3360,103.360076
3361,103.361027
3362,103.361950
3363,103.363001
3364,103.363966
3365,103.365032
3366,103.365958
3367,103.366934
3368,103.368100
3369,103.368908
3370,103.369927
3371,103.370964
3372,103.371966
3373,103.373011
3374,103.373999
3375,103.374931
3376,103.376066
3377,103.377042
3378,103.377937
3379,103.378934
3380,103.379922
3381,103.381002
3382,103.382027
3383,103.383044
3384,103.383948
3385,103.385073
3386,103.386080
3387,103.386995
3388,103.387924
3389,103.388935
3390,103.390044
3391,103.390913
3392,103.392025
3393,103.393043
3394,103.393904
3395,103.394929
3396,103.395948
3397,103.396988
3398,103.398070
3399,103.399060
3400,103.399978
3401,103.400902
3402,103.402008
3403,103.402939
3404,103.403958
3405,103.405086
3406,103.405958
3407,103.406979
3408,103.408034
3409,103.409086
3410,103.409912
3411,103.411018
3412,103.412032
3413,103.412925
3414,103.413920
3415,103.414967
3416,103.415968
3417,103.417040
3418,103.418094
3419,103.419032
3420,103.419986
3421,103.421099
3422,103.422087
3423,103.422988
3424,103.423994
3425,103.425004
3426,103.425921
3427,103.427029
3428,103.428042
3429,103.428995
3430,103.430017
3431,103.431082
3432,103.432024
3433,103.433038
3434,103.434077
3435,103.435047
3436,103.435992
3437,103.437091
3438,103.438089
3439,103.438916
3440,103.440100
3441,103.440933
3442,103.442076
3443,103.443028
3444,103.444056
3445,103.444969
3446,103.445957
3447,103.446935
3448,103.447924
3449,103.448923
3450,103.449934
3451,103.451064
3452,103.452008
3453,103.453072
3454,103.454097
3455,103.454988
3456,103.455935
3457,103.457079
3458,103.457923
3459,103.459003
3460,103.460069
3461,103.460925
3462,103.461954
3463,103.463030
3464,103.463919
3465,103.465073
3466,103.466050
3467,103.467011
3468,103.468056
3469,103.468928
3470,103.470069
3471,103.471008
3472,103.471977
3473,103.473063
3474,103.473991
3475,103.474909
3476,103.476040
3477,103.476907
3478,103.478013
3479,103.478944
3480,103.479982
3481,103.480984
3482,103.482040
3483,103.483028
3484,103.483970
3485,103.484946
3486,103.486056
3487,103.486913
3488,103.488017
3489,103.489045
3490,103.490026
3491,103.490905
3492,103.491916
3493,103.493028
3494,103.494057
3495,103.495027
3496,103.496097
3497,103.497040
3498,103.497985
3499,103.499091
3500,103.499948
3501,103.500922
3502,103.501978
3503,103.502906
3504,103.504014
3505,103.505007
3506,103.505938
3507,103.507022
3508,103.507994
3509,103.509040
3510,103.510058
3511,103.511060
3512,103.512037
3513,103.512920
3514,103.514015
3515,103.515033
3516,103.515939
3517,103.516974
3518,103.518004
3519,103.518954
3520,103.519916
3521,103.520957
3522,103.521983
3523,103.523055
3524,103.524097
3525,103.525069
3526,103.526079
3527,103.527097
3528,103.528002
3529,103.529024
3530,103.529906
3531,103.531044
3532,103.532067
3533,103.532969
3534,103.534022
3535,103.534919
3536,103.536087
3537,103.536986
3538,103.537992
3539,103.538944
3540,103.540074
3541,103.541091
3542,103.541982
3543,103.543005
3544,103.543957
3545,103.545041
3546,103.546024
3547,103.547069
3548,103.547904
3549,103.549001
3550,103.550094
3551,103.550905
3552,103.552025
3553,103.552975
3554,103.553923
3555,103.554960
3556,103.556093
3557,103.556943
3558,103.557995
3559,103.559073
3560,103.559922
3561,103.560904
3562,103.562021
3563,103.563025
3564,103.563908
3565,103.565068
3566,103.566054
3567,103.567019
3568,103.567949
3569,103.569085
3570,103.569944
3571,103.571100
3572,103.572010
3573,103.573082
3574,103.574009
3575,103.575021
3576,103.576088
3577,103.576988
3578,103.577963
3579,103.579093
3580,103.580099
3581,103.580926
3582,103.582072
3583,103.583052
3584,103.583942
3585,103.584947
3586,103.585912
3587,103.587067
3588,103.587916
3589,103.589067
3590,103.590059
3591,103.591097
3592,103.591922
3593,103.593062
3594,103.593917
3595,103.594922
3596,103.596069
3597,103.596928
3598,103.598047
3599,103.599097
3600,103.599997
3601,103.600984
3602,103.602079
3603,103.603027
3604,103.604097
3605,103.605038
3606,103.605989
3607,103.606909
3608,103.608079
3609,103.609051
3610,103.609928
3611,103.611038
3612,103.611954
3613,103.612988
3614,103.613932
3615,103.614917
3616,103.615994
3617,103.617043
3618,103.618042
3619,103.619070
3620,103.620082
3621,103.621049
3622,103.621950
3623,103.623055
3624,103.624047
3625,103.624923
3626,103.625903
3627,103.627082
3628,103.627934
3629,103.629074
3630,103.630089
3631,103.630984
3632,103.632006
3633,103.632915
3634,103.633915
3635,103.635070
3636,103.636025
3637,103.636952
3638,103.637938
3639,103.638915
3640,103.640053
3641,103.640954
3642,103.641911
3643,103.643065
3644,103.643963
3645,103.644934
3646,103.646013
3647,103.646973
3648,103.648005
3649,103.648992
3650,103.650008
3651,103.650953
3652,103.652000
3653,103.653091
3654,103.653942
3655,103.654984
3656,103.655992
3657,103.656990
3658,103.657968
3659,103.659026
3660,103.660087
3661,103.660930
3662,103.661989
3663,103.663096
3664,103.663900
3665,103.665039
3666,103.665974
3667,103.667001
3668,103.668045
3669,103.668951
3670,103.669913
3671,103.671028
3672,103.672097
3673,103.672991
3674,103.674087
3675,103.675003
3676,103.676036
3677,103.677032
3678,103.678053
3679,103.679030
3680,103.680037
3681,103.681042
3682,103.681950
3683,103.683077
3684,103.684022
3685,103.685000
3686,103.686026
3687,103.686969
3688,103.687948
3689,103.689083
3690,103.689942
3691,103.690972
3692,103.692018
3693,103.692999
3694,103.693918
3695,103.694954
3696,103.696053
3697,103.696928
3698,103.697996
3699,103.698922
3700,103.699915
3701,103.701096
3702,103.701988
3703,103.702994
3704,103.703915
3705,103.704932
3706,103.706003
3707,103.707086
3708,103.708088
3709,103.708980
3710,103.710002
3711,103.710944
3712,103.712067
3713,103.712928
3714,103.713961
3715,103.714938
3716,103.716048
3717,103.717074
3718,103.717988
3719,103.718966
3720,103.720083
3721,103.720920
3722,103.722053
3723,103.722964
3724,103.724082
3725,103.724951
3726,103.726074
3727,103.727070
3728,103.727963
3729,103.728941
3730,103.730027
3731,103.730915
3732,103.732015
3733,103.732962
3734,103.734033
3735,103.734921
3736,103.736038
3737,103.736953
3738,103.738015
3739,103.739044
3740,103.739933
3741,103.740965
3742,103.742043
3743,103.743038
3744,103.744078
3745,103.744906
3746,103.745978
3747,103.746970
3748,103.748077
3749,103.749000
3750,103.749966
3751,103.750932
3752,103.751989
3753,103.752968
3754,103.753904
3755,103.755026
3756,103.756078
3757,103.756981
3758,103.757990
3759,103.759076
3760,103.760091
3761,103.761092
3762,103.762049
3763,103.762937
3764,103.763972
3765,103.764968
3766,103.766060
3767,103.767057
3768,103.768064
3769,103.768931
3770,103.769945
3771,103.771099
3772,103.771968
3773,103.773019
3774,103.773985
3775,103.775043
3776,103.775901
3777,103.777061
3778,103.778082
3779,103.779039
3780,103.779970
3781,103.781039
3782,103.781942
3783,103.783054
3784,103.784060
3785,103.785019
3786,103.786050
3787,103.787039
3788,103.788054
3789,103.789081
3790,103.790052
3791,103.791082
3792,103.792042
3793,103.792917
3794,103.793940
3795,103.795082
3796,103.795918
3797,103.797074
3798,103.798044
3799,103.798928
3800,103.800077
3801,103.801043
3802,103.801943
3803,103.802969
3804,103.804036
3805,103.805025
3806,103.806017
3807,103.807071
3808,103.807964
3809,103.809071
3810,103.810093
3811,103.811070
3812,103.811987
3813,103.812949
3814,103.814000
3815,103.814979
3816,103.816033
3817,103.816918
3818,103.817959
3819,103.818918
3820,103.819925
3821,103.820962
3822,103.822008
3823,103.823058
3824,103.823975
3825,103.825077
3826,103.825999
3827,103.827091
3828,103.827967
3829,103.828965
3830,103.829932
3831,103.831058
3832,103.832018
3833,103.833090
3834,103.833999
3835,103.835053
3836,103.835933
3837,103.837086
3838,103.837915
3839,103.838938
3840,103.840098
3841,103.840914
3842,103.842092
3843,103.843099
3844,103.843913
3845,103.844984
3846,103.846059
3847,103.847094
3848,103.848008
3849,103.849081
3850,103.849985
3851,103.851049
3852,103.851914
3853,103.853031
3854,103.853942
3855,103.855045
3856,103.855957
3857,103.856906
3858,103.857990
3859,103.858946
3860,103.860001
3861,103.860901
3862,103.861987
3863,103.862944
3864,103.863972
3865,103.865022
3866,103.866048
3867,103.866996
3868,103.867985
3869,103.868957
3870,103.870022
3871,103.871048
3872,103.871948
3873,103.872925
3874,103.874041
3875,103.874953
3876,103.876051
3877,103.877011
3878,103.877919
3879,103.878969
3880,103.880086
3881,103.881067
3882,103.882030
3883,103.883099
3884,103.884099
3885,103.885057
3886,103.886075
3887,103.887000
3888,103.888079
3889,103.888957
3890,103.890089
3891,103.891096
3892,103.892064
3893,103.893092
3894,103.894036
3895,103.895036
3896,103.895922
3897,103.897045
3898,103.897917
3899,103.899080
3900,103.900061
3901,103.901075
3902,103.902048
3903,103.902956
3904,103.904020
3905,103.904998
3906,103.906075
3907,103.907019
3908,103.907982
3909,103.909044
3910,103.910056
3911,103.911027
3912,103.911974
3913,103.913033
3914,103.914014
3915,103.914921
3916,103.915954
3917,103.916929
3918,103.918002
3919,103.918922
3920,103.920053
3921,103.921018
3922,103.921927
3923,103.923041
3924,103.924057
3925,103.924907
3926,103.926047
3927,103.926995
3928,103.928080
3929,103.929083
3930,103.930024
3931,103.931059
3932,103.931937
3933,103.933048
3934,103.934040
3935,103.935050
3936,103.935990
3937,103.936947
3938,103.937976
3939,103.938933
3940,103.940032
3941,103.941036
3942,103.942024
3943,103.943057
3944,103.943957
3945,103.945021
3946,103.946059
3947,103.947026
3948,103.947935
3949,103.948957
3950,103.949962
3951,103.950963
3952,103.952037
3953,103.952975
3954,103.953941
3955,103.955090
3956,103.956016
3957,103.957082
3958,103.957986
3959,103.958924
3960,103.959914
3961,103.961082
3962,103.961905
3963,103.962915
3964,103.964019
3965,103.964982
3966,103.965908
3967,103.966968
3968,103.968017
3969,103.968933
3970,103.969975
3971,103.970949
3972,103.972001
3973,103.973078
3974,103.974018
3975,103.975051
3976,103.976063
3977,103.976903
3978,103.977920
3979,103.979064
3980,103.979998
3981,103.980983
3982,103.982073
3983,103.982951
3984,103.983996
3985,103.985060
3986,103.986042
3987,103.986913
3988,103.987952
3989,103.989072
3990,103.990023
3991,103.990979
3992,103.992080
3993,103.993006
3994,103.994076
3995,103.994955
3996,103.996023
3997,103.996976
3998,103.997901
3999,103.999032
4000,104.000003
4001,104.000965
4002,104.001963
4003,104.002983
4004,104.004027
4005,104.005093
4006,104.006045
4007,104.007089
4008,104.007961
4009,104.008905
4010,104.009931
4011,104.011068
4012,104.011920
4013,104.013052
4014,104.014098
4015,104.015057
4016,104.015998
4017,104.016941
4018,104.018068
4019,104.018938
4020,104.019901
4021,104.020996
4022,104.022085
4023,104.023099
4024,104.024003
4025,104.024908
4026,104.025993
4027,104.026988
4028,104.028031
4029,104.028975
4030,104.029981
4031,104.031071
4032,104.032059
4033,104.032950
4034,104.034009
4035,104.034909
4036,104.036001
4037,104.036903
4038,104.038026
4039,104.038978
4040,104.040086
4041,104.041001
4042,104.041933
4043,104.043051
4044,104.043978
4045,104.045011
4046,104.046045
4047,104.046980
4048,104.048006
4049,104.048910
4050,104.049962
4051,104.050915
4052,104.051999
4053,104.052996
4054,104.053942
4055,104.054972
4056,104.055902
4057,104.057090
4058,104.058073
4059,104.058962
4060,104.060098
4061,104.061046
4062,104.062002
4063,104.062961
4064,104.064040
4065,104.065066
4066,104.066058
4067,104.066990
4068,104.068075
4069,104.068943
4070,104.070058
4071,104.071096
4072,104.071908
4073,104.072933
4074,104.074035
4075,104.075035
4076,104.075928
4077,104.076904
4078,104.078086
4079,104.079098
4080,104.080082
4081,104.080913
4082,104.082049
4083,104.082989
4084,104.083974
4085,104.084960
4086,104.086042
4087,104.086980
4088,104.087933
4089,104.088906
4090,104.089910
4091,104.090984
4092,104.092045
4093,104.093015
4094,104.094093
4095,104.095077
4096,104.096079
4097,104.097008
4098,104.098003
4099,104.099039
4100,104.100027
4101,104.100935
4102,104.102009
4103,104.102991
4104,104.103999
4105,104.104998
4106,104.106002
4107,104.107021
4108,104.107963
4109,104.108931
4110,104.110099
4111,104.111050
4112,104.111956
4113,104.113066
4114,104.114057
4115,104.114966
4116,104.115957
4117,104.116939
4118,104.117903
4119,104.118950
4120,104.120082
4121,104.121094
4122,104.122026
4123,104.123095
4124,104.123910
4125,104.125009
4126,104.126094
4127,104.126953
4128,104.127905
4129,104.129086
4130,104.130022
4131,104.131087
4132,104.131917
4133,104.133066
4134,104.134017
4135,104.135073
4136,104.135963
4137,104.136906
4138,104.138027
4139,104.138968
4140,104.139931
4141,104.140931
4142,104.141918
4143,104.143021
4144,104.144055
4145,104.144918
4146,104.145938
4147,104.147065
4148,104.147949
4149,104.149018
4150,104.149937
4151,104.151063
4152,104.152016
4153,104.152918
4154,104.153967
4155,104.155034
4156,104.155947
4157,104.156926
4158,104.157979
4159,104.158904
4160,104.159912
4161,104.160923
4162,104.161960
4163,104.163063
4164,104.164079
4165,104.164979
4166,104.166048
4167,104.167065
4168,104.168095
4169,104.168945
4170,104.170040
4171,104.171079
4172,104.172049
4173,104.172908
4174,104.174067
4175,104.175054
4176,104.176020
4177,104.176908
4178,104.177916
4179,104.178901
4180,104.180011
4181,104.181020
4182,104.181920
4183,104.183067
4184,104.183982
4185,104.184928
4186,104.186017
4187,104.186953
4188,104.187943
4189,104.188942
4190,104.190058
4191,104.190920
4192,104.191947
4193,104.192928
4194,104.194033
4195,104.195035
4196,104.195986
4197,104.196931
4198,104.197904
4199,104.199086
4200,104.200020
4201,104.200912
4202,104.202027
4203,104.203067
4204,104.203941
4205,104.205089
4206,104.205934
4207,104.206988
4208,104.207987
4209,104.209093
4210,104.209996
4211,104.211048
4212,104.212044
4213,104.212957
4214,104.213992
4215,104.214992
4216,104.215966
4217,104.216940
4218,104.217933
4219,104.219098
4220,104.220085
4221,104.220932
4222,104.222099
4223,104.222968
4224,104.224052
4225,104.224994
4226,104.225994
4227,104.226985
4228,104.227907
4229,104.229004
4230,104.229951
4231,104.231084
4232,104.232026
4233,104.232956
4234,104.234067
4235,104.235017
4236,104.236027
4237,104.237047
4238,104.238046
4239,104.238943
4240,104.240074
4241,104.241048
4242,104.242052
4243,104.243049
4244,104.243947
4245,104.245096
4246,104.246045
4247,104.247083
4248,104.247957
4249,104.248961
4250,104.250076
4251,104.251100
4252,104.252040
4253,104.252930
4254,104.253958
4255,104.255009
4256,104.255902
4257,104.256968
4258,104.258013
4259,104.259085
4260,104.260038
4261,104.261078
4262,104.261941
4263,104.263074
4264,104.263944
4265,104.264950
4266,104.266032
4267,104.266949
4268,104.267902
4269,104.269040
4270,104.269913
4271,104.271028
4272,104.271921
4273,104.273001
4274,104.274080
4275,104.274984
4276,104.275941
4277,104.277078
4278,104.278083
4279,104.278995
4280,104.280048
4281,104.280949
4282,104.281904
4283,104.282945
4284,104.284019
4285,104.285057
4286,104.285929
4287,104.286928
4288,104.287960
4289,104.288952
4290,104.289970
4291,104.291050
4292,104.291973
4293,104.293049
4294,104.294031
4295,104.295083
4296,104.296018
4297,104.297094
4298,104.297975
4299,104.299009
4300,104.299940
4301,104.300941
4302,104.301970
4303,104.303071
4304,104.304081
4305,104.304991
4306,104.305970
4307,104.306966
4308,104.308013
4309,104.308992
4310,104.310099
4311,104.311038
4312,104.311972
4313,104.313013
4314,104.313993
4315,104.315092
4316,104.315937
4317,104.317061
4318,104.317957
4319,104.318979
4320,104.319908
4321,104.320950
4322,104.321964
4323,104.322953
4324,104.324027
4325,104.324924
4326,104.325961
4327,104.327009
4328,104.328007
4329,104.329017
4330,104.329935
4331,104.330952
4332,104.332054
4333,104.333098
4334,104.333934
4335,104.334917
4336,104.336076
4337,104.337100
4338,104.337981
4339,104.339093
4340,104.340019
4341,104.341080
4342,104.341909
4343,104.342904
4344,104.344068
4345,104.344993
4346,104.345922
4347,104.347055
4348,104.347900
4349,104.348939
4350,104.350048
4351,104.351048
4352,104.352003
4353,104.353022
4354,104.354019
4355,104.354952
4356,104.355970
4357,104.357024
4358,104.357947
4359,104.359058
4360,104.360083
4361,104.361025
4362,104.361933
4363,104.362957
4364,104.364018
4365,104.364989
4366,104.365979
4367,104.366904
4368,104.367978
4369,104.368975
4370,104.369923
4371,104.371097
4372,104.372055
4373,104.373093
4374,104.373949
4375,104.375036
4376,104.376044
4377,104.376949
4378,104.378019
4379,104.379045
4380,104.380019
4381,104.381009
4382,104.381951
4383,104.382953
4384,104.383964
4385,104.385000
4386,104.385984
4387,104.386941
4388,104.387911
4389,104.389098
4390,104.389971
4391,104.391077
4392,104.392079
4393,104.392933
4394,104.393937
4395,104.394946
4396,104.395901
4397,104.396944
4398,104.398023
4399,104.399040
4400,104.399935
4401,104.401005
4402,104.402029
4403,104.403045
4404,104.404037
4405,104.405051
4406,104.405917
4407,104.406926
4408,104.408045
4409,104.408989
4410,104.410042
4411,104.411045
4412,104.412054
4413,104.413042
4414,104.413985
4415,104.415080
4416,104.416034
4417,104.416996
4418,104.418065
4419,104.418969
4420,104.419969
4421,104.421019
4422,104.422096
4423,104.422938
4424,104.423958
4425,104.424921
4426,104.426030
4427,104.426995
4428,104.427996
4429,104.428971
4430,104.429973
4431,104.431016
4432,104.431932
4433,104.432996
4434,104.433929
4435,104.435002
4436,104.435999
4437,104.436982
4438,104.437963
4439,104.439060
4440,104.439947
4441,104.441005
4442,104.442093
4443,104.442973
4444,104.443984
4445,104.445037
4446,104.445999
4447,104.447056
4448,104.448077
4449,104.448947
4450,104.450000
4451,104.450995
4452,104.451991
4453,104.453027
4454,104.453938
4455,104.454956
4456,104.455949
4457,104.456987
4458,104.457963
4459,104.458960
4460,104.460089
4461,104.461024
4462,104.461963
4463,104.462919
4464,104.464027
4465,104.465020
4466,104.466014
4467,104.466909
4468,104.468021
4469,104.469059
4470,104.470013
4471,104.471034
4472,104.471971
4473,104.472976
4474,104.473952
4475,104.475053
4476,104.476049
4477,104.477008
4478,104.478002
4479,104.478959
4480,104.480095
4481,104.480908
4482,104.482013
4483,104.482962
4484,104.484060
4485,104.485093
4486,104.486017
4487,104.487044
4488,104.487941
4489,104.489098
4490,104.489990
4491,104.491074
4492,104.491905
4493,104.492966
4494,104.494040
4495,104.494934
4496,104.495902
4497,104.496965
4498,104.498039
4499,104.499072
4500,104.499938
4501,104.501019
4502,104.502074
4503,104.503053
4504,104.504027
4505,104.504998
4506,104.505946
4507,104.506955
4508,104.508013
4509,104.508961
4510,104.510040
4511,104.510950
4512,104.512025
4513,104.512942
4514,104.514037
4515,104.515077
4516,104.516078
4517,104.516984
4518,104.518085
4519,104.518928
4520,104.519979
4521,104.520957
4522,104.521978
4523,104.522911
4524,104.523972
4525,104.525019
4526,104.526050
4527,104.526989
4528,104.528085
4529,104.529035
4530,104.530048
4531,104.531068
4532,104.531971
4533,104.533053
4534,104.533996
4535,104.534957
4536,104.536034
4537,104.537041
4538,104.537910
4539,104.539043
4540,104.540091
4541,104.540907
4542,104.542089
4543,104.542985
4544,104.544086
4545,104.544979
4546,104.545991
4547,104.547031
4548,104.547960
4549,104.548947
4550,104.550031
4551,104.550968
4552,104.551905
4553,104.552958
4554,104.554079
4555,104.555047
4556,104.555927
4557,104.557002
4558,104.558020
4559,104.558935
4560,104.560064
4561,104.561095
4562,104.562032
4563,104.563058
4564,104.563981
4565,104.564950
4566,104.566035
4567,104.567075
4568,104.568047
4569,104.568930
4570,104.570100
4571,104.571081
4572,104.572038
4573,104.572943
4574,104.573934
4575,104.574923
4576,104.576057
4577,104.577010
4578,104.578098
4579,104.578935
4580,104.579972
4581,104.580956
4582,104.582070
4583,104.583053
4584,104.584046
4585,104.584999
4586,104.585954
4587,104.586980
4588,104.587923
4589,104.589042
4590,104.590021
4591,104.591008
4592,104.592074
4593,104.592926
4594,104.594026
4595,104.594922
4596,104.595951
4597,104.597030
4598,104.598002
4599,104.599075
4600,104.599945
4601,104.600972
4602,104.601976
4603,104.602959
4604,104.604035
4605,104.604967
4606,104.605980
4607,104.607057
4608,104.607915
4609,104.609031
4610,104.609999
4611,104.610982
4612,104.611988
4613,104.612934
4614,104.613926
4615,104.615044
4616,104.615965
4617,104.616950
4618,104.617940
4619,104.619026
4620,104.620040
4621,104.621021
4622,104.621905
4623,104.622988
4624,104.623983
4625,104.624935
4626,104.626049
4627,104.626981
4628,104.628069
4629,104.628999
4630,104.629948
4631,104.631074
4632,104.631912
4633,104.632970
4634,104.633973
4635,104.634922
4636,104.636028
4637,104.636960
4638,104.638089
4639,104.639082
4640,104.639908
4641,104.640939
4642,104.642033
4643,104.643041
4644,104.643946
4645,104.644967
4646,104.646097
4647,104.647087
4648,104.647973
4649,104.649040
4650,104.650094
4651,104.651031
4652,104.651984
4653,104.653087
4654,104.654016
4655,104.655035
4656,104.656081
4657,104.656911
4658,104.657922
4659,104.658913
4660,104.659955
4661,104.661094
4662,104.662043
4663,104.662973
4664,104.664020
4665,104.664988
4666,104.665997
4667,104.666969
4668,104.668085
4669,104.669049
4670,104.669912
4671,104.671022
4672,104.672087
4673,104.672977
4674,104.673926
4675,104.674910
4676,104.676008
4677,104.676974
4678,104.678010
4679,104.679037
4680,104.679987
4681,104.681022
4682,104.682019
4683,104.683014
4684,104.684003
4685,104.684942
4686,104.685954
4687,104.687035
4688,104.688088
4689,104.688921
4690,104.689910
4691,104.690990
4692,104.692088
4693,104.693076
4694,104.693944
4695,104.695023
4696,104.695915
4697,104.697061
4698,104.697914
4699,104.699089
4700,104.699971
4701,104.700962
4702,104.701968
4703,104.702923
4704,104.703972
4705,104.704942
4706,104.705907
4707,104.706994
4708,104.708067
4709,104.709052
4710,104.710009
4711,104.710924
4712,104.711991
4713,104.712951
4714,104.713992
4715,104.715076
4716,104.715939
4717,104.717007
4718,104.717994
4719,104.718988
4720,104.719914
4721,104.721083
4722,104.722079
4723,104.722943
4724,104.724073
4725,104.724991
4726,104.726072
4727,104.726962
4728,104.727911
4729,104.729097
4730,104.729972
4731,104.730908
4732,104.731944
4733,104.732967
4734,104.734066
4735,104.735093
4736,104.735955
4737,104.736924
4738,104.737923
4739,104.739097
4740,104.739995
4741,104.740926
4742,104.741962
4743,104.743003
4744,104.744025
4745,104.745007
4746,104.746055
4747,104.746989
4748,104.748068
4749,104.749037
4750,104.750021
4751,104.750920
4752,104.751964
4753,104.752956
4754,104.754075
4755,104.755074
4756,104.756040
4757,104.757036
4758,104.757927
4759,104.758903
4760,104.759916
4761,104.760989
4762,104.761958
4763,104.763098
4764,104.763919
4765,104.765025
4766,104.765962
4767,104.766937
4768,104.768063
4769,104.769064
4770,104.769996
4771,104.770997
4772,104.771923
4773,104.773020
4774,104.774050
4775,104.775077
4776,104.776064
4777,104.777061
4778,104.777939
4779,104.779084
4780,104.779918
4781,104.780947
4782,104.782009
4783,104.783042
4784,104.784028
4785,104.785023
4786,104.786043
4787,104.786980
4788,104.787909
4789,104.788957
4790,104.790016
4791,104.791044
4792,104.791981
4793,104.793010
4794,104.794070
4795,104.795023
4796,104.795996
4797,104.796981
4798,104.797921
4799,104.798975
4800,104.800095
4801,104.801002
4802,104.801992
4803,104.803032
4804,104.803946
4805,104.804989
4806,104.805949
4807,104.807005
4808,104.808002
4809,104.809059
4810,104.810052
4811,104.810973
4812,104.812098
4813,104.813013
4814,104.813978
4815,104.814932
4816,104.815903
4817,104.816971
4818,104.818023
4819,104.818954
4820,104.819926
4821,104.820995
4822,104.821926
4823,104.822944
4824,104.824000
4825,104.825044
4826,104.825968
4827,104.827038
4828,104.827964
4829,104.828928
4830,104.830059
4831,104.831030
4832,104.832031
4833,104.833049
4834,104.834002
4835,104.834913
4836,104.835930
4837,104.837008
4838,104.838031
4839,104.838907
4840,104.840046
4841,104.841083
4842,104.842020
4843,104.843077
4844,104.843998
4845,104.845051
4846,104.845905
4847,104.847007
4848,104.848050
4849,104.849058
4850,104.850084
4851,104.850981
4852,104.851910
4853,104.853049
4854,104.854097
4855,104.855088
4856,104.856073
4857,104.856905
4858,104.858036
4859,104.859084
4860,104.859960
4861,104.861024
4862,104.862019
4863,104.862977
4864,104.864084
4865,104.864919
4866,104.865934
4867,104.867050
4868,104.868053
4869,104.868996
4870,104.870074
4871,104.870939
4872,104.871950
4873,104.872908
4874,104.874067
4875,104.874960
4876,104.876022
4877,104.876997
4878,104.878009
4879,104.878954
4880,104.879924
4881,104.881060
4882,104.881989
4883,104.882969
4884,104.884008
4885,104.884910
4886,104.886049
4887,104.886968
4888,104.887965
4889,104.888953
4890,104.889909
4891,104.891046
4892,104.892033
4893,104.893061
4894,104.893994
4895,104.895072
4896,104.895981
4897,104.897007
4898,104.898063
4899,104.898961
4900,104.899994
4901,104.900971
4902,104.901911
4903,104.903093
4904,104.904069
4905,104.905056
4906,104.905902
4907,104.907081
4908,104.907926
4909,104.909082
4910,104.909974
4911,104.910903
4912,104.912052
4913,104.912905
4914,104.914065
4915,104.914927
4916,104.916066
4917,104.916909
4918,104.917925
4919,104.919037
4920,104.920022
4921,104.921044
4922,104.921925
4923,104.923013
4924,104.924070
4925,104.925062
4926,104.926070
4927,104.927039
4928,104.928063
4929,104.929002
4930,104.929995
4931,104.931021
4932,104.932064
4933,104.932937
4934,104.933955
4935,104.935066
4936,104.935947
4937,104.936924
4938,104.938060
4939,104.939096
4940,104.939926
4941,104.940908
4942,104.942002
4943,104.943015
4944,104.944030
4945,104.945023
4946,104.945997
4947,104.946921
4948,104.947972
4949,104.948995
4950,104.950098
4951,104.950999
4952,104.952030
4953,104.953032
4954,104.954024
4955,104.955034
4956,104.955922
4957,104.956945
4958,104.957940
4959,104.958986
4960,104.959960
4961,104.961078
4962,104.961919
4963,104.962912
4964,104.964049
4965,104.964913
4966,104.965910
4967,104.966952
4968,104.967978
4969,104.969000
4970,104.970018
4971,104.971050
4972,104.972085
4973,104.972952
4974,104.973990
4975,104.974977
4976,104.975937
4977,104.977012
4978,104.978070
4979,104.978944
4980,104.979932
4981,104.980917
4982,104.981980
4983,104.983100
4984,104.984028
4985,104.984923
4986,104.986094
4987,104.986943
4988,104.987990
4989,104.989019
4990,104.990094
4991,104.991074
4992,104.991969
4993,104.993092
4994,104.994019
4995,104.995064
4996,104.995962
4997,104.997026
4998,104.998045
4999,104.999099
5000,105.000069
5001,105.001020
5002,105.001916
5003,105.003044
5004,105.003925
5005,105.005087
5006,105.006090
5007,105.007073
5008,105.007921
5009,105.009020
5010,105.010027
5011,105.011056
5012,105.012072
5013,105.012926
5014,105.013940
5015,105.014901
5016,105.016097
5017,105.016997
5018,105.018019
5019,105.019074
5020,105.019938
5021,105.020965
5022,105.022030
5023,105.022968
5024,105.024048
5025,105.024981
5026,105.026017
5027,105.027010
5028,105.027976
5029,105.029095
5030,105.030065
5031,105.030957
5032,105.032011
5033,105.033021
5034,105.033946
5035,105.034932
5036,105.035984
5037,105.037018
5038,105.038067
5039,105.039010
5040,105.040000
5041,105.040992
5042,105.041908
5043,105.042963
5044,105.044054
5045,105.045029
5046,105.045917
5047,105.047078
5048,105.048076
5049,105.049070
5050,105.050051
5051,105.050966
5052,105.051953
5053,105.052975
5054,105.053983
5055,105.054911
5056,105.055939
5057,105.057037
5058,105.058069
5059,105.058914
5060,105.059935
5061,105.060948
5062,105.062065
5063,105.062995
5064,105.063959
5065,105.065023
5066,105.066046
5067,105.067015
5068,105.068019
5069,105.069060
5070,105.070010
5071,105.071028
5072,105.071985
5073,105.073073
5074,105.074086
5075,105.075012
5076,105.076023
5077,105.077077
5078,105.077923
5079,105.078970
5080,105.079967
5081,105.081017
5082,105.082055
5083,105.083018
5084,105.084012
5085,105.085056
5086,105.085972
5087,105.087034
5088,105.088054
5089,105.088994
5090,105.090051
5091,105.090903
5092,105.092023
5093,105.093045
5094,105.094039
5095,105.094921
5096,105.096004
5097,105.097027
5098,105.098042
5099,105.099090
5100,105.099922
5101,105.100943
5102,105.102033
5103,105.102908
5104,105.103988
5105,105.104910
5106,105.106027
5107,105.107026
5108,105.107921
5109,105.108929
5110,105.109968
5111,105.110962
5112,105.111998
5113,105.113018
5114,105.113966
5115,105.114904
5116,105.115912
5117,105.117071
5118,105.117938
5119,105.119088
5120,105.119985
5121,105.120934
5122,105.122014
5123,105.122915
5124,105.123949
5125,105.125018
5126,105.125974
5127,105.126916
5128,105.128031
5129,105.128950
5130,105.130092
5131,105.130939
5132,105.131934
5133,105.132957
5134,105.134061
5135,105.135075
5136,105.136062
5137,105.136945
5138,105.137980
5139,105.139008
5140,105.140005
5141,105.141087
5142,105.142055
5143,105.143001
5144,105.143928
5145,105.145099
5146,105.146098
5147,105.147064
5148,105.148050
5149,105.149050
5150,105.150088
5151,105.151050
5152,105.152016
5153,105.153009
5154,105.154022
5155,105.154911
5156,105.156023
5157,105.156920
5158,105.158074
5159,105.158921
5160,105.159956
5161,105.161049
5162,105.161931
5163,105.162938
5164,105.163998
5165,105.165088
5166,105.166095
5167,105.166917
5168,105.167903
5169,105.168935
5170,105.170059
5171,105.171030
5172,105.172068
5173,105.173002
5174,105.173986
5175,105.175066
5176,105.175974
5177,105.177064
5178,105.178016
5179,105.178921
5180,105.179906
5181,105.180997
5182,105.181967
5183,105.183097
5184,105.183910
5185,105.184996
5186,105.186049
5187,105.186963
5188,105.188036
5189,105.188977
5190,105.189944
5191,105.190915
5192,105.192018
5193,105.193034
5194,105.194011
5195,105.194967
5196,105.195920
5197,105.196935
5198,105.198074
5199,105.198976
5200,105.200021
5201,105.200934
5202,105.201948
5203,105.202913
5204,105.204098
5205,105.204953
5206,105.205986
5207,105.206932
5208,105.207988
5209,105.209095
5210,105.209976
5211,105.210901
5212,105.211982
5213,105.213022
5214,105.213968
5215,105.214908
5216,105.216036
5217,105.216987
5218,105.218080
5219,105.219095
5220,105.220022
5221,105.221052
5222,105.222048
5223,105.222915
5224,105.224020
5225,105.225054
5226,105.226057
5227,105.227017
5228,105.228049
5229,105.229061
5230,105.230065
5231,105.230946
5232,105.232097
5233,105.233076
5234,105.233919
5235,105.234960
5236,105.235918
5237,105.237005
5238,105.237929
5239,105.238988
5240,105.239971
5241,105.241016
5242,105.241963
5243,105.242922
5244,105.243900
5245,105.245080
5246,105.245977
5247,105.247028
5248,105.247914
5249,105.248914
5250,105.250007
5251,105.251028
5252,105.252086
5253,105.252953
5254,105.254075
5255,105.255094
5256,105.255975
5257,105.257015
5258,105.257918
5259,105.259034
5260,105.260059
5261,105.261066
5262,105.262021
5263,105.262966
5264,105.263928
5265,105.264985
5266,105.266025
5267,105.266908
5268,105.267965
5269,105.269072
5270,105.270020
5271,105.271084
5272,105.271923
5273,105.273002
5274,105.273948
5275,105.275028
5276,105.276094
5277,105.277027
5278,105.278092
5279,105.279052
5280,105.279942
5281,105.281066
5282,105.282035
5283,105.283033
5284,105.284083
5285,105.284926
5286,105.286054
5287,105.287071
5288,105.287901
5289,105.289016
5290,105.290002
5291,105.290989
5292,105.291965
5293,105.292919
5294,105.294006
5295,105.295072
5296,105.296057
5297,105.296903
5298,105.298016
5299,105.298970
5300,105.300079
5301,105.301062
5302,105.301978
5303,105.302953
5304,105.303906
5305,105.304986
5306,105.305934
5307,105.307055
5308,105.308002
5309,105.309001
5310,105.309918
5311,105.310926
5312,105.311938
5313,105.312932
5314,105.313923
5315,105.314966
5316,105.316009
5317,105.317002
5318,105.317983
5319,105.319001
5320,105.319911
5321,105.320982
5322,105.322032
5323,105.322904
5324,105.324033
5325,105.325083
5326,105.326095
5327,105.327094
5328,105.327963
5329,105.328961
5330,105.329916
5331,105.330912
5332,105.332033
5333,105.332996
5334,105.333908
5335,105.335045
5336,105.336069
5337,105.337027
5338,105.337980
5339,105.338967
5340,105.339909
5341,105.340951
5342,105.342098
5343,105.343070
5344,105.343934
5345,105.345072
5346,105.345904
5347,105.346937
5348,105.347975
5349,105.348935
5350,105.350063
5351,105.351058
5352,105.352055
5353,105.353022
5354,105.354028
5355,105.355085
5356,105.356061
5357,105.357034
5358,105.358100
5359,105.358901
5360,105.359987
5361,105.361003
5362,105.362050
5363,105.362927
5364,105.363991
5365,105.365007
5366,105.366024
5367,105.367057
5368,105.367994
5369,105.369092
5370,105.369937
5371,105.371072
5372,105.372016
5373,105.373055
5374,105.374081
5375,105.375067
5376,105.376073
5377,105.376983
5378,105.377940
5379,105.378986
5380,105.379997
5381,105.381008
5382,105.382038
5383,105.383088
5384,105.383909
5385,105.384927
5386,105.385948
5387,105.386974
5388,105.387970
5389,105.388903
5390,105.389937
5391,105.390942
5392,105.392010
5393,105.392960
5394,105.394069
5395,105.394902
5396,105.396041
5397,105.396972
5398,105.398059
5399,105.398945
5400,105.400086
5401,105.400940
5402,105.401930
5403,105.403079
5404,105.404036
5405,105.405054
5406,105.405988
5407,105.407084
5408,105.408081
5409,105.409064
5410,105.410061
5411,105.411086
5412,105.411931
5413,105.413066
5414,105.413931
5415,105.415032
5416,105.415954
5417,105.416979
5418,105.417954
5419,105.418925
5420,105.420006
5421,105.421075
5422,105.421971
5423,105.422936
5424,105.424061
5425,105.424952
5426,105.425921
5427,105.426910
5428,105.428040
5429,105.429092
5430,105.430038
5431,105.431015
5432,105.432042
5433,105.433050
5434,105.434098
5435,105.435027
5436,105.435930
5437,105.437100
5438,105.438037
5439,105.438979
5440,105.440079
5441,105.441079
5442,105.441979
5443,105.442984
5444,105.443931
5445,105.445090
5446,105.446041
5447,105.447031
5448,105.447943
5449,105.449049
5450,105.450089
5451,105.451073
5452,105.451992
5453,105.452917
5454,105.454029
5455,105.454910
5456,105.455986
5457,105.456983
5458,105.458087
5459,105.459049
5460,105.459925
5461,105.461009
5462,105.462030
5463,105.462949
5464,105.464017
5465,105.464910
5466,105.466047
5467,105.467018
5468,105.468084
5469,105.469082
5470,105.469960
5471,105.470911
5472,105.472032
5473,105.473036
5474,105.474048
5475,105.474964
5476,105.475981
5477,105.477061
5478,105.478020
5479,105.478955
5480,105.479923
5481,105.481042
5482,105.481960
5483,105.483087
5484,105.484068
5485,105.484989
5486,105.485943
5487,105.486905
5488,105.488008
5489,105.489044
5490,105.489918
5491,105.490985
5492,105.491975
5493,105.492995
5494,105.494019
5495,105.494991
5496,105.496039
5497,105.496945
5498,105.498047
5499,105.498996
5500,105.500017
5501,105.501024
5502,105.502080
5503,105.503095
5504,105.503903
5505,105.505042
5506,105.506007
5507,105.507028
5508,105.507947
5509,105.508988
5510,105.509983
5511,105.510982
5512,105.512083
5513,105.512960
5514,105.513990
5515,105.514909
5516,105.515966
5517,105.516950
5518,105.517978
5519,105.518932
5520,105.519958
5521,105.520968
5522,105.521993
5523,105.522994
5524,105.524028
5525,105.525028
5526,105.525995
5527,105.526984
5528,105.528003
5529,105.529031
5530,105.529971
5531,105.531097
5532,105.532061
5533,105.533069
5534,105.533929
5535,105.534944
5536,105.536024
5537,105.537074
5538,105.537990
5539,105.539063
5540,105.540020
5541,105.540901
5542,105.542095
5543,105.543082
5544,105.543976
5545,105.545063
5546,105.545941
5547,105.547029
5548,105.548028
5549,105.548978
5550,105.550070
5551,105.550925
5552,105.551936
5553,105.553014
5554,105.554045
5555,105.554905
5556,105.556035
5557,105.556945
5558,105.558005
5559,105.559000
5560,105.560047
5561,105.560981
5562,105.562056
5563,105.562961
5564,105.564090
5565,105.564971
5566,105.565933
5567,105.566964
5568,105.568088
5569,105.569038
5570,105.569965
5571,105.570921
5572,105.572038
5573,105.573044
5574,105.573927
5575,105.574973
5576,105.576063
5577,105.577023
5578,105.578093
5579,105.579022
5580,105.579934
5581,105.581003
5582,105.582044
5583,105.583100
5584,105.583962
5585,105.584929
5586,105.586067
5587,105.587043
5588,105.587926
5589,105.588995
5590,105.590091
5591,105.590989
5592,105.592008
5593,105.592919
5594,105.594097
5595,105.594974
5596,105.596009
5597,105.596960
5598,105.598088
5599,105.598983
5600,105.600030
5601,105.601062
5602,105.602063
5603,105.603001
5604,105.604067
5605,105.605041
5606,105.605969
5607,105.606998
5608,105.608011
5609,105.609012
5610,105.610035
5611,105.610983
5612,105.612066
5613,105.613074
5614,105.613934
5615,105.615053
5616,105.615933
5617,105.616973
5618,105.618052
5619,105.618906
5620,105.620095
5621,105.620943
5622,105.622071
5623,105.623014
5624,105.624007
5625,105.625087
5626,105.625970
5627,105.627091
5628,105.628048
5629,105.628999
5630,105.629995
5631,105.631062
5632,105.631910
5633,105.632946
5634,105.633970
5635,105.635040
5636,105.636085
5637,105.637034
5638,105.637931
5639,105.639072
5640,105.640096
5641,105.641059
5642,105.641960
5643,105.643057
5644,105.643924
5645,105.645016
5646,105.646043
5647,105.647008
5648,105.647965
5649,105.649012
5650,105.650023
5651,105.650990
5652,105.651958
5653,105.652938
5654,105.654091
5655,105.655088
5656,105.655926
5657,105.656937
5658,105.658010
5659,105.659064
5660,105.660017
5661,105.661098
5662,105.661968
5663,105.662981
5664,105.663934
5665,105.665055
5666,105.665947
5667,105.666948
5668,105.668084
5669,105.668934
5670,105.669967
5671,105.671072
5672,105.671951
5673,105.672944
5674,105.674078
5675,105.675081
5676,105.675971
5677,105.677036
5678,105.678023
5679,105.679054
5680,105.680032
5681,105.680927
5682,105.682038
5683,105.682932
5684,105.684065
5685,105.684916
5686,105.685938
5687,105.687000
5688,105.688064
5689,105.688971
5690,105.689978
5691,105.690930
5692,105.692038
5693,105.692961
5694,105.693963
5695,105.694904
5696,105.695950
5697,105.696933
5698,105.697922
5699,105.698942
5700,105.700067
5701,105.701001
5702,105.702084
5703,105.703011
5704,105.703998
5705,105.705014
5706,105.706040
5707,105.706943
5708,105.707952
5709,105.709028
5710,105.710031
5711,105.711001
5712,105.711987
5713,105.713067
5714,105.713928
5715,105.714922
5716,105.716033
5717,105.717057
5718,105.717966
5719,105.719092
5720,105.719959
5721,105.720951
5722,105.722030
5723,105.723014
5724,105.723906
5725,105.724917
5726,105.725922
5727,105.726970
5728,105.727905
5729,105.729050
5730,105.730028
5731,105.731013
5732,105.731953
5733,105.732931
5734,105.734087
5735,105.734991
5736,105.735959
5737,105.736992
5738,105.738009
5739,105.739079
5740,105.740005
5741,105.740953
5742,105.741916
5743,105.743073
5744,105.744062
5745,105.745041
5746,105.745943
5747,105.747077
5748,105.747998
5749,105.749040
5750,105.749907
5751,105.751002
5752,105.752057
5753,105.753061
5754,105.754059
5755,105.754986
5756,105.755950
5757,105.757073
5758,105.758082
5759,105.759086
5760,105.760005
5761,105.761083
5762,105.761903
5763,105.763079
5764,105.763938
5765,105.764939
5766,105.765986
5767,105.767030
5768,105.767953
5769,105.768939
5770,105.770068
5771,105.771015
5772,105.771988
5773,105.773054
5774,105.774031
5775,105.775083
5776,105.775979
5777,105.776930
5778,105.777914
5779,105.779033
5780,105.779964
5781,105.780910
5782,105.782006
5783,105.783021
5784,105.784083
5785,105.784958
5786,105.785970
5787,105.787083
5788,105.788035
5789,105.788930
5790,105.789975
5791,105.790937
5792,105.792042
5793,105.793035
5794,105.793994
5795,105.794909
5796,105.796002
5797,105.796950
5798,105.798003
5799,105.798945
5800,105.799915
5801,105.801078
5802,105.802025
5803,105.803064
5804,105.804026
5805,105.804907
5806,105.806098
5807,105.806949
5808,105.807906
5809,105.808959
5810,105.809917
5811,105.810980
5812,105.812038
5813,105.813002
5814,105.813996
5815,105.815097
5816,105.815995
5817,105.817090
5818,105.818038
5819,105.818983
5820,105.820071
5821,105.820942
5822,105.821940
5823,105.823081
5824,105.823972
5825,105.824992
5826,105.826033
5827,105.827085
5828,105.828011
5829,105.829092
5830,105.830041
5831,105.831026
5832,105.832024
5833,105.832951
5834,105.834076
5835,105.834945
5836,105.836083
5837,105.837046
5838,105.837970
5839,105.838930
5840,105.840058
5841,105.841035
5842,105.842068
5843,105.842937
5844,105.843934
5845,105.844938
5846,105.846002
5847,105.847051
5848,105.847974
5849,105.848921
5850,105.849997
5851,105.850989
5852,105.852064
5853,105.853098
5854,105.854003
5855,105.854955
5856,105.855939
5857,105.856901
5858,105.857905
5859,105.858936
5860,105.859949
5861,105.860980
5862,105.862066
5863,105.863074
5864,105.864070
5865,105.865028
5866,105.866097
5867,105.867090
5868,105.867955
5869,105.868977
5870,105.870096
5871,105.871098
5872,105.871969
5873,105.872950
5874,105.874060
5875,105.874915
5876,105.876095
5877,105.876942
5878,105.878057
5879,105.879022
5880,105.879993
5881,105.881074
5882,105.881949
5883,105.883042
5884,105.883946
5885,105.885054
5886,105.886024
5887,105.887033
5888,105.888059
5889,105.888992
5890,105.890031
5891,105.891063
5892,105.892082
5893,105.893025
5894,105.893911
5895,105.894995
5896,105.896079
5897,105.897040
5898,105.897933
5899,105.899053
5900,105.900049
5901,105.900923
5902,105.901929
5903,105.903014
5904,105.903945
5905,105.904904
5906,105.906070
5907,105.907085
5908,105.908092
5909,105.908949
5910,105.910092
5911,105.910915
5912,105.912053
5913,105.912970
5914,105.914002
5915,105.915096
5916,105.916046
5917,105.916971
5918,105.918049
5919,105.918981
5920,105.920007
5921,105.920911
5922,105.922097
5923,105.922910
5924,105.923901
5925,105.924949
5926,105.926040
5927,105.927049
5928,105.927923
5929,105.928959
5930,105.930002
5931,105.931085
5932,105.931944
5933,105.932932
5934,105.933967
5935,105.934934
5936,105.936089
5937,105.937084
5938,105.937906
5939,105.939033
5940,105.939971
5941,105.940923
5942,105.942068
5943,105.942957
5944,105.943902
5945,105.944950
5946,105.946062
5947,105.946933
5948,105.948099
5949,105.949015
5950,105.950064
5951,105.951061
5952,105.952052
5953,105.953036
5954,105.953929
5955,105.955074
5956,105.955916
5957,105.956972
5958,105.958088
5959,105.959053
5960,105.959953
5961,105.961094
5962,105.962032
5963,105.962915
5964,105.964010
5965,105.964965
5966,105.966081
5967,105.966917
5968,105.968006
5969,105.968944
5970,105.970027
5971,105.970930
5972,105.971935
5973,105.973065
5974,105.974014
5975,105.974988
5976,105.975910
5977,105.976914
5978,105.978021
5979,105.978960
5980,105.980073
5981,105.980947
5982,105.982078
5983,105.983086
5984,105.983904
5985,105.984994
5986,105.985990
5987,105.987029
5988,105.988091
5989,105.988907
5990,105.990076
5991,105.990987
5992,105.991974
5993,105.993038
5994,105.993963
5995,105.994921
5996,105.995906
5997,105.996910
5998,105.998097
5999,105.998932
6000,106.000042
6001,106.000988
6002,106.002082
6003,106.002942
6004,106.003930
6005,106.004941
6006,106.005990
6007,106.006905
6008,106.007983
6009,106.008992
6010,106.010031
6011,106.011054
6012,106.012069
6013,106.012946
6014,106.014068
6015,106.015096
6016,106.016087
6017,106.016957
6018,106.018043
6019,106.018940
6020,106.020071
6021,106.021009
6022,106.021959
6023,106.022934
6024,106.024094
6025,106.024928
6026,106.025925
6027,106.027079
6028,106.028075
6029,106.028905
6030,106.030049
6031,106.031081
6032,106.032067
6033,106.032924
6034,106.034079
6035,106.034925
6036,106.035931
6037,106.036981
6038,106.038069
6039,106.038993
6040,106.040074
6041,106.040902
6042,106.042084
6043,106.043044
6044,106.044087
6045,106.044933
6046,106.045927
6047,106.046998
6048,106.047940
6049,106.049032
6050,106.050032
6051,106.051091
6052,106.051950
6053,106.053010
6054,106.054095
6055,106.055034
6056,106.055949
6057,106.057074
6058,106.057990
6059,106.059042
6060,106.059963
6061,106.061044
6062,106.062098
6063,106.063072
6064,106.064015
6065,106.064966
6066,106.065932
6067,106.067013
6068,106.067951
6069,106.069074
6070,106.069945
6071,106.070970
6072,106.071977
6073,106.073074
6074,106.074012
6075,106.074925
6076,106.075903
6077,106.076941
6078,106.078014
6079,106.079022
6080,106.080009
6081,106.081032
6082,106.081960
6083,106.082995
6084,106.084093
6085,106.085082
6086,106.086065
6087,106.086954
6088,106.088095
6089,106.089090
6090,106.089900
6091,106.090912
6092,106.091952
6093,106.093072
6094,106.093995
6095,106.095014
6096,106.095950
6097,106.096927
6098,106.098025
6099,106.099071
6100,106.100037
6101,106.101052
6102,106.101905
6103,106.102968
6104,106.104091
6105,106.105082
6106,106.106006
6107,106.106999
6108,106.108068
6109,106.108934
6110,106.110099
6111,106.111051
6112,106.112030
6113,106.112988
6114,106.114027
6115,106.115086
6116,106.115991
6117,106.117004
6118,106.117968
6119,106.119073
6120,106.119991
6121,106.120986
6122,106.121946
6123,106.123092
6124,106.124095
6125,106.125052
6126,106.125983
6127,106.126938
6128,106.127911
6129,106.128931
6130,106.130025
6131,106.131027
6132,106.132081
6133,106.132946
6134,106.134083
6135,106.135084
6136,106.136060
6137,106.137032
6138,106.137952
6139,106.138995
6140,106.140065
6141,106.140987
6142,106.142065
6143,106.143070
6144,106.144043
6145,106.144940
6146,106.146024
6147,106.146907
6148,106.147932
6149,106.148917
6150,106.149937
6151,106.150979
6152,106.151943
6153,106.152972
6154,106.153989
6155,106.154938
6156,106.155937
6157,106.157097
6158,106.157935
6159,106.159096
6160,106.159983
6161,106.161013
6162,106.162067
6163,106.162921
6164,106.164081
6165,106.164991
6166,106.165918
6167,106.166959
6168,106.168060
6169,106.168973
6170,106.170072
6171,106.171074
6172,106.172071
6173,106.173025
6174,106.174049
6175,106.175055
6176,106.176075
6177,106.177090
6178,106.177909
6179,106.179093
6180,106.180098
6181,106.180982
6182,106.182028
6183,106.183071
6184,106.184060
6185,106.184922
6186,106.186068
6187,106.186951
6188,106.188043
6189,106.188962
6190,106.190069
6191,106.190958
6192,106.191920
6193,106.192988
6194,106.193971
6195,106.194928
6196,106.196095
6197,106.197092
6198,106.198034
6199,106.199062
6200,106.200026
6201,106.200975
6202,106.201995
6203,106.202937
6204,106.203904
6205,106.205064
6206,106.206013
6207,106.207015
6208,106.207989
6209,106.209052
6210,106.210058
6211,106.211038
6212,106.212051
6213,106.213058
6214,106.214066
6215,106.215081
6216,106.216002
6217,106.216956
6218,106.218054
6219,106.218977
6220,106.219918
6221,106.220917
6222,106.222085
6223,106.222907
6224,106.224086
6225,106.224994
6226,106.226089
6227,106.226975
6228,106.227998
6229,106.228981
6230,106.229950
6231,106.231025
6232,106.231971
6233,106.232996
6234,106.233923
6235,106.235054
6236,106.235904
6237,106.237044
6238,106.237949
6239,106.238907
6240,106.239999
6241,106.241078
6242,106.241994
6243,106.242914
6244,106.243975
6245,106.245045
6246,106.246100
6247,106.246918
6248,106.248012
6249,106.248917
6250,106.249989
6251,106.251071
6252,106.252026
6253,106.253026
6254,106.253980
6255,106.255042
6256,106.256021
6257,106.257011
6258,106.258086
6259,106.259006
6260,106.259966
6261,106.260955
6262,106.261978
6263,106.263085
6264,106.263984
6265,106.264908
6266,106.266084
6267,106.267053
6268,106.268071
6269,106.269042
6270,106.270080
6271,106.270930
6272,106.272070
6273,106.272907
6274,106.274092
6275,106.274946
6276,106.275929
6277,106.276999
6278,106.278030
6279,106.279069
6280,106.280001
6281,106.281080
6282,106.281950
6283,106.282908
6284,106.283959
6285,106.284945
6286,106.286013
6287,106.287083
6288,106.288065
6289,106.289015
6290,106.289915
6291,106.291020
6292,106.292041
6293,106.293043
6294,106.293907
6295,106.294943
6296,106.296013
6297,106.297018
6298,106.298089
6299,106.299084
6300,106.300047
6301,106.300990
6302,106.302048
6303,106.302993
6304,106.303935
6305,106.305024
6306,106.306015
6307,106.306946
6308,106.307928
6309,106.308983
6310,106.310034
6311,106.311056
6312,106.311910
6313,106.312903
6314,106.313928
6315,106.314965
6316,106.315980
6317,106.316960
6318,106.317941
6319,106.319045
6320,106.320027
6321,106.320976
6322,106.321990
6323,106.323003
6324,106.323977
6325,106.325025
6326,106.325967
6327,106.326906
6328,106.327913
6329,106.328905
6330,106.330063
6331,106.331021
6332,106.332022
6333,106.332968
6334,106.334008
6335,106.335017
6336,106.335954
6337,106.336920
6338,106.337919
6339,106.338983
6340,106.340040
6341,106.341021
6342,106.341929
6343,106.342988
6344,106.343916
6345,106.345011
6346,106.346096
6347,106.346987
6348,106.348013
6349,106.349013
6350,106.349953
6351,106.350991
6352,106.351990
6353,106.352949
6354,106.353989
6355,106.355022
6356,106.355969
6357,106.357038
6358,106.358081
6359,106.359006
6360,106.360055
6361,106.361087
6362,106.362067
6363,106.363034
6364,106.364087
6365,106.364983
6366,106.365919
6367,106.366921
6368,106.368098
6369,106.368948
6370,106.369947
6371,106.370926
6372,106.371939
6373,106.372920
6374,106.374015
6375,106.375004
6376,106.376054
6377,106.377074
6378,106.377977
6379,106.378969
6380,106.379982
6381,106.381006
6382,106.381983
6383,106.383083
6384,106.384014
6385,106.384966
6386,106.386077
6387,106.387014
6388,106.388002
6389,106.388937
6390,106.389974
6391,106.390998
6392,106.392071
6393,106.393058
6394,106.393902
6395,106.394927
6396,106.395958
6397,106.396969
6398,106.397952
6399,106.399073
6400,106.400073
6401,106.400932
6402,106.401933
6403,106.402949
6404,106.403945
6405,106.404921
6406,106.405911
6407,106.407080
6408,106.407977
6409,106.409025
6410,106.410077
6411,106.411090
6412,106.412049
6413,106.412995
6414,106.413997
6415,106.414938
6416,106.415968
6417,106.417095
6418,106.417910
6419,106.419093
6420,106.419942
6421,106.421052
6422,106.421974
6423,106.423089
6424,106.423977
6425,106.425013
6426,106.425934
6427,106.427002
6428,106.427932
6429,106.429039
6430,106.430020
6431,106.430908
6432,106.431921
6433,106.433079
6434,106.434018
6435,106.434925
6436,106.435911
6437,106.436955
6438,106.438088
6439,106.438943
6440,106.440073
6441,106.441067
6442,106.441911
6443,106.443003
6444,106.443939
6445,106.444903
6446,106.446074
6447,106.447003
6448,106.447906
6449,106.448932
6450,106.449967
6451,106.451056
6452,106.452059
6453,106.452974
6454,106.453975
6455,106.454979
6456,106.455975
6457,106.456960
6458,106.458009
6459,106.458927
6460,106.460053
6461,106.460915
6462,106.462099
6463,106.462999
6464,106.464002
6465,106.464989
6466,106.465940
6467,106.466931
6468,106.467914
6469,106.468949
6470,106.469919
6471,106.471003
6472,106.472045
6473,106.472906
6474,106.474054
6475,106.474966
6476,106.476097
6477,106.476994
6478,106.477972
6479,106.478905
6480,106.480062
6481,106.480959
6482,106.482007
6483,106.482902
6484,106.484036
6485,106.484923
6486,106.485928
6487,106.486900
6488,106.487963
6489,106.489040
6490,106.489976
6491,106.490908
6492,106.492098
6493,106.493034
6494,106.494055
6495,106.495039
6496,106.495936
6497,106.497087
6498,106.498067
6499,106.499034
6500,106.499983
6501,106.500994
6502,106.502092
6503,106.502969
6504,106.504096
6505,106.505041
6506,106.505987
6507,106.506940
6508,106.508042
6509,106.509060
6510,106.510002
6511,106.510930
6512,106.511988
6513,106.513030
6514,106.514078
6515,106.515014
6516,106.516016
6517,106.517018
6518,106.518054
6519,106.518994
6520,106.519909
6521,106.520914
6522,106.521956
6523,106.523042
6524,106.524021
6525,106.525087
6526,106.526091
6527,106.526961
6528,106.528068
6529,106.529033
6530,106.530065
6531,106.531050
6532,106.532005
6533,106.533068
6534,106.534073
6535,106.534930
6536,106.536088
6537,106.537037
6538,106.537920
6539,106.538901
6540,106.539969
6541,106.541054
6542,106.541979
6543,106.543097
6544,106.543906
6545,106.545029
6546,106.546002
6547,106.547014
6548,106.548014
6549,106.548952
6550,106.549959
6551,106.550934
6552,106.551981
6553,106.553003
6554,106.553925
6555,106.555084
6556,106.556023
6557,106.556916
6558,106.557956
6559,106.558921
6560,106.560030
6561,106.560975
6562,106.561983
6563,106.562969
6564,106.563928
6565,106.565071
6566,106.565921
6567,106.566940
6568,106.568020
6569,106.569085
6570,106.569910
6571,106.571009
6572,106.572043
6573,106.573038
6574,106.574053
6575,106.575020
6576,106.576086
6577,106.577027
6578,106.577954
6579,106.579045
6580,106.579927
6581,106.580985
6582,106.581931
6583,106.582908
6584,106.584025
6585,106.585070
6586,106.585960
6587,106.586936
6588,106.588036
6589,106.589028
6590,106.590017
6591,106.591028
6592,106.591907
6593,106.592988
6594,106.594090
6595,106.594967
6596,106.596083
6597,106.596945
6598,106.597933
6599,106.598940
6600,106.599997
6601,106.601060
6602,106.602050
6603,106.603061
6604,106.604023
6605,106.605082
6606,106.606071
6607,106.606955
6608,106.607927
6609,106.608903
6610,106.609964
6611,106.610932
6612,106.612008
6613,106.612949
6614,106.614018
6615,106.614916
6616,106.615949
6617,106.616962
6618,106.618062
6619,106.619024
6620,106.620087
6621,106.621044
6622,106.622089
6623,106.622994
6624,106.623943
6625,106.624942
6626,106.626090
6627,106.627044
6628,106.628009
6629,106.629056
6630,106.630059
6631,106.630908
6632,106.631928
6633,106.632915
6634,106.633984
6635,106.634926
6636,106.636043
6637,106.636983
6638,106.638051
6639,106.639038
6640,106.639963
6641,106.641081
6642,106.641991
6643,106.642905
6644,106.643979
6645,106.644918
6646,106.645952
6647,106.647047
6648,106.647904
6649,106.649078
6650,106.650078
6651,106.650998
6652,106.652035
6653,106.653038
6654,106.653998
6655,106.654932
6656,106.656072
6657,106.657045
6658,106.657966
6659,106.659098
6660,106.660047
6661,106.660913
6662,106.661932
6663,106.663074
6664,106.664045
6665,106.664968
6666,106.665945
6667,106.666986
6668,106.667960
6669,106.669002
6670,106.669938
6671,106.670926
6672,106.671910
6673,106.673045
6674,106.674002
6675,106.674926
6676,106.675978
6677,106.676944
6678,106.677966
6679,106.679049
6680,106.679971
6681,106.681055
6682,106.682006
6683,106.683036
6684,106.684096
6685,106.685004
6686,106.686093
6687,106.686939
6688,106.688036
6689,106.689042
6690,106.689905
6691,106.691048
6692,106.691982
6693,106.693013
6694,106.694028
6695,106.695059
6696,106.695909
6697,106.696994
6698,106.698086
6699,106.699024
6700,106.699990
6701,106.700975
6702,106.701964
6703,106.702914
6704,106.703914
6705,106.705099
6706,106.705935
6707,106.707048
6708,106.707948
6709,106.709015
6710,106.709960
6711,106.711048
6712,106.712097
6713,106.713067
6714,106.714053
6715,106.714997
6716,106.716028
6717,106.717020
6718,106.717963
6719,106.719071
6720,106.719944
6721,106.720987
6722,106.721935
6723,106.723034
6724,106.723916
6725,106.725048
6726,106.725989
6727,106.727062
6728,106.728044
6729,106.729088
6730,106.730017
6731,106.730915
6732,106.732047
6733,106.732986
6734,106.733915
6735,106.734928
6736,106.735982
6737,106.737042
6738,106.738087
6739,106.738972
6740,106.740092
6741,106.741057
6742,106.741973
6743,106.742982
6744,106.744084
6745,106.744915
6746,106.746098
6747,106.746905
6748,106.748070
6749,106.749005
6750,106.750059
6751,106.751071
6752,106.752019
6753,106.753059
6754,106.754013
6755,106.754993
6756,106.756056
6757,106.756978
6758,106.757986
6759,106.758970
6760,106.760013
6761,106.761064
6762,106.762024
6763,106.762907
6764,106.763913
6765,106.765006
6766,106.766010
6767,106.766922
6768,106.767922
6769,106.768914
6770,106.769958
6771,106.770947
6772,106.772040
6773,106.773022
6774,106.773922
6775,106.774962
6776,106.775998
6777,106.777029
6778,106.777985
6779,106.778975
6780,106.779905
6781,106.780916
6782,106.782042
6783,106.783067
6784,106.784047
6785,106.785006
6786,106.786055
6787,106.786928
6788,106.788059
6789,106.788912
6790,106.790020
6791,106.790997
6792,106.791980
6793,106.793042
6794,106.794054
6795,106.795017
6796,106.796018
6797,106.796912
6798,106.797918
6799,106.798902
6800,106.799980
6801,106.800958
6802,106.801938
6803,106.802951
6804,106.803914
6805,106.804921
6806,106.806001
6807,106.807084
6808,106.808034
6809,106.809049
6810,106.809906
6811,106.811002
6812,106.812093
6813,106.813075
6814,106.813909
6815,106.814961
6816,106.815952
6817,106.816937
6818,106.817932
6819,106.818947
6820,106.819924
6821,106.820968
6822,106.822091
6823,106.823075
6824,106.824055
6825,106.825076
6826,106.825950
6827,106.827012
6828,106.827955
6829,106.828965
6830,106.829908
6831,106.831042
6832,106.831977
6833,106.832941
6834,106.834004
6835,106.834973
6836,106.835941
6837,106.837096
6838,106.838027
6839,106.838934
6840,106.839929
6841,106.841068
6842,106.842098
6843,106.842934
6844,106.844009
6845,106.844966
6846,106.845934
6847,106.847029
6848,106.847959
6849,106.849027
6850,106.850023
6851,106.851016
6852,106.851984
6853,106.852915
6854,106.854091
6855,106.854908
6856,106.855930
6857,106.856982
6858,106.858086
6859,106.859008
6860,106.859966
6861,106.860917
6862,106.861947
6863,106.863026
6864,106.864098
6865,106.865092
6866,106.866084
6867,106.867092
6868,106.867955
6869,106.868913
6870,106.870032
6871,106.870903
6872,106.872002
6873,106.873064
6874,106.873954
6875,106.874945
6876,106.875946
6877,106.877011
6878,106.878022
6879,106.878955
6880,106.880061
6881,106.881000
6882,106.881989
6883,106.882904
6884,106.883991
6885,106.884969
6886,106.885932
6887,106.887073
6888,106.888069
6889,106.888949
6890,106.889940
6891,106.891053
6892,106.892001
6893,106.893082
6894,106.894086
6895,106.895031
6896,106.895967
6897,106.897004
6898,106.898019
6899,106.899069
6900,106.899959
6901,106.900984
6902,106.901972
6903,106.903056
6904,106.903959
6905,106.904978
6906,106.905905
6907,106.907071
6908,106.907932
6909,106.909093
6910,106.909911
6911,106.910903
6912,106.911967
6913,106.912975
6914,106.914081
6915,106.915090
6916,106.915926
6917,106.916986
6918,106.917950
6919,106.919019
6920,106.919942
6921,106.920955
6922,106.921998
6923,106.923064
6924,106.924092
6925,106.925024
6926,106.926047
6927,106.926944
6928,106.927984
6929,106.928998
6930,106.929947
6931,106.930931
6932,106.931902
6933,106.933019
6934,106.934013
6935,106.934985
6936,106.936031
6937,106.937052
6938,106.937952
6939,106.939028
6940,106.940058
6941,106.940947
6942,106.942063
6943,106.942929
6944,106.943950
6945,106.944954
6946,106.946016
6947,106.946972
6948,106.947995
6949,106.949066
6950,106.949929
6951,106.951034
6952,106.951911
6953,106.952911
6954,106.954080
6955,106.954949
6956,106.956053
6957,106.957093
6958,106.958027
6959,106.959067
6960,106.960095
6961,106.961047
6962,106.962067
6963,106.963047
6964,106.964072
6965,106.964965
6966,106.966044
6967,106.967042
6968,106.968066
6969,106.968919
6970,106.969973
6971,106.971083
6972,106.972055
6973,106.973044
6974,106.973993
6975,106.975072
6976,106.975974
6977,106.976932
6978,106.977924
6979,106.979019
6980,106.979905
6981,106.981091
6982,106.981922
6983,106.982932
6984,106.984040
6985,106.984904
6986,106.986035
6987,106.986988
6988,106.988028
6989,106.989060
6990,106.989970
6991,106.991054
6992,106.992001
6993,106.993075
6994,106.993935
6995,106.995004
6996,106.996093
6997,106.997021
6998,106.998002
6999,106.998941
7000,106.999962
7001,107.000931
7002,107.001982
7003,107.003006
7004,107.003936
7005,107.004903
7006,107.006020
7007,107.007009
7008,107.007980
7009,107.008920
7010,107.009919
7011,107.010954
7012,107.012074
7013,107.012921
7014,107.013920
7015,107.014915
7016,107.015911
7017,107.017011
7018,107.018009
7019,107.019065
7020,107.020068
7021,107.020950
7022,107.021990
7023,107.023058
7024,107.023990
7025,107.025011
7026,107.025905
7027,107.026906
7028,107.027971
7029,107.028936
7030,107.029989
7031,107.030950
7032,107.032014
7033,107.032942
7034,107.033932
7035,107.035075
7036,107.036074
7037,107.037007
7038,107.037971
7039,107.038995
7040,107.040072
7041,107.040989
7042,107.041962
7043,107.043099
7044,107.043963
7045,107.044917
7046,107.045900
7047,107.046998
7048,107.048039
7049,107.048956
7050,107.050099
7051,107.050931
7052,107.052096
7053,107.053097
7054,107.053963
7055,107.055098
7056,107.055920
7057,107.056972
7058,107.057997
7059,107.059038
7060,107.060013
7061,107.060913
7062,107.062024
7063,107.062969
7064,107.064060
7065,107.064994
7066,107.066090
7067,107.067092
7068,107.068024
7069,107.068999
7070,107.069980
7071,107.070960
7072,107.072053
7073,107.073012
7074,107.074045
7075,107.074962
7076,107.075995
7077,107.077054
7078,107.077990
7079,107.078947
7080,107.079996
7081,107.081020
7082,107.082030
7083,107.082934
7084,107.083928
7085,107.084995
7086,107.086078
7087,107.086948
7088,107.088070
7089,107.088957
7090,107.090037
7091,107.090949
7092,107.091900
7093,107.093096
7094,107.094074
7095,107.094986
7096,107.096074
7097,107.096912
7098,107.098017
7099,107.099016
7100,107.099931
7101,107.100901
7102,107.101982
7103,107.103011
7104,107.103983
7105,107.105000
7106,107.105919
7107,107.106956
7108,107.108028
7109,107.109016
7110,107.109963
7111,107.111049
7112,107.111907
7113,107.112904
7114,107.113965
7115,107.114901
7116,107.116013
7117,107.117092
7118,107.118050
7119,107.118910
7120,107.120007
7121,107.121065
7122,107.122053
7123,107.123068
7124,107.123937
7125,107.125021
7126,107.126008
7127,107.126923
7128,107.128064
7129,107.128924
7130,107.129997
7131,107.130982
7132,107.131960
7133,107.132920
7134,107.133997
7135,107.134907
7136,107.136094
7137,107.136938
7138,107.137935
7139,107.139004
7140,107.140005
7141,107.141078
7142,107.141946
7143,107.143080
7144,107.144045
7145,107.144962
7146,107.146038
7147,107.147092
7148,107.148091
7149,107.149059
7150,107.149995
7151,107.150905
7152,107.151960
7153,107.152947
7154,107.154068
7155,107.154952
7156,107.156047
7157,107.157049
7158,107.157986
7159,107.159032
7160,107.160067
7161,107.161020
7162,107.162003
7163,107.163067
7164,107.164040
7165,107.165011
7166,107.166070
7167,107.167070
7168,107.167970
7169,107.169091
7170,107.169992
7171,107.171037
7172,107.171993
7173,107.173094
7174,107.173911
7175,107.175070
7176,107.175930
7177,107.177092
7178,107.178066
7179,107.178900
7180,107.179956
7181,107.180909
7182,107.182030
7183,107.183036
7184,107.183919
7185,107.185006
7186,107.185992
7187,107.186935
7188,107.187985
7189,107.189097
7190,107.189944
7191,107.190920
7192,107.192031
7193,107.192967
7194,107.194016
7195,107.194904
7196,107.196044
7197,107.197039
7198,107.198002
7199,107.199084
7200,107.200083
7201,107.201081
7202,107.202100
7203,107.203081
7204,107.203912
7205,107.205050
7206,107.206088
7207,107.207098
7208,107.207953
7209,107.209084
7210,107.210087
7211,107.211025
7212,107.212023
7213,107.212989
7214,107.213971
7215,107.214969
7216,107.216059
7217,107.217030
7218,107.217972
7219,107.219035
7220,107.220047
7221,107.220938
7222,107.221934
7223,107.223070
7224,107.223926
7225,107.224939
7226,107.226055
7227,107.226943
7228,107.228040
7229,107.229085
7230,107.230006
7231,107.230997
7232,107.231943
7233,107.233087
7234,107.234055
7235,107.234968
7236,107.236009
7237,107.237075
7238,107.237986
7239,107.238968
7240,107.240004
7241,107.241064
7242,107.242050
7243,107.242928
7244,107.243998
7245,107.245071
7246,107.246034
7247,107.247095
7248,107.248038
7249,107.248991
7250,107.249940
7251,107.250983
7252,107.252041
7253,107.252971
7254,107.253998
7255,107.254901
7256,107.256066
7257,107.256916
7258,107.258001
7259,107.258952
7260,107.260024
7261,107.260916
7262,107.261926
7263,107.263013
7264,107.264016
7265,107.264916
7266,107.266029
7267,107.267054
7268,107.268041
7269,107.268998
7270,107.269918
7271,107.271004
7272,107.271984
7273,107.272987
7274,107.273911
7275,107.274912
7276,107.276010
7277,107.277005
7278,107.278013
7279,107.278937
7280,107.279949
7281,107.280911
7282,107.282058
7283,107.282954
7284,107.283949
7285,107.285062
7286,107.285925
7287,107.286992
7288,107.288079
7289,107.289073
7290,107.289912
7291,107.290969
7292,107.291955
7293,107.293026
7294,107.294074
7295,107.295010
7296,107.296057
7297,107.296930
7298,107.297935
7299,107.299005
7300,107.300022
7301,107.301008
7302,107.301943
7303,107.303096
7304,107.304061
7305,107.305014
7306,107.306055
7307,107.307045
7308,107.308015
7309,107.308961
7310,107.310030
7311,107.311042
7312,107.311958
7313,107.312908
7314,107.314007
7315,107.314962
7316,107.316068
7317,107.317082
7318,107.317908
7319,107.319090
7320,107.319979
7321,107.321085
7322,107.321914
7323,107.323018
7324,107.324084
7325,107.324907
7326,107.325911
7327,107.327092
7328,107.327972
7329,107.329030
7330,107.330033
7331,107.330951
7332,107.331908
7333,107.332954
7334,107.334080
7335,107.334937
7336,107.335948
7337,107.337083
7338,107.338004
7339,107.339022
7340,107.339958
7341,107.340934
7342,107.342011
7343,107.343063
7344,107.343939
7345,107.345012
7346,107.346006
7347,107.347023
7348,107.347961
7349,107.349045
7350,107.349936
7351,107.351070
7352,107.352065
7353,107.352973
7354,107.353951
7355,107.354995
7356,107.356035
7357,107.357038
7358,107.358025
7359,107.359051
7360,107.360004
7361,107.360988
7362,107.361901
7363,107.362940
7364,107.364009
7365,107.365063
7366,107.366083
7367,107.367012
7368,107.368013
7369,107.368964
7370,107.370062
7371,107.370963
7372,107.372042
7373,107.372978
7374,107.373924
7375,107.375004
7376,107.375945
7377,107.376901
7378,107.378018
7379,107.379015
7380,107.379967
7381,107.381085
7382,107.382069
7383,107.383088
7384,107.383960
7385,107.385078
7386,107.385979
7387,107.386966
7388,107.387951
7389,107.389073
7390,107.389947
7391,107.390976
7392,107.392055
7393,107.392909
7394,107.394082
7395,107.395026
7396,107.396009
7397,107.396983
7398,107.397941
7399,107.399090
7400,107.399946
7401,107.401006
7402,107.401958
7403,107.402934
7404,107.404004
7405,107.405043
7406,107.405922
7407,107.406927
7408,107.408009
7409,107.408933
7410,107.410020
7411,107.410974
7412,107.411919
7413,107.413060
7414,107.413954
7415,107.415085
7416,107.416066
7417,107.417018
7418,107.418087
7419,107.418962
7420,107.420046
7421,107.420980
7422,107.421972
7423,107.422975
7424,107.424068
7425,107.424933
7426,107.426041
7427,107.427080
7428,107.428039
7429,107.429074
7430,107.430019
7431,107.431048
7432,107.431957
7433,107.433072
7434,107.433967
7435,107.435063
7436,107.436031
7437,107.437060
7438,107.438087
7439,107.439001
7440,107.439955
7441,107.440943
7442,107.442028
7443,107.443067
7444,107.443947
7445,107.444967
7446,107.446038
7447,107.447007
7448,107.447912
7449,107.449024
7450,107.449916
7451,107.451035
7452,107.451904
7453,107.452990
7454,107.454010
7455,107.454941
7456,107.455976
7457,107.456933
7458,107.458076
7459,107.459098
7460,107.460092
7461,107.461069
7462,107.462022
7463,107.463080
7464,107.464099
7465,107.464948
7466,107.465912
7467,107.467033
7468,107.467981
7469,107.469022
7470,107.469969
7471,107.470995
7472,107.471998
7473,107.472905
7474,107.474072
7475,107.474925
7476,107.475942
7477,107.477055
7478,107.477928
7479,107.478998
7480,107.480095
7481,107.481013
7482,107.481993
7483,107.482922
7484,107.484048
7485,107.485079
7486,107.486043
7487,107.486954
7488,107.488025
7489,107.489085
7490,107.489948
7491,107.491066
7492,107.492094
7493,107.493059
7494,107.493944
7495,107.495042
7496,107.496061
7497,107.497010
7498,107.497910
7499,107.499071
7500,107.500062
7501,107.500986
7502,107.501951
7503,107.502996
7504,107.504079
7505,107.505086
7506,107.506094
7507,107.507051
7508,107.508012
7509,107.508929
7510,107.509984
7511,107.510930
7512,107.512022
7513,107.513085
7514,107.514065
7515,107.515096
7516,107.515910
7517,107.516926
7518,107.518044
7519,107.518962
7520,107.519916
7521,107.520935
7522,107.521982
7523,107.522981
7524,107.524072
7525,107.525040
7526,107.526089
7527,107.526978
7528,107.528062
7529,107.529091
7530,107.530088
7531,107.531021
7532,107.531915
7533,107.533041
7534,107.534017
7535,107.535056
7536,107.536070
7537,107.537009
7538,107.538012
7539,107.539027
7540,107.539994
7541,107.540944
7542,107.541905
7543,107.543073
7544,107.544086
7545,107.544907
7546,107.546014
7547,107.547035
7548,107.548036
7549,107.549065
7550,107.549997
7551,107.550960
7552,107.552011
7553,107.553090
7554,107.553937
7555,107.554956
7556,107.555910
7557,107.556965
7558,107.558081
7559,107.558919
7560,107.559943
7561,107.560964
7562,107.562031
7563,107.562949
7564,107.564032
7565,107.564939
7566,107.565943
7567,107.567062
7568,107.568078
7569,107.569090
7570,107.569927
7571,107.570964
7572,107.571932
7573,107.572939
7574,107.574063
7575,107.574982
7576,107.575962
7577,107.577073
7578,107.577984
7579,107.579088
7580,107.579952
7581,107.580974
7582,107.582010
7583,107.583038
7584,107.584072
7585,107.585055
7586,107.585931
7587,107.586972
7588,107.588050
7589,107.589091
7590,107.589974
7591,107.591043
7592,107.591946
7593,107.593089
7594,107.593974
7595,107.595087
7596,107.596007
7597,107.597077
7598,107.597938
7599,107.599099
7600,107.599995
7601,107.600919
7602,107.601979
7603,107.602986
7604,107.604073
7605,107.605065
7606,107.605962
7607,107.607027
7608,107.607908
7609,107.608961
7610,107.610047
7611,107.610965
7612,107.611990
7613,107.612901
7614,107.613963
7615,107.615060
7616,107.616019
7617,107.616933
7618,107.617995
7619,107.618946
7620,107.620084
7621,107.620909
7622,107.621955
7623,107.622951
7624,107.624086
7625,107.625036
7626,107.626063
7627,107.627079
7628,107.627924
7629,107.628985
7630,107.629924
7631,107.631049
7632,107.631993
7633,107.633070
7634,107.634031
7635,107.635090
7636,107.636045
7637,107.636931
7638,107.637943
7639,107.638943
7640,107.639951
7641,107.641016
7642,107.642019
7643,107.643027
7644,107.643950
7645,107.645039
7646,107.646065
7647,107.647044
7648,107.648096
7649,107.648999
7650,107.649917
7651,107.651060
7652,107.651908
7653,107.653051
7654,107.654037
7655,107.655054
7656,107.656010
7657,107.656966
7658,107.658002
7659,107.659013
7660,107.659964
7661,107.661040
7662,107.661913
7663,107.662901
7664,107.664049
7665,107.665024
7666,107.665974
7667,107.666988
7668,107.667970
7669,107.668955
7670,107.669973
7671,107.671067
7672,107.672013
7673,107.673087
7674,107.674042
7675,107.674964
7676,107.676014
7677,107.677050
7678,107.677926
7679,107.679011
7680,107.680074
7681,107.680917
7682,107.681998
7683,107.683062
7684,107.684014
7685,107.685072
7686,107.686014
7687,107.686942
7688,107.688089
7689,107.689061
7690,107.690065
7691,107.691093
7692,107.692017
7693,107.693078
7694,107.694096
7695,107.694957
7696,107.696032
7697,107.697097
7698,107.698052
7699,107.698948
7700,107.699991
7701,107.700947
7702,107.701964
7703,107.703011
7704,107.703990
7705,107.705054
7706,107.706023
7707,107.707066
7708,107.708011
7709,107.708938
7710,107.709941
7711,107.710913
7712,107.711915
7713,107.712975
7714,107.713928
7715,107.715034
7716,107.716068
7717,107.716983
7718,107.718044
7719,107.719090
7720,107.720084
7721,107.721037
7722,107.721953
7723,107.723077
7724,107.724041
7725,107.725057
7726,107.725955
7727,107.726932
7728,107.727966
7729,107.728931
7730,107.730081
7731,107.730941
7732,107.732002
7733,107.733060
7734,107.734010
7735,107.734914
7736,107.736007
7737,107.736906
7738,107.738043
7739,107.738991
7740,107.740041
7741,107.741088
7742,107.741998
7743,107.742975
7744,107.743943
7745,107.745064
7746,107.746058
7747,107.747078
7748,107.748060
7749,107.748954
7750,107.749946
7751,107.750992
7752,107.752058
7753,107.752976
7754,107.754049
7755,107.754939
7756,107.755993
7757,107.756971
7758,107.758055
7759,107.758966
7760,107.760074
7761,107.760934
7762,107.762007
7763,107.763097
7764,107.763933
7765,107.764972
7766,107.765980
7767,107.766988
7768,107.768067
7769,107.769027
7770,107.770024
7771,107.770976
7772,107.771929
7773,107.772989
7774,107.774053
7775,107.775003
7776,107.776026
7777,107.776919
7778,107.778068
7779,107.779073
7780,107.779964
7781,107.780903
7782,107.781924
7783,107.782930
7784,107.783919
7785,107.785085
7786,107.786083
7787,107.786978
7788,107.788081
7789,107.789052
7790,107.789964
7791,107.790992
7792,107.791913
7793,107.793052
7794,107.793945
7795,107.794990
7796,107.795928
7797,107.797064
7798,107.797984
7799,107.799045
7800,107.799932
7801,107.801042
7802,107.801928
7803,107.802983
7804,107.803963
7805,107.805093
7806,107.805979
7807,107.806989
7808,107.807961
7809,107.809067
7810,107.809929
7811,107.811080
7812,107.812093
7813,107.812943
7814,107.814027
7815,107.814926
7816,107.816020
7817,107.816937
7818,107.818084
7819,107.818922
7820,107.820024
7821,107.820958
7822,107.821909
7823,107.822902
7824,107.824064
7825,107.825059
7826,107.825916
7827,107.826991
7828,107.827918
7829,107.828929
7830,107.830095
7831,107.831092
7832,107.831993
7833,107.832952
7834,107.833946
7835,107.835055
7836,107.836005
7837,107.836943
7838,107.838003
7839,107.838997
7840,107.840054
7841,107.841054
7842,107.842087
7843,107.843024
7844,107.844096
7845,107.844940
7846,107.845934
7847,107.846955
7848,107.848004
7849,107.849018
7850,107.849981
7851,107.850977
7852,107.852062
7853,107.853040
7854,107.853968
7855,107.854901
7856,107.855934
7857,107.857009
7858,107.858092
7859,107.858918
7860,107.859956
7861,107.861034
7862,107.861941
7863,107.863080
7864,107.864052
7865,107.864963
7866,107.865981
7867,107.866905
7868,107.867944
7869,107.869038
7870,107.869965
7871,107.870958
7872,107.872017
7873,107.872956
7874,107.873906
7875,107.875054
7876,107.875903
7877,107.876981
7878,107.877981
7879,107.878936
7880,107.879930
7881,107.880911
7882,107.881985
7883,107.882965
7884,107.884074
7885,107.885010
7886,107.885967
7887,107.886967
7888,107.887959
7889,107.888991
7890,107.890071
7891,107.891078
7892,107.891915
7893,107.893084
7894,107.893938
7895,107.895094
7896,107.895961
7897,107.896914
7898,107.897983
7899,107.898960
7900,107.900082
7901,107.900988
7902,107.901982
7903,107.902979
7904,107.904064
7905,107.904985
7906,107.906097
7907,107.907055
7908,107.907925
7909,107.908925
7910,107.909954
7911,107.910928
7912,107.912070
7913,107.912943
7914,107.914050
7915,107.915086
7916,107.915992
7917,107.916969
7918,107.918018
7919,107.919100
7920,107.919969
7921,107.920981
7922,107.922037
7923,107.923079
7924,107.924055
7925,107.924943
7926,107.925928
7927,107.927077
7928,107.927924
7929,107.929037
7930,107.929940
7931,107.931078
7932,107.931932
7933,107.933097
7934,107.933992
7935,107.934959
7936,107.935902
7937,107.936969
7938,107.938030
7939,107.938923
7940,107.939923
7941,107.941041
7942,107.941949
7943,107.943019
7944,107.943909
7945,107.944982
7946,107.945950
7947,107.947043
7948,107.947914
7949,107.948958
7950,107.950063
7951,107.951002
7952,107.951980
7953,107.952952
7954,107.954007
7955,107.954926
7956,107.955966
7957,107.956902
7958,107.958054
7959,107.959030
7960,107.959901
7961,107.960943
7962,107.962047
7963,107.962961
7964,107.963970
7965,107.965054
7966,107.965934
7967,107.967019
7968,107.967907
7969,107.968916
7970,107.969945
7971,107.971091
7972,107.972093
7973,107.973032
7974,107.974090
7975,107.975016
7976,107.975907
7977,107.976919
7978,107.977948
7979,107.978977
7980,107.979972
7981,107.980914
7982,107.982041
7983,107.983068
7984,107.983995
7985,107.985028
7986,107.985915
7987,107.986994
7988,107.988057
7989,107.988975
7990,107.989957
7991,107.991034
7992,107.992061
7993,107.992980
7994,107.994001
7995,107.994925
7996,107.996058
7997,107.996955
7998,107.997937
7999,107.998942
8000,107.999984
8001,108.001064
8002,108.001976
8003,108.002929
8004,108.003992
8005,108.004937
8006,108.006011
8007,108.007092
8008,108.007944
8009,108.009087
8010,108.010063
8011,108.010906
8012,108.011920
8013,108.013017
8014,108.014002
8015,108.014957
8016,108.015924
8017,108.017014
8018,108.018086
8019,108.019017
8020,108.019970
8021,108.020974
8022,108.021928
8023,108.022932
8024,108.023993
8025,108.025049
8026,108.025902
8027,108.027076
8028,108.027947
8029,108.028957
8030,108.030074
8031,108.030966
8032,108.031988
8033,108.032908
8034,108.033959
8035,108.034970
8036,108.035929
8037,108.037093
8038,108.038062
8039,108.038958
8040,108.039907
8041,108.040901
8042,108.042081
8043,108.042952
8044,108.043913
8045,108.044996
8046,108.046010
8047,108.046905
8048,108.048031
8049,108.048932
8050,108.050064
8051,108.051061
8052,108.052039
8053,108.052965
8054,108.054098
8055,108.054945
8056,108.055941
8057,108.057057
8058,108.057910
8059,108.058986
8060,108.060009
8061,108.060976
8062,108.061995
8063,108.062998
8064,108.063970
8065,108.064926
8066,108.066083
8067,108.067083
8068,108.068019
8069,108.068961
8070,108.069924
8071,108.071003
8072,108.071905
8073,108.072988
8074,108.073918
8075,108.075093
8076,108.076009
8077,108.077074
8078,108.077960
8079,108.079081
8080,108.079952
8081,108.081055
8082,108.082026
8083,108.082990
8084,108.084014
8085,108.085041
8086,108.086088
8087,108.086944
8088,108.088016
8089,108.088919
8090,108.089943
8091,108.090912
8092,108.092076
8093,108.093074
8094,108.093916
8095,108.094977
8096,108.095959
8097,108.097041
8098,108.098098
8099,108.098954
8100,108.099924
8101,108.100943
8102,108.101972
8103,108.102910
8104,108.104022
8105,108.105062
8106,108.105914
8107,108.107084
8108,108.108080
8109,108.109011
8110,108.109959
8111,108.110965
8112,108.111951
8113,108.112989
8114,108.114052
8115,108.114991
8116,108.115970
8117,108.116944
8118,108.118063
8119,108.119053
8120,108.120049
8121,108.121023
8122,108.121990
8123,108.123082
8124,108.124003
8125,108.124937
8126,108.125954
8127,108.126949
8128,108.128006
8129,108.129030
8130,108.129951
8131,108.131033
8132,108.132067
8133,108.133096
8134,108.134070
8135,108.134901
8136,108.136009
8137,108.137064
8138,108.137914
8139,108.139073
8140,108.140010
8141,108.141096
8142,108.142060
8143,108.143073
8144,108.144034
8145,108.145056
8146,108.145929
8147,108.147062
8148,108.148081
8149,108.148993
8150,108.149931
8151,108.151056
8152,108.152002
8153,108.152972
8154,108.154026
8155,108.154906
8156,108.156030
8157,108.157027
8158,108.157913
8159,108.158950
8160,108.160087
8161,108.161033
8162,108.162090
8163,108.162986
8164,108.163972
8165,108.164954
8166,108.166096
8167,108.167057
8168,108.167924
8169,108.168982
8170,108.169976
8171,108.170964
8172,108.172080
8173,108.173011
8174,108.173995
8175,108.175078
8176,108.176069
8177,108.177082
8178,108.177950
8179,108.179061
8180,108.179977
8181,108.181086
8182,108.181984
8183,108.182951
8184,108.184006
8185,108.184962
8186,108.186028
8187,108.186935
8188,108.188065
8189,108.188938
8190,108.190020
8191,108.191069
8192,108.191952
8193,108.192985
8194,108.194035
8195,108.195032
8196,108.195946
8197,108.196910
8198,108.198092
8199,108.199062
8200,108.200065
8201,108.200982
8202,108.201981
8203,108.202907
8204,108.204028
8205,108.205063
8206,108.206100
8207,108.207047
8208,108.208003
8209,108.208991
8210,108.209981
8211,108.211008
8212,108.211937
8213,108.213045
8214,108.214020
8215,108.214921
8216,108.216010
8217,108.216903
8218,108.217923
8219,108.218918
8220,108.219993
8221,108.221000
8222,108.221913
8223,108.222979
8224,108.224004
8225,108.225028
8226,108.225908
8227,108.227072
8228,108.228046
8229,108.228917
8230,108.229960
8231,108.230970
8232,108.232046
8233,108.232954
8234,108.234018
8235,108.235007
8236,108.236065
8237,108.237019
8238,108.237956
8239,108.239086
8240,108.240074
8241,108.240962
8242,108.242013
8243,108.243053
8244,108.243974
8245,108.245017
8246,108.245927
8247,108.247067
8248,108.247980
8249,108.249085
8250,108.249957
8251,108.250946
8252,108.251965
8253,108.252976
8254,108.253967
8255,108.255035
8256,108.256057
8257,108.257036
8258,108.258078
8259,108.258949
8260,108.259971
8261,108.261094
8262,108.262084
8263,108.263066
8264,108.263965
8265,108.264910
8266,108.266040
8267,108.267043
8268,108.267906
8269,108.269060
8270,108.269954
8271,108.270987
8272,108.271905
8273,108.272914
8274,108.273902
8275,108.275014
8276,108.275978
8277,108.276968
8278,108.278014
8279,108.279078
8280,108.279939
8281,108.280984
8282,108.281943
8283,108.283026
8284,108.283937
8285,108.284966
8286,108.285974
8287,108.286938
8288,108.287957
8289,108.289041
8290,108.289921
8291,108.291026
8292,108.291929
8293,108.292905
8294,108.294009
8295,108.295031
8296,108.295979
8297,108.296942
8298,108.297903
8299,108.299069
8300,108.299925
8301,108.300927
8302,108.301974
8303,108.302965
8304,108.303939
8305,108.305053
8306,108.305958
8307,108.306914
8308,108.308006
8309,108.308945
8310,108.309927
8311,108.311033
8312,108.311946
8313,108.313100
8314,108.314002
8315,108.314946
8316,108.315969
8317,108.317037
8318,108.317946
8319,108.318969
8320,108.320048
8321,108.321092
8322,108.322028
8323,108.322932
8324,108.323950
8325,108.324944
8326,108.325920
8327,108.327059
8328,108.328074
8329,108.329019
8330,108.329963
8331,108.331067
8332,108.332006
8333,108.333043
8334,108.333976
8335,108.335027
8336,108.335923
8337,108.337054
8338,108.337907
8339,108.338983
8340,108.339941
8341,108.341009
8342,108.342052
8343,108.343082
8344,108.344064
8345,108.345042
8346,108.346061
8347,108.347059
8348,108.347942
8349,108.348985
8350,108.349996
8351,108.351079
8352,108.352068
8353,108.353097
8354,108.354004
8355,108.355099
8356,108.356001
8357,108.356935
8358,108.357978
8359,108.359089
8360,108.359980
8361,108.360991
8362,108.361941
8363,108.362970
8364,108.364052
8365,108.365075
8366,108.365926
8367,108.366921
8368,108.367982
8369,108.368906
8370,108.369926
8371,108.370903
8372,108.372048
8373,108.373022
8374,108.374097
8375,108.374982
8376,108.376048
8377,108.376926
8378,108.377908
8379,108.379023
8380,108.379919
8381,108.380965
8382,108.382049
8383,108.382958
8384,108.384033
8385,108.385097
8386,108.386042
8387,108.386952
8388,108.387929
8389,108.388929
8390,108.390010
8391,108.390960
8392,108.392078
8393,108.393030
8394,108.393982
8395,108.395030
8396,108.396087
8397,108.396986
8398,108.398015
8399,108.399073
8400,108.400073
8401,108.400990
8402,108.401935
8403,108.403096
8404,108.403993
8405,108.405084
8406,108.406083
8407,108.407100
8408,108.408001
8409,108.409020
8410,108.409956
8411,108.411010
8412,108.412085
8413,108.413040
8414,108.413915
8415,108.414940
8416,108.416089
8417,108.416959
8418,108.418018
8419,108.418957
8420,108.420079
8421,108.421070
8422,108.421963
8423,108.423046
8424,108.424028
8425,108.424920
8426,108.425956
8427,108.427027
8428,108.428046
8429,108.429009
8430,108.430021
8431,108.430958
8432,108.431947
8433,108.433022
8434,108.433983
8435,108.434906
8436,108.436053
8437,108.437087
8438,108.438093
8439,108.439025
8440,108.439978
8441,108.441018
8442,108.441992
8443,108.443038
8444,108.443990
8445,108.444921
8446,108.446073
8447,108.446965
8448,108.448036
8449,108.448963
8450,108.449934
8451,108.450917
8452,108.452058
8453,108.452961
8454,108.453981
8455,108.454944
8456,108.456013
8457,108.456968
8458,108.457928
8459,108.459043
8460,108.459966
8461,108.461034
8462,108.461987
8463,108.462991
8464,108.463932
8465,108.465089
8466,108.465961
8467,108.466959
8468,108.468063
8469,108.468992
8470,108.469943
8471,108.470970
8472,108.471959
8473,108.473015
8474,108.474086
8475,108.475008
8476,108.476084
8477,108.476942
8478,108.478057
8479,108.479030
8480,108.480022
8481,108.480900
8482,108.482085
8483,108.482910
8484,108.484036
8485,108.484908
8486,108.485901
8487,108.486927
8488,108.487970
8489,108.488932
8490,108.489993
8491,108.490957
8492,108.491976
8493,108.492937
8494,108.494068
8495,108.495044
8496,108.496077
8497,108.496989
8498,108.497972
8499,108.498914
8500,108.500021
8501,108.501030
8502,108.502014
8503,108.503072
8504,108.504029
8505,108.505038
8506,108.505979
8507,108.506925
8508,108.508014
8509,108.509079
8510,108.509958
8511,108.511098
8512,108.512045
8513,108.513032
8514,108.513972
8515,108.515061
8516,108.516100
8517,108.516929
8518,108.517910
8519,108.518950
8520,108.520012
8521,108.520978
8522,108.522049
8523,108.523060
8524,108.523901
8525,108.525046
8526,108.526028
8527,108.526946
8528,108.528045
8529,108.528917
8530,108.529964
8531,108.531017
8532,108.531919
8533,108.533027
8534,108.533967
8535,108.535040
8536,108.535925
8537,108.537024
8538,108.537923
8539,108.538985
8540,108.539933
8541,108.540988
8542,108.542057
8543,108.542935
8544,108.543965
8545,108.545043
8546,108.545959
8547,108.546955
8548,108.548018
8549,108.548941
8550,108.549902
8551,108.551053
8552,108.551969
8553,108.552950
8554,108.554067
8555,108.555084
8556,108.555978
8557,108.556997
8558,108.558018
8559,108.559065
8560,108.559932
8561,108.560938
8562,108.562072
8563,108.563025
8564,108.564041
8565,108.564964
8566,108.565934
8567,108.567065
8568,108.568057
8569,108.569058
8570,108.569925
8571,108.571074
8572,108.571976
8573,108.573044
8574,108.574038
8575,108.575045
8576,108.576001
8577,108.576944
8578,108.578053
8579,108.578913
8580,108.580055
8581,108.580959
8582,108.581999
8583,108.582988
8584,108.584054
8585,108.585038
8586,108.585938
8587,108.587086
8588,108.588052
8589,108.588960
8590,108.590090
8591,108.590923
8592,108.592002
8593,108.593079
8594,108.593940
8595,108.595071
8596,108.596088
8597,108.597005
8598,108.598061
8599,108.599029
8600,108.600061
8601,108.601029
8602,108.601965
8603,108.603082
8604,108.603916
8605,108.605086
8606,108.606080
8607,108.606983
8608,108.607958
8609,108.608977
8610,108.609946
8611,108.610947
8612,108.612003
8613,108.613018
8614,108.614053
8615,108.615014
8616,108.616007
8617,108.617029
8618,108.617983
8619,108.619067
8620,108.620099
8621,108.621030
8622,108.621939
8623,108.622987
8624,108.623979
8625,108.625092
8626,108.625966
8627,108.626971
8628,108.627940
8629,108.629025
8630,108.630079
8631,108.631027
8632,108.631936
8633,108.633046
8634,108.634096
8635,108.635089
8636,108.636021
8637,108.636958
8638,108.637944
8639,108.639028
8640,108.640002
8641,108.641023
8642,108.642049
8643,108.642929
8644,108.643983
8645,108.645026
8646,108.646097
8647,108.647092
8648,108.648025
8649,108.649003
8650,108.650020
8651,108.651057
8652,108.652029
8653,108.653057
8654,108.653989
8655,108.655016
8656,108.656026
8657,108.657012
8658,108.657971
8659,108.659020
8660,108.660093
8661,108.661064
8662,108.661957
8663,108.662941
8664,108.664034
8665,108.664959
8666,108.666094
8667,108.666903
8668,108.668074
8669,108.668937
8670,108.670047
8671,108.671035
8672,108.671947
8673,108.672993
8674,108.674098
8675,108.674933
8676,108.676008
8677,108.676973
8678,108.678013
8679,108.678911
8680,108.680046
8681,108.680944
8682,108.682039
8683,108.682941
8684,108.683996
8685,108.685060
8686,108.685971
8687,108.687081
8688,108.688034
8689,108.688971
8690,108.689944
8691,108.690970
8692,108.692052
8693,108.692938
8694,108.694030
8695,108.694977
8696,108.695980
8697,108.697069
8698,108.698029
8699,108.698941
8700,108.700085
8701,108.701026
8702,108.701994
8703,108.703041
8704,108.704054
8705,108.705087
8706,108.705973
8707,108.706917
8708,108.707931
8709,108.709008
8710,108.709965
8711,108.710939
8712,108.711947
8713,108.713042
8714,108.714045
8715,108.714926
8716,108.715997
8717,108.717006
8718,108.717947
8719,108.719030
8720,108.720054
8721,108.721060
8722,108.722029
8723,108.722988
8724,108.723965
8725,108.725083
8726,108.726013
8727,108.727084
8728,108.728078
8729,108.729007
8730,108.729907
8731,108.730928
8732,108.731945
8733,108.733000
8734,108.734015
8735,108.734912
8736,108.735911
8737,108.736924
8738,108.738098
8739,108.739098
8740,108.740095
8741,108.740998
8742,108.742003
8743,108.742928
8744,108.743934
8745,108.745054
8746,108.746044
8747,108.746937
8748,108.747921
8749,108.749048
8750,108.749978
8751,108.751087
8752,108.752055
8753,108.752946
8754,108.754003
8755,108.754902
8756,108.755951
8757,108.756977
8758,108.758042
8759,108.759085
8760,108.760069
8761,108.761013
8762,108.761930
8763,108.762968
8764,108.763968
8765,108.765035
8766,108.766036
8767,108.766907
8768,108.767972
8769,108.769009
8770,108.769982
8771,108.771048
8772,108.772093
8773,108.772949
8774,108.774047
8775,108.774911
8776,108.775967
8777,108.777053
8778,108.778019
8779,108.779001
8780,108.780023
8781,108.781027
8782,108.782044
8783,108.783019
8784,108.783979
8785,108.784960
8786,108.786073
8787,108.787078
8788,108.787954
8789,108.788993
8790,108.790043
8791,108.791064
8792,108.792058
8793,108.793018
8794,108.793987
8795,108.794907
8796,108.795932
8797,108.797052
8798,108.798055
8799,108.799027
8800,108.800091
8801,108.800932
8802,108.801917
8803,108.803066
8804,108.803989
8805,108.805017
8806,108.805996
8807,108.807067
8808,108.807955
8809,108.809025
8810,108.810086
8811,108.811019
8812,108.812061
8813,108.812908
8814,108.814023
8815,108.814978
8816,108.815928
8817,108.817096
8818,108.818049
8819,108.818988
8820,108.819961
8821,108.821017
8822,108.821989
8823,108.822920
8824,108.824081
8825,108.824970
8826,108.825905
8827,108.827040
8828,108.827981
8829,108.828947
8830,108.830040
8831,108.830925
8832,108.831905
8833,108.833050
8834,108.833927
8835,108.834968
8836,108.836050
8837,108.837078
8838,108.838072
8839,108.838969
8840,108.840079
8841,108.841007
8842,108.842027
8843,108.842900
8844,108.843999
8845,108.845028
8846,108.845909
8847,108.846915
8848,108.848005
8849,108.849019
8850,108.849987
8851,108.850983
8852,108.852095
8853,108.852945
8854,108.854063
8855,108.854903
8856,108.856015
8857,108.856963
8858,108.857912
8859,108.859002
8860,108.860007
8861,108.860991
8862,108.862030
8863,108.863075
8864,108.863963
8865,108.865022
8866,108.865960
8867,108.867027
8868,108.868085
8869,108.869034
8870,108.870049
8871,108.870909
8872,108.871956
8873,108.873069
8874,108.874004
8875,108.874928
8876,108.875993
8877,108.877094
8878,108.878043
8879,108.878912
8880,108.880087
8881,108.881099
8882,108.881938
8883,108.883010
8884,108.884071
8885,108.885016
8886,108.886076
8887,108.887062
8888,108.887981
8889,108.888940
8890,108.889946
8891,108.890974
8892,108.891998
8893,108.893001
8894,108.894017
8895,108.895024
8896,108.895972
8897,108.896957
8898,108.898054
8899,108.898938
8900,108.899944
8901,108.901088
8902,108.902091
8903,108.903023
8904,108.904055
8905,108.904983
8906,108.906014
8907,108.907039
8908,108.907949
8909,108.909066
8910,108.909948
8911,108.911077
8912,108.911903
8913,108.913045
8914,108.914011
8915,108.915099
8916,108.915952
8917,108.916946
8918,108.917985
8919,108.918903
8920,108.919958
8921,108.920922
8922,108.922003
8923,108.923052
8924,108.923956
8925,108.925029
8926,108.925933
8927,108.926935
8928,108.928035
8929,108.928910
8930,108.930067
8931,108.931053
8932,108.932066
8933,108.933014
8934,108.934053
8935,108.934971
8936,108.936017
8937,108.936926
8938,108.937962
8939,108.938954
8940,108.940076
8941,108.940966
8942,108.942043
8943,108.942952
8944,108.944095
8945,108.944923
8946,108.946061
8947,108.946982
8948,108.947974
8949,108.949006
8950,108.949972
8951,108.950996
8952,108.951943
8953,108.953029
8954,108.953971
8955,108.954916
8956,108.956041
8957,108.957028
8958,108.958036
8959,108.958986
8960,108.959940
8961,108.960970
8962,108.961970
8963,108.962989
8964,108.964090
8965,108.964997
8966,108.966044
8967,108.967025
8968,108.967904
8969,108.968934
8970,108.969945
8971,108.970949
8972,108.971904
8973,108.972935
8974,108.973978
8975,108.975036
8976,108.975926
8977,108.977002
8978,108.977942
8979,108.978985
8980,108.980045
8981,108.981037
8982,108.981970
8983,108.983085
8984,108.983918
8985,108.984973
8986,108.985909
8987,108.986911
8988,108.987975
8989,108.988966
8990,108.989988
8991,108.991094
8992,108.991978
8993,108.992943
8994,108.993980
8995,108.995090
8996,108.996076
8997,108.996986
8998,108.997978
8999,108.999008
9000,109.000034
9001,109.000914
9002,109.001926
9003,109.002999
9004,109.004018
9005,109.005056
9006,109.006073
9007,109.007072
9008,109.007921
9009,109.009076
9010,109.009927
9011,109.010977
9012,109.012092
9013,109.012953
9014,109.014043
9015,109.015098
9016,109.015903
9017,109.016952
9018,109.017981
9019,109.019044
9020,109.020010
9021,109.021064
9022,109.022019
9023,109.023053
9024,109.023979
9025,109.024919
9026,109.026083
9027,109.026923
9028,109.028040
9029,109.029015
9030,109.029991
9031,109.030962
9032,109.032008
9033,109.033076
9034,109.033916
9035,109.035020
9036,109.036088
9037,109.037042
9038,109.038097
9039,109.038934
9040,109.039977
9041,109.040914
9042,109.042083
9043,109.042977
9044,109.044078
9045,109.045077
9046,109.045948
9047,109.047040
9048,109.047982
9049,109.049025
9050,109.049902
9051,109.051087
9052,109.052065
9053,109.053091
9054,109.054011
9055,109.055066
9056,109.056056
9057,109.056902
9058,109.057939
9059,109.059040
9060,109.060084
9061,109.060904
9062,109.061980
9063,109.063092
9064,109.064021
9065,109.065072
9066,109.066013
9067,109.066994
9068,109.068072
9069,109.069093
9070,109.069953
9071,109.070942
9072,109.071969
9073,109.073010
9074,109.073915
9075,109.074959
9076,109.076030
9077,109.076979
9078,109.077998
9079,109.079012
9080,109.080016
9081,109.081071
9082,109.082009
9083,109.083047
9084,109.083958
9085,109.084974
9086,109.086015
9087,109.087100
9088,109.087993
9089,109.089019
9090,109.089933
9091,109.091012
9092,109.092065
9093,109.092905
9094,109.093950
9095,109.094985
9096,109.096067
9097,109.097002
9098,109.098004
9099,109.098974
9100,109.099946
9101,109.100923
9102,109.102078
9103,109.103068
9104,109.103934
9105,109.105054
9106,109.106002
9107,109.107024
9108,109.107985
9109,109.109027
9110,109.110060
9111,109.110926
9112,109.112019
9113,109.112959
9114,109.114009
9115,109.115060
9116,109.115936
9117,109.116955
9118,109.117991
9119,109.118988
9120,109.120045
9121,109.120903
9122,109.121913
9123,109.122989
9124,109.124098
9125,109.125098
9126,109.125979
9127,109.127025
9128,109.127986
9129,109.128999
9130,109.129934
9131,109.130927
9132,109.131989
9133,109.132916
9134,109.134006
9135,109.135032
9136,109.135904
9137,109.136989
9138,109.137943
9139,109.138977
9140,109.140081
9141,109.140940
9142,109.142052
9143,109.142996
9144,109.144003
9145,109.144908
9146,109.145923
9147,109.147100
9148,109.147947
9149,109.149050
9150,109.150027
9151,109.150966
9152,109.152066
9153,109.153049
9154,109.154095
9155,109.155034
9156,109.156003
9157,109.156960
9158,109.157989
9159,109.158991
9160,109.159903
9161,109.160980
9162,109.162091
9163,109.162948
9164,109.163938
9165,109.165022
9166,109.166033
9167,109.166935
9168,109.168085
9169,109.168960
9170,109.169962
9171,109.171054
9172,109.171959
9173,109.172915
9174,109.173949
9175,109.174953
9176,109.176074
9177,109.177082
9178,109.177999
9179,109.179031
9180,109.180024
9181,109.180903
9182,109.182050
9183,109.182930
9184,109.183942
9185,109.184956
9186,109.185992
9187,109.186971
9188,109.188015
9189,109.189070
9190,109.190021
9191,109.191056
9192,109.192000
9193,109.193039
9194,109.194082
9195,109.194916
9196,109.195992
9197,109.197012
9198,109.197990
9199,109.199016
9200,109.199917
9201,109.201044
9202,109.202071
9203,109.203007
9204,109.204067
9205,109.205090
9206,109.205979
9207,109.206937
9208,109.207911
9209,109.208961
9210,109.210037
9211,109.210976
9212,109.212096
9213,109.213040
9214,109.213914
9215,109.214989
9216,109.216066
9217,109.217033
9218,109.217999
9219,109.218910
9220,109.220079
9221,109.220963
9222,109.221939
9223,109.222908
9224,109.223901
9225,109.225077
9226,109.226067
9227,109.226924
9228,109.227970
9229,109.228929
9230,109.230045
9231,109.231029
9232,109.231960
9233,109.233005
9234,109.234006
9235,109.234918
9236,109.235982
9237,109.236960
9238,109.238004
9239,109.239071
9240,109.240047
9241,109.241026
9242,109.242054
9243,109.242916
9244,109.243922
9245,109.245032
9246,109.246042
9247,109.247049
9248,109.247931
9249,109.249011
9250,109.250035
9251,109.250912
9252,109.252026
9253,109.252928
9254,109.253952
9255,109.255012
9256,109.255920
9257,109.256999
9258,109.258059
9259,109.258986
9260,109.259972
9261,109.260956
9262,109.262089
9263,109.262955
9264,109.263904
9265,109.264971
9266,109.265961
9267,109.267098
9268,109.267943
9269,109.269067
9270,109.269904
9271,109.270981
9272,109.272010
9273,109.273070
9274,109.273915
9275,109.274994
9276,109.276044
9277,109.277068
9278,109.278097
9279,109.278930
9280,109.280036
9281,109.280948
9282,109.281937
9283,109.283089
9284,109.284019
9285,109.285041
9286,109.285955
9287,109.287062
9288,109.288058
9289,109.288936
9290,109.290028
9291,109.290925
9292,109.292029
9293,109.292957
9294,109.294011
9295,109.294909
9296,109.296085
9297,109.296970
9298,109.297975
9299,109.299075
9300,109.300084
9301,109.301014
9302,109.301994
9303,109.302906
9304,109.303900
9305,109.305036
9306,109.305988
9307,109.307001
9308,109.307910
9309,109.308999
9310,109.310009
9311,109.310933
9312,109.311989
9313,109.312937
9314,109.314096
9315,109.315041
9316,109.316099
9317,109.316955
9318,109.317905
9319,109.318982
9320,109.319918
9321,109.320991
9322,109.322014
9323,109.323068
9324,109.324099
9325,109.325050
9326,109.326035
9327,109.326907
9328,109.328087
9329,109.328983
9330,109.330080
9331,109.330914
9332,109.332078
9333,109.332924
9334,109.334040
9335,109.334921
9336,109.336005
9337,109.337043
9338,109.337909
9339,109.338960
9340,109.339945
9341,109.340962
9342,109.341903
9343,109.343089
9344,109.344029
9345,109.344905
9346,109.345979
9347,109.347023
9348,109.347947
9349,109.348958
9350,109.350085
9351,109.351022
9352,109.352086
9353,109.352947
9354,109.354089
9355,109.354957
9356,109.355929
9357,109.356908
9358,109.357971
9359,109.358964
9360,109.360084
9361,109.361084
9362,109.361996
9363,109.362923
9364,109.363989
9365,109.365007
9366,109.366050
9367,109.366903
9368,109.367946
9369,109.369081
9370,109.369965
9371,109.371063
9372,109.371908
9373,109.373066
9374,109.374059
9375,109.375004
9376,109.375962
9377,109.376969
9378,109.377988
9379,109.379052
9380,109.380029
9381,109.380920
9382,109.382061
9383,109.383027
9384,109.383964
9385,109.384973
9386,109.385971
9387,109.387065
9388,109.387975
9389,109.389056
9390,109.390026
9391,109.391031
9392,109.392047
9393,109.392962
9394,109.394006
9395,109.394983
9396,109.396015
9397,109.397053
9398,109.397961
9399,109.398958
9400,109.399947
9401,109.400998
9402,109.401939
9403,109.402918
9404,109.404093
9405,109.404938
9406,109.406009
9407,109.406925
9408,109.408010
9409,109.408975
9410,109.410027
9411,109.411073
9412,109.411994
9413,109.413053
9414,109.413944
9415,109.415006
9416,109.415976
9417,109.417033
9418,109.417937
9419,109.418916
9420,109.420074
9421,109.420939
9422,109.421914
9423,109.422903
9424,109.424031
9425,109.425047
9426,109.426088
9427,109.427048
9428,109.428068
9429,109.429051
9430,109.430090
9431,109.431088
9432,109.431907
9433,109.433058
9434,109.433984
9435,109.435019
9436,109.436056
9437,109.436927
9438,109.438052
9439,109.438906
9440,109.439963
9441,109.440971
9442,109.442012
9443,109.442994
9444,109.444099
9445,109.445046
9446,109.446067
9447,109.447076
9448,109.447970
9449,109.449080
9450,109.450011
9451,109.450954
9452,109.451949
9453,109.453062
9454,109.453929
9455,109.455045
9456,109.455913
9457,109.457012
9458,109.458031
9459,109.459020
9460,109.459920
9461,109.461051
9462,109.462055
9463,109.462941
9464,109.463949
9465,109.464983
9466,109.466054
9467,109.466950
9468,109.468072
9469,109.469075
9470,109.470082
9471,109.470952
9472,109.471977
9473,109.472960
9474,109.474090
9475,109.474944
9476,109.475982
9477,109.476995
9478,109.477924
9479,109.478949
9480,109.480013
9481,109.480923
9482,109.481916
9483,109.482925
9484,109.484013
9485,109.484906
9486,109.486059
9487,109.487008
9488,109.487990
9489,109.488904
9490,109.489917
9491,109.491038
9492,109.491937
9493,109.493052
9494,109.494093
9495,109.494959
9496,109.495972
9497,109.497061
9498,109.498033
9499,109.499051
9500,109.500056
9501,109.501088
9502,109.502089
9503,109.503013
9504,109.504021
9505,109.505056
9506,109.505973
9507,109.506956
9508,109.508010
9509,109.508987
9510,109.509959
9511,109.510971
9512,109.512075
9513,109.512916
9514,109.513994
9515,109.515031
9516,109.516037
9517,109.517098
9518,109.518070
9519,109.519077
9520,109.519986
9521,109.520949
9522,109.522077
9523,109.523039
9524,109.523918
9525,109.525006
9526,109.525967
9527,109.527026
9528,109.528041
9529,109.528958
9530,109.530006
9531,109.531017
9532,109.531934
9533,109.533043
9534,109.533971
9535,109.535086
9536,109.535943
9537,109.536934
9538,109.538062
9539,109.539071
9540,109.539959
9541,109.541033
9542,109.542002
9543,109.542984
9544,109.544033
9545,109.544972
9546,109.545987
9547,109.546969
9548,109.547948
9549,109.549011
9550,109.550093
9551,109.551046
9552,109.551909
9553,109.553056
9554,109.554060
9555,109.554957
9556,109.555953
9557,109.557031
9558,109.558032
9559,109.558948
9560,109.560000
9561,109.560955
9562,109.562063
9563,109.562986
9564,109.564000
9565,109.564977
9566,109.565944
9567,109.566957
9568,109.567947
9569,109.568976
9570,109.569953
9571,109.570989
9572,109.572067
9573,109.573071
9574,109.573939
9575,109.574985
9576,109.576069
9577,109.576931
9578,109.578023
9579,109.578963
9580,109.579914
9581,109.580947
9582,109.582018
9583,109.583065
9584,109.584015
9585,109.584958
9586,109.585964
9587,109.587087
9588,109.587930
9589,109.588963
9590,109.589989
9591,109.590983
9592,109.591966
9593,109.593009
9594,109.593961
9595,109.594977
9596,109.596097
9597,109.597054
9598,109.598084
9599,109.598953
9600,109.599986
9601,109.600939
9602,109.601919
9603,109.602922
9604,109.604093
9605,109.605090
9606,109.605961
9607,109.607039
9608,109.608047
9609,109.608938
9610,109.609977
9611,109.610959
9612,109.612042
9613,109.613047
9614,109.614035
9615,109.614960
9616,109.616035
9617,109.616925
9618,109.618079
9619,109.619073
9620,109.620072
9621,109.621005
9622,109.622047
9623,109.623070
9624,109.624064
9625,109.624986
9626,109.625983
9627,109.627089
9628,109.628043
9629,109.628975
9630,109.629974
9631,109.631005
9632,109.632052
9633,109.632966
9634,109.633981
9635,109.634981
9636,109.635947
9637,109.637031
9638,109.637975
9639,109.638996
9640,109.640089
9641,109.640940
9642,109.642096
9643,109.642920
9644,109.644045
9645,109.644989
9646,109.645943
9647,109.647063
9648,109.647932
9649,109.649000
9650,109.649944
9651,109.650974
9652,109.651973
9653,109.653099
9654,109.654073
9655,109.655052
9656,109.655944
9657,109.656931
9658,109.658082
9659,109.659013
9660,109.660032
9661,109.661032
9662,109.662010
9663,109.663027
9664,109.664036
9665,109.664949
9666,109.665913
9667,109.666927
9668,109.667975
9669,109.669093
9670,109.669952
9671,109.670952
9672,109.671949
9673,109.672906
9674,109.673912
9675,109.675058
9676,109.676041
9677,109.677034
9678,109.678093
9679,109.678940
9680,109.680078
9681,109.680917
9682,109.681985
9683,109.683016
9684,109.684065
9685,109.684925
9686,109.686042
9687,109.686983
9688,109.688049
9689,109.689076
9690,109.690019
9691,109.691094
9692,109.692091
9693,109.693084
9694,109.694060
9695,109.694909
9696,109.695974
9697,109.697012
9698,109.697955
9699,109.698928
9700,109.700076
9701,109.701040
9702,109.702020
9703,109.703100
9704,109.704029
9705,109.705040
9706,109.706040
9707,109.706940
9708,109.707917
9709,109.708908
9710,109.709940
9711,109.711042
9712,109.712035
9713,109.713040
9714,109.713924
9715,109.714929
9716,109.715997
9717,109.716950
9718,109.718028
9719,109.719061
9720,109.719909
9721,109.721062
9722,109.722018
9723,109.722962
9724,109.723947
9725,109.724963
9726,109.725948
9727,109.726963
9728,109.727905
9729,109.728974
9730,109.730078
9731,109.730993
9732,109.731924
9733,109.733005
9734,109.734053
9735,109.735016
9736,109.735993
9737,109.737016
9738,109.737946
9739,109.739080
9740,109.739932
9741,109.741019
9742,109.742092
9743,109.742928
9744,109.743951
9745,109.745017
9746,109.745978
9747,109.746956
9748,109.748021
9749,109.748945
9750,109.750055
9751,109.750993
9752,109.752013
9753,109.752954
9754,109.754057
9755,109.755005
9756,109.755925
9757,109.756969
9758,109.757913
9759,109.759043
9760,109.760036
9761,109.761060
9762,109.761924
9763,109.763087
9764,109.764035
9765,109.765043
9766,109.766009
9767,109.767038
9768,109.768017
9769,109.768916
9770,109.770083
9771,109.770974
9772,109.771967
9773,109.773037
9774,109.773976
9775,109.774991
9776,109.775978
9777,109.777007
9778,109.778092
9779,109.778918
9780,109.779919
9781,109.780946
9782,109.782046
9783,109.782982
9784,109.784077
9785,109.785000
9786,109.786074
9787,109.786987
9788,109.788097
9789,109.789030
9790,109.790087
9791,109.791031
9792,109.792078
9793,109.793071
9794,109.794030
9795,109.795047
9796,109.796037
9797,109.797092
9798,109.797963
9799,109.799064
9800,109.800069
9801,109.801076
9802,109.802063
9803,109.803070
9804,109.804035
9805,109.804974
9806,109.806024
9807,109.806969
9808,109.807916
9809,109.809011
9810,109.809932
9811,109.810960
9812,109.812083
9813,109.813000
9814,109.813983
9815,109.815052
9816,109.816022
9817,109.816998
9818,109.818038
9819,109.819065
9820,109.820094
9821,109.820998
9822,109.821900
9823,109.823022
9824,109.823963
9825,109.825079
9826,109.825953
9827,109.827060
9828,109.827951
9829,109.828936
9830,109.829927
9831,109.831052
9832,109.832034
9833,109.833047
9834,109.833917
9835,109.834982
9836,109.836055
9837,109.836987
9838,109.838087
9839,109.839089
9840,109.840063
9841,109.840951
9842,109.842011
9843,109.842915
9844,109.844019
9845,109.844957
9846,109.845969
9847,109.846922
9848,109.847967
9849,109.848943
9850,109.849957
9851,109.850934
9852,109.851979
9853,109.853079
9854,109.854007
9855,109.854994
9856,109.856067
9857,109.857065
9858,109.858021
9859,109.858954
9860,109.860094
9861,109.861096
9862,109.862070
9863,109.863002
9864,109.864077
9865,109.864963
9866,109.866042
9867,109.867019
9868,109.867993
9869,109.869067
9870,109.870022
9871,109.871018
9872,109.872071
9873,109.872962
9874,109.873943
9875,109.875011
9876,109.876087
9877,109.876992
9878,109.878029
9879,109.879092
9880,109.880084
9881,109.881061
9882,109.882047
9883,109.882935
9884,109.884093
9885,109.885034
9886,109.885991
9887,109.886950
9888,109.888034
9889,109.889040
9890,109.889989
9891,109.891016
9892,109.891982
9893,109.893017
9894,109.893917
9895,109.895074
9896,109.895950
9897,109.896959
9898,109.898018
9899,109.899032
9900,109.899986
9901,109.901092
9902,109.901970
9903,109.902964
9904,109.904080
9905,109.904935
9906,109.905971
9907,109.907009
9908,109.908050
9909,109.908931
9910,109.909957
9911,109.910995
9912,109.911965
9913,109.913002
9914,109.914089
9915,109.914923
9916,109.915991
9917,109.917025
9918,109.918007
9919,109.918923
9920,109.919908
9921,109.920924
9922,109.921920
9923,109.923079
9924,109.923933
9925,109.925031
9926,109.925977
9927,109.927041
9928,109.928089
9929,109.929084
9930,109.929963
9931,109.931032
9932,109.931998
9933,109.933095
9934,109.934059
9935,109.935090
9936,109.935958
9937,109.936931
9938,109.938069
9939,109.939099
9940,109.939969
9941,109.941048
9942,109.941914
9943,109.942948
9944,109.944088
9945,109.945030
9946,109.946091
9947,109.946937
9948,109.947938
9949,109.948951
9950,109.949934
9951,109.950908
9952,109.952086
9953,109.952923
9954,109.954092
9955,109.955027
9956,109.956085
9957,109.956989
9958,109.958036
9959,109.959017
9960,109.960057
9961,109.961028
9962,109.961965
9963,109.962953
9964,109.963945
9965,109.964922
9966,109.965954
9967,109.967053
9968,109.967943
9969,109.968935
9970,109.970002
9971,109.970951
9972,109.971902
9973,109.973042
9974,109.973968
9975,109.974993
9976,109.975930
9977,109.977042
9978,109.978060
9979,109.978948
9980,109.980004
9981,109.980932
9982,109.982044
9983,109.983002
9984,109.984006
9985,109.984967
9986,109.985985
9987,109.986986
9988,109.987934
9989,109.989000
9990,109.990038
9991,109.991032
9992,109.992092
9993,109.992941
9994,109.994077
9995,109.994991
9996,109.996074
9997,109.996920
9998,109.998037
9999,109.998952
10000,109.999964
10001,110.001038
10002,110.001993
10003,110.002983
10004,110.003934
10005,110.004998
10006,110.005930
10007,110.007064
10008,110.007953
10009,110.008996
10010,110.010067
10011,110.011036
10012,110.012047
10013,110.012931
10014,110.014086
10015,110.014999
10016,110.015903
10017,110.017094
10018,110.017995
10019,110.019015
10020,110.019975
10021,110.021083
10022,110.022051
10023,110.023076
10024,110.024007
10025,110.025005
10026,110.026061
10027,110.026927
10028,110.028041
10029,110.029066
10030,110.030062
10031,110.030969
10032,110.031935
10033,110.033072
10034,110.034019
10035,110.035070
10036,110.035988
10037,110.037082
10038,110.037904
10039,110.039015
10040,110.040042
10041,110.040929
10042,110.042038
10043,110.042911
10044,110.044059
10045,110.045026
10046,110.046094
10047,110.047075
10048,110.047981
10049,110.048949
10050,110.049970
10051,110.050994
10052,110.051981
10053,110.053002
10054,110.054057
10055,110.054925
10056,110.055970
10057,110.056924
10058,110.058069
10059,110.059030
10060,110.059960
10061,110.061046
10062,110.062029
10063,110.062909
10064,110.064079
10065,110.064989
10066,110.066032
10067,110.067036
10068,110.068099
10069,110.069006
10070,110.069960
10071,110.070909
10072,110.071951
10073,110.072944
10074,110.074034
10075,110.074912
10076,110.076056
10077,110.076956
10078,110.077934
10079,110.079013
10080,110.080040
10081,110.080933
10082,110.081997
10083,110.082958
10084,110.084030
10085,110.085001
10086,110.086047
10087,110.086966
10088,110.087922
10089,110.089018
10090,110.090053
10091,110.090967
10092,110.091967
10093,110.093047
10094,110.094063
10095,110.095028
10096,110.095949
10097,110.097087
10098,110.097992
10099,110.098973
10100,110.100035
10101,110.101059
10102,110.101979
10103,110.102943
10104,110.104061
10105,110.104908
10106,110.105925
10107,110.107054
10108,110.108063
10109,110.108935
10110,110.109912
10111,110.111061
10112,110.112070
10113,110.112971
10114,110.114008
10115,110.115086
10116,110.116012
10117,110.117035
10118,110.118063
10119,110.118994
10120,110.119996
10121,110.121040
10122,110.121920
10123,110.123068
10124,110.124074
10125,110.125022
10126,110.125960
10127,110.127029
10128,110.128087
10129,110.129023
10130,110.130058
10131,110.131095
10132,110.131958
10133,110.132953
10134,110.134058
10135,110.135085
10136,110.135924
10137,110.136940
10138,110.138066
10139,110.138969
10140,110.139902
10141,110.140966
10142,110.141941
10143,110.143029
10144,110.143972
10145,110.144952
10146,110.146021
10147,110.147046
10148,110.148028
10149,110.149029
10150,110.149927
10151,110.151087
10152,110.152007
10153,110.153007
10154,110.154089
10155,110.154954
10156,110.155951
10157,110.157043
10158,110.158031
10159,110.158972
10160,110.159966
10161,110.160999
10162,110.161901
10163,110.162972
10164,110.164075
10165,110.164925
10166,110.166070
10167,110.167088
10168,110.167974
10169,110.169015
10170,110.169974
10171,110.170994
10172,110.171992
10173,110.172980
10174,110.174073
10175,110.174983
10176,110.175933
10177,110.177089
10178,110.177993
10179,110.179053
10180,110.179971
10181,110.180952
10182,110.181977
10183,110.182998
10184,110.183932
10185,110.185023
10186,110.186056
10187,110.187048
10188,110.187926
10189,110.189097
10190,110.189997
10191,110.190979
10192,110.192052
10193,110.192976
10194,110.193963
10195,110.195091
10196,110.195934
10197,110.196914
10198,110.198069
10199,110.199044
10200,110.199974
10201,110.201047
10202,110.201969
10203,110.203024
10204,110.204041
10205,110.205098
10206,110.206072
10207,110.207006
10208,110.207920
10209,110.209003
10210,110.209917
10211,110.211014
10212,110.212087
10213,110.213035
10214,110.214000
10215,110.215036
10216,110.215927
10217,110.217038
10218,110.218017
10219,110.219034
10220,110.220012
10221,110.221099
10222,110.222072
10223,110.223004
10224,110.224025
10225,110.225033
10226,110.226093
10227,110.227090
10228,110.227930
10229,110.228975
10230,110.229988
10231,110.231012
10232,110.232011
10233,110.232930
10234,110.233917
10235,110.234942
10236,110.236057
10237,110.237085
10238,110.238001
10239,110.239096
10240,110.239943
10241,110.240939
10242,110.242092
10243,110.243059
10244,110.243924
10245,110.244999
10246,110.245956
10247,110.246998
10248,110.248068
10249,110.249093
10250,110.249946
10251,110.251056
10252,110.252082
10253,110.253032
10254,110.254018
10255,110.255041
10256,110.255989
10257,110.257018
10258,110.258011
10259,110.259063
10260,110.259939
10261,110.261078
10262,110.262048
10263,110.263062
10264,110.263934
10265,110.264933
10266,110.266022
10267,110.266957
10268,110.268054
10269,110.268954
10270,110.270063
10271,110.271059
10272,110.272098
10273,110.273070
10274,110.273997
10275,110.274913
10276,110.276003
10277,110.277054
10278,110.278088
10279,110.278926
10280,110.280002
10281,110.280906
10282,110.282061
10283,110.282964
10284,110.284079
10285,110.285099
10286,110.285981
10287,110.286942
10288,110.287972
10289,110.289067
10290,110.289942
10291,110.290991
10292,110.291924
10293,110.293005
10294,110.293978
10295,110.294928
10296,110.296085
10297,110.297031
10298,110.298011
10299,110.298931
10300,110.299973
10301,110.301034
10302,110.302072
10303,110.302912
10304,110.304057
10305,110.304968
10306,110.306058
10307,110.307027
10308,110.307936
10309,110.308966
10310,110.310000
10311,110.311009
10312,110.312045
10313,110.313053
10314,110.314085
10315,110.315085
10316,110.316011
10317,110.317076
10318,110.318050
10319,110.319031
10320,110.319932
10321,110.321012
10322,110.322013
10323,110.322950
10324,110.324087
10325,110.324905
10326,110.326001
10327,110.326913
10328,110.328079
10329,110.328984
10330,110.329993
10331,110.330937
10332,110.331943
10333,110.332990
10334,110.334096
10335,110.335083
10336,110.335963
10337,110.337078
10338,110.338040
10339,110.338934
10340,110.339982
10341,110.341095
10342,110.342029
10343,110.343058
10344,110.344056
10345,110.344978
10346,110.346009
10347,110.346905
10348,110.348059
10349,110.348935
10350,110.350024
10351,110.351019
10352,110.352063
10353,110.352996
10354,110.353924
10355,110.355027
10356,110.355960
10357,110.357052
10358,110.357931
10359,110.359021
10360,110.359983
10361,110.361020
10362,110.362081
10363,110.362951
10364,110.363935
10365,110.365043
10366,110.365960
10367,110.366900
10368,110.368066
10369,110.368957
10370,110.369940
10371,110.370913
10372,110.372076
10373,110.372910
10374,110.374045
10375,110.375037
10376,110.375988
10377,110.376942
10378,110.378065
10379,110.379059
10380,110.380007
10381,110.381098
10382,110.382018
10383,110.383062
10384,110.384027
10385,110.384938
10386,110.386012
10387,110.387079
10388,110.388090
10389,110.388928
10390,110.390043
10391,110.391004
10392,110.392028
10393,110.392982
10394,110.394073
10395,110.394976
10396,110.396044
10397,110.396971
10398,110.397989
10399,110.399019
10400,110.400086
10401,110.400988
10402,110.401918
10403,110.402954
10404,110.403954
10405,110.405097
10406,110.405984
10407,110.406951
10408,110.407977
10409,110.408900
10410,110.410020
10411,110.411030
10412,110.411932
10413,110.412941
10414,110.414031
10415,110.414907
10416,110.415902
10417,110.417055
10418,110.417911
10419,110.419072
10420,110.419963
10421,110.421009
10422,110.422000
10423,110.423088
10424,110.424016
10425,110.424928
10426,110.426057
10427,110.426943
10428,110.428094
10429,110.428959
10430,110.429969
10431,110.430991
10432,110.432031
10433,110.432966
10434,110.433937
10435,110.434959
10436,110.436062
10437,110.436974
10438,110.438063
10439,110.438939
10440,110.439937
10441,110.441040
10442,110.441938
10443,110.443089
10444,110.444069
10445,110.445011
10446,110.445991
10447,110.446921
10448,110.447998
10449,110.449046
10450,110.449948
10451,110.451056
10452,110.451944
10453,110.452910
10454,110.454093
10455,110.455073
10456,110.456062
10457,110.457076
10458,110.458089
10459,110.458988
10460,110.460000
10461,110.461019
10462,110.461981
10463,110.462983
10464,110.463916
10465,110.464920
10466,110.466088
10467,110.467017
10468,110.468049
10469,110.469052
10470,110.469986
10471,110.470954
10472,110.472060
10473,110.473015
10474,110.474053
10475,110.474935
10476,110.475919
10477,110.476974
10478,110.477998
10479,110.479060
10480,110.479933
10481,110.480920
10482,110.481998
10483,110.482916
10484,110.484047
10485,110.485058
10486,110.486006
10487,110.486927
10488,110.487957
10489,110.489035
10490,110.489990
10491,110.491011
10492,110.491921
10493,110.492911
10494,110.494030
10495,110.494998
10496,110.496096
10497,110.497046
10498,110.497908
10499,110.499013
10500,110.499958
10501,110.500995
10502,110.502034
10503,110.502911
10504,110.504099
10505,110.505024
10506,110.505998
10507,110.506992
10508,110.508051
10509,110.509003
10510,110.509936
10511,110.510966
10512,110.512095
10513,110.513097
10514,110.514021
10515,110.515082
10516,110.515971
10517,110.516969
10518,110.517965
10519,110.519081
10520,110.520084
10521,110.521031
10522,110.521909
10523,110.522952
10524,110.523993
10525,110.525041
10526,110.526087
10527,110.527065
10528,110.528015
10529,110.529003
10530,110.530056
10531,110.530919
10532,110.531960
10533,110.532943
10534,110.534029
10535,110.534998
10536,110.535990
10537,110.537077
10538,110.538086
10539,110.539082
10540,110.539992
10541,110.540952
10542,110.541946
10543,110.543024
10544,110.543999
10545,110.545014
10546,110.545995
10547,110.547002
10548,110.547919
10549,110.549000
10550,110.550032
10551,110.551078
10552,110.551957
10553,110.553024
10554,110.554024
10555,110.554989
10556,110.556039
10557,110.557075
10558,110.557923
10559,110.559036
10560,110.559921
10561,110.560904
10562,110.562061
10563,110.562900
10564,110.563946
10565,110.565031
10566,110.566009
10567,110.567056
10568,110.568023
10569,110.568949
10570,110.569919
10571,110.570919
10572,110.571973
10573,110.572959
10574,110.574096
10575,110.574983
10576,110.576051
10577,110.577097
10578,110.578057
10579,110.579040
10580,110.579986
10581,110.580976
10582,110.582013
10583,110.582909
10584,110.584016
10585,110.584987
10586,110.585942
10587,110.586989
10588,110.588044
10589,110.589062
10590,110.590087
10591,110.590986
10592,110.591945
10593,110.593050
10594,110.594079
10595,110.595075
10596,110.595984
10597,110.596935
10598,110.598092
10599,110.598930
10600,110.599913
10601,110.601055
10602,110.601913
10603,110.603056
10604,110.604066
10605,110.604980
10606,110.606062
10607,110.607029
10608,110.607979
10609,110.608903
10610,110.610001
10611,110.611005
10612,110.612079
10613,110.612970
10614,110.613976
10615,110.615019
10616,110.615966
10617,110.617035
10618,110.617908
10619,110.619058
10620,110.620049
10621,110.620920
10622,110.621936
10623,110.622990
10624,110.624048
10625,110.624941
10626,110.625973
10627,110.627048
10628,110.628024
10629,110.629039
10630,110.629932
10631,110.631095
10632,110.631922
10633,110.632964
10634,110.633924
10635,110.635073
10636,110.636006
10637,110.636923
10638,110.637912
10639,110.639013
10640,110.640063
10641,110.640982
10642,110.642076
10643,110.643014
10644,110.643992
10645,110.645096
10646,110.646032
10647,110.646974
10648,110.648100
10649,110.649023
10650,110.649979
10651,110.650926
10652,110.651916
10653,110.652911
10654,110.654077
10655,110.655096
10656,110.656018
10657,110.657043
10658,110.658041
10659,110.658944
10660,110.659977
10661,110.661075
10662,110.661927
10663,110.662910
10664,110.664021
10665,110.664988
10666,110.665971
10667,110.667001
10668,110.667986
10669,110.669041
10670,110.670043
10671,110.670962
10672,110.672066
10673,110.672928
10674,110.674029
10675,110.674997
10676,110.676091
10677,110.676909
10678,110.677973
10679,110.679046
10680,110.680071
10681,110.681018
10682,110.681942
10683,110.683037
10684,110.684097
10685,110.685026
10686,110.685911
10687,110.686943
10688,110.687978
10689,110.688924
10690,110.689975
10691,110.691003
10692,110.692091
10693,110.693048
10694,110.693906
10695,110.695090
10696,110.695997
10697,110.697011
10698,110.698013
10699,110.699073
10700,110.699913
10701,110.700906
10702,110.701913
10703,110.702963
10704,110.704094
10705,110.704901
10706,110.706013
10707,110.707070
10708,110.708051
10709,110.709073
10710,110.709968
10711,110.711058
10712,110.712067
10713,110.713053
10714,110.714093
10715,110.715096
10716,110.715955
10717,110.716926
10718,110.718088
10719,110.718933
10720,110.720007
10721,110.720979
10722,110.721953
10723,110.722921
10724,110.724095
10725,110.724908
10726,110.725957
10727,110.726977
10728,110.727900
10729,110.728961
10730,110.730001
10731,110.730903
10732,110.732014
10733,110.732957
10734,110.734033
10735,110.734903
10736,110.735906
10737,110.737090
10738,110.737954
10739,110.739046
10740,110.739999
10741,110.740982
10742,110.741902
10743,110.742986
10744,110.744055
10745,110.744939
10746,110.745922
10747,110.746921
10748,110.747988
10749,110.748925
10750,110.750087
10751,110.750986
10752,110.752061
10753,110.752947
10754,110.754001
10755,110.755098
10756,110.755907
10757,110.757021
10758,110.757912
10759,110.759001
10760,110.759966
10761,110.761093
10762,110.762070
10763,110.763061
10764,110.764000
10765,110.764941
10766,110.766016
10767,110.767070
10768,110.768087
10769,110.769023
10770,110.770055
10771,110.770903
10772,110.772004
10773,110.772984
10774,110.774062
10775,110.775087
10776,110.775995
10777,110.776907
10778,110.778072
10779,110.778982
10780,110.780079
10781,110.781031
10782,110.781924
10783,110.782959
10784,110.783940
10785,110.784926
10786,110.785902
10787,110.786908
10788,110.787914
10789,110.789092
10790,110.790014
10791,110.790933
10792,110.792081
10793,110.792922
10794,110.793913
10795,110.794966
10796,110.795935
10797,110.797055
10798,110.797926
10799,110.798949
10800,110.800062
10801,110.801063
10802,110.801935
10803,110.802905
10804,110.804022
10805,110.805037
10806,110.806039
10807,110.806978
10808,110.807970
10809,110.809090
10810,110.810086
10811,110.811086
10812,110.811945
10813,110.812923
10814,110.813972
10815,110.815096
10816,110.815994
10817,110.817079
10818,110.818069
10819,110.819005
10820,110.820020
10821,110.821078
10822,110.822023
10823,110.823043
10824,110.824075
10825,110.825075
10826,110.826020
10827,110.826909
10828,110.827971
10829,110.829043
10830,110.829969
10831,110.830989
10832,110.832012
10833,110.833035
10834,110.833937
10835,110.834976
10836,110.836019
10837,110.836924
10838,110.837964
10839,110.838914
10840,110.840023
10841,110.841000
10842,110.841952
10843,110.842973
10844,110.843971
10845,110.845032
10846,110.845989
10847,110.846960
10848,110.848026
10849,110.848988
10850,110.849925
10851,110.851037
10852,110.851983
10853,110.852955
10854,110.854026
10855,110.855064
10856,110.855933
10857,110.856942
10858,110.858029
10859,110.858908
10860,110.859959
10861,110.860997
10862,110.862068
10863,110.862900
10864,110.863965
10865,110.865054
10866,110.866099
10867,110.867087
10868,110.867941
10869,110.869037
10870,110.870075
10871,110.870923
10872,110.871951
10873,110.873035
10874,110.873922
10875,110.874987
10876,110.876024
10877,110.876975
10878,110.878014
10879,110.878934
10880,110.879977
10881,110.881024
10882,110.881901
10883,110.883015
10884,110.884079
10885,110.885022
10886,110.885932
10887,110.887083
10888,110.888057
10889,110.889006
10890,110.889977
10891,110.891002
10892,110.892087
10893,110.892935
10894,110.894030
10895,110.895015
10896,110.896095
10897,110.897066
10898,110.898093
10899,110.899020
10900,110.899962
10901,110.901094
10902,110.901986
10903,110.903006
10904,110.904041
10905,110.905080
10906,110.906061
10907,110.906957
10908,110.908087
10909,110.909083
10910,110.909985
10911,110.911084
10912,110.912067
10913,110.913012
10914,110.913921
10915,110.915026
10916,110.915940
10917,110.917053
10918,110.917937
10919,110.918966
10920,110.920000
10921,110.920913
10922,110.921934
10923,110.923072
10924,110.923982
10925,110.924943
10926,110.926084
10927,110.927026
10928,110.928096
10929,110.929095
10930,110.930072
10931,110.931037
10932,110.932021
10933,110.932919
10934,110.933991
10935,110.934965
10936,110.936011
10937,110.936938
10938,110.938098
10939,110.938949
10940,110.940034
10941,110.940939
10942,110.942083
10943,110.943034
10944,110.943974
10945,110.945080
10946,110.946035
10947,110.946956
10948,110.948055
10949,110.948965
10950,110.949948
10951,110.950970
10952,110.952034
10953,110.952985
10954,110.953904
10955,110.954963
10956,110.956028
10957,110.957077
10958,110.957900
10959,110.959008
10960,110.959913
10961,110.960950
10962,110.961952
10963,110.962925
10964,110.963957
10965,110.965075
10966,110.965953
10967,110.966980
10968,110.967995
10969,110.969047
10970,110.970091
10971,110.971048
10972,110.971958
10973,110.973065
10974,110.973998
10975,110.975061
10976,110.975962
10977,110.977021
10978,110.978023
10979,110.978966
10980,110.979939
10981,110.981099
10982,110.981981
10983,110.982982
10984,110.984040
10985,110.984949
10986,110.985955
10987,110.986975
10988,110.987948
10989,110.989069
10990,110.989964
10991,110.991032
10992,110.991987
10993,110.993012
10994,110.994027
10995,110.995057
10996,110.995913
10997,110.997015
10998,110.998038
10999,110.998966
11000,110.999945
11001,111.000991
11002,111.002079
11003,111.003009
11004,111.003950
11005,111.005070
11006,111.006098
11007,111.006904
11008,111.008010
11009,111.008960
11010,111.009923
11011,111.010939
11012,111.011907
11013,111.012916
11014,111.013968
11015,111.015093
11016,111.015989
11017,111.017059
11018,111.017927
11019,111.018914
11020,111.019965
11021,111.021064
11022,111.022005
11023,111.023099
11024,111.023957
11025,111.024909
11026,111.025942
11027,111.026975
11028,111.028071
11029,111.029075
11030,111.029912
11031,111.030953
11032,111.032059
11033,111.032908
11034,111.034060
11035,111.034914
11036,111.036004
11037,111.036917
11038,111.037965
11039,111.038957
11040,111.040059
11041,111.040916
11042,111.041947
11043,111.043002
11044,111.043917
11045,111.044900
11046,111.046049
11047,111.046916
11048,111.048026
11049,111.049085
11050,111.050059
11051,111.051035
11052,111.052057
11053,111.052989
11054,111.054095
11055,111.054992
11056,111.056057
11057,111.057073
11058,111.057995
11059,111.059047
11060,111.060043
11061,111.061018
11062,111.062008
11063,111.062907
11064,111.063908
11065,111.065059
11066,111.065901
11067,111.067008
11068,111.068022
11069,111.068956
11070,111.070063
11071,111.071016
11072,111.071901
11073,111.072913
11074,111.073925
11075,111.074963
11076,111.075932
11077,111.077075
11078,111.078010
11079,111.078948
11080,111.080100
11081,111.080951
11082,111.081966
11083,111.082987
11084,111.083980
11085,111.085007
11086,111.085985
11087,111.086921
11088,111.087917
11089,111.088932
11090,111.089910
11091,111.090977
11092,111.091999
11093,111.093070
11094,111.093906
11095,111.095042
11096,111.096044
11097,111.097082
11098,111.098096
11099,111.098963
11100,111.099939
11101,111.101091
11102,111.102053
11103,111.103021
11104,111.104001
11105,111.105045
11106,111.106025
11107,111.107081
11108,111.107918
11109,111.109000
11110,111.109952
11111,111.111033
11112,111.111911
11113,111.113036
11114,111.114065
11115,111.114945
11116,111.116079
11117,111.117044
11118,111.117950
11119,111.119004
11120,111.120036
11121,111.120988
11122,111.122082
11123,111.123100
11124,111.124008
11125,111.125053
11126,111.126034
11127,111.127004
11128,111.127947
11129,111.128995
11130,111.130090
11131,111.131068
11132,111.132005
11133,111.133072
11134,111.133940
11135,111.135033
11136,111.136028
11137,111.136977
11138,111.138005
11139,111.139015
11140,111.140015
11141,111.141034
11142,111.142099
11143,111.142939
11144,111.144053
11145,111.144956
11146,111.146053
11147,111.146923
11148,111.148071
11149,111.148919
11150,111.150090
11151,111.151025
11152,111.151999
11153,111.153061
11154,111.153909
11155,111.154931
11156,111.155916
11157,111.156916
11158,111.157978
11159,111.158976
11160,111.160084
11161,111.160913
11162,111.161932
11163,111.162923
11164,111.164028
11165,111.164972
11166,111.165955
11167,111.167073
11168,111.168030
11169,111.168937
11170,111.169932
11171,111.171058
11172,111.172087
11173,111.173077
11174,111.174012
11175,111.175007
11176,111.175921
11177,111.176982
11178,111.177943
11179,111.178977
11180,111.180023
11181,111.180972
11182,111.182087
11183,111.183068
11184,111.183919
11185,111.185024
11186,111.185918
11187,111.186987
11188,111.188098
11189,111.189038
11190,111.189984
11191,111.190955
11192,111.191990
11193,111.192963
11194,111.194091
11195,111.195079
11196,111.196040
11197,111.196967
11198,111.197966
11199,111.198904
11200,111.199989
11201,111.200914
11202,111.201911
11203,111.202998
11204,111.203904
11205,111.205054
11206,111.206037
11207,111.206992
11208,111.207914
11209,111.209096
11210,111.209983
11211,111.211016
11212,111.211958
11213,111.213093
11214,111.213961
11215,111.215013
11216,111.215979
11217,111.216996
11218,111.218064
11219,111.218953
11220,111.220003
11221,111.221021
11222,111.221987
11223,111.223053
11224,111.223931
11225,111.224906
11226,111.226022
11227,111.226916
11228,111.227911
11229,111.229069
11230,111.229987
11231,111.230934
11232,111.231978
11233,111.232939
11234,111.234050
11235,111.235054
11236,111.236072
11237,111.236901
11238,111.237997
11239,111.238973
11240,111.240093
11241,111.241019
11242,111.242070
11243,111.242906
11244,111.244075
11245,111.245049
11246,111.246095
11247,111.246993
11248,111.248051
11249,111.248943
11250,111.249918
11251,111.250911
11252,111.251924
11253,111.252929
11254,111.254009
11255,111.255042
11256,111.255916
11257,111.256936
11258,111.258036
11259,111.259075
11260,111.260020
11261,111.261025
11262,111.262040
11263,111.263015
11264,111.264069
11265,111.264901
11266,111.266008
11267,111.267013
11268,111.268084
11269,111.269087
11270,111.269971
11271,111.270908
11272,111.271979
11273,111.273047
11274,111.274084
11275,111.274919
11276,111.276050
11277,111.276958
11278,111.277976
11279,111.278951
11280,111.280040
11281,111.280996
11282,111.282064
11283,111.283070
11284,111.283913
11285,111.284940
11286,111.286029
11287,111.286904
11288,111.287937
11289,111.289081
11290,111.290066
11291,111.290948
11292,111.292028
11293,111.292967
11294,111.294093
11295,111.295068
11296,111.295922
11297,111.297003
11298,111.297928
11299,111.298981
11300,111.300100
11301,111.300999
11302,111.301982
11303,111.303011
11304,111.303975
11305,111.304914
11306,111.305972
11307,111.307023
11308,111.308068
11309,111.309015
11310,111.310065
11311,111.310929
11312,111.312096
11313,111.312951
11314,111.314067
11315,111.314929
11316,111.316043
11317,111.317082
11318,111.318052
11319,111.319043
11320,111.319989
11321,111.320941
11322,111.321980
11323,111.323062
11324,111.324072
11325,111.325005
11326,111.325955
11327,111.327017
11328,111.327901
11329,111.329041
11330,111.330027
11331,111.330912
11332,111.332082
11333,111.333063
11334,111.333941
11335,111.335055
11336,111.336043
11337,111.336936
11338,111.338099
11339,111.338989
11340,111.340057
11341,111.340949
11342,111.342024
11343,111.343064
11344,111.344088
11345,111.345089
11346,111.346026
11347,111.347049
11348,111.348018
11349,111.348962
11350,111.350035
11351,111.351011
11352,111.351914
11353,111.353026
11354,111.353966
11355,111.355014
11356,111.356044
11357,111.357021
11358,111.358035
11359,111.359036
11360,111.359904
11361,111.360938
11362,111.362098
11363,111.362958
11364,111.364035
11365,111.365075
11366,111.365992
11367,111.366938
11368,111.367928
11369,111.368921
11370,111.369936
11371,111.370957
11372,111.372010
11373,111.373033
11374,111.373992
11375,111.374991
11376,111.375963
11377,111.377023
11378,111.377911
11379,111.379069
11380,111.380093
11381,111.381027
11382,111.381942
11383,111.382949
11384,111.384085
11385,111.384913
11386,111.385986
11387,111.387025
11388,111.387951
11389,111.388988
11390,111.389906
11391,111.391019
11392,111.391945
11393,111.392940
11394,111.393930
11395,111.394973
11396,111.395998
11397,111.396917
11398,111.397916
11399,111.398902
11400,111.399923
11401,111.400974
11402,111.401902
11403,111.402909
11404,111.404087
11405,111.405030
11406,111.405929
11407,111.406980
11408,111.407902
11409,111.409074
11410,111.410060
11411,111.410901
11412,111.412046
11413,111.412939
11414,111.414081
11415,111.415017
11416,111.415990
11417,111.416970
11418,111.418074
11419,111.418981
11420,111.419961
11421,111.421056
11422,111.421966
11423,111.423031
11424,111.423998
11425,111.425084
11426,111.425983
11427,111.427055
11428,111.428028
11429,111.428918
11430,111.429991
11431,111.431006
11432,111.431941
11433,111.433061
11434,111.433947
11435,111.434909
11436,111.436092
11437,111.437079
11438,111.437976
11439,111.439048
11440,111.439961
11441,111.440908
11442,111.441945
11443,111.442967
11444,111.443923
11445,111.444955
11446,111.445941
11447,111.446948
11448,111.447920
11449,111.448957
11450,111.450033
11451,111.451003
11452,111.451977
11453,111.452907
11454,111.453913
11455,111.454915
11456,111.456000
11457,111.456997
11458,111.458014
11459,111.458955
11460,111.460023
11461,111.461077
11462,111.462017
11463,111.463061
11464,111.463959
11465,111.464942
11466,111.466085
11467,111.467065
11468,111.468001
11469,111.468945
11470,111.470026
11471,111.470906
11472,111.472036
11473,111.472945
11474,111.474058
11475,111.475092
11476,111.475906
11477,111.477042
11478,111.477945
11479,111.479062
11480,111.480095
11481,111.480997
11482,111.482035
11483,111.482975
11484,111.484077
11485,111.484999
11486,111.486046
11487,111.486943
11488,111.488048
11489,111.488915
11490,111.489992
11491,111.490933
11492,111.492043
11493,111.492912
11494,111.494100
11495,111.494973
11496,111.495951
11497,111.496914
11498,111.497958
11499,111.499014
11500,111.500073
11501,111.501058
11502,111.501926
11503,111.503029
11504,111.504049
11505,111.504993
11506,111.505994
11507,111.507012
11508,111.507997
11509,111.509099
11510,111.510033
11511,111.511067
11512,111.511987
11513,111.512997
11514,111.513905
11515,111.514922
11516,111.515944
11517,111.516954
11518,111.517990
11519,111.518953
11520,111.520066
11521,111.520903
11522,111.521955
11523,111.523037
11524,111.524087
11525,111.524991
11526,111.525910
11527,111.526961
11528,111.528097
11529,111.529038
11530,111.530078
11531,111.531097
11532,111.531974
11533,111.532972
11534,111.533975
11535,111.534916
11536,111.535908
11537,111.537080
11538,111.538063
11539,111.538989
11540,111.540078
11541,111.540909
11542,111.542094
11543,111.542939
11544,111.544086
11545,111.545095
11546,111.545923
11547,111.546918
11548,111.548029
11549,111.548992
11550,111.549908
11551,111.551018
11552,111.551972
11553,111.553086
11554,111.553930
11555,111.555057
11556,111.556066
11557,111.556957
11558,111.558050
11559,111.558963
11560,111.559979
11561,111.561079
11562,111.562075
11563,111.563099
11564,111.564027
11565,111.565080
11566,111.565971
11567,111.566904
11568,111.567929
11569,111.569091
11570,111.570002
11571,111.570903
11572,111.571932
11573,111.572984
11574,111.574092
11575,111.574906
11576,111.575979
11577,111.576937
11578,111.577967
11579,111.578933
11580,111.580100
11581,111.581091
11582,111.581901
11583,111.583089
11584,111.584080
11585,111.584989
11586,111.585989
11587,111.587068
11588,111.588000
11589,111.589042
11590,111.590043
11591,111.591055
11592,111.592048
11593,111.593022
11594,111.593908
11595,111.595099
11596,111.596052
11597,111.597025
11598,111.597996
11599,111.599097
11600,111.599901
11601,111.600991
11602,111.602056
11603,111.603069
11604,111.604082
11605,111.605042
11606,111.605992
11607,111.606906
11608,111.607972
11609,111.609013
11610,111.609961
11611,111.611059
11612,111.611970
11613,111.612924
11614,111.613996
11615,111.614936
11616,111.616011
11617,111.617013
11618,111.617932
11619,111.619034
11620,111.620063
11621,111.621022
11622,111.621965
11623,111.622904
11624,111.624032
11625,111.624946
11626,111.625951
11627,111.626994
11628,111.628028
11629,111.629086
11630,111.629999
11631,111.631042
11632,111.632061
11633,111.633072
11634,111.634036
11635,111.635047
11636,111.636064
11637,111.637054
11638,111.638039
11639,111.639050
11640,111.640079
11641,111.641060
11642,111.642033
11643,111.643073
11644,111.643910
11645,111.644994
11646,111.646054
11647,111.646941
11648,111.647937
11649,111.648997
11650,111.650031
11651,111.650940
11652,111.652056
11653,111.653074
11654,111.654024
11655,111.655089
11656,111.656029
11657,111.657090
11658,111.657979
11659,111.659067
11660,111.660020
11661,111.661005
11662,111.662066
11663,111.663041
11664,111.664019
11665,111.664988
11666,111.665909
11667,111.667048
11668,111.668073
11669,111.668974
11670,111.670083
11671,111.671008
11672,111.672027
11673,111.672904
11674,111.673979
11675,111.675096
11676,111.675951
11677,111.676995
11678,111.678024
11679,111.678904
11680,111.679931
11681,111.681036
11682,111.681900
11683,111.682930
11684,111.684007
11685,111.685056
11686,111.686095
11687,111.686906
11688,111.688084
11689,111.688975
11690,111.690009
11691,111.690991
11692,111.692096
11693,111.692921
11694,111.693998
11695,111.695068
11696,111.696064
11697,111.697008
11698,111.698049
11699,111.699093
11700,111.700041
11701,111.701078
11702,111.702041
11703,111.702963
11704,111.703919
11705,111.704930
11706,111.706065
11707,111.707086
11708,111.708083
11709,111.708992
11710,111.710098
11711,111.710943
11712,111.711927
11713,111.713014
11714,111.713976
11715,111.714942
11716,111.715915
11717,111.716935
11718,111.717923
11719,111.719009
11720,111.719925
11721,111.720994
11722,111.721989
11723,111.723050
11724,111.723900
11725,111.724936
11726,111.725972
11727,111.726960
11728,111.727991
11729,111.729074
11730,111.730021
11731,111.730913
11732,111.731943
11733,111.732932
11734,111.733952
11735,111.735020
11736,111.736010
11737,111.737033
11738,111.737904
11739,111.738966
11740,111.739969
11741,111.741032
11742,111.742020
11743,111.742909
11744,111.743976
11745,111.745033
11746,111.746062
11747,111.747070
11748,111.748014
11749,111.749015
11750,111.750038
11751,111.750980
11752,111.751970
11753,111.753049
11754,111.753997
11755,111.754902
11756,111.755923
11757,111.756927
11758,111.757949
11759,111.759085
11760,111.760096
11761,111.760902
11762,111.761974
11763,111.763061
11764,111.764034
11765,111.764997
11766,111.765953
11767,111.766985
11768,111.767956
11769,111.769057
11770,111.770023
11771,111.770908
11772,111.772013
11773,111.773000
11774,111.773950
11775,111.775013
11776,111.776100
11777,111.777082
11778,111.778033
11779,111.779036
11780,111.779974
11781,111.781028
11782,111.782017
11783,111.782944
11784,111.783997
11785,111.784940
11786,111.785946
11787,111.787052
11788,111.788089
11789,111.788985
11790,111.789970
11791,111.791059
11792,111.792047
11793,111.793074
11794,111.794082
11795,111.795001
11796,111.796097
11797,111.797074
11798,111.797935
11799,111.798990
11800,111.800094
11801,111.801097
11802,111.801977
11803,111.802948
11804,111.804043
11805,111.805018
11806,111.806088
11807,111.806910
11808,111.807965
11809,111.808926
11810,111.809995
11811,111.811066
11812,111.811999
11813,111.812990
11814,111.814015
11815,111.815022
11816,111.816022
11817,111.817082
11818,111.818058
11819,111.818982
11820,111.820035
11821,111.820954
11822,111.822061
11823,111.823098
11824,111.824075
11825,111.825043
11826,111.826021
11827,111.827033
11828,111.828089
11829,111.829035
11830,111.830078
11831,111.831036
11832,111.831956
11833,111.832955
11834,111.833947
11835,111.835064
11836,111.836036
11837,111.837096
11838,111.838008
11839,111.839081
11840,111.839915
11841,111.840943
11842,111.842051
11843,111.842923
11844,111.843915
11845,111.845022
11846,111.846095
11847,111.847075
11848,111.847999
11849,111.849068
11850,111.850097
11851,111.850956
11852,111.852070
11853,111.852945
11854,111.854016
11855,111.854989
11856,111.856065
11857,111.857072
11858,111.858029
11859,111.858938
11860,111.859990
11861,111.861045
11862,111.861926
11863,111.863056
11864,111.864086
11865,111.865078
11866,111.865931
11867,111.866917
11868,111.867969
11869,111.868986
11870,111.870084
11871,111.870972
11872,111.871955
11873,111.873098
11874,111.874025
11875,111.875058
11876,111.876038
11877,111.876910
11878,111.877951
11879,111.879060
11880,111.879962
11881,111.881039
11882,111.881912
11883,111.882975
11884,111.884081
11885,111.884985
11886,111.885962
11887,111.886963
11888,111.887931
11889,111.888933
11890,111.889906
11891,111.890997
11892,111.891989
11893,111.892989
11894,111.893992
11895,111.895044
11896,111.896031
11897,111.896952
11898,111.898090
11899,111.898924
11900,111.899984
11901,111.900902
11902,111.901939
11903,111.902924
11904,111.903997
11905,111.904986
11906,111.906094
11907,111.906979
11908,111.908004
11909,111.908940
11910,111.909997
11911,111.911014
11912,111.912033
11913,111.912978
11914,111.913907
11915,111.915094
11916,111.916080
11917,111.917034
11918,111.918008
11919,111.918943
11920,111.919966
11921,111.921044
11922,111.922006
11923,111.923079
11924,111.923912
11925,111.925052
11926,111.926065
11927,111.927014
11928,111.927974
11929,111.928993
11930,111.929965
11931,111.931093
11932,111.931991
11933,111.932969
11934,111.933912
11935,111.935088
11936,111.935966
11937,111.937040
11938,111.938067
11939,111.939082
11940,111.939948
11941,111.941054
11942,111.942094
11943,111.943021
11944,111.943941
11945,111.944949
11946,111.946088
11947,111.947019
11948,111.947989
11949,111.948989
11950,111.950064
11951,111.951068
11952,111.951912
11953,111.952987
11954,111.953948
11955,111.955086
11956,111.955959
11957,111.956917
11958,111.957924
11959,111.959060
11960,111.959927
11961,111.960937
11962,111.962048
11963,111.963029
11964,111.964066
11965,111.964934
11966,111.965984
11967,111.967005
11968,111.968062
11969,111.969050
11970,111.970069
11971,111.971001
11972,111.971904
11973,111.972943
11974,111.974056
11975,111.974954
11976,111.975955
11977,111.977062
11978,111.977991
11979,111.978977
11980,111.980023
11981,111.980928
11982,111.981986
11983,111.983087
11984,111.984085
11985,111.985021
11986,111.986059
11987,111.986929
11988,111.987952
11989,111.988902
11990,111.990077
11991,111.991013
11992,111.991913
11993,111.993045
11994,111.993930
11995,111.994965
11996,111.995904
11997,111.996948
11998,111.998024
11999,111.998985
12000,111.999997
12001,112.000974
12002,112.002072
12003,112.002915
12004,112.003927
12005,112.005003
12006,112.006049
12007,112.006999
12008,112.008035
12009,112.008925
12010,112.010056
12011,112.011098
12012,112.012054
12013,112.012940
12014,112.013999
12015,112.015081
12016,112.016091
12017,112.016945
12018,112.018001
12019,112.018961
12020,112.020019
12021,112.021026
12022,112.021956
12023,112.022904
12024,112.023982
12025,112.025076
12026,112.026097
12027,112.027030
12028,112.028012
12029,112.028970
12030,112.030035
12031,112.030941
12032,112.032037
12033,112.032908
12034,112.034038
12035,112.034923
12036,112.035978
12037,112.036935
12038,112.038077
12039,112.038934
12040,112.039916
12041,112.040921
12042,112.042066
12043,112.043013
12044,112.044035
12045,112.045046
12046,112.045933
12047,112.046954
12048,112.047996
12049,112.048976
12050,112.050064
12051,112.051014
12052,112.052009
12053,112.052954
12054,112.054090
12055,112.054936
12056,112.055984
12057,112.056977
12058,112.057994
12059,112.058997
12060,112.059940
12061,112.060908
12062,112.062099
12063,112.062953
12064,112.063968
12065,112.065030
12066,112.066039
12067,112.067006
12068,112.068073
12069,112.068954
12070,112.069980
12071,112.070984
12072,112.071994
12073,112.072943
12074,112.073934
12075,112.075063
12076,112.075990
12077,112.077010
12078,112.077947
12079,112.078923
12080,112.079986
12081,112.080933
12082,112.082021
12083,112.082975
12084,112.084078
12085,112.084921
12086,112.085940
12087,112.087043
12088,112.087988
12089,112.088975
12090,112.090024
12091,112.091078
12092,112.091916
12093,112.092931
12094,112.094038
12095,112.094902
12096,112.095915
12097,112.097027
12098,112.097995
12099,112.098989
12100,112.099908
12101,112.101005
12102,112.102073
12103,112.103078
12104,112.104010
12105,112.104926
12106,112.106090
12107,112.107066
12108,112.108062
12109,112.109050
12110,112.109965
12111,112.111066
12112,112.111998
12113,112.113011
12114,112.114088
12115,112.115011
12116,112.115949
12117,112.116912
12118,112.117938
12119,112.119002
12120,112.120032
12121,112.120940
12122,112.121941
12123,112.122966
12124,112.124096
12125,112.125093
12126,112.125954
12127,112.126995
12128,112.128038
12129,112.128989
12130,112.130021
12131,112.130907
12132,112.132025
12133,112.133079
12134,112.133954
12135,112.134914
12136,112.135984
12137,112.136964
12138,112.137956
12139,112.139009
12140,112.139971
12141,112.141066
12142,112.142084
12143,112.143027
12144,112.143995
12145,112.145061
12146,112.145977
12147,112.146961
12148,112.147972
12149,112.148924
12150,112.149998
12151,112.150936
12152,112.152087
12153,112.153052
12154,112.153927
12155,112.154916
12156,112.156075
12157,112.157050
12158,112.158018
12159,112.159098
12160,112.159912
12161,112.160911
12162,112.161936
12163,112.163032
12164,112.164034
12165,112.165090
12166,112.165939
12167,112.167081
12168,112.167950
12169,112.168948
12170,112.169963
12171,112.170967
12172,112.171905
12173,112.172903
12174,112.173915
12175,112.174984
12176,112.176059
12177,112.177052
12178,112.178030
12179,112.178931
12180,112.179945
12181,112.180944
12182,112.182070
12183,112.182965
12184,112.183927
12185,112.184948
12186,112.186007
12187,112.186915
12188,112.187921
12189,112.189010
12190,112.190086
12191,112.191077
12192,112.192008
12193,112.193095
12194,112.194086
12195,112.195013
12196,112.196026
12197,112.196929
12198,112.198011
12199,112.198924
12200,112.199926
12201,112.201097
12202,112.202091
12203,112.203036
12204,112.203950
12205,112.204928
12206,112.206010
12207,112.207098
12208,112.207931
12209,112.208901
12210,112.210091
12211,112.211049
12212,112.211933
12213,112.212991
12214,112.213949
12215,112.215099
12216,112.215908
12217,112.217032
12218,112.217906
12219,112.218909
12220,112.219935
12221,112.220958
12222,112.221925
12223,112.223015
12224,112.223917
12225,112.224984
12226,112.226034
12227,112.227017
12228,112.227959
12229,112.229045
12230,112.230016
12231,112.230945
12232,112.232059
12233,112.233029
12234,112.233986
12235,112.235004
12236,112.235947
12237,112.237093
12238,112.237907
12239,112.239082
12240,112.240004
12241,112.240969
12242,112.242097
12243,112.242916
12244,112.244061
12245,112.244957
12246,112.245952
12247,112.247020
12248,112.247997
12249,112.248924
12250,112.249947
12251,112.250986
12252,112.252062
12253,112.252954
12254,112.253952
12255,112.254985
12256,112.255988
12257,112.257018
12258,112.257955
12259,112.258908
12260,112.260097
12261,112.260905
12262,112.261915
12263,112.262928
12264,112.263948
12265,112.265076
12266,112.265901
12267,112.266961
12268,112.267987
12269,112.268931
12270,112.270064
12271,112.270958
12272,112.271951
12273,112.272901
12274,112.274055
12275,112.274996
12276,112.276024
12277,112.276967
12278,112.277960
12279,112.278950
12280,112.279969
12281,112.281022
12282,112.281915
12283,112.283094
12284,112.284014
12285,112.284975
12286,112.285945
12287,112.287061
12288,112.288057
12289,112.289097
12290,112.289990
12291,112.290940
12292,112.292088
12293,112.292959
12294,112.294098
12295,112.295032
12296,112.295919
12297,112.296987
12298,112.298049
12299,112.298915
12300,112.300036
12301,112.300924
12302,112.301902
12303,112.302913
12304,112.304037
12305,112.304956
12306,112.306054
12307,112.307020
12308,112.307947
12309,112.309088
12310,112.310047
12311,112.310908
12312,112.312068
12313,112.313080
12314,112.313933
12315,112.314996
12316,112.316055
12317,112.317059
12318,112.318004
12319,112.319037
12320,112.319994
12321,112.320955
12322,112.321919
12323,112.323084
12324,112.323993
12325,112.325014
12326,112.326055
12327,112.327039
12328,112.327969
12329,112.328937
12330,112.330069
12331,112.331006
12332,112.331979
12333,112.333027
12334,112.334083
12335,112.334947
12336,112.335974
12337,112.337004
12338,112.338061
12339,112.338977
12340,112.340088
12341,112.341068
12342,112.342029
12343,112.343071
12344,112.344002
12345,112.344921
12346,112.346010
12347,112.347049
12348,112.347993
12349,112.349091
12350,112.349950
12351,112.351072
12352,112.352028
12353,112.353044
12354,112.354071
12355,112.354904
12356,112.355979
12357,112.357034
12358,112.358032
12359,112.358976
12360,112.359999
12361,112.361003
12362,112.361937
12363,112.362931
12364,112.363963
12365,112.365081
12366,112.366007
12367,112.366991
12368,112.368084
12369,112.369034
12370,112.370025
12371,112.370932
12372,112.372081
12373,112.372907
12374,112.373973
12375,112.374984
12376,112.376056
12377,112.377096
12378,112.377932
12379,112.379040
12380,112.380033
12381,112.380968
12382,112.381910
12383,112.382946
12384,112.383963
12385,112.384999
12386,112.385923
12387,112.387013
12388,112.387966
12389,112.389044
12390,112.390014
12391,112.390985
12392,112.391936
12393,112.392975
12394,112.393985
12395,112.395049
12396,112.395909
12397,112.396965
12398,112.397955
12399,112.398914
12400,112.400071
12401,112.401019
12402,112.402016
12403,112.403017
12404,112.404052
12405,112.405074
12406,112.406045
12407,112.407057
12408,112.407943
12409,112.408960
12410,112.410016
12411,112.411052
12412,112.411990
12413,112.413094
12414,112.413944
12415,112.414913
12416,112.416089
12417,112.416917
12418,112.417934
12419,112.419021
12420,112.420016
12421,112.421039
12422,112.421981
12423,112.423041
12424,112.424086
12425,112.424951
12426,112.425932
12427,112.427060
12428,112.427950
12429,112.429024
12430,112.430086
12431,112.431052
12432,112.432041
12433,112.432941
12434,112.433911
12435,112.434918
12436,112.435996
12437,112.436963
12438,112.437952
12439,112.438997
12440,112.440003
12441,112.441020
12442,112.442003
12443,112.442989
12444,112.443952
12445,112.444950
12446,112.445928
12447,112.447055
12448,112.448090
12449,112.449032
12450,112.449981
12451,112.451039
12452,112.451970
12453,112.453059
12454,112.454006
12455,112.455033
12456,112.456059
12457,112.456905
12458,112.457983
12459,112.459087
12460,112.459909
12461,112.460968
12462,112.462059
12463,112.463066
12464,112.463962
12465,112.465054
12466,112.466069
12467,112.466997
12468,112.467919
12469,112.468945
12470,112.470063
12471,112.470902
12472,112.472083
12473,112.472955
12474,112.474071
12475,112.474973
12476,112.476003
12477,112.476961
12478,112.478014
12479,112.479033
12480,112.480040
12481,112.481038
12482,112.482000
12483,112.482911
12484,112.484068
12485,112.485085
12486,112.485946
12487,112.487063
12488,112.487967
12489,112.488970
12490,112.490087
12491,112.490962
12492,112.491996
12493,112.492926
12494,112.493923
12495,112.494942
12496,112.495983
12497,112.496906
12498,112.497926
12499,112.499085
12500,112.499963
12501,112.501038
12502,112.501991
12503,112.502926
12504,112.503998
12505,112.504919
12506,112.506077
12507,112.506944
12508,112.507914
12509,112.509045
12510,112.510052
12511,112.511042
12512,112.511918
12513,112.513004
12514,112.514095
12515,112.514954
12516,112.516022
12517,112.516936
12518,112.517937
12519,112.519055
12520,112.519944
12521,112.521076
12522,112.521913
12523,112.523010
12524,112.523954
12525,112.525046
12526,112.526047
12527,112.527026
12528,112.527909
12529,112.528913
12530,112.530001
12531,112.530938
12532,112.531926
12533,112.532922
12534,112.533905
12535,112.535084
12536,112.535954
12537,112.537037
12538,112.537943
12539,112.539007
12540,112.539909
12541,112.540945
12542,112.541930
12543,112.542978
12544,112.543978
12545,112.545001
12546,112.546095
12547,112.546911
12548,112.548034
12549,112.549065
12550,112.549939
12551,112.551098
12552,112.551958
12553,112.553010
12554,112.553962
12555,112.554905
12556,112.556055
12557,112.556937
12558,112.558062
12559,112.559096
12560,112.559911
12561,112.561066
12562,112.561908
12563,112.563014
12564,112.563997
12565,112.565058
12566,112.565971
12567,112.567067
12568,112.568065
12569,112.569099
12570,112.570058
12571,112.571004
12572,112.572038
12573,112.572973
12574,112.573938
12575,112.575054
12576,112.576018
12577,112.576925
12578,112.577900
12579,112.579083
12580,112.580026
12581,112.580974
12582,112.582063
12583,112.583038
12584,112.583970
12585,112.585041
12586,112.586021
12587,112.586911
12588,112.587942
12589,112.589061
12590,112.589933
12591,112.591014
12592,112.592075
12593,112.592927
12594,112.593993
12595,112.595072
12596,112.596064
12597,112.596904
12598,112.597932
12599,112.598964
12600,112.599905
12601,112.600902
12602,112.601961
12603,112.602945
12604,112.603925
12605,112.605026
12606,112.605941
12607,112.607096
12608,112.607968
12609,112.608922
12610,112.610093
12611,112.611043
12612,112.611945
12613,112.613056
12614,112.614050
12615,112.615057
12616,112.616039
12617,112.616921
12618,112.618083
12619,112.619011
12620,112.619931
12621,112.620924
12622,112.622073
12623,112.623037
12624,112.623974
12625,112.625020
12626,112.625909
12627,112.627003
12628,112.627948
12629,112.629037
12630,112.630086
12631,112.630990
12632,112.631904
12633,112.632955
12634,112.634089
12635,112.634916
12636,112.636038
12637,112.637082
12638,112.637972
12639,112.639090
12640,112.639921
12641,112.640920
12642,112.641961
12643,112.643070
12644,112.644088
12645,112.644967
12646,112.646072
12647,112.646974
12648,112.647902
12649,112.648902
12650,112.650095
12651,112.650970
12652,112.651904
12653,112.653037
12654,112.653999
12655,112.654973
12656,112.656099
12657,112.656941
12658,112.658032
12659,112.658921
12660,112.659909
12661,112.660914
12662,112.661938
12663,112.663100
12664,112.664051
12665,112.664988
12666,112.665908
12667,112.666957
12668,112.668024
12669,112.669077
12670,112.670062
12671,112.670930
12672,112.671978
12673,112.672955
12674,112.673985
12675,112.674913
12676,112.676008
12677,112.676935
12678,112.677932
12679,112.678982
12680,112.679951
12681,112.680964
12682,112.682084
12683,112.682999
12684,112.684056
12685,112.684994
12686,112.685968
12687,112.686921
12688,112.688100
12689,112.689042
12690,112.690021
12691,112.690944
12692,112.691960
12693,112.693048
12694,112.694038
12695,112.694929
12696,112.695943
12697,112.696919
12698,112.697956
12699,112.699039
12700,112.700040
12701,112.701031
12702,112.702011
12703,112.702923
12704,112.704059
12705,112.704979
12706,112.706084
12707,112.706925
12708,112.708053
12709,112.708942
12710,112.710016
12711,112.711088
12712,112.712007
12713,112.712936
12714,112.713997
12715,112.714914
12716,112.715935
12717,112.717092
12718,112.717907
12719,112.719002
12720,112.719946
12721,112.721069
12722,112.721942
12723,112.723040
12724,112.723976
12725,112.724975
12726,112.726067
12727,112.726973
12728,112.728033
12729,112.729077
12730,112.730019
12731,112.731058
12732,112.732093
12733,112.732956
12734,112.733922
12735,112.734902
12736,112.736096
12737,112.736977
12738,112.737999
12739,112.738919
12740,112.740022
12741,112.740948
12742,112.741948
12743,112.743056
12744,112.743927
12745,112.745026
12746,112.745911
12747,112.747091
12748,112.747947
12749,112.748960
12750,112.750071
12751,112.751013
12752,112.752008
12753,112.752911
12754,112.754089
12755,112.754952
12756,112.756043
12757,112.757060
12758,112.758045
12759,112.758982
12760,112.760056
12761,112.760935
12762,112.762096
12763,112.762930
12764,112.763931
12765,112.765021
12766,112.765996
12767,112.767086
12768,112.767926
12769,112.768907
12770,112.770088
12771,112.771009
12772,112.771962
12773,112.772922
12774,112.774020
12775,112.774909
12776,112.776045
12777,112.777075
12778,112.777940
12779,112.778959
12780,112.780018
12781,112.781079
12782,112.781977
12783,112.783064
12784,112.783911
12785,112.785058
12786,112.785992
12787,112.786945
12788,112.788011
12789,112.789044
12790,112.789902
12791,112.791053
12792,112.791923
12793,112.792901
12794,112.793953
12795,112.794999
12796,112.796023
12797,112.797011
12798,112.797945
12799,112.799078
12800,112.800050
12801,112.801096
12802,112.802009
12803,112.802919
12804,112.803995
12805,112.804932
12806,112.805942
12807,112.806920
12808,112.808082
12809,112.809058
12810,112.810017
12811,112.811007
12812,112.811994
12813,112.813078
12814,112.814060
12815,112.814978
12816,112.816021
12817,112.816992
12818,112.818073
12819,112.819098
12820,112.820078
12821,112.821074
12822,112.821920
12823,112.822986
12824,112.824091
12825,112.825003
12826,112.826080
12827,112.826994
12828,112.828098
12829,112.829044
12830,112.830086
12831,112.831006
12832,112.831957
12833,112.833043
12834,112.834051
12835,112.835005
12836,112.836092
12837,112.836979
12838,112.837939
12839,112.838931
12840,112.840051
12841,112.840905
12842,112.842030
12843,112.843048
12844,112.844092
12845,112.844991
12846,112.846018
12847,112.846961
12848,112.847915
12849,112.848988
12850,112.850065
12851,112.850974
12852,112.852018
12853,112.853012
12854,112.854040
12855,112.854965
12856,112.855965
12857,112.856907
12858,112.858089
12859,112.858974
12860,112.859944
12861,112.861058
12862,112.862059
12863,112.862992
12864,112.863904
12865,112.864989
12866,112.866020
12867,112.867003
12868,112.867926
12869,112.869009
12870,112.869930
12871,112.871069
12872,112.872088
12873,112.872915
12874,112.873937
12875,112.875033
12876,112.875961
12877,112.876998
12878,112.878071
12879,112.878965
12880,112.880078
12881,112.880917
12882,112.882007
12883,112.883021
12884,112.883983
12885,112.885073
12886,112.885942
12887,112.886942
12888,112.887978
12889,112.888989
12890,112.890097
12891,112.890964
12892,112.891947
12893,112.892968
12894,112.894064
12895,112.894932
12896,112.895927
12897,112.897066
12898,112.898060
12899,112.899069
12900,112.900002
12901,112.901098
12902,112.901922
12903,112.903090
12904,112.904060
12905,112.905071
12906,112.906083
12907,112.907085
12908,112.907916
12909,112.909061
12910,112.910034
12911,112.911043
12912,112.911915
12913,112.913024
12914,112.914065
12915,112.914989
12916,112.915923
12917,112.916922
12918,112.918065
12919,112.918935
12920,112.920091
12921,112.921075
12922,112.921984
12923,112.922928
12924,112.923922
12925,112.925001
12926,112.925973
12927,112.926999
12928,112.927981
12929,112.928978
12930,112.930006
12931,112.930921
12932,112.931969
12933,112.933027
12934,112.934006
12935,112.934961
12936,112.935941
12937,112.936925
12938,112.937999
12939,112.938971
12940,112.940030
12941,112.940993
12942,112.941970
12943,112.943060
12944,112.943931
12945,112.945076
12946,112.946013
12947,112.946967
12948,112.948066
12949,112.948914
12950,112.949965
12951,112.951065
12952,112.951916
12953,112.953097
12954,112.953916
12955,112.954930
12956,112.955976
12957,112.956921
12958,112.958022
12959,112.958925
12960,112.960081
12961,112.960958
12962,112.961969
12963,112.962976
12964,112.964049
12965,112.964947
12966,112.965983
12967,112.966999
12968,112.967982
12969,112.968924
12970,112.970075
12971,112.971048
12972,112.972022
12973,112.972930
12974,112.973913
12975,112.975093
12976,112.975977
12977,112.976969
12978,112.977908
12979,112.979036
12980,112.980072
12981,112.980909
12982,112.981974
12983,112.982969
12984,112.983992
12985,112.985098
12986,112.985908
12987,112.986958
12988,112.988012
12989,112.988991
12990,112.990000
12991,112.990967
12992,112.992092
12993,112.993013
12994,112.994064
12995,112.994926
12996,112.996032
12997,112.997003
12998,112.998076
12999,112.999037
13000,112.999992
13001,113.000987
13002,113.001973
13003,113.003054
13004,113.004004
13005,113.004993
13006,113.005927
13007,113.007018
13008,113.008056
13009,113.009072
13010,113.009915
13011,113.011060
13012,113.012003
13013,113.012980
13014,113.014093
13015,113.014983
13016,113.015911
13017,113.017079
13018,113.018035
13019,113.018901
13020,113.019911
13021,113.020959
13022,113.021923
13023,113.022903
13024,113.024003
13025,113.024980
13026,113.025982
13027,113.027054
13028,113.027977
13029,113.029009
13030,113.029911
13031,113.030937
13032,113.031920
13033,113.033034
13034,113.034078
13035,113.035095
13036,113.036005
13037,113.036998
13038,113.037988
13039,113.038904
13040,113.040022
13041,113.040969
13042,113.042040
13043,113.042997
13044,113.044028
13045,113.045054
13046,113.046000
13047,113.046945
13048,113.047912
13049,113.048963
13050,113.049938
13051,113.050906
13052,113.051945
13053,113.052973
13054,113.054061
13055,113.054988
13056,113.056051
13057,113.057099
13058,113.058059
13059,113.058905
13060,113.059930
13061,113.061043
13062,113.061955
13063,113.063081
13064,113.063947
13065,113.065090
13066,113.066086
13067,113.066930
13068,113.068069
13069,113.068923
13070,113.069976
13071,113.071079
13072,113.071983
13073,113.073071
13074,113.073969
13075,113.075098
13076,113.075906
13077,113.077099
13078,113.078080
13079,113.079014
13080,113.080026
13081,113.080949
13082,113.081970
13083,113.083038
13084,113.083931
13085,113.084970
13086,113.086044
13087,113.087099
13088,113.088006
13089,113.088960
13090,113.090026
13091,113.090997
13092,113.092036
13093,113.093037
13094,113.093968
13095,113.095088
13096,113.095991
13097,113.096972
13098,113.097961
13099,113.098938
13100,113.100006
13101,113.100989
13102,113.101935
13103,113.103076
13104,113.103975
13105,113.104976
13106,113.105921
13107,113.106933
13108,113.107935
13109,113.108940
13110,113.110075
13111,113.111020
13112,113.112096
13113,113.113051
13114,113.113965
13115,113.115079
13116,113.116017
13117,113.117074
13118,113.117900
13119,113.118970
13120,113.119959
13121,113.120954
13122,113.122033
13123,113.122970
13124,113.123901
13125,113.124968
13126,113.125979
13127,113.126964
13128,113.127966
13129,113.128948
13130,113.130086
13131,113.130929
13132,113.131926
13133,113.133003
13134,113.134070
13135,113.134990
13136,113.135962
13137,113.136948
13138,113.138017
13139,113.139062
13140,113.139927
13141,113.140909
13142,113.142002
13143,113.142940
13144,113.144044
13145,113.145048
13146,113.145900
13147,113.147090
13148,113.147992
13149,113.149031
13150,113.150084
13151,113.151078
13152,113.151970
13153,113.153040
13154,113.153975
13155,113.155060
13156,113.155955
13157,113.156941
13158,113.157966
13159,113.159032
13160,113.160059
13161,113.160976
13162,113.162079
13163,113.162972
13164,113.163983
13165,113.165041
13166,113.165997
13167,113.166961
13168,113.168063
13169,113.168976
13170,113.170066
13171,113.170901
13172,113.172015
13173,113.172966
13174,113.173923
13175,113.174983
13176,113.175933
13177,113.177046
13178,113.177977
13179,113.178974
13180,113.179960
13181,113.181013
13182,113.181971
13183,113.183003
13184,113.184029
13185,113.185032
13186,113.186038
13187,113.187098
13188,113.188032
13189,113.189093
13190,113.189994
13191,113.190949
13192,113.192017
13193,113.192999
13194,113.193936
13195,113.194936
13196,113.195949
13197,113.196907
13198,113.198087
13199,113.198908
13200,113.200055
13201,113.200954
13202,113.201999
13203,113.203013
13204,113.203965
13205,113.205096
13206,113.205944
13207,113.206929
13208,113.208069
13209,113.208906
13210,113.210072
13211,113.210953
13212,113.212007
13213,113.212968
13214,113.213966
13215,113.215063
13216,113.216037
13217,113.217052
13218,113.218004
13219,113.219015
13220,113.220065
13221,113.220988
13222,113.222052
13223,113.223016
13224,113.223965
13225,113.225087
13226,113.226047
13227,113.227055
13228,113.227980
13229,113.229009
13230,113.229939
13231,113.231064
13232,113.231958
13233,113.232964
13234,113.233958
13235,113.234908
13236,113.236017
13237,113.236969
13238,113.237925
13239,113.239063
13240,113.239996
13241,113.240961
13242,113.241910
13243,113.242995
13244,113.243976
13245,113.245069
13246,113.246064
13247,113.246938
13248,113.247910
13249,113.249087
13250,113.249998
13251,113.251046
13252,113.252084
13253,113.253041
13254,113.254009
13255,113.254901
13256,113.255960
13257,113.256941
13258,113.257929
13259,113.258906
13260,113.259994
13261,113.261025
13262,113.262072
13263,113.262907
13264,113.264051
13265,113.265019
13266,113.266063
13267,113.267050
13268,113.267956
13269,113.268960
13270,113.269911
13271,113.271014
13272,113.272016
13273,113.272971
13274,113.274071
13275,113.274907
13276,113.276080
13277,113.276996
13278,113.277955
13279,113.279098
13280,113.279905
13281,113.280952
13282,113.281922
13283,113.282914
13284,113.284059
13285,113.284908
13286,113.286008
13287,113.286995
13288,113.287947
13289,113.289029
13290,113.289980
13291,113.291020
13292,113.292068
13293,113.292963
13294,113.293943
13295,113.294978
13296,113.296067
13297,113.297095
13298,113.297940
13299,113.299080
13300,113.299932
13301,113.300915
13302,113.302021
13303,113.302945
13304,113.304000
13305,113.304937
13306,113.306063
13307,113.307058
13308,113.308095
13309,113.309066
13310,113.309969
13311,113.310928
13312,113.311986
13313,113.313047
13314,113.314065
13315,113.315087
13316,113.316082
13317,113.316974
13318,113.318079
13319,113.318956
13320,113.320082
13321,113.321003
13322,113.321944
13323,113.323099
13324,113.323946
13325,113.324930
13326,113.326016
13327,113.327029
13328,113.328021
13329,113.329099
13330,113.330008
13331,113.330989
13332,113.332052
13333,113.333019
13334,113.333942
13335,113.334995
13336,113.335982
13337,113.336981
13338,113.338083
13339,113.339017
13340,113.339920
13341,113.340949
13342,113.341973
13343,113.342961
13344,113.344066
13345,113.344995
13346,113.346075
13347,113.346980
13348,113.347959
13349,113.348906
13350,113.350027
13351,113.351012
13352,113.352046
13353,113.353070
13354,113.354003
13355,113.355031
13356,113.356032
13357,113.357052
13358,113.357999
13359,113.358902
13360,113.359997
13361,113.361016
13362,113.362050
13363,113.363006
13364,113.363971
13365,113.364959
13366,113.365980
13367,113.366930
13368,113.367953
13369,113.369021
13370,113.369923
13371,113.370933
13372,113.372057
13373,113.373052
13374,113.374044
13375,113.374983
13376,113.375949
13377,113.376955
13378,113.378060
13379,113.379015
13380,113.380042
13381,113.380971
13382,113.381984
13383,113.382984
13384,113.383998
13385,113.384993
13386,113.385951
13387,113.387007
13388,113.387926
13389,113.389072
13390,113.389912
13391,113.390985
13392,113.391915
13393,113.393016
13394,113.394039
13395,113.395020
13396,113.396060
13397,113.396914
13398,113.398091
13399,113.398906
13400,113.399942
13401,113.401075
13402,113.402065
13403,113.403069
13404,113.403943
13405,113.404923
13406,113.406041
13407,113.407081
13408,113.407966
13409,113.408994
13410,113.409902
13411,113.411005
13412,113.412044
13413,113.413030
13414,113.413912
13415,113.415038
13416,113.416014
13417,113.416959
13418,113.418081
13419,113.418909
13420,113.419908
13421,113.420975
13422,113.422022
13423,113.423057
13424,113.423973
13425,113.425070
13426,113.426017
13427,113.427038
13428,113.428023
13429,113.429094
13430,113.429999
13431,113.430991
13432,113.431978
13433,113.432993
13434,113.434014
13435,113.434953
13436,113.436043
13437,113.436993
13438,113.437964
13439,113.438946
13440,113.440081
13441,113.440985
13442,113.442093
13443,113.442972
13444,113.443999
13445,113.445057
13446,113.446029
13447,113.446969
13448,113.448093
13449,113.448922
13450,113.449971
13451,113.450943
13452,113.452086
13453,113.452943
13454,113.453999
13455,113.454945
13456,113.456080
13457,113.457075
13458,113.458050
13459,113.458951
13460,113.460046
13461,113.460940
13462,113.462017
13463,113.463090
13464,113.463958
13465,113.464986
13466,113.466045
13467,113.466924
13468,113.467994
13469,113.469077
13470,113.469993
13471,113.471060
13472,113.471960
13473,113.473027
13474,113.473964
13475,113.475017
13476,113.475970
13477,113.477006
13478,113.477932
13479,113.478949
13480,113.480034
13481,113.480935
13482,113.482032
13483,113.483064
13484,113.483922
13485,113.484994
13486,113.486065
13487,113.487042
13488,113.488097
13489,113.488927
13490,113.490073
13491,113.491003
13492,113.492075
13493,113.492943
13494,113.493908
13495,113.495033
13496,113.495912
13497,113.496951
13498,113.497935
13499,113.498912
13500,113.500011
13501,113.501034
13502,113.502071
13503,113.503100
13504,113.504019
13505,113.505002
13506,113.506024
13507,113.507097
13508,113.508038
13509,113.509030
13510,113.509979
13511,113.510983
13512,113.512078
13513,113.513054
13514,113.514077
13515,113.515014
13516,113.516022
13517,113.516947
13518,113.517947
13519,113.518920
13520,113.519900
13521,113.520972
13522,113.521930
13523,113.523032
13524,113.523940
13525,113.525019
13526,113.525973
13527,113.527020
13528,113.527938
13529,113.529039
13530,113.529983
13531,113.531062
13532,113.531919
13533,113.533086
13534,113.533912
13535,113.535036
13536,113.536085
13537,113.537011
13538,113.537935
13539,113.539038
13540,113.539964
13541,113.541003
13542,113.542076
13543,113.542963
13544,113.544094
13545,113.545062
13546,113.545918
13547,113.547008
13548,113.547927
13549,113.548985
13550,113.549963
13551,113.550942
13552,113.551948
13553,113.553035
13554,113.553996
13555,113.555071
13556,113.556029
13557,113.556943
13558,113.557930
13559,113.559062
13560,113.559944
13561,113.561005
13562,113.561967
13563,113.563046
13564,113.564021
13565,113.565077
13566,113.565939
13567,113.567057
13568,113.567983
13569,113.568952
13570,113.569963
13571,113.570972
13572,113.571943
13573,113.573035
13574,113.574009
13575,113.575017
13576,113.575936
13577,113.577097
13578,113.577986
13579,113.578939
13580,113.580027
13581,113.580953
13582,113.582062
13583,113.582959
13584,113.584048
13585,113.584912
13586,113.586009
13587,113.587021
13588,113.587934
13589,113.588950
13590,113.589993
13591,113.590982
13592,113.591941
13593,113.593095
13594,113.594069
13595,113.595056
13596,113.596064
13597,113.597000
13598,113.598018
13599,113.599041
13600,113.600056
13601,113.600977
13602,113.602053
13603,113.603062
13604,113.604056
13605,113.604963
13606,113.606001
13607,113.606976
13608,113.608000
13609,113.609098
13610,113.610003
13611,113.611042
13612,113.611934
13613,113.613002
13614,113.613986
13615,113.614950
13616,113.615902
13617,113.616903
13618,113.617947
13619,113.619075
13620,113.619948
13621,113.621074
13622,113.621907
13623,113.623040
13624,113.624018
13625,113.624987
13626,113.625980
13627,113.627085
13628,113.628024
13629,113.629057
13630,113.630097
13631,113.631011
13632,113.631978
13633,113.632987
13634,113.634094
13635,113.635089
13636,113.636031
13637,113.636969
13638,113.637907
13639,113.639089
13640,113.639915
13641,113.640918
13642,113.642049
13643,113.643082
13644,113.644079
13645,113.645023
13646,113.645925
13647,113.647005
13648,113.648004
13649,113.649020
13650,113.649970
13651,113.651056
13652,113.652006
13653,113.653022
13654,113.654083
13655,113.655026
13656,113.655940
13657,113.657089
13658,113.658051
13659,113.658916
13660,113.660057
13661,113.660929
13662,113.661919
13663,113.663030
13664,113.664068
13665,113.664960
13666,113.666085
13667,113.666958
13668,113.668016
13669,113.669005
13670,113.669971
13671,113.671085
13672,113.671960
13673,113.672934
13674,113.673998
13675,113.675071
13676,113.675903
13677,113.677008
13678,113.677984
13679,113.678955
13680,113.679956
13681,113.681051
13682,113.682085
13683,113.683058
13684,113.684090
13685,113.685044
13686,113.686049
13687,113.686959
13688,113.687958
13689,113.689058
13690,113.689998
13691,113.691052
13692,113.692000
13693,113.692998
13694,113.694045
13695,113.695044
13696,113.695991
13697,113.696953
13698,113.698064
13699,113.699012
13700,113.700087
13701,113.700973
13702,113.701922
13703,113.702916
13704,113.704013
13705,113.704916
13706,113.705927
13707,113.706974
13708,113.708061
13709,113.708980
13710,113.709917
13711,113.711089
13712,113.712052
13713,113.713080
13714,113.714010
13715,113.714941
13716,113.715903
13717,113.717016
13718,113.718039
13719,113.718914
13720,113.719955
13721,113.721024
13722,113.721965
13723,113.722902
13724,113.723901
13725,113.724997
13726,113.726071
13727,113.727011
13728,113.728006
13729,113.728956
13730,113.730030
13731,113.730986
13732,113.731916
13733,113.733048
13734,113.733965
13735,113.734918
13736,113.736055
13737,113.737082
13738,113.738040
13739,113.739025
13740,113.740005
13741,113.741059
13742,113.741950
13743,113.742940
13744,113.743975
13745,113.744994
13746,113.745933
13747,113.747081
13748,113.747967
13749,113.749046
13750,113.750047
13751,113.751053
13752,113.751968
13753,113.753066
13754,113.754001
13755,113.755080
13756,113.756020
13757,113.756924
13758,113.757992
13759,113.759065
13760,113.760091
13761,113.761046
13762,113.761927
13763,113.763075
13764,113.764001
13765,113.765088
13766,113.766099
13767,113.767057
13768,113.768065
13769,113.768914
13770,113.770050
13771,113.770964
13772,113.772003
13773,113.773023
13774,113.773926
13775,113.774906
13776,113.775975
13777,113.777034
13778,113.778026
13779,113.779050
13780,113.780069
13781,113.781025
13782,113.781945
13783,113.783004
13784,113.783966
13785,113.784932
13786,113.786051
13787,113.786946
13788,113.788099
13789,113.788974
13790,113.789905
13791,113.791065
13792,113.791919
13793,113.793049
13794,113.793961
13795,113.795082
13796,113.796020
13797,113.796913
13798,113.798082
13799,113.798910
13800,113.800098
13801,113.800963
13802,113.802065
13803,113.802917
13804,113.803982
13805,113.805033
13806,113.806038
13807,113.807051
13808,113.808061
13809,113.808943
13810,113.810063
13811,113.810994
13812,113.811945
13813,113.813028
13814,113.814037
13815,113.815091
13816,113.815926
13817,113.816997
13818,113.817994
13819,113.819027
13820,113.820002
13821,113.820904
13822,113.821994
13823,113.822954
13824,113.823910
13825,113.825010
13826,113.826061
13827,113.826974
13828,113.827987
13829,113.829016
13830,113.829922
13831,113.831002
13832,113.831914
13833,113.832932
13834,113.834092
13835,113.834959
13836,113.836019
13837,113.836902
13838,113.837926
13839,113.839073
13840,113.839980
13841,113.840981
13842,113.841903
13843,113.842931
13844,113.844079
13845,113.844918
13846,113.846032
13847,113.846946
13848,113.848018
13849,113.848901
13850,113.850020
13851,113.850933
13852,113.851956
13853,113.852905
13854,113.853986
13855,113.854985
13856,113.855955
13857,113.856994
13858,113.857993
13859,113.858926
13860,113.860085
13861,113.861053
13862,113.862010
13863,113.863005
13864,113.863988
13865,113.864915
13866,113.865939
13867,113.867068
13868,113.867962
13869,113.868998
13870,113.869962
13871,113.870901
13872,113.871980
13873,113.873046
13874,113.873947
13875,113.874920
13876,113.876064
13877,113.877062
13878,113.877915
13879,113.878902
13880,113.880097
13881,113.881040
13882,113.881904
13883,113.883028
13884,113.883974
13885,113.885030
13886,113.885932
13887,113.886973
13888,113.888090
13889,113.888978
13890,113.889925
13891,113.890907
13892,113.891904
13893,113.893094
13894,113.894046
13895,113.895025
13896,113.896069
13897,113.896986
13898,113.898070
13899,113.898923
13900,113.899920
13901,113.900904
13902,113.902005
13903,113.902998
13904,113.903900
13905,113.905093
13906,113.905984
13907,113.906965
13908,113.907938
13909,113.909076
13910,113.910007
13911,113.911092
13912,113.912034
13913,113.913025
13914,113.913974
13915,113.914915
13916,113.916029
13917,113.916963
13918,113.917978
13919,113.919096
13920,113.920035
13921,113.920928
13922,113.921949
13923,113.922964
13924,113.924059
13925,113.924901
13926,113.925957
13927,113.926910
13928,113.928071
13929,113.929078
13930,113.930002
13931,113.930982
13932,113.932000
13933,113.932909
13934,113.934057
13935,113.934987
13936,113.936069
13937,113.937096
13938,113.938079
13939,113.938917
13940,113.940036
13941,113.941000
13942,113.942041
13943,113.942954
13944,113.943983
13945,113.945002
13946,113.946036
13947,113.947020
13948,113.948046
13949,113.949097
13950,113.950018
13951,113.951071
13952,113.951943
13953,113.953080
13954,113.953943
13955,113.955096
13956,113.956041
13957,113.957041
13958,113.957957
13959,113.959089
13960,113.959944
13961,113.960914
13962,113.961934
13963,113.962974
13964,113.963910
13965,113.965005
13966,113.965969
13967,113.966987
13968,113.968056
13969,113.969078
13970,113.970017
13971,113.971024
13972,113.971939
13973,113.972992
13974,113.974053
13975,113.975058
13976,113.976049
13977,113.977046
13978,113.978074
13979,113.978912
13980,113.980068
13981,113.981092
13982,113.982069
13983,113.983069
13984,113.983930
13985,113.985071
13986,113.986025
13987,113.987054
13988,113.988009
13989,113.989009
13990,113.990017
13991,113.990984
13992,113.991928
13993,113.992925
13994,113.994099
13995,113.994910
13996,113.996004
13997,113.996976
13998,113.997992
13999,113.999071
14000,113.999958
14001,114.001088
14002,114.002053
14003,114.003079
14004,114.003918
14005,114.004936
14006,114.006021
14007,114.006922
14008,114.007994
14009,114.009032
14010,114.009941
14011,114.010946
14012,114.012083
14013,114.012996
14014,114.013926
14015,114.015011
14016,114.016070
14017,114.017017
14018,114.018000
14019,114.019084
14020,114.020067
14021,114.020989
14022,114.021982
14023,114.022936
14024,114.023981
14025,114.025027
14026,114.026008
14027,114.026910
14028,114.027959
14029,114.029089
14030,114.029918
14031,114.030960
14032,114.032074
14033,114.033019
14034,114.033959
14035,114.034954
14036,114.035960
14037,114.037082
14038,114.038021
14039,114.038961
14040,114.040077
14041,114.041058
14042,114.042087
14043,114.042941
14044,114.043944
14045,114.045025
14046,114.045934
14047,114.047002
14048,114.048055
14049,114.048970
14050,114.050066
14051,114.050974
14052,114.051938
14053,114.053006
14054,114.054048
14055,114.054914
14056,114.056098
14057,114.057074
14058,114.057974
14059,114.059025
14060,114.059938
14061,114.061092
14062,114.061906
14063,114.062992
14064,114.063973
14065,114.065082
14066,114.066005
14067,114.066984
14068,114.068000
14069,114.068908
14070,114.070029
14071,114.070962
14072,114.072047
14073,114.073051
14074,114.073960
14075,114.075096
14076,114.076072
14077,114.077032
14078,114.078065
14079,114.079022
14080,114.079930
14081,114.081018
14082,114.082001
14083,114.082955
14084,114.084097
14085,114.084909
14086,114.086069
14087,114.086978
14088,114.087952
14089,114.088913
14090,114.089902
14091,114.091016
14092,114.091978
14093,114.092965
14094,114.093939
14095,114.095032
14096,114.096042
14097,114.097019
14098,114.097995
14099,114.098929
14100,114.099910
14101,114.100972
14102,114.102081
14103,114.102964
14104,114.103905
14105,114.105010
14106,114.106019
14107,114.106971
14108,114.108010
14109,114.108976
14110,114.109930
14111,114.111082
14112,114.111961
14113,114.112956
14114,114.114012
14115,114.115090
14116,114.115914
14117,114.117089
14118,114.117997
14119,114.119021
14120,114.120006
14121,114.120993
14122,114.121903
14123,114.123068
14124,114.124029
14125,114.125059
14126,114.125907
14127,114.126918
14128,114.128010
14129,114.128902
14130,114.129918
14131,114.131071
14132,114.132098
14133,114.133066
14134,114.133911
14135,114.135092
14136,114.136065
14137,114.136929
14138,114.137949
14139,114.139017
14140,114.139908
14141,114.140920
14142,114.141957
14143,114.142950
14144,114.143965
14145,114.145055
14146,114.145963
14147,114.147032
14148,114.148008
14149,114.149056
14150,114.150001
14151,114.151025
14152,114.152025
14153,114.152949
14154,114.153917
14155,114.154914
14156,114.155937
14157,114.156901
14158,114.158091
14159,114.159081
14160,114.159922
14161,114.161070
14162,114.161948
14163,114.162962
14164,114.164003
14165,114.164983
14166,114.165930
14167,114.167075
14168,114.167960
14169,114.169014
14170,114.170057
14171,114.171087
14172,114.172079
14173,114.172910
14174,114.173981
14175,114.174918
14176,114.175958
14177,114.176970
14178,114.177993
14179,114.178973
14180,114.179988
14181,114.180932
14182,114.182092
14183,114.182930
14184,114.183902
14185,114.185025
14186,114.185969
14187,114.186994
14188,114.187934
14189,114.189001
14190,114.190003
14191,114.191056
14192,114.192058
14193,114.192958
14194,114.194079
14195,114.194937
14196,114.195998
14197,114.196932
14198,114.197945
14199,114.198911
14200,114.199975
14201,114.201065
14202,114.201965
14203,114.202978
14204,114.204069
14205,114.205072
14206,114.205908
14207,114.207053
14208,114.207969
14209,114.209061
14210,114.209906
14211,114.211049
14212,114.211986
14213,114.212986
14214,114.214044
14215,114.215019
14216,114.216053
14217,114.216909
14218,114.217989
14219,114.219037
14220,114.219982
14221,114.221034
14222,114.222056
14223,114.222924
14224,114.224045
14225,114.224975
14226,114.225983
14227,114.226927
14228,114.228013
14229,114.229035
14230,114.230097
14231,114.231011
14232,114.232047
14233,114.232968
14234,114.234096
14235,114.235031
14236,114.235915
14237,114.237080
14238,114.237908
14239,114.239069
14240,114.239956
14241,114.241030
14242,114.242070
14243,114.242966
14244,114.244042
14245,114.244963
14246,114.245974
14247,114.246963
14248,114.247922
14249,114.249029
14250,114.249977
14251,114.251086
14252,114.252060
14253,114.252915
14254,114.253987
14255,114.254987
14256,114.256021
14257,114.256968
14258,114.257945
14259,114.258936
14260,114.259900
14261,114.260971
14262,114.261944
14263,114.262965
14264,114.263938
14265,114.265007
14266,114.265976
14267,114.267005
14268,114.268021
14269,114.269095
14270,114.269959
14271,114.270965
14272,114.272036
14273,114.272976
14274,114.273905
14275,114.274904
14276,114.276004
14277,114.277043
14278,114.278072
14279,114.279002
14280,114.279990
14281,114.280970
14282,114.281927
14283,114.283010
14284,114.284094
14285,114.285084
14286,114.286045
14287,114.287081
14288,114.287900
14289,114.289046
14290,114.289920
14291,114.290930
14292,114.291954
14293,114.292908
14294,114.294007
14295,114.295004
14296,114.296029
14297,114.297026
14298,114.297953
14299,114.299060
14300,114.300018
14301,114.300993
14302,114.302027
14303,114.303094
14304,114.303918
14305,114.304934
14306,114.306039
14307,114.307007
14308,114.308043
14309,114.309066
14310,114.309989
14311,114.310986
14312,114.311966
14313,114.312977
14314,114.314057
14315,114.315040
14316,114.315993
14317,114.317017
14318,114.317997
14319,114.319041
14320,114.319914
14321,114.321092
14322,114.321910
14323,114.322913
14324,114.324012
14325,114.325049
14326,114.325989
14327,114.327008
14328,114.327986
14329,114.328968
14330,114.329995
14331,114.331059
14332,114.331952
14333,114.332939
14334,114.334072
14335,114.335025
14336,114.336052
14337,114.336951
14338,114.338014
14339,114.338911
14340,114.340086
14341,114.340927
14342,114.342072
14343,114.343038
14344,114.344046
14345,114.344938
14346,114.346059
14347,114.346949
14348,114.348015
14349,114.349057
14350,114.349949
14351,114.351051
14352,114.352073
14353,114.353060
14354,114.353975
14355,114.355074
14356,114.355935
14357,114.356939
14358,114.357987
14359,114.359059
14360,114.359950
14361,114.360958
14362,114.362073
14363,114.362943
14364,114.363948
14365,114.365010
14366,114.365973
14367,114.367060
14368,114.368000
14369,114.368967
14370,114.369941
14371,114.371022
14372,114.371926
14373,114.372953
14374,114.373970
14375,114.374995
14376,114.375961
14377,114.377022
14378,114.378078
14379,114.379029
14380,114.379938
14381,114.381058
14382,114.381908
14383,114.383001
14384,114.383927
14385,114.385086
14386,114.385956
14387,114.387074
14388,114.388027
14389,114.388918
14390,114.390028
14391,114.390902
14392,114.392026
14393,114.392952
14394,114.394031
14395,114.394933
14396,114.396091
14397,114.397027
14398,114.398027
14399,114.399028
14400,114.400093
14401,114.400942
14402,114.401972
14403,114.402962
14404,114.403971
14405,114.404927
14406,114.406019
14407,114.407087
14408,114.407928
14409,114.408940
14410,114.409946
14411,114.410944
14412,114.412004
14413,114.412943
14414,114.413965
14415,114.415043
14416,114.415961
14417,114.417040
14418,114.417947
14419,114.419022
14420,114.420049
14421,114.420987
14422,114.422044
14423,114.423045
14424,114.424030
14425,114.424968
14426,114.426007
14427,114.426963
14428,114.427914
14429,114.428913
14430,114.430055
14431,114.430966
14432,114.431973
14433,114.432970
14434,114.433904
14435,114.435053
14436,114.436073
14437,114.437076
14438,114.437995
14439,114.438930
14440,114.439919
14441,114.441006
14442,114.441985
14443,114.442952
14444,114.443906
14445,114.445006
14446,114.445972
14447,114.446968
14448,114.448064
14449,114.448972
14450,114.449924
14451,114.451069
14452,114.452077
14453,114.452928
14454,114.454050
14455,114.454973
14456,114.456091
14457,114.456978
14458,114.457963
14459,114.459017
14460,114.460002
14461,114.460909
14462,114.461972
14463,114.463099
14464,114.464061
14465,114.465033
14466,114.465963
14467,114.466988
14468,114.468056
14469,114.468933
14470,114.470035
14471,114.471097
14472,114.471961
14473,114.473039
14474,114.474012
14475,114.475071
14476,114.475970
14477,114.477009
14478,114.478040
14479,114.479025
14480,114.480068
14481,114.480947
14482,114.481916
14483,114.483041
14484,114.483909
14485,114.484977
14486,114.485922
14487,114.487002
14488,114.487978
14489,114.488949
14490,114.490067
14491,114.490925
14492,114.492047
14493,114.493050
14494,114.493982
14495,114.494969
14496,114.495990
14497,114.497055
14498,114.498009
14499,114.498997
14500,114.499953
14501,114.500933
14502,114.502024
14503,114.503003
14504,114.504044
14505,114.504938
14506,114.506017
14507,114.507061
14508,114.508035
14509,114.509014
14510,114.510014
14511,114.511086
14512,114.511972
14513,114.512980
14514,114.514039
14515,114.515077
14516,114.515976
14517,114.516925
14518,114.518055
14519,114.519082
14520,114.519918
14521,114.520963
14522,114.522019
14523,114.523033
14524,114.524015
14525,114.524932
14526,114.526005
14527,114.527091
14528,114.527928
14529,114.528977
14530,114.530098
14531,114.530916
14532,114.532075
14533,114.532965
14534,114.534063
14535,114.534959
14536,114.535976
14537,114.536981
14538,114.537974
14539,114.539032
14540,114.540039
14541,114.540903
14542,114.542030
14543,114.542930
14544,114.544010
14545,114.544925
14546,114.546021
14547,114.546913
14548,114.548090
14549,114.548953
14550,114.549989
14551,114.550917
14552,114.551902
14553,114.552928
14554,114.553931
14555,114.555038
14556,114.555943
14557,114.556910
14558,114.558063
14559,114.558991
14560,114.560021
14561,114.560993
14562,114.562040
14563,114.563075
14564,114.564012
14565,114.565007
14566,114.566037
14567,114.566908
14568,114.568076
14569,114.569006
14570,114.569922
14571,114.571088
14572,114.571909
14573,114.572979
14574,114.573929
14575,114.575027
14576,114.575989
14577,114.577021
14578,114.578090
14579,114.578957
14580,114.579960
14581,114.580933
14582,114.582032
14583,114.582941
14584,114.583901
14585,114.584937
14586,114.585944
14587,114.586913
14588,114.588069
14589,114.588957
14590,114.589901
14591,114.591036
14592,114.591989
14593,114.592947
14594,114.593997
14595,114.594921
14596,114.595924
14597,114.596925
14598,114.598052
14599,114.599040
14600,114.599934
14601,114.601086
14602,114.601932
14603,114.603095
14604,114.603909
14605,114.605048
14606,114.606028
14607,114.606992
14608,114.607967
14609,114.608979
14610,114.609993
14611,114.610931
14612,114.612054
14613,114.612975
14614,114.613971
14615,114.615038
14616,114.616064
14617,114.616929
14618,114.617987
14619,114.619085
14620,114.620037
14621,114.620914
14622,114.622012
14623,114.622921
14624,114.624016
14625,114.624901
14626,114.626097
14627,114.626907
14628,114.627964
14629,114.629016
14630,114.629963
14631,114.630912
14632,114.631910
14633,114.633014
14634,114.633990
14635,114.634952
14636,114.636095
14637,114.637080
14638,114.638042
14639,114.638970
14640,114.639907
14641,114.641072
14642,114.641995
14643,114.643001
14644,114.644049
14645,114.645100
14646,114.645949
14647,114.646958
14648,114.648073
14649,114.648906
14650,114.650056
14651,114.651062
14652,114.652050
14653,114.653002
14654,114.653917
14655,114.654993
14656,114.656016
14657,114.656981
14658,114.657952
14659,114.659063
14660,114.660004
14661,114.661033
14662,114.662090
14663,114.662956
14664,114.663903
14665,114.665063
14666,114.665994
14667,114.666905
14668,114.667981
14669,114.669085
14670,114.670088
14671,114.671016
14672,114.672078
14673,114.672907
14674,114.673956
14675,114.675020
14676,114.675923
14677,114.676971
14678,114.677974
14679,114.679068
14680,114.680044
14681,114.680958
14682,114.681935
14683,114.683017
14684,114.683963
14685,114.684907
14686,114.685902
14687,114.687010
14688,114.688034
14689,114.688969
14690,114.689972
14691,114.691096
14692,114.692033
14693,114.693095
14694,114.694087
14695,114.694972
14696,114.695925
14697,114.696985
14698,114.697954
14699,114.699049
14700,114.700038
14701,114.700959
14702,114.702092
14703,114.703007
14704,114.704072
14705,114.704975
14706,114.705917
14707,114.707021
14708,114.707972
14709,114.708945
14710,114.709972
14711,114.710998
14712,114.712033
14713,114.713090
14714,114.713988
14715,114.714915
14716,114.715912
14717,114.717048
14718,114.718065
14719,114.718955
14720,114.720092
14721,114.720974
14722,114.722094
14723,114.723044
14724,114.723919
14725,114.725041
14726,114.725956
14727,114.727076
14728,114.727996
14729,114.729075
14730,114.730092
14731,114.730920
14732,114.731965
14733,114.732928
14734,114.734013
14735,114.735086
14736,114.735911
14737,114.736948
14738,114.738038
14739,114.738922
14740,114.739996
14741,114.740997
14742,114.742077
14743,114.742927
14744,114.743994
14745,114.745050
14746,114.746096
14747,114.746926
14748,114.748027
14749,114.749052
14750,114.749962
14751,114.750966
14752,114.751989
14753,114.753096
14754,114.754003
14755,114.755004
14756,114.756043
14757,114.756948
14758,114.757942
14759,114.758978
14760,114.759999
14761,114.761009
14762,114.761926
14763,114.763040
14764,114.764011
14765,114.765078
14766,114.765940
14767,114.766964
14768,114.767993
14769,114.768959
14770,114.770023
14771,114.771099
14772,114.771940
14773,114.773051
14774,114.774004
14775,114.775024
14776,114.775974
14777,114.777082
14778,114.778025
14779,114.778945
14780,114.779956
14781,114.781080
14782,114.782016
14783,114.783096
14784,114.784009
14785,114.784968
14786,114.785979
14787,114.786912
14788,114.787971
14789,114.788984
14790,114.789964
14791,114.791072
14792,114.792059
14793,114.792970
14794,114.793902
14795,114.795068
14796,114.796012
14797,114.797084
14798,114.798087
14799,114.799054
14800,114.799995
14801,114.801070
14802,114.801904
14803,114.803080
14804,114.803918
14805,114.805070
14806,114.806069
14807,114.806957
14808,114.807988
14809,114.809005
14810,114.809952
14811,114.811006
14812,114.811909
14813,114.812931
14814,114.814040
14815,114.815072
14816,114.816072
14817,114.816915
14818,114.818016
14819,114.818944
14820,114.819999
14821,114.820995
14822,114.822090
14823,114.822990
14824,114.824008
14825,114.825083
14826,114.825996
14827,114.826947
14828,114.827961
14829,114.829054
14830,114.829975
14831,114.831079
14832,114.832009
14833,114.832976
14834,114.834087
14835,114.835086
14836,114.836094
14837,114.836928
14838,114.837919
14839,114.838929
14840,114.840000
14841,114.841021
14842,114.842069
14843,114.842942
14844,114.844086
14845,114.844905
14846,114.845902
14847,114.847040
14848,114.847976
14849,114.849060
14850,114.850085
14851,114.850959
14852,114.852025
14853,114.853010
14854,114.853920
14855,114.855022
14856,114.856058
14857,114.856912
14858,114.857987
14859,114.858906
14860,114.859961
14861,114.860935
14862,114.861982
14863,114.863029
14864,114.864033
14865,114.865043
14866,114.866082
14867,114.867048
14868,114.868026
14869,114.868907
14870,114.870040
14871,114.870981
14872,114.871932
14873,114.873051
14874,114.873916
14875,114.875048
14876,114.876023
14877,114.877023
14878,114.878070
14879,114.878947
14880,114.879921
14881,114.881092
14882,114.881907
14883,114.883098
14884,114.883963
14885,114.885087
14886,114.886009
14887,114.886951
14888,114.888067
14889,114.889032
14890,114.889946
14891,114.890909
14892,114.892014
14893,114.892932
14894,114.893967
14895,114.895067
14896,114.895924
14897,114.896996
14898,114.898089
14899,114.899011
14900,114.900039
14901,114.901064
14902,114.902077
14903,114.903014
14904,114.903973
14905,114.905085
14906,114.905965
14907,114.906933
14908,114.908042
14909,114.908993
14910,114.909923
14911,114.911019
14912,114.912056
14913,114.913087
14914,114.914087
14915,114.915024
14916,114.915965
14917,114.916991
14918,114.917961
14919,114.919004
14920,114.919942
14921,114.921049
14922,114.921982
14923,114.922982
14924,114.924064
14925,114.924914
14926,114.925940
14927,114.927017
14928,114.928009
14929,114.928916
14930,114.930092
14931,114.931024
14932,114.932100
14933,114.932973
14934,114.934081
14935,114.934942
14936,114.935916
14937,114.937080
14938,114.938086
14939,114.938933
14940,114.939968
14941,114.941010
14942,114.941990
14943,114.943095
14944,114.944028
14945,114.945037
14946,114.946055
14947,114.947019
14948,114.947977
14949,114.949071
14950,114.949904
14951,114.950931
14952,114.952031
14953,114.953039
14954,114.953930
14955,114.955079
14956,114.955906
14957,114.956932
14958,114.957986
14959,114.959076
14960,114.960022
14961,114.961092
14962,114.962008
14963,114.963098
14964,114.964094
14965,114.964906
14966,114.965965
14967,114.967002
14968,114.968074
14969,114.968993
14970,114.969936
14971,114.970989
14972,114.972076
14973,114.972952
14974,114.974045
14975,114.974901
14976,114.976091
14977,114.976943
14978,114.977931
14979,114.978930
14980,114.980095
14981,114.980922
14982,114.981977
14983,114.983053
14984,114.984016
14985,114.985080
14986,114.985919
14987,114.986999
14988,114.987992
14989,114.988971
14990,114.990078
14991,114.991067
14992,114.991988
14993,114.993011
14994,114.993928
14995,114.995037
14996,114.995921
14997,114.997026
14998,114.998075
14999,114.998937
15000,114.999951
15001,115.000953
15002,115.001910
15003,115.002958
15004,115.004029
15005,115.005079
15006,115.006032
15007,115.006932
15008,115.007965
15009,115.008952
15010,115.010002
15011,115.011086
15012,115.011959
15013,115.013085
15014,115.013932
15015,115.015024
15016,115.016071
15017,115.016948
15018,115.017976
15019,115.019070
15020,115.019902
15021,115.020909
15022,115.021933
15023,115.022948
15024,115.024093
15025,115.024951
15026,115.026008
15027,115.027080
15028,115.028065
15029,115.029007
15030,115.030007
15031,115.030954
15032,115.031908
15033,115.033005
15034,115.033984
15035,115.034985
15036,115.036030
15037,115.036924
15038,115.038047
15039,115.039083
15040,115.039981
15041,115.041011
15042,115.041927
15043,115.043047
15044,115.043984
15045,115.044906
15046,115.045921
15047,115.046987
15048,115.047923
15049,115.049089
15050,115.050008
15051,115.051026
15052,115.052053
15053,115.053080
15054,115.053983
15055,115.054942
15056,115.055969
15057,115.057074
15058,115.058043
15059,115.059028
15060,115.059962
15061,115.061006
15062,115.062056
15063,115.062980
15064,115.064050
15065,115.064920
15066,115.066021
15067,115.067038
15068,115.067953
15069,115.069083
15070,115.069956
15071,115.071086
15072,115.072019
15073,115.072970
15074,115.074082
15075,115.074912
15076,115.075915
15077,115.076935
15078,115.078048
15079,115.079086
15080,115.080072
15081,115.081014
15082,115.082067
15083,115.082922
15084,115.084067
15085,115.085047
15086,115.085968
15087,115.087069
15088,115.088049
15089,115.089035
15090,115.090023
15091,115.091043
15092,115.091943
15093,115.093097
15094,115.093925
15095,115.094948
15096,115.096100
15097,115.097058
15098,115.098044
15099,115.099065
15100,115.100012
15101,115.101089
15102,115.102066
15103,115.102964
15104,115.104094
15105,115.104937
15106,115.105990
15107,115.106920
15108,115.107902
15109,115.109000
15110,115.110073
15111,115.110971
15112,115.111966
15113,115.112936
15114,115.113905
15115,115.115029
15116,115.115934
15117,115.116920
15118,115.117929
15119,115.118901
15120,115.119959
15121,115.120903
15122,115.121908
15123,115.123060
15124,115.123902
15125,115.124989
15126,115.126002
15127,115.127066
15128,115.127973
15129,115.128988
15130,115.129912
15131,115.130907
15132,115.131933
15133,115.132962
15134,115.134096
15135,115.135061
15136,115.136057
15137,115.136957
15138,115.138089
15139,115.139093
15140,115.139996
15141,115.140952
15142,115.142056
15143,115.143019
15144,115.144047
15145,115.144989
15146,115.146050
15147,115.147016
15148,115.148096
15149,115.149074
15150,115.150021
15151,115.150967
15152,115.152065
15153,115.152958
15154,115.153932
15155,115.154955
15156,115.155991
15157,115.156934
15158,115.157958
15159,115.159038
15160,115.159990
15161,115.161001
15162,115.161953
15163,115.163090
15164,115.163961
15165,115.164937
15166,115.166033
15167,115.167048
15168,115.167923
15169,115.169000
15170,115.169917
15171,115.171062
15172,115.171988
15173,115.172948
15174,115.174015
15175,115.174959
15176,115.175915
15177,115.176960
15178,115.178062
15179,115.179031
15180,115.180035
15181,115.181037
15182,115.181944
15183,115.182932
15184,115.184092
15185,115.184978
15186,115.186007
15187,115.186988
15188,115.187905
15189,115.188989
15190,115.190050
15191,115.190938
15192,115.192013
15193,115.193043
15194,115.193985
15195,115.195010
15196,115.195939
15197,115.197022
15198,115.198046
15199,115.198980
15200,115.200050
15201,115.201035
15202,115.202031
15203,115.202940
15204,115.204001
15205,115.205028
15206,115.206046
15207,115.207096
15208,115.208081
15209,115.208962
15210,115.209971
15211,115.211075
15212,115.212054
15213,115.212927
15214,115.213901
15215,115.214936
15216,115.216054
15217,115.216964
15218,115.218043
15219,115.218965
15220,115.220045
15221,115.220929
15222,115.221911
15223,115.223069
15224,115.224008
15225,115.225044
15226,115.225975
15227,115.226962
15228,115.227906
15229,115.228975
15230,115.229935
15231,115.231090
15232,115.231912
15233,115.232958
15234,115.233955
15235,115.235043
15236,115.235992
15237,115.237034
15238,115.237933
15239,115.238922
15240,115.240011
15241,115.241022
15242,115.242042
15243,115.243058
15244,115.244002
15245,115.245032
15246,115.245949
15247,115.247050
15248,115.248057
15249,115.249047
15250,115.249934
15251,115.250979
15252,115.252086
15253,115.253071
15254,115.253934
15255,115.255098
15256,115.255925
15257,115.257073
15258,115.257997
15259,115.259012
15260,115.259991
15261,115.261050
15262,115.262045
15263,115.262913
15264,115.264099
15265,115.264913
15266,115.266012
15267,115.267082
15268,115.268006
15269,115.269066
15270,115.269979
15271,115.270981
15272,115.272048
15273,115.273071
15274,115.273973
15275,115.274984
15276,115.275913
15277,115.276913
15278,115.278056
15279,115.279095
15280,115.279924
15281,115.280929
15282,115.282096
15283,115.282904
15284,115.284019
15285,115.285072
15286,115.286075
15287,115.286991
15288,115.287975
15289,115.288944
15290,115.289907
15291,115.290972
15292,115.292045
15293,115.292931
15294,115.294093
15295,115.295097
15296,115.296082
15297,115.297075
15298,115.297932
15299,115.299077
15300,115.299977
15301,115.301043
15302,115.302046
15303,115.303045
15304,115.304052
15305,115.305031
15306,115.306060
15307,115.306922
15308,115.307916
15309,115.308935
15310,115.309961
15311,115.311072
15312,115.312062
15313,115.312902
15314,115.314071
15315,115.315016
15316,115.315988
15317,115.316961
15318,115.318036
15319,115.319055
15320,115.320001
15321,115.320960
15322,115.322089
15323,115.322977
15324,115.324016
15325,115.324999
15326,115.325988
15327,115.326942
15328,115.328062
15329,115.329030
15330,115.329973
15331,115.330907
15332,115.332057
15333,115.332914
15334,115.334085
15335,115.335054
15336,115.336037
15337,115.337047
15338,115.338019
15339,115.339027
15340,115.340073
15341,115.340941
15342,115.341977
15343,115.343023
15344,115.344015
15345,115.345044
15346,115.346031
15347,115.347095
15348,115.347986
15349,115.349085
15350,115.349947
15351,115.350999
15352,115.351931
15353,115.353078
15354,115.354013
15355,115.355013
15356,115.355968
15357,115.357033
15358,115.357965
15359,115.358925
15360,115.359921
15361,115.360904
15362,115.362077
15363,115.362950
15364,115.363900
15365,115.365093
15366,115.366016
15367,115.366977
15368,115.367953
15369,115.368950
15370,115.369966
15371,115.371057
15372,115.371956
15373,115.373057
15374,115.373903
15375,115.374951
15376,115.375986
15377,115.376980
15378,115.378004
15379,115.378906
15380,115.380047
15381,115.380961
15382,115.382064
15383,115.383021
15384,115.384035
15385,115.384958
15386,115.386027
15387,115.386907
15388,115.388002
15389,115.388910
15390,115.390021
15391,115.390978
15392,115.391905
15393,115.393098
15394,115.394006
15395,115.394973
15396,115.396050
15397,115.397089
15398,115.398037
15399,115.399060
15400,115.400020
15401,115.401071
15402,115.402053
15403,115.403000
15404,115.403963
15405,115.405072
15406,115.406022
15407,115.406992
15408,115.408087
15409,115.408966
15410,115.410040
15411,115.411019
15412,115.411985
15413,115.413087
15414,115.414051
15415,115.415088
15416,115.415952
15417,115.417035
15418,115.418004
15419,115.418949
15420,115.420005
15421,115.420969
15422,115.421936
15423,115.422923
15424,115.424055
15425,115.424937
15426,115.426051
15427,115.426964
15428,115.428019
15429,115.428945
15430,115.430034
15431,115.431071
15432,115.431923
15433,115.432920
15434,115.434058
15435,115.434947
15436,115.436099
15437,115.436921
15438,115.437930
15439,115.438973
15440,115.439954
15441,115.440940
15442,115.441949
15443,115.443022
15444,115.444019
15445,115.445032
15446,115.446086
15447,115.447039
15448,115.447905
15449,115.448974
15450,115.449909
15451,115.450980
15452,115.452047
15453,115.453041
15454,115.454074
15455,115.455034
15456,115.455936
15457,115.457050
15458,115.458056
15459,115.459096
15460,115.459971
15461,115.460978
15462,115.461985
15463,115.462925
15464,115.463941
15465,115.464931
15466,115.466043
15467,115.467091
15468,115.468069
15469,115.469033
15470,115.470036
15471,115.471064
15472,115.471904
15473,115.472904
15474,115.473917
15475,115.474999
15476,115.475924
15477,115.476940
15478,115.477987
15479,115.479012
15480,115.480072
15481,115.481044
15482,115.482009
15483,115.482924
15484,115.484055
15485,115.484954
15486,115.486054
15487,115.486933
15488,115.487982
15489,115.488965
15490,115.489990
15491,115.491071
15492,115.491969
15493,115.493067
15494,115.493945
15495,115.494901
15496,115.495910
15497,115.497088
15498,115.497944
15499,115.499054
15500,115.500088
15501,115.501096
15502,115.501969
15503,115.502930
15504,115.503932
15505,115.505026
15506,115.506093
15507,115.507012
15508,115.507951
15509,115.509039
15510,115.510035
15511,115.511082
15512,115.511983
15513,115.512967
15514,115.513955
15515,115.515086
15516,115.516083
15517,115.517010
15518,115.517923
15519,115.519023
15520,115.520097
15521,115.521007
15522,115.522029
15523,115.522904
15524,115.523994
15525,115.525043
15526,115.526024
15527,115.527078
15528,115.527962
15529,115.528941
15530,115.529955
15531,115.531031
15532,115.532021
15533,115.532984
15534,115.533909
15535,115.534925
15536,115.535901
15537,115.537054
15538,115.537934
15539,115.539019
15540,115.540069
15541,115.540936
15542,115.542048
15543,115.542993
15544,115.543948
15545,115.544928
15546,115.545982
15547,115.546970
15548,115.547965
15549,115.548986
15550,115.550092
15551,115.551069
15552,115.551953
15553,115.553039
15554,115.553962
15555,115.554935
15556,115.556053
15557,115.557041
15558,115.558048
15559,115.559050
15560,115.560022
15561,115.560931
15562,115.561998
15563,115.562942
15564,115.563988
15565,115.565029
15566,115.566086
15567,115.566985
15568,115.568043
15569,115.569085
15570,115.569973
15571,115.571074
15572,115.572087
15573,115.572944
15574,115.573971
15575,115.575073
15576,115.576050
15577,115.577045
15578,115.578015
15579,115.579058
15580,115.580033
15581,115.581002
15582,115.582073
15583,115.582923
15584,115.583949
15585,115.585070
15586,115.585976
15587,115.587086
15588,115.588065
15589,115.588956
15590,115.590012
15591,115.590935
15592,115.592025
15593,115.592936
15594,115.594046
15595,115.594999
15596,115.596023
15597,115.596974
15598,115.598060
15599,115.598920
15600,115.599909
15601,115.601051
15602,115.601937
15603,115.602906
15604,115.604099
15605,115.605023
15606,115.606039
15607,115.607090
15608,115.608074
15609,115.609089
15610,115.609960
15611,115.610984
15612,115.611951
15613,115.612910
15614,115.613978
15615,115.614946
15616,115.615902
15617,115.617024
15618,115.617998
15619,115.618913
15620,115.619929
15621,115.620958
15622,115.622095
15623,115.623087
15624,115.623993
15625,115.625051
15626,115.625948
15627,115.627061
15628,115.628006
15629,115.629064
15630,115.630069
15631,115.631035
15632,115.631971
15633,115.632921
15634,115.634017
15635,115.635008
15636,115.636031
15637,115.636984
15638,115.637960
15639,115.638999
15640,115.640030
15641,115.640977
15642,115.641990
15643,115.643070
15644,115.643986
15645,115.645035
15646,115.646080
15647,115.647007
15648,115.648098
15649,115.648952
15650,115.650054
15651,115.651051
15652,115.652076
15653,115.652922
15654,115.653926
15655,115.655014
15656,115.656083
15657,115.657061
15658,115.657900
15659,115.658969
15660,115.660094
15661,115.661085
15662,115.661965
15663,115.663009
15664,115.664086
15665,115.665057
15666,115.665913
15667,115.666941
15668,115.668010
15669,115.668941
15670,115.669987
15671,115.670929
15672,115.671940
15673,115.673089
15674,115.673959
15675,115.674928
15676,115.675983
15677,115.677099
15678,115.678056
15679,115.678929
15680,115.680060
15681,115.680981
15682,115.681949
15683,115.683047
15684,115.684043
15685,115.684909
15686,115.685921
15687,115.686911
15688,115.688036
15689,115.689052
15690,115.689954
15691,115.691011
15692,115.692043
15693,115.692932
15694,115.694007
15695,115.694905
15696,115.695970
15697,115.696994
15698,115.698003
15699,115.698915
15700,115.700017
15701,115.700988
15702,115.701963
15703,115.703088
15704,115.703967
15705,115.704944
15706,115.705965
15707,115.706962
15708,115.707997
15709,115.709049
15710,115.710033
15711,115.711053
15712,115.711906
15713,115.713077
15714,115.713928
15715,115.715039
15716,115.716077
15717,115.716943
15718,115.717960
15719,115.718956
15720,115.719970
15721,115.721037
15722,115.722024
15723,115.722953
15724,115.724002
15725,115.724987
15726,115.726080
15727,115.727033
15728,115.728015
15729,115.729010
15730,115.730027
15731,115.731046
15732,115.732098
15733,115.733016
15734,115.734029
15735,115.735023
15736,115.735909
15737,115.737076
15738,115.737983
15739,115.738963
15740,115.740003
15741,115.741019
15742,115.741990
15743,115.742923
15744,115.744050
15745,115.745037
15746,115.746047
15747,115.747038
15748,115.748002
15749,115.749061
15750,115.749987
15751,115.750971
15752,115.752034
15753,115.753003
15754,115.754037
15755,115.754949
15756,115.756041
15757,115.757066
15758,115.758032
15759,115.759042
15760,115.759966
15761,115.761089
15762,115.762069
15763,115.763073
15764,115.764077
15765,115.764917
15766,115.765983
15767,115.767093
15768,115.768018
15769,115.768910
15770,115.770094
15771,115.771047
15772,115.772003
15773,115.773054
15774,115.774077
15775,115.775079
15776,115.776002
15777,115.776957
15778,115.778097
15779,115.778960
15780,115.779997
15781,115.781008
15782,115.781978
15783,115.783064
15784,115.784016
15785,115.785013
15786,115.786080
15787,115.787038
15788,115.787980
15789,115.788945
15790,115.789972
15791,115.791051
15792,115.791909
15793,115.793007
15794,115.793930
15795,115.794976
15796,115.795936
15797,115.797076
15798,115.797950
15799,115.798967
15800,115.799930
15801,115.801034
15802,115.801910
15803,115.802983
15804,115.804046
15805,115.805066
15806,115.805920
15807,115.807085
15808,115.808042
15809,115.809014
15810,115.809951
15811,115.811045
15812,115.811977
15813,115.813084
15814,115.813960
15815,115.814938
15816,115.815916
15817,115.817099
15818,115.817981
15819,115.818965
15820,115.820006
15821,115.820912
15822,115.821954
15823,115.823040
15824,115.824035
15825,115.824926
15826,115.825975
15827,115.826979
15828,115.828086
15829,115.829062
15830,115.830034
15831,115.830961
15832,115.832035
15833,115.833037
15834,115.833945
15835,115.834996
15836,115.836099
15837,115.836949
15838,115.838054
15839,115.838979
15840,115.839958
15841,115.841021
15842,115.842041
15843,115.842996
15844,115.844007
15845,115.844998
15846,115.846021
15847,115.846962
15848,115.848063
15849,115.849087
15850,115.850083
15851,115.851094
15852,115.852036
15853,115.853042
15854,115.854051
15855,115.854935
15856,115.856043
15857,115.857082
15858,115.857993
15859,115.859074
15860,115.860080
15861,115.860927
15862,115.861980
15863,115.863022
15864,115.863901
15865,115.865052
15866,115.866088
15867,115.867003
15868,115.868092
15869,115.869099
15870,115.870052
15871,115.871010
15872,115.872075
15873,115.873063
15874,115.874045
15875,115.875089
15876,115.875980
15877,115.877025
15878,115.877904
15879,115.879014
15880,115.879906
15881,115.881066
15882,115.881937
15883,115.882958
15884,115.883914
15885,115.884994
15886,115.885911
15887,115.887012
15888,115.888022
15889,115.889092
15890,115.890034
15891,115.890962
15892,115.892035
15893,115.892901
15894,115.893919
15895,115.894934
15896,115.896030
15897,115.896954
15898,115.898098
15899,115.899072
15900,115.900014
15901,115.901020
15902,115.901968
15903,115.903057
15904,115.904053
15905,115.905067
15906,115.905958
15907,115.907018
15908,115.907984
15909,115.908908
15910,115.909983
15911,115.910946
15912,115.911939
15913,115.912977
15914,115.913953
15915,115.915056
15916,115.915909
15917,115.917007
15918,115.918081
15919,115.919023
15920,115.920084
15921,115.921078
15922,115.922080
15923,115.923078
15924,115.923915
15925,115.924999
15926,115.925928
15927,115.926935
15928,115.928013
15929,115.928973
15930,115.930034
15931,115.930915
15932,115.932046
15933,115.933047
15934,115.934012
15935,115.935084
15936,115.935989
15937,115.936926
15938,115.938069
15939,115.938902
15940,115.939936
15941,115.941085
15942,115.942025
15943,115.942921
15944,115.943900
15945,115.944915
15946,115.946057
15947,115.947012
15948,115.948090
15949,115.948905
15950,115.949911
15951,115.950901
15952,115.952034
15953,115.953031
15954,115.953910
15955,115.955044
15956,115.955946
15957,115.956983
15958,115.958017
15959,115.958986
15960,115.959980
15961,115.960964
15962,115.961991
15963,115.962931
15964,115.963968
15965,115.965074
15966,115.965935
15967,115.967088
15968,115.968024
15969,115.969049
15970,115.970036
15971,115.970906
15972,115.972053
15973,115.973016
15974,115.974092
15975,115.974970
15976,115.976028
15977,115.976986
15978,115.977957
15979,115.979099
15980,115.979927
15981,115.981047
15982,115.981915
15983,115.982919
15984,115.983910
15985,115.985020
15986,115.985913
15987,115.986952
15988,115.987924
15989,115.988965
15990,115.990065
15991,115.991024
15992,115.991945
15993,115.993014
15994,115.994042
15995,115.994969
15996,115.996057
15997,115.997037
15998,115.998052
15999,115.998987
16000,115.999978
16001,116.000962
16002,116.002034
16003,116.003016
16004,116.004032
16005,116.004948
16006,116.005997
16007,116.007091
16008,116.007970
16009,116.009024
16010,116.010082
16011,116.011031
16012,116.011994
16013,116.013066
16014,116.014068
16015,116.014955
16016,116.015995
16017,116.016910
16018,116.018071
16019,116.019085
16020,116.020001
16021,116.021041
16022,116.021923
16023,116.023037
16024,116.023964
16025,116.024978
16026,116.026075
16027,116.027079
16028,116.028049
16029,116.028985
16030,116.029901
16031,116.031055
16032,116.031911
16033,116.032990
16034,116.034018
16035,116.034921
16036,116.035915
16037,116.037040
16038,116.038021
16039,116.039036
16040,116.040072
16041,116.041064
16042,116.042070
16043,116.043048
16044,116.044099
16045,116.044973
16046,116.046047
16047,116.047002
16048,116.048027
16049,116.049089
16050,116.050026
16051,116.051018
16052,116.051948
16053,116.053060
16054,116.053988
16055,116.055058
16056,116.056060
16057,116.056910
16058,116.058016
16059,116.058933
16060,116.060014
16061,116.061060
16062,116.061940
16063,116.062923
16064,116.063974
16065,116.065074
16066,116.066011
16067,116.067065
16068,116.067958
16069,116.069097
16070,116.070088
16071,116.070946
16072,116.071905
16073,116.072992
16074,116.073945
16075,116.074957
16076,116.075905
16077,116.076992
16078,116.077941
16079,116.078955
16080,116.079920
16081,116.081066
16082,116.081984
16083,116.082903
16084,116.083905
16085,116.084944
16086,116.086032
16087,116.086992
16088,116.087932
16089,116.089002
16090,116.090016
16091,116.090972
16092,116.092093
16093,116.092985
16094,116.094061
16095,116.094951
16096,116.096032
16097,116.096901
16098,116.098029
16099,116.099095
16100,116.100035
16101,116.100937
16102,116.101901
16103,116.103077
16104,116.104046
16105,116.105021
16106,116.106083
16107,116.106922
16108,116.108012
16109,116.108940
16110,116.110059
16111,116.111063
16112,116.112028
16113,116.113051
16114,116.114088
16115,116.115046
16116,116.116064
16117,116.117034
16118,116.118013
16119,116.118991
16120,116.120001
16121,116.120947
16122,116.121931
16123,116.122925
16124,116.123942
16125,116.125009
16126,116.126099
16127,116.126927
16128,116.128002
16129,116.129037
16130,116.129934
16131,116.130945
16132,116.131904
16133,116.132941
16134,116.134071
16135,116.134906
16136,116.135948
16137,116.137054
16138,116.138039
16139,116.138989
16140,116.140088
16141,116.141098
16142,116.142047
16143,116.143074
16144,116.144083
16145,116.144936
16146,116.145907
16147,116.147090
16148,116.148075
16149,116.148937
16150,116.150054
16151,116.150983
16152,116.152023
16153,116.153049
16154,116.153923
16155,116.155051
16156,116.155994
16157,116.157017
16158,116.158033
16159,116.159038
16160,116.160065
16161,116.161076
16162,116.161923
16163,116.162946
16164,116.163946
16165,116.165007
16166,116.165946
16167,116.166985
16168,116.167949
16169,116.168965
16170,116.169968
16171,116.170973
16172,116.172019
16173,116.172957
16174,116.174058
16175,116.174986
16176,116.176029
16177,116.176954
16178,116.178031
16179,116.178977
16180,116.180009
16181,116.180994
16182,116.182002
16183,116.183088
16184,116.183903
16185,116.185044
16186,116.186079
16187,116.187043
16188,116.187902
16189,116.188957
16190,116.189958
16191,116.190988
16192,116.191908
16193,116.192987
16194,116.193915
16195,116.194913
16196,116.195931
16197,116.196988
16198,116.197952
16199,116.199036
16200,116.200025
16201,116.201041
16202,116.201954
16203,116.202949
16204,116.204061
16205,116.204905
16206,116.206034
16207,116.207043
16208,116.208042
16209,116.208955
16210,116.209938
16211,116.210933
16212,116.211940
16213,116.213099
16214,116.214058
16215,116.214991
16216,116.216044
16217,116.216939
16218,116.218076
16219,116.218916
16220,116.220063
16221,116.220945
16222,116.221905
16223,116.223027
16224,116.223919
16225,116.224918
16226,116.225970
16227,116.227091
16228,116.227991
16229,116.229055
16230,116.229978
16231,116.231039
16232,116.231947
16233,116.232962
16234,116.234077
16235,116.235050
16236,116.236027
16237,116.237081
16238,116.237981
16239,116.239062
16240,116.239971
16241,116.241079
16242,116.241914
16243,116.242967
16244,116.244076
16245,116.245084
16246,116.245964
16247,116.247078
16248,116.247991
16249,116.249018
16250,116.249927
16251,116.250993
16252,116.252088
16253,116.252995
16254,116.253980
16255,116.254969
16256,116.256089
16257,116.256954
16258,116.258045
16259,116.258941
16260,116.260088
16261,116.260978
16262,116.261934
16263,116.262947
16264,116.263912
16265,116.264907
16266,116.266010
16267,116.266996
16268,116.267983
16269,116.268949
16270,116.270040
16271,116.271074
16272,116.272030
16273,116.272959
16274,116.274046
16275,116.274955
16276,116.276062
16277,116.276995
16278,116.277943
16279,116.279033
16280,116.279994
16281,116.280903
16282,116.281976
16283,116.283030
16284,116.284048
16285,116.284928
16286,116.286095
16287,116.286952
16288,116.288028
16289,116.288992
16290,116.289958
16291,116.290931
16292,116.291936
16293,116.292943
16294,116.293979
16295,116.294964
16296,116.295979
16297,116.296922
16298,116.297984
16299,116.299010
16300,116.299944
16301,116.300922
16302,116.301998
16303,116.302992
16304,116.304035
16305,116.305006
16306,116.306001
16307,116.307057
16308,116.308057
16309,116.309100
16310,116.310039
16311,116.310905
16312,116.311922
16313,116.312970
16314,116.313915
16315,116.315099
16316,116.316086
16317,116.316956
16318,116.318034
16319,116.319046
16320,116.320044
16321,116.321057
16322,116.322088
16323,116.322983
16324,116.323959
16325,116.325092
16326,116.326074
16327,116.327093
16328,116.328098
16329,116.329022
16330,116.330064
16331,116.331046
16332,116.332057
16333,116.333011
16334,116.333919
16335,116.335036
16336,116.336066
16337,116.337094
16338,116.337939
16339,116.338909
16340,116.339979
16341,116.340977
16342,116.342027
16343,116.342948
16344,116.343925
16345,116.344902
16346,116.346002
16347,116.346972
16348,116.347985
16349,116.348978
16350,116.350015
16351,116.351078
16352,116.351918
16353,116.352961
16354,116.354047
16355,116.354952
16356,116.356081
16357,116.356988
16358,116.358066
16359,116.358921
16360,116.360040
16361,116.360989
16362,116.362066
16363,116.363001
16364,116.364060
16365,116.364925
16366,116.366078
16367,116.366969
16368,116.368001
16369,116.368921
16370,116.369960
16371,116.371062
16372,116.372057
16373,116.373011
16374,116.374011
16375,116.375017
16376,116.375969
16377,116.377064
16378,116.377997
16379,116.378945
16380,116.380005
16381,116.381083
16382,116.381978
16383,116.383070
16384,116.384086
16385,116.384935
16386,116.385994
16387,116.387035
16388,116.387995
16389,116.389041
16390,116.389917
16391,116.390961
16392,116.391926
16393,116.392911
16394,116.394039
16395,116.395088
16396,116.396083
16397,116.396960
16398,116.397997
16399,116.398909
16400,116.400061
16401,116.401023
16402,116.401940
16403,116.402970
16404,116.403943
16405,116.404984
16406,116.406056
16407,116.407040
16408,116.408055
16409,116.409056
16410,116.410005
16411,116.411084
16412,116.412028
16413,116.413026
16414,116.414003
16415,116.415064
16416,116.415974
16417,116.416965
16418,116.417943
16419,116.419068
16420,116.420025
16421,116.420978
16422,116.422005
16423,116.422930
16424,116.424070
16425,116.424975
16426,116.425992
16427,116.426952
16428,116.427988
16429,116.429013
16430,116.430088
16431,116.430905
16432,116.432009
16433,116.433012
16434,116.433966
16435,116.434932
16436,116.435917
16437,116.437063
16438,116.438058
16439,116.438944
16440,116.439951
16441,116.440993
16442,116.441910
16443,116.443090
16444,116.443975
16445,116.444910
16446,116.445984
16447,116.446920
16448,116.448041
16449,116.448918
16450,116.450036
16451,116.451015
16452,116.451928
16453,116.453052
16454,116.454047
16455,116.454949
16456,116.456090
16457,116.456963
16458,116.458011
16459,116.459086
16460,116.460080
16461,116.460956
16462,116.462077
16463,116.462956
16464,116.464039
16465,116.465047
16466,116.465906
16467,116.466948
16468,116.468100
16469,116.468934
16470,116.470089
16471,116.471073
16472,116.471927
16473,116.472988
16474,116.473988
16475,116.475089
16476,116.476001
16477,116.477024
16478,116.477900
16479,116.478902
16480,116.479904
16481,116.480912
16482,116.482099
16483,116.483028
16484,116.484088
16485,116.484967
16486,116.486084
16487,116.487014
16488,116.488038
16489,116.489017
16490,116.490089
16491,116.490931
16492,116.492083
16493,116.493039
16494,116.493932
16495,116.494918
16496,116.496089
16497,116.496931
16498,116.498065
16499,116.498969
16500,116.500004
16501,116.501079
16502,116.502068
16503,116.502985
16504,116.503971
16505,116.504969
16506,116.505946
16507,116.507015
16508,116.507938
16509,116.508923
16510,116.509987
16511,116.510901
16512,116.512045
16513,116.513083
16514,116.514046
16515,116.515035
16516,116.516007
16517,116.516989
16518,116.518016
16519,116.519056
16520,116.519904
16521,116.521012
16522,116.521984
16523,116.523063
16524,116.523950
16525,116.524928
16526,116.526028
16527,116.527055
16528,116.527916
16529,116.529057
16530,116.529978
16531,116.531044
16532,116.532028
16533,116.533057
16534,116.533997
16535,116.534946
16536,116.535944
16537,116.537048
16538,116.537966
16539,116.538973
16540,116.539907
16541,116.540964
16542,116.542091
16543,116.543096
16544,116.544073
16545,116.545057
16546,116.546003
16547,116.546909
16548,116.547990
16549,116.548963
16550,116.550075
16551,116.550986
16552,116.551952
16553,116.553073
16554,116.553968
16555,116.555059
16556,116.555924
16557,116.557009
16558,116.558032
16559,116.558970
16560,116.559934
16561,116.560981
16562,116.562034
16563,116.563090
16564,116.564046
16565,116.564976
16566,116.566005
16567,116.566988
16568,116.568021
16569,116.568993
16570,116.569951
16571,116.570907
16572,116.572073
16573,116.572948
16574,116.573990
16575,116.575056
16576,116.576098
16577,116.577021
16578,116.577930
16579,116.578911
16580,116.579946
16581,116.580951
16582,116.581952
16583,116.583081
16584,116.583936
16585,116.585016
16586,116.586079
16587,116.586951
16588,116.588092
16589,116.589078
16590,116.590002
16591,116.591068
16592,116.592032
16593,116.593057
16594,116.593997
16595,116.595028
16596,116.595990
16597,116.596923
16598,116.598054
16599,116.598939
16600,116.600095
16601,116.601010
16602,116.601978
16603,116.602967
16604,116.604027
16605,116.604966
16606,116.606026
16607,116.607030
16608,116.607977
16609,116.609018
16610,116.610006
16611,116.611012
16612,116.612067
16613,116.613059
16614,116.613909
16615,116.615052
16616,116.616096
16617,116.616997
16618,116.617924
16619,116.619047
16620,116.620059
16621,116.621029
16622,116.622089
16623,116.622949
16624,116.624007
16625,116.625100
16626,116.625946
16627,116.627072
16628,116.627918
16629,116.629045
16630,116.629933
16631,116.630931
16632,116.632042
16633,116.632996
16634,116.634053
16635,116.635053
16636,116.635906
16637,116.637006
16638,116.638053
16639,116.639013
16640,116.639943
16641,116.641094
16642,116.642070
16643,116.642984
16644,116.643942
16645,116.644971
16646,116.646080
16647,116.646953
16648,116.647956
16649,116.649014
16650,116.650039
16651,116.650992
16652,116.651927
16653,116.652962
16654,116.654095
16655,116.654924
16656,116.656026
16657,116.656957
16658,116.658005
16659,116.659017
16660,116.659958
16661,116.660936
16662,116.662036
16663,116.662902
16664,116.664047
16665,116.664988
16666,116.666024
16667,116.666960
16668,116.667936
16669,116.668929
16670,116.669992
16671,116.670997
16672,116.672060
16673,116.672907
16674,116.674015
16675,116.675002
16676,116.675933
16677,116.677053
16678,116.677994
16679,116.679058
16680,116.680016
16681,116.681007
16682,116.681946
16683,116.682992
16684,116.684050
16685,116.684955
16686,116.685963
16687,116.687006
16688,116.687990
16689,116.689087
16690,116.689988
16691,116.690945
16692,116.691949
16693,116.693045
16694,116.693910
16695,116.694931
16696,116.696013
16697,116.696934
16698,116.698055
16699,116.699094
16700,116.699916
16701,116.701056
16702,116.701957
16703,116.703002
16704,116.704024
16705,116.704965
16706,116.706032
16707,116.706967
16708,116.707944
16709,116.709099
16710,116.709902
16711,116.711072
16712,116.711909
16713,116.713072
16714,116.714040
16715,116.714916
16716,116.715939
16717,116.716967
16718,116.717935
16719,116.718923
16720,116.719970
16721,116.720944
16722,116.722079
16723,116.722948
16724,116.724039
16725,116.725064
16726,116.725918
16727,116.727082
16728,116.728010
16729,116.728909
16730,116.729911
16731,116.730996
16732,116.732013
16733,116.733081
16734,116.734087
16735,116.735008
16736,116.735945
16737,116.736991
16738,116.738087
16739,116.739094
16740,116.740032
16741,116.741013
16742,116.742098
16743,116.743087
16744,116.744065
16745,116.744988
16746,116.745905
16747,116.746999
16748,116.747961
16749,116.748949
16750,116.750014
16751,116.751009
16752,116.752094
16753,116.752972
16754,116.754040
16755,116.755062
16756,116.755967
16757,116.756989
16758,116.757919
16759,116.759022
16760,116.760026
16761,116.760923
16762,116.762096
16763,116.763003
16764,116.763921
16765,116.765006
16766,116.766064
16767,116.767012
16768,116.768008
16769,116.768946
16770,116.769980
16771,116.771084
16772,116.771919
16773,116.772930
16774,116.773948
16775,116.774973
16776,116.776089
16777,116.777007
16778,116.777948
16779,116.778969
16780,116.780002
16781,116.781029
16782,116.781957
16783,116.783003
16784,116.783994
16785,116.784937
16786,116.785919
16787,116.786905
16788,116.788093
16789,116.788997
16790,116.789970
16791,116.790917
16792,116.792046
16793,116.792988
16794,116.793986
16795,116.794965
16796,116.795939
16797,116.797048
16798,116.797979
16799,116.798911
16800,116.800011
16801,116.800957
16802,116.802090
16803,116.802904
16804,116.804074
16805,116.804933
16806,116.805992
16807,116.806922
16808,116.807955
16809,116.809058
16810,116.810051
16811,116.811084
16812,116.812092
16813,116.813098
16814,116.814071
16815,116.814968
16816,116.816092
16817,116.816965
16818,116.818060
16819,116.819004
16820,116.819918
16821,116.821001
16822,116.822097
16823,116.823017
16824,116.823960
16825,116.825044
16826,116.826032
16827,116.827018
16828,116.828017
16829,116.828951
16830,116.829974
16831,116.830965
16832,116.831990
16833,116.833100
16834,116.833915
16835,116.834937
16836,116.836063
16837,116.837018
16838,116.838005
16839,116.839088
16840,116.839958
16841,116.840977
16842,116.841935
16843,116.843048
16844,116.844016
16845,116.844993
16846,116.845993
16847,116.846992
16848,116.848098
16849,116.849018
16850,116.849990
16851,116.850998
16852,116.851971
16853,116.852948
16854,116.854082
16855,116.855085
16856,116.856048
16857,116.857050
16858,116.858012
16859,116.859077
16860,116.860061
16861,116.860989
16862,116.862097
16863,116.862943
16864,116.863922
16865,116.865021
16866,116.866065
16867,116.867079
16868,116.868031
16869,116.869068
16870,116.870067
16871,116.871011
16872,116.871929
16873,116.873040
16874,116.873902
16875,116.874950
16876,116.875991
16877,116.876948
16878,116.878031
16879,116.879081
16880,116.879923
16881,116.880938
16882,116.881921
16883,116.883034
16884,116.884082
16885,116.884952
16886,116.885958
16887,116.887009
16888,116.887976
16889,116.888917
16890,116.889951
16891,116.890901
16892,116.891905
16893,116.892973
16894,116.894006
16895,116.894943
16896,116.895969
16897,116.896919
16898,116.898071
16899,116.899094
16900,116.899988
16901,116.900995
16902,116.902056
16903,116.902954
16904,116.903936
16905,116.905072
16906,116.905976
16907,116.907028
16908,116.908063
16909,116.909005
16910,116.909907
16911,116.911016
16912,116.912033
16913,116.912985
16914,116.914025
16915,116.914984
16916,116.916031
16917,116.917056
16918,116.918082
16919,116.919057
16920,116.920021
16921,116.920912
16922,116.922017
16923,116.923098
16924,116.924065
16925,116.924971
16926,116.925927
16927,116.926929
16928,116.927948
16929,116.928904
16930,116.930006
16931,116.931048
16932,116.931991
16933,116.932985
16934,116.933950
16935,116.934911
16936,116.935982
16937,116.936939
16938,116.938050
16939,116.938909
16940,116.939996
16941,116.940972
16942,116.942075
16943,116.943003
16944,116.944066
16945,116.944913
16946,116.946024
16947,116.947047
16948,116.948004
16949,116.948916
16950,116.950052
16951,116.950973
16952,116.952020
16953,116.953076
16954,116.953969
16955,116.954977
16956,116.956000
16957,116.956949
16958,116.958037
16959,116.959093
16960,116.960073
16961,116.960956
16962,116.962039
16963,116.963084
16964,116.964039
16965,116.964951
16966,116.965946
16967,116.966945
16968,116.967993
16969,116.968958
16970,116.970081
16971,116.970942
16972,116.971998
16973,116.972923
16974,116.973955
16975,116.974937
16976,116.976013
16977,116.977035
16978,116.978081
16979,116.979021
16980,116.980013
16981,116.981079
16982,116.981909
16983,116.983019
16984,116.983966
16985,116.984903
16986,116.986069
16987,116.986938
16988,116.988069
16989,116.989038
16990,116.989939
16991,116.991070
16992,116.992080
16993,116.993065
16994,116.994001
16995,116.995094
16996,116.996040
16997,116.997040
16998,116.998002
16999,116.998994
17000,117.000053
17001,117.001011
17002,117.001974
17003,117.002921
17004,117.004042
17005,117.005061
17006,117.006053
17007,117.007022
17008,117.007929
17009,117.008966
17010,117.010051
17011,117.011049
17012,117.011957
17013,117.012983
17014,117.013953
17015,117.015083
17016,117.015987
17017,117.016963
17018,117.018040
17019,117.019063
17020,117.020011
17021,117.021009
17022,117.021944
17023,117.022951
17024,117.023976
17025,117.025001
17026,117.026024
17027,117.026923
17028,117.028084
17029,117.029074
17030,117.030039
17031,117.030951
17032,117.031961
17033,117.032951
17034,117.033920
17035,117.034944
17036,117.035982
17037,117.036914
17038,117.037967
17039,117.039047
17040,117.040043
17041,117.040932
17042,117.041916
17043,117.043075
17044,117.044046
17045,117.044950
17046,117.046097
17047,117.047043
17048,117.047930
17049,117.049008
17050,117.049993
17051,117.050907
17052,117.051944
17053,117.053042
17054,117.054071
17055,117.055049
17056,117.055975
17057,117.057040
17058,117.057969
17059,117.058923
17060,117.060084
17061,117.061091
17062,117.062060
17063,117.062957
17064,117.064036
17065,117.065066
17066,117.066078
17067,117.066977
17068,117.067970
17069,117.068964
17070,117.069976
17071,117.070929
17072,117.072094
17073,117.072918
17074,117.074033
17075,117.074967
17076,117.075996
17077,117.077087
17078,117.078047
17079,117.079031
17080,117.080026
17081,117.081009
17082,117.081958
17083,117.082998
17084,117.084021
17085,117.084958
17086,117.085978
17087,117.086912
17088,117.088077
17089,117.088920
17090,117.090099
17091,117.090939
17092,117.091980
17093,117.092919
17094,117.093984
17095,117.094950
17096,117.096047
17097,117.096916
17098,117.098024
17099,117.099060
17100,117.100001
17101,117.101067
17102,117.101905
17103,117.102976
17104,117.104056
17105,117.105095
17106,117.105976
17107,117.107004
17108,117.107967
17109,117.109059
17110,117.110066
17111,117.110957
17112,117.111932
17113,117.113050
17114,117.114083
17115,117.115046
17116,117.116000
17117,117.117081
17118,117.118072
17119,117.118941
17120,117.120071
17121,117.120902
17122,117.122024
17123,117.122960
17124,117.123979
17125,117.124934
17126,117.125973
17127,117.127042
17128,117.128000
17129,117.128926
17130,117.130095
17131,117.130924
17132,117.131978
17133,117.133008
17134,117.134039
17135,117.134930
17136,117.135998
17137,117.137005
17138,117.137932
17139,117.139099
17140,117.140049
17141,117.140925
17142,117.142092
17143,117.143067
17144,117.144056
17145,117.145059
17146,117.146096
17147,117.147068
17148,117.148059
17149,117.149054
17150,117.149907
17151,117.150965
17152,117.151901
17153,117.153008
17154,117.154042
17155,117.154900
17156,117.155945
17157,117.157062
17158,117.157962
17159,117.159077
17160,117.159961
17161,117.161036
17162,117.161916
17163,117.163090
17164,117.164092
17165,117.164977
17166,117.166039
17167,117.167039
17168,117.167922
17169,117.168984
17170,117.170026
17171,117.171033
17172,117.172079
17173,117.172961
17174,117.174024
17175,117.175035
17176,117.176054
17177,117.176924
17178,117.177997
17179,117.178910
17180,117.180043
17181,117.180985
17182,117.181921
17183,117.182950
17184,117.183983
17185,117.185091
17186,117.185977
17187,117.187087
17188,117.188076
17189,117.189090
17190,117.190079
17191,117.191029
17192,117.192039
17193,117.193039
17194,117.194075
17195,117.195072
17196,117.196025
17197,117.197010
17198,117.198027
17199,117.198959
17200,117.200073
17201,117.200970
17202,117.202083
17203,117.202934
17204,117.203972
17205,117.205026
17206,117.206088
17207,117.207027
17208,117.207904
17209,117.209095
17210,117.210098
17211,117.210961
17212,117.212059
17213,117.213004
17214,117.214061
17215,117.215052
17216,117.215959
17217,117.217052
17218,117.217998
17219,117.219002
17220,117.220092
17221,117.221093
17222,117.222026
17223,117.223049
17224,117.224085
17225,117.224902
17226,117.225902
17227,117.227038
17228,117.227916
17229,117.229005
17230,117.230078
17231,117.231029
17232,117.231970
17233,117.233082
17234,117.234049
17235,117.235013
17236,117.236038
17237,117.236982
17238,117.237982
17239,117.239079
17240,117.239982
17241,117.241043
17242,117.242078
17243,117.243046
17244,117.244065
17245,117.245044
17246,117.246083
17247,117.246911
17248,117.247968
17249,117.248926
17250,117.250016
17251,117.251031
17252,117.252060
17253,117.253046
17254,117.254017
17255,117.254973
17256,117.256025
17257,117.256979
17258,117.258084
17259,117.259021
17260,117.260022
17261,117.260944
17262,117.262064
17263,117.262902
17264,117.263929
17265,117.264986
17266,117.265992
17267,117.267048
17268,117.268023
17269,117.269010
17270,117.269906
17271,117.271017
17272,117.271963
17273,117.272964
17274,117.273957
17275,117.274934
17276,117.276099
17277,117.276913
17278,117.278084
17279,117.278988
17280,117.279904
17281,117.280976
17282,117.281991
17283,117.282903
17284,117.284070
17285,117.285029
17286,117.286012
17287,117.287011
17288,117.287977
17289,117.288971
17290,117.289922
17291,117.291017
17292,117.291908
17293,117.292907
17294,117.293952
17295,117.295077
17296,117.296024
17297,117.296918
17298,117.297956
17299,117.299015
17300,117.299948
17301,117.301000
17302,117.302058
17303,117.302968
17304,117.304044
17305,117.305093
17306,117.306048
17307,117.306949
17308,117.307926
17309,117.308943
17310,117.310007
17311,117.310957
17312,117.311908
17313,117.313069
17314,117.314004
17315,117.315024
17316,117.315962
17317,117.317094
17318,117.318085
17319,117.318903
17320,117.319944
17321,117.321024
17322,117.321985
17323,117.323043
17324,117.324070
17325,117.324963
17326,117.326094
17327,117.326974
17328,117.328032
17329,117.328972
17330,117.330000
17331,117.330999
17332,117.331925
17333,117.332934
17334,117.333923
17335,117.334921
17336,117.335969
17337,117.336997
17338,117.338021
17339,117.338904
17340,117.340004
17341,117.341069
17342,117.342063
17343,117.343075
17344,117.344086
17345,117.345073
17346,117.346018
17347,117.347026
17348,117.347904
17349,117.348991
17350,117.350073
17351,117.350914
17352,117.352056
17353,117.353066
17354,117.354019
17355,117.354929
17356,117.355966
17357,117.357017
17358,117.357998
17359,117.359090
17360,117.359904
17361,117.360953
17362,117.361902
17363,117.363089
17364,117.364083
17365,117.364965
17366,117.366049
17367,117.366966
17368,117.367920
17369,117.369057
17370,117.370028
17371,117.370950
17372,117.371916
17373,117.373063
17374,117.374068
17375,117.375030
17376,117.375981
17377,117.377092
17378,117.378082
17379,117.379083
17380,117.380062
17381,117.381051
17382,117.382002
17383,117.382962
17384,117.384072
17385,117.385054
17386,117.386017
17387,117.386950
17388,117.387913
17389,117.388986
17390,117.390054
17391,117.390999
17392,117.391909
17393,117.392983
17394,117.393957
17395,117.394937
17396,117.396095
17397,117.397047
17398,117.397970
17399,117.399041
17400,117.399980
17401,117.401056
17402,117.402073
17403,117.403018
17404,117.403952
17405,117.404916
17406,117.405916
17407,117.407059
17408,117.407978
17409,117.408953
17410,117.409996
17411,117.410993
17412,117.411990
17413,117.412991
17414,117.414057
17415,117.414962
17416,117.416039
17417,117.416927
17418,117.417910
17419,117.419031
17420,117.419921
17421,117.420948
17422,117.422078
17423,117.423016
17424,117.423974
17425,117.425013
17426,117.426042
17427,117.427030
17428,117.427958
17429,117.429010
17430,117.430093
17431,117.430966
17432,117.432005
17433,117.433042
17434,117.434007
17435,117.435046
17436,117.436072
17437,117.437006
17438,117.438045
17439,117.438985
17440,117.440001
17441,117.441012
17442,117.442075
17443,117.443092
17444,117.444079
17445,117.444996
17446,117.445990
17447,117.446960
17448,117.447916
17449,117.448962
17450,117.449987
17451,117.451030
17452,117.452078
17453,117.452984
17454,117.454041
17455,117.455057
17456,117.456035
17457,117.456939
17458,117.458000
17459,117.459027
17460,117.459980
17461,117.461090
17462,117.461951
17463,117.462917
17464,117.463989
17465,117.464996
17466,117.466086
17467,117.467079
17468,117.468099
17469,117.469075
17470,117.470078
17471,117.471027
17472,117.471933
17473,117.472997
17474,117.474000
17475,117.475007
17476,117.475918
17477,117.477032
17478,117.478068
17479,117.478989
17480,117.479969
17481,117.481024
17482,117.481956
17483,117.482982
17484,117.484092
17485,117.484907
17486,117.486087
17487,117.486964
17488,117.487938
17489,117.488998
17490,117.489955
17491,117.491084
17492,117.492024
17493,117.493093
17494,117.494005
17495,117.494918
17496,117.495952
17497,117.497044
17498,117.498031
17499,117.499056
17500,117.499974
17501,117.501100
17502,117.501931
17503,117.502938
17504,117.504066
17505,117.504944
17506,117.506014
17507,117.507090
17508,117.507917
17509,117.509088
17510,117.510089
17511,117.510947
17512,117.512068
17513,117.513070
17514,117.514094
17515,117.515010
17516,117.516018
17517,117.516933
17518,117.518046
17519,117.518930
17520,117.519906
17521,117.521073
17522,117.521960
17523,117.523097
17524,117.523936
17525,117.525081
17526,117.526015
17527,117.527058
17528,117.528067
17529,117.528922
17530,117.530050
17531,117.530904
17532,117.532068
17533,117.532947
17534,117.534083
17535,117.534924
17536,117.536031
17537,117.537096
17538,117.538025
17539,117.538923
17540,117.540012
17541,117.541003
17542,117.541984
17543,117.543007
17544,117.544071
17545,117.545000
17546,117.546033
17547,117.547040
17548,117.548009
17549,117.549032
17550,117.549943
17551,117.550940
17552,117.551976
17553,117.553076
17554,117.554082
17555,117.554950
17556,117.556065
17557,117.557024
17558,117.558036
17559,117.559091
17560,117.560032
17561,117.561080
17562,117.561962
17563,117.562926
17564,117.563999
17565,117.565055
17566,117.565931
17567,117.566948
17568,117.567979
17569,117.569076
17570,117.569968
17571,117.571024
17572,117.572084
17573,117.572994
17574,117.573995
17575,117.574967
17576,117.576007
17577,117.576912
17578,117.577955
17579,117.578961
17580,117.579909
17581,117.581076
17582,117.581953
17583,117.583037
17584,117.583927
17585,117.585096
17586,117.585986
17587,117.587096
17588,117.588029
17589,117.588965
17590,117.589938
17591,117.590925
17592,117.591934
17593,117.593060
17594,117.593929
17595,117.595041
17596,117.596002
17597,117.597084
17598,117.597921
17599,117.598930
17600,117.599971
17601,117.600976
17602,117.602083
17603,117.602956
17604,117.604071
17605,117.605030
17606,117.605910
17607,117.606961
17608,117.607991
17609,117.609017
17610,117.609951
17611,117.611048
17612,117.611950
17613,117.612976
17614,117.614002
17615,117.615065
17616,117.615902
17617,117.616922
17618,117.618004
17619,117.618906
17620,117.620072
17621,117.621062
17622,117.622026
17623,117.622922
17624,117.623925
17625,117.625075
17626,117.625935
17627,117.627074
17628,117.628082
17629,117.628990
17630,117.629927
17631,117.631019
17632,117.632097
17633,117.632914
17634,117.634019
17635,117.634942
17636,117.635987
17637,117.636902
17638,117.638100
17639,117.638963
17640,117.640087
17641,117.640942
17642,117.641943
17643,117.643007
17644,117.643978
17645,117.645089
17646,117.646022
17647,117.647093
17648,117.648043
17649,117.649009
17650,117.650028
17651,117.650922
17652,117.651945
17653,117.652974
17654,117.654042
17655,117.654946
17656,117.656035
17657,117.657056
17658,117.658004
17659,117.659020
17660,117.660019
17661,117.661047
17662,117.661910
17663,117.663054
17664,117.664099
17665,117.665081
17666,117.665985
17667,117.667011
17668,117.667964
17669,117.669019
17670,117.669964
17671,117.671048
17672,117.671950
17673,117.673093
17674,117.673937
17675,117.675068
17676,117.675973
17677,117.677051
17678,117.678058
17679,117.678925
17680,117.680017
17681,117.680922
17682,117.682064
17683,117.683011
17684,117.684068
17685,117.685055
17686,117.685933
17687,117.686980
17688,117.687965
17689,117.689082
17690,117.690042
17691,117.691099
17692,117.691956
17693,117.692998
17694,117.694069
17695,117.695079
17696,117.696043
17697,117.696990
17698,117.698006
17699,117.698915
17700,117.699914
17701,117.700937
17702,117.701918
17703,117.702957
17704,117.704081
17705,117.705058
17706,117.706002
17707,117.706978
17708,117.707961
17709,117.708982
17710,117.709908
17711,117.710999
17712,117.712048
17713,117.712910
17714,117.714033
17715,117.714912
17716,117.715918
17717,117.717089
17718,117.718087
17719,117.719054
17720,117.719942
17721,117.720925
17722,117.721977
17723,117.723023
17724,117.723937
17725,117.724961
17726,117.726081
17727,117.727008
17728,117.727925
17729,117.728988
17730,117.729905
17731,117.730995
17732,117.731999
17733,117.733091
17734,117.733910
17735,117.734990
17736,117.735946
17737,117.737029
17738,117.737909
17739,117.739076
17740,117.740021
17741,117.740933
17742,117.741970
17743,117.742934
17744,117.744097
17745,117.744952
17746,117.746085
17747,117.747081
17748,117.748061
17749,117.748930
17750,117.750010
17751,117.750913
17752,117.752002
17753,117.753063
17754,117.754075
17755,117.755073
17756,117.755909
17757,117.757060
17758,117.758064
17759,117.758955
17760,117.759908
17761,117.761075
17762,117.761981
17763,117.762947
17764,117.763939
17765,117.765043
17766,117.765962
17767,117.767053
17768,117.767944
17769,117.768943
17770,117.770014
17771,117.770968
17772,117.772070
17773,117.772987
17774,117.773979
17775,117.775066
17776,117.775997
17777,117.776909
17778,117.777918
17779,117.778930
17780,117.780066
17781,117.780944
17782,117.782100
17783,117.782952
17784,117.783921
17785,117.784901
17786,117.785972
17787,117.787010
17788,117.788044
17789,117.788932
17790,117.789990
17791,117.790967
17792,117.792017
17793,117.793050
17794,117.793948
17795,117.795019
17796,117.795994
17797,117.796921
17798,117.798001
17799,117.798919
17800,117.799980
17801,117.801068
17802,117.801957
17803,117.803085
17804,117.803906
17805,117.805078
17806,117.806034
17807,117.806945
17808,117.808033
17809,117.809060
17810,117.809953
17811,117.811078
17812,117.811973
17813,117.813018
17814,117.813924
17815,117.815079
17816,117.815902
17817,117.817006
17818,117.818066
17819,117.818969
17820,117.820095
17821,117.821095
17822,117.821940
17823,117.823041
17824,117.824068
17825,117.824906
17826,117.825934
17827,117.827089
17828,117.827979
17829,117.829063
17830,117.829910
17831,117.830904
17832,117.832066
17833,117.833033
17834,117.833933
17835,117.834999
17836,117.835906
17837,117.836904
17838,117.837906
17839,117.839076
17840,117.840011
17841,117.840983
17842,117.841913
17843,117.842974
17844,117.843963
17845,117.844933
17846,117.845913
17847,117.847003
17848,117.848073
17849,117.848943
17850,117.849938
17851,117.851067
17852,117.851984
17853,117.853024
17854,117.854047
17855,117.855024
17856,117.856048
17857,117.857087
17858,117.858087
17859,117.858946
17860,117.860012
17861,117.860993
17862,117.862045
17863,117.863086
17864,117.863973
17865,117.864959
17866,117.866071
17867,117.867021
17868,117.867932
17869,117.869057
17870,117.870011
17871,117.870919
17872,117.872024
17873,117.872981
17874,117.874079
17875,117.875089
17876,117.875992
17877,117.877055
17878,117.877947
17879,117.878933
17880,117.880018
17881,117.881090
17882,117.882042
17883,117.882961
17884,117.883960
17885,117.884998
17886,117.886002
17887,117.886910
17888,117.888027
17889,117.888998
17890,117.890081
17891,117.891062
17892,117.892027
17893,117.893027
17894,117.894014
17895,117.895082
17896,117.895912
17897,117.897029
17898,117.898065
17899,117.899057
17900,117.900045
17901,117.901026
17902,117.902018
17903,117.902900
17904,117.903985
17905,117.904967
17906,117.905964
17907,117.906991
17908,117.908053
17909,117.909028
17910,117.909973
17911,117.910908
17912,117.911984
17913,117.913007
17914,117.913912
17915,117.915069
17916,117.916048
17917,117.917029
17918,117.917971
17919,117.918950
17920,117.919982
17921,117.921057
17922,117.921949
17923,117.923090
17924,117.924066
17925,117.924944
17926,117.925918
17927,117.927055
17928,117.927981
17929,117.929034
17930,117.930072
17931,117.930915
17932,117.931936
17933,117.933069
17934,117.933924
17935,117.935039
17936,117.936095
17937,117.937012
17938,117.938066
17939,117.939004
17940,117.939988
17941,117.940915
17942,117.942057
17943,117.942961
17944,117.943985
17945,117.944910
17946,117.946011
17947,117.946908
17948,117.948076
17949,117.948962
17950,117.949969
17951,117.951049
17952,117.952037
17953,117.953085
17954,117.954099
17955,117.954954
17956,117.955960
17957,117.957084
17958,117.958032
17959,117.958921
17960,117.960067
17961,117.961041
17962,117.961948
17963,117.962993
17964,117.964051
17965,117.965069
17966,117.965988
17967,117.966933
17968,117.968062
17969,117.969097
17970,117.970088
17971,117.970954
17972,117.972087
17973,117.972913
17974,117.974089
17975,117.975032
17976,117.975902
17977,117.977068
17978,117.978037
17979,117.978995
17980,117.979973
17981,117.980978
17982,117.981970
17983,117.983027
17984,117.984085
17985,117.984955
17986,117.986063
17987,117.986940
17988,117.987966
17989,117.988902
17990,117.990094
17991,117.991058
17992,117.991975
17993,117.993007
17994,117.993954
17995,117.995034
17996,117.996042
17997,117.997020
17998,117.997925
17999,117.999052
18000,117.999907
18001,118.001002
18002,118.001968
18003,118.003097
18004,118.003985
18005,118.005053
18006,118.005906
18007,118.006993
18008,118.007901
18009,118.009092
18010,118.009905
18011,118.010978
18012,118.011980
18013,118.013006
18014,118.014035
18015,118.015098
18016,118.016027
18017,118.017057
18018,118.018034
18019,118.019090
18020,118.019940
18021,118.021065
18022,118.021965
18023,118.023008
18024,118.023912
18025,118.025046
18026,118.026098
18027,118.026944
18028,118.028017
18029,118.029044
18030,118.030077
18031,118.031020
18032,118.031913
18033,118.032942
18034,118.033964
18035,118.035069
18036,118.035951
18037,118.037094
18038,118.037976
18039,118.039090
18040,118.040096
18041,118.040957
18042,118.041999
18043,118.042956
18044,118.043922
18045,118.044938
18046,118.045937
18047,118.047000
18048,118.048020
18049,118.048978
18050,118.049910
18051,118.050920
18052,118.051934
18053,118.052989
18054,118.054054
18055,118.055021
18056,118.056016
18057,118.056994
18058,118.058096
18059,118.058995
18060,118.059959
18061,118.061084
18062,118.061973
18063,118.063088
18064,118.064076
18065,118.065075
18066,118.066006
18067,118.066999
18068,118.068011
18069,118.068949
18070,118.070025
18071,118.070986
18072,118.072097
18073,118.073075
18074,118.074059
18075,118.074944
18076,118.075946
18077,118.077095
18078,118.078084
18079,118.078983
18080,118.080094
18081,118.081000
18082,118.082031
18083,118.082997
18084,118.083964
18085,118.084977
18086,118.085971
18087,118.087019
18088,118.088088
18089,118.089070
18090,118.089948
18091,118.091006
18092,118.091997
18093,118.092998
18094,118.094092
18095,118.095083
18096,118.096088
18097,118.096939
18098,118.097970
18099,118.098905
18100,118.100027
18101,118.101058
18102,118.102024
18103,118.102970
18104,118.104062
18105,118.104906
18106,118.105932
18107,118.107023
18108,118.108066
18109,118.108983
18110,118.110062
18111,118.111070
18112,118.111993
18113,118.113055
18114,118.113949
18115,118.115009
18116,118.115954
18117,118.116908
18118,118.118033
18119,118.118931
18120,118.119913
18121,118.120950
18122,118.122028
18123,118.122982
18124,118.124017
18125,118.125010
18126,118.125906
18127,118.126936
18128,118.128078
18129,118.129029
18130,118.130043
18131,118.131005
18132,118.132058
18133,118.133036
18134,118.133986
18135,118.134938
18136,118.135931
18137,118.137086
18138,118.138051
18139,118.139095
18140,118.140041
18141,118.140977
18142,118.141926
18143,118.143080
18144,118.144031
18145,118.144928
18146,118.145914
18147,118.146993
18148,118.147987
18149,118.149018
18150,118.150033
18151,118.150930
18152,118.151970
18153,118.152957
18154,118.153965
18155,118.154919
18156,118.155950
18157,118.157021
18158,118.158067
18159,118.158943
18160,118.160096
18161,118.160928
18162,118.162043
18163,118.163040
18164,118.163943
18165,118.165086
18166,118.166013
18167,118.166960
18168,118.168016
18169,118.168990
18170,118.170074
18171,118.170923
18172,118.171908
18173,118.173033
18174,118.173989
18175,118.174921
18176,118.175902
18177,118.176992
18178,118.177960
18179,118.179041
18180,118.180075
18181,118.181025
18182,118.182004
18183,118.183002
18184,118.184083
18185,118.185058
18186,118.185990
18187,118.187032
18188,118.187992
18189,118.188922
18190,118.189902
18191,118.190917
18192,118.191996
18193,118.192947
18194,118.193987
18195,118.194967
18196,118.196093
18197,118.196983
18198,118.198096
18199,118.198987
18200,118.200023
18201,118.200941
18202,118.202083
18203,118.203022
18204,118.203929
18205,118.205017
18206,118.206035
18207,118.207086
18208,118.207909
18209,118.208980
18210,118.210028
18211,118.211086
18212,118.211949
18213,118.213011
18214,118.213974
18215,118.215071
18216,118.215942
18217,118.216968
18218,118.218075
18219,118.219013
18220,118.219999
18221,118.221021
18222,118.222033
18223,118.222906
18224,118.223926
18225,118.225063
18226,118.225927
18227,118.226981
18228,118.228096
18229,118.228952
18230,118.229962
18231,118.231064
18232,118.231938
18233,118.232966
18234,118.233903
18235,118.234962
18236,118.236098
18237,118.237056
18238,118.237904
18239,118.238988
18240,118.240092
18241,118.241038
18242,118.241974
18243,118.243026
18244,118.243998
18245,118.244964
18246,118.246099
18247,118.246935
18248,118.247952
18249,118.248960
18250,118.249978
18251,118.251004
18252,118.251934
18253,118.253096
18254,118.253999
18255,118.254973
18256,118.255926
18257,118.257034
18258,118.258067
18259,118.259081
18260,118.259937
18261,118.261080
18262,118.261983
18263,118.262994
18264,118.263986
18265,118.265028
18266,118.266061
18267,118.266903
18268,118.268078
18269,118.268964
18270,118.269964
18271,118.271050
18272,118.271919
18273,118.272903
18274,118.274066
18275,118.274992
18276,118.275990
18277,118.276910
18278,118.277978
18279,118.279030
18280,118.279912
18281,118.280945
18282,118.281958
18283,118.283043
18284,118.283908
18285,118.284989
18286,118.285936
18287,118.287080
18288,118.287994
18289,118.288918
18290,118.290016
18291,118.291079
18292,118.291967
18293,118.292931
18294,118.293942
18295,118.294933
18296,118.296048
18297,118.296969
18298,118.297969
18299,118.299077
18300,118.299993
18301,118.300983
18302,118.302044
18303,118.303054
18304,118.304010
18305,118.305021
18306,118.306002
18307,118.306928
18308,118.307926
18309,118.309025
18310,118.310050
18311,118.311082
18312,118.312078
18313,118.313059
18314,118.313940
18315,118.315043
18316,118.315930
18317,118.316921
18318,118.317992
18319,118.319079
18320,118.319965
18321,118.321011
18322,118.322041
18323,118.322942
18324,118.324055
18325,118.325016
18326,118.326061
18327,118.326933
18328,118.328057
18329,118.328916
18330,118.329966
18331,118.330948
18332,118.332004
18333,118.332902
18334,118.333950
18335,118.334964
18336,118.335945
18337,118.336981
18338,118.337984
18339,118.339086
18340,118.340077
18341,118.340974
18342,118.341948
18343,118.342992
18344,118.344047
18345,118.344928
18346,118.346098
18347,118.346978
18348,118.347942
18349,118.349068
18350,118.349934
18351,118.351042
18352,118.352012
18353,118.352938
18354,118.354016
18355,118.354974
18356,118.355995
18357,118.357068
18358,118.358018
18359,118.358988
18360,118.359974
18361,118.361023
18362,118.362044
18363,118.362994
18364,118.364046
18365,118.364915
18366,118.365965
18367,118.366976
18368,118.367976
18369,118.368901
18370,118.370011
18371,118.371054
18372,118.372052
18373,118.372976
18374,118.374015
18375,118.374973
18376,118.376055
18377,118.377001
18378,118.378090
18379,118.378958
18380,118.380037
18381,118.380999
18382,118.382042
18383,118.383047
18384,118.383966
18385,118.384972
18386,118.386011
18387,118.387046
18388,118.388076
18389,118.388974
18390,118.390029
18391,118.390950
18392,118.391959
18393,118.393072
18394,118.393958
18395,118.394931
18396,118.395961
18397,118.397003
18398,118.398082
18399,118.399072
18400,118.400088
18401,118.400979
18402,118.401912
18403,118.403072
18404,118.404018
18405,118.404990
18406,118.406050
18407,118.407000
18408,118.407942
18409,118.408929
18410,118.409902
18411,118.411005
18412,118.411964
18413,118.412963
18414,118.413926
18415,118.415038
18416,118.416029
18417,118.416982
18418,118.417976
18419,118.419047
18420,118.420052
18421,118.421055
18422,118.422056
18423,118.423084
18424,118.424040
18425,118.425019
18426,118.426048
18427,118.427073
18428,118.428071
18429,118.429093
18430,118.429926
18431,118.431084
18432,118.431992
18433,118.433035
18434,118.434084
18435,118.434913
18436,118.435951
18437,118.437099
18438,118.437963
18439,118.438906
18440,118.439986
18441,118.440948
18442,118.442052
18443,118.443007
18444,118.443959
18445,118.444931
18446,118.445913
18447,118.447070
18448,118.447924
18449,118.449004
18450,118.450071
18451,118.451084
18452,118.452017
18453,118.452941
18454,118.453938
18455,118.454976
18456,118.456038
18457,118.457089
18458,118.457919
18459,118.458959
18460,118.460041
18461,118.460990
18462,118.462069
18463,118.463008
18464,118.463999
18465,118.465029
18466,118.465907
18467,118.466986
18468,118.468045
18469,118.469034
18470,118.469987
18471,118.470938
18472,118.471912
18473,118.472939
18474,118.474035
18475,118.475023
18476,118.475906
18477,118.476918
18478,118.477955
18479,118.478943
18480,118.479967
18481,118.481071
18482,118.482066
18483,118.482984
18484,118.483913
18485,118.484930
18486,118.485951
18487,118.486946
18488,118.488033
18489,118.488985
18490,118.489971
18491,118.490902
18492,118.491932
18493,118.492978
18494,118.493904
18495,118.495003
18496,118.495922
18497,118.497026
18498,118.498061
18499,118.498914
18500,118.500055
18501,118.500940
18502,118.501975
18503,118.502997
18504,118.504097
18505,118.505090
18506,118.505948
18507,118.506941
18508,118.507959
18509,118.508965
18510,118.509966
18511,118.510958
18512,118.511978
18513,118.512966
18514,118.513923
18515,118.514932
18516,118.516044
18517,118.516957
18518,118.518024
18519,118.518951
18520,118.519910
18521,118.520951
18522,118.521973
18523,118.523094
18524,118.523910
18525,118.525003
18526,118.526012
18527,118.526935
18528,118.528041
18529,118.528976
18530,118.529960
18531,118.530956
18532,118.532065
18533,118.532946
18534,118.534055
18535,118.535087
18536,118.535907
18537,118.537032
18538,118.537950
18539,118.539042
18540,118.540033
18541,118.541013
18542,118.542044
18543,118.542907
18544,118.543951
18545,118.545023
18546,118.545923
18547,118.546904
18548,118.547976
18549,118.548971
18550,118.549930
18551,118.551059
18552,118.552095
18553,118.552966
18554,118.554062
18555,118.554994
18556,118.555902
18557,118.556980
18558,118.557965
18559,118.559091
18560,118.560087
18561,118.561078
18562,118.561955
18563,118.563093
18564,118.564036
18565,118.564915
18566,118.565918
18567,118.567087
18568,118.567952
18569,118.569009
18570,118.569908
18571,118.571081
18572,118.572073
18573,118.572906
18574,118.573968
18575,118.574949
18576,118.576046
18577,118.577030
18578,118.578053
18579,118.579021
18580,118.580012
18581,118.581025
18582,118.582042
18583,118.582976
18584,118.583980
18585,118.584974
18586,118.586033
18587,118.587057
18588,118.587951
18589,118.589093
18590,118.589977
18591,118.591078
18592,118.592042
18593,118.593066
18594,118.594070
18595,118.594900
18596,118.596097
18597,118.597071
18598,118.598004
18599,118.598908
18600,118.599994
18601,118.600979
18602,118.601943
18603,118.602958
18604,118.603960
18605,118.605031
18606,118.605904
18607,118.606976
18608,118.608073
18609,118.609065
18610,118.610003
18611,118.610982
18612,118.612067
18613,118.612969
18614,118.613977
18615,118.615085
18616,118.615976
18617,118.617043
18618,118.617946
18619,118.618927
18620,118.620079
18621,118.620906
18622,118.621919
18623,118.623061
18624,118.624006
18625,118.625073
18626,118.626034
18627,118.626949
18628,118.628087
18629,118.628994
18630,118.629921
18631,118.630918
18632,118.631934
18633,118.633021
18634,118.634072
18635,118.635059
18636,118.635967
18637,118.636933
18638,118.638044
18639,118.638995
18640,118.639996
18641,118.641086
18642,118.641905
18643,118.643066
18644,118.643972
18645,118.645085
18646,118.646045
18647,118.647045
18648,118.647969
18649,118.649078
18650,118.649936
18651,118.650918
18652,118.652085
18653,118.653059
18654,118.653940
18655,118.655020
18656,118.655966
18657,118.656905
18658,118.657946
18659,118.658927
18660,118.659963
18661,118.661056
18662,118.662069
18663,118.663084
18664,118.664099
18665,118.664984
18666,118.666040
18667,118.667026
18668,118.668065
18669,118.668950
18670,118.669995
18671,118.671081
18672,118.671928
18673,118.673004
18674,118.673939
18675,118.674921
18676,118.675975
18677,118.677005
18678,118.678029
18679,118.679073
18680,118.679907
18681,118.681000
18682,118.682044
18683,118.682923
18684,118.683908
18685,118.684993
18686,118.685963
18687,118.686960
18688,118.687929
18689,118.688904
18690,118.690065
18691,118.690978
18692,118.691940
18693,118.692925
18694,118.694029
18695,118.694935
18696,118.695911
18697,118.696916
18698,118.697900
18699,118.698956
18700,118.700041
18701,118.700925
18702,118.701934
18703,118.703056
18704,118.703971
18705,118.705068
18706,118.706076
18707,118.706952
18708,118.708084
18709,118.709023
18710,118.709991
18711,118.710904
18712,118.712055
18713,118.713088
18714,118.713905
18715,118.715018
18716,118.715915
18717,118.717042
18718,118.717997
18719,118.718992
18720,118.720061
18721,118.720947
18722,118.722025
18723,118.722994
18724,118.723921
18725,118.725014
18726,118.725905
18727,118.727034
18728,118.727969
18729,118.729075
18730,118.730045
18731,118.731064
18732,118.732052
18733,118.732920
18734,118.734081
18735,118.735069
18736,118.735904
18737,118.736909
18738,118.737912
18739,118.739080
18740,118.739925
18741,118.741067
18742,118.742094
18743,118.743019
18744,118.744039
18745,118.745080
18746,118.746008
18747,118.746967
18748,118.748064
18749,118.749048
18750,118.749928
18751,118.751016
18752,118.752039
18753,118.753096
18754,118.754075
18755,118.755074
18756,118.756092
18757,118.756967
18758,118.758058
18759,118.759055
18760,118.759978
18761,118.761011
18762,118.761945
18763,118.763032
18764,118.764041
18765,118.765087
18766,118.766063
18767,118.767095
18768,118.767905
18769,118.769044
18770,118.769984
18771,118.770923
18772,118.771993
18773,118.772908
18774,118.774063
18775,118.774994
18776,118.775991
18777,118.777018
18778,118.777908
18779,118.779023
18780,118.780046
18781,118.780973
18782,118.781999
18783,118.783074
18784,118.784049
18785,118.785055
18786,118.785951
18787,118.786965
18788,118.787932
18789,118.789044
18790,118.790084
18791,118.791033
18792,118.791952
18793,118.792996
18794,118.794039
18795,118.794986
18796,118.795926
18797,118.796946
18798,118.798067
18799,118.798976
18800,118.800012
18801,118.800949
18802,118.801998
18803,118.802913
18804,118.804002
18805,118.804933
18806,118.806054
18807,118.806970
18808,118.807999
18809,118.809086
18810,118.810028
18811,118.810962
18812,118.811904
18813,118.813007
18814,118.814031
18815,118.814939
18816,118.816014
18817,118.816915
18818,118.817979
18819,118.818973
18820,118.820004
18821,118.821088
18822,118.822042
18823,118.823036
18824,118.823942
18825,118.824919
18826,118.826079
18827,118.826970
18828,118.827925
18829,118.828915
18830,118.830085
18831,118.830930
18832,118.832025
18833,118.833037
18834,118.834007
18835,118.834975
18836,118.835955
18837,118.837082
18838,118.838026
18839,118.838901
18840,118.840048
18841,118.840933
18842,118.841964
18843,118.843078
18844,118.843948
18845,118.844954
18846,118.846078
18847,118.846921
18848,118.848087
18849,118.848951
18850,118.850007
18851,118.851027
18852,118.852014
18853,118.852908
18854,118.853930
18855,118.855015
18856,118.855996
18857,118.856919
18858,118.858053
18859,118.858909
18860,118.860024
18861,118.860934
18862,118.861967
18863,118.863062
18864,118.864077
18865,118.864979
18866,118.866048
18867,118.867005
18868,118.867935
18869,118.868956
18870,118.869908
18871,118.871038
18872,118.872091
18873,118.872915
18874,118.874062
18875,118.875029
18876,118.876071
18877,118.877035
18878,118.878082
18879,118.878916
18880,118.879930
18881,118.881051
18882,118.881910
18883,118.883052
18884,118.884065
18885,118.884905
18886,118.886001
18887,118.887092
18888,118.887995
18889,118.888914
18890,118.890042
18891,118.890967
18892,118.891963
18893,118.892916
18894,118.894003
18895,118.894991
18896,118.896095
18897,118.897003
18898,118.897951
18899,118.898910
18900,118.899959
18901,118.900910
18902,118.901945
18903,118.903088
18904,118.903947
18905,118.904917
18906,118.905927
18907,118.907015
18908,118.908049
18909,118.909017
18910,118.910007
18911,118.910974
18912,118.911933
18913,118.912915
18914,118.913914
18915,118.915016
18916,118.915919
18917,118.916968
18918,118.917921
18919,118.918963
18920,118.920057
18921,118.920970
18922,118.922017
18923,118.923030
18924,118.923946
18925,118.924978
18926,118.926052
18927,118.926948
18928,118.928014
18929,118.929011
18930,118.930090
18931,118.931056
18932,118.932011
18933,118.933063
18934,118.934001
18935,118.934931
18936,118.936037
18937,118.937073
18938,118.937993
18939,118.939053
18940,118.939943
18941,118.941070
18942,118.941993
18943,118.943072
18944,118.944016
18945,118.944932
18946,118.945959
18947,118.946910
18948,118.947971
18949,118.948959
18950,118.950064
18951,118.951004
18952,118.952064
18953,118.953064
18954,118.953957
18955,118.955003
18956,118.956073
18957,118.957075
18958,118.957935
18959,118.958942
18960,118.960000
18961,118.961076
18962,118.962000
18963,118.963021
18964,118.964076
18965,118.965053
18966,118.965956
18967,118.966935
18968,118.967933
18969,118.969041
18970,118.970011
18971,118.970938
18972,118.971969
18973,118.973077
18974,118.974076
18975,118.974935
18976,118.976060
18977,118.977014
18978,118.978075
18979,118.978901
18980,118.980040
18981,118.980960
18982,118.982094
18983,118.983052
18984,118.984039
18985,118.984929
18986,118.985990
18987,118.986967
18988,118.987997
18989,118.988963
18990,118.989903
18991,118.991026
18992,118.991940
18993,118.993039
18994,118.993925
18995,118.995092
18996,118.996030
18997,118.996976
18998,118.997991
18999,118.998953
19000,119.000068
19001,119.000936
19002,119.002099
19003,119.003016
19004,119.004098
19005,119.004913
19006,119.006066
19007,119.007008
19008,119.007983
19009,119.008959
19010,119.010080
19011,119.010922
19012,119.012092
19013,119.012971
19014,119.013988
19015,119.014946
19016,119.015914
19017,119.017012
19018,119.017924
19019,119.019025
19020,119.020085
19021,119.021075
19022,119.022029
19023,119.023081
19024,119.024003
19025,119.024961
19026,119.025941
19027,119.026999
19028,119.027959
19029,119.028996
19030,119.029928
19031,119.030936
19032,119.031962
19033,119.032995
19034,119.034021
19035,119.035045
19036,119.036037
19037,119.037064
19038,119.037922
19039,119.038914
19040,119.039978
19041,119.040945
19042,119.041941
19043,119.042962
19044,119.043942
19045,119.045016
19046,119.046055
19047,119.047009
19048,119.048024
19049,119.048970
19050,119.050027
19051,119.051040
19052,119.052092
19053,119.053002
19054,119.054055
19055,119.055000
19056,119.056052
19057,119.057087
19058,119.058016
19059,119.059083
19060,119.060031
19061,119.060917
19062,119.061982
19063,119.062951
19064,119.064028
19065,119.064951
19066,119.065992
19067,119.066954
19068,119.067995
19069,119.069034
19070,119.070091
19071,119.071004
19072,119.071956
19073,119.072959
19074,119.074050
19075,119.074980
19076,119.076078
19077,119.077079
19078,119.077913
19079,119.079042
19080,119.079901
19081,119.080970
19082,119.082063
19083,119.082916
19084,119.084058
19085,119.085096
19086,119.086029
19087,119.087066
19088,119.087997
19089,119.089055
19090,119.090082
19091,119.090947
19092,119.092043
19093,119.092927
19094,119.093931
19095,119.094940
19096,119.095982
19097,119.096926
19098,119.097987
19099,119.099014
19100,119.100044
19101,119.100981
19102,119.102068
19103,119.102958
19104,119.104091
19105,119.104933
19106,119.106079
19107,119.106966
19108,119.107994
19109,119.108960
19110,119.110096
19111,119.110949
19112,119.111965
19113,119.113086
19114,119.113996
19115,119.114967
19116,119.116096
19117,119.116959
19118,119.118077
19119,119.118979
19120,119.120072
19121,119.121051
19122,119.121957
19123,119.123092
19124,119.123992
19125,119.125067
19126,119.125953
19127,119.127011
19128,119.128059
19129,119.129069
19130,119.130037
19131,119.131096
19132,119.131915
19133,119.133061
19134,119.133918
19135,119.134967
19136,119.136024
19137,119.136940
19138,119.138092
19139,119.138928
19140,119.140036
19141,119.141008
19142,119.142048
19143,119.143041
19144,119.144047
19145,119.145075
19146,119.145951
19147,119.147062
19148,119.147932
19149,119.149050
19150,119.149969
19151,119.151025
19152,119.152097
19153,119.152976
19154,119.153902
19155,119.154940
19156,119.155937
19157,119.157080
19158,119.157956
19159,119.158982
19160,119.160056
19161,119.160904
19162,119.161940
19163,119.163066
19164,119.164100
19165,119.164950
19166,119.166037
19167,119.166969
19168,119.167901
19169,119.168971
19170,119.170050
19171,119.171018
19172,119.171978
19173,119.172961
19174,119.173981
19175,119.174902
19176,119.176000
19177,119.177061
19178,119.177982
19179,119.179064
19180,119.179909
19181,119.180988
19182,119.181990
19183,119.182926
19184,119.184073
19185,119.185094
19186,119.186015
19187,119.186959
19188,119.187912
19189,119.188967
19190,119.189952
19191,119.191051
19192,119.192049
19193,119.193086
19194,119.193980
19195,119.195066
19196,119.195934
19197,119.197078
19198,119.197977
19199,119.198979
19200,119.199950
19201,119.201021
19202,119.201935
19203,119.202936
19204,119.203935
19205,119.205027
19206,119.206095
19207,119.207044
19208,119.207910
19209,119.208987
19210,119.210028
19211,119.211006
19212,119.211959
19213,119.212958
19214,119.213914
19215,119.215023
19216,119.215934
19217,119.217080
19218,119.217911
19219,119.218929
19220,119.220082
19221,119.221063
19222,119.221936
19223,119.222947
19224,119.224084
19225,119.225092
19226,119.225965
19227,119.227017
19228,119.228038
19229,119.228907
19230,119.229950
19231,119.231031
19232,119.232040
19233,119.233084
19234,119.233950
19235,119.234974
19236,119.235927
19237,119.237030
19238,119.238094
19239,119.239046
19240,119.239909
19241,119.241036
19242,119.242077
19243,119.243009
19244,119.244016
19245,119.245031
19246,119.245998
19247,119.246916
19248,119.247911
19249,119.249069
19250,119.250090
19251,119.251032
19252,119.251919
19253,119.253069
19254,119.254063
19255,119.255004
19256,119.255929
19257,119.257099
19258,119.257917
19259,119.258982
19260,119.259987
19261,119.261045
19262,119.262009
19263,119.263000
19264,119.263917
19265,119.264920
19266,119.266077
19267,119.266939
19268,119.267969
19269,119.268985
19270,119.270060
19271,119.270988
19272,119.271957
19273,119.273033
19274,119.273997
19275,119.275011
19276,119.276071
19277,119.276910
19278,119.277998
19279,119.278953
19280,119.280026
19281,119.281086
19282,119.282068
19283,119.283022
19284,119.284016
19285,119.284985
19286,119.286014
19287,119.287084
19288,119.288073
19289,119.288940
19290,119.289952
19291,119.291004
19292,119.292027
19293,119.293086
19294,119.293975
19295,119.295008
19296,119.295997
19297,119.297043
19298,119.297939
19299,119.299048
19300,119.299998
19301,119.301062
19302,119.302045
19303,119.303046
19304,119.303987
19305,119.304923
19306,119.305910
19307,119.307098
19308,119.307910
19309,119.309097
19310,119.310029
19311,119.310930
19312,119.312026
19313,119.312972
19314,119.313942
19315,119.315081
19316,119.315905
19317,119.317038
19318,119.317990
19319,119.318985
19320,119.320028
19321,119.320962
19322,119.321934
19323,119.323046
19324,119.324032
19325,119.324904
19326,119.326055
19327,119.326925
19328,119.328075
19329,119.329077
19330,119.329922
19331,119.330975
19332,119.332034
19333,119.332929
19334,119.334071
19335,119.334965
19336,119.335999
19337,119.337093
19338,119.337961
19339,119.339071
19340,119.339931
19341,119.340938
19342,119.342049
19343,119.343012
19344,119.343985
19345,119.344948
19346,119.346085
19347,119.346964
19348,119.347953
19349,119.348925
19350,119.349984
19351,119.351078
19352,119.351988
19353,119.353012
19354,119.354062
19355,119.354982
19356,119.356034
19357,119.357034
19358,119.357992
19359,119.358986
19360,119.359974
19361,119.360990
19362,119.362045
19363,119.363031
19364,119.363957
19365,119.364991
19366,119.366054
19367,119.366929
19368,119.367906
19369,119.369099
19370,119.369928
19371,119.370954
19372,119.371900
19373,119.373090
19374,119.374018
19375,119.374964
19376,119.376054
19377,119.376974
19378,119.378021
19379,119.378982
19380,119.379906
19381,119.381041
19382,119.382088
19383,119.382965
19384,119.384053
19385,119.385022
19386,119.385962
19387,119.386967
19388,119.388093
19389,119.388991
19390,119.389936
19391,119.391063
19392,119.391999
19393,119.392997
19394,119.394066
19395,119.394954
19396,119.396085
19397,119.397044
19398,119.398092
19399,119.399091
19400,119.400062
19401,119.400944
19402,119.402001
19403,119.402977
19404,119.403913
19405,119.404929
19406,119.406060
19407,119.407014
19408,119.407966
19409,119.408908
19410,119.409977
19411,119.410984
19412,119.411981
19413,119.412902
19414,119.414010
19415,119.415039
19416,119.416016
19417,119.416963
19418,119.418022
19419,119.419068
19420,119.420088
19421,119.420977
19422,119.422041
19423,119.422946
19424,119.424014
19425,119.424910
19426,119.425988
19427,119.426980
19428,119.427933
19429,119.429026
19430,119.429998
19431,119.431040
19432,119.431970
19433,119.433076
19434,119.433946
19435,119.435043
19436,119.436094
19437,119.436982
19438,119.437956
19439,119.438999
19440,119.440065
19441,119.441023
19442,119.441969
19443,119.443069
19444,119.444055
19445,119.444947
19446,119.445957
19447,119.446902
19448,119.448005
19449,119.449038
19450,119.449919
19451,119.450989
19452,119.451978
19453,119.452982
19454,119.454053
19455,119.454976
19456,119.456017
19457,119.456980
19458,119.458086
19459,119.458935
19460,119.459903
19461,119.460903
19462,119.462036
19463,119.462996
19464,119.464059
19465,119.465042
19466,119.465925
19467,119.467075
19468,119.468012
19469,119.469097
19470,119.469920
19471,119.471072
19472,119.471930
19473,119.473046
19474,119.474071
19475,119.475096
19476,119.476085
19477,119.476918
19478,119.477907
19479,119.479028
19480,119.480051
19481,119.480906
19482,119.481937
19483,119.483041
19484,119.483910
19485,119.484948
19486,119.486039
19487,119.486981
19488,119.487990
19489,119.489040
19490,119.489984
19491,119.490920
19492,119.491966
19493,119.493071
19494,119.493965
19495,119.495042
19496,119.496001
19497,119.496991
19498,119.497984
19499,119.499000
19500,119.500090
19501,119.501097
19502,119.501989
19503,119.502977
19504,119.504048
19505,119.504988
19506,119.505917
19507,119.507014
19508,119.507918
19509,119.508938
19510,119.509985
19511,119.511033
19512,119.512031
19513,119.512967
19514,119.513957
19515,119.514925
19516,119.516017
19517,119.517040
19518,119.517902
19519,119.519021
19520,119.520068
19521,119.521082
19522,119.521936
19523,119.523051
19524,119.523966
19525,119.524954
19526,119.526040
19527,119.526940
19528,119.527976
19529,119.528955
19530,119.529940
19531,119.530959
19532,119.531948
19533,119.533047
19534,119.533956
19535,119.535050
19536,119.535908
19537,119.537013
19538,119.538017
19539,119.538941
19540,119.539945
19541,119.541019
19542,119.541966
19543,119.543042
19544,119.543940
19545,119.544983
19546,119.545934
19547,119.546905
19548,119.547978
19549,119.549016
19550,119.549995
19551,119.551097
19552,119.552024
19553,119.552945
19554,119.553914
19555,119.554993
19556,119.556036
19557,119.557016
19558,119.557935
19559,119.558905
19560,119.559913
19561,119.560996
19562,119.561981
19563,119.562920
19564,119.563989
19565,119.565077
19566,119.566041
19567,119.566959
19568,119.567955
19569,119.568967
19570,119.570051
19571,119.570950
19572,119.571995
19573,119.572909
19574,119.574025
19575,119.575033
19576,119.575916
19577,119.577016
19578,119.577909
19579,119.578924
19580,119.579972
19581,119.580997
19582,119.582043
19583,119.582912
19584,119.584040
19585,119.585058
19586,119.586030
19587,119.587088
19588,119.587964
19589,119.588968
19590,119.589975
19591,119.590928
19592,119.591900
19593,119.592953
19594,119.593912
19595,119.595052
19596,119.595971
19597,119.597057
19598,119.597912
19599,119.598938
19600,119.600025
19601,119.600942
19602,119.601948
19603,119.603011
19604,119.604030
19605,119.605039
19606,119.605926
19607,119.606942
19608,119.608047
19609,119.609093
19610,119.609906
19611,119.610955
19612,119.612089
19613,119.613076
19614,119.614008
19615,119.615011
19616,119.615953
19617,119.617001
19618,119.617959
19619,119.618955
19620,119.620029
19621,119.621048
19622,119.622035
19623,119.622973
19624,119.623963
19625,119.624974
19626,119.626052
19627,119.626971
19628,119.627964
19629,119.629024
19630,119.630080
19631,119.631039
19632,119.632032
19633,119.633027
19634,119.633983
19635,119.635007
19636,119.636076
19637,119.637044
19638,119.637922
19639,119.638903
19640,119.639944
19641,119.641049
19642,119.641991
19643,119.642950
19644,119.644098
19645,119.645048
19646,119.645999
19647,119.647097
19648,119.648061
19649,119.648967
19650,119.650063
19651,119.650996
19652,119.652003
19653,119.653012
19654,119.654092
19655,119.655079
19656,119.655989
19657,119.657026
19658,119.658005
19659,119.659052
19660,119.659934
19661,119.661007
19662,119.662024
19663,119.663020
19664,119.663944
19665,119.665042
19666,119.665967
19667,119.666911
19668,119.668000
19669,119.668913
19670,119.669943
19671,119.670910
19672,119.672026
19673,119.673067
19674,119.673963
19675,119.674901
19676,119.676085
19677,119.676915
19678,119.677926
19679,119.679038
19680,119.679908
19681,119.680917
19682,119.682065
19683,119.683008
19684,119.684068
19685,119.685071
19686,119.685962
19687,119.687010
19688,119.688015
19689,119.688947
19690,119.690021
19691,119.690976
19692,119.692094
19693,119.692981
19694,119.693967
19695,119.694916
19696,119.696050
19697,119.696986
19698,119.697977
19699,119.698987
19700,119.700034
19701,119.701009
19702,119.702012
19703,119.703089
19704,119.704008
19705,119.705011
19706,119.706090
19707,119.707077
19708,119.708083
19709,119.709018
19710,119.710007
19711,119.711024
19712,119.711953
19713,119.713074
19714,119.714074
19715,119.714921
19716,119.716031
19717,119.716945
19718,119.717964
19719,119.719003
19720,119.720036
19721,119.721075
19722,119.721991
19723,119.723091
19724,119.724004
19725,119.725039
19726,119.726084
19727,119.726966
19728,119.727953
19729,119.728914
19730,119.729939
19731,119.730977
19732,119.732034
19733,119.732924
19734,119.733967
19735,119.735055
19736,119.736094
19737,119.737061
19738,119.738097
19739,119.739098
19740,119.740042
19741,119.740911
19742,119.741923
19743,119.743050
19744,119.744038
19745,119.744948
19746,119.745906
19747,119.747044
19748,119.748016
19749,119.749090
19750,119.750069
19751,119.750970
19752,119.751951
19753,119.752953
19754,119.753908
19755,119.754935
19756,119.755972
19757,119.756920
19758,119.758037
19759,119.759097
19760,119.760092
19761,119.761035
19762,119.761977
19763,119.763061
19764,119.764079
19765,119.765085
19766,119.765995
19767,119.766933
19768,119.767929
19769,119.769027
19770,119.770050
19771,119.771006
19772,119.772025
19773,119.773000
19774,119.773935
19775,119.775058
19776,119.776060
19777,119.776945
19778,119.778006
19779,119.779000
19780,119.779958
19781,119.780908
19782,119.782011
19783,119.783069
19784,119.783913
19785,119.785020
19786,119.785956
19787,119.786946
19788,119.788056
19789,119.789041
19790,119.789929
19791,119.791027
19792,119.791919
19793,119.793020
19794,119.793973
19795,119.794956
19796,119.795974
19797,119.797067
19798,119.798080
19799,119.799082
19800,119.799971
19801,119.801074
19802,119.801938
19803,119.803048
19804,119.803971
19805,119.805004
19806,119.806056
19807,119.806932
19808,119.808046
19809,119.809080
19810,119.810057
19811,119.810953
19812,119.812072
19813,119.813098
19814,119.813969
19815,119.814955
19816,119.815904
19817,119.817069
19818,119.817919
19819,119.818978
19820,119.820014
19821,119.820903
19822,119.821909
19823,119.822917
19824,119.823929
19825,119.824908
19826,119.825933
19827,119.827079
19828,119.827956
19829,119.828952
19830,119.830071
19831,119.831085
19832,119.831949
19833,119.832981
19834,119.833940
19835,119.835027
19836,119.835995
19837,119.836981
19838,119.837988
19839,119.839044
19840,119.840040
19841,119.840934
19842,119.841958
19843,119.842920
19844,119.844091
19845,119.844992
19846,119.846029
19847,119.847023
19848,119.847976
19849,119.849059
19850,119.850059
19851,119.850994
19852,119.852022
19853,119.852978
19854,119.854082
19855,119.854978
19856,119.856037
19857,119.857057
19858,119.858099
19859,119.858980
19860,119.859998
19861,119.860906
19862,119.861971
19863,119.863047
19864,119.864025
19865,119.865089
19866,119.866056
19867,119.867059
19868,119.868052
19869,119.868922
19870,119.869973
19871,119.871020
19872,119.871923
19873,119.873003
19874,119.874042
19875,119.875032
19876,119.875997
19877,119.876900
19878,119.878041
19879,119.878979
19880,119.880034
19881,119.880974
19882,119.882093
19883,119.883096
19884,119.883936
19885,119.884950
19886,119.886025
19887,119.886958
19888,119.887972
19889,119.888958
19890,119.889950
19891,119.890915
19892,119.891978
19893,119.892938
19894,119.893973
19895,119.895048
19896,119.896020
19897,119.897049
19898,119.897933
19899,119.898960
19900,119.900088
19901,119.900958
19902,119.901907
19903,119.903052
19904,119.904019
19905,119.905078
19906,119.905996
19907,119.907013
19908,119.908027
19909,119.909026
19910,119.910072
19911,119.911047
19912,119.912009
19913,119.913045
19914,119.914074
19915,119.915003
19916,119.916082
19917,119.916906
19918,119.918027
19919,119.918974
19920,119.920031
19921,119.920959
19922,119.921933
19923,119.922980
19924,119.924069
19925,119.925074
19926,119.926098
19927,119.926940
19928,119.927965
19929,119.928970
19930,119.930097
19931,119.930968
19932,119.932094
19933,119.933056
19934,119.934085
19935,119.934902
19936,119.935948
19937,119.936933
19938,119.937979
19939,119.938933
19940,119.940038
19941,119.940984
19942,119.941946
19943,119.942919
19944,119.943911
19945,119.945073
19946,119.946052
19947,119.946916
19948,119.948078
19949,119.949045
19950,119.950055
19951,119.951009
19952,119.951964
19953,119.953088
19954,119.954019
19955,119.954935
19956,119.956059
19957,119.956937
19958,119.957911
19959,119.959079
19960,119.959978
19961,119.960908
19962,119.962014
19963,119.962964
19964,119.964040
19965,119.965041
19966,119.966041
19967,119.967064
19968,119.967987
19969,119.969042
19970,119.970050
19971,119.971077
19972,119.971908
19973,119.973065
19974,119.974053
19975,119.974936
19976,119.976067
19977,119.976961
19978,119.977950
19979,119.978930
19980,119.979987
19981,119.980961
19982,119.982088
19983,119.982983
19984,119.983903
19985,119.984909
19986,119.985987
19987,119.986915
19988,119.988040
19989,119.988985
19990,119.990064
19991,119.991087
19992,119.991953
19993,119.993064
19994,119.994039
19995,119.994928
19996,119.995967
19997,119.997058
19998,119.998040
19999,119.998968
20000,119.999942
20001,120.000951
20002,120.002036
20003,120.003052
20004,120.004034
20005,120.004950
20006,120.005915
20007,120.006945
20008,120.007930
20009,120.009034
20010,120.009996
20011,120.011045
20012,120.012029
20013,120.012928
20014,120.014015
20015,120.014943
20016,120.016064
20017,120.016950
20018,120.017932
20019,120.019093
20020,120.020002
20021,120.021050
20022,120.021943
20023,120.022926
20024,120.023910
20025,120.025066
20026,120.025918
20027,120.026917
20028,120.027994
20029,120.028963
20030,120.029973
20031,120.031068
20032,120.032070
20033,120.033094
20034,120.034032
20035,120.034924
20036,120.035993
20037,120.037037
20038,120.037928
20039,120.038957
20040,120.039909
20041,120.040977
20042,120.041961
20043,120.043014
20044,120.043931
20045,120.045096
20046,120.046044
20047,120.046942
20048,120.048041
20049,120.049056
20050,120.050042
20051,120.050914
20052,120.052066
20053,120.052925
20054,120.054077
20055,120.054941
20056,120.055958
20057,120.056952
20058,120.058028
20059,120.058930
20060,120.059924
20061,120.061042
20062,120.061976
20063,120.063020
20064,120.063901
20065,120.065025
20066,120.066018
20067,120.066990
20068,120.067981
20069,120.069013
20070,120.069906
20071,120.070952
20072,120.071905
20073,120.073013
20074,120.074064
20075,120.075038
20076,120.076079
20077,120.077092
20078,120.078055
20079,120.078989
20080,120.080086
20081,120.080981
20082,120.082018
20083,120.082927
20084,120.084074
20085,120.085021
20086,120.086094
20087,120.087015
20088,120.088012
20089,120.089002
20090,120.090020
20091,120.090983
20092,120.092049
20093,120.092980
20094,120.093994
20095,120.095003
20096,120.096093
20097,120.096985
20098,120.098065
20099,120.099005
20100,120.100063
20101,120.101032
20102,120.102038
20103,120.103084
20104,120.103991
20105,120.105072
20106,120.105919
20107,120.107094
20108,120.108021
20109,120.108976
20110,120.110008
20111,120.110936
20112,120.112090
20113,120.113047
20114,120.114057
20115,120.114994
20116,120.116059
20117,120.117081
20118,120.118013
20119,120.118901
20120,120.119993
20121,120.121069
20122,120.122075
20123,120.123078
20124,120.123963
20125,120.125069
20126,120.126004
20127,120.127092
20128,120.127925
20129,120.128928
20130,120.129986
20131,120.130917
20132,120.131916
20133,120.132911
20134,120.134005
20135,120.135049
20136,120.135964
20137,120.136924
20138,120.138089
20139,120.138999
20140,120.139938
20141,120.141054
20142,120.142056
20143,120.143066
20144,120.143936
20145,120.145093
20146,120.146026
20147,120.147004
20148,120.147956
20149,120.149086
20150,120.150059
20151,120.150981
20152,120.152067
20153,120.153079
20154,120.153958
20155,120.155088
20156,120.155942
20157,120.156994
20158,120.157906
20159,120.158955
20160,120.160018
20161,120.160968
20162,120.161957
20163,120.162977
20164,120.164032
20165,120.164935
20166,120.166055
20167,120.167033
20168,120.168095
20169,120.168942
20170,120.170043
20171,120.170997
20172,120.171939
20173,120.173010
20174,120.173925
20175,120.175043
20176,120.175976
20177,120.176982
20178,120.177926
20179,120.178980
20180,120.179934
20181,120.180928
20182,120.182035
20183,120.183004
20184,120.183947
20185,120.185082
20186,120.186046
20187,120.187092
20188,120.187958
20189,120.189075
20190,120.190072
20191,120.191062
20192,120.191937
20193,120.193069
20194,120.193917
20195,120.194976
20196,120.196095
20197,120.197059
20198,120.198014
20199,120.199076
20200,120.199963
20201,120.200918
20202,120.201911
20203,120.203090
20204,120.204090
20205,120.205085
20206,120.205974
20207,120.206981
20208,120.208043
20209,120.208975
20210,120.209963
20211,120.211079
20212,120.212004
20213,120.213062
20214,120.214068
20215,120.214954
20216,120.215952
20217,120.217025
20218,120.217966
20219,120.219087
20220,120.219926
20221,120.221077
20222,120.222003
20223,120.222923
20224,120.223979
20225,120.225050
20226,120.226044
20227,120.227056
20228,120.228067
20229,120.229030
20230,120.229913
20231,120.230952
20232,120.232047
20233,120.233013
20234,120.233991
20235,120.235009
20236,120.236052
20237,120.236957
20238,120.238040
20239,120.238935
20240,120.239939
20241,120.241025
20242,120.241963
20243,120.243003
20244,120.244057
20245,120.245098
20246,120.246056
20247,120.247067
20248,120.247902
20249,120.248978
20250,120.250000
20251,120.250936
20252,120.251996
20253,120.252900
20254,120.254077
20255,120.254944
20256,120.255948
20257,120.257079
20258,120.258033
20259,120.258973
20260,120.259982
20261,120.260918
20262,120.261938
20263,120.262959
20264,120.263961
20265,120.264937
20266,120.265955
20267,120.267065
20268,120.268023
20269,120.268905
20270,120.269950
20271,120.270955
20272,120.272079
20273,120.273019
20274,120.273970
20275,120.274902
20276,120.275902
20277,120.277078
20278,120.277958
20279,120.279031
20280,120.279969
20281,120.280909
20282,120.281974
20283,120.283067
20284,120.284048
20285,120.284993
20286,120.286005
20287,120.287089
20288,120.288018
20289,120.288974
20290,120.289906
20291,120.291068
20292,120.292066
20293,120.293055
20294,120.293977
20295,120.295041
20296,120.295959
20297,120.297088
20298,120.298044
20299,120.299094
20300,120.300055
20301,120.301005
20302,120.302031
20303,120.303050
20304,120.304003
20305,120.304912
20306,120.306008
20307,120.306964
20308,120.308090
20309,120.309052
20310,120.310088
20311,120.311020
20312,120.311917
20313,120.312986
20314,120.313943
20315,120.315025
20316,120.315994
20317,120.316923
20318,120.318055
20319,120.318948
20320,120.319958
20321,120.321088
20322,120.321918
20323,120.323074
20324,120.323949
20325,120.325097
20326,120.325984
20327,120.326958
20328,120.327901
20329,120.328913
20330,120.329970
20331,120.331046
20332,120.332058
20333,120.333034
20334,120.333980
20335,120.335096
20336,120.336041
20337,120.336940
20338,120.338054
20339,120.339068
20340,120.340057
20341,120.341058
20342,120.342050
20343,120.342987
20344,120.344004
20345,120.344927
20346,120.345975
20347,120.347022
20348,120.348095
20349,120.348991
20350,120.350092
20351,120.350966
20352,120.351968
20353,120.352985
20354,120.354025
20355,120.355017
20356,120.355921
20357,120.356901
20358,120.358094
20359,120.359030
20360,120.359958
20361,120.360907
20362,120.362077
20363,120.363090
20364,120.363964
20365,120.364978
20366,120.365901
20367,120.367063
20368,120.368092
20369,120.368923
20370,120.369912
20371,120.370996
20372,120.371945
20373,120.372905
20374,120.373914
20375,120.374953
20376,120.375908
20377,120.377033
20378,120.378022
20379,120.379094
20380,120.379963
20381,120.381011
20382,120.381961
20383,120.382909
20384,120.384047
20385,120.384944
20386,120.386077
20387,120.387084
20388,120.387912
20389,120.389086
20390,120.390093
20391,120.391049
20392,120.391969
20393,120.393061
20394,120.394098
20395,120.394993
20396,120.396043
20397,120.397068
20398,120.397944
20399,120.399006
20400,120.399995
20401,120.400957
20402,120.401996
20403,120.403013
20404,120.404073
20405,120.404955
20406,120.405932
20407,120.407059
20408,120.408090
20409,120.409024
20410,120.410067
20411,120.410973
20412,120.412023
20413,120.413042
20414,120.414010
20415,120.415040
20416,120.416027
20417,120.417079
20418,120.417970
20419,120.419009
20420,120.420035
20421,120.421061
20422,120.421924
20423,120.423010
20424,120.423975
20425,120.424927
20426,120.425980
20427,120.426997
20428,120.427938
20429,120.429009
20430,120.429904
20431,120.430980
20432,120.431960
20433,120.432919
20434,120.433925
20435,120.434988
20436,120.436046
20437,120.436955
20438,120.437994
20439,120.439021
20440,120.439965
20441,120.440986
20442,120.442084
20443,120.442959
20444,120.443927
20445,120.445042
20446,120.446089
20447,120.447049
20448,120.448051
20449,120.448940
20450,120.450051
20451,120.451036
20452,120.451944
20453,120.453071
20454,120.454095
20455,120.455094
20456,120.456078
20457,120.457087
20458,120.458069
20459,120.459090
20460,120.459958
20461,120.460924
20462,120.461923
20463,120.463068
20464,120.463984
20465,120.465042
20466,120.465990
20467,120.467066
20468,120.468055
20469,120.468965
20470,120.469906
20471,120.471053
20472,120.471957
20473,120.473026
20474,120.474094
20475,120.475066
20476,120.476076
20477,120.476924
20478,120.477977
20479,120.479079
20480,120.479917
20481,120.481019
20482,120.481922
20483,120.483013
20484,120.483902
20485,120.485061
20486,120.486084
20487,120.486975
20488,120.487959
20489,120.488970
20490,120.489979
20491,120.490926
20492,120.491997
20493,120.492965
20494,120.494063
20495,120.494983
20496,120.496052
20497,120.496940
20498,120.498083
20499,120.499041
20500,120.500075
20501,120.500971
20502,120.502083
20503,120.503052
20504,120.504070
20505,120.505039
20506,120.505937
20507,120.506929
20508,120.508064
20509,120.509068
20510,120.509926
20511,120.511023
20512,120.511956
20513,120.513036
20514,120.514075
20515,120.514944
20516,120.515931
20517,120.516929
20518,120.518038
20519,120.518993
20520,120.520002
20521,120.521001
20522,120.521970
20523,120.522934
20524,120.523973
20525,120.525028
20526,120.526041
20527,120.527046
20528,120.527945
20529,120.529062
20530,120.529975
20531,120.530981
20532,120.532033
20533,120.532936
20534,120.534069
20535,120.535019
20536,120.536062
20537,120.537085
20538,120.538011
20539,120.539040
20540,120.540049
20541,120.541049
20542,120.541921
20543,120.542939
20544,120.544066
20545,120.544937
20546,120.546057
20547,120.547086
20548,120.548022
20549,120.548914
20550,120.549982
20551,120.550971
20552,120.551939
20553,120.552993
20554,120.553943
20555,120.555000
20556,120.555966
20557,120.557066
20558,120.558088
20559,120.558986
20560,120.560080
20561,120.560985
20562,120.562056
20563,120.562995
20564,120.563984
20565,120.565088
20566,120.565947
20567,120.566905
20568,120.567975
20569,120.569049
20570,120.569974
20571,120.570910
20572,120.572005
20573,120.572907
20574,120.574094
20575,120.574966
20576,120.576054
20577,120.576935
20578,120.577964
20579,120.579002
20580,120.580096
20581,120.580973
20582,120.582059
20583,120.582905
20584,120.584037
20585,120.585011
20586,120.585914
20587,120.587077
20588,120.588033
20589,120.588947
20590,120.590026
20591,120.591011
20592,120.592059
20593,120.593068
20594,120.594066
20595,120.595016
20596,120.596055
20597,120.596981
20598,120.598090
20599,120.598923
20600,120.599939
20601,120.600935
20602,120.601980
20603,120.603000
20604,120.603989
20605,120.605014
20606,120.605910
20607,120.606906
20608,120.608086
20609,120.608964
20610,120.610073
20611,120.610993
20612,120.611911
20613,120.613082
20614,120.614068
20615,120.615050
20616,120.615914
20617,120.617032
20618,120.618038
20619,120.619092
20620,120.619962
20621,120.621086
20622,120.622084
20623,120.623045
20624,120.624048
20625,120.624908
20626,120.626006
20627,120.627080
20628,120.628046
20629,120.628963
20630,120.630091
20631,120.631095
20632,120.632054
20633,120.633096
20634,120.633903
20635,120.635083
20636,120.635982
20637,120.637007
20638,120.637944
20639,120.639074
20640,120.640081
20641,120.641020
20642,120.642028
20643,120.643087
20644,120.644061
20645,120.645033
20646,120.646010
20647,120.646948
20648,120.647991
20649,120.648985
20650,120.650005
20651,120.650941
20652,120.652040
20653,120.653085
20654,120.654005
20655,120.654927
20656,120.656056
20657,120.657037
20658,120.658061
20659,120.658965
20660,120.660091
20661,120.661091
20662,120.661953
20663,120.663067
20664,120.664044
20665,120.665093
20666,120.666001
20667,120.666983
20668,120.668060
20669,120.668945
20670,120.670088
20671,120.670917
20672,120.671977
20673,120.672985
20674,120.674100
20675,120.675024
20676,120.676017
20677,120.676990
20678,120.677925
20679,120.678916
20680,120.680045
20681,120.680957
20682,120.681994
20683,120.682984
20684,120.683998
20685,120.684925
20686,120.686099
20687,120.687044
20688,120.687953
20689,120.689034
20690,120.689901
20691,120.691007
20692,120.691993
20693,120.692959
20694,120.694056
20695,120.695092
20696,120.695914
20697,120.697099
20698,120.698082
20699,120.699027
20700,120.699920
20701,120.700925
20702,120.702025
20703,120.702907
20704,120.704091
20705,120.704933
20706,120.705925
20707,120.706948
20708,120.708022
20709,120.709069
20710,120.710009
20711,120.710976
20712,120.711935
20713,120.713099
20714,120.713940
20715,120.714900
20716,120.715959
20717,120.717092
20718,120.718068
20719,120.718985
20720,120.719991
20721,120.720972
20722,120.721996
20723,120.722982
20724,120.724065
20725,120.724905
20726,120.726018
20727,120.727046
20728,120.727924
20729,120.729076
20730,120.729907
20731,120.731076
20732,120.731953
20733,120.732910
20734,120.733994
20735,120.735036
20736,120.736020
20737,120.736911
20738,120.738060
20739,120.738974
20740,120.740055
20741,120.740999
20742,120.742058
20743,120.743071
20744,120.744024
20745,120.745076
20746,120.745951
20747,120.747083
20748,120.748054
20749,120.748930
20750,120.749984
20751,120.751037
20752,120.751987
20753,120.752910
20754,120.753935
20755,120.755090
20756,120.756019
20757,120.756922
20758,120.758060
20759,120.759013
20760,120.759926
20761,120.761031
20762,120.761936
20763,120.763099
20764,120.763946
20765,120.764915
20766,120.766020
20767,120.767041
20768,120.768002
20769,120.768982
20770,120.770026
20771,120.771045
20772,120.772051
20773,120.772948
20774,120.774058
20775,120.775014
20776,120.776094
20777,120.776911
20778,120.777996
20779,120.778987
20780,120.780041
20781,120.781045
20782,120.781984
20783,120.782961
20784,120.783976
20785,120.784932
20786,120.786049
20787,120.787093
20788,120.787917
20789,120.788965
20790,120.790073
20791,120.791015
20792,120.791959
20793,120.792980
20794,120.793974
20795,120.794905
20796,120.796087
20797,120.796929
20798,120.798007
20799,120.798914
20800,120.800076
20801,120.801090
20802,120.801987
20803,120.802949
20804,120.803994
20805,120.805096
20806,120.805975
20807,120.806975
20808,120.807930
20809,120.809003
20810,120.810099
20811,120.811065
20812,120.811995
20813,120.812971
20814,120.813941
20815,120.815067
20816,120.815937
20817,120.817099
20818,120.818025
20819,120.819034
20820,120.820050
20821,120.821018
20822,120.822070
20823,120.823064
20824,120.824026
20825,120.824917
20826,120.825963
20827,120.827013
20828,120.828039
20829,120.828908
20830,120.830085
20831,120.831092
20832,120.832031
20833,120.832933
20834,120.833950
20835,120.835014
20836,120.835906
20837,120.836926
20838,120.838007
20839,120.839067
20840,120.840017
20841,120.841054
20842,120.841956
20843,120.842928
20844,120.844029
20845,120.844900
20846,120.845957
20847,120.847018
20848,120.847963
20849,120.848902
20850,120.850073
20851,120.851051
20852,120.851941
20853,120.853040
20854,120.853993
20855,120.854946
20856,120.855908
20857,120.857030
20858,120.857971
20859,120.859031
20860,120.859965
20861,120.860943
20862,120.862096
20863,120.863066
20864,120.864066
20865,120.864977
20866,120.866077
20867,120.866911
20868,120.868034
20869,120.868931
20870,120.869957
20871,120.871099
20872,120.872077
20873,120.873034
20874,120.874077
20875,120.875003
20876,120.875949
20877,120.877096
20878,120.877995
20879,120.879082
20880,120.880075
20881,120.880947
20882,120.881990
20883,120.882911
20884,120.883957
20885,120.885088
20886,120.885928
20887,120.886905
20888,120.887954
20889,120.888964
20890,120.890009
20891,120.891054
20892,120.892061
20893,120.893034
20894,120.893999
20895,120.895049
20896,120.896065
20897,120.897030
20898,120.898082
20899,120.899053
20900,120.899920
20901,120.900991
20902,120.902052
20903,120.902953
20904,120.904037
20905,120.905004
20906,120.906014
20907,120.907065
20908,120.907947
20909,120.908983
20910,120.909988
20911,120.911087
20912,120.912090
20913,120.912935
20914,120.914030
20915,120.915097
20916,120.916065
20917,120.916925
20918,120.917976
20919,120.919045
20920,120.920080
20921,120.921094
20922,120.922048
20923,120.922944
20924,120.924043
20925,120.924995
20926,120.925959
20927,120.926967
20928,120.928033
20929,120.928942
20930,120.930006
20931,120.930997
20932,120.932045
20933,120.932919
20934,120.933932
20935,120.934985
20936,120.935946
20937,120.937048
20938,120.937939
20939,120.938931
20940,120.939993
20941,120.940915
20942,120.941941
20943,120.943053
20944,120.944013
20945,120.944920
20946,120.945915
20947,120.947009
20948,120.947992
20949,120.949010
20950,120.950050
20951,120.950946
20952,120.951979
20953,120.953095
20954,120.954047
20955,120.955048
20956,120.955999
20957,120.957057
20958,120.957995
20959,120.958901
20960,120.959957
20961,120.961012
20962,120.961919
20963,120.963091
20964,120.964017
20965,120.965081
20966,120.966076
20967,120.967007
20968,120.967910
20969,120.968930
20970,120.970049
20971,120.970955
20972,120.972040
20973,120.973014
20974,120.973905
20975,120.974931
20976,120.975931
20977,120.976908
20978,120.977947
20979,120.978996
20980,120.980098
20981,120.980904
20982,120.981910
20983,120.983045
20984,120.983922
20985,120.984952
20986,120.985985
20987,120.986939
20988,120.987977
20989,120.988981
20990,120.990092
20991,120.991062
20992,120.992093
20993,120.993063
20994,120.993954
20995,120.995032
20996,120.995990
20997,120.997098
20998,120.997987
20999,120.999094
21000,120.999979
21001,121.001026
21002,121.002007
21003,121.002961
21004,121.004082
21005,121.004936
21006,121.005946
21007,121.006993
21008,121.007941
21009,121.008975
21010,121.010055
21011,121.011030
21012,121.011988
21013,121.013069
21014,121.013904
21015,121.015032
21016,121.016077
21017,121.016900
21018,121.018010
21019,121.018925
21020,121.020055
21021,121.021037
21022,121.022004
21023,121.022974
21024,121.024070
21025,121.024957
21026,121.025941
21027,121.026916
21028,121.027921
21029,121.029042
21030,121.029985
21031,121.031054
21032,121.031930
21033,121.033066
21034,121.034076
21035,121.034967
21036,121.036062
21037,121.036912
21038,121.037978
21039,121.038924
21040,121.040028
21041,121.041013
21042,121.041900
21043,121.043089
21044,121.043930
21045,121.045004
21046,121.046007
21047,121.047078
21048,121.047932
21049,121.048927
21050,121.049996
21051,121.050981
21052,121.052049
21053,121.052953
21054,121.054009
21055,121.054990
21056,121.055987
21057,121.057080
21058,121.057911
21059,121.059060
21060,121.059929
21061,121.060955
21062,121.061908
21063,121.063070
21064,121.063920
21065,121.065012
21066,121.065956
21067,121.066966
21068,121.068089
21069,121.068996
21070,121.069947
21071,121.071094
21072,121.072012
21073,121.072923
21074,121.073957
21075,121.074952
21076,121.075915
21077,121.076934
21078,121.078050
21079,121.079088
21080,121.080088
21081,121.080969
21082,121.081980
21083,121.083093
21084,121.084053
21085,121.085072
21086,121.085927
21087,121.086953
21088,121.088057
21089,121.088991
21090,121.090023
21091,121.090915
21092,121.091993
21093,121.093084
21094,121.094060
21095,121.095064
21096,121.095901
21097,121.097049
21098,121.097982
21099,121.098955
21100,121.099995
21101,121.101065
21102,121.101901
21103,121.102964
21104,121.103977
21105,121.105049
21106,121.106079
21107,121.107089
21108,121.107976
21109,121.108939
21110,121.109999
21111,121.110914
21112,121.112096
21113,121.112925
21114,121.113996
21115,121.115016
21116,121.115959
21117,121.117063
21118,121.117921
21119,121.118910
21120,121.120017
21121,121.120926
21122,121.121954
21123,121.122925
21124,121.124077
21125,121.124919
21126,121.126091
21127,121.127053
21128,121.127959
21129,121.128928
21130,121.129964
21131,121.131061
21132,121.132052
21133,121.132946
21134,121.133963
21135,121.135016
21136,121.135959
21137,121.137008
21138,121.137997
21139,121.138966
21140,121.140045
21141,121.140947
21142,121.141908
21143,121.142960
21144,121.144075
21145,121.145087
21146,121.145995
21147,121.147054
21148,121.148084
21149,121.148993
21150,121.149974
21151,121.151089
21152,121.152072
21153,121.153016
21154,121.154053
21155,121.154966
21156,121.156011
21157,121.157059
21158,121.157914
21159,121.158942
21160,121.159989
21161,121.161081
21162,121.162026
21163,121.163097
21164,121.164022
21165,121.165050
21166,121.165930
21167,121.166959
21168,121.167961
21169,121.169082
21170,121.169991
21171,121.171090
21172,121.171922
21173,121.172976
21174,121.173932
21175,121.174990
21176,121.176022
21177,121.176968
21178,121.177924
21179,121.179037
21180,121.180080
21181,121.180928
21182,121.182032
21183,121.182987
21184,121.184018
21185,121.184902
21186,121.186088
21187,121.187019
21188,121.187915
21189,121.188982
21190,121.189935
21191,121.191024
21192,121.191935
21193,121.193049
21194,121.194038
21195,121.195027
21196,121.195936
21197,121.196985
21198,121.198034
21199,121.198916
21200,121.200074
21201,121.200969
21202,121.202016
21203,121.203007
21204,121.204008
21205,121.204924
21206,121.206057
21207,121.206922
21208,121.208051
21209,121.209009
21210,121.210056
21211,121.210930
21212,121.211981
21213,121.213098
21214,121.213949
21215,121.214937
21216,121.216064
21217,121.216999
21218,121.217955
21219,121.218979
21220,121.219970
21221,121.221054
21222,121.222010
21223,121.223067
21224,121.224037
21225,121.224919
21226,121.225925
21227,121.226925
21228,121.228044
21229,121.228907
21230,121.229994
21231,121.231006
21232,121.232022
21233,121.233017
21234,121.233950
21235,121.235085
21236,121.236048
21237,121.237054
21238,121.238079
21239,121.239029
21240,121.240059
21241,121.240984
21242,121.241963
21243,121.242988
21244,121.244055
21245,121.245000
21246,121.246056
21247,121.247088
21248,121.248003
21249,121.248906
21250,121.250029
21251,121.251077
21252,121.252083
21253,121.252959
21254,121.254045
21255,121.254999
21256,121.256041
21257,121.257090
21258,121.258026
21259,121.259082
21260,121.259914
21261,121.261099
21262,121.261966
21263,121.262940
21264,121.263905
21265,121.265097
21266,121.266056
21267,121.267039
21268,121.268076
21269,121.268940
21270,121.270077
21271,121.270928
21272,121.272040
21273,121.272945
21274,121.273984
21275,121.274917
21276,121.275981
21277,121.277047
21278,121.278082
21279,121.279019
21280,121.279961
21281,121.281043
21282,121.282005
21283,121.283064
21284,121.284084
21285,121.285046
21286,121.285929
21287,121.286954
21288,121.288094
21289,121.288949
21290,121.290057
21291,121.290987
21292,121.291947
21293,121.293020
21294,121.293905
21295,121.294951
21296,121.296002
21297,121.296918
21298,121.297924
21299,121.298929
21300,121.299981
21301,121.300918
21302,121.302090
21303,121.302910
21304,121.303967
21305,121.304901
21306,121.305934
21307,121.306959
21308,121.307923
21309,121.308987
21310,121.309911
21311,121.311027
21312,121.311922
21313,121.313076
21314,121.313908
21315,121.315042
21316,121.315909
21317,121.316914
21318,121.317937
21319,121.319044
21320,121.319949
21321,121.320990
21322,121.321964
21323,121.323037
21324,121.323956
21325,121.324974
21326,121.326096
21327,121.326918
21328,121.327936
21329,121.329052
21330,121.329957
21331,121.330904
21332,121.332054
21333,121.333041
21334,121.333978
21335,121.335053
21336,121.335979
21337,121.337013
21338,121.338021
21339,121.338979
21340,121.339907
21341,121.340991
21342,121.342084
21343,121.342925
21344,121.344004
21345,121.345010
21346,121.345928
21347,121.346964
21348,121.347999
21349,121.348976
21350,121.349924
21351,121.351025
21352,121.351962
21353,121.352918
21354,121.353917
21355,121.355082
21356,121.356022
21357,121.356999
21358,121.358057
21359,121.358910
21360,121.359982
21361,121.361001
21362,121.362005
21363,121.362924
21364,121.363999
21365,121.364981
21366,121.366097
21367,121.366919
21368,121.367965
21369,121.369094
21370,121.369947
21371,121.370965
21372,121.372037
21373,121.373087
21374,121.373999
21375,121.374996
21376,121.376034
21377,121.376992
21378,121.378058
21379,121.379020
21380,121.380076
21381,121.380945
21382,121.381926
21383,121.382926
21384,121.383955
21385,121.385060
21386,121.385901
21387,121.386955
21388,121.387931
21389,121.388939
21390,121.390095
21391,121.391065
21392,121.392002
21393,121.392944
21394,121.394086
21395,121.395000
21396,121.396058
21397,121.397016
21398,121.397922
21399,121.399009
21400,121.399939
21401,121.400941
21402,121.401977
21403,121.403067
21404,121.404078
21405,121.404948
21406,121.406011
21407,121.406934
21408,121.407998
21409,121.408949
21410,121.409945
21411,121.411026
21412,121.411963
21413,121.412929
21414,121.414059
21415,121.415036
21416,121.415958
21417,121.417023
21418,121.417903
21419,121.419060
21420,121.420047
21421,121.420902
21422,121.421907
21423,121.422930
21424,121.424057
21425,121.424969
21426,121.426072
21427,121.427012
21428,121.427955
21429,121.429021
21430,121.429956
21431,121.430950
21432,121.432003
21433,121.433098
21434,121.434037
21435,121.435032
21436,121.435909
21437,121.436981
21438,121.437902
21439,121.439055
21440,121.439957
21441,121.441061
21442,121.441955
21443,121.443043
21444,121.444025
21445,121.445051
21446,121.445938
21447,121.447076
21448,121.447992
21449,121.449003
21450,121.449958
21451,121.450929
21452,121.452041
21453,121.453030
21454,121.454082
21455,121.454917
21456,121.456076
21457,121.456940
21458,121.457987
21459,121.458976
21460,121.460063
21461,121.460944
21462,121.461908
21463,121.463083
21464,121.463923
21465,121.464961
21466,121.466018
21467,121.467041
21468,121.467991
21469,121.468991
21470,121.470032
21471,121.471045
21472,121.472009
21473,121.472989
21474,121.473923
21475,121.475053
21476,121.475935
21477,121.476919
21478,121.478085
21479,121.479011
21480,121.480061
21481,121.480928
21482,121.482057
21483,121.483008
21484,121.483955
21485,121.484935
21486,121.486080
21487,121.486907
21488,121.488051
21489,121.488923
21490,121.490095
21491,121.490974
21492,121.492099
21493,121.493084
21494,121.494031
21495,121.495029
21496,121.495989
21497,121.496999
21498,121.497960
21499,121.499055
21500,121.499957
21501,121.501052
21502,121.501981
21503,121.502943
21504,121.503906
21505,121.505037
21506,121.505954
21507,121.507087
21508,121.507989
21509,121.508922
21510,121.510016
21511,121.511074
21512,121.511971
21513,121.512988
21514,121.513907
21515,121.514993
21516,121.515999
21517,121.517093
21518,121.518020
21519,121.519063
21520,121.520081
21521,121.520927
21522,121.522080
21523,121.523003
21524,121.524034
21525,121.524952
21526,121.525945
21527,121.526926
21528,121.528025
21529,121.529073
21530,121.530073
21531,121.531015
21532,121.531958
21533,121.532913
21534,121.533928
21535,121.535055
21536,121.535956
21537,121.537030
21538,121.537972
21539,121.538982
21540,121.539954
21541,121.540958
21542,121.541966
21543,121.543007
21544,121.544003
21545,121.545062
21546,121.545979
21547,121.547061
21548,121.548062
21549,121.548991
21550,121.549942
21551,121.551021
21552,121.552023
21553,121.553040
21554,121.553940
21555,121.555092
21556,121.555987
21557,121.557035
21558,121.557921
21559,121.558923
21560,121.559919
21561,121.561088
21562,121.562043
21563,121.562979
21564,121.563975
21565,121.565072
21566,121.565972
21567,121.566929
21568,121.567926
21569,121.569089
21570,121.570021
21571,121.570947
21572,121.572090
21573,121.572935
21574,121.573981
21575,121.575031
21576,121.576000
21577,121.576959
21578,121.577919
21579,121.579019
21580,121.580003
21581,121.580961
21582,121.581903
21583,121.583071
21584,121.584097
21585,121.584958
21586,121.586002
21587,121.587000
21588,121.587975
21589,121.588964
21590,121.590025
21591,121.591097
21592,121.592038
21593,121.592909
21594,121.593922
21595,121.594948
21596,121.595939
21597,121.596995
21598,121.597998
21599,121.598953
21600,121.599940
21601,121.601052
21602,121.601998
21603,121.603048
21604,121.604068
21605,121.604999
21606,121.606087
21607,121.607082
21608,121.608028
21609,121.609078
21610,121.610093
21611,121.610965
21612,121.612028
21613,121.613037
21614,121.613914
21615,121.615066
21616,121.616008
21617,121.617090
21618,121.618035
21619,121.618920
21620,121.620070
21621,121.620929
21622,121.622025
21623,121.623051
21624,121.623951
21625,121.625036
21626,121.626005
21627,121.626929
21628,121.627936
21629,121.628987
21630,121.630052
21631,121.630936
21632,121.632010
21633,121.633053
21634,121.633917
21635,121.635001
21636,121.635945
21637,121.637013
21638,121.638040
21639,121.639086
21640,121.639966
21641,121.640995
21642,121.642081
21643,121.642968
21644,121.644043
21645,121.644933
21646,121.646039
21647,121.646964
21648,121.647909
21649,121.649009
21650,121.650088
21651,121.650946
21652,121.651968
21653,121.653029
21654,121.653972
21655,121.654955
21656,121.656042
21657,121.657026
21658,121.657966
21659,121.658923
21660,121.660100
21661,121.660997
21662,121.661958
21663,121.662994
21664,121.663927
21665,121.664960
21666,121.665985
21667,121.666966
21668,121.667986
21669,121.668913
21670,121.669981
21671,121.671061
21672,121.671918
21673,121.672924
21674,121.674086
21675,121.675043
21676,121.675989
21677,121.677050
21678,121.677990
21679,121.679092
21680,121.679913
21681,121.680981
21682,121.681956
21683,121.682948
21684,121.684046
21685,121.685066
21686,121.685973
21687,121.686947
21688,121.687978
21689,121.689023
21690,121.689946
21691,121.690924
21692,121.691990
21693,121.693040
21694,121.694028
21695,121.695042
21696,121.695932
21697,121.696974
21698,121.698032
21699,121.698952
21700,121.700094
21701,121.701099
21702,121.701903
21703,121.703077
21704,121.703921
21705,121.704999
21706,121.706066
21707,121.707058
21708,121.708055
21709,121.709088
21710,121.709989
21711,121.711010
21712,121.712060
21713,121.713096
21714,121.714090
21715,121.714941
21716,121.715950
21717,121.717066
21718,121.717964
21719,121.718978
21720,121.719908
21721,121.720916
21722,121.722040
21723,121.723089
21724,121.724073
21725,121.724938
21726,121.726029
21727,121.726978
21728,121.728016
21729,121.729016
21730,121.730008
21731,121.730926
21732,121.732012
21733,121.733081
21734,121.733998
21735,121.734922
21736,121.736026
21737,121.736983
21738,121.737999
21739,121.738907
21740,121.740028
21741,121.741053
21742,121.742017
21743,121.743072
21744,121.743919
21745,121.744934
21746,121.745956
21747,121.747019
21748,121.747996
21749,121.748940
21750,121.749901
21751,121.750905
21752,121.752072
21753,121.753020
21754,121.754042
21755,121.754983
21756,121.755975
21757,121.756915
21758,121.758083
21759,121.759014
21760,121.759990
21761,121.761075
21762,121.762066
21763,121.763098
21764,121.764049
21765,121.765090
21766,121.765953
21767,121.766962
21768,121.767919
21769,121.769025
21770,121.769901
21771,121.770944
21772,121.771989
21773,121.773082
21774,121.773918
21775,121.775070
21776,121.776089
21777,121.777050
21778,121.777937
21779,121.779023
21780,121.779932
21781,121.780943
21782,121.781907
21783,121.783050
21784,121.784058
21785,121.784958
21786,121.786024
21787,121.787076
21788,121.787913
21789,121.789050
21790,121.790031
21791,121.791094
21792,121.791951
21793,121.793045
21794,121.793964
21795,121.795006
21796,121.795909
21797,121.796970
21798,121.797994
21799,121.799095
21800,121.799932
21801,121.800961
21802,121.802032
21803,121.803054
21804,121.804035
21805,121.804913
21806,121.806096
21807,121.807030
21808,121.808018
21809,121.809061
21810,121.810080
21811,121.811081
21812,121.812067
21813,121.813093
21814,121.813998
21815,121.814957
21816,121.815961
21817,121.816983
21818,121.817985
21819,121.818997
21820,121.820003
21821,121.821000
21822,121.821907
21823,121.822946
21824,121.823985
21825,121.824916
21826,121.826098
21827,121.827031
21828,121.827964
21829,121.829032
21830,121.830041
21831,121.830944
21832,121.831940
21833,121.832968
21834,121.834050
21835,121.834956
21836,121.836000
21837,121.836921
21838,121.837943
21839,121.838978
21840,121.840018
21841,121.841100
21842,121.841900
21843,121.843044
21844,121.843983
21845,121.844970
21846,121.846023
21847,121.847031
21848,121.847934
21849,121.849077
21850,121.849939
21851,121.851090
21852,121.852022
21853,121.852975
21854,121.853953
21855,121.855076
21856,121.856061
21857,121.857074
21858,121.858046
21859,121.859025
21860,121.860034
21861,121.861029
21862,121.861938
21863,121.863097
21864,121.863982
21865,121.864969
21866,121.865911
21867,121.866992
21868,121.868048
21869,121.869076
21870,121.869932
21871,121.870963
21872,121.872098
21873,121.872997
21874,121.873958
21875,121.874931
21876,121.876034
21877,121.877014
21878,121.878099
21879,121.878959
21880,121.880076
21881,121.880975
21882,121.882050
21883,121.882999
21884,121.883987
21885,121.884913
21886,121.886037
21887,121.887067
21888,121.887993
21889,121.889055
21890,121.889925
21891,121.890903
21892,121.891918
21893,121.893064
21894,121.894076
21895,121.894940
21896,121.896028
21897,121.897027
21898,121.897956
21899,121.898980
21900,121.900046
21901,121.901059
21902,121.902079
21903,121.903029
21904,121.904071
21905,121.905093
21906,121.906039
21907,121.907066
21908,121.907966
21909,121.908926
21910,121.910083
21911,121.911052
21912,121.912037
21913,121.912980
21914,121.914070
21915,121.914997
21916,121.916000
21917,121.917076
21918,121.917997
21919,121.919077
21920,121.919904
21921,121.921020
21922,121.921994
21923,121.922923
21924,121.924048
21925,121.924936
21926,121.925913
21927,121.927093
21928,121.927931
21929,121.928945
21930,121.929971
21931,121.931081
21932,121.931966
21933,121.933063
21934,121.933969
21935,121.935002
21936,121.936094
21937,121.936963
21938,121.938002
21939,121.939080
21940,121.939983
21941,121.940943
21942,121.942079
21943,121.943054
21944,121.943977
21945,121.944936
21946,121.946066
21947,121.947053
21948,121.947915
21949,121.948988
21950,121.949942
21951,121.950964
21952,121.952049
21953,121.952928
21954,121.954007
21955,121.955015
21956,121.955975
21957,121.956955
21958,121.958068
21959,121.959068
21960,121.960031
21961,121.961099
21962,121.961968
21963,121.963008
21964,121.963998
21965,121.965074
21966,121.965906
21967,121.966933
21968,121.967960
21969,121.968952
21970,121.969934
21971,121.970952
21972,121.972088
21973,121.972981
21974,121.973983
21975,121.974922
21976,121.975936
21977,121.976980
21978,121.977920
21979,121.979009
21980,121.980019
21981,121.980906
21982,121.981982
21983,121.982961
21984,121.983903
21985,121.984999
21986,121.985958
21987,121.986941
21988,121.987973
21989,121.988994
21990,121.989914
21991,121.991049
21992,121.991994
21993,121.993030
21994,121.994042
21995,121.994902
21996,121.996061
21997,121.997097
21998,121.998093
21999,121.998969
22000,122.000006
22001,122.000911
22002,122.001938
22003,122.002955
22004,122.003996
22005,122.004907
22006,122.005928
22007,122.007006
22008,122.008084
22009,122.008951
22010,122.009979
22011,122.010929
22012,122.012037
22013,122.013036
22014,122.013975
22015,122.015050
22016,122.015923
22017,122.017026
22018,122.017907
22019,122.018906
22020,122.019958
22021,122.020955
22022,122.021984
22023,122.022916
22024,122.023948
22025,122.025002
22026,122.026073
22027,122.027089
22028,122.027969
22029,122.028992
22030,122.029912
22031,122.030951
22032,122.032014
22033,122.032952
22034,122.034021
22035,122.034954
22036,122.035922
22037,122.036955
22038,122.037981
22039,122.038957
22040,122.040053
22041,122.040970
22042,122.042018
22043,122.043076
22044,122.044013
22045,122.045058
22046,122.046004
22047,122.047088
22048,122.048014
22049,122.048913
22050,122.049986
22051,122.051099
22052,122.052037
22053,122.053019
22054,122.054041
22055,122.055007
22056,122.055952
22057,122.057068
22058,122.057915
22059,122.059086
22060,122.060055
22061,122.061067
22062,122.061943
22063,122.062960
22064,122.063974
22065,122.064964
22066,122.065901
22067,122.066918
22068,122.067999
22069,122.069041
22070,122.069974
22071,122.070981
22072,122.071977
22073,122.072900
22074,122.073959
22075,122.075087
22076,122.075978
22077,122.077059
22078,122.077924
22079,122.078942
22080,122.080018
22081,122.080972
22082,122.082045
22083,122.083008
22084,122.083924
22085,122.085005
22086,122.086082
22087,122.086911
22088,122.087907
22089,122.088973
22090,122.090038
22091,122.090995
22092,122.092093
22093,122.093066
22094,122.094017
22095,122.094954
22096,122.096079
22097,122.096911
22098,122.098017
22099,122.098905
22100,122.099989
22101,122.100993
22102,122.101939
22103,122.102937
22104,122.103920
22105,122.104970
22106,122.105955
22107,122.106991
22108,122.108099
22109,122.108933
22110,122.110004
22111,122.111026
22112,122.112055
22113,122.112916
22114,122.114029
22115,122.114962
22116,122.116070
22117,122.116989
22118,122.118007
22119,122.118917
22120,122.120016
22121,122.121074
22122,122.121911
22123,122.123041
22124,122.123955
22125,122.125031
22126,122.126061
22127,122.127030
22128,122.127954
22129,122.129100
22130,122.130082
22131,122.130919
22132,122.132058
22133,122.133006
22134,122.133909
22135,122.135012
22136,122.135985
22137,122.137011
22138,122.137933
22139,122.138978
22140,122.139930
22141,122.140951
22142,122.142043
22143,122.143048
22144,122.143947
22145,122.144900
22146,122.146045
22147,122.147020
22148,122.148086
22149,122.149055
22150,122.150057
22151,122.151099
22152,122.152028
22153,122.152998
22154,122.154035
22155,122.154982
22156,122.156100
22157,122.157082
22158,122.157933
22159,122.158960
22160,122.159924
22161,122.161002
22162,122.162074
22163,122.162919
22164,122.163964
22165,122.164943
22166,122.166015
22167,122.167073
22168,122.168022
22169,122.168989
22170,122.169909
22171,122.171080
22172,122.172061
22173,122.172968
22174,122.174012
22175,122.175029
22176,122.176007
22177,122.176998
22178,122.177921
22179,122.178993
22180,122.179920
22181,122.181086
22182,122.182056
22183,122.183060
22184,122.184041
22185,122.185071
22186,122.185907
22187,122.187011
22188,122.187955
22189,122.189013
22190,122.189980
22191,122.190919
22192,122.192029
22193,122.193000
22194,122.193993
22195,122.195033
22196,122.196001
22197,122.197062
22198,122.198089
22199,122.198971
22200,122.200084
22201,122.201057
22202,122.202078
22203,122.203009
22204,122.203965
22205,122.204994
22206,122.206071
22207,122.206916
22208,122.208025
22209,122.208900
22210,122.210054
22211,122.210954
22212,122.211920
22213,122.213083
22214,122.213944
22215,122.214981
22216,122.216018
22217,122.217010
22218,122.218041
22219,122.219010
22220,122.219971
22221,122.221050
22222,122.221961
22223,122.223070
22224,122.224061
22225,122.225042
22226,122.226049
22227,122.226993
22228,122.227920
22229,122.229036
22230,122.230060
22231,122.231067
22232,122.231996
22233,122.232939
22234,122.234024
22235,122.235008
22236,122.236003
22237,122.236973
22238,122.237955
22239,122.238978
22240,122.240095
22241,122.241010
22242,122.242090
22243,122.242997
22244,122.244095
22245,122.244917
22246,122.245948
22247,122.246930
22248,122.248099
22249,122.249028
22250,122.249967
22251,122.250960
22252,122.251973
22253,122.252925
22254,122.254027
22255,122.255038
22256,122.256009
22257,122.257072
22258,122.258012
22259,122.259080
22260,122.259954
22261,122.260923
22262,122.261990
22263,122.262959
22264,122.264085
22265,122.265073
22266,122.266046
22267,122.267084
22268,122.268028
22269,122.268959
22270,122.270034
22271,122.270923
22272,122.271909
22273,122.273026
22274,122.274003
22275,122.274936
22276,122.276052
22277,122.276975
22278,122.278048
22279,122.279026
22280,122.279992
22281,122.281026
22282,122.282079
22283,122.282921
22284,122.283910
22285,122.285079
22286,122.285951
22287,122.286953
22288,122.287927
22289,122.289068
22290,122.289962
22291,122.290977
22292,122.291950
22293,122.292934
22294,122.294012
22295,122.295000
22296,122.296078
22297,122.297006
22298,122.297920
22299,122.299078
22300,122.299938
22301,122.301089
22302,122.302059
22303,122.302999
22304,122.304056
22305,122.305021
22306,122.305959
22307,122.307010
22308,122.307915
22309,122.309041
22310,122.310063
22311,122.310922
22312,122.312042
22313,122.312922
22314,122.314067
22315,122.315036
22316,122.316086
22317,122.316998
22318,122.317941
22319,122.318914
22320,122.320009
22321,122.321068
22322,122.322093
22323,122.322916
22324,122.324081
22325,122.325016
22326,122.326084
22327,122.327027
22328,122.327912
22329,122.328928
22330,122.330040
22331,122.331040
22332,122.332056
22333,122.332925
22334,122.334018
22335,122.334954
22336,122.335984
22337,122.337025
22338,122.338004
22339,122.339043
22340,122.339929
22341,122.340927
22342,122.341999
22343,122.342944
22344,122.343965
22345,122.345099
22346,122.346086
22347,122.346967
22348,122.347935
22349,122.349058
22350,122.349907
22351,122.351053
22352,122.352085
22353,122.352906
22354,122.354038
22355,122.355010
22356,122.356006
22357,122.357033
22358,122.357976
22359,122.359017
22360,122.359958
22361,122.361091
22362,122.361992
22363,122.363069
22364,122.364099
22365,122.365018
22366,122.366035
22367,122.367082
22368,122.367997
22369,122.368924
22370,122.369937
22371,122.371058
22372,122.372068
22373,122.373090
22374,122.374050
22375,122.375090
22376,122.376085
22377,122.377088
22378,122.378029
22379,122.378993
22380,122.379916
22381,122.381019
22382,122.381940
22383,122.383037
22384,122.383984
22385,122.385015
22386,122.385905
22387,122.387066
22388,122.388060
22389,122.389070
22390,122.390093
22391,122.390996
22392,122.392041
22393,122.393043
22394,122.394096
22395,122.395070
22396,122.396065
22397,122.397082
22398,122.397906
22399,122.398939
22400,122.400049
22401,122.400979
22402,122.401978
22403,122.403052
22404,122.403982
22405,122.405002
22406,122.406053
22407,122.406922
22408,122.408020
22409,122.408947
22410,122.410011
22411,122.411085
22412,122.411934
22413,122.413089
22414,122.414046
22415,122.414997
22416,122.415972
22417,122.417004
22418,122.417948
22419,122.418980
22420,122.420020
22421,122.420952
22422,122.422079
22423,122.423090
22424,122.423910
22425,122.425064
22426,122.425901
22427,122.426920
22428,122.427951
22429,122.428922
22430,122.429957
22431,122.431094
22432,122.431921
22433,122.433008
22434,122.433916
22435,122.435013
22436,122.435991
22437,122.437093
22438,122.437933
22439,122.439076
22440,122.439985
22441,122.440999
22442,122.442040
22443,122.443083
22444,122.443903
22445,122.445001
22446,122.445917
22447,122.447021
22448,122.448087
22449,122.448995
22450,122.450039
22451,122.451017
22452,122.452098
22453,122.453052
22454,122.454049
22455,122.455082
22456,122.455993
22457,122.456999
22458,122.457916
22459,122.458930
22460,122.460013
22461,122.460991
22462,122.462056
22463,122.463064
22464,122.464057
22465,122.464904
22466,122.465968
22467,122.466911
22468,122.468044
22469,122.468980
22470,122.470082
22471,122.471096
22472,122.472062
22473,122.473092
22474,122.474080
22475,122.474912
22476,122.476001
22477,122.476967
22478,122.477929
22479,122.479055
22480,122.479985
22481,122.481080
22482,122.481920
22483,122.483023
22484,122.484066
22485,122.485083
22486,122.486055
22487,122.487055
22488,122.487962
22489,122.489054
22490,122.490086
22491,122.491017
22492,122.492069
22493,122.493008
22494,122.493905
22495,122.495065
22496,122.495966
22497,122.497012
22498,122.497936
22499,122.499056
22500,122.499953
22501,122.501100
22502,122.501994
22503,122.502992
22504,122.504014
22505,122.505068
22506,122.506070
22507,122.507094
22508,122.507965
22509,122.509038
22510,122.509982
22511,122.510957
22512,122.512071
22513,122.513077
22514,122.513966
22515,122.515025
22516,122.516080
22517,122.517015
22518,122.518066
22519,122.519036
22520,122.520024
22521,122.520907
22522,122.521971
22523,122.522911
22524,122.523952
22525,122.525007
22526,122.526026
22527,122.527007
22528,122.528055
22529,122.529067
22530,122.529985
22531,122.530969
22532,122.532011
22533,122.533089
22534,122.534024
22535,122.534983
22536,122.536051
22537,122.536949
22538,122.537940
22539,122.538957
22540,122.540074
22541,122.541029
22542,122.542045
22543,122.543031
22544,122.544013
22545,122.544986
22546,122.546056
22547,122.546965
22548,122.548089
22549,122.549096
22550,122.549937
22551,122.551050
22552,122.552043
22553,122.553063
22554,122.553940
22555,122.555027
22556,122.555953
22557,122.557044
22558,122.558067
22559,122.559066
22560,122.559910
22561,122.561024
22562,122.561910
22563,122.562928
22564,122.564033
22565,122.564972
22566,122.565996
22567,122.567032
22568,122.567939
22569,122.568996
22570,122.569970
22571,122.570979
22572,122.571951
22573,122.573098
22574,122.574031
22575,122.574928
22576,122.575982
22577,122.577096
22578,122.578058
22579,122.579091
22580,122.580058
22581,122.580951
22582,122.581944
22583,122.583056
22584,122.583951
22585,122.585047
22586,122.586096
22587,122.587077
22588,122.587911
22589,122.588974
22590,122.589946
22591,122.590986
22592,122.592002
22593,122.593015
22594,122.594028
22595,122.595070
22596,122.595920
22597,122.597084
22598,122.598023
22599,122.598933
22600,122.599929
22601,122.600998
22602,122.601997
22603,122.603025
22604,122.603975
22605,122.604900
22606,122.606023
22607,122.606955
22608,122.608066
22609,122.608975
22610,122.610040
22611,122.611027
22612,122.612083
22613,122.612914
22614,122.614065
22615,122.614928
22616,122.615903
22617,122.616909
22618,122.618052
22619,122.618994
22620,122.620076
22621,122.621043
22622,122.622004
22623,122.623042
22624,122.623957
22625,122.625073
22626,122.625982
22627,122.627085
22628,122.627926
22629,122.629035
22630,122.630018
22631,122.630945
22632,122.632096
22633,122.633079
22634,122.633961
22635,122.634963
22636,122.636042
22637,122.637025
22638,122.638040
22639,122.638934
22640,122.639922
22641,122.641009
22642,122.642024
22643,122.643084
22644,122.644085
22645,122.644910
22646,122.646054
22647,122.646970
22648,122.647934
22649,122.648972
22650,122.650024
22651,122.651044
22652,122.652086
22653,122.653002
22654,122.654086
22655,122.654997
22656,122.656087
22657,122.657030
22658,122.657936
22659,122.658934
22660,122.659914
22661,122.661041
22662,122.662064
22663,122.663057
22664,122.664067
22665,122.664906
22666,122.665973
22667,122.666990
22668,122.668049
22669,122.669070
22670,122.670031
22671,122.671045
22672,122.671924
22673,122.673028
22674,122.673952
22675,122.675071
22676,122.675958
22677,122.677032
22678,122.677976
22679,122.679003
22680,122.679954
22681,122.681096
22682,122.681912
22683,122.682924
22684,122.683947
22685,122.685053
22686,122.685975
22687,122.687059
22688,122.688047
22689,122.689085
22690,122.690014
22691,122.690998
22692,122.691921
22693,122.692979
22694,122.694040
22695,122.695075
22696,122.695911
22697,122.696921
22698,122.698007
22699,122.698957
22700,122.699981
22701,122.701055
22702,122.701957
22703,122.703074
22704,122.703914
22705,122.704943
22706,122.705910
22707,122.707051
22708,122.707957
22709,122.709021
22710,122.709951
22711,122.710990
22712,122.711973
22713,122.712906
22714,122.713917
22715,122.714920
22716,122.715908
22717,122.717081
22718,122.718011
22719,122.718955
22720,122.719983
22721,122.720931
22722,122.721989
22723,122.722993
22724,122.724050
22725,122.725027
22726,122.726058
22727,122.726959
22728,122.727930
22729,122.729001
22730,122.730047
22731,122.730956
22732,122.732046
22733,122.732923
22734,122.734008
22735,122.735049
22736,122.735944
22737,122.737095
22738,122.737990
22739,122.739034
22740,122.739976
22741,122.741059
22742,122.741904
22743,122.742946
22744,122.744015
22745,122.745067
22746,122.746048
22747,122.746941
22748,122.747930
22749,122.749087
22750,122.749991
22751,122.750958
22752,122.752041
22753,122.753041
22754,122.753915
22755,122.754939
22756,122.756001
22757,122.756929
22758,122.758051
22759,122.759018
22760,122.760022
22761,122.761051
22762,122.761914
22763,122.763062
22764,122.763952
22765,122.765097
22766,122.765940
22767,122.766926
22768,122.767947
22769,122.769021
22770,122.769949
22771,122.771082
22772,122.772067
22773,122.772978
22774,122.773924
22775,122.774965
22776,122.775948
22777,122.776925
22778,122.778039
22779,122.778999
22780,122.780057
22781,122.780977
22782,122.782032
22783,122.782910
22784,122.783907
22785,122.785081
22786,122.785983
22787,122.787096
22788,122.788011
22789,122.788996
22790,122.790095
22791,122.790922
22792,122.792031
22793,122.792996
22794,122.794098
22795,122.794924
22796,122.795929
22797,122.796952
22798,122.797934
22799,122.799060
22800,122.799998
22801,122.800961
22802,122.802027
22803,122.803018
22804,122.804077
22805,122.805029
22806,122.805940
22807,122.806914
22808,122.807985
22809,122.808929
22810,122.809947
22811,122.811076
22812,122.811919
22813,122.813094
22814,122.814066
22815,122.815036
22816,122.816089
22817,122.817100
22818,122.818075
22819,122.818958
22820,122.820080
22821,122.820949
22822,122.822082
22823,122.823003
22824,122.823988
22825,122.824965
22826,122.825923
22827,122.827053
22828,122.828023
22829,122.829023
22830,122.829954
22831,122.830972
22832,122.832082
22833,122.833084
22834,122.834086
22835,122.835095
22836,122.835915
22837,122.836912
22838,122.838040
22839,122.839009
22840,122.840002
22841,122.840904
22842,122.842004
22843,122.842906
22844,122.843901
22845,122.844966
22846,122.846042
22847,122.847042
22848,122.848056
22849,122.848984
22850,122.850056
22851,122.850933
22852,122.852081
22853,122.853021
22854,122.853962
22855,122.854975
22856,122.856039
22857,122.856902
22858,122.857981
22859,122.858940
22860,122.860023
22861,122.860981
22862,122.861949
22863,122.863079
22864,122.864088
22865,122.865054
22866,122.866054
22867,122.866921
22868,122.867933
22869,122.869070
22870,122.870025
22871,122.871034
22872,122.871972
22873,122.873012
22874,122.874048
22875,122.875043
22876,122.875964
22877,122.877025
22878,122.877928
22879,122.878979
22880,122.880020
22881,122.881035
22882,122.882075
22883,122.883002
22884,122.883966
22885,122.885096
22886,122.886000
22887,122.887037
22888,122.887958
22889,122.888922
22890,122.889987
22891,122.890944
22892,122.892024
22893,122.893071
22894,122.893939
22895,122.895024
22896,122.896020
22897,122.896913
22898,122.898013
22899,122.898956
22900,122.899973
22901,122.900923
22902,122.902097
22903,122.903000
22904,122.904051
22905,122.904961
22906,122.905985
22907,122.907049
22908,122.907969
22909,122.909092
22910,122.910072
22911,122.910942
22912,122.912048
22913,122.913009
22914,122.913916
22915,122.915084
22916,122.916069
22917,122.916997
22918,122.918091
22919,122.919094
22920,122.920017
22921,122.920954
22922,122.922029
22923,122.922922
22924,122.924022
22925,122.924986
22926,122.925907
22927,122.927095
22928,122.927917
22929,122.928935
22930,122.930021
22931,122.931074
22932,122.931970
22933,122.933002
22934,122.933914
22935,122.935029
22936,122.935991
22937,122.936936
22938,122.937976
22939,122.939035
22940,122.940023
22941,122.940948
22942,122.941902
22943,122.942992
22944,122.944084
22945,122.945083
22946,122.946073
22947,122.947021
22948,122.948025
22949,122.948987
22950,122.950075
22951,122.950989
22952,122.951965
22953,122.952961
22954,122.953907
22955,122.955099
22956,122.956081
22957,122.956961
22958,122.957929
22959,122.959006
22960,122.960053
22961,122.960919
22962,122.962039
22963,122.962936
22964,122.964092
22965,122.964963
22966,122.965918
22967,122.967010
22968,122.968099
22969,122.968984
22970,122.970071
22971,122.970909
22972,122.972030
22973,122.973046
22974,122.973982
22975,122.975031
22976,122.976031
22977,122.977054
22978,122.978070
22979,122.978923
22980,122.979908
22981,122.980906
22982,122.982052
22983,122.983041
22984,122.984052
22985,122.985086
22986,122.985966
22987,122.987093
22988,122.988009
22989,122.988989
22990,122.990020
22991,122.991001
22992,122.992072
22993,122.992961
22994,122.994012
22995,122.994920
22996,122.996058
22997,122.996902
22998,122.997941
22999,122.998952
23000,122.999977
23001,123.001084
23002,123.002018
23003,123.002906
23004,123.004018
23005,123.004974
23006,123.006013
23007,123.006959
23008,123.008041
23009,123.009037
23010,123.009950
23011,123.011048
23012,123.011976
23013,123.012956
23014,123.013916
23015,123.015002
23016,123.016051
23017,123.017083
23018,123.017959
23019,123.019092
23020,123.019965
23021,123.021039
23022,123.021900
23023,123.023022
23024,123.023999
23025,123.024921
23026,123.026087
23027,123.027004
23028,123.028084
23029,123.028953
23030,123.029946
23031,123.031050
23032,123.032081
23033,123.032944
23034,123.033979
23035,123.035079
23036,123.036066
23037,123.037022
23038,123.038058
23039,123.038942
23040,123.040015
23041,123.041085
23042,123.042016
23043,123.042931
23044,123.043907
23045,123.045082
23046,123.045991
23047,123.046935
23048,123.048028
23049,123.048923
23050,123.050073
23051,123.051046
23052,123.051937
23053,123.053034
23054,123.053999
23055,123.055016
23056,123.056089
23057,123.057037
23058,123.058038
23059,123.058930
23060,123.060086
23061,123.061046
23062,123.061986
23063,123.062913
23064,123.064075
23065,123.065096
23066,123.065950
23067,123.067036
23068,123.068022
23069,123.068926
23070,123.070073
23071,123.071093
23072,123.071917
23073,123.073045
23074,123.073996
23075,123.075082
23076,123.075978
23077,123.076970
23078,123.078050
23079,123.078923
23080,123.079966
23081,123.080962
23082,123.082045
23083,123.083045
23084,123.083916
23085,123.085095
23086,123.085932
23087,123.086975
23088,123.088035
23089,123.089064
23090,123.089953
23091,123.091003
23092,123.091941
23093,123.093075
23094,123.093965
23095,123.094931
23096,123.096035
23097,123.096977
23098,123.098055
23099,123.098924
23100,123.099987
23101,123.100911
23102,123.101945
23103,123.103006
23104,123.103939
23105,123.104910
23106,123.105996
23107,123.107097
23108,123.107914
23109,123.109083
23110,123.110094
23111,123.110959
23112,123.112062
23113,123.113010
23114,123.113945
23115,123.115090
23116,123.115928
23117,123.117021
23118,123.118000
23119,123.119029
23120,123.120047
23121,123.121026
23122,123.121936
23123,123.123040
23124,123.123977
23125,123.125001
23126,123.126002
23127,123.127057
23128,123.128079
23129,123.128996
23130,123.130050
23131,123.131079
23132,123.131929
23133,123.133014
23134,123.133998
23135,123.134900
23136,123.136087
23137,123.136901
23138,123.137936
23139,123.139087
23140,123.139976
23141,123.141004
23142,123.141985
23143,123.143010
23144,123.144005
23145,123.144966
23146,123.145911
23147,123.146978
23148,123.147976
23149,123.149077
23150,123.150031
23151,123.151045
23152,123.151957
23153,123.152919
23154,123.153906
23155,123.155047
23156,123.155976
23157,123.157034
23158,123.158048
23159,123.159023
23160,123.159933
23161,123.160941
23162,123.161924
23163,123.162981
23164,123.163954
23165,123.165031
23166,123.165906
23167,123.166987
23168,123.167929
23169,123.169035
23170,123.170021
23171,123.170994
23172,123.171979
23173,123.173039
23174,123.174055
23175,123.175063
23176,123.176037
23177,123.177034
23178,123.177955
23179,123.178964
23180,123.179949
23181,123.180925
23182,123.181908
23183,123.183070
23184,123.184076
23185,123.185074
23186,123.186087
23187,123.187090
23188,123.188084
23189,123.189084
23190,123.190065
23191,123.191008
23192,123.192026
23193,123.193046
23194,123.193908
23195,123.194963
23196,123.196046
23197,123.196919
23198,123.198025
23199,123.198935
23200,123.199994
23201,123.200984
23202,123.201983
23203,123.202967
23204,123.204094
23205,123.204974
23206,123.205970
23207,123.207018
23208,123.207976
23209,123.208906
23210,123.210050
23211,123.211019
23212,123.211955
23213,123.212917
23214,123.213993
23215,123.214917
23216,123.215999
23217,123.217021
23218,123.217961
23219,123.218969
23220,123.220045
23221,123.221083
23222,123.221955
23223,123.222918
23224,123.223939
23225,123.224973
23226,123.226076
23227,123.227002
23228,123.228089
23229,123.228911
23230,123.229951
23231,123.231043
23232,123.232047
23233,123.233099
23234,123.233972
23235,123.235014
23236,123.235971
23237,123.237008
23238,123.238004
23239,123.239010
23240,123.240009
23241,123.241040
23242,123.242033
23243,123.243017
23244,123.244007
23245,123.245035
23246,123.245997
23247,123.246919
23248,123.247997
23249,123.248911
23250,123.250038
23251,123.250985
23252,123.252059
23253,123.252901
23254,123.254013
23255,123.255086
23256,123.256082
23257,123.256955
23258,123.257988
23259,123.259085
23260,123.260100
23261,123.260909
23262,123.261912
23263,123.263034
23264,123.264001
23265,123.265017
23266,123.265921
23267,123.267071
23268,123.267915
23269,123.269072
23270,123.270058
23271,123.271024
23272,123.271988
23273,123.272934
23274,123.274028
23275,123.274999
23276,123.275969
23277,123.276945
23278,123.278067
23279,123.279075
23280,123.280024
23281,123.281027
23282,123.282008
23283,123.282942
23284,123.283918
23285,123.285010
23286,123.286080
23287,123.287094
23288,123.288064
23289,123.288939
23290,123.289950
23291,123.290917
23292,123.292045
23293,123.292992
23294,123.293918
23295,123.295071
23296,123.296082
23297,123.296994
23298,123.297914
23299,123.298956
23300,123.300045
23301,123.301080
23302,123.301950
23303,123.302906
23304,123.304035
23305,123.305099
23306,123.305971
23307,123.306984
23308,123.307981
23309,123.309097
23310,123.309944
23311,123.310956
23312,123.312055
23313,123.313034
23314,123.314049
23315,123.315063
23316,123.315901
23317,123.316969
23318,123.318068
23319,123.318989
23320,123.319980
23321,123.321083
23322,123.321968
23323,123.322926
23324,123.324030
23325,123.325006
23326,123.326080
23327,123.327056
23328,123.327925
23329,123.328913
23330,123.330042
23331,123.330987
23332,123.331960
23333,123.332990
23334,123.334049
23335,123.335099
23336,123.335937
23337,123.336946
23338,123.338036
23339,123.339071
23340,123.339907
23341,123.340903
23342,123.341964
23343,123.342948
23344,123.344011
23345,123.345073
23346,123.346053
23347,123.347076
23348,123.347993
23349,123.349078
23350,123.349920
23351,123.351019
23352,123.351900
23353,123.352916
23354,123.354058
23355,123.354999
23356,123.355998
23357,123.357044
23358,123.358037
23359,123.358972
23360,123.359940
23361,123.361065
23362,123.362093
23363,123.362942
23364,123.364033
23365,123.365070
23366,123.365904
23367,123.366950
23368,123.368040
23369,123.368992
23370,123.370064
23371,123.371084
23372,123.372036
23373,123.373063
23374,123.374066
23375,123.375042
23376,123.375986
23377,123.376909
23378,123.377979
23379,123.378928
23380,123.380087
23381,123.381059
23382,123.382041
23383,123.383059
23384,123.384073
23385,123.384972
23386,123.385912
23387,123.386914
23388,123.388089
23389,123.389020
23390,123.389980
23391,123.390922
23392,123.391959
23393,123.393039
23394,123.394051
23395,123.395040
23396,123.395980
23397,123.396985
23398,123.397948
23399,123.399058
23400,123.399971
23401,123.400950
23402,123.401937
23403,123.402937
23404,123.404012
23405,123.405034
23406,123.405952
23407,123.406924
23408,123.407902
23409,123.409000
23410,123.410038
23411,123.410980
23412,123.412017
23413,123.412990
23414,123.413988
23415,123.415082
23416,123.416013
23417,123.416986
23418,123.417933
23419,123.418903
23420,123.420024
23421,123.421042
23422,123.422069
23423,123.422909
23424,123.423976
23425,123.425066
23426,123.426007
23427,123.426936
23428,123.427900
23429,123.429012
23430,123.429954
23431,123.431067
23432,123.431972
23433,123.432915
23434,123.434000
23435,123.435085
23436,123.435945
23437,123.436937
23438,123.437933
23439,123.439081
23440,123.439993
23441,123.441100
23442,123.442074
23443,123.442959
23444,123.443930
23445,123.444914
23446,123.445929
23447,123.446930
23448,123.448011
23449,123.449084
23450,123.450072
23451,123.451004
23452,123.451985
23453,123.452979
23454,123.454029
23455,123.454952
23456,123.456040
23457,123.456970
23458,123.457983
23459,123.458949
23460,123.460022
23461,123.460954
23462,123.461944
23463,123.462957
23464,123.464013
23465,123.465016
23466,123.465915
23467,123.467057
23468,123.467974
23469,123.468964
23470,123.470017
23471,123.471072
23472,123.471937
23473,123.472951
23474,123.473959
23475,123.475033
23476,123.476022
23477,123.476934
23478,123.478001
23479,123.478954
23480,123.480031
23481,123.480982
23482,123.482075
23483,123.483034
23484,123.483999
23485,123.484970
23486,123.486036
23487,123.487041
23488,123.488074
23489,123.488994
23490,123.489964
23491,123.491031
23492,123.492023
23493,123.492918
23494,123.493981
23495,123.495077
23496,123.496009
23497,123.497001
23498,123.498067
23499,123.499082
23500,123.500019
23501,123.501052
23502,123.502007
23503,123.502960
23504,123.503923
23505,123.505012
23506,123.505958
23507,123.506920
23508,123.507961
23509,123.508969
23510,123.510017
23511,123.510975
23512,123.511987
23513,123.513034
23514,123.513964
23515,123.514940
23516,123.516080
23517,123.517058
23518,123.517993
23519,123.518953
23520,123.519928
23521,123.520925
23522,123.521962
23523,123.523099
23524,123.524009
23525,123.524944
23526,123.526051
23527,123.527012
23528,123.527954
23529,123.529027
23530,123.529917
23531,123.531092
23532,123.531937
23533,123.532963
23534,123.534026
23535,123.535026
23536,123.536014
23537,123.537002
23538,123.538076
23539,123.539004
23540,123.540084
23541,123.541050
23542,123.542074
23543,123.542993
23544,123.543946
23545,123.544972
23546,123.545986
23547,123.547072
23548,123.547959
23549,123.548994
23550,123.549908
23551,123.551038
23552,123.551952
23553,123.552983
23554,123.554087
23555,123.555094
23556,123.556090
23557,123.557044
23558,123.557997
23559,123.558984
23560,123.560098
23561,123.561000
23562,123.561953
23563,123.563002
23564,123.564041
23565,123.565062
23566,123.566013
23567,123.566949
23568,123.567955
23569,123.569061
23570,123.570053
23571,123.571027
23572,123.572019
23573,123.573073
23574,123.574030
23575,123.575093
23576,123.576016
23577,123.576995
23578,123.577977
23579,123.578964
23580,123.579929
23581,123.581025
23582,123.581924
23583,123.582994
23584,123.583967
23585,123.584974
23586,123.585929
23587,123.587001
23588,123.588085
23589,123.588915
23590,123.590073
23591,123.590914
23592,123.592095
23593,123.592917
23594,123.593909
23595,123.594943
23596,123.596015
23597,123.597054
23598,123.597901
23599,123.598964
23600,123.599964
23601,123.601011
23602,123.601909
23603,123.603040
23604,123.603961
23605,123.604928
23606,123.605978
23607,123.607081
23608,123.607974
23609,123.608967
23610,123.609919
23611,123.611034
23612,123.612024
23613,123.613055
23614,123.614030
23615,123.615069
23616,123.616015
23617,123.617076
23618,123.618028
23619,123.619006
23620,123.620068
23621,123.621053
23622,123.622064
23623,123.622955
23624,123.623918
23625,123.624965
23626,123.626066
23627,123.627057
23628,123.628076
23629,123.628999
23630,123.629944
23631,123.631022
23632,123.631942
23633,123.632954
23634,123.633958
23635,123.634947
23636,123.636030
23637,123.636981
23638,123.638051
23639,123.638943
23640,123.639915
23641,123.640980
23642,123.641967
23643,123.643021
23644,123.643998
23645,123.645078
23646,123.646086
23647,123.646980
23648,123.648032
23649,123.649046
23650,123.649969
23651,123.651008
23652,123.652015
23653,123.653026
23654,123.654034
23655,123.654950
23656,123.656046
23657,123.657038
23658,123.658096
23659,123.658933
23660,123.660009
23661,123.661083
23662,123.662016
23663,123.663003
23664,123.663970
23665,123.664994
23666,123.665969
23667,123.666908
23668,123.668068
23669,123.668901
23670,123.670019
23671,123.670971
23672,123.671970
23673,123.672901
23674,123.673991
23675,123.675088
23676,123.676057
23677,123.676990
23678,123.678087
23679,123.679048
23680,123.680085
23681,123.680930
23682,123.681937
23683,123.683042
23684,123.684034
23685,123.684915
23686,123.685968
23687,123.686935
23688,123.687917
23689,123.688993
23690,123.689961
23691,123.690931
23692,123.692091
23693,123.692936
23694,123.694022
23695,123.694959
23696,123.695930
23697,123.696954
23698,123.698032
23699,123.699038
23700,123.700086
23701,123.701033
23702,123.702034
23703,123.703020
23704,123.703916
23705,123.705072
23706,123.706037
23707,123.707084
23708,123.708031
23709,123.708967
23710,123.710059
23711,123.711069
23712,123.712071
23713,123.713086
23714,123.714092
23715,123.714974
23716,123.715979
23717,123.716921
23718,123.718057
23719,123.719027
23720,123.719999
23721,123.720921
23722,123.722041
23723,123.722963
23724,123.723907
23725,123.724986
23726,123.726027
23727,123.726903
23728,123.728093
23729,123.729040
23730,123.729927
23731,123.730984
23732,123.731967
23733,123.732923
23734,123.733980
23735,123.735065
23736,123.736013
23737,123.736913
23738,123.738079
23739,123.739007
23740,123.739950
23741,123.741050
23742,123.742018
23743,123.742924
23744,123.743948
23745,123.745047
23746,123.745976
23747,123.746939
23748,123.748001
23749,123.748951
23750,123.749978
23751,123.750928
23752,123.752013
23753,123.752955
23754,123.753944
23755,123.754915
23756,123.755990
23757,123.756914
23758,123.757978
23759,123.758989
23760,123.760029
23761,123.761024
23762,123.762054
23763,123.762985
23764,123.763942
23765,123.764973
23766,123.765944
23767,123.767065
23768,123.768090
23769,123.768921
23770,123.770075
23771,123.771100
23772,123.771983
23773,123.772952
23774,123.773940
23775,123.774998
23776,123.775960
23777,123.777014
23778,123.777981
23779,123.779091
23780,123.780098
23781,123.781043
23782,123.782032
23783,123.782910
23784,123.783952
23785,123.785093
23786,123.786073
23787,123.787067
23788,123.787993
23789,123.789075
23790,123.789905
23791,123.790939
23792,123.791910
23793,123.792963
23794,123.793934
23795,123.795064
23796,123.796032
23797,123.796978
23798,123.797947
23799,123.798923
23800,123.800057
23801,123.801088
23802,123.801912
23803,123.803071
23804,123.803942
23805,123.805059
23806,123.806007
23807,123.806976
23808,123.807920
23809,123.808923
23810,123.810051
23811,123.811031
23812,123.811982
23813,123.813036
23814,123.814090
23815,123.814947
23816,123.815997
23817,123.816901
23818,123.818046
23819,123.819093
23820,123.820038
23821,123.820991
23822,123.821912
23823,123.823051
23824,123.824024
23825,123.824994
23826,123.826046
23827,123.827049
23828,123.828096
23829,123.828995
23830,123.830002
23831,123.830945
23832,123.831985
23833,123.833003
23834,123.833931
23835,123.834987
23836,123.835969
23837,123.837088
23838,123.837929
23839,123.838928
23840,123.839992
23841,123.841059
23842,123.842099
23843,123.842963
23844,123.843919
23845,123.844963
23846,123.846098
23847,123.847083
23848,123.847981
23849,123.849006
23850,123.850052
23851,123.850989
23852,123.852062
23853,123.852916
23854,123.853956
23855,123.854925
23856,123.855994
23857,123.856973
23858,123.858031
23859,123.859046
23860,123.860081
23861,123.860985
23862,123.862031
23863,123.862932
23864,123.864099
23865,123.864972
23866,123.866050
23867,123.866941
23868,123.868016
23869,123.869047
23870,123.870074
23871,123.870988
23872,123.872025
23873,123.873067
23874,123.873901
23875,123.875087
23876,123.875938
23877,123.876982
23878,123.878013
23879,123.879032
23880,123.880041
23881,123.880997
23882,123.882022
23883,123.883093
23884,123.884063
23885,123.885051
23886,123.885954
23887,123.887056
23888,123.887989
23889,123.889071
23890,123.889939
23891,123.890970
23892,123.891974
23893,123.893082
23894,123.894064
23895,123.894914
23896,123.895989
23897,123.896959
23898,123.898083
23899,123.899085
23900,123.900090
23901,123.900960
23902,123.902081
23903,123.903046
23904,123.904094
23905,123.905000
23906,123.906091
23907,123.907056
23908,123.907964
23909,123.909092
23910,123.910025
23911,123.910951
23912,123.911926
23913,123.913030
23914,123.914028
23915,123.915011
23916,123.916017
23917,123.916999
23918,123.918058
23919,123.918947
23920,123.920013
23921,123.920930
23922,123.921948
23923,123.923093
23924,123.923917
23925,123.925021
23926,123.926032
23927,123.926942
23928,123.928086
23929,123.929041
23930,123.930019
23931,123.931075
23932,123.932089
23933,123.933098
23934,123.933919
23935,123.934914
23936,123.936059
23937,123.936928
23938,123.938010
23939,123.939027
23940,123.940018
23941,123.941028
23942,123.941973
23943,123.942936
23944,123.944031
23945,123.945033
23946,123.946026
23947,123.946951
23948,123.948003
23949,123.949073
23950,123.949995
23951,123.950905
23952,123.952081
23953,123.952960
23954,123.953988
23955,123.954928
23956,123.955956
23957,123.957001
23958,123.957955
23959,123.958903
23960,123.959996
23961,123.961074
23962,123.961951
23963,123.963036
23964,123.964099
23965,123.964995
23966,123.966086
23967,123.966915
23968,123.967949
23969,123.969018
23970,123.969969
23971,123.971008
23972,123.972003
23973,123.972933
23974,123.973947
23975,123.974967
23976,123.975921
23977,123.976920
23978,123.978085
23979,123.979038
23980,123.979971
23981,123.981047
23982,123.981918
23983,123.982989
23984,123.983949
23985,123.985004
23986,123.986083
23987,123.986998
23988,123.988015
23989,123.988913
23990,123.990081
23991,123.990958
23992,123.992049
23993,123.992955
23994,123.993947
23995,123.995086
23996,123.995971
23997,123.997006
23998,123.998095
23999,123.999063
24000,123.999952
24001,124.000919
24002,124.001933
24003,124.002909
24004,124.003935
24005,124.005011
24006,124.005962
24007,124.006975
24008,124.007939
24009,124.008958
24010,124.009973
24011,124.011032
24012,124.012043
24013,124.012962
24014,124.013967
24015,124.014939
24016,124.016069
24017,124.016993
24018,124.018036
24019,124.019091
24020,124.019988
24021,124.021039
24022,124.021949
24023,124.022964
24024,124.023929
24025,124.025097
24026,124.025978
24027,124.026960
24028,124.027988
24029,124.028953
24030,124.030063
24031,124.031051
24032,124.031901
24033,124.033088
24034,124.034055
24035,124.035040
24036,124.035988
24037,124.037020
24038,124.037928
24039,124.039057
24040,124.039906
24041,124.040937
24042,124.042083
24043,124.042976
24044,124.044058
24045,124.045017
24046,124.046050
24047,124.046926
24048,124.048069
24049,124.049026
24050,124.050000
24051,124.050949
24052,124.052093
24053,124.052929
24054,124.054097
24055,124.054922
24056,124.056086
24057,124.056929
24058,124.058010
24059,124.059043
24060,124.059904
24061,124.061002
24062,124.061908
24063,124.062945
24064,124.063910
24065,124.064924
24066,124.065986
24067,124.067071
24068,124.068055
24069,124.068950
24070,124.070099
24071,124.070995
24072,124.072039
24073,124.073087
24074,124.074092
24075,124.075012
24076,124.075911
24077,124.077005
24078,124.078072
24079,124.078902
24080,124.079918
24081,124.081069
24082,124.081998
24083,124.082953
24084,124.083906
24085,124.085078
24086,124.086060
24087,124.087055
24088,124.088086
24089,124.089026
24090,124.089948
24091,124.090985
24092,124.092006
24093,124.092942
24094,124.094023
24095,124.095044
24096,124.095923
24097,124.096907
24098,124.098025
24099,124.098914
24100,124.099917
24101,124.101014
24102,124.102055
24103,124.103028
24104,124.103922
24105,124.105053
24106,124.105995
24107,124.106950
24108,124.108024
24109,124.108914
24110,124.109927
24111,124.110951
24112,124.111918
24113,124.112995
24114,124.113912
24115,124.114911
24116,124.115907
24117,124.117097
24118,124.117988
24119,124.118933
24120,124.119985
24121,124.120931
24122,124.122094
24123,124.123093
24124,124.124072
24125,124.125034
24126,124.126023
24127,124.126979
24128,124.128064
24129,124.128957
24130,124.130042
24131,124.130988
24132,124.132059
24133,124.132958
24134,124.133947
24135,124.135069
24136,124.135991
24137,124.137090
24138,124.137981
24139,124.138983
24140,124.139970
24141,124.140948
24142,124.141910
24143,124.142961
24144,124.143978
24145,124.145032
24146,124.146095
24147,124.146925
24148,124.147930
24149,124.148917
24150,124.150011
24151,124.151066
24152,124.151942
24153,124.152963
24154,124.154027
24155,124.154902
24156,124.156058
24157,124.156996
24158,124.157995
24159,124.158924
24160,124.159922
24161,124.160978
24162,124.161941
24163,124.163081
24164,124.164052
24165,124.164959
24166,124.165978
24167,124.166996
24168,124.168094
24169,124.169084
24170,124.170065
24171,124.171018
24172,124.172084
24173,124.172940
24174,124.174018
24175,124.174913
24176,124.175993
24177,124.177073
24178,124.178061
24179,124.179043
24180,124.179960
24181,124.180940
24182,124.182065
24183,124.182928
24184,124.184099
24185,124.184941
24186,124.185972
24187,124.186970
24188,124.188009
24189,124.188985
24190,124.189913
24191,124.190994
24192,124.192034
24193,124.193046
24194,124.193960
24195,124.194980
24196,124.196078
24197,124.197016
24198,124.198073
24199,124.199088
24200,124.199901
24201,124.200971
24202,124.201977
24203,124.203017
24204,124.204081
24205,124.204915
24206,124.206014
24207,124.207044
24208,124.208044
24209,124.208978
24210,124.209973
24211,124.211028
24212,124.211906
24213,124.212913
24214,124.214067
24215,124.215093
24216,124.215969
24217,124.216928
24218,124.217929
24219,124.219014
24220,124.219994
24221,124.220964
24222,124.221949
24223,124.222974
24224,124.223965
24225,124.224998
24226,124.225931
24227,124.226930
24228,124.227979
24229,124.229036
24230,124.229931
24231,124.231002
24232,124.231933
24233,124.233079
24234,124.234007
24235,124.234961
24236,124.235997
24237,124.237037
24238,124.237995
24239,124.238932
24240,124.240094
24241,124.241071
24242,124.242070
24243,124.242904
24244,124.243953
24245,124.245058
24246,124.246099
24247,124.246965
24248,124.248040
24249,124.249049
24250,124.249991
24251,124.250956
24252,124.251954
24253,124.253092
24254,124.253912
24255,124.255067
24256,124.255994
24257,124.256969
24258,124.257948
24259,124.258939
24260,124.259962
24261,124.261049
24262,124.261963
24263,124.262921
24264,124.264096
24265,124.264951
24266,124.266074
24267,124.267063
24268,124.268014
24269,124.269059
24270,124.269959
24271,124.270941
24272,124.272078
24273,124.272946
24274,124.273967
24275,124.275090
24276,124.276082
24277,124.276971
24278,124.278027
24279,124.278954
24280,124.279982
24281,124.280940
24282,124.281976
24283,124.283006
24284,124.283904
24285,124.284984
24286,124.285935
24287,124.286963
24288,124.288063
24289,124.289006
24290,124.290008
24291,124.291090
24292,124.292028
24293,124.292931
24294,124.294003
24295,124.295010
24296,124.296004
24297,124.297057
24298,124.298015
24299,124.298914
24300,124.300046
24301,124.301013
24302,124.302028
24303,124.302981
24304,124.303926
24305,124.304989
24306,124.305947
24307,124.307061
24308,124.308003
24309,124.308938
24310,124.310097
24311,124.311015
24312,124.312020
24313,124.312932
24314,124.314073
24315,124.315029
24316,124.315979
24317,124.317036
24318,124.317931
24319,124.318909
24320,124.319908
24321,124.321040
24322,124.322057
24323,124.323006
24324,124.323923
24325,124.325004
24326,124.325988
24327,124.327076
24328,124.328035
24329,124.328948
24330,124.329907
24331,124.330950
24332,124.331947
24333,124.333077
24334,124.333918
24335,124.334929
24336,124.335986
24337,124.337096
24338,124.338075
24339,124.339028
24340,124.340093
24341,124.341094
24342,124.341940
24343,124.343086
24344,124.344044
24345,124.344925
24346,124.346090
24347,124.346966
24348,124.348044
24349,124.349053
24350,124.349983
24351,124.350940
24352,124.351938
24353,124.352948
24354,124.353929
24355,124.354961
24356,124.356009
24357,124.357077
24358,124.358054
24359,124.358937
24360,124.360068
24361,124.361086
24362,124.362050
24363,124.363017
24364,124.363938
24365,124.365064
24366,124.366079
24367,124.366927
24368,124.368083
24369,124.369067
24370,124.370085
24371,124.371038
24372,124.372044
24373,124.373013
24374,124.374017
24375,124.374998
24376,124.375979
24377,124.377065
24378,124.378014
24379,124.378959
24380,124.380061
24381,124.380972
24382,124.381935
24383,124.382903
24384,124.383962
24385,124.384989
24386,124.385966
24387,124.387042
24388,124.388009
24389,124.389037
24390,124.390090
24391,124.391042
24392,124.392070
24393,124.392945
24394,124.394064
24395,124.394923
24396,124.396028
24397,124.396980
24398,124.397927
24399,124.399047
24400,124.400056
24401,124.400900
24402,124.402007
24403,124.403069
24404,124.404079
24405,124.404968
24406,124.405928
24407,124.407000
24408,124.407995
24409,124.408930
24410,124.410066
24411,124.411071
24412,124.411989
24413,124.412915
24414,124.413992
24415,124.414964
24416,124.415985
24417,124.416912
24418,124.418051
24419,124.419006
24420,124.419956
24421,124.420950
24422,124.421977
24423,124.423047
24424,124.424090
24425,124.424951
24426,124.425920
24427,124.427091
24428,124.427906
24429,124.428969
24430,124.429903
24431,124.431012
24432,124.431946
24433,124.432907
24434,124.434081
24435,124.435028
24436,124.436021
24437,124.436987
24438,124.437994
24439,124.438919
24440,124.439929
24441,124.441020
24442,124.441988
24443,124.443068
24444,124.443964
24445,124.444933
24446,124.446074
24447,124.447062
24448,124.448074
24449,124.449065
24450,124.450089
24451,124.450998
24452,124.452060
24453,124.452901
24454,124.453950
24455,124.455035
24456,124.456051
24457,124.456953
24458,124.458067
24459,124.458977
24460,124.460032
24461,124.461090
24462,124.462080
24463,124.463094
24464,124.463917
24465,124.464991
24466,124.465970
24467,124.466927
24468,124.467919
24469,124.468998
24470,124.469992
24471,124.471066
24472,124.471923
24473,124.472938
24474,124.473911
24475,124.475085
24476,124.476086
24477,124.477070
24478,124.478082
24479,124.479010
24480,124.480089
24481,124.481099
24482,124.481976
24483,124.482914
24484,124.483995
24485,124.485013
24486,124.485938
24487,124.487047
24488,124.487968
24489,124.489059
24490,124.489902
24491,124.490962
24492,124.492031
24493,124.493006
24494,124.494075
24495,124.494950
24496,124.496093
24497,124.497058
24498,124.497963
24499,124.499068
24500,124.500028
24501,124.501046
24502,124.501939
24503,124.502993
24504,124.503903
24505,124.505099
24506,124.505986
24507,124.506995
24508,124.508049
24509,124.509026
24510,124.509961
24511,124.511020
24512,124.512094
24513,124.513046
24514,124.514071
24515,124.515017
24516,124.515965
24517,124.516959
24518,124.518027
24519,124.519019
24520,124.519989
24521,124.521098
24522,124.522032
24523,124.523015
24524,124.523951
24525,124.524959
24526,124.525909
24527,124.526918
24528,124.527989
24529,124.529097
24530,124.530042
24531,124.530909
24532,124.532016
24533,124.533021
24534,124.533995
24535,124.534904
24536,124.535929
24537,124.536954
24538,124.538083
24539,124.539052
24540,124.539992
24541,124.541010
24542,124.542094
24543,124.543077
24544,124.543910
24545,124.544973
24546,124.545967
24547,124.547004
24548,124.548062
24549,124.549039
24550,124.549994
24551,124.550916
24552,124.551953
24553,124.553010
24554,124.554006
24555,124.554959
24556,124.556100
24557,124.556981
24558,124.558056
24559,124.559033
24560,124.560024
24561,124.560929
24562,124.561944
24563,124.563025
24564,124.563929
24565,124.564932
24566,124.565942
24567,124.567047
24568,124.567933
24569,124.569035
24570,124.570028
24571,124.571004
24572,124.572012
24573,124.572952
24574,124.573918
24575,124.575070
24576,124.576040
24577,124.577031
24578,124.577901
24579,124.579052
24580,124.580013
24581,124.581042
24582,124.581990
24583,124.582972
24584,124.584054
24585,124.584981
24586,124.586050
24587,124.587069
24588,124.587964
24589,124.588976
24590,124.590068
24591,124.591025
24592,124.591989
24593,124.593068
24594,124.594049
24595,124.594971
24596,124.596088
24597,124.596943
24598,124.598064
24599,124.599038
24600,124.599910
24601,124.601005
24602,124.601900
24603,124.602953
24604,124.604070
24605,124.605071
24606,124.606022
24607,124.606921
24608,124.607903
24609,124.609070
24610,124.610045
24611,124.611055
24612,124.611915
24613,124.612951
24614,124.614024
24615,124.614988
24616,124.616076
24617,124.616994
24618,124.617993
24619,124.618943
24620,124.620000
24621,124.621009
24622,124.622021
24623,124.623008
24624,124.624014
24625,124.624939
24626,124.626008
24627,124.627001
24628,124.627986
24629,124.629025
24630,124.630049
24631,124.630923
24632,124.632065
24633,124.632966
24634,124.634067
24635,124.634953
24636,124.636036
24637,124.636922
24638,124.637987
24639,124.638952
24640,124.640096
24641,124.641021
24642,124.642014
24643,124.642957
24644,124.643913
24645,124.644934
24646,124.645950
24647,124.646961
24648,124.648055
24649,124.648945
24650,124.650010
24651,124.650953
24652,124.651990
24653,124.653084
24654,124.653924
24655,124.655068
24656,124.656090
24657,124.657096
24658,124.657996
24659,124.658981
24660,124.659984
24661,124.660991
24662,124.662060
24663,124.662982
24664,124.664000
24665,124.665083
24666,124.665940
24667,124.667087
24668,124.668053
24669,124.668924
24670,124.669992
24671,124.671020
24672,124.671980
24673,124.673018
24674,124.674055
24675,124.675064
24676,124.676063
24677,124.677033
24678,124.678099
24679,124.679089
24680,124.679995
24681,124.681029
24682,124.682083
24683,124.683005
24684,124.684001
24685,124.684992
24686,124.685942
24687,124.687080
24688,124.688053
24689,124.689093
24690,124.690019
24691,124.690911
24692,124.691963
24693,124.692991
24694,124.693914
24695,124.695024
24696,124.696046
24697,124.696999
24698,124.697998
24699,124.698924
24700,124.699916
24701,124.700920
24702,124.702014
24703,124.703029
24704,124.704068
24705,124.705043
24706,124.705990
24707,124.706961
24708,124.708039
24709,124.708997
24710,124.710047
24711,124.711033
24712,124.712069
24713,124.713047
24714,124.713929
24715,124.714934
24716,124.716061
24717,124.716926
24718,124.717954
24719,124.718932
24720,124.720065
24721,124.720970
24722,124.722085
24723,124.722953
24724,124.723996
24725,124.724976
24726,124.726056
24727,124.727002
24728,124.728046
24729,124.728938
24730,124.729950
24731,124.730902
24732,124.732076
24733,124.733026
24734,124.734007
24735,124.734922
24736,124.736064
24737,124.736901
24738,124.738062
24739,124.738937
24740,124.740009
24741,124.740998
24742,124.741947
24743,124.742907
24744,124.744017
24745,124.744989
24746,124.746065
24747,124.746954
24748,124.747977
24749,124.749086
24750,124.749922
24751,124.750973
24752,124.752059
24753,124.753008
24754,124.754048
24755,124.754978
24756,124.755959
24757,124.757000
24758,124.757924
24759,124.758962
24760,124.760041
24761,124.761003
24762,124.762009
24763,124.763098
24764,124.764035
24765,124.764925
24766,124.765943
24767,124.767087
24768,124.768071
24769,124.768940
24770,124.769971
24771,124.771054
24772,124.772024
24773,124.773084
24774,124.773995
24775,124.774930
24776,124.775981
24777,124.777085
24778,124.778088
24779,124.778989
24780,124.780038
24781,124.780914
24782,124.781946
24783,124.783091
24784,124.783957
24785,124.785036
24786,124.785911
24787,124.787012
24788,124.787969
24789,124.789049
24790,124.789972
24791,124.790980
24792,124.792030
24793,124.793037
24794,124.793960
24795,124.795067
24796,124.795942
24797,124.797014
24798,124.798085
24799,124.799068
24800,124.799967
24801,124.800998
24802,124.802015
24803,124.803004
24804,124.803924
24805,124.805099
24806,124.806042
24807,124.806978
24808,124.808068
24809,124.808984
24810,124.809968
24811,124.811044
24812,124.812085
24813,124.812902
24814,124.813944
24815,124.815044
24816,124.815918
24817,124.816920
24818,124.817940
24819,124.819000
24820,124.819904
24821,124.820938
24822,124.821939
24823,124.822924
24824,124.824072
24825,124.825085
24826,124.826071
24827,124.826927
24828,124.828095
24829,124.828919
24830,124.829983
24831,124.830955
24832,124.831916
24833,124.833096
24834,124.834010
24835,124.834961
24836,124.836001
24837,124.837018
24838,124.837978
24839,124.839094
24840,124.839957
24841,124.841061
24842,124.841975
24843,124.843074
24844,124.844043
24845,124.844961
24846,124.845971
24847,124.847002
24848,124.848015
24849,124.849092
24850,124.849945
24851,124.851010
24852,124.852036
24853,124.853057
24854,124.854000
24855,124.855071
24856,124.856010
24857,124.857029
24858,124.857969
24859,124.858972
24860,124.859938
24861,124.861024
24862,124.861940
24863,124.863005
24864,124.863914
24865,124.864965
24866,124.866024
24867,124.867076
24868,124.867901
24869,124.868927
24870,124.869906
24871,124.870962
24872,124.872079
24873,124.873079
24874,124.873920
24875,124.875015
24876,124.875956
24877,124.876905
24878,124.878027
24879,124.879007
24880,124.879973
24881,124.880999
24882,124.882036
24883,124.882965
24884,124.884093
24885,124.885071
24886,124.886072
24887,124.887075
24888,124.888008
24889,124.889041
24890,124.889903
24891,124.890956
24892,124.891949
24893,124.893086
24894,124.893940
24895,124.894933
24896,124.895912
24897,124.896928
24898,124.897977
24899,124.898984
24900,124.899963
24901,124.901091
24902,124.901985
24903,124.903000
24904,124.904050
24905,124.905041
24906,124.906078
24907,124.906976
24908,124.907959
24909,124.908971
24910,124.910075
24911,124.910942
24912,124.911900
24913,124.912930
24914,124.913985
24915,124.915028
24916,124.916057
24917,124.916979
24918,124.917950
24919,124.919094
24920,124.920077
24921,124.921073
24922,124.922059
24923,124.922956
24924,124.923969
24925,124.924948
24926,124.925935
24927,124.927095
24928,124.928026
24929,124.928969
24930,124.930053
24931,124.931040
24932,124.932012
24933,124.932987
24934,124.934041
24935,124.935056
24936,124.936058
24937,124.936906
24938,124.937920
24939,124.938981
24940,124.939911
24941,124.940951
24942,124.941971
24943,124.943031
24944,124.943926
24945,124.944940
24946,124.946030
24947,124.947052
24948,124.948058
24949,124.948963
24950,124.950087
24951,124.950954
24952,124.952007
24953,124.952996
24954,124.954001
24955,124.954954
24956,124.956063
24957,124.956932
24958,124.958037
24959,124.958943
24960,124.960078
24961,124.960959
24962,124.962081
24963,124.963053
24964,124.963913
24965,124.964979
24966,124.966082
24967,124.966996
24968,124.968043
24969,124.968949
24970,124.970021
24971,124.970916
24972,124.972037
24973,124.972916
24974,124.974003
24975,124.974962
24976,124.976093
24977,124.976943
24978,124.977985
24979,124.979039
24980,124.979922
24981,124.980917
24982,124.981965
24983,124.982988
24984,124.983975
24985,124.984925
24986,124.985903
24987,124.986995
24988,124.987928
24989,124.989020
24990,124.989941
24991,124.990926
24992,124.992065
24993,124.993059
24994,124.994000
24995,124.994979
24996,124.996045
24997,124.996968
24998,124.998040
24999,124.998998
25000,125.000068
25001,125.001039
25002,125.001995
25003,125.003019
25004,125.004034
25005,125.004910
25006,125.006041
25007,125.006982
25008,125.008016
25009,125.008979
25010,125.009997
25011,125.010954
25012,125.011931
25013,125.013029
25014,125.014082
25015,125.015029
25016,125.015996
25017,125.016999
25018,125.017900
25019,125.019022
25020,125.020044
25021,125.020929
25022,125.022014
25023,125.023021
25024,125.024006
25025,125.024983
25026,125.026037
25027,125.026927
25028,125.028062
25029,125.029039
25030,125.030013
25031,125.030901
25032,125.032059
25033,125.032968
25034,125.033901
25035,125.035098
25036,125.035996
25037,125.037000
25038,125.037956
25039,125.039043
25040,125.039930
25041,125.041039
25042,125.041996
25043,125.042945
25044,125.043994
25045,125.045018
25046,125.045993
25047,125.046977
25048,125.047941
25049,125.048995
25050,125.050081
25051,125.051029
25052,125.051932
25053,125.053065
25054,125.054057
25055,125.054980
25056,125.056100
25057,125.056981
25058,125.057984
25059,125.059014
25060,125.059931
25061,125.061026
25062,125.062017
25063,125.063040
25064,125.064040
25065,125.065063
25066,125.066078
25067,125.067016
25068,125.068097
25069,125.069061
25070,125.069977
25071,125.071063
25072,125.072039
25073,125.073092
25074,125.074000
25075,125.075097
25076,125.075945
25077,125.076999
25078,125.077941
25079,125.079011
25080,125.080068
25081,125.080947
25082,125.081950
25083,125.083026
25084,125.083936
25085,125.085080
25086,125.085999
25087,125.086973
25088,125.087966
25089,125.089068
25090,125.090086
25091,125.091067
25092,125.092013
25093,125.092986
25094,125.094041
25095,125.095012
25096,125.096026
25097,125.097082
25098,125.097991
25099,125.098950
25100,125.099971
25101,125.101024
25102,125.102091
25103,125.103054
25104,125.103976
25105,125.104987
25106,125.105979
25107,125.107098
25108,125.108003
25109,125.109030
25110,125.109949
25111,125.110988
25112,125.111975
25113,125.112980
25114,125.113922
25115,125.115008
25116,125.116057
25117,125.116905
25118,125.118071
25119,125.119019
25120,125.119923
25121,125.121057
25122,125.122004
25123,125.122955
25124,125.123900
25125,125.125052
25126,125.126030
25127,125.126968
25128,125.128015
25129,125.128908
25130,125.130057
25131,125.130993
25132,125.131938
25133,125.132957
25134,125.134072
25135,125.135074
25136,125.135949
25137,125.137054
25138,125.137978
25139,125.138920
25140,125.140085
25141,125.141022
25142,125.141927
25143,125.143079
25144,125.144076
25145,125.144916
25146,125.145954
25147,125.147027
25148,125.147935
25149,125.148973
25150,125.149966
25151,125.150975
25152,125.151993
25153,125.152917
25154,125.153902
25155,125.154942
25156,125.155942
25157,125.157054
25158,125.157944
25159,125.159072
25160,125.160056
25161,125.161008
25162,125.161971
25163,125.163075
25164,125.163989
25165,125.165077
25166,125.166062
25167,125.167033
25168,125.168014
25169,125.168946
25170,125.169941
25171,125.170968
25172,125.171977
25173,125.173048
25174,125.173911
25175,125.174952
25176,125.176093
25177,125.177062
25178,125.177987
25179,125.179028
25180,125.180080
25181,125.180956
25182,125.181949
25183,125.182965
25184,125.184077
25185,125.184933
25186,125.185904
25187,125.187060
25188,125.188098
25189,125.188942
25190,125.189961
25191,125.191099
25192,125.191972
25193,125.193008
25194,125.194071
25195,125.194905
25196,125.196091
25197,125.196943
25198,125.197962
25199,125.199081
25200,125.199973
25201,125.200996
25202,125.201916
25203,125.202923
25204,125.203989
25205,125.204934
25206,125.205911
25207,125.207082
25208,125.207929
25209,125.208933
25210,125.209958
25211,125.211074
25212,125.211927
25213,125.213087
25214,125.213923
25215,125.215050
25216,125.215995
25217,125.216942
25218,125.218075
25219,125.218983
25220,125.219999
25221,125.220973
25222,125.222017
25223,125.223044
25224,125.223999
25225,125.224958
25226,125.225994
25227,125.226930
25228,125.228057
25229,125.228936
25230,125.229903
25231,125.231046
25232,125.231975
25233,125.232906
25234,125.234100
25235,125.234976
25236,125.236079
25237,125.236962
25238,125.237932
25239,125.238908
25240,125.239963
25241,125.240958
25242,125.242075
25243,125.242930
25244,125.244063
25245,125.244923
25246,125.245904
25247,125.247002
25248,125.248013
25249,125.249072
25250,125.249912
25251,125.251000
25252,125.252014
25253,125.252903
25254,125.253989
25255,125.255044
25256,125.256078
25257,125.257081
25258,125.257962
25259,125.259087
25260,125.260004
25261,125.261029
25262,125.262051
25263,125.263047
25264,125.264016
25265,125.264954
25266,125.266076
25267,125.266959
25268,125.267961
25269,125.269012
25270,125.269924
25271,125.270931
25272,125.271976
25273,125.272948
25274,125.273903
25275,125.274999
25276,125.276040
25277,125.276954
25278,125.277990
25279,125.278989
25280,125.279961
25281,125.280971
25282,125.281972
25283,125.283029
25284,125.283918
25285,125.285016
25286,125.286025
25287,125.286962
25288,125.288033
25289,125.288900
25290,125.289933
25291,125.290989
25292,125.292012
25293,125.293076
25294,125.294052
25295,125.294922
25296,125.296064
25297,125.297050
25298,125.298082
25299,125.299015
25300,125.299971
25301,125.301038
25302,125.302009
25303,125.303093
25304,125.304032
25305,125.304904
25306,125.306087
25307,125.306982
25308,125.307963
25309,125.309002
25310,125.310073
25311,125.310957
25312,125.312085
25313,125.313020
25314,125.314067
25315,125.314986
25316,125.315978
25317,125.317095
25318,125.317906
25319,125.318944
25320,125.319982
25321,125.320953
25322,125.322052
25323,125.322980
25324,125.323951
25325,125.325009
25326,125.326061
25327,125.327091
25328,125.328074
25329,125.328931
25330,125.330031
25331,125.331057
25332,125.332073
25333,125.333006
25334,125.334014
25335,125.334913
25336,125.336071
25337,125.337039
25338,125.338061
25339,125.338956
25340,125.339993
25341,125.340959
25342,125.342041
25343,125.342935
25344,125.343970
25345,125.345038
25346,125.345969
25347,125.347049
25348,125.347927
25349,125.348913
25350,125.349938
25351,125.350969
25352,125.352010
25353,125.353004
25354,125.353924
25355,125.355023
25356,125.356047
25357,125.357068
25358,125.357955
25359,125.359061
25360,125.359932
25361,125.361050
25362,125.362049
25363,125.363053
25364,125.364055
25365,125.364978
25366,125.365906
25367,125.366926
25368,125.367920
25369,125.369075
25370,125.369924
25371,125.370909
25372,125.371921
25373,125.372961
25374,125.373912
25375,125.374930
25376,125.376092
25377,125.377090
25378,125.378088
25379,125.379001
25380,125.380038
25381,125.380947
25382,125.381954
25383,125.382983
25384,125.383941
25385,125.384953
25386,125.385916
25387,125.387092
25388,125.388074
25389,125.389016
25390,125.389955
25391,125.391079
25392,125.391970
25393,125.393094
25394,125.393931
25395,125.395004
25396,125.396020
25397,125.396901
25398,125.397906
25399,125.398949
25400,125.400096
25401,125.401025
25402,125.402032
25403,125.402992
25404,125.404058
25405,125.404990
25406,125.406070
25407,125.407032
25408,125.407948
25409,125.408950
25410,125.409999
25411,125.410949
25412,125.412098
25413,125.413083
25414,125.413933
25415,125.414980
25416,125.416016
25417,125.416956
25418,125.418011
25419,125.419093
25420,125.419953
25421,125.421089
25422,125.421961
25423,125.423034
25424,125.423970
25425,125.424988
25426,125.426047
25427,125.427090
25428,125.428049
25429,125.429085
25430,125.429968
25431,125.431030
25432,125.431905
25433,125.433031
25434,125.434086
25435,125.435071
25436,125.435945
25437,125.436971
25438,125.438047
25439,125.439056
25440,125.439926
25441,125.440933
25442,125.442004
25443,125.442956
25444,125.443905
25445,125.445076
25446,125.445994
25447,125.447078
25448,125.448027
25449,125.448985
25450,125.450088
25451,125.450928
25452,125.451970
25453,125.453035
25454,125.454097
25455,125.454977
25456,125.456019
25457,125.457099
25458,125.458048
25459,125.459090
25460,125.460035
25461,125.461050
25462,125.462061
25463,125.462953
25464,125.463938
25465,125.464940
25466,125.466087
25467,125.466996
25468,125.467956
25469,125.469088
25470,125.470049
25471,125.471022
25472,125.472066
25473,125.473037
25474,125.474077
25475,125.475060
25476,125.476071
25477,125.477009
25478,125.478054
25479,125.478904
25480,125.480067
25481,125.480919
25482,125.481927
25483,125.483060
25484,125.483971
25485,125.485046
25486,125.486029
25487,125.486953
25488,125.488024
25489,125.489080
25490,125.489991
25491,125.490972
25492,125.492017
25493,125.493044
25494,125.494002
25495,125.494995
25496,125.495996
25497,125.497081
25498,125.497965
25499,125.498991
25500,125.499955
25501,125.500901
25502,125.501998
25503,125.503066
25504,125.504076
25505,125.504906
25506,125.505993
25507,125.506920
25508,125.507977
25509,125.509011
25510,125.510057
25511,125.510913
25512,125.511964
25513,125.513092
25514,125.514034
25515,125.515002
25516,125.516024
25517,125.516965
25518,125.517914
25519,125.518983
25520,125.520095
25521,125.520909
25522,125.522097
25523,125.523096
25524,125.524074
25525,125.524949
25526,125.525913
25527,125.526936
25528,125.527956
25529,125.529020
25530,125.530086
25531,125.531094
25532,125.531928
25533,125.533040
25534,125.533935
25535,125.534921
25536,125.535992
25537,125.536931
25538,125.537992
25539,125.539014
25540,125.539978
25541,125.540981
25542,125.541918
25543,125.542958
25544,125.543962
25545,125.545090
25546,125.546066
25547,125.547094
25548,125.547998
25549,125.548919
25550,125.550099
25551,125.551065
25552,125.551964
25553,125.553035
25554,125.554091
25555,125.554927
25556,125.555969
25557,125.557079
25558,125.557957
25559,125.559096
25560,125.560072
25561,125.560989
25562,125.562006
25563,125.562947
25564,125.563917
25565,125.565066
25566,125.565967
25567,125.566942
25568,125.567997
25569,125.569035
25570,125.569908
25571,125.571009
25572,125.571951
25573,125.573006
25574,125.573908
25575,125.575007
25576,125.575983
25577,125.577062
25578,125.577961
25579,125.579079
25580,125.580039
25581,125.580939
25582,125.582031
25583,125.583002
25584,125.583940
25585,125.584961
25586,125.585981
25587,125.586924
25588,125.587978
25589,125.588973
25590,125.590068
25591,125.591048
25592,125.592026
25593,125.593059
25594,125.593909
25595,125.595095
25596,125.595926
25597,125.597012
25598,125.597924
25599,125.599033
25600,125.599903
25601,125.600919
25602,125.602010
25603,125.603056
25604,125.603976
25605,125.604970
25606,125.605936
25607,125.606986
25608,125.608044
25609,125.609023
25610,125.610022
25611,125.611098
25612,125.612024
25613,125.613027
25614,125.613958
25615,125.614912
25616,125.616040
25617,125.616984
25618,125.617949
25619,125.618991
25620,125.620003
25621,125.621063
25622,125.621903
25623,125.622995
25624,125.624044
25625,125.624903
25626,125.626035
25627,125.627080
25628,125.628086
25629,125.629021
25630,125.630010
25631,125.630901
25632,125.632041
25633,125.632960
25634,125.633943
25635,125.635070
25636,125.636036
25637,125.636980
25638,125.638032
25639,125.638978
25640,125.640090
25641,125.641019
25642,125.642065
25643,125.642991
25644,125.643978
25645,125.645029
25646,125.646040
25647,125.646957
25648,125.647995
25649,125.648947
25650,125.649926
25651,125.651047
25652,125.651987
25653,125.652923
25654,125.654050
25655,125.655096
25656,125.656075
25657,125.656971
25658,125.658086
25659,125.658964
25660,125.660001
25661,125.661031
25662,125.662055
25663,125.662930
25664,125.664063
25665,125.665033
25666,125.666064
25667,125.667006
25668,125.667976
25669,125.668940
25670,125.669963
25671,125.670932
25672,125.672009
25673,125.672969
25674,125.674032
25675,125.674989
25676,125.676052
25677,125.676908
25678,125.678017
25679,125.678999
25680,125.680070
25681,125.681033
25682,125.682038
25683,125.683072
25684,125.684079
25685,125.684922
25686,125.685924
25687,125.687061
25688,125.687987
25689,125.688994
25690,125.689934
25691,125.691039
25692,125.691914
25693,125.692917
25694,125.693984
25695,125.694913
25696,125.696059
25697,125.696911
25698,125.697909
25699,125.699089
25700,125.700033
25701,125.701058
25702,125.702071
25703,125.702940
25704,125.703944
25705,125.704979
25706,125.706043
25707,125.707086
25708,125.707918
25709,125.708923
25710,125.709923
25711,125.710977
25712,125.712075
25713,125.713067
25714,125.713994
25715,125.715057
25716,125.716040
25717,125.716996
25718,125.717910
25719,125.718977
25720,125.719927
25721,125.721090
25722,125.722078
25723,125.723078
25724,125.724045
25725,125.725029
25726,125.726013
25727,125.727017
25728,125.727987
25729,125.728930
25730,125.730099
25731,125.730916
25732,125.731995
25733,125.732982
25734,125.734019
25735,125.735066
25736,125.736031
25737,125.737018
25738,125.738053
25739,125.738983
25740,125.740021
25741,125.741009
25742,125.741999
25743,125.742902
25744,125.744020
25745,125.745060
25746,125.746059
25747,125.746941
25748,125.748041
25749,125.749063
25750,125.750037
25751,125.751030
25752,125.751914
25753,125.752904
25754,125.753948
25755,125.754989
25756,125.755929
25757,125.757091
25758,125.758061
25759,125.759065
25760,125.760079
25761,125.761030
25762,125.761977
25763,125.762987
25764,125.764073
25765,125.764956
25766,125.766087
25767,125.766971
25768,125.768084
25769,125.769001
25770,125.770081
25771,125.770940
25772,125.771901
25773,125.772956
25774,125.773944
25775,125.774978
25776,125.775964
25777,125.776907
25778,125.777959
25779,125.779009
25780,125.780057
25781,125.780980
25782,125.782060
25783,125.783087
25784,125.784070
25785,125.785063
25786,125.786033
25787,125.787075
25788,125.788024
25789,125.789070
25790,125.789920
25791,125.790959
25792,125.791935
25793,125.793040
25794,125.793983
25795,125.794905
25796,125.796033
25797,125.797018
25798,125.797994
25799,125.799087
25800,125.799994
25801,125.800989
25802,125.802013
25803,125.802907
25804,125.803911
25805,125.804952
25806,125.805956
25807,125.806963
25808,125.807982
25809,125.809020
25810,125.810081
25811,125.810983
25812,125.812043
25813,125.813074
25814,125.813918
25815,125.814958
25816,125.815906
25817,125.817065
25818,125.818052
25819,125.819018
25820,125.819972
25821,125.820953
25822,125.822093
25823,125.822913
25824,125.824084
25825,125.824955
25826,125.826003
25827,125.827049
25828,125.827949
25829,125.829089
25830,125.830039
25831,125.830935
25832,125.831958
25833,125.832953
25834,125.833974
25835,125.834926
25836,125.835910
25837,125.837016
25838,125.838012
25839,125.839074
25840,125.839917
25841,125.841067
25842,125.841910
25843,125.842924
25844,125.844099
25845,125.845037
25846,125.845944
25847,125.847041
25848,125.847972
25849,125.849008
25850,125.849976
25851,125.850965
25852,125.851910
25853,125.853055
25854,125.854052
25855,125.855055
25856,125.855983
25857,125.856932
25858,125.858037
25859,125.858942
25860,125.860026
25861,125.861075
25862,125.861914
25863,125.863069
25864,125.864038
25865,125.864962
25866,125.866005
25867,125.867098
25868,125.867973
25869,125.869063
25870,125.869915
25871,125.870905
25872,125.871924
25873,125.873048
25874,125.874029
25875,125.874909
25876,125.875914
25877,125.876924
25878,125.878061
25879,125.878951
25880,125.879999
25881,125.881020
25882,125.881934
25883,125.883046
25884,125.884065
25885,125.885089
25886,125.885953
25887,125.887009
25888,125.888018
25889,125.888901
25890,125.889911
25891,125.891004
25892,125.891918
25893,125.892934
25894,125.894080
25895,125.894989
25896,125.895991
25897,125.896985
25898,125.897902
25899,125.898988
25900,125.900006
25901,125.901063
25902,125.902094
25903,125.903071
25904,125.904097
25905,125.904965
25906,125.906057
25907,125.907071
25908,125.908035
25909,125.908967
25910,125.910052
25911,125.911049
25912,125.912003
25913,125.913066
25914,125.913943
25915,125.915066
25916,125.916044
25917,125.916954
25918,125.917942
25919,125.918906
25920,125.920069
25921,125.920975
25922,125.921960
25923,125.922928
25924,125.923914
25925,125.925064
25926,125.926037
25927,125.926932
25928,125.928068
25929,125.928989
25930,125.930057
25931,125.930935
25932,125.932028
25933,125.933007
25934,125.934025
25935,125.935047
25936,125.935962
25937,125.936986
25938,125.937928
25939,125.938908
25940,125.940040
25941,125.940994
25942,125.941978
25943,125.943097
25944,125.943904
25945,125.945061
25946,125.945944
25947,125.946921
25948,125.947970
25949,125.948975
25950,125.950023
25951,125.950944
25952,125.952051
25953,125.952909
25954,125.954024
25955,125.955022
25956,125.955970
25957,125.956944
25958,125.958050
25959,125.958954
25960,125.960100
25961,125.961062
25962,125.962018
25963,125.962985
25964,125.964015
25965,125.965004
25966,125.965963
25967,125.966988
25968,125.968089
25969,125.968940
25970,125.969949
25971,125.970926
25972,125.972038
25973,125.972927
25974,125.974015
25975,125.974961
25976,125.975906
25977,125.976970
25978,125.977944
25979,125.978967
25980,125.979941
25981,125.980930
25982,125.981976
25983,125.982944
25984,125.984027
25985,125.985056
25986,125.985997
25987,125.986978
25988,125.988028
25989,125.989028
25990,125.990056
25991,125.991060
25992,125.992029
25993,125.992934
25994,125.994065
25995,125.995049
25996,125.996083
25997,125.997054
25998,125.998002
25999,125.998921
26000,126.000017
26001,126.001074
26002,126.002052
26003,126.002916
26004,126.003968
26005,126.005007
26006,126.006087
26007,126.006917
26008,126.007989
26009,126.009038
26010,126.009946
26011,126.011043
26012,126.012081
26013,126.012915
26014,126.014080
26015,126.014928
26016,126.016054
26017,126.017028
26018,126.017917
26019,126.019008
26020,126.020075
26021,126.021002
26022,126.021946
26023,126.022989
26024,126.023997
26025,126.024901
26026,126.025952
26027,126.026915
26028,126.028028
26029,126.029087
26030,126.030073
26031,126.030982
26032,126.032037
26033,126.032950
26034,126.033909
26035,126.034924
26036,126.035911
26037,126.036951
26038,126.037958
26039,126.039007
26040,126.039996
26041,126.040919
26042,126.041978
26043,126.043091
26044,126.044025
26045,126.045094
26046,126.046001
26047,126.046963
26048,126.047980
26049,126.048967
26050,126.049930
26051,126.050984
26052,126.051918
26053,126.053037
26054,126.054076
26055,126.054953
26056,126.055945
26057,126.056960
26058,126.058004
26059,126.059020
26060,126.060042
26061,126.060904
26062,126.062059
26063,126.062930
26064,126.064087
26065,126.065002
26066,126.065996
26067,126.066904
26068,126.067995
26069,126.068914
26070,126.070040
26071,126.071018
26072,126.072004
26073,126.072965
26074,126.073951
26075,126.075024
26076,126.076079
26077,126.077078
26078,126.078019
26079,126.078944
26080,126.079915
26081,126.080975
26082,126.082011
26083,126.082913
26084,126.084070
26085,126.084963
26086,126.086033
26087,126.086959
26088,126.087923
26089,126.089033
26090,126.090087
26091,126.091027
26092,126.091977
26093,126.092966
26094,126.093905
26095,126.094947
26096,126.096086
26097,126.097055
26098,126.098023
26099,126.099013
26100,126.100031
26101,126.101100
26102,126.101910
26103,126.102956
26104,126.103981
26105,126.104967
26106,126.105957
26107,126.107014
26108,126.107961
26109,126.109018
26110,126.110044
26111,126.110956
26112,126.112096
26113,126.112915
26114,126.113903
26115,126.114932
26116,126.116032
26117,126.117078
26118,126.117981
26119,126.119001
26120,126.120071
26121,126.121091
26122,126.122066
26123,126.123050
26124,126.123984
26125,126.125054
26126,126.125928
26127,126.127019
26128,126.128050
26129,126.128970
26130,126.129962
26131,126.130970
26132,126.132090
26133,126.133098
26134,126.134034
26135,126.134991
26136,126.135988
26137,126.137010
26138,126.137934
26139,126.138972
26140,126.140075
26141,126.140940
26142,126.142034
26143,126.142927
26144,126.143941
26145,126.144940
26146,126.146042
26147,126.146952
26148,126.148024
26149,126.149066
26150,126.149964
26151,126.150934
26152,126.151976
26153,126.152980
26154,126.154086
26155,126.155054
26156,126.155938
26157,126.156949
26158,126.157989
26159,126.159046
26160,126.159944
26161,126.160929
26162,126.162035
26163,126.162941
26164,126.163947
26165,126.165016
26166,126.166093
26167,126.167074
26168,126.168047
26169,126.168995
26170,126.170025
26171,126.170989
26172,126.171946
26173,126.173019
26174,126.174058
26175,126.175029
26176,126.176083
26177,126.176914
26178,126.177912
26179,126.179099
26180,126.179944
26181,126.180980
26182,126.181958
26183,126.182964
26184,126.184076
26185,126.184930
26186,126.186050
26187,126.186943
26188,126.188023
26189,126.189046
26190,126.190091
26191,126.191011
26192,126.191979
26193,126.192907
26194,126.193924
26195,126.194990
26196,126.196050
26197,126.197006
26198,126.198025
26199,126.199037
26200,126.199963
26201,126.201066
26202,126.202000
26203,126.202983
26204,126.203969
26205,126.204935
26206,126.206030
26207,126.207095
26208,126.208094
26209,126.208919
26210,126.210093
26211,126.211099
26212,126.212037
26213,126.213028
26214,126.213970
26215,126.214902
26216,126.216030
26217,126.217013
26218,126.217956
26219,126.219033
26220,126.219905
26221,126.221039
26222,126.222023
26223,126.223011
26224,126.224044
26225,126.224938
26226,126.225905
26227,126.227080
26228,126.227992
26229,126.229099
26230,126.229979
26231,126.230949
26232,126.231999
26233,126.233012
26234,126.234071
26235,126.234967
26236,126.235903
26237,126.236987
26238,126.238084
26239,126.239085
26240,126.240095
26241,126.241084
26242,126.242024
26243,126.243084
26244,126.244047
26245,126.245053
26246,126.246017
26247,126.246948
26248,126.247978
26249,126.249005
26250,126.249996
26251,126.250913
26252,126.252016
26253,126.253065
26254,126.253930
26255,126.254934
26256,126.256089
26257,126.256949
26258,126.257988
26259,126.259070
26260,126.260066
26261,126.260925
26262,126.262019
26263,126.263059
26264,126.264058
26265,126.264952
26266,126.266008
26267,126.266953
26268,126.268077
26269,126.269065
26270,126.270023
26271,126.270912
26272,126.272004
26273,126.272943
26274,126.274041
26275,126.275041
26276,126.276086
26277,126.276988
26278,126.277930
26279,126.279060
26280,126.280067
26281,126.281077
26282,126.281933
26283,126.283021
26284,126.284069
26285,126.284978
26286,126.286038
26287,126.286948
26288,126.288053
26289,126.289055
26290,126.290080
26291,126.290943
26292,126.291947
26293,126.293046
26294,126.293946
26295,126.294915
26296,126.296097
26297,126.296978
26298,126.298067
26299,126.299010
26300,126.300008
26301,126.301053
26302,126.302016
26303,126.302908
26304,126.304071
26305,126.305080
26306,126.305995
26307,126.307099
26308,126.307914
26309,126.308995
26310,126.309961
26311,126.311047
26312,126.311961
26313,126.312980
26314,126.314061
26315,126.315069
26316,126.316033
26317,126.316971
26318,126.318051
26319,126.319083
26320,126.320085
26321,126.321057
26322,126.321904
26323,126.323056
26324,126.323918
26325,126.325084
26326,126.325916
26327,126.326981
26328,126.328073
26329,126.329019
26330,126.329974
26331,126.331052
26332,126.331986
26333,126.332962
26334,126.334047
26335,126.334972
26336,126.335973
26337,126.336945
26338,126.338071
26339,126.338987
26340,126.340021
26341,126.340965
26342,126.341974
26343,126.342980
26344,126.343996
26345,126.345033
26346,126.345925
26347,126.346966
26348,126.347960
26349,126.348980
26350,126.350024
26351,126.351023
26352,126.352002
26353,126.353055
26354,126.354028
26355,126.355027
26356,126.355977
26357,126.357017
26358,126.358025
26359,126.359087
26360,126.359904
26361,126.361023
26362,126.362074
26363,126.362986
26364,126.364084
26365,126.365085
26366,126.365941
26367,126.366953
26368,126.368027
26369,126.368971
26370,126.369933
26371,126.370966
26372,126.372028
26373,126.373062
26374,126.373961
26375,126.375050
26376,126.376006
26377,126.376908
26378,126.378084
26379,126.378964
26380,126.379987
26381,126.381097
26382,126.381945
26383,126.383021
26384,126.383935
26385,126.384973
26386,126.386008
26387,126.387003
26388,126.388016
26389,126.388936
26390,126.389934
26391,126.390989
26392,126.391943
26393,126.392991
26394,126.393945
26395,126.394982
26396,126.395995
26397,126.396958
26398,126.398084
26399,126.399072
26400,126.400088
26401,126.400983
26402,126.402063
26403,126.402986
26404,126.404089
26405,126.404981
26406,126.406099
26407,126.407092
26408,126.408065
26409,126.409076
26410,126.410083
26411,126.410983
26412,126.412087
26413,126.413037
26414,126.413904
26415,126.414916
26416,126.415939
26417,126.416981
26418,126.417996
26419,126.419055
26420,126.420097
26421,126.420910
26422,126.422059
26423,126.423006
26424,126.423973
26425,126.424929
26426,126.425909
26427,126.427069
26428,126.428050
26429,126.429027
26430,126.429909
26431,126.431013
26432,126.431906
26433,126.432966
26434,126.434042
26435,126.435035
26436,126.436013
26437,126.436955
26438,126.437906
26439,126.439089
26440,126.440068
26441,126.440924
26442,126.442099
26443,126.442938
26444,126.443979
26445,126.444916
26446,126.445906
26447,126.447075
26448,126.448005
26449,126.449033
26450,126.450053
26451,126.450913
26452,126.451959
26453,126.452978
26454,126.453998
26455,126.455072
26456,126.456052
26457,126.457072
26458,126.457984
26459,126.458934
26460,126.459943
26461,126.461090
26462,126.461944
26463,126.463093
26464,126.464080
26465,126.465004
26466,126.465929
26467,126.467042
26468,126.467952
26469,126.469051
26470,126.469956
26471,126.471043
26472,126.471935
26473,126.473001
26474,126.473910
26475,126.474942
26476,126.475916
26477,126.476983
26478,126.478084
26479,126.479089
26480,126.480066
26481,126.481079
26482,126.481922
26483,126.482936
26484,126.484086
26485,126.485037
26486,126.486010
26487,126.486949
26488,126.487995
26489,126.488996
26490,126.490035
26491,126.490964
26492,126.492059
26493,126.492943
26494,126.493983
26495,126.494991
26496,126.496087
26497,126.496946
26498,126.498018
26499,126.499019
26500,126.499976
26501,126.501075
26502,126.501933
26503,126.502944
26504,126.504080
26505,126.504931
26506,126.506016
26507,126.507072
26508,126.508070
26509,126.508983
26510,126.509951
26511,126.511082
26512,126.511940
26513,126.513008
26514,126.514094
26515,126.514964
26516,126.516051
26517,126.516994
26518,126.518075
26519,126.518968
26520,126.520080
26521,126.521095
26522,126.522082
26523,126.522967
26524,126.524056
26525,126.525001
26526,126.526090
26527,126.526977
26528,126.527948
26529,126.528966
26530,126.530057
26531,126.531023
26532,126.531986
26533,126.533081
26534,126.534016
26535,126.535082
26536,126.536053
26537,126.537029
26538,126.537976
26539,126.538993
26540,126.539977
26541,126.540927
26542,126.542022
26543,126.543058
26544,126.544073
26545,126.544930
26546,126.545985
26547,126.546994
26548,126.547906
26549,126.548916
26550,126.549921
26551,126.550952
26552,126.552084
26553,126.553051
26554,126.554021
26555,126.554957
26556,126.555933
26557,126.557009
26558,126.558059
26559,126.559072
26560,126.560056
26561,126.561029
26562,126.561971
26563,126.563064
26564,126.563912
26565,126.564965
26566,126.566087
26567,126.566967
26568,126.567918
26569,126.569077
26570,126.569994
26571,126.571022
26572,126.572041
26573,126.572945
26574,126.574029
26575,126.575098
26576,126.575971
26577,126.577061
26578,126.578083
26579,126.579059
26580,126.579998
26581,126.580963
26582,126.582007
26583,126.582922
26584,126.583914
26585,126.584909
26586,126.586086
26587,126.587098
26588,126.587931
26589,126.588933
26590,126.590068
26591,126.590940
26592,126.592043
26593,126.593005
26594,126.594006
26595,126.595029
26596,126.595960
26597,126.597029
26598,126.597932
26599,126.598980
26600,126.600036
26601,126.601083
26602,126.602080
26603,126.603083
26604,126.603974
26605,126.604985
26606,126.606074
26607,126.606900
26608,126.607944
26609,126.609081
26610,126.609952
26611,126.610946
26612,126.611913
26613,126.613004
26614,126.613956
26615,126.614972
26616,126.615970
26617,126.617059
26618,126.617908
26619,126.618963
26620,126.619975
26621,126.621012
26622,126.621980
26623,126.622939
26624,126.624054
26625,126.624934
26626,126.625933
26627,126.626959
26628,126.628002
26629,126.628981
26630,126.629938
26631,126.630942
26632,126.632083
26633,126.633099
26634,126.634071
26635,126.634957
26636,126.635996
26637,126.637027
26638,126.638040
26639,126.638991
26640,126.639962
26641,126.641037
26642,126.642032
26643,126.642934
26644,126.644036
26645,126.645008
26646,126.645906
26647,126.646965
26648,126.647950
26649,126.648908
26650,126.650072
26651,126.651099
26652,126.651941
26653,126.653057
26654,126.653912
26655,126.655086
26656,126.655917
26657,126.657011
26658,126.657907
26659,126.658962
26660,126.660053
26661,126.661024
26662,126.662036
26663,126.662951
26664,126.664078
26665,126.664910
26666,126.666089
26667,126.667064
26668,126.668059
26669,126.668999
26670,126.669984
26671,126.670950
26672,126.671963
26673,126.673062
26674,126.673933
26675,126.675049
26676,126.675976
26677,126.676905
26678,126.677943
26679,126.679050
26680,126.680054
26681,126.681083
26682,126.682079
26683,126.682954
26684,126.684097
26685,126.684922
26686,126.685982
26687,126.686962
26688,126.687934
26689,126.689092
26690,126.689993
26691,126.690972
26692,126.691964
26693,126.693015
26694,126.694033
26695,126.694964
26696,126.695934
26697,126.697088
26698,126.698055
26699,126.698992
26700,126.700040
26701,126.701091
26702,126.702039
26703,126.702957
26704,126.703917
26705,126.704983
26706,126.705961
26707,126.707012
26708,126.707949
26709,126.709038
26710,126.710087
26711,126.711089
26712,126.712055
26713,126.713069
26714,126.713912
26715,126.715033
26716,126.715925
26717,126.717094
26718,126.718010
26719,126.718977
26720,126.720006
26721,126.720998
26722,126.722057
26723,126.722987
26724,126.724035
26725,126.724928
26726,126.726091
26727,126.727093
26728,126.727917
26729,126.728906
26730,126.730027
26731,126.731086
26732,126.732057
26733,126.732916
26734,126.734071
26735,126.735013
26736,126.736012
26737,126.736925
26738,126.738087
26739,126.738921
26740,126.739992
26741,126.740907
26742,126.742094
26743,126.742975
26744,126.744036
26745,126.744978
26746,126.746027
26747,126.747060
26748,126.748091
26749,126.748963
26750,126.749935
26751,126.750930
26752,126.752064
26753,126.753007
26754,126.754077
26755,126.754914
26756,126.756062
26757,126.757066
26758,126.758001
26759,126.759012
26760,126.759989
26761,126.761037
26762,126.762048
26763,126.763053
26764,126.763954
26765,126.765004
26766,126.765939
26767,126.766929
26768,126.768071
26769,126.768989
26770,126.770043
26771,126.770985
26772,126.772047
26773,126.773093
26774,126.774038
26775,126.774994
26776,126.775915
26777,126.777057
26778,126.777989
26779,126.779007
26780,126.779945
26781,126.780991
26782,126.781908
26783,126.783018
26784,126.783986
26785,126.784987
26786,126.785986
26787,126.786965
26788,126.788093
26789,126.789074
26790,126.790069
26791,126.790938
26792,126.791931
26793,126.792922
26794,126.793989
26795,126.794911
26796,126.796037
26797,126.796906
26798,126.797926
26799,126.798910
26800,126.800014
26801,126.801065
26802,126.802094
26803,126.803092
26804,126.803917
26805,126.805054
26806,126.805948
26807,126.806901
26808,126.807906
26809,126.808980
26810,126.810031
26811,126.811067
26812,126.811958
26813,126.812980
26814,126.814055
26815,126.814968
26816,126.815928
26817,126.816985
26818,126.817999
26819,126.819006
26820,126.820025
26821,126.821043
26822,126.822003
26823,126.823037
26824,126.824054
26825,126.824952
26826,126.825980
26827,126.826911
26828,126.828046
26829,126.828940
26830,126.829939
26831,126.831007
26832,126.831935
26833,126.832991
26834,126.834042
26835,126.835005
26836,126.835989
26837,126.837048
26838,126.837926
26839,126.838948
26840,126.840097
26841,126.841013
26842,126.841909
26843,126.842941
26844,126.844030
26845,126.845006
26846,126.846088
26847,126.847036
26848,126.848027
26849,126.849048
26850,126.849948
26851,126.850951
26852,126.852098
26853,126.853081
26854,126.854028
26855,126.854957
26856,126.856020
26857,126.856929
26858,126.857969
26859,126.858951
26860,126.859914
26861,126.861083
26862,126.862003
26863,126.863002
26864,126.863977
26865,126.864947
26866,126.866013
26867,126.866989
26868,126.868071
26869,126.869035
26870,126.869919
26871,126.870976
26872,126.872100
26873,126.873091
26874,126.873987
26875,126.875009
26876,126.875938
26877,126.876977
26878,126.877933
26879,126.878970
26880,126.880048
26881,126.880936
26882,126.882012
26883,126.882922
26884,126.883914
26885,126.885077
26886,126.886074
26887,126.886913
26888,126.888041
26889,126.889090
26890,126.890037
26891,126.890981
26892,126.892093
26893,126.893081
26894,126.894028
26895,126.894985
26896,126.895925
26897,126.897034
26898,126.898024
26899,126.899088
26900,126.900050
26901,126.901060
26902,126.902079
26903,126.902979
26904,126.903964
26905,126.904951
26906,126.906001
26907,126.906983
26908,126.907982
26909,126.908910
26910,126.910015
26911,126.911023
26912,126.912007
26913,126.913074
26914,126.914006
26915,126.914993
26916,126.915924
26917,126.917043
26918,126.918004
26919,126.918966
26920,126.920024
26921,126.921062
26922,126.921969
26923,126.922922
26924,126.923937
26925,126.925047
26926,126.926088
26927,126.927002
26928,126.927919
26929,126.928920
26930,126.930094
26931,126.930989
26932,126.932033
26933,126.933053
26934,126.934013
26935,126.934937
26936,126.936086
26937,126.937010
26938,126.938087
26939,126.938992
26940,126.940067
26941,126.941016
26942,126.942054
26943,126.942923
26944,126.943934
26945,126.944974
26946,126.945902
26947,126.946917
26948,126.948016
26949,126.949006
26950,126.949976
26951,126.951005
26952,126.951996
26953,126.953100
26954,126.953979
26955,126.955015
26956,126.956020
26957,126.957022
26958,126.957916
26959,126.959013
26960,126.960052
26961,126.960962
26962,126.962031
26963,126.963091
26964,126.963933
26965,126.965095
26966,126.965919
26967,126.966965
26968,126.968071
26969,126.968963
26970,126.970026
26971,126.970967
26972,126.971972
26973,126.972960
26974,126.974043
26975,126.975000
26976,126.976010
26977,126.977062
26978,126.977907
26979,126.979060
26980,126.980057
26981,126.981097
26982,126.981991
26983,126.983052
26984,126.983913
26985,126.985092
26986,126.986041
26987,126.987085
26988,126.987933
26989,126.989099
26990,126.989967
26991,126.991010
26992,126.992068
26993,126.992980
26994,126.993939
26995,126.995047
26996,126.995993
26997,126.996939
26998,126.997900
26999,126.999038
27000,127.000042
27001,127.001096
27002,127.002052
27003,127.002993
27004,127.004035
27005,127.004942
27006,127.006014
27007,127.006957
27008,127.007953
27009,127.009033
27010,127.010083
27011,127.010947
27012,127.011991
27013,127.012974
27014,127.013978
27015,127.015023
27016,127.016086
27017,127.017021
27018,127.018023
27019,127.018977
27020,127.019936
27021,127.020935
27022,127.022059
27023,127.022907
27024,127.024044
27025,127.025059
27026,127.025954
27027,127.027086
27028,127.027938
27029,127.029020
27030,127.030062
27031,127.031059
27032,127.031912
27033,127.033035
27034,127.033938
27035,127.035081
27036,127.036082
27037,127.037062
27038,127.038023
27039,127.039062
27040,127.040046
27041,127.041036
27042,127.041919
27043,127.043034
27044,127.043994
27045,127.044963
27046,127.046095
27047,127.047080
27048,127.047928
27049,127.048929
27050,127.049921
27051,127.051086
27052,127.052059
27053,127.052968
27054,127.053991
27055,127.054922
27056,127.055929
27057,127.057075
27058,127.058087
27059,127.058946
27060,127.060039
27061,127.061074
27062,127.061995
27063,127.063006
27064,127.064029
27065,127.064941
27066,127.066062
27067,127.066927
27068,127.067906
27069,127.068948
27070,127.070025
27071,127.070917
27072,127.071914
27073,127.073057
27074,127.074098
27075,127.074933
27076,127.076093
27077,127.077016
27078,127.077951
27079,127.078925
27080,127.079941
27081,127.080952
27082,127.082090
27083,127.083028
27084,127.084060
27085,127.084987
27086,127.086067
27087,127.086949
27088,127.087926
27089,127.089046
27090,127.089967
27091,127.091059
27092,127.092097
27093,127.092946
27094,127.093985
27095,127.095035
27096,127.096044
27097,127.097004
27098,127.098053
27099,127.099065
27100,127.099991
27101,127.101056
27102,127.101963
27103,127.102998
27104,127.104071
27105,127.104928
27106,127.106085
27107,127.106914
27108,127.107979
27109,127.109098
27110,127.109979
27111,127.110941
27112,127.112031
27113,127.112908
27114,127.114007
27115,127.115081
27116,127.116078
27117,127.116958
27118,127.118034
27119,127.119002
27120,127.120001
27121,127.121086
27122,127.122077
27123,127.123079
27124,127.123916
27125,127.125027
27126,127.125915
27127,127.127002
27128,127.127945
27129,127.128929
27130,127.129901
27131,127.130935
27132,127.131939
27133,127.132995
27134,127.133923
27135,127.134926
27136,127.135976
27137,127.136941
27138,127.138047
27139,127.139088
27140,127.139981
27141,127.140932
27142,127.141978
27143,127.143095
27144,127.143952
27145,127.145045
27146,127.145978
27147,127.147076
27148,127.148030
27149,127.148942
27150,127.150018
27151,127.150921
27152,127.152079
27153,127.152988
27154,127.153971
27155,127.155051
27156,127.156072
27157,127.157022
27158,127.158076
27159,127.159052
27160,127.159954
27161,127.160970
27162,127.161943
27163,127.163075
27164,127.163965
27165,127.165086
27166,127.165937
27167,127.167032
27168,127.167967
27169,127.169025
27170,127.169941
27171,127.171057
27172,127.172076
27173,127.173094
27174,127.174004
27175,127.175065
27176,127.176083
27177,127.176946
27178,127.177937
27179,127.178970
27180,127.179917
27181,127.180906
27182,127.181910
27183,127.183028
27184,127.183907
27185,127.184924
27186,127.185944
27187,127.187066
27188,127.187900
27189,127.188901
27190,127.189958
27191,127.190940
27192,127.192016
27193,127.192908
27194,127.194096
27195,127.194983
27196,127.195989
27197,127.196926
27198,127.197944
27199,127.198928
27200,127.200083
27201,127.201007
27202,127.201998
27203,127.202960
27204,127.204018
27205,127.204928
27206,127.206077
27207,127.206996
27208,127.207978
27209,127.209068
27210,127.209908
27211,127.211070
27212,127.211977
27213,127.213075
27214,127.214078
27215,127.215045
27216,127.216077
27217,127.217002
27218,127.217905
27219,127.219021
27220,127.219996
27221,127.221019
27222,127.222018
27223,127.223058
27224,127.223986
27225,127.225093
27226,127.225922
27227,127.226995
27228,127.227996
27229,127.228934
27230,127.229942
27231,127.230956
27232,127.231954
27233,127.232996
27234,127.233938
27235,127.235006
27236,127.236073
27237,127.236964
27238,127.238073
27239,127.238981
27240,127.240083
27241,127.241083
27242,127.242067
27243,127.243019
27244,127.243972
27245,127.245098
27246,127.245995
27247,127.246939
27248,127.248100
27249,127.249040
27250,127.250027
27251,127.251005
27252,127.252017
27253,127.252904
27254,127.253974
27255,127.254926
27256,127.256070
27257,127.257063
27258,127.258043
27259,127.259095
27260,127.259975
27261,127.261053
27262,127.261979
27263,127.262912
27264,127.263976
27265,127.265066
27266,127.265959
27267,127.266912
27268,127.267968
27269,127.268910
27270,127.270071
27271,127.271073
27272,127.271953
27273,127.272944
27274,127.273904
27275,127.275061
27276,127.275967
27277,127.276922
27278,127.277927
27279,127.279088
27280,127.280010
27281,127.280919
27282,127.282086
27283,127.282972
27284,127.284067
27285,127.284914
27286,127.285905
27287,127.287070
27288,127.287955
27289,127.289009
27290,127.290063
27291,127.291004
27292,127.292055
27293,127.292996
27294,127.293987
27295,127.295040
27296,127.295976
27297,127.296940
27298,127.298002
27299,127.298901
27300,127.299948
27301,127.300953
27302,127.301918
27303,127.303024
27304,127.303997
27305,127.305077
27306,127.306080
27307,127.306970
27308,127.307996
27309,127.308990
27310,127.310003
27311,127.310946
27312,127.311994
27313,127.312958
27314,127.314061
27315,127.314947
27316,127.315968
27317,127.316924
27318,127.317906
27319,127.319002
27320,127.320033
27321,127.320973
27322,127.321911
27323,127.322976
27324,127.323956
27325,127.324972
27326,127.326034
27327,127.326903
27328,127.327934
27329,127.329039
27330,127.330020
27331,127.330986
27332,127.332077
27333,127.332996
27334,127.334076
27335,127.335062
27336,127.335939
27337,127.336986
27338,127.338045
27339,127.339070
27340,127.340078
27341,127.341003
27342,127.341946
27343,127.343019
27344,127.344018
27345,127.345036
27346,127.346007
27347,127.346923
27348,127.347960
27349,127.349066
27350,127.350046
27351,127.351072
27352,127.352038
27353,127.353000
27354,127.354023
27355,127.355037
27356,127.356021
27357,127.357025
27358,127.357949
27359,127.359060
27360,127.359976
27361,127.361026
27362,127.362052
27363,127.362944
27364,127.364047
27365,127.364903
27366,127.365905
27367,127.367016
27368,127.367985
27369,127.368913
27370,127.369987
27371,127.370980
27372,127.372092
27373,127.373029
27374,127.373935
27375,127.375078
27376,127.375975
27377,127.377007
27378,127.377989
27379,127.379045
27380,127.379993
27381,127.380969
27382,127.382055
27383,127.383098
27384,127.383954
27385,127.384946
27386,127.386031
27387,127.387028
27388,127.388024
27389,127.389050
27390,127.389964
27391,127.391090
27392,127.392012
27393,127.392925
27394,127.394092
27395,127.395087
27396,127.395908
27397,127.396904
27398,127.398022
27399,127.399022
27400,127.399901
27401,127.400950
27402,127.402078
27403,127.402977
27404,127.404022
27405,127.404928
27406,127.406081
27407,127.406929
27408,127.407952
27409,127.409005
27410,127.410056
27411,127.411040
27412,127.412079
27413,127.413074
27414,127.413975
27415,127.414968
27416,127.415966
27417,127.416931
27418,127.418028
27419,127.419082
27420,127.420028
27421,127.421045
27422,127.421989
27423,127.422959
27424,127.423933
27425,127.424972
27426,127.426020
27427,127.427022
27428,127.428079
27429,127.428949
27430,127.430070
27431,127.430964
27432,127.432056
27433,127.433067
27434,127.433926
27435,127.435067
27436,127.436024
27437,127.436922
27438,127.438008
27439,127.438972
27440,127.439941
27441,127.441074
27442,127.442099
27443,127.442937
27444,127.444028
27445,127.444943
27446,127.446056
27447,127.446956
27448,127.448012
27449,127.449068
27450,127.450072
27451,127.451056
27452,127.451923
27453,127.453013
27454,127.453946
27455,127.454958
27456,127.456026
27457,127.456915
27458,127.457955
27459,127.458943
27460,127.459955
27461,127.460900
27462,127.462092
27463,127.463051
27464,127.463951
27465,127.465094
27466,127.466009
27467,127.466924
27468,127.467968
27469,127.468952
27470,127.469980
27471,127.470919
27472,127.471976
27473,127.472969
27474,127.474047
27475,127.474921
27476,127.476003
27477,127.477003
27478,127.478067
27479,127.478936
27480,127.480039
27481,127.480981
27482,127.482026
27483,127.482946
27484,127.483959
27485,127.484901
27486,127.486012
27487,127.487063
27488,127.487966
27489,127.488995
27490,127.489955
27491,127.490968
27492,127.491979
27493,127.492981
27494,127.494028
27495,127.495093
27496,127.496082
27497,127.496916
27498,127.497948
27499,127.499055
27500,127.499909
27501,127.500984
27502,127.501953
27503,127.503100
27504,127.504094
27505,127.504931
27506,127.506018
27507,127.506926
27508,127.507969
27509,127.508969
27510,127.510088
27511,127.510957
27512,127.511929
27513,127.513022
27514,127.513983
27515,127.514912
27516,127.516016
27517,127.516955
27518,127.518094
27519,127.518929
27520,127.520083
27521,127.520919
27522,127.522052
27523,127.522957
27524,127.523961
27525,127.525017
27526,127.525993
27527,127.527019
27528,127.528094
27529,127.528958
27530,127.530005
27531,127.530950
27532,127.532015
27533,127.532919
27534,127.533990
27535,127.535007
27536,127.535986
27537,127.537017
27538,127.537921
27539,127.539036
27540,127.540029
27541,127.540989
27542,127.542012
27543,127.542963
27544,127.543964
27545,127.545001
27546,127.546055
27547,127.547045
27548,127.547969
27549,127.549027
27550,127.550069
27551,127.550968
27552,127.552037
27553,127.553085
27554,127.554062
27555,127.554960
27556,127.556090
27557,127.557057
27558,127.558078
27559,127.558903
27560,127.559931
27561,127.561073
27562,127.562098
27563,127.562962
27564,127.563901
27565,127.565100
27566,127.565992
27567,127.567073
27568,127.568034
27569,127.569092
27570,127.569943
27571,127.570914
27572,127.572044
27573,127.573035
27574,127.573977
27575,127.574949
27576,127.576097
27577,127.576993
27578,127.577962
27579,127.579072
27580,127.580097
27581,127.581080
27582,127.582039
27583,127.582957
27584,127.584073
27585,127.584993
27586,127.585942
27587,127.587096
27588,127.587940
27589,127.589090
27590,127.589993
27591,127.591000
27592,127.592070
27593,127.593065
27594,127.594067
27595,127.594923
27596,127.596020
27597,127.596924
27598,127.597951
27599,127.599044
27600,127.600051
27601,127.601099
27602,127.602003
27603,127.602913
27604,127.603973
27605,127.604914
27606,127.606078
27607,127.607014
27608,127.608081
27609,127.609031
27610,127.609907
27611,127.610953
27612,127.611994
27613,127.613081
27614,127.614031
27615,127.615067
27616,127.616072
27617,127.617048
27618,127.617952
27619,127.619015
27620,127.619933
27621,127.620975
27622,127.622087
27623,127.622978
27624,127.624077
27625,127.624931
27626,127.626062
27627,127.627067
27628,127.628079
27629,127.628909
27630,127.630050
27631,127.631030
27632,127.631956
27633,127.633019
27634,127.633968
27635,127.634982
27636,127.636088
27637,127.637000
27638,127.637991
27639,127.639012
27640,127.639910
27641,127.641074
27642,127.642044
27643,127.643090
27644,127.644021
27645,127.645052
27646,127.645953
27647,127.646950
27648,127.648059
27649,127.648932
27650,127.650014
27651,127.651095
27652,127.651998
27653,127.652969
27654,127.653978
27655,127.655098
27656,127.655960
27657,127.656936
27658,127.658086
27659,127.658967
27660,127.660085
27661,127.660998
27662,127.661911
27663,127.662960
27664,127.664092
27665,127.665098
27666,127.665960
27667,127.667032
27668,127.667937
27669,127.668936
27670,127.670049
27671,127.670968
27672,127.671917
27673,127.673053
27674,127.673934
27675,127.674936
27676,127.676068
27677,127.676957
27678,127.677959
27679,127.679047
27680,127.680038
27681,127.680976
27682,127.681992
27683,127.683099
27684,127.683992
27685,127.684970
27686,127.686031
27687,127.687073
27688,127.688072
27689,127.689068
27690,127.689938
27691,127.690938
27692,127.691928
27693,127.693091
27694,127.693900
27695,127.694985
27696,127.695912
27697,127.697031
27698,127.698027
27699,127.698916
27700,127.699935
27701,127.701010
27702,127.701934
27703,127.702913
27704,127.703937
27705,127.705047
27706,127.706060
27707,127.706998
27708,127.707994
27709,127.708947
27710,127.709920
27711,127.710962
27712,127.712046
27713,127.712932
27714,127.713997
27715,127.715097
27716,127.716044
27717,127.716942
27718,127.717922
27719,127.719083
27720,127.719986
27721,127.721084
27722,127.722061
27723,127.723052
27724,127.723925
27725,127.724994
27726,127.726007
27727,127.727014
27728,127.728045
27729,127.729052
27730,127.730038
27731,127.730998
27732,127.731975
27733,127.733072
27734,127.733981
27735,127.734980
27736,127.736042
27737,127.737085
27738,127.737987
27739,127.738996
27740,127.740045
27741,127.740991
27742,127.741987
27743,127.743029
27744,127.744066
27745,127.744967
27746,127.745979
27747,127.747049
27748,127.748033
27749,127.749082
27750,127.750073
27751,127.750921
27752,127.751956
27753,127.753025
27754,127.754021
27755,127.754920
27756,127.756052
27757,127.756937
27758,127.757918
27759,127.759022
27760,127.759990
27761,127.761083
27762,127.761926
27763,127.763073
27764,127.764027
27765,127.765023
27766,127.766053
27767,127.767098
27768,127.767969
27769,127.769074
27770,127.770097
27771,127.771065
27772,127.771946
27773,127.773071
27774,127.774050
27775,127.775016
27776,127.775973
27777,127.777028
27778,127.777993
27779,127.779084
27780,127.779941
27781,127.780914
27782,127.781964
27783,127.783094
27784,127.783956
27785,127.785094
27786,127.786069
27787,127.787047
27788,127.788088
27789,127.788961
27790,127.790063
27791,127.791031
27792,127.791920
27793,127.792941
27794,127.794013
27795,127.795022
27796,127.796021
27797,127.796974
27798,127.798030
27799,127.799035
27800,127.800041
27801,127.801081
27802,127.801919
27803,127.803051
27804,127.804018
27805,127.805044
27806,127.806077
27807,127.806978
27808,127.808098
27809,127.808943
27810,127.809972
27811,127.811010
27812,127.812036
27813,127.812961
27814,127.813952
27815,127.815018
27816,127.815970
27817,127.816906
27818,127.818033
27819,127.819038
27820,127.820017
27821,127.820963
27822,127.822029
27823,127.823051
27824,127.823992
27825,127.825077
27826,127.826015
27827,127.826919
27828,127.828079
27829,127.828943
27830,127.829974
27831,127.831070
27832,127.832080
27833,127.833044
27834,127.834027
27835,127.835007
27836,127.835921
27837,127.836929
27838,127.838036
27839,127.838914
27840,127.840057
27841,127.840950
27842,127.841964
27843,127.843046
27844,127.843989
27845,127.844967
27846,127.846048
27847,127.847098
27848,127.848059
27849,127.849009
27850,127.850080
27851,127.851027
27852,127.851966
27853,127.853012
27854,127.853985
27855,127.854933
27856,127.856053
27857,127.856929
27858,127.858047
27859,127.859023
27860,127.859932
27861,127.861023
27862,127.862055
27863,127.863050
27864,127.864098
27865,127.865095
27866,127.865930
27867,127.867062
27868,127.867982
27869,127.869024
27870,127.869947
27871,127.870953
27872,127.871914
27873,127.872984
27874,127.874029
27875,127.875021
27876,127.876054
27877,127.877064
27878,127.878046
27879,127.879068
27880,127.879941
27881,127.881084
27882,127.881971
27883,127.883066
27884,127.884031
27885,127.884963
27886,127.885965
27887,127.886948
27888,127.887987
27889,127.889076
27890,127.890026
27891,127.891099
27892,127.891972
27893,127.892933
27894,127.894096
27895,127.895045
27896,127.896094
27897,127.896931
27898,127.897919
27899,127.899085
27900,127.899903
27901,127.900905
27902,127.902091
27903,127.902970
27904,127.904022
27905,127.905094
27906,127.905937
27907,127.907062
27908,127.907936
27909,127.908993
27910,127.910055
27911,127.910997
27912,127.911925
27913,127.912944
27914,127.914044
27915,127.914987
27916,127.915952
27917,127.917096
27918,127.917904
27919,127.918986
27920,127.920004
27921,127.921016
27922,127.922008
27923,127.922999
27924,127.923944
27925,127.925073
27926,127.926095
27927,127.926924
27928,127.927906
27929,127.928974
27930,127.929932
27931,127.930981
27932,127.931967
27933,127.933000
27934,127.933941
27935,127.935066
27936,127.936009
27937,127.937068
27938,127.937975
27939,127.939031
27940,127.940022
27941,127.940927
27942,127.942092
27943,127.943011
27944,127.943921
27945,127.944937
27946,127.946047
27947,127.946935
27948,127.947983
27949,127.948974
27950,127.949973
27951,127.951016
27952,127.952025
27953,127.953070
27954,127.953903
27955,127.954927
27956,127.956042
27957,127.956957
27958,127.957902
27959,127.959057
27960,127.959923
27961,127.960950
27962,127.961936
27963,127.962962
27964,127.964008
27965,127.964946
27966,127.965944
27967,127.966956
27968,127.967929
27969,127.968987
27970,127.969932
27971,127.971075
27972,127.971938
27973,127.973054
27974,127.974088
27975,127.974909
27976,127.975910
27977,127.977067
27978,127.977908
27979,127.979079
27980,127.979976
27981,127.980925
27982,127.981988
27983,127.982951
27984,127.983911
27985,127.984908
27986,127.985931
27987,127.987042
27988,127.987943
27989,127.988915
27990,127.990054
27991,127.990962
27992,127.992050
27993,127.992903
27994,127.994053
27995,127.994921
27996,127.995996
27997,127.997023
27998,127.997949
27999,127.999041
28000,128.000091
28001,128.000932
28002,128.002039
28003,128.003050
28004,128.003938
28005,128.005068
28006,128.005991
28007,128.006987
28008,128.008051
28009,128.008954
28010,128.010084
28011,128.011056
28012,128.012062
28013,128.012952
28014,128.013980
28015,128.015024
28016,128.015901
28017,128.017061
28018,128.017943
28019,128.019048
28020,128.019980
28021,128.020902
28022,128.021992
28023,128.023040
28024,128.023979
28025,128.025045
28026,128.026089
28027,128.027064
28028,128.028040
28029,128.029033
28030,128.030037
28031,128.030997
28032,128.032015
28033,128.033044
28034,128.034082
28035,128.034925
28036,128.035917
28037,128.036984
28038,128.037942
28039,128.038986
28040,128.039993
28041,128.041015
28042,128.041929
28043,128.042952
28044,128.043998
28045,128.045087
28046,128.046048
28047,128.047054
28048,128.047991
28049,128.049094
28050,128.050099
28051,128.051080
28052,128.051978
28053,128.053100
28054,128.054001
28055,128.055024
28056,128.055906
28057,128.056956
28058,128.057996
28059,128.059006
28060,128.059914
28061,128.061014
28062,128.062037
28063,128.063020
28064,128.064095
28065,128.064965
28066,128.066063
28067,128.066914
28068,128.068066
28069,128.068935
28070,128.069943
28071,128.071008
28072,128.072038
28073,128.073004
28074,128.073974
28075,128.075073
28076,128.076084
28077,128.077026
28078,128.078079
28079,128.078993
28080,128.079968
28081,128.081081
28082,128.081903
28083,128.082972
28084,128.083999
28085,128.084938
28086,128.085999
28087,128.086907
28088,128.087914
28089,128.088999
28090,128.089901
28091,128.090917
28092,128.092019
28093,128.093048
28094,128.094055
28095,128.095042
28096,128.096073
28097,128.096905
28098,128.098022
28099,128.098914
28100,128.099918
28101,128.101060
28102,128.101981
28103,128.103036
28104,128.104054
28105,128.104902
28106,128.106096
28107,128.107098
28108,128.108039
28109,128.109059
28110,128.109997
28111,128.110938
28112,128.112013
28113,128.113037
28114,128.114090
28115,128.115052
28116,128.115920
28117,128.116916
28118,128.117955
28119,128.118929
28120,128.119953
28121,128.121039
28122,128.121939
28123,128.123070
28124,128.123917
28125,128.125013
28126,128.125944
28127,128.127030
28128,128.127973
28129,128.128918
28130,128.130093
28131,128.130937
28132,128.131989
28133,128.132959
28134,128.133908
28135,128.134976
28136,128.135911
28137,128.137095
28138,128.138029
28139,128.139067
28140,128.140019
28141,128.140912
28142,128.141961
28143,128.142998
28144,128.144064
28145,128.144972
28146,128.146006
28147,128.146910
28148,128.148003
28149,128.148977
28150,128.149926
28151,128.150952
28152,128.151984
28153,128.153078
28154,128.154051
28155,128.155060
28156,128.156039
28157,128.156953
28158,128.158053
28159,128.159013
28160,128.159935
28161,128.160915
28162,128.162040
28163,128.163039
28164,128.164098
28165,128.164967
28166,128.165960
28167,128.166900
28168,128.168075
28169,128.169044
28170,128.170030
28171,128.170939
28172,128.172060
28173,128.173096
28174,128.174037
28175,128.174941
28176,128.175939
28177,128.176944
28178,128.177950
28179,128.179046
28180,128.180093
28181,128.180907
28182,128.182037
28183,128.182998
28184,128.183991
28185,128.185048
28186,128.185966
28187,128.187078
28188,128.188028
28189,128.188938
28190,128.189912
28191,128.191046
28192,128.191919
28193,128.193051
28194,128.193902
28195,128.195008
28196,128.195995
28197,128.197060
28198,128.197931
28199,128.199083
28200,128.200028
28201,128.201077
28202,128.201934
28203,128.202947
28204,128.204053
28205,128.204988
28206,128.205911
28207,128.207075
28208,128.208048
28209,128.208986
28210,128.209911
28211,128.210981
28212,128.211951
28213,128.212920
28214,128.214049
28215,128.214924
28216,128.216062
28217,128.216940
28218,128.217952
28219,128.219042
28220,128.219929
28221,128.220949
28222,128.222066
28223,128.222934
28224,128.224007
28225,128.224922
28226,128.225971
28227,128.226948
28228,128.228043
28229,128.228968
28230,128.230066
28231,128.230995
28232,128.232026
28233,128.232913
28234,128.233908
28235,128.235074
28236,128.235932
28237,128.236913
28238,128.238081
28239,128.239044
28240,128.239926
28241,128.240946
28242,128.242060
28243,128.242922
28244,128.244059
28245,128.244938
28246,128.245966
28247,128.247010
28248,128.247968
28249,128.249008
28250,128.249992
28251,128.251029
28252,128.252065
28253,128.252959
28254,128.253972
28255,128.254941
28256,128.256027
28257,128.257074
28258,128.257992
28259,128.258998
28260,128.259925
28261,128.260956
28262,128.262052
28263,128.263020
28264,128.264085
28265,128.264973
28266,128.265908
28267,128.267006
28268,128.268097
28269,128.268965
28270,128.269957
28271,128.271057
28272,128.272027
28273,128.272969
28274,128.273933
28275,128.275019
28276,128.275969
28277,128.276911
28278,128.278037
28279,128.278942
28280,128.279969
28281,128.281056
28282,128.281945
28283,128.282965
28284,128.283965
28285,128.285060
28286,128.285914
28287,128.287039
28288,128.287961
28289,128.288961
28290,128.289986
28291,128.291099
28292,128.292003
28293,128.293092
28294,128.293963
28295,128.294913
28296,128.295934
28297,128.296925
28298,128.297941
28299,128.298982
28300,128.299909
28301,128.301047
28302,128.302050
28303,128.303044
28304,128.303941
28305,128.305099
28306,128.305983
28307,128.307070
28308,128.307908
28309,128.309020
28310,128.310086
28311,128.311045
28312,128.312075
28313,128.312994
28314,128.313998
28315,128.315059
28316,128.316068
28317,128.317018
28318,128.318052
28319,128.318941
28320,128.319922
28321,128.320940
28322,128.321915
28323,128.323005
28324,128.323949
28325,128.325026
28326,128.326075
28327,128.327058
28328,128.327937
28329,128.329005
28330,128.330066
28331,128.331088
28332,128.332001
28333,128.332991
28334,128.333953
28335,128.334991
28336,128.335901
28337,128.336970
28338,128.337940
28339,128.338901
28340,128.339924
28341,128.340934
28342,128.342081
28343,128.343030
28344,128.344090
28345,128.344904
28346,128.345999
28347,128.346964
28348,128.348006
28349,128.348971
28350,128.349902
28351,128.351046
28352,128.352042
28353,128.353035
28354,128.353940
28355,128.355065
28356,128.355919
28357,128.356957
28358,128.358074
28359,128.358931
28360,128.359980
28361,128.360972
28362,128.362059
28363,128.363084
28364,128.364000
28365,128.364988
28366,128.365919
28367,128.367060
28368,128.368091
28369,128.369063
28370,128.370020
28371,128.371050
28372,128.372057
28373,128.373093
28374,128.374079
28375,128.375072
28376,128.375953
28377,128.377046
28378,128.378087
28379,128.378991
28380,128.379960
28381,128.380925
28382,128.381919
28383,128.382970
28384,128.383959
28385,128.385050
28386,128.386006
28387,128.386951
28388,128.387981
28389,128.389063
28390,128.389919
28391,128.391066
28392,128.392090
28393,128.393100
28394,128.394023
28395,128.395073
28396,128.395962
28397,128.396908
28398,128.397978
28399,128.398938
28400,128.400080
28401,128.400979
28402,128.401970
28403,128.403002
28404,128.404055
28405,128.405064
28406,128.405964
28407,128.407093
28408,128.408015
28409,128.408943
28410,128.409931
28411,128.411081
28412,128.412049
28413,128.412975
28414,128.414055
28415,128.415080
28416,128.416076
28417,128.417058
28418,128.418039
28419,128.419086
28420,128.419903
28421,128.420973
28422,128.421923
28423,128.422950
28424,128.423964
28425,128.424991
28426,128.425945
28427,128.426930
28428,128.427958
28429,128.428994
28430,128.429933
28431,128.431030
28432,128.432034
28433,128.432979
28434,128.433932
28435,128.435077
28436,128.436097
28437,128.437031
28438,128.438007
28439,128.438936
28440,128.440033
28441,128.440968
28442,128.441929
28443,128.443063
