request_id,status,method
0,200,GET
1,200,GET
2,200,GET
3,200,GET
4,200,GET
5,200,GET
6,200,GET
7,200,GET
8,200,GET
9,200,GET
10,200,GET
11,200,GET
12,200,GET
13,200,GET
14,200,GET
15,200,GET
16,200,GET
17,200,GET
18,200,GET
19,200,GET
20,200,GET
21,200,GET
22,200,GET
23,200,GET
24,200,GET
25,200,GET
26,200,GET
27,200,GET
28,200,GET
29,200,GET
30,200,GET
31,200,GET
32,200,GET
33,200,GET
34,200,GET
35,200,GET
36,200,GET
37,200,GET
38,200,GET
39,200,GET
40,200,GET
41,200,GET
42,200,GET
43,200,GET
44,200,GET
45,200,GET
46,200,GET
47,200,GET
48,200,GET
49,200,GET
50,200,GET
51,200,GET
52,200,GET
53,200,GET
54,200,GET
55,200,GET
56,200,GET
57,200,GET
58,200,GET
59,200,GET
60,200,GET
61,200,GET
62,200,GET
63,200,GET
64,200,GET
65,200,GET
66,200,GET
67,200,GET
68,200,GET
69,200,GET
70,200,GET
71,200,GET
72,200,GET
73,200,GET
74,200,GET
75,200,GET
76,200,GET
77,200,GET
78,200,GET
79,200,GET
80,200,GET
81,200,GET
82,200,GET
83,200,GET
84,200,GET
85,200,GET
86,200,GET
87,200,GET
88,200,GET
89,200,GET
90,200,GET
91,200,GET
92,200,GET
93,200,GET
94,200,GET
95,200,GET
96,200,GET
97,200,GET
98,200,GET
99,200,GET
100,200,GET
101,200,GET
102,200,GET
103,200,GET
104,200,GET
105,200,GET
106,200,GET
107,200,GET
108,200,GET
109,200,GET
110,200,GET
111,200,GET
112,200,GET
113,200,GET
114,200,GET
115,200,GET
116,200,GET
117,200,GET
118,200,GET
119,200,GET
120,200,GET
121,200,GET
122,200,GET
123,200,GET
124,200,GET
125,200,GET
126,200,GET
127,200,GET
128,200,GET
129,200,GET
130,200,GET
131,200,GET
132,200,GET
133,200,GET
134,200,GET
135,200,GET
136,200,GET
137,200,GET
138,200,GET
139,200,GET
140,200,GET
141,200,GET
142,200,GET
143,200,GET
144,200,GET
145,200,GET
146,200,GET
147,200,GET
148,200,GET
149,200,GET
150,200,GET
151,200,GET
152,200,GET
153,200,GET
154,200,GET
155,200,GET
156,200,GET
157,200,GET
158,200,GET
159,200,GET
160,200,GET
161,200,GET
162,200,GET
163,200,GET
164,200,GET
165,200,GET
166,200,GET
167,200,GET
168,200,GET
169,200,GET
170,200,GET
171,200,GET
172,200,GET
173,200,GET
174,200,GET
175,200,GET
176,200,GET
177,200,GET
178,200,GET
179,200,GET
180,200,GET
181,200,GET
182,200,GET
183,200,GET
184,200,GET
185,200,GET
186,200,GET
187,200,GET
188,200,GET
189,200,GET
190,200,GET
191,200,GET
192,200,GET
193,200,GET
194,200,GET
195,200,GET
196,200,GET
197,200,GET
198,200,GET
199,200,GET
200,200,GET
201,200,GET
202,200,GET
203,200,GET
204,200,GET
205,200,GET
206,200,GET
207,200,GET
208,200,GET
209,200,GET
210,200,GET
211,200,GET
212,200,GET
213,200,GET
214,200,GET
215,200,GET
216,200,GET
217,200,GET
218,200,GET
219,200,GET
220,200,GET
221,200,GET
222,200,GET
223,200,GET
224,200,GET
225,200,GET
226,200,GET
227,200,GET
228,200,GET
229,200,GET
230,200,GET
231,200,GET
232,200,GET
233,200,GET
234,200,GET
235,200,GET
236,200,GET
237,200,GET
238,200,GET
239,200,GET
240,200,GET
241,200,GET
242,200,GET
243,200,GET
244,200,GET
245,200,GET
246,200,GET
247,200,GET
248,200,GET
249,200,GET
250,200,GET
251,200,GET
252,200,GET
253,200,GET
254,200,GET
255,200,GET
256,200,GET
257,200,GET
258,200,GET
259,200,GET
260,200,GET
261,200,GET
262,200,GET
263,200,GET
264,200,GET
265,200,GET
266,200,GET
267,200,GET
268,200,GET
269,200,GET
270,200,GET
271,200,GET
272,200,GET
273,200,GET
274,200,GET
275,200,GET
276,200,GET
277,200,GET
278,200,GET
279,200,GET
280,200,GET
281,200,GET
282,200,GET
283,200,GET
284,200,GET
285,200,GET
286,200,GET
287,200,GET
288,200,GET
289,200,GET
290,200,GET
291,200,GET
292,200,GET
293,200,GET
294,200,GET
295,200,GET
296,200,GET
297,200,GET
298,200,GET
299,200,GET
300,200,GET
301,200,GET
302,200,GET
303,200,GET
304,200,GET
305,200,GET
306,200,GET
307,200,GET
308,200,GET
309,200,GET
310,200,GET
311,200,GET
312,200,GET
313,200,GET
314,200,GET
315,200,GET
316,200,GET
317,200,GET
318,200,GET
319,200,GET
320,200,GET
321,200,GET
322,200,GET
323,200,GET
324,200,GET
325,200,GET
326,200,GET
327,200,GET
328,200,GET
329,200,GET
330,200,GET
331,200,GET
332,200,GET
333,200,GET
334,200,GET
335,200,GET
336,200,GET
337,200,GET
338,200,GET
339,200,GET
340,200,GET
341,200,GET
342,200,GET
343,200,GET
344,200,GET
345,200,GET
346,200,GET
347,200,GET
348,200,GET
349,200,GET
350,200,GET
351,200,GET
352,200,GET
353,200,GET
354,200,GET
355,200,GET
356,200,GET
357,200,GET
358,200,GET
359,200,GET
360,200,GET
361,200,GET
362,200,GET
363,200,GET
364,200,GET
365,200,GET
366,200,GET
367,200,GET
368,200,GET
369,200,GET
370,200,GET
371,200,GET
372,200,GET
373,200,GET
374,200,GET
375,200,GET
376,200,GET
377,200,GET
378,200,GET
379,200,GET
380,200,GET
381,200,GET
382,200,GET
383,200,GET
384,200,GET
385,200,GET
386,200,GET
387,200,GET
388,200,GET
389,200,GET
390,200,GET
391,200,GET
392,200,GET
393,200,GET
394,200,GET
395,200,GET
396,200,GET
397,200,GET
398,200,GET
399,200,GET
400,200,GET
401,200,GET
402,200,GET
403,200,GET
404,200,GET
405,200,GET
406,200,GET
407,200,GET
408,200,GET
409,200,GET
410,200,GET
411,200,GET
412,200,GET
413,200,GET
414,200,GET
415,200,GET
416,200,GET
417,200,GET
418,200,GET
419,200,GET
420,200,GET
421,200,GET
422,200,GET
423,200,GET
424,200,GET
425,200,GET
426,200,GET
427,200,GET
428,200,GET
429,200,GET
430,200,GET
431,200,GET
432,200,GET
433,200,GET
434,200,GET
435,200,GET
436,200,GET
437,200,GET
438,200,GET
439,200,GET
440,200,GET
441,200,GET
442,200,GET
443,200,GET
444,200,GET
445,200,GET
446,200,GET
447,200,GET
448,200,GET
449,200,GET
450,200,GET
451,200,GET
452,200,GET
453,200,GET
454,200,GET
455,200,GET
456,200,GET
457,200,GET
458,200,GET
459,200,GET
460,200,GET
461,200,GET
462,200,GET
463,200,GET
464,200,GET
465,200,GET
466,200,GET
467,200,GET
468,200,GET
469,200,GET
470,200,GET
471,200,GET
472,200,GET
473,200,GET
474,200,GET
475,200,GET
476,200,GET
477,200,GET
478,200,GET
479,200,GET
480,200,GET
481,200,GET
482,200,GET
483,200,GET
484,200,GET
485,200,GET
486,200,GET
487,200,GET
488,200,GET
489,200,GET
490,200,GET
491,200,GET
492,200,GET
493,200,GET
494,200,GET
495,200,GET
496,200,GET
497,200,GET
498,200,GET
499,200,GET
500,200,GET
501,200,GET
502,200,GET
503,200,GET
504,200,GET
505,200,GET
506,200,GET
507,200,GET
508,200,GET
509,200,GET
510,200,GET
511,200,GET
512,200,GET
513,200,GET
514,200,GET
515,200,GET
516,200,GET
517,200,GET
518,200,GET
519,200,GET
520,200,GET
521,200,GET
522,200,GET
523,200,GET
524,200,GET
525,200,GET
526,200,GET
527,200,GET
528,200,GET
529,200,GET
530,200,GET
531,200,GET
532,200,GET
533,200,GET
534,200,GET
535,200,GET
536,200,GET
537,200,GET
538,200,GET
539,200,GET
540,200,GET
541,200,GET
542,200,GET
543,200,GET
544,200,GET
545,200,GET
546,200,GET
547,200,GET
548,200,GET
549,200,GET
550,200,GET
551,200,GET
552,200,GET
553,200,GET
554,200,GET
555,200,GET
556,200,GET
557,200,GET
558,200,GET
559,200,GET
560,200,GET
561,200,GET
562,200,GET
563,200,GET
564,200,GET
565,200,GET
566,200,GET
567,200,GET
568,200,GET
569,200,GET
570,200,GET
571,200,GET
572,200,GET
573,200,GET
574,200,GET
575,200,GET
576,200,GET
577,200,GET
578,200,GET
579,200,GET
580,200,GET
581,200,GET
582,200,GET
583,200,GET
584,200,GET
585,200,GET
586,200,GET
587,200,GET
588,200,GET
589,200,GET
590,200,GET
591,200,GET
592,200,GET
593,200,GET
594,200,GET
595,200,GET
596,200,GET
597,200,GET
598,200,GET
599,200,GET
600,200,GET
601,200,GET
602,200,GET
603,200,GET
604,200,GET
605,200,GET
606,200,GET
607,200,GET
608,200,GET
609,200,GET
610,200,GET
611,200,GET
612,200,GET
613,200,GET
614,200,GET
615,200,GET
616,200,GET
617,200,GET
618,200,GET
619,200,GET
620,200,GET
621,200,GET
622,200,GET
623,200,GET
624,200,GET
625,200,GET
626,200,GET
627,200,GET
628,200,GET
629,200,GET
630,200,GET
631,200,GET
632,200,GET
633,200,GET
634,200,GET
635,200,GET
636,200,GET
637,200,GET
638,200,GET
639,200,GET
640,200,GET
641,200,GET
642,200,GET
643,200,GET
644,200,GET
645,200,GET
646,200,GET
647,200,GET
648,200,GET
649,200,GET
650,200,GET
651,200,GET
652,200,GET
653,200,GET
654,200,GET
655,200,GET
656,200,GET
657,200,GET
658,200,GET
659,200,GET
660,200,GET
661,200,GET
662,200,GET
663,200,GET
664,200,GET
665,200,GET
666,200,GET
667,200,GET
668,200,GET
669,200,GET
670,200,GET
671,200,GET
672,200,GET
673,200,GET
674,200,GET
675,200,GET
676,200,GET
677,200,GET
678,200,GET
679,200,GET
680,200,GET
681,200,GET
682,200,GET
683,200,GET
684,200,GET
685,200,GET
686,200,GET
687,200,GET
688,200,GET
689,200,GET
690,200,GET
691,200,GET
692,200,GET
693,200,GET
694,200,GET
695,200,GET
696,200,GET
697,200,GET
698,200,GET
699,200,GET
700,200,GET
701,200,GET
702,200,GET
703,200,GET
704,200,GET
705,200,GET
706,200,GET
707,200,GET
708,200,GET
709,200,GET
710,200,GET
711,200,GET
712,200,GET
713,200,GET
714,200,GET
715,200,GET
716,200,GET
717,200,GET
718,200,GET
719,200,GET
720,200,GET
721,200,GET
722,200,GET
723,200,GET
724,200,GET
725,200,GET
726,200,GET
727,200,GET
728,200,GET
729,200,GET
730,200,GET
731,200,GET
732,200,GET
733,200,GET
734,200,GET
735,200,GET
736,200,GET
737,200,GET
738,200,GET
739,200,GET
740,200,GET
741,200,GET
742,200,GET
743,200,GET
744,200,GET
745,200,GET
746,200,GET
747,200,GET
748,200,GET
749,200,GET
750,200,GET
751,200,GET
752,200,GET
753,200,GET
754,200,GET
755,200,GET
756,200,GET
757,200,GET
758,200,GET
759,200,GET
760,200,GET
761,200,GET
762,200,GET
763,200,GET
764,200,GET
765,200,GET
766,200,GET
767,200,GET
768,200,GET
769,200,GET
770,200,GET
771,200,GET
772,200,GET
773,200,GET
774,200,GET
775,200,GET
776,200,GET
777,200,GET
778,200,GET
779,200,GET
780,200,GET
781,200,GET
782,200,GET
783,200,GET
784,200,GET
785,200,GET
786,200,GET
787,200,GET
788,200,GET
789,200,GET
790,200,GET
791,200,GET
792,200,GET
793,200,GET
794,200,GET
795,200,GET
796,200,GET
797,200,GET
798,200,GET
799,200,GET
800,200,GET
801,200,GET
802,200,GET
803,200,GET
804,200,GET
805,200,GET
806,200,GET
807,200,GET
808,200,GET
809,200,GET
810,200,GET
811,200,GET
812,200,GET
813,200,GET
814,200,GET
815,200,GET
816,200,GET
817,200,GET
818,200,GET
819,200,GET
820,200,GET
821,200,GET
822,200,GET
823,200,GET
824,200,GET
825,200,GET
826,200,GET
827,200,GET
828,200,GET
829,200,GET
830,200,GET
831,200,GET
832,200,GET
833,200,GET
834,200,GET
835,200,GET
836,200,GET
837,200,GET
838,200,GET
839,200,GET
840,200,GET
841,200,GET
842,200,GET
843,200,GET
844,200,GET
845,200,GET
846,200,GET
847,200,GET
848,200,GET
849,200,GET
850,200,GET
851,200,GET
852,200,GET
853,200,GET
854,200,GET
855,200,GET
856,200,GET
857,200,GET
858,200,GET
859,200,GET
860,200,GET
861,200,GET
862,200,GET
863,200,GET
864,200,GET
865,200,GET
866,200,GET
867,200,GET
868,200,GET
869,200,GET
870,200,GET
871,200,GET
872,200,GET
873,200,GET
874,200,GET
875,200,GET
876,200,GET
877,200,GET
878,200,GET
879,200,GET
880,200,GET
881,200,GET
882,200,GET
883,200,GET
884,200,GET
885,200,GET
886,200,GET
887,200,GET
888,200,GET
889,200,GET
890,200,GET
891,200,GET
892,200,GET
893,200,GET
894,200,GET
895,200,GET
896,200,GET
897,200,GET
898,200,GET
899,200,GET
900,200,GET
901,200,GET
902,200,GET
903,200,GET
904,200,GET
905,200,GET
906,200,GET
907,200,GET
908,200,GET
909,200,GET
910,200,GET
911,200,GET
912,200,GET
913,200,GET
914,200,GET
915,200,GET
916,200,GET
917,200,GET
918,200,GET
919,200,GET
920,200,GET
921,200,GET
922,200,GET
923,200,GET
924,200,GET
925,200,GET
926,200,GET
927,200,GET
928,200,GET
929,200,GET
930,200,GET
931,200,GET
932,200,GET
933,200,GET
934,200,GET
935,200,GET
936,200,GET
937,200,GET
938,200,GET
939,200,GET
940,200,GET
941,200,GET
942,200,GET
943,200,GET
944,200,GET
945,200,GET
946,200,GET
947,200,GET
948,200,GET
949,200,GET
950,200,GET
951,200,GET
952,200,GET
953,200,GET
954,200,GET
955,200,GET
956,200,GET
957,200,GET
958,200,GET
959,200,GET
960,200,GET
961,200,GET
962,200,GET
963,200,GET
964,200,GET
965,200,GET
966,200,GET
967,200,GET
968,200,GET
969,200,GET
970,200,GET
971,200,GET
972,200,GET
973,200,GET
974,200,GET
975,200,GET
976,200,GET
977,200,GET
978,200,GET
979,200,GET
980,200,GET
981,200,GET
982,200,GET
983,200,GET
984,200,GET
985,200,GET
986,200,GET
987,200,GET
988,200,GET
989,200,GET
990,200,GET
991,200,GET
992,200,GET
993,200,GET
994,200,GET
995,200,GET
996,200,GET
997,200,GET
998,200,GET
999,200,GET
1000,200,GET
1001,200,GET
1002,200,GET
1003,200,GET
1004,200,GET
1005,200,GET
1006,200,GET
1007,200,GET
1008,200,GET
1009,200,GET
1010,200,GET
1011,200,GET
1012,200,GET
1013,200,GET
1014,200,GET
1015,200,GET
1016,200,GET
1017,200,GET
1018,200,GET
1019,200,GET
1020,200,GET
1021,200,GET
1022,200,GET
1023,200,GET
1024,200,GET
1025,200,GET
1026,200,GET
1027,200,GET
1028,200,GET
1029,200,GET
1030,200,GET
1031,200,GET
1032,200,GET
1033,200,GET
1034,200,GET
1035,200,GET
1036,200,GET
1037,200,GET
1038,200,GET
1039,200,GET
1040,200,GET
1041,200,GET
1042,200,GET
1043,200,GET
1044,200,GET
1045,200,GET
1046,200,GET
1047,200,GET
1048,200,GET
1049,200,GET
1050,200,GET
1051,200,GET
1052,200,GET
1053,200,GET
1054,200,GET
1055,200,GET
1056,200,GET
1057,200,GET
1058,200,GET
1059,200,GET
1060,200,GET
1061,200,GET
1062,200,GET
1063,200,GET
1064,200,GET
1065,200,GET
1066,200,GET
1067,200,GET
1068,200,GET
1069,200,GET
1070,200,GET
1071,200,GET
1072,200,GET
1073,200,GET
1074,200,GET
1075,200,GET
1076,200,GET
1077,200,GET
1078,200,GET
1079,200,GET
1080,200,GET
1081,200,GET
1082,200,GET
1083,200,GET
1084,200,GET
1085,200,GET
1086,200,GET
1087,200,GET
1088,200,GET
1089,200,GET
1090,200,GET
1091,200,GET
1092,200,GET
1093,200,GET
1094,200,GET
1095,200,GET
1096,200,GET
1097,200,GET
1098,200,GET
1099,200,GET
1100,200,GET
1101,200,GET
1102,200,GET
1103,200,GET
1104,200,GET
1105,200,GET
1106,200,GET
1107,200,GET
1108,200,GET
1109,200,GET
1110,200,GET
1111,200,GET
1112,200,GET
1113,200,GET
1114,200,GET
1115,200,GET
1116,200,GET
1117,200,GET
1118,200,GET
1119,200,GET
1120,200,GET
1121,200,GET
1122,200,GET
1123,200,GET
1124,200,GET
1125,200,GET
1126,200,GET
1127,200,GET
1128,200,GET
1129,200,GET
1130,200,GET
1131,200,GET
1132,200,GET
1133,200,GET
1134,200,GET
1135,200,GET
1136,200,GET
1137,200,GET
1138,200,GET
1139,200,GET
1140,200,GET
1141,200,GET
1142,200,GET
1143,200,GET
1144,200,GET
1145,200,GET
1146,200,GET
1147,200,GET
1148,200,GET
1149,200,GET
1150,200,GET
1151,200,GET
1152,200,GET
1153,200,GET
1154,200,GET
1155,200,GET
1156,200,GET
1157,200,GET
1158,200,GET
1159,200,GET
1160,200,GET
1161,200,GET
1162,200,GET
1163,200,GET
1164,200,GET
1165,200,GET
1166,200,GET
1167,200,GET
1168,200,GET
1169,200,GET
1170,200,GET
1171,200,GET
1172,200,GET
1173,200,GET
1174,200,GET
1175,200,GET
1176,200,GET
1177,200,GET
1178,200,GET
1179,200,GET
1180,200,GET
1181,200,GET
1182,200,GET
1183,200,GET
1184,200,GET
1185,200,GET
1186,200,GET
1187,200,GET
1188,200,GET
1189,200,GET
1190,200,GET
1191,200,GET
1192,200,GET
1193,200,GET
1194,200,GET
1195,200,GET
1196,200,GET
1197,200,GET
1198,200,GET
1199,200,GET
1200,200,GET
1201,200,GET
1202,200,GET
1203,200,GET
1204,200,GET
1205,200,GET
1206,200,GET
1207,200,GET
1208,200,GET
1209,200,GET
1210,200,GET
1211,200,GET
1212,200,GET
1213,200,GET
1214,200,GET
1215,200,GET
1216,200,GET
1217,200,GET
1218,200,GET
1219,200,GET
1220,200,GET
1221,200,GET
1222,200,GET
1223,200,GET
1224,200,GET
1225,200,GET
1226,200,GET
1227,200,GET
1228,200,GET
1229,200,GET
1230,200,GET
1231,200,GET
1232,200,GET
1233,200,GET
1234,200,GET
1235,200,GET
1236,200,GET
1237,200,GET
1238,200,GET
1239,200,GET
1240,200,GET
1241,200,GET
1242,200,GET
1243,200,GET
1244,200,GET
1245,200,GET
1246,200,GET
1247,200,GET
1248,200,GET
1249,200,GET
1250,200,GET
1251,200,GET
1252,200,GET
1253,200,GET
1254,200,GET
1255,200,GET
1256,200,GET
1257,200,GET
1258,200,GET
1259,200,GET
1260,200,GET
1261,200,GET
1262,200,GET
1263,200,GET
1264,200,GET
1265,200,GET
1266,200,GET
1267,200,GET
1268,200,GET
1269,200,GET
1270,200,GET
1271,200,GET
1272,200,GET
1273,200,GET
1274,200,GET
1275,200,GET
1276,200,GET
1277,200,GET
1278,200,GET
1279,200,GET
1280,200,GET
1281,200,GET
1282,200,GET
1283,200,GET
1284,200,GET
1285,200,GET
1286,200,GET
1287,200,GET
1288,200,GET
1289,200,GET
1290,200,GET
1291,200,GET
1292,200,GET
1293,200,GET
1294,200,GET
1295,200,GET
1296,200,GET
1297,200,GET
1298,200,GET
1299,200,GET
1300,200,GET
1301,200,GET
1302,200,GET
1303,200,GET
1304,200,GET
1305,200,GET
1306,200,GET
1307,200,GET
1308,200,GET
1309,200,GET
1310,200,GET
1311,200,GET
1312,200,GET
1313,200,GET
1314,200,GET
1315,200,GET
1316,200,GET
1317,200,GET
1318,200,GET
1319,200,GET
1320,200,GET
1321,200,GET
1322,200,GET
1323,200,GET
1324,200,GET
1325,200,GET
1326,200,GET
1327,200,GET
1328,200,GET
1329,200,GET
1330,200,GET
1331,200,GET
1332,200,GET
1333,200,GET
1334,200,GET
1335,200,GET
1336,200,GET
1337,200,GET
1338,200,GET
1339,200,GET
1340,200,GET
1341,200,GET
1342,200,GET
1343,200,GET
1344,200,GET
1345,200,GET
1346,200,GET
1347,200,GET
1348,200,GET
1349,200,GET
1350,200,GET
1351,200,GET
1352,200,GET
1353,200,GET
1354,200,GET
1355,200,GET
1356,200,GET
1357,200,GET
1358,200,GET
1359,200,GET
1360,200,GET
1361,200,GET
1362,200,GET
1363,200,GET
1364,200,GET
1365,200,GET
1366,200,GET
1367,200,GET
1368,200,GET
1369,200,GET
1370,200,GET
1371,200,GET
1372,200,GET
1373,200,GET
1374,200,GET
1375,200,GET
1376,200,GET
1377,200,GET
1378,200,GET
1379,200,GET
1380,200,GET
1381,200,GET
1382,200,GET
1383,200,GET
1384,200,GET
1385,200,GET
1386,200,GET
1387,200,GET
1388,200,GET
1389,200,GET
1390,200,GET
1391,200,GET
1392,200,GET
1393,200,GET
1394,200,GET
1395,200,GET
1396,200,GET
1397,200,GET
1398,200,GET
1399,200,GET
1400,200,GET
1401,200,GET
1402,200,GET
1403,200,GET
1404,200,GET
1405,200,GET
1406,200,GET
1407,200,GET
1408,200,GET
1409,200,GET
1410,200,GET
1411,200,GET
1412,200,GET
1413,200,GET
1414,200,GET
1415,200,GET
1416,200,GET
1417,200,GET
1418,200,GET
1419,200,GET
1420,200,GET
1421,200,GET
1422,200,GET
1423,200,GET
1424,200,GET
1425,200,GET
1426,200,GET
1427,200,GET
1428,200,GET
1429,200,GET
1430,200,GET
1431,200,GET
1432,200,GET
1433,200,GET
1434,200,GET
1435,200,GET
1436,200,GET
1437,200,GET
1438,200,GET
1439,200,GET
1440,200,GET
1441,200,GET
1442,200,GET
1443,200,GET
1444,200,GET
1445,200,GET
1446,200,GET
1447,200,GET
1448,200,GET
1449,200,GET
1450,200,GET
1451,200,GET
1452,200,GET
1453,200,GET
1454,200,GET
1455,200,GET
1456,200,GET
1457,200,GET
1458,200,GET
1459,200,GET
1460,200,GET
1461,200,GET
1462,200,GET
1463,200,GET
1464,200,GET
1465,200,GET
1466,200,GET
1467,200,GET
1468,200,GET
1469,200,GET
1470,200,GET
1471,200,GET
1472,200,GET
1473,200,GET
1474,200,GET
1475,200,GET
1476,200,GET
1477,200,GET
1478,200,GET
1479,200,GET
1480,200,GET
1481,200,GET
1482,200,GET
1483,200,GET
1484,200,GET
1485,200,GET
1486,200,GET
1487,200,GET
1488,200,GET
1489,200,GET
1490,200,GET
1491,200,GET
1492,200,GET
1493,200,GET
1494,200,GET
1495,200,GET
1496,200,GET
1497,200,GET
1498,200,GET
1499,200,GET
1500,200,GET
1501,200,GET
1502,200,GET
1503,200,GET
1504,200,GET
1505,200,GET
1506,200,GET
1507,200,GET
1508,200,GET
1509,200,GET
1510,200,GET
1511,200,GET
1512,200,GET
1513,200,GET
1514,200,GET
1515,200,GET
1516,200,GET
1517,200,GET
1518,200,GET
1519,200,GET
1520,200,GET
1521,200,GET
1522,200,GET
1523,200,GET
1524,200,GET
1525,200,GET
1526,200,GET
1527,200,GET
1528,200,GET
1529,200,GET
1530,200,GET
1531,200,GET
1532,200,GET
1533,200,GET
1534,200,GET
1535,200,GET
1536,200,GET
1537,200,GET
1538,200,GET
1539,200,GET
1540,200,GET
1541,200,GET
1542,200,GET
1543,200,GET
1544,200,GET
1545,200,GET
1546,200,GET
1547,200,GET
1548,200,GET
1549,200,GET
1550,200,GET
1551,200,GET
1552,200,GET
1553,200,GET
1554,200,GET
1555,200,GET
1556,200,GET
1557,200,GET
1558,200,GET
1559,200,GET
1560,200,GET
1561,200,GET
1562,200,GET
1563,200,GET
1564,200,GET
1565,200,GET
1566,200,GET
1567,200,GET
1568,200,GET
1569,200,GET
1570,200,GET
1571,200,GET
1572,200,GET
1573,200,GET
1574,200,GET
1575,200,GET
1576,200,GET
1577,200,GET
1578,200,GET
1579,200,GET
1580,200,GET
1581,200,GET
1582,200,GET
1583,200,GET
1584,200,GET
1585,200,GET
1586,200,GET
1587,200,GET
1588,200,GET
1589,200,GET
1590,200,GET
1591,200,GET
1592,200,GET
1593,200,GET
1594,200,GET
1595,200,GET
1596,200,GET
1597,200,GET
1598,200,GET
1599,200,GET
1600,200,GET
1601,200,GET
1602,200,GET
1603,200,GET
1604,200,GET
1605,200,GET
1606,200,GET
1607,200,GET
1608,200,GET
1609,200,GET
1610,200,GET
1611,200,GET
1612,200,GET
1613,200,GET
1614,200,GET
1615,200,GET
1616,200,GET
1617,200,GET
1618,200,GET
1619,200,GET
1620,200,GET
1621,200,GET
1622,200,GET
1623,200,GET
1624,200,GET
1625,200,GET
1626,200,GET
1627,200,GET
1628,200,GET
1629,200,GET
1630,200,GET
1631,200,GET
1632,200,GET
1633,200,GET
1634,200,GET
1635,200,GET
1636,200,GET
1637,200,GET
1638,200,GET
1639,200,GET
1640,200,GET
1641,200,GET
1642,200,GET
1643,200,GET
1644,200,GET
1645,200,GET
1646,200,GET
1647,200,GET
1648,200,GET
1649,200,GET
1650,200,GET
1651,200,GET
1652,200,GET
1653,200,GET
1654,200,GET
1655,200,GET
1656,200,GET
1657,200,GET
1658,200,GET
1659,200,GET
1660,200,GET
1661,200,GET
1662,200,GET
1663,200,GET
1664,200,GET
1665,200,GET
1666,200,GET
1667,200,GET
1668,200,GET
1669,200,GET
1670,200,GET
1671,200,GET
1672,200,GET
1673,200,GET
1674,200,GET
1675,200,GET
1676,200,GET
1677,200,GET
1678,200,GET
1679,200,GET
1680,200,GET
1681,200,GET
1682,200,GET
1683,200,GET
1684,200,GET
1685,200,GET
1686,200,GET
1687,200,GET
1688,200,GET
1689,200,GET
1690,200,GET
1691,200,GET
1692,200,GET
1693,200,GET
1694,200,GET
1695,200,GET
1696,200,GET
1697,200,GET
1698,200,GET
1699,200,GET
1700,200,GET
1701,200,GET
1702,200,GET
1703,200,GET
1704,200,GET
1705,200,GET
1706,200,GET
1707,200,GET
1708,200,GET
1709,200,GET
1710,200,GET
1711,200,GET
1712,200,GET
1713,200,GET
1714,200,GET
1715,200,GET
1716,200,GET
1717,200,GET
1718,200,GET
1719,200,GET
1720,200,GET
1721,200,GET
1722,200,GET
1723,200,GET
1724,200,GET
1725,200,GET
1726,200,GET
1727,200,GET
1728,200,GET
1729,200,GET
1730,200,GET
1731,200,GET
1732,200,GET
1733,200,GET
1734,200,GET
1735,200,GET
1736,200,GET
1737,200,GET
1738,200,GET
1739,200,GET
1740,200,GET
1741,200,GET
1742,200,GET
1743,200,GET
1744,200,GET
1745,200,GET
1746,200,GET
1747,200,GET
1748,200,GET
1749,200,GET
1750,200,GET
1751,200,GET
1752,200,GET
1753,200,GET
1754,200,GET
1755,200,GET
1756,200,GET
1757,200,GET
1758,200,GET
1759,200,GET
1760,200,GET
1761,200,GET
1762,200,GET
1763,200,GET
1764,200,GET
1765,200,GET
1766,200,GET
1767,200,GET
1768,200,GET
1769,200,GET
1770,200,GET
1771,200,GET
1772,200,GET
1773,200,GET
1774,200,GET
1775,200,GET
1776,200,GET
1777,200,GET
1778,200,GET
1779,200,GET
1780,200,GET
1781,200,GET
1782,200,GET
1783,200,GET
1784,200,GET
1785,200,GET
1786,200,GET
1787,200,GET
1788,200,GET
1789,200,GET
1790,200,GET
1791,200,GET
1792,200,GET
1793,200,GET
1794,200,GET
1795,200,GET
1796,200,GET
1797,200,GET
1798,200,GET
1799,200,GET
1800,200,GET
1801,200,GET
1802,200,GET
1803,200,GET
1804,200,GET
1805,200,GET
1806,200,GET
1807,200,GET
1808,200,GET
1809,200,GET
1810,200,GET
1811,200,GET
1812,200,GET
1813,200,GET
1814,200,GET
1815,200,GET
1816,200,GET
1817,200,GET
1818,200,GET
1819,200,GET
1820,200,GET
1821,200,GET
1822,200,GET
1823,200,GET
1824,200,GET
1825,200,GET
1826,200,GET
1827,200,GET
1828,200,GET
1829,200,GET
1830,200,GET
1831,200,GET
1832,200,GET
1833,200,GET
1834,200,GET
1835,200,GET
1836,200,GET
1837,200,GET
1838,200,GET
1839,200,GET
1840,200,GET
1841,200,GET
1842,200,GET
1843,200,GET
1844,200,GET
1845,200,GET
1846,200,GET
1847,200,GET
1848,200,GET
1849,200,GET
1850,200,GET
1851,200,GET
1852,200,GET
1853,200,GET
1854,200,GET
1855,200,GET
1856,200,GET
1857,200,GET
1858,200,GET
1859,200,GET
1860,200,GET
1861,200,GET
1862,200,GET
1863,200,GET
1864,200,GET
1865,200,GET
1866,200,GET
1867,200,GET
1868,200,GET
1869,200,GET
1870,200,GET
1871,200,GET
1872,200,GET
1873,200,GET
1874,200,GET
1875,200,GET
1876,200,GET
1877,200,GET
1878,200,GET
1879,200,GET
1880,200,GET
1881,200,GET
1882,200,GET
1883,200,GET
1884,200,GET
1885,200,GET
1886,200,GET
1887,200,GET
1888,200,GET
1889,200,GET
1890,200,GET
1891,200,GET
1892,200,GET
1893,200,GET
1894,200,GET
1895,200,GET
1896,200,GET
1897,200,GET
1898,200,GET
1899,200,GET
1900,200,GET
1901,200,GET
1902,200,GET
1903,200,GET
1904,200,GET
1905,200,GET
1906,200,GET
1907,200,GET
1908,200,GET
1909,200,GET
1910,200,GET
1911,200,GET
1912,200,GET
1913,200,GET
1914,200,GET
1915,200,GET
1916,200,GET
1917,200,GET
1918,200,GET
1919,200,GET
1920,200,GET
1921,200,GET
1922,200,GET
1923,200,GET
1924,200,GET
1925,200,GET
1926,200,GET
1927,200,GET
1928,200,GET
1929,200,GET
1930,200,GET
1931,200,GET
1932,200,GET
1933,200,GET
1934,200,GET
1935,200,GET
1936,200,GET
1937,200,GET
1938,200,GET
1939,200,GET
1940,200,GET
1941,200,GET
1942,200,GET
1943,200,GET
1944,200,GET
1945,200,GET
1946,200,GET
1947,200,GET
1948,200,GET
1949,200,GET
1950,200,GET
1951,200,GET
1952,200,GET
1953,200,GET
1954,200,GET
1955,200,GET
1956,200,GET
1957,200,GET
1958,200,GET
1959,200,GET
1960,200,GET
1961,200,GET
1962,200,GET
1963,200,GET
1964,200,GET
1965,200,GET
1966,200,GET
1967,200,GET
1968,200,GET
1969,200,GET
1970,200,GET
1971,200,GET
1972,200,GET
1973,200,GET
1974,200,GET
1975,200,GET
1976,200,GET
1977,200,GET
1978,200,GET
1979,200,GET
1980,200,GET
1981,200,GET
1982,200,GET
1983,200,GET
1984,200,GET
1985,200,GET
1986,200,GET
1987,200,GET
1988,200,GET
1989,200,GET
1990,200,GET
1991,200,GET
1992,200,GET
1993,200,GET
1994,200,GET
1995,200,GET
1996,200,GET
1997,200,GET
1998,200,GET
1999,200,GET
2000,200,GET
2001,200,GET
2002,200,GET
2003,200,GET
2004,200,GET
2005,200,GET
2006,200,GET
2007,200,GET
2008,200,GET
2009,200,GET
2010,200,GET
2011,200,GET
2012,200,GET
2013,200,GET
2014,200,GET
2015,200,GET
2016,200,GET
2017,200,GET
2018,200,GET
2019,200,GET
2020,200,GET
2021,200,GET
2022,200,GET
2023,200,GET
2024,200,GET
2025,200,GET
2026,200,GET
2027,200,GET
2028,200,GET
2029,200,GET
2030,200,GET
2031,200,GET
2032,200,GET
2033,200,GET
2034,200,GET
2035,200,GET
2036,200,GET
2037,200,GET
2038,200,GET
2039,200,GET
2040,200,GET
2041,200,GET
2042,200,GET
2043,200,GET
2044,200,GET
2045,200,GET
2046,200,GET
2047,200,GET
2048,200,GET
2049,200,GET
2050,200,GET
2051,200,GET
2052,200,GET
2053,200,GET
2054,200,GET
2055,200,GET
2056,200,GET
2057,200,GET
2058,200,GET
2059,200,GET
2060,200,GET
2061,200,GET
2062,200,GET
2063,200,GET
2064,200,GET
2065,200,GET
2066,200,GET
2067,200,GET
2068,200,GET
2069,200,GET
2070,200,GET
2071,200,GET
2072,200,GET
2073,200,GET
2074,200,GET
2075,200,GET
2076,200,GET
2077,200,GET
2078,200,GET
2079,200,GET
2080,200,GET
2081,200,GET
2082,200,GET
2083,200,GET
2084,200,GET
2085,200,GET
2086,200,GET
2087,200,GET
2088,200,GET
2089,200,GET
2090,200,GET
2091,200,GET
2092,200,GET
2093,200,GET
2094,200,GET
2095,200,GET
2096,200,GET
2097,200,GET
2098,200,GET
2099,200,GET
2100,200,GET
2101,200,GET
2102,200,GET
2103,200,GET
2104,200,GET
2105,200,GET
2106,200,GET
2107,200,GET
2108,200,GET
2109,200,GET
2110,200,GET
2111,200,GET
2112,200,GET
2113,200,GET
2114,200,GET
2115,200,GET
2116,200,GET
2117,200,GET
2118,200,GET
2119,200,GET
2120,200,GET
2121,200,GET
2122,200,GET
2123,200,GET
2124,200,GET
2125,200,GET
2126,200,GET
2127,200,GET
2128,200,GET
2129,200,GET
2130,200,GET
2131,200,GET
2132,200,GET
2133,200,GET
2134,200,GET
2135,200,GET
2136,200,GET
2137,200,GET
2138,200,GET
2139,200,GET
2140,200,GET
2141,200,GET
2142,200,GET
2143,200,GET
2144,200,GET
2145,200,GET
2146,200,GET
2147,200,GET
2148,200,GET
2149,200,GET
2150,200,GET
2151,200,GET
2152,200,GET
2153,200,GET
2154,200,GET
2155,200,GET
2156,200,GET
2157,200,GET
2158,200,GET
2159,200,GET
2160,200,GET
2161,200,GET
2162,200,GET
2163,200,GET
2164,200,GET
2165,200,GET
2166,200,GET
2167,200,GET
2168,200,GET
2169,200,GET
2170,200,GET
2171,200,GET
2172,200,GET
2173,200,GET
2174,200,GET
2175,200,GET
2176,200,GET
2177,200,GET
2178,200,GET
2179,200,GET
2180,200,GET
2181,200,GET
2182,200,GET
2183,200,GET
2184,200,GET
2185,200,GET
2186,200,GET
2187,200,GET
2188,200,GET
2189,200,GET
2190,200,GET
2191,200,GET
2192,200,GET
2193,200,GET
2194,200,GET
2195,200,GET
2196,200,GET
2197,200,GET
2198,200,GET
2199,200,GET
2200,200,GET
2201,200,GET
2202,200,GET
2203,200,GET
2204,200,GET
2205,200,GET
2206,200,GET
2207,200,GET
2208,200,GET
2209,200,GET
2210,200,GET
2211,200,GET
2212,200,GET
2213,200,GET
2214,200,GET
2215,200,GET
2216,200,GET
2217,200,GET
2218,200,GET
2219,200,GET
2220,200,GET
2221,200,GET
2222,200,GET
2223,200,GET
2224,200,GET
2225,200,GET
2226,200,GET
2227,200,GET
2228,200,GET
2229,200,GET
2230,200,GET
2231,200,GET
2232,200,GET
2233,200,GET
2234,200,GET
2235,200,GET
2236,200,GET
2237,200,GET
2238,200,GET
2239,200,GET
2240,200,GET
2241,200,GET
2242,200,GET
2243,200,GET
2244,200,GET
2245,200,GET
2246,200,GET
2247,200,GET
2248,200,GET
2249,200,GET
2250,200,GET
2251,200,GET
2252,200,GET
2253,200,GET
2254,200,GET
2255,200,GET
2256,200,GET
2257,200,GET
2258,200,GET
2259,200,GET
2260,200,GET
2261,200,GET
2262,200,GET
2263,200,GET
2264,200,GET
2265,200,GET
2266,200,GET
2267,200,GET
2268,200,GET
2269,200,GET
2270,200,GET
2271,200,GET
2272,200,GET
2273,200,GET
2274,200,GET
2275,200,GET
2276,200,GET
2277,200,GET
2278,200,GET
2279,200,GET
2280,200,GET
2281,200,GET
2282,200,GET
2283,200,GET
2284,200,GET
2285,200,GET
2286,200,GET
2287,200,GET
2288,200,GET
2289,200,GET
2290,200,GET
2291,200,GET
2292,200,GET
2293,200,GET
2294,200,GET
2295,200,GET
2296,200,GET
2297,200,GET
2298,200,GET
2299,200,GET
2300,200,GET
2301,200,GET
2302,200,GET
2303,200,GET
2304,200,GET
2305,200,GET
2306,200,GET
2307,200,GET
2308,200,GET
2309,200,GET
2310,200,GET
2311,200,GET
2312,200,GET
2313,200,GET
2314,200,GET
2315,200,GET
2316,200,GET
2317,200,GET
2318,200,GET
2319,200,GET
2320,200,GET
2321,200,GET
2322,200,GET
2323,200,GET
2324,200,GET
2325,200,GET
2326,200,GET
2327,200,GET
2328,200,GET
2329,200,GET
2330,200,GET
2331,200,GET
2332,200,GET
2333,200,GET
2334,200,GET
2335,200,GET
2336,200,GET
2337,200,GET
2338,200,GET
2339,200,GET
2340,200,GET
2341,200,GET
2342,200,GET
2343,200,GET
2344,200,GET
2345,200,GET
2346,200,GET
2347,200,GET
2348,200,GET
2349,200,GET
2350,200,GET
2351,200,GET
2352,200,GET
2353,200,GET
2354,200,GET
2355,200,GET
2356,200,GET
2357,200,GET
2358,200,GET
2359,200,GET
2360,200,GET
2361,200,GET
2362,200,GET
2363,200,GET
2364,200,GET
2365,200,GET
2366,200,GET
2367,200,GET
2368,200,GET
2369,200,GET
2370,200,GET
2371,200,GET
2372,200,GET
2373,200,GET
2374,200,GET
2375,200,GET
2376,200,GET
2377,200,GET
2378,200,GET
2379,200,GET
2380,200,GET
2381,200,GET
2382,200,GET
2383,200,GET
2384,200,GET
2385,200,GET
2386,200,GET
2387,200,GET
2388,200,GET
2389,200,GET
2390,200,GET
2391,200,GET
2392,200,GET
2393,200,GET
2394,200,GET
2395,200,GET
2396,200,GET
2397,200,GET
2398,200,GET
2399,200,GET
2400,200,GET
2401,200,GET
2402,200,GET
2403,200,GET
2404,200,GET
2405,200,GET
2406,200,GET
2407,200,GET
2408,200,GET
2409,200,GET
2410,200,GET
2411,200,GET
2412,200,GET
2413,200,GET
2414,200,GET
2415,200,GET
2416,200,GET
2417,200,GET
2418,200,GET
2419,200,GET
2420,200,GET
2421,200,GET
2422,200,GET
2423,200,GET
2424,200,GET
2425,200,GET
2426,200,GET
2427,200,GET
2428,200,GET
2429,200,GET
2430,200,GET
2431,200,GET
2432,200,GET
2433,200,GET
2434,200,GET
2435,200,GET
2436,200,GET
2437,200,GET
2438,200,GET
2439,200,GET
2440,200,GET
2441,200,GET
2442,200,GET
2443,200,GET
2444,200,GET
2445,200,GET
2446,200,GET
2447,200,GET
2448,200,GET
2449,200,GET
2450,200,GET
2451,200,GET
2452,200,GET
2453,200,GET
2454,200,GET
2455,200,GET
2456,200,GET
2457,200,GET
2458,200,GET
2459,200,GET
2460,200,GET
2461,200,GET
2462,200,GET
2463,200,GET
2464,200,GET
2465,200,GET
2466,200,GET
2467,200,GET
2468,200,GET
2469,200,GET
2470,200,GET
2471,200,GET
2472,200,GET
2473,200,GET
2474,200,GET
2475,200,GET
2476,200,GET
2477,200,GET
2478,200,GET
2479,200,GET
2480,200,GET
2481,200,GET
2482,200,GET
2483,200,GET
2484,200,GET
2485,200,GET
2486,200,GET
2487,200,GET
2488,200,GET
2489,200,GET
2490,200,GET
2491,200,GET
2492,200,GET
2493,200,GET
2494,200,GET
2495,200,GET
2496,200,GET
2497,200,GET
2498,200,GET
2499,200,GET
2500,200,GET
2501,200,GET
2502,200,GET
2503,200,GET
2504,200,GET
2505,200,GET
2506,200,GET
2507,200,GET
2508,200,GET
2509,200,GET
2510,200,GET
2511,200,GET
2512,200,GET
2513,200,GET
2514,200,GET
2515,200,GET
2516,200,GET
2517,200,GET
2518,200,GET
2519,200,GET
2520,200,GET
2521,200,GET
2522,200,GET
2523,200,GET
2524,200,GET
2525,200,GET
2526,200,GET
2527,200,GET
2528,200,GET
2529,200,GET
2530,200,GET
2531,200,GET
2532,200,GET
2533,200,GET
2534,200,GET
2535,200,GET
2536,200,GET
2537,200,GET
2538,200,GET
2539,200,GET
2540,200,GET
2541,200,GET
2542,200,GET
2543,200,GET
2544,200,GET
2545,200,GET
2546,200,GET
2547,200,GET
2548,200,GET
2549,200,GET
2550,200,GET
2551,200,GET
2552,200,GET
2553,200,GET
2554,200,GET
2555,200,GET
2556,200,GET
2557,200,GET
2558,200,GET
2559,200,GET
2560,200,GET
2561,200,GET
2562,200,GET
2563,200,GET
2564,200,GET
2565,200,GET
2566,200,GET
2567,200,GET
2568,200,GET
2569,200,GET
2570,200,GET
2571,200,GET
2572,200,GET
2573,200,GET
2574,200,GET
2575,200,GET
2576,200,GET
2577,200,GET
2578,200,GET
2579,200,GET
2580,200,GET
2581,200,GET
2582,200,GET
2583,200,GET
2584,200,GET
2585,200,GET
2586,200,GET
2587,200,GET
2588,200,GET
2589,200,GET
2590,200,GET
2591,200,GET
2592,200,GET
2593,200,GET
2594,200,GET
2595,200,GET
2596,200,GET
2597,200,GET
2598,200,GET
2599,200,GET
2600,200,GET
2601,200,GET
2602,200,GET
2603,200,GET
2604,200,GET
2605,200,GET
2606,200,GET
2607,200,GET
2608,200,GET
2609,200,GET
2610,200,GET
2611,200,GET
2612,200,GET
2613,200,GET
2614,200,GET
2615,200,GET
2616,200,GET
2617,200,GET
2618,200,GET
2619,200,GET
2620,200,GET
2621,200,GET
2622,200,GET
2623,200,GET
2624,200,GET
2625,200,GET
2626,200,GET
2627,200,GET
2628,200,GET
2629,200,GET
2630,200,GET
2631,200,GET
2632,200,GET
2633,200,GET
2634,200,GET
2635,200,GET
2636,200,GET
2637,200,GET
2638,200,GET
2639,200,GET
2640,200,GET
2641,200,GET
2642,200,GET
2643,200,GET
2644,200,GET
2645,200,GET
2646,200,GET
2647,200,GET
2648,200,GET
2649,200,GET
2650,200,GET
2651,200,GET
2652,200,GET
2653,200,GET
2654,200,GET
2655,200,GET
2656,200,GET
2657,200,GET
2658,200,GET
2659,200,GET
2660,200,GET
2661,200,GET
2662,200,GET
2663,200,GET
2664,200,GET
2665,200,GET
2666,200,GET
2667,200,GET
2668,200,GET
2669,200,GET
2670,200,GET
2671,200,GET
2672,200,GET
2673,200,GET
2674,200,GET
2675,200,GET
2676,200,GET
2677,200,GET
2678,200,GET
2679,200,GET
2680,200,GET
2681,200,GET
2682,200,GET
2683,200,GET
2684,200,GET
2685,200,GET
2686,200,GET
2687,200,GET
2688,200,GET
2689,200,GET
2690,200,GET
2691,200,GET
2692,200,GET
2693,200,GET
2694,200,GET
2695,200,GET
2696,200,GET
2697,200,GET
2698,200,GET
2699,200,GET
2700,200,GET
2701,200,GET
2702,200,GET
2703,200,GET
2704,200,GET
2705,200,GET
2706,200,GET
2707,200,GET
2708,200,GET
2709,200,GET
2710,200,GET
2711,200,GET
2712,200,GET
2713,200,GET
2714,200,GET
2715,200,GET
2716,200,GET
2717,200,GET
2718,200,GET
2719,200,GET
2720,200,GET
2721,200,GET
2722,200,GET
2723,200,GET
2724,200,GET
2725,200,GET
2726,200,GET
2727,200,GET
2728,200,GET
2729,200,GET
2730,200,GET
2731,200,GET
2732,200,GET
2733,200,GET
2734,200,GET
2735,200,GET
2736,200,GET
2737,200,GET
2738,200,GET
2739,200,GET
2740,200,GET
2741,200,GET
2742,200,GET
2743,200,GET
2744,200,GET
2745,200,GET
2746,200,GET
2747,200,GET
2748,200,GET
2749,200,GET
2750,200,GET
2751,200,GET
2752,200,GET
2753,200,GET
2754,200,GET
2755,200,GET
2756,200,GET
2757,200,GET
2758,200,GET
2759,200,GET
2760,200,GET
2761,200,GET
2762,200,GET
2763,200,GET
2764,200,GET
2765,200,GET
2766,200,GET
2767,200,GET
2768,200,GET
2769,200,GET
2770,200,GET
2771,200,GET
2772,200,GET
2773,200,GET
2774,200,GET
2775,200,GET
2776,200,GET
2777,200,GET
2778,200,GET
2779,200,GET
2780,200,GET
2781,200,GET
2782,200,GET
2783,200,GET
2784,200,GET
2785,200,GET
2786,200,GET
2787,200,GET
2788,200,GET
2789,200,GET
2790,200,GET
2791,200,GET
2792,200,GET
2793,200,GET
2794,200,GET
2795,200,GET
2796,200,GET
2797,200,GET
2798,200,GET
2799,200,GET
2800,200,GET
2801,200,GET
2802,200,GET
2803,200,GET
2804,200,GET
2805,200,GET
2806,200,GET
2807,200,GET
2808,200,GET
2809,200,GET
2810,200,GET
2811,200,GET
2812,200,GET
2813,200,GET
2814,200,GET
2815,200,GET
2816,200,GET
2817,200,GET
2818,200,GET
2819,200,GET
2820,200,GET
2821,200,GET
2822,200,GET
2823,200,GET
2824,200,GET
2825,200,GET
2826,200,GET
2827,200,GET
2828,200,GET
2829,200,GET
2830,200,GET
2831,200,GET
2832,200,GET
2833,200,GET
2834,200,GET
2835,200,GET
2836,200,GET
2837,200,GET
2838,200,GET
2839,200,GET
2840,200,GET
2841,200,GET
2842,200,GET
2843,200,GET
2844,200,GET
2845,200,GET
2846,200,GET
2847,200,GET
2848,200,GET
2849,200,GET
2850,200,GET
2851,200,GET
2852,200,GET
2853,200,GET
2854,200,GET
2855,200,GET
2856,200,GET
2857,200,GET
2858,200,GET
2859,200,GET
2860,200,GET
2861,200,GET
2862,200,GET
2863,200,GET
2864,200,GET
2865,200,GET
2866,200,GET
2867,200,GET
2868,200,GET
2869,200,GET
2870,200,GET
2871,200,GET
2872,200,GET
2873,200,GET
2874,200,GET
2875,200,GET
2876,200,GET
2877,200,GET
2878,200,GET
2879,200,GET
2880,200,GET
2881,200,GET
2882,200,GET
2883,200,GET
2884,200,GET
2885,200,GET
2886,200,GET
2887,200,GET
2888,200,GET
2889,200,GET
2890,200,GET
2891,200,GET
2892,200,GET
2893,200,GET
2894,200,GET
2895,200,GET
2896,200,GET
2897,200,GET
2898,200,GET
2899,200,GET
2900,200,GET
2901,200,GET
2902,200,GET
2903,200,GET
2904,200,GET
2905,200,GET
2906,200,GET
2907,200,GET
2908,200,GET
2909,200,GET
2910,200,GET
2911,200,GET
2912,200,GET
2913,200,GET
2914,200,GET
2915,200,GET
2916,200,GET
2917,200,GET
2918,200,GET
2919,200,GET
2920,200,GET
2921,200,GET
2922,200,GET
2923,200,GET
2924,200,GET
2925,200,GET
2926,200,GET
2927,200,GET
2928,200,GET
2929,200,GET
2930,200,GET
2931,200,GET
2932,200,GET
2933,200,GET
2934,200,GET
2935,200,GET
2936,200,GET
2937,200,GET
2938,200,GET
2939,200,GET
2940,200,GET
2941,200,GET
2942,200,GET
2943,200,GET
2944,200,GET
2945,200,GET
2946,200,GET
2947,200,GET
2948,200,GET
2949,200,GET
2950,200,GET
2951,200,GET
2952,200,GET
2953,200,GET
2954,200,GET
2955,200,GET
2956,200,GET
2957,200,GET
2958,200,GET
2959,200,GET
2960,200,GET
2961,200,GET
2962,200,GET
2963,200,GET
2964,200,GET
2965,200,GET
2966,200,GET
2967,200,GET
2968,200,GET
2969,200,GET
2970,200,GET
2971,200,GET
2972,200,GET
2973,200,GET
2974,200,GET
2975,200,GET
2976,200,GET
2977,200,GET
2978,200,GET
2979,200,GET
2980,200,GET
2981,200,GET
2982,200,GET
2983,200,GET
2984,200,GET
2985,200,GET
2986,200,GET
2987,200,GET
2988,200,GET
2989,200,GET
2990,200,GET
2991,200,GET
2992,200,GET
2993,200,GET
2994,200,GET
2995,200,GET
2996,200,GET
2997,200,GET
2998,200,GET
2999,200,GET
3000,200,GET
3001,200,GET
3002,200,GET
3003,200,GET
3004,200,GET
3005,200,GET
3006,200,GET
3007,200,GET
3008,200,GET
3009,200,GET
3010,200,GET
3011,200,GET
3012,200,GET
3013,200,GET
3014,200,GET
3015,200,GET
3016,200,GET
3017,200,GET
3018,200,GET
3019,200,GET
3020,200,GET
3021,200,GET
3022,200,GET
3023,200,GET
3024,200,GET
3025,200,GET
3026,200,GET
3027,200,GET
3028,200,GET
3029,200,GET
3030,200,GET
3031,200,GET
3032,200,GET
3033,200,GET
3034,200,GET
3035,200,GET
3036,200,GET
3037,200,GET
3038,200,GET
3039,200,GET
3040,200,GET
3041,200,GET
3042,200,GET
3043,200,GET
3044,200,GET
3045,200,GET
3046,200,GET
3047,200,GET
3048,200,GET
3049,200,GET
3050,200,GET
3051,200,GET
3052,200,GET
3053,200,GET
3054,200,GET
3055,200,GET
3056,200,GET
3057,200,GET
3058,200,GET
3059,200,GET
3060,200,GET
3061,200,GET
3062,200,GET
3063,200,GET
3064,200,GET
3065,200,GET
3066,200,GET
3067,200,GET
3068,200,GET
3069,200,GET
3070,200,GET
3071,200,GET
3072,200,GET
3073,200,GET
3074,200,GET
3075,200,GET
3076,200,GET
3077,200,GET
3078,200,GET
3079,200,GET
3080,200,GET
3081,200,GET
3082,200,GET
3083,200,GET
3084,200,GET
3085,200,GET
3086,200,GET
3087,200,GET
3088,200,GET
3089,200,GET
3090,200,GET
3091,200,GET
3092,200,GET
3093,200,GET
3094,200,GET
3095,200,GET
3096,200,GET
3097,200,GET
3098,200,GET
3099,200,GET
3100,200,GET
3101,200,GET
3102,200,GET
3103,200,GET
3104,200,GET
3105,200,GET
3106,200,GET
3107,200,GET
3108,200,GET
3109,200,GET
3110,200,GET
3111,200,GET
3112,200,GET
3113,200,GET
3114,200,GET
3115,200,GET
3116,200,GET
3117,200,GET
3118,200,GET
3119,200,GET
3120,200,GET
3121,200,GET
3122,200,GET
3123,200,GET
3124,200,GET
3125,200,GET
3126,200,GET
3127,200,GET
3128,200,GET
3129,200,GET
3130,200,GET
3131,200,GET
3132,200,GET
3133,200,GET
3134,200,GET
3135,200,GET
3136,200,GET
3137,200,GET
3138,200,GET
3139,200,GET
3140,200,GET
3141,200,GET
3142,200,GET
3143,200,GET
3144,200,GET
3145,200,GET
3146,200,GET
3147,200,GET
3148,200,GET
3149,200,GET
3150,200,GET
3151,200,GET
3152,200,GET
3153,200,GET
3154,200,GET
3155,200,GET
3156,200,GET
3157,200,GET
3158,200,GET
3159,200,GET
3160,200,GET
3161,200,GET
3162,200,GET
3163,200,GET
3164,200,GET
3165,200,GET
3166,200,GET
3167,200,GET
3168,200,GET
3169,200,GET
3170,200,GET
3171,200,GET
3172,200,GET
3173,200,GET
3174,200,GET
3175,200,GET
3176,200,GET
3177,200,GET
3178,200,GET
3179,200,GET
3180,200,GET
3181,200,GET
3182,200,GET
3183,200,GET
3184,200,GET
3185,200,GET
3186,200,GET
3187,200,GET
3188,200,GET
3189,200,GET
3190,200,GET
3191,200,GET
3192,200,GET
3193,200,GET
3194,200,GET
3195,200,GET
3196,200,GET
3197,200,GET
3198,200,GET
3199,200,GET
3200,200,GET
3201,200,GET
3202,200,GET
3203,200,GET
3204,200,GET
3205,200,GET
3206,200,GET
3207,200,GET
3208,200,GET
3209,200,GET
3210,200,GET
3211,200,GET
3212,200,GET
3213,200,GET
3214,200,GET
3215,200,GET
3216,200,GET
3217,200,GET
3218,200,GET
3219,200,GET
3220,200,GET
3221,200,GET
3222,200,GET
3223,200,GET
3224,200,GET
3225,200,GET
3226,200,GET
3227,200,GET
3228,200,GET
3229,200,GET
3230,200,GET
3231,200,GET
3232,200,GET
3233,200,GET
3234,200,GET
3235,200,GET
3236,200,GET
3237,200,GET
3238,200,GET
3239,200,GET
3240,200,GET
3241,200,GET
3242,200,GET
3243,200,GET
3244,200,GET
3245,200,GET
3246,200,GET
3247,200,GET
3248,200,GET
3249,200,GET
3250,200,GET
3251,200,GET
3252,200,GET
3253,200,GET
3254,200,GET
3255,200,GET
3256,200,GET
3257,200,GET
3258,200,GET
3259,200,GET
3260,200,GET
3261,200,GET
3262,200,GET
3263,200,GET
3264,200,GET
3265,200,GET
3266,200,GET
3267,200,GET
3268,200,GET
3269,200,GET
3270,200,GET
3271,200,GET
3272,200,GET
3273,200,GET
3274,200,GET
3275,200,GET
3276,200,GET
3277,200,GET
3278,200,GET
3279,200,GET
3280,200,GET
3281,200,GET
3282,200,GET
3283,200,GET
3284,200,GET
3285,200,GET
3286,200,GET
3287,200,GET
3288,200,GET
3289,200,GET
3290,200,GET
3291,200,GET
3292,200,GET
3293,200,GET
3294,200,GET
3295,200,GET
3296,200,GET
3297,200,GET
3298,200,GET
3299,200,GET
3300,200,GET
3301,200,GET
3302,200,GET
3303,200,GET
3304,200,GET
3305,200,GET
3306,200,GET
3307,200,GET
3308,200,GET
3309,200,GET
3310,200,GET
3311,200,GET
3312,200,GET
3313,200,GET
3314,200,GET
3315,200,GET
3316,200,GET
3317,200,GET
3318,200,GET
3319,200,GET
3320,200,GET
3321,200,GET
3322,200,GET
3323,200,GET
3324,200,GET
3325,200,GET
3326,200,GET
3327,200,GET
3328,200,GET
3329,200,GET
3330,200,GET
3331,200,GET
3332,200,GET
3333,200,GET
3334,200,GET
3335,200,GET
3336,200,GET
3337,200,GET
3338,200,GET
3339,200,GET
3340,200,GET
3341,200,GET
3342,200,GET
3343,200,GET
3344,200,GET
3345,200,GET
3346,200,GET
3347,200,GET
3348,200,GET
3349,200,GET
3350,200,GET
3351,200,GET
3352,200,GET
3353,200,GET
3354,200,GET
3355,200,GET
3356,200,GET
3357,200,GET
3358,200,GET
3359,200,GET
3360,200,GET
3361,200,GET
3362,200,GET
3363,200,GET
3364,200,GET
3365,200,GET
3366,200,GET
3367,200,GET
3368,200,GET
3369,200,GET
3370,200,GET
3371,200,GET
3372,200,GET
3373,200,GET
3374,200,GET
3375,200,GET
3376,200,GET
3377,200,GET
3378,200,GET
3379,200,GET
3380,200,GET
3381,200,GET
3382,200,GET
3383,200,GET
3384,200,GET
3385,200,GET
3386,200,GET
3387,200,GET
3388,200,GET
3389,200,GET
3390,200,GET
3391,200,GET
3392,200,GET
3393,200,GET
3394,200,GET
3395,200,GET
3396,200,GET
3397,200,GET
3398,200,GET
3399,200,GET
3400,200,GET
3401,200,GET
3402,200,GET
3403,200,GET
3404,200,GET
3405,200,GET
3406,200,GET
3407,200,GET
3408,200,GET
3409,200,GET
3410,200,GET
3411,200,GET
3412,200,GET
3413,200,GET
3414,200,GET
3415,200,GET
3416,200,GET
3417,200,GET
3418,200,GET
3419,200,GET
3420,200,GET
3421,200,GET
3422,200,GET
3423,200,GET
3424,200,GET
3425,200,GET
3426,200,GET
3427,200,GET
3428,200,GET
3429,200,GET
3430,200,GET
3431,200,GET
3432,200,GET
3433,200,GET
3434,200,GET
3435,200,GET
3436,200,GET
3437,200,GET
3438,200,GET
3439,200,GET
3440,200,GET
3441,200,GET
3442,200,GET
3443,200,GET
3444,200,GET
3445,200,GET
3446,200,GET
3447,200,GET
3448,200,GET
3449,200,GET
3450,200,GET
3451,200,GET
3452,200,GET
3453,200,GET
3454,200,GET
3455,200,GET
3456,200,GET
3457,200,GET
3458,200,GET
3459,200,GET
3460,200,GET
3461,200,GET
3462,200,GET
3463,200,GET
3464,200,GET
3465,200,GET
3466,200,GET
3467,200,GET
3468,200,GET
3469,200,GET
3470,200,GET
3471,200,GET
3472,200,GET
3473,200,GET
3474,200,GET
3475,200,GET
3476,200,GET
3477,200,GET
3478,200,GET
3479,200,GET
3480,200,GET
3481,200,GET
3482,200,GET
3483,200,GET
3484,200,GET
3485,200,GET
3486,200,GET
3487,200,GET
3488,200,GET
3489,200,GET
3490,200,GET
3491,200,GET
3492,200,GET
3493,200,GET
3494,200,GET
3495,200,GET
3496,200,GET
3497,200,GET
3498,200,GET
3499,200,GET
3500,200,GET
3501,200,GET
3502,200,GET
3503,200,GET
3504,200,GET
3505,200,GET
3506,200,GET
3507,200,GET
3508,200,GET
3509,200,GET
3510,200,GET
3511,200,GET
3512,200,GET
3513,200,GET
3514,200,GET
3515,200,GET
3516,200,GET
3517,200,GET
3518,200,GET
3519,200,GET
3520,200,GET
3521,200,GET
3522,200,GET
3523,200,GET
3524,200,GET
3525,200,GET
3526,200,GET
3527,200,GET
3528,200,GET
3529,200,GET
3530,200,GET
3531,200,GET
3532,200,GET
3533,200,GET
3534,200,GET
3535,200,GET
3536,200,GET
3537,200,GET
3538,200,GET
3539,200,GET
3540,200,GET
3541,200,GET
3542,200,GET
3543,200,GET
3544,200,GET
3545,200,GET
3546,200,GET
3547,200,GET
3548,200,GET
3549,200,GET
3550,200,GET
3551,200,GET
3552,200,GET
3553,200,GET
3554,200,GET
3555,200,GET
3556,200,GET
3557,200,GET
3558,200,GET
3559,200,GET
3560,200,GET
3561,200,GET
3562,200,GET
3563,200,GET
3564,200,GET
3565,200,GET
3566,200,GET
3567,200,GET
3568,200,GET
3569,200,GET
3570,200,GET
3571,200,GET
3572,200,GET
3573,200,GET
3574,200,GET
3575,200,GET
3576,200,GET
3577,200,GET
3578,200,GET
3579,200,GET
3580,200,GET
3581,200,GET
3582,200,GET
3583,200,GET
3584,200,GET
3585,200,GET
3586,200,GET
3587,200,GET
3588,200,GET
3589,200,GET
3590,200,GET
3591,200,GET
3592,200,GET
3593,200,GET
3594,200,GET
3595,200,GET
3596,200,GET
3597,200,GET
3598,200,GET
3599,200,GET
3600,200,GET
3601,200,GET
3602,200,GET
3603,200,GET
3604,200,GET
3605,200,GET
3606,200,GET
3607,200,GET
3608,200,GET
3609,200,GET
3610,200,GET
3611,200,GET
3612,200,GET
3613,200,GET
3614,200,GET
3615,200,GET
3616,200,GET
3617,200,GET
3618,200,GET
3619,200,GET
3620,200,GET
3621,200,GET
3622,200,GET
3623,200,GET
3624,200,GET
3625,200,GET
3626,200,GET
3627,200,GET
3628,200,GET
3629,200,GET
3630,200,GET
3631,200,GET
3632,200,GET
3633,200,GET
3634,200,GET
3635,200,GET
3636,200,GET
3637,200,GET
3638,200,GET
3639,200,GET
3640,200,GET
3641,200,GET
3642,200,GET
3643,200,GET
3644,200,GET
3645,200,GET
3646,200,GET
3647,200,GET
3648,200,GET
3649,200,GET
3650,200,GET
3651,200,GET
3652,200,GET
3653,200,GET
3654,200,GET
3655,200,GET
3656,200,GET
3657,200,GET
3658,200,GET
3659,200,GET
3660,200,GET
3661,200,GET
3662,200,GET
3663,200,GET
3664,200,GET
3665,200,GET
3666,200,GET
3667,200,GET
3668,200,GET
3669,200,GET
3670,200,GET
3671,200,GET
3672,200,GET
3673,200,GET
3674,200,GET
3675,200,GET
3676,200,GET
3677,200,GET
3678,200,GET
3679,200,GET
3680,200,GET
3681,200,GET
3682,200,GET
3683,200,GET
3684,200,GET
3685,200,GET
3686,200,GET
3687,200,GET
3688,200,GET
3689,200,GET
3690,200,GET
3691,200,GET
3692,200,GET
3693,200,GET
3694,200,GET
3695,200,GET
3696,200,GET
3697,200,GET
3698,200,GET
3699,200,GET
3700,200,GET
3701,200,GET
3702,200,GET
3703,200,GET
3704,200,GET
3705,200,GET
3706,200,GET
3707,200,GET
3708,200,GET
3709,200,GET
3710,200,GET
3711,200,GET
3712,200,GET
3713,200,GET
3714,200,GET
3715,200,GET
3716,200,GET
3717,200,GET
3718,200,GET
3719,200,GET
3720,200,GET
3721,200,GET
3722,200,GET
3723,200,GET
3724,200,GET
3725,200,GET
3726,200,GET
3727,200,GET
3728,200,GET
3729,200,GET
3730,200,GET
3731,200,GET
3732,200,GET
3733,200,GET
3734,200,GET
3735,200,GET
3736,200,GET
3737,200,GET
3738,200,GET
3739,200,GET
3740,200,GET
3741,200,GET
3742,200,GET
3743,200,GET
3744,200,GET
3745,200,GET
3746,200,GET
3747,200,GET
3748,200,GET
3749,200,GET
3750,200,GET
3751,200,GET
3752,200,GET
3753,200,GET
3754,200,GET
3755,200,GET
3756,200,GET
3757,200,GET
3758,200,GET
3759,200,GET
3760,200,GET
3761,200,GET
3762,200,GET
3763,200,GET
3764,200,GET
3765,200,GET
3766,200,GET
3767,200,GET
3768,200,GET
3769,200,GET
3770,200,GET
3771,200,GET
3772,200,GET
3773,200,GET
3774,200,GET
3775,200,GET
3776,200,GET
3777,200,GET
3778,200,GET
3779,200,GET
3780,200,GET
3781,200,GET
3782,200,GET
3783,200,GET
3784,200,GET
3785,200,GET
3786,200,GET
3787,200,GET
3788,200,GET
3789,200,GET
3790,200,GET
3791,200,GET
3792,200,GET
3793,200,GET
3794,200,GET
3795,200,GET
3796,200,GET
3797,200,GET
3798,200,GET
3799,200,GET
3800,200,GET
3801,200,GET
3802,200,GET
3803,200,GET
3804,200,GET
3805,200,GET
3806,200,GET
3807,200,GET
3808,200,GET
3809,200,GET
3810,200,GET
3811,200,GET
3812,200,GET
3813,200,GET
3814,200,GET
3815,200,GET
3816,200,GET
3817,200,GET
3818,200,GET
3819,200,GET
3820,200,GET
3821,200,GET
3822,200,GET
3823,200,GET
3824,200,GET
3825,200,GET
3826,200,GET
3827,200,GET
3828,200,GET
3829,200,GET
3830,200,GET
3831,200,GET
3832,200,GET
3833,200,GET
3834,200,GET
3835,200,GET
3836,200,GET
3837,200,GET
3838,200,GET
3839,200,GET
3840,200,GET
3841,200,GET
3842,200,GET
3843,200,GET
3844,200,GET
3845,200,GET
3846,200,GET
3847,200,GET
3848,200,GET
3849,200,GET
3850,200,GET
3851,200,GET
3852,200,GET
3853,200,GET
3854,200,GET
3855,200,GET
3856,200,GET
3857,200,GET
3858,200,GET
3859,200,GET
3860,200,GET
3861,200,GET
3862,200,GET
3863,200,GET
3864,200,GET
3865,200,GET
3866,200,GET
3867,200,GET
3868,200,GET
3869,200,GET
3870,200,GET
3871,200,GET
3872,200,GET
3873,200,GET
3874,200,GET
3875,200,GET
3876,200,GET
3877,200,GET
3878,200,GET
3879,200,GET
3880,200,GET
3881,200,GET
3882,200,GET
3883,200,GET
3884,200,GET
3885,200,GET
3886,200,GET
3887,200,GET
3888,200,GET
3889,200,GET
3890,200,GET
3891,200,GET
3892,200,GET
3893,200,GET
3894,200,GET
3895,200,GET
3896,200,GET
3897,200,GET
3898,200,GET
3899,200,GET
3900,200,GET
3901,200,GET
3902,200,GET
3903,200,GET
3904,200,GET
3905,200,GET
3906,200,GET
3907,200,GET
3908,200,GET
3909,200,GET
3910,200,GET
3911,200,GET
3912,200,GET
3913,200,GET
3914,200,GET
3915,200,GET
3916,200,GET
3917,200,GET
3918,200,GET
3919,200,GET
3920,200,GET
3921,200,GET
3922,200,GET
3923,200,GET
3924,200,GET
3925,200,GET
3926,200,GET
3927,200,GET
3928,200,GET
3929,200,GET
3930,200,GET
3931,200,GET
3932,200,GET
3933,200,GET
3934,200,GET
3935,200,GET
3936,200,GET
3937,200,GET
3938,200,GET
3939,200,GET
3940,200,GET
3941,200,GET
3942,200,GET
3943,200,GET
3944,200,GET
3945,200,GET
3946,200,GET
3947,200,GET
3948,200,GET
3949,200,GET
3950,200,GET
3951,200,GET
3952,200,GET
3953,200,GET
3954,200,GET
3955,200,GET
3956,200,GET
3957,200,GET
3958,200,GET
3959,200,GET
3960,200,GET
3961,200,GET
3962,200,GET
3963,200,GET
3964,200,GET
3965,200,GET
3966,200,GET
3967,200,GET
3968,200,GET
3969,200,GET
3970,200,GET
3971,200,GET
3972,200,GET
3973,200,GET
3974,200,GET
3975,200,GET
3976,200,GET
3977,200,GET
3978,200,GET
3979,200,GET
3980,200,GET
3981,200,GET
3982,200,GET
3983,200,GET
3984,200,GET
3985,200,GET
3986,200,GET
3987,200,GET
3988,200,GET
3989,200,GET
3990,200,GET
3991,200,GET
3992,200,GET
3993,200,GET
3994,200,GET
3995,200,GET
3996,200,GET
3997,200,GET
3998,200,GET
3999,200,GET
4000,200,GET
4001,200,GET
4002,200,GET
4003,200,GET
4004,200,GET
4005,200,GET
4006,200,GET
4007,200,GET
4008,200,GET
4009,200,GET
4010,200,GET
4011,200,GET
4012,200,GET
4013,200,GET
4014,200,GET
4015,200,GET
4016,200,GET
4017,200,GET
4018,200,GET
4019,200,GET
4020,200,GET
4021,200,GET
4022,200,GET
4023,200,GET
4024,200,GET
4025,200,GET
4026,200,GET
4027,200,GET
4028,200,GET
4029,200,GET
4030,200,GET
4031,200,GET
4032,200,GET
4033,200,GET
4034,200,GET
4035,200,GET
4036,200,GET
4037,200,GET
4038,200,GET
4039,200,GET
4040,200,GET
4041,200,GET
4042,200,GET
4043,200,GET
4044,200,GET
4045,200,GET
4046,200,GET
4047,200,GET
4048,200,GET
4049,200,GET
4050,200,GET
4051,200,GET
4052,200,GET
4053,200,GET
4054,200,GET
4055,200,GET
4056,200,GET
4057,200,GET
4058,200,GET
4059,200,GET
4060,200,GET
4061,200,GET
4062,200,GET
4063,200,GET
4064,200,GET
4065,200,GET
4066,200,GET
4067,200,GET
4068,200,GET
4069,200,GET
4070,200,GET
4071,200,GET
4072,200,GET
4073,200,GET
4074,200,GET
4075,200,GET
4076,200,GET
4077,200,GET
4078,200,GET
4079,200,GET
4080,200,GET
4081,200,GET
4082,200,GET
4083,200,GET
4084,200,GET
4085,200,GET
4086,200,GET
4087,200,GET
4088,200,GET
4089,200,GET
4090,200,GET
4091,200,GET
4092,200,GET
4093,200,GET
4094,200,GET
4095,200,GET
4096,200,GET
4097,200,GET
4098,200,GET
4099,200,GET
4100,200,GET
4101,200,GET
4102,200,GET
4103,200,GET
4104,200,GET
4105,200,GET
4106,200,GET
4107,200,GET
4108,200,GET
4109,200,GET
4110,200,GET
4111,200,GET
4112,200,GET
4113,200,GET
4114,200,GET
4115,200,GET
4116,200,GET
4117,200,GET
4118,200,GET
4119,200,GET
4120,200,GET
4121,200,GET
4122,200,GET
4123,200,GET
4124,200,GET
4125,200,GET
4126,200,GET
4127,200,GET
4128,200,GET
4129,200,GET
4130,200,GET
4131,200,GET
4132,200,GET
4133,200,GET
4134,200,GET
4135,200,GET
4136,200,GET
4137,200,GET
4138,200,GET
4139,200,GET
4140,200,GET
4141,200,GET
4142,200,GET
4143,200,GET
4144,200,GET
4145,200,GET
4146,200,GET
4147,200,GET
4148,200,GET
4149,200,GET
4150,200,GET
4151,200,GET
4152,200,GET
4153,200,GET
4154,200,GET
4155,200,GET
4156,200,GET
4157,200,GET
4158,200,GET
4159,200,GET
4160,200,GET
4161,200,GET
4162,200,GET
4163,200,GET
4164,200,GET
4165,200,GET
4166,200,GET
4167,200,GET
4168,200,GET
4169,200,GET
4170,200,GET
4171,200,GET
4172,200,GET
4173,200,GET
4174,200,GET
4175,200,GET
4176,200,GET
4177,200,GET
4178,200,GET
4179,200,GET
4180,200,GET
4181,200,GET
4182,200,GET
4183,200,GET
4184,200,GET
4185,200,GET
4186,200,GET
4187,200,GET
4188,200,GET
4189,200,GET
4190,200,GET
4191,200,GET
4192,200,GET
4193,200,GET
4194,200,GET
4195,200,GET
4196,200,GET
4197,200,GET
4198,200,GET
4199,200,GET
4200,200,GET
4201,200,GET
4202,200,GET
4203,200,GET
4204,200,GET
4205,200,GET
4206,200,GET
4207,200,GET
4208,200,GET
4209,200,GET
4210,200,GET
4211,200,GET
4212,200,GET
4213,200,GET
4214,200,GET
4215,200,GET
4216,200,GET
4217,200,GET
4218,200,GET
4219,200,GET
4220,200,GET
4221,200,GET
4222,200,GET
4223,200,GET
4224,200,GET
4225,200,GET
4226,200,GET
4227,200,GET
4228,200,GET
4229,200,GET
4230,200,GET
4231,200,GET
4232,200,GET
4233,200,GET
4234,200,GET
4235,200,GET
4236,200,GET
4237,200,GET
4238,200,GET
4239,200,GET
4240,200,GET
4241,200,GET
4242,200,GET
4243,200,GET
4244,200,GET
4245,200,GET
4246,200,GET
4247,200,GET
4248,200,GET
4249,200,GET
4250,200,GET
4251,200,GET
4252,200,GET
4253,200,GET
4254,200,GET
4255,200,GET
4256,200,GET
4257,200,GET
4258,200,GET
4259,200,GET
4260,200,GET
4261,200,GET
4262,200,GET
4263,200,GET
4264,200,GET
4265,200,GET
4266,200,GET
4267,200,GET
4268,200,GET
4269,200,GET
4270,200,GET
4271,200,GET
4272,200,GET
4273,200,GET
4274,200,GET
4275,200,GET
4276,200,GET
4277,200,GET
4278,200,GET
4279,200,GET
4280,200,GET
4281,200,GET
4282,200,GET
4283,200,GET
4284,200,GET
4285,200,GET
4286,200,GET
4287,200,GET
4288,200,GET
4289,200,GET
4290,200,GET
4291,200,GET
4292,200,GET
4293,200,GET
4294,200,GET
4295,200,GET
4296,200,GET
4297,200,GET
4298,200,GET
4299,200,GET
4300,200,GET
4301,200,GET
4302,200,GET
4303,200,GET
4304,200,GET
4305,200,GET
4306,200,GET
4307,200,GET
4308,200,GET
4309,200,GET
4310,200,GET
4311,200,GET
4312,200,GET
4313,200,GET
4314,200,GET
4315,200,GET
4316,200,GET
4317,200,GET
4318,200,GET
4319,200,GET
4320,200,GET
4321,200,GET
4322,200,GET
4323,200,GET
4324,200,GET
4325,200,GET
4326,200,GET
4327,200,GET
4328,200,GET
4329,200,GET
4330,200,GET
4331,200,GET
4332,200,GET
4333,200,GET
4334,200,GET
4335,200,GET
4336,200,GET
4337,200,GET
4338,200,GET
4339,200,GET
4340,200,GET
4341,200,GET
4342,200,GET
4343,200,GET
4344,200,GET
4345,200,GET
4346,200,GET
4347,200,GET
4348,200,GET
4349,200,GET
4350,200,GET
4351,200,GET
4352,200,GET
4353,200,GET
4354,200,GET
4355,200,GET
4356,200,GET
4357,200,GET
4358,200,GET
4359,200,GET
4360,200,GET
4361,200,GET
4362,200,GET
4363,200,GET
4364,200,GET
4365,200,GET
4366,200,GET
4367,200,GET
4368,200,GET
4369,200,GET
4370,200,GET
4371,200,GET
4372,200,GET
4373,200,GET
4374,200,GET
4375,200,GET
4376,200,GET
4377,200,GET
4378,200,GET
4379,200,GET
4380,200,GET
4381,200,GET
4382,200,GET
4383,200,GET
4384,200,GET
4385,200,GET
4386,200,GET
4387,200,GET
4388,200,GET
4389,200,GET
4390,200,GET
4391,200,GET
4392,200,GET
4393,200,GET
4394,200,GET
4395,200,GET
4396,200,GET
4397,200,GET
4398,200,GET
4399,200,GET
4400,200,GET
4401,200,GET
4402,200,GET
4403,200,GET
4404,200,GET
4405,200,GET
4406,200,GET
4407,200,GET
4408,200,GET
4409,200,GET
4410,200,GET
4411,200,GET
4412,200,GET
4413,200,GET
4414,200,GET
4415,200,GET
4416,200,GET
4417,200,GET
4418,200,GET
4419,200,GET
4420,200,GET
4421,200,GET
4422,200,GET
4423,200,GET
4424,200,GET
4425,200,GET
4426,200,GET
4427,200,GET
4428,200,GET
4429,200,GET
4430,200,GET
4431,200,GET
4432,200,GET
4433,200,GET
4434,200,GET
4435,200,GET
4436,200,GET
4437,200,GET
4438,200,GET
4439,200,GET
4440,200,GET
4441,200,GET
4442,200,GET
4443,200,GET
4444,200,GET
4445,200,GET
4446,200,GET
4447,200,GET
4448,200,GET
4449,200,GET
4450,200,GET
4451,200,GET
4452,200,GET
4453,200,GET
4454,200,GET
4455,200,GET
4456,200,GET
4457,200,GET
4458,200,GET
4459,200,GET
4460,200,GET
4461,200,GET
4462,200,GET
4463,200,GET
4464,200,GET
4465,200,GET
4466,200,GET
4467,200,GET
4468,200,GET
4469,200,GET
4470,200,GET
4471,200,GET
4472,200,GET
4473,200,GET
4474,200,GET
4475,200,GET
4476,200,GET
4477,200,GET
4478,200,GET
4479,200,GET
4480,200,GET
4481,200,GET
4482,200,GET
4483,200,GET
4484,200,GET
4485,200,GET
4486,200,GET
4487,200,GET
4488,200,GET
4489,200,GET
4490,200,GET
4491,200,GET
4492,200,GET
4493,200,GET
4494,200,GET
4495,200,GET
4496,200,GET
4497,200,GET
4498,200,GET
4499,200,GET
4500,200,GET
4501,200,GET
4502,200,GET
4503,200,GET
4504,200,GET
4505,200,GET
4506,200,GET
4507,200,GET
4508,200,GET
4509,200,GET
4510,200,GET
4511,200,GET
4512,200,GET
4513,200,GET
4514,200,GET
4515,200,GET
4516,200,GET
4517,200,GET
4518,200,GET
4519,200,GET
4520,200,GET
4521,200,GET
4522,200,GET
4523,200,GET
4524,200,GET
4525,200,GET
4526,200,GET
4527,200,GET
4528,200,GET
4529,200,GET
4530,200,GET
4531,200,GET
4532,200,GET
4533,200,GET
4534,200,GET
4535,200,GET
4536,200,GET
4537,200,GET
4538,200,GET
4539,200,GET
4540,200,GET
4541,200,GET
4542,200,GET
4543,200,GET
4544,200,GET
4545,200,GET
4546,200,GET
4547,200,GET
4548,200,GET
4549,200,GET
4550,200,GET
4551,200,GET
4552,200,GET
4553,200,GET
4554,200,GET
4555,200,GET
4556,200,GET
4557,200,GET
4558,200,GET
4559,200,GET
4560,200,GET
4561,200,GET
4562,200,GET
4563,200,GET
4564,200,GET
4565,200,GET
4566,200,GET
4567,200,GET
4568,200,GET
4569,200,GET
4570,200,GET
4571,200,GET
4572,200,GET
4573,200,GET
4574,200,GET
4575,200,GET
4576,200,GET
4577,200,GET
4578,200,GET
4579,200,GET
4580,200,GET
4581,200,GET
4582,200,GET
4583,200,GET
4584,200,GET
4585,200,GET
4586,200,GET
4587,200,GET
4588,200,GET
4589,200,GET
4590,200,GET
4591,200,GET
4592,200,GET
4593,200,GET
4594,200,GET
4595,200,GET
4596,200,GET
4597,200,GET
4598,200,GET
4599,200,GET
4600,200,GET
4601,200,GET
4602,200,GET
4603,200,GET
4604,200,GET
4605,200,GET
4606,200,GET
4607,200,GET
4608,200,GET
4609,200,GET
4610,200,GET
4611,200,GET
4612,200,GET
4613,200,GET
4614,200,GET
4615,200,GET
4616,200,GET
4617,200,GET
4618,200,GET
4619,200,GET
4620,200,GET
4621,200,GET
4622,200,GET
4623,200,GET
4624,200,GET
4625,200,GET
4626,200,GET
4627,200,GET
4628,200,GET
4629,200,GET
4630,200,GET
4631,200,GET
4632,200,GET
4633,200,GET
4634,200,GET
4635,200,GET
4636,200,GET
4637,200,GET
4638,200,GET
4639,200,GET
4640,200,GET
4641,200,GET
4642,200,GET
4643,200,GET
4644,200,GET
4645,200,GET
4646,200,GET
4647,200,GET
4648,200,GET
4649,200,GET
4650,200,GET
4651,200,GET
4652,200,GET
4653,200,GET
4654,200,GET
4655,200,GET
4656,200,GET
4657,200,GET
4658,200,GET
4659,200,GET
4660,200,GET
4661,200,GET
4662,200,GET
4663,200,GET
4664,200,GET
4665,200,GET
4666,200,GET
4667,200,GET
4668,200,GET
4669,200,GET
4670,200,GET
4671,200,GET
4672,200,GET
4673,200,GET
4674,200,GET
4675,200,GET
4676,200,GET
4677,200,GET
4678,200,GET
4679,200,GET
4680,200,GET
4681,200,GET
4682,200,GET
4683,200,GET
4684,200,GET
4685,200,GET
4686,200,GET
4687,200,GET
4688,200,GET
4689,200,GET
4690,200,GET
4691,200,GET
4692,200,GET
4693,200,GET
4694,200,GET
4695,200,GET
4696,200,GET
4697,200,GET
4698,200,GET
4699,200,GET
4700,200,GET
4701,200,GET
4702,200,GET
4703,200,GET
4704,200,GET
4705,200,GET
4706,200,GET
4707,200,GET
4708,200,GET
4709,200,GET
4710,200,GET
4711,200,GET
4712,200,GET
4713,200,GET
4714,200,GET
4715,200,GET
4716,200,GET
4717,200,GET
4718,200,GET
4719,200,GET
4720,200,GET
4721,200,GET
4722,200,GET
4723,200,GET
4724,200,GET
4725,200,GET
4726,200,GET
4727,200,GET
4728,200,GET
4729,200,GET
4730,200,GET
4731,200,GET
4732,200,GET
4733,200,GET
4734,200,GET
4735,200,GET
4736,200,GET
4737,200,GET
4738,200,GET
4739,200,GET
4740,200,GET
4741,200,GET
4742,200,GET
4743,200,GET
4744,200,GET
4745,200,GET
4746,200,GET
4747,200,GET
4748,200,GET
4749,200,GET
4750,200,GET
4751,200,GET
4752,200,GET
4753,200,GET
4754,200,GET
4755,200,GET
4756,200,GET
4757,200,GET
4758,200,GET
4759,200,GET
4760,200,GET
4761,200,GET
4762,200,GET
4763,200,GET
4764,200,GET
4765,200,GET
4766,200,GET
4767,200,GET
4768,200,GET
4769,200,GET
4770,200,GET
4771,200,GET
4772,200,GET
4773,200,GET
4774,200,GET
4775,200,GET
4776,200,GET
4777,200,GET
4778,200,GET
4779,200,GET
4780,200,GET
4781,200,GET
4782,200,GET
4783,200,GET
4784,200,GET
4785,200,GET
4786,200,GET
4787,200,GET
4788,200,GET
4789,200,GET
4790,200,GET
4791,200,GET
4792,200,GET
4793,200,GET
4794,200,GET
4795,200,GET
4796,200,GET
4797,200,GET
4798,200,GET
4799,200,GET
4800,200,GET
4801,200,GET
4802,200,GET
4803,200,GET
4804,200,GET
4805,200,GET
4806,200,GET
4807,200,GET
4808,200,GET
4809,200,GET
4810,200,GET
4811,200,GET
4812,200,GET
4813,200,GET
4814,200,GET
4815,200,GET
4816,200,GET
4817,200,GET
4818,200,GET
4819,200,GET
4820,200,GET
4821,200,GET
4822,200,GET
4823,200,GET
4824,200,GET
4825,200,GET
4826,200,GET
4827,200,GET
4828,200,GET
4829,200,GET
4830,200,GET
4831,200,GET
4832,200,GET
4833,200,GET
4834,200,GET
4835,200,GET
4836,200,GET
4837,200,GET
4838,200,GET
4839,200,GET
4840,200,GET
4841,200,GET
4842,200,GET
4843,200,GET
4844,200,GET
4845,200,GET
4846,200,GET
4847,200,GET
4848,200,GET
4849,200,GET
4850,200,GET
4851,200,GET
4852,200,GET
4853,200,GET
4854,200,GET
4855,200,GET
4856,200,GET
4857,200,GET
4858,200,GET
4859,200,GET
4860,200,GET
4861,200,GET
4862,200,GET
4863,200,GET
4864,200,GET
4865,200,GET
4866,200,GET
4867,200,GET
4868,200,GET
4869,200,GET
4870,200,GET
4871,200,GET
4872,200,GET
4873,200,GET
4874,200,GET
4875,200,GET
4876,200,GET
4877,200,GET
4878,200,GET
4879,200,GET
4880,200,GET
4881,200,GET
4882,200,GET
4883,200,GET
4884,200,GET
4885,200,GET
4886,200,GET
4887,200,GET
4888,200,GET
4889,200,GET
4890,200,GET
4891,200,GET
4892,200,GET
4893,200,GET
4894,200,GET
4895,200,GET
4896,200,GET
4897,200,GET
4898,200,GET
4899,200,GET
4900,200,GET
4901,200,GET
4902,200,GET
4903,200,GET
4904,200,GET
4905,200,GET
4906,200,GET
4907,200,GET
4908,200,GET
4909,200,GET
4910,200,GET
4911,200,GET
4912,200,GET
4913,200,GET
4914,200,GET
4915,200,GET
4916,200,GET
4917,200,GET
4918,200,GET
4919,200,GET
4920,200,GET
4921,200,GET
4922,200,GET
4923,200,GET
4924,200,GET
4925,200,GET
4926,200,GET
4927,200,GET
4928,200,GET
4929,200,GET
4930,200,GET
4931,200,GET
4932,200,GET
4933,200,GET
4934,200,GET
4935,200,GET
4936,200,GET
4937,200,GET
4938,200,GET
4939,200,GET
4940,200,GET
4941,200,GET
4942,200,GET
4943,200,GET
4944,200,GET
4945,200,GET
4946,200,GET
4947,200,GET
4948,200,GET
4949,200,GET
4950,200,GET
4951,200,GET
4952,200,GET
4953,200,GET
4954,200,GET
4955,200,GET
4956,200,GET
4957,200,GET
4958,200,GET
4959,200,GET
4960,200,GET
4961,200,GET
4962,200,GET
4963,200,GET
4964,200,GET
4965,200,GET
4966,200,GET
4967,200,GET
4968,200,GET
4969,200,GET
4970,200,GET
4971,200,GET
4972,200,GET
4973,200,GET
4974,200,GET
4975,200,GET
4976,200,GET
4977,200,GET
4978,200,GET
4979,200,GET
4980,200,GET
4981,200,GET
4982,200,GET
4983,200,GET
4984,200,GET
4985,200,GET
4986,200,GET
4987,200,GET
4988,200,GET
4989,200,GET
4990,200,GET
4991,200,GET
4992,200,GET
4993,200,GET
4994,200,GET
4995,200,GET
4996,200,GET
4997,200,GET
4998,200,GET
4999,200,GET
5000,200,GET
5001,200,GET
5002,200,GET
5003,200,GET
5004,200,GET
5005,200,GET
5006,200,GET
5007,200,GET
5008,200,GET
5009,200,GET
5010,200,GET
5011,200,GET
5012,200,GET
5013,200,GET
5014,200,GET
5015,200,GET
5016,200,GET
5017,200,GET
5018,200,GET
5019,200,GET
5020,200,GET
5021,200,GET
5022,200,GET
5023,200,GET
5024,200,GET
5025,200,GET
5026,200,GET
5027,200,GET
5028,200,GET
5029,200,GET
5030,200,GET
5031,200,GET
5032,200,GET
5033,200,GET
5034,200,GET
5035,200,GET
5036,200,GET
5037,200,GET
5038,200,GET
5039,200,GET
5040,200,GET
5041,200,GET
5042,200,GET
5043,200,GET
5044,200,GET
5045,200,GET
5046,200,GET
5047,200,GET
5048,200,GET
5049,200,GET
5050,200,GET
5051,200,GET
5052,200,GET
5053,200,GET
5054,200,GET
5055,200,GET
5056,200,GET
5057,200,GET
5058,200,GET
5059,200,GET
5060,200,GET
5061,200,GET
5062,200,GET
5063,200,GET
5064,200,GET
5065,200,GET
5066,200,GET
5067,200,GET
5068,200,GET
5069,200,GET
5070,200,GET
5071,200,GET
5072,200,GET
5073,200,GET
5074,200,GET
5075,200,GET
5076,200,GET
5077,200,GET
5078,200,GET
5079,200,GET
5080,200,GET
5081,200,GET
5082,200,GET
5083,200,GET
5084,200,GET
5085,200,GET
5086,200,GET
5087,200,GET
5088,200,GET
5089,200,GET
5090,200,GET
5091,200,GET
5092,200,GET
5093,200,GET
5094,200,GET
5095,200,GET
5096,200,GET
5097,200,GET
5098,200,GET
5099,200,GET
5100,200,GET
5101,200,GET
5102,200,GET
5103,200,GET
5104,200,GET
5105,200,GET
5106,200,GET
5107,200,GET
5108,200,GET
5109,200,GET
5110,200,GET
5111,200,GET
5112,200,GET
5113,200,GET
5114,200,GET
5115,200,GET
5116,200,GET
5117,200,GET
5118,200,GET
5119,200,GET
5120,200,GET
5121,200,GET
5122,200,GET
5123,200,GET
5124,200,GET
5125,200,GET
5126,200,GET
5127,200,GET
5128,200,GET
5129,200,GET
5130,200,GET
5131,200,GET
5132,200,GET
5133,200,GET
5134,200,GET
5135,200,GET
5136,200,GET
5137,200,GET
5138,200,GET
5139,200,GET
5140,200,GET
5141,200,GET
5142,200,GET
5143,200,GET
5144,200,GET
5145,200,GET
5146,200,GET
5147,200,GET
5148,200,GET
5149,200,GET
5150,200,GET
5151,200,GET
5152,200,GET
5153,200,GET
5154,200,GET
5155,200,GET
5156,200,GET
5157,200,GET
5158,200,GET
5159,200,GET
5160,200,GET
5161,200,GET
5162,200,GET
5163,200,GET
5164,200,GET
5165,200,GET
5166,200,GET
5167,200,GET
5168,200,GET
5169,200,GET
5170,200,GET
5171,200,GET
5172,200,GET
5173,200,GET
5174,200,GET
5175,200,GET
5176,200,GET
5177,200,GET
5178,200,GET
5179,200,GET
5180,200,GET
5181,200,GET
5182,200,GET
5183,200,GET
5184,200,GET
5185,200,GET
5186,200,GET
5187,200,GET
5188,200,GET
5189,200,GET
5190,200,GET
5191,200,GET
5192,200,GET
5193,200,GET
5194,200,GET
5195,200,GET
5196,200,GET
5197,200,GET
5198,200,GET
5199,200,GET
5200,200,GET
5201,200,GET
5202,200,GET
5203,200,GET
5204,200,GET
5205,200,GET
5206,200,GET
5207,200,GET
5208,200,GET
5209,200,GET
5210,200,GET
5211,200,GET
5212,200,GET
5213,200,GET
5214,200,GET
5215,200,GET
5216,200,GET
5217,200,GET
5218,200,GET
5219,200,GET
5220,200,GET
5221,200,GET
5222,200,GET
5223,200,GET
5224,200,GET
5225,200,GET
5226,200,GET
5227,200,GET
5228,200,GET
5229,200,GET
5230,200,GET
5231,200,GET
5232,200,GET
5233,200,GET
5234,200,GET
5235,200,GET
5236,200,GET
5237,200,GET
5238,200,GET
5239,200,GET
5240,200,GET
5241,200,GET
5242,200,GET
5243,200,GET
5244,200,GET
5245,200,GET
5246,200,GET
5247,200,GET
5248,200,GET
5249,200,GET
5250,200,GET
5251,200,GET
5252,200,GET
5253,200,GET
5254,200,GET
5255,200,GET
5256,200,GET
5257,200,GET
5258,200,GET
5259,200,GET
5260,200,GET
5261,200,GET
5262,200,GET
5263,200,GET
5264,200,GET
5265,200,GET
5266,200,GET
5267,200,GET
5268,200,GET
5269,200,GET
5270,200,GET
5271,200,GET
5272,200,GET
5273,200,GET
5274,200,GET
5275,200,GET
5276,200,GET
5277,200,GET
5278,200,GET
5279,200,GET
5280,200,GET
5281,200,GET
5282,200,GET
5283,200,GET
5284,200,GET
5285,200,GET
5286,200,GET
5287,200,GET
5288,200,GET
5289,200,GET
5290,200,GET
5291,200,GET
5292,200,GET
5293,200,GET
5294,200,GET
5295,200,GET
5296,200,GET
5297,200,GET
5298,200,GET
5299,200,GET
5300,200,GET
5301,200,GET
5302,200,GET
5303,200,GET
5304,200,GET
5305,200,GET
5306,200,GET
5307,200,GET
5308,200,GET
5309,200,GET
5310,200,GET
5311,200,GET
5312,200,GET
5313,200,GET
5314,200,GET
5315,200,GET
5316,200,GET
5317,200,GET
5318,200,GET
5319,200,GET
5320,200,GET
5321,200,GET
5322,200,GET
5323,200,GET
5324,200,GET
5325,200,GET
5326,200,GET
5327,200,GET
5328,200,GET
5329,200,GET
5330,200,GET
5331,200,GET
5332,200,GET
5333,200,GET
5334,200,GET
5335,200,GET
5336,200,GET
5337,200,GET
5338,200,GET
5339,200,GET
5340,200,GET
5341,200,GET
5342,200,GET
5343,200,GET
5344,200,GET
5345,200,GET
5346,200,GET
5347,200,GET
5348,200,GET
5349,200,GET
5350,200,GET
5351,200,GET
5352,200,GET
5353,200,GET
5354,200,GET
5355,200,GET
5356,200,GET
5357,200,GET
5358,200,GET
5359,200,GET
5360,200,GET
5361,200,GET
5362,200,GET
5363,200,GET
5364,200,GET
5365,200,GET
5366,200,GET
5367,200,GET
5368,200,GET
5369,200,GET
5370,200,GET
5371,200,GET
5372,200,GET
5373,200,GET
5374,200,GET
5375,200,GET
5376,200,GET
5377,200,GET
5378,200,GET
5379,200,GET
5380,200,GET
5381,200,GET
5382,200,GET
5383,200,GET
5384,200,GET
5385,200,GET
5386,200,GET
5387,200,GET
5388,200,GET
5389,200,GET
5390,200,GET
5391,200,GET
5392,200,GET
5393,200,GET
5394,200,GET
5395,200,GET
5396,200,GET
5397,200,GET
5398,200,GET
5399,200,GET
5400,200,GET
5401,200,GET
5402,200,GET
5403,200,GET
5404,200,GET
5405,200,GET
5406,200,GET
5407,200,GET
5408,200,GET
5409,200,GET
5410,200,GET
5411,200,GET
5412,200,GET
5413,200,GET
5414,200,GET
5415,200,GET
5416,200,GET
5417,200,GET
5418,200,GET
5419,200,GET
5420,200,GET
5421,200,GET
5422,200,GET
5423,200,GET
5424,200,GET
5425,200,GET
5426,200,GET
5427,200,GET
5428,200,GET
5429,200,GET
5430,200,GET
5431,200,GET
5432,200,GET
5433,200,GET
5434,200,GET
5435,200,GET
5436,200,GET
5437,200,GET
5438,200,GET
5439,200,GET
5440,200,GET
5441,200,GET
5442,200,GET
5443,200,GET
5444,200,GET
5445,200,GET
5446,200,GET
5447,200,GET
5448,200,GET
5449,200,GET
5450,200,GET
5451,200,GET
5452,200,GET
5453,200,GET
5454,200,GET
5455,200,GET
5456,200,GET
5457,200,GET
5458,200,GET
5459,200,GET
5460,200,GET
5461,200,GET
5462,200,GET
5463,200,GET
5464,200,GET
5465,200,GET
5466,200,GET
5467,200,GET
5468,200,GET
5469,200,GET
5470,200,GET
5471,200,GET
5472,200,GET
5473,200,GET
5474,200,GET
5475,200,GET
5476,200,GET
5477,200,GET
5478,200,GET
5479,200,GET
5480,200,GET
5481,200,GET
5482,200,GET
5483,200,GET
5484,200,GET
5485,200,GET
5486,200,GET
5487,200,GET
5488,200,GET
5489,200,GET
5490,200,GET
5491,200,GET
5492,200,GET
5493,200,GET
5494,200,GET
5495,200,GET
5496,200,GET
5497,200,GET
5498,200,GET
5499,200,GET
5500,200,GET
5501,200,GET
5502,200,GET
5503,200,GET
5504,200,GET
5505,200,GET
5506,200,GET
5507,200,GET
5508,200,GET
5509,200,GET
5510,200,GET
5511,200,GET
5512,200,GET
5513,200,GET
5514,200,GET
5515,200,GET
5516,200,GET
5517,200,GET
5518,200,GET
5519,200,GET
5520,200,GET
5521,200,GET
5522,200,GET
5523,200,GET
5524,200,GET
5525,200,GET
5526,200,GET
5527,200,GET
5528,200,GET
5529,200,GET
5530,200,GET
5531,200,GET
5532,200,GET
5533,200,GET
5534,200,GET
5535,200,GET
5536,200,GET
5537,200,GET
5538,200,GET
5539,200,GET
5540,200,GET
5541,200,GET
5542,200,GET
5543,200,GET
5544,200,GET
5545,200,GET
5546,200,GET
5547,200,GET
5548,200,GET
5549,200,GET
5550,200,GET
5551,200,GET
5552,200,GET
5553,200,GET
5554,200,GET
5555,200,GET
5556,200,GET
5557,200,GET
5558,200,GET
5559,200,GET
5560,200,GET
5561,200,GET
5562,200,GET
5563,200,GET
5564,200,GET
5565,200,GET
5566,200,GET
5567,200,GET
5568,200,GET
5569,200,GET
5570,200,GET
5571,200,GET
5572,200,GET
5573,200,GET
5574,200,GET
5575,200,GET
5576,200,GET
5577,200,GET
5578,200,GET
5579,200,GET
5580,200,GET
5581,200,GET
5582,200,GET
5583,200,GET
5584,200,GET
5585,200,GET
5586,200,GET
5587,200,GET
5588,200,GET
5589,200,GET
5590,200,GET
5591,200,GET
5592,200,GET
5593,200,GET
5594,200,GET
5595,200,GET
5596,200,GET
5597,200,GET
5598,200,GET
5599,200,GET
5600,200,GET
5601,200,GET
5602,200,GET
5603,200,GET
5604,200,GET
5605,200,GET
5606,200,GET
5607,200,GET
5608,200,GET
5609,200,GET
5610,200,GET
5611,200,GET
5612,200,GET
5613,200,GET
5614,200,GET
5615,200,GET
5616,200,GET
5617,200,GET
5618,200,GET
5619,200,GET
5620,200,GET
5621,200,GET
5622,200,GET
5623,200,GET
5624,200,GET
5625,200,GET
5626,200,GET
5627,200,GET
5628,200,GET
5629,200,GET
5630,200,GET
5631,200,GET
5632,200,GET
5633,200,GET
5634,200,GET
5635,200,GET
5636,200,GET
5637,200,GET
5638,200,GET
5639,200,GET
5640,200,GET
5641,200,GET
5642,200,GET
5643,200,GET
5644,200,GET
5645,200,GET
5646,200,GET
5647,200,GET
5648,200,GET
5649,200,GET
5650,200,GET
5651,200,GET
5652,200,GET
5653,200,GET
5654,200,GET
5655,200,GET
5656,200,GET
5657,200,GET
5658,200,GET
5659,200,GET
5660,200,GET
5661,200,GET
5662,200,GET
5663,200,GET
5664,200,GET
5665,200,GET
5666,200,GET
5667,200,GET
5668,200,GET
5669,200,GET
5670,200,GET
5671,200,GET
5672,200,GET
5673,200,GET
5674,200,GET
5675,200,GET
5676,200,GET
5677,200,GET
5678,200,GET
5679,200,GET
5680,200,GET
5681,200,GET
5682,200,GET
5683,200,GET
5684,200,GET
5685,200,GET
5686,200,GET
5687,200,GET
5688,200,GET
5689,200,GET
5690,200,GET
5691,200,GET
5692,200,GET
5693,200,GET
5694,200,GET
5695,200,GET
5696,200,GET
5697,200,GET
5698,200,GET
5699,200,GET
5700,200,GET
5701,200,GET
5702,200,GET
5703,200,GET
5704,200,GET
5705,200,GET
5706,200,GET
5707,200,GET
5708,200,GET
5709,200,GET
5710,200,GET
5711,200,GET
5712,200,GET
5713,200,GET
5714,200,GET
5715,200,GET
5716,200,GET
5717,200,GET
5718,200,GET
5719,200,GET
5720,200,GET
5721,200,GET
5722,200,GET
5723,200,GET
5724,200,GET
5725,200,GET
5726,200,GET
5727,200,GET
5728,200,GET
5729,200,GET
5730,200,GET
5731,200,GET
5732,200,GET
5733,200,GET
5734,200,GET
5735,200,GET
5736,200,GET
5737,200,GET
5738,200,GET
5739,200,GET
5740,200,GET
5741,200,GET
5742,200,GET
5743,200,GET
5744,200,GET
5745,200,GET
5746,200,GET
5747,200,GET
5748,200,GET
5749,200,GET
5750,200,GET
5751,200,GET
5752,200,GET
5753,200,GET
5754,200,GET
5755,200,GET
5756,200,GET
5757,200,GET
5758,200,GET
5759,200,GET
5760,200,GET
5761,200,GET
5762,200,GET
5763,200,GET
5764,200,GET
5765,200,GET
5766,200,GET
5767,200,GET
5768,200,GET
5769,200,GET
5770,200,GET
5771,200,GET
5772,200,GET
5773,200,GET
5774,200,GET
5775,200,GET
5776,200,GET
5777,200,GET
5778,200,GET
5779,200,GET
5780,200,GET
5781,200,GET
5782,200,GET
5783,200,GET
5784,200,GET
5785,200,GET
5786,200,GET
5787,200,GET
5788,200,GET
5789,200,GET
5790,200,GET
5791,200,GET
5792,200,GET
5793,200,GET
5794,200,GET
5795,200,GET
5796,200,GET
5797,200,GET
5798,200,GET
5799,200,GET
5800,200,GET
5801,200,GET
5802,200,GET
5803,200,GET
5804,200,GET
5805,200,GET
5806,200,GET
5807,200,GET
5808,200,GET
5809,200,GET
5810,200,GET
5811,200,GET
5812,200,GET
5813,200,GET
5814,200,GET
5815,200,GET
5816,200,GET
5817,200,GET
5818,200,GET
5819,200,GET
5820,200,GET
5821,200,GET
5822,200,GET
5823,200,GET
5824,200,GET
5825,200,GET
5826,200,GET
5827,200,GET
5828,200,GET
5829,200,GET
5830,200,GET
5831,200,GET
5832,200,GET
5833,200,GET
5834,200,GET
5835,200,GET
5836,200,GET
5837,200,GET
5838,200,GET
5839,200,GET
5840,200,GET
5841,200,GET
5842,200,GET
5843,200,GET
5844,200,GET
5845,200,GET
5846,200,GET
5847,200,GET
5848,200,GET
5849,200,GET
5850,200,GET
5851,200,GET
5852,200,GET
5853,200,GET
5854,200,GET
5855,200,GET
5856,200,GET
5857,200,GET
5858,200,GET
5859,200,GET
5860,200,GET
5861,200,GET
5862,200,GET
5863,200,GET
5864,200,GET
5865,200,GET
5866,200,GET
5867,200,GET
5868,200,GET
5869,200,GET
5870,200,GET
5871,200,GET
5872,200,GET
5873,200,GET
5874,200,GET
5875,200,GET
5876,200,GET
5877,200,GET
5878,200,GET
5879,200,GET
5880,200,GET
5881,200,GET
5882,200,GET
5883,200,GET
5884,200,GET
5885,200,GET
5886,200,GET
5887,200,GET
5888,200,GET
5889,200,GET
5890,200,GET
5891,200,GET
5892,200,GET
5893,200,GET
5894,200,GET
5895,200,GET
5896,200,GET
5897,200,GET
5898,200,GET
5899,200,GET
5900,200,GET
5901,200,GET
5902,200,GET
5903,200,GET
5904,200,GET
5905,200,GET
5906,200,GET
5907,200,GET
5908,200,GET
5909,200,GET
5910,200,GET
5911,200,GET
5912,200,GET
5913,200,GET
5914,200,GET
5915,200,GET
5916,200,GET
5917,200,GET
5918,200,GET
5919,200,GET
5920,200,GET
5921,200,GET
5922,200,GET
5923,200,GET
5924,200,GET
5925,200,GET
5926,200,GET
5927,200,GET
5928,200,GET
5929,200,GET
5930,200,GET
5931,200,GET
5932,200,GET
5933,200,GET
5934,200,GET
5935,200,GET
5936,200,GET
5937,200,GET
5938,200,GET
5939,200,GET
5940,200,GET
5941,200,GET
5942,200,GET
5943,200,GET
5944,200,GET
5945,200,GET
5946,200,GET
5947,200,GET
5948,200,GET
5949,200,GET
5950,200,GET
5951,200,GET
5952,200,GET
5953,200,GET
5954,200,GET
5955,200,GET
5956,200,GET
5957,200,GET
5958,200,GET
5959,200,GET
5960,200,GET
5961,200,GET
5962,200,GET
5963,200,GET
5964,200,GET
5965,200,GET
5966,200,GET
5967,200,GET
5968,200,GET
5969,200,GET
5970,200,GET
5971,200,GET
5972,200,GET
5973,200,GET
5974,200,GET
5975,200,GET
5976,200,GET
5977,200,GET
5978,200,GET
5979,200,GET
5980,200,GET
5981,200,GET
5982,200,GET
5983,200,GET
5984,200,GET
5985,200,GET
5986,200,GET
5987,200,GET
5988,200,GET
5989,200,GET
5990,200,GET
5991,200,GET
5992,200,GET
5993,200,GET
5994,200,GET
5995,200,GET
5996,200,GET
5997,200,GET
5998,200,GET
5999,200,GET
6000,200,GET
6001,200,GET
6002,200,GET
6003,200,GET
6004,200,GET
6005,200,GET
6006,200,GET
6007,200,GET
6008,200,GET
6009,200,GET
6010,200,GET
6011,200,GET
6012,200,GET
6013,200,GET
6014,200,GET
6015,200,GET
6016,200,GET
6017,200,GET
6018,200,GET
6019,200,GET
6020,200,GET
6021,200,GET
6022,200,GET
6023,200,GET
6024,200,GET
6025,200,GET
6026,200,GET
6027,200,GET
6028,200,GET
6029,200,GET
6030,200,GET
6031,200,GET
6032,200,GET
6033,200,GET
6034,200,GET
6035,200,GET
6036,200,GET
6037,200,GET
6038,200,GET
6039,200,GET
6040,200,GET
6041,200,GET
6042,200,GET
6043,200,GET
6044,200,GET
6045,200,GET
6046,200,GET
6047,200,GET
6048,200,GET
6049,200,GET
6050,200,GET
6051,200,GET
6052,200,GET
6053,200,GET
6054,200,GET
6055,200,GET
6056,200,GET
6057,200,GET
6058,200,GET
6059,200,GET
6060,200,GET
6061,200,GET
6062,200,GET
6063,200,GET
6064,200,GET
6065,200,GET
6066,200,GET
6067,200,GET
6068,200,GET
6069,200,GET
6070,200,GET
6071,200,GET
6072,200,GET
6073,200,GET
6074,200,GET
6075,200,GET
6076,200,GET
6077,200,GET
6078,200,GET
6079,200,GET
6080,200,GET
6081,200,GET
6082,200,GET
6083,200,GET
6084,200,GET
6085,200,GET
6086,200,GET
6087,200,GET
6088,200,GET
6089,200,GET
6090,200,GET
6091,200,GET
6092,200,GET
6093,200,GET
6094,200,GET
6095,200,GET
6096,200,GET
6097,200,GET
6098,200,GET
6099,200,GET
6100,200,GET
6101,200,GET
6102,200,GET
6103,200,GET
6104,200,GET
6105,200,GET
6106,200,GET
6107,200,GET
6108,200,GET
6109,200,GET
6110,200,GET
6111,200,GET
6112,200,GET
6113,200,GET
6114,200,GET
6115,200,GET
6116,200,GET
6117,200,GET
6118,200,GET
6119,200,GET
6120,200,GET
6121,200,GET
6122,200,GET
6123,200,GET
6124,200,GET
6125,200,GET
6126,200,GET
6127,200,GET
6128,200,GET
6129,200,GET
6130,200,GET
6131,200,GET
6132,200,GET
6133,200,GET
6134,200,GET
6135,200,GET
6136,200,GET
6137,200,GET
6138,200,GET
6139,200,GET
6140,200,GET
6141,200,GET
6142,200,GET
6143,200,GET
6144,200,GET
6145,200,GET
6146,200,GET
6147,200,GET
6148,200,GET
6149,200,GET
6150,200,GET
6151,200,GET
6152,200,GET
6153,200,GET
6154,200,GET
6155,200,GET
6156,200,GET
6157,200,GET
6158,200,GET
6159,200,GET
6160,200,GET
6161,200,GET
6162,200,GET
6163,200,GET
6164,200,GET
6165,200,GET
6166,200,GET
6167,200,GET
6168,200,GET
6169,200,GET
6170,200,GET
6171,200,GET
6172,200,GET
6173,200,GET
6174,200,GET
6175,200,GET
6176,200,GET
6177,200,GET
6178,200,GET
6179,200,GET
6180,200,GET
6181,200,GET
6182,200,GET
6183,200,GET
6184,200,GET
6185,200,GET
6186,200,GET
6187,200,GET
6188,200,GET
6189,200,GET
6190,200,GET
6191,200,GET
6192,200,GET
6193,200,GET
6194,200,GET
6195,200,GET
6196,200,GET
6197,200,GET
6198,200,GET
6199,200,GET
6200,200,GET
6201,200,GET
6202,200,GET
6203,200,GET
6204,200,GET
6205,200,GET
6206,200,GET
6207,200,GET
6208,200,GET
6209,200,GET
6210,200,GET
6211,200,GET
6212,200,GET
6213,200,GET
6214,200,GET
6215,200,GET
6216,200,GET
6217,200,GET
6218,200,GET
6219,200,GET
6220,200,GET
6221,200,GET
6222,200,GET
6223,200,GET
6224,200,GET
6225,200,GET
6226,200,GET
6227,200,GET
6228,200,GET
6229,200,GET
6230,200,GET
6231,200,GET
6232,200,GET
6233,200,GET
6234,200,GET
6235,200,GET
6236,200,GET
6237,200,GET
6238,200,GET
6239,200,GET
6240,200,GET
6241,200,GET
6242,200,GET
6243,200,GET
6244,200,GET
6245,200,GET
6246,200,GET
6247,200,GET
6248,200,GET
6249,200,GET
6250,200,GET
6251,200,GET
6252,200,GET
6253,200,GET
6254,200,GET
6255,200,GET
6256,200,GET
6257,200,GET
6258,200,GET
6259,200,GET
6260,200,GET
6261,200,GET
6262,200,GET
6263,200,GET
6264,200,GET
6265,200,GET
6266,200,GET
6267,200,GET
6268,200,GET
6269,200,GET
6270,200,GET
6271,200,GET
6272,200,GET
6273,200,GET
6274,200,GET
6275,200,GET
6276,200,GET
6277,200,GET
6278,200,GET
6279,200,GET
6280,200,GET
6281,200,GET
6282,200,GET
6283,200,GET
6284,200,GET
6285,200,GET
6286,200,GET
6287,200,GET
6288,200,GET
6289,200,GET
6290,200,GET
6291,200,GET
6292,200,GET
6293,200,GET
6294,200,GET
6295,200,GET
6296,200,GET
6297,200,GET
6298,200,GET
6299,200,GET
6300,200,GET
6301,200,GET
6302,200,GET
6303,200,GET
6304,200,GET
6305,200,GET
6306,200,GET
6307,200,GET
6308,200,GET
6309,200,GET
6310,200,GET
6311,200,GET
6312,200,GET
6313,200,GET
6314,200,GET
6315,200,GET
6316,200,GET
6317,200,GET
6318,200,GET
6319,200,GET
6320,200,GET
6321,200,GET
6322,200,GET
6323,200,GET
6324,200,GET
6325,200,GET
6326,200,GET
6327,200,GET
6328,200,GET
6329,200,GET
6330,200,GET
6331,200,GET
6332,200,GET
6333,200,GET
6334,200,GET
6335,200,GET
6336,200,GET
6337,200,GET
6338,200,GET
6339,200,GET
6340,200,GET
6341,200,GET
6342,200,GET
6343,200,GET
6344,200,GET
6345,200,GET
6346,200,GET
6347,200,GET
6348,200,GET
6349,200,GET
6350,200,GET
6351,200,GET
6352,200,GET
6353,200,GET
6354,200,GET
6355,200,GET
6356,200,GET
6357,200,GET
6358,200,GET
6359,200,GET
6360,200,GET
6361,200,GET
6362,200,GET
6363,200,GET
6364,200,GET
6365,200,GET
6366,200,GET
6367,200,GET
6368,200,GET
6369,200,GET
6370,200,GET
6371,200,GET
6372,200,GET
6373,200,GET
6374,200,GET
6375,200,GET
6376,200,GET
6377,200,GET
6378,200,GET
6379,200,GET
6380,200,GET
6381,200,GET
6382,200,GET
6383,200,GET
6384,200,GET
6385,200,GET
6386,200,GET
6387,200,GET
6388,200,GET
6389,200,GET
6390,200,GET
6391,200,GET
6392,200,GET
6393,200,GET
6394,200,GET
6395,200,GET
6396,200,GET
6397,200,GET
6398,200,GET
6399,200,GET
6400,200,GET
6401,200,GET
6402,200,GET
6403,200,GET
6404,200,GET
6405,200,GET
6406,200,GET
6407,200,GET
6408,200,GET
6409,200,GET
6410,200,GET
6411,200,GET
6412,200,GET
6413,200,GET
6414,200,GET
6415,200,GET
6416,200,GET
6417,200,GET
6418,200,GET
6419,200,GET
6420,200,GET
6421,200,GET
6422,200,GET
6423,200,GET
6424,200,GET
6425,200,GET
6426,200,GET
6427,200,GET
6428,200,GET
6429,200,GET
6430,200,GET
6431,200,GET
6432,200,GET
6433,200,GET
6434,200,GET
6435,200,GET
6436,200,GET
6437,200,GET
6438,200,GET
6439,200,GET
6440,200,GET
6441,200,GET
6442,200,GET
6443,200,GET
6444,200,GET
6445,200,GET
6446,200,GET
6447,200,GET
6448,200,GET
6449,200,GET
6450,200,GET
6451,200,GET
6452,200,GET
6453,200,GET
6454,200,GET
6455,200,GET
6456,200,GET
6457,200,GET
6458,200,GET
6459,200,GET
6460,200,GET
6461,200,GET
6462,200,GET
6463,200,GET
6464,200,GET
6465,200,GET
6466,200,GET
6467,200,GET
6468,200,GET
6469,200,GET
6470,200,GET
6471,200,GET
6472,200,GET
6473,200,GET
6474,200,GET
6475,200,GET
6476,200,GET
6477,200,GET
6478,200,GET
6479,200,GET
6480,200,GET
6481,200,GET
6482,200,GET
6483,200,GET
6484,200,GET
6485,200,GET
6486,200,GET
6487,200,GET
6488,200,GET
6489,200,GET
6490,200,GET
6491,200,GET
6492,200,GET
6493,200,GET
6494,200,GET
6495,200,GET
6496,200,GET
6497,200,GET
6498,200,GET
6499,200,GET
6500,200,GET
6501,200,GET
6502,200,GET
6503,200,GET
6504,200,GET
6505,200,GET
6506,200,GET
6507,200,GET
6508,200,GET
6509,200,GET
6510,200,GET
6511,200,GET
6512,200,GET
6513,200,GET
6514,200,GET
6515,200,GET
6516,200,GET
6517,200,GET
6518,200,GET
6519,200,GET
6520,200,GET
6521,200,GET
6522,200,GET
6523,200,GET
6524,200,GET
6525,200,GET
6526,200,GET
6527,200,GET
6528,200,GET
6529,200,GET
6530,200,GET
6531,200,GET
6532,200,GET
6533,200,GET
6534,200,GET
6535,200,GET
6536,200,GET
6537,200,GET
6538,200,GET
6539,200,GET
6540,200,GET
6541,200,GET
6542,200,GET
6543,200,GET
6544,200,GET
6545,200,GET
6546,200,GET
6547,200,GET
6548,200,GET
6549,200,GET
6550,200,GET
6551,200,GET
6552,200,GET
6553,200,GET
6554,200,GET
6555,200,GET
6556,200,GET
6557,200,GET
6558,200,GET
6559,200,GET
6560,200,GET
6561,200,GET
6562,200,GET
6563,200,GET
6564,200,GET
6565,200,GET
6566,200,GET
6567,200,GET
6568,200,GET
6569,200,GET
6570,200,GET
6571,200,GET
6572,200,GET
6573,200,GET
6574,200,GET
6575,200,GET
6576,200,GET
6577,200,GET
6578,200,GET
6579,200,GET
6580,200,GET
6581,200,GET
6582,200,GET
6583,200,GET
6584,200,GET
6585,200,GET
6586,200,GET
6587,200,GET
6588,200,GET
6589,200,GET
6590,200,GET
6591,200,GET
6592,200,GET
6593,200,GET
6594,200,GET
6595,200,GET
6596,200,GET
6597,200,GET
6598,200,GET
6599,200,GET
6600,200,GET
6601,200,GET
6602,200,GET
6603,200,GET
6604,200,GET
6605,200,GET
6606,200,GET
6607,200,GET
6608,200,GET
6609,200,GET
6610,200,GET
6611,200,GET
6612,200,GET
6613,200,GET
6614,200,GET
6615,200,GET
6616,200,GET
6617,200,GET
6618,200,GET
6619,200,GET
6620,200,GET
6621,200,GET
6622,200,GET
6623,200,GET
6624,200,GET
6625,200,GET
6626,200,GET
6627,200,GET
6628,200,GET
6629,200,GET
6630,200,GET
6631,200,GET
6632,200,GET
6633,200,GET
6634,200,GET
6635,200,GET
6636,200,GET
6637,200,GET
6638,200,GET
6639,200,GET
6640,200,GET
6641,200,GET
6642,200,GET
6643,200,GET
6644,200,GET
6645,200,GET
6646,200,GET
6647,200,GET
6648,200,GET
6649,200,GET
6650,200,GET
6651,200,GET
6652,200,GET
6653,200,GET
6654,200,GET
6655,200,GET
6656,200,GET
6657,200,GET
6658,200,GET
6659,200,GET
6660,200,GET
6661,200,GET
6662,200,GET
6663,200,GET
6664,200,GET
6665,200,GET
6666,200,GET
6667,200,GET
6668,200,GET
6669,200,GET
6670,200,GET
6671,200,GET
6672,200,GET
6673,200,GET
6674,200,GET
6675,200,GET
6676,200,GET
6677,200,GET
6678,200,GET
6679,200,GET
6680,200,GET
6681,200,GET
6682,200,GET
6683,200,GET
6684,200,GET
6685,200,GET
6686,200,GET
6687,200,GET
6688,200,GET
6689,200,GET
6690,200,GET
6691,200,GET
6692,200,GET
6693,200,GET
6694,200,GET
6695,200,GET
6696,200,GET
6697,200,GET
6698,200,GET
6699,200,GET
6700,200,GET
6701,200,GET
6702,200,GET
6703,200,GET
6704,200,GET
6705,200,GET
6706,200,GET
6707,200,GET
6708,200,GET
6709,200,GET
6710,200,GET
6711,200,GET
6712,200,GET
6713,200,GET
6714,200,GET
6715,200,GET
6716,200,GET
6717,200,GET
6718,200,GET
6719,200,GET
6720,200,GET
6721,200,GET
6722,200,GET
6723,200,GET
6724,200,GET
6725,200,GET
6726,200,GET
6727,200,GET
6728,200,GET
6729,200,GET
6730,200,GET
6731,200,GET
6732,200,GET
6733,200,GET
6734,200,GET
6735,200,GET
6736,200,GET
6737,200,GET
6738,200,GET
6739,200,GET
6740,200,GET
6741,200,GET
6742,200,GET
6743,200,GET
6744,200,GET
6745,200,GET
6746,200,GET
6747,200,GET
6748,200,GET
6749,200,GET
6750,200,GET
6751,200,GET
6752,200,GET
6753,200,GET
6754,200,GET
6755,200,GET
6756,200,GET
6757,200,GET
6758,200,GET
6759,200,GET
6760,200,GET
6761,200,GET
6762,200,GET
6763,200,GET
6764,200,GET
6765,200,GET
6766,200,GET
6767,200,GET
6768,200,GET
6769,200,GET
6770,200,GET
6771,200,GET
6772,200,GET
6773,200,GET
6774,200,GET
6775,200,GET
6776,200,GET
6777,200,GET
6778,200,GET
6779,200,GET
6780,200,GET
6781,200,GET
6782,200,GET
6783,200,GET
6784,200,GET
6785,200,GET
6786,200,GET
6787,200,GET
6788,200,GET
6789,200,GET
6790,200,GET
6791,200,GET
6792,200,GET
6793,200,GET
6794,200,GET
6795,200,GET
6796,200,GET
6797,200,GET
6798,200,GET
6799,200,GET
6800,200,GET
6801,200,GET
6802,200,GET
6803,200,GET
6804,200,GET
6805,200,GET
6806,200,GET
6807,200,GET
6808,200,GET
6809,200,GET
6810,200,GET
6811,200,GET
6812,200,GET
6813,200,GET
6814,200,GET
6815,200,GET
6816,200,GET
6817,200,GET
6818,200,GET
6819,200,GET
6820,200,GET
6821,200,GET
6822,200,GET
6823,200,GET
6824,200,GET
6825,200,GET
6826,200,GET
6827,200,GET
6828,200,GET
6829,200,GET
6830,200,GET
6831,200,GET
6832,200,GET
6833,200,GET
6834,200,GET
6835,200,GET
6836,200,GET
6837,200,GET
6838,200,GET
6839,200,GET
6840,200,GET
6841,200,GET
6842,200,GET
6843,200,GET
6844,200,GET
6845,200,GET
6846,200,GET
6847,200,GET
6848,200,GET
6849,200,GET
6850,200,GET
6851,200,GET
6852,200,GET
6853,200,GET
6854,200,GET
6855,200,GET
6856,200,GET
6857,200,GET
6858,200,GET
6859,200,GET
6860,200,GET
6861,200,GET
6862,200,GET
6863,200,GET
6864,200,GET
6865,200,GET
6866,200,GET
6867,200,GET
6868,200,GET
6869,200,GET
6870,200,GET
6871,200,GET
6872,200,GET
6873,200,GET
6874,200,GET
6875,200,GET
6876,200,GET
6877,200,GET
6878,200,GET
6879,200,GET
6880,200,GET
6881,200,GET
6882,200,GET
6883,200,GET
6884,200,GET
6885,200,GET
6886,200,GET
6887,200,GET
6888,200,GET
6889,200,GET
6890,200,GET
6891,200,GET
6892,200,GET
6893,200,GET
6894,200,GET
6895,200,GET
6896,200,GET
6897,200,GET
6898,200,GET
6899,200,GET
6900,200,GET
6901,200,GET
6902,200,GET
6903,200,GET
6904,200,GET
6905,200,GET
6906,200,GET
6907,200,GET
6908,200,GET
6909,200,GET
6910,200,GET
6911,200,GET
6912,200,GET
6913,200,GET
6914,200,GET
6915,200,GET
6916,200,GET
6917,200,GET
6918,200,GET
6919,200,GET
6920,200,GET
6921,200,GET
6922,200,GET
6923,200,GET
6924,200,GET
6925,200,GET
6926,200,GET
6927,200,GET
6928,200,GET
6929,200,GET
6930,200,GET
6931,200,GET
6932,200,GET
6933,200,GET
6934,200,GET
6935,200,GET
6936,200,GET
6937,200,GET
6938,200,GET
6939,200,GET
6940,200,GET
6941,200,GET
6942,200,GET
6943,200,GET
6944,200,GET
6945,200,GET
6946,200,GET
6947,200,GET
6948,200,GET
6949,200,GET
6950,200,GET
6951,200,GET
6952,200,GET
6953,200,GET
6954,200,GET
6955,200,GET
6956,200,GET
6957,200,GET
6958,200,GET
6959,200,GET
6960,200,GET
6961,200,GET
6962,200,GET
6963,200,GET
6964,200,GET
6965,200,GET
6966,200,GET
6967,200,GET
6968,200,GET
6969,200,GET
6970,200,GET
6971,200,GET
6972,200,GET
6973,200,GET
6974,200,GET
6975,200,GET
6976,200,GET
6977,200,GET
6978,200,GET
6979,200,GET
6980,200,GET
6981,200,GET
6982,200,GET
6983,200,GET
6984,200,GET
6985,200,GET
6986,200,GET
6987,200,GET
6988,200,GET
6989,200,GET
6990,200,GET
6991,200,GET
6992,200,GET
6993,200,GET
6994,200,GET
6995,200,GET
6996,200,GET
6997,200,GET
6998,200,GET
6999,200,GET
7000,200,GET
7001,200,GET
7002,200,GET
7003,200,GET
7004,200,GET
7005,200,GET
7006,200,GET
7007,200,GET
7008,200,GET
7009,200,GET
7010,200,GET
7011,200,GET
7012,200,GET
7013,200,GET
7014,200,GET
7015,200,GET
7016,200,GET
7017,200,GET
7018,200,GET
7019,200,GET
7020,200,GET
7021,200,GET
7022,200,GET
7023,200,GET
7024,200,GET
7025,200,GET
7026,200,GET
7027,200,GET
7028,200,GET
7029,200,GET
7030,200,GET
7031,200,GET
7032,200,GET
7033,200,GET
7034,200,GET
7035,200,GET
7036,200,GET
7037,200,GET
7038,200,GET
7039,200,GET
7040,200,GET
7041,200,GET
7042,200,GET
7043,200,GET
7044,200,GET
7045,200,GET
7046,200,GET
7047,200,GET
7048,200,GET
7049,200,GET
7050,200,GET
7051,200,GET
7052,200,GET
7053,200,GET
7054,200,GET
7055,200,GET
7056,200,GET
7057,200,GET
7058,200,GET
7059,200,GET
7060,200,GET
7061,200,GET
7062,200,GET
7063,200,GET
7064,200,GET
7065,200,GET
7066,200,GET
7067,200,GET
7068,200,GET
7069,200,GET
7070,200,GET
7071,200,GET
7072,200,GET
7073,200,GET
7074,200,GET
7075,200,GET
7076,200,GET
7077,200,GET
7078,200,GET
7079,200,GET
7080,200,GET
7081,200,GET
7082,200,GET
7083,200,GET
7084,200,GET
7085,200,GET
7086,200,GET
7087,200,GET
7088,200,GET
7089,200,GET
7090,200,GET
7091,200,GET
7092,200,GET
7093,200,GET
7094,200,GET
7095,200,GET
7096,200,GET
7097,200,GET
7098,200,GET
7099,200,GET
7100,200,GET
7101,200,GET
7102,200,GET
7103,200,GET
7104,200,GET
7105,200,GET
7106,200,GET
7107,200,GET
7108,200,GET
7109,200,GET
7110,200,GET
7111,200,GET
7112,200,GET
7113,200,GET
7114,200,GET
7115,200,GET
7116,200,GET
7117,200,GET
7118,200,GET
7119,200,GET
7120,200,GET
7121,200,GET
7122,200,GET
7123,200,GET
7124,200,GET
7125,200,GET
7126,200,GET
7127,200,GET
7128,200,GET
7129,200,GET
7130,200,GET
7131,200,GET
7132,200,GET
7133,200,GET
7134,200,GET
7135,200,GET
7136,200,GET
7137,200,GET
7138,200,GET
7139,200,GET
7140,200,GET
7141,200,GET
7142,200,GET
7143,200,GET
7144,200,GET
7145,200,GET
7146,200,GET
7147,200,GET
7148,200,GET
7149,200,GET
7150,200,GET
7151,200,GET
7152,200,GET
7153,200,GET
7154,200,GET
7155,200,GET
7156,200,GET
7157,200,GET
7158,200,GET
7159,200,GET
7160,200,GET
7161,200,GET
7162,200,GET
7163,200,GET
7164,200,GET
7165,200,GET
7166,200,GET
7167,200,GET
7168,200,GET
7169,200,GET
7170,200,GET
7171,200,GET
7172,200,GET
7173,200,GET
7174,200,GET
7175,200,GET
7176,200,GET
7177,200,GET
7178,200,GET
7179,200,GET
7180,200,GET
7181,200,GET
7182,200,GET
7183,200,GET
7184,200,GET
7185,200,GET
7186,200,GET
7187,200,GET
7188,200,GET
7189,200,GET
7190,200,GET
7191,200,GET
7192,200,GET
7193,200,GET
7194,200,GET
7195,200,GET
7196,200,GET
7197,200,GET
7198,200,GET
7199,200,GET
7200,200,GET
7201,200,GET
7202,200,GET
7203,200,GET
7204,200,GET
7205,200,GET
7206,200,GET
7207,200,GET
7208,200,GET
7209,200,GET
7210,200,GET
7211,200,GET
7212,200,GET
7213,200,GET
7214,200,GET
7215,200,GET
7216,200,GET
7217,200,GET
7218,200,GET
7219,200,GET
7220,200,GET
7221,200,GET
7222,200,GET
7223,200,GET
7224,200,GET
7225,200,GET
7226,200,GET
7227,200,GET
7228,200,GET
7229,200,GET
7230,200,GET
7231,200,GET
7232,200,GET
7233,200,GET
7234,200,GET
7235,200,GET
7236,200,GET
7237,200,GET
7238,200,GET
7239,200,GET
7240,200,GET
7241,200,GET
7242,200,GET
7243,200,GET
7244,200,GET
7245,200,GET
7246,200,GET
7247,200,GET
7248,200,GET
7249,200,GET
7250,200,GET
7251,200,GET
7252,200,GET
7253,200,GET
7254,200,GET
7255,200,GET
7256,200,GET
7257,200,GET
7258,200,GET
7259,200,GET
7260,200,GET
7261,200,GET
7262,200,GET
7263,200,GET
7264,200,GET
7265,200,GET
7266,200,GET
7267,200,GET
7268,200,GET
7269,200,GET
7270,200,GET
7271,200,GET
7272,200,GET
7273,200,GET
7274,200,GET
7275,200,GET
7276,200,GET
7277,200,GET
7278,200,GET
7279,200,GET
7280,200,GET
7281,200,GET
7282,200,GET
7283,200,GET
7284,200,GET
7285,200,GET
7286,200,GET
7287,200,GET
7288,200,GET
7289,200,GET
7290,200,GET
7291,200,GET
7292,200,GET
7293,200,GET
7294,200,GET
7295,200,GET
7296,200,GET
7297,200,GET
7298,200,GET
7299,200,GET
7300,200,GET
7301,200,GET
7302,200,GET
7303,200,GET
7304,200,GET
7305,200,GET
7306,200,GET
7307,200,GET
7308,200,GET
7309,200,GET
7310,200,GET
7311,200,GET
7312,200,GET
7313,200,GET
7314,200,GET
7315,200,GET
7316,200,GET
7317,200,GET
7318,200,GET
7319,200,GET
7320,200,GET
7321,200,GET
7322,200,GET
7323,200,GET
7324,200,GET
7325,200,GET
7326,200,GET
7327,200,GET
7328,200,GET
7329,200,GET
7330,200,GET
7331,200,GET
7332,200,GET
7333,200,GET
7334,200,GET
7335,200,GET
7336,200,GET
7337,200,GET
7338,200,GET
7339,200,GET
7340,200,GET
7341,200,GET
7342,200,GET
7343,200,GET
7344,200,GET
7345,200,GET
7346,200,GET
7347,200,GET
7348,200,GET
7349,200,GET
7350,200,GET
7351,200,GET
7352,200,GET
7353,200,GET
7354,200,GET
7355,200,GET
7356,200,GET
7357,200,GET
7358,200,GET
7359,200,GET
7360,200,GET
7361,200,GET
7362,200,GET
7363,200,GET
7364,200,GET
7365,200,GET
7366,200,GET
7367,200,GET
7368,200,GET
7369,200,GET
7370,200,GET
7371,200,GET
7372,200,GET
7373,200,GET
7374,200,GET
7375,200,GET
7376,200,GET
7377,200,GET
7378,200,GET
7379,200,GET
7380,200,GET
7381,200,GET
7382,200,GET
7383,200,GET
7384,200,GET
7385,200,GET
7386,200,GET
7387,200,GET
7388,200,GET
7389,200,GET
7390,200,GET
7391,200,GET
7392,200,GET
7393,200,GET
7394,200,GET
7395,200,GET
7396,200,GET
7397,200,GET
7398,200,GET
7399,200,GET
7400,200,GET
7401,200,GET
7402,200,GET
7403,200,GET
7404,200,GET
7405,200,GET
7406,200,GET
7407,200,GET
7408,200,GET
7409,200,GET
7410,200,GET
7411,200,GET
7412,200,GET
7413,200,GET
7414,200,GET
7415,200,GET
7416,200,GET
7417,200,GET
7418,200,GET
7419,200,GET
7420,200,GET
7421,200,GET
7422,200,GET
7423,200,GET
7424,200,GET
7425,200,GET
7426,200,GET
7427,200,GET
7428,200,GET
7429,200,GET
7430,200,GET
7431,200,GET
7432,200,GET
7433,200,GET
7434,200,GET
7435,200,GET
7436,200,GET
7437,200,GET
7438,200,GET
7439,200,GET
7440,200,GET
7441,200,GET
7442,200,GET
7443,200,GET
7444,200,GET
7445,200,GET
7446,200,GET
7447,200,GET
7448,200,GET
7449,200,GET
7450,200,GET
7451,200,GET
7452,200,GET
7453,200,GET
7454,200,GET
7455,200,GET
7456,200,GET
7457,200,GET
7458,200,GET
7459,200,GET
7460,200,GET
7461,200,GET
7462,200,GET
7463,200,GET
7464,200,GET
7465,200,GET
7466,200,GET
7467,200,GET
7468,200,GET
7469,200,GET
7470,200,GET
7471,200,GET
7472,200,GET
7473,200,GET
7474,200,GET
7475,200,GET
7476,200,GET
7477,200,GET
7478,200,GET
7479,200,GET
7480,200,GET
7481,200,GET
7482,200,GET
7483,200,GET
7484,200,GET
7485,200,GET
7486,200,GET
7487,200,GET
7488,200,GET
7489,200,GET
7490,200,GET
7491,200,GET
7492,200,GET
7493,200,GET
7494,200,GET
7495,200,GET
7496,200,GET
7497,200,GET
7498,200,GET
7499,200,GET
7500,200,GET
7501,200,GET
7502,200,GET
7503,200,GET
7504,200,GET
7505,200,GET
7506,200,GET
7507,200,GET
7508,200,GET
7509,200,GET
7510,200,GET
7511,200,GET
7512,200,GET
7513,200,GET
7514,200,GET
7515,200,GET
7516,200,GET
7517,200,GET
7518,200,GET
7519,200,GET
7520,200,GET
7521,200,GET
7522,200,GET
7523,200,GET
7524,200,GET
7525,200,GET
7526,200,GET
7527,200,GET
7528,200,GET
7529,200,GET
7530,200,GET
7531,200,GET
7532,200,GET
7533,200,GET
7534,200,GET
7535,200,GET
7536,200,GET
7537,200,GET
7538,200,GET
7539,200,GET
7540,200,GET
7541,200,GET
7542,200,GET
7543,200,GET
7544,200,GET
7545,200,GET
7546,200,GET
7547,200,GET
7548,200,GET
7549,200,GET
7550,200,GET
7551,200,GET
7552,200,GET
7553,200,GET
7554,200,GET
7555,200,GET
7556,200,GET
7557,200,GET
7558,200,GET
7559,200,GET
7560,200,GET
7561,200,GET
7562,200,GET
7563,200,GET
7564,200,GET
7565,200,GET
7566,200,GET
7567,200,GET
7568,200,GET
7569,200,GET
7570,200,GET
7571,200,GET
7572,200,GET
7573,200,GET
7574,200,GET
7575,200,GET
7576,200,GET
7577,200,GET
7578,200,GET
7579,200,GET
7580,200,GET
7581,200,GET
7582,200,GET
7583,200,GET
7584,200,GET
7585,200,GET
7586,200,GET
7587,200,GET
7588,200,GET
7589,200,GET
7590,200,GET
7591,200,GET
7592,200,GET
7593,200,GET
7594,200,GET
7595,200,GET
7596,200,GET
7597,200,GET
7598,200,GET
7599,200,GET
7600,200,GET
7601,200,GET
7602,200,GET
7603,200,GET
7604,200,GET
7605,200,GET
7606,200,GET
7607,200,GET
7608,200,GET
7609,200,GET
7610,200,GET
7611,200,GET
7612,200,GET
7613,200,GET
7614,200,GET
7615,200,GET
7616,200,GET
7617,200,GET
7618,200,GET
7619,200,GET
7620,200,GET
7621,200,GET
7622,200,GET
7623,200,GET
7624,200,GET
7625,200,GET
7626,200,GET
7627,200,GET
7628,200,GET
7629,200,GET
7630,200,GET
7631,200,GET
7632,200,GET
7633,200,GET
7634,200,GET
7635,200,GET
7636,200,GET
7637,200,GET
7638,200,GET
7639,200,GET
7640,200,GET
7641,200,GET
7642,200,GET
7643,200,GET
7644,200,GET
7645,200,GET
7646,200,GET
7647,200,GET
7648,200,GET
7649,200,GET
7650,200,GET
7651,200,GET
7652,200,GET
7653,200,GET
7654,200,GET
7655,200,GET
7656,200,GET
7657,200,GET
7658,200,GET
7659,200,GET
7660,200,GET
7661,200,GET
7662,200,GET
7663,200,GET
7664,200,GET
7665,200,GET
7666,200,GET
7667,200,GET
7668,200,GET
7669,200,GET
7670,200,GET
7671,200,GET
7672,200,GET
7673,200,GET
7674,200,GET
7675,200,GET
7676,200,GET
7677,200,GET
7678,200,GET
7679,200,GET
7680,200,GET
7681,200,GET
7682,200,GET
7683,200,GET
7684,200,GET
7685,200,GET
7686,200,GET
7687,200,GET
7688,200,GET
7689,200,GET
7690,200,GET
7691,200,GET
7692,200,GET
7693,200,GET
7694,200,GET
7695,200,GET
7696,200,GET
7697,200,GET
7698,200,GET
7699,200,GET
7700,200,GET
7701,200,GET
7702,200,GET
7703,200,GET
7704,200,GET
7705,200,GET
7706,200,GET
7707,200,GET
7708,200,GET
7709,200,GET
7710,200,GET
7711,200,GET
7712,200,GET
7713,200,GET
7714,200,GET
7715,200,GET
7716,200,GET
7717,200,GET
7718,200,GET
7719,200,GET
7720,200,GET
7721,200,GET
7722,200,GET
7723,200,GET
7724,200,GET
7725,200,GET
7726,200,GET
7727,200,GET
7728,200,GET
7729,200,GET
7730,200,GET
7731,200,GET
7732,200,GET
7733,200,GET
7734,200,GET
7735,200,GET
7736,200,GET
7737,200,GET
7738,200,GET
7739,200,GET
7740,200,GET
7741,200,GET
7742,200,GET
7743,200,GET
7744,200,GET
7745,200,GET
7746,200,GET
7747,200,GET
7748,200,GET
7749,200,GET
7750,200,GET
7751,200,GET
7752,200,GET
7753,200,GET
7754,200,GET
7755,200,GET
7756,200,GET
7757,200,GET
7758,200,GET
7759,200,GET
7760,200,GET
7761,200,GET
7762,200,GET
7763,200,GET
7764,200,GET
7765,200,GET
7766,200,GET
7767,200,GET
7768,200,GET
7769,200,GET
7770,200,GET
7771,200,GET
7772,200,GET
7773,200,GET
7774,200,GET
7775,200,GET
7776,200,GET
7777,200,GET
7778,200,GET
7779,200,GET
7780,200,GET
7781,200,GET
7782,200,GET
7783,200,GET
7784,200,GET
7785,200,GET
7786,200,GET
7787,200,GET
7788,200,GET
7789,200,GET
7790,200,GET
7791,200,GET
7792,200,GET
7793,200,GET
7794,200,GET
7795,200,GET
7796,200,GET
7797,200,GET
7798,200,GET
7799,200,GET
7800,200,GET
7801,200,GET
7802,200,GET
7803,200,GET
7804,200,GET
7805,200,GET
7806,200,GET
7807,200,GET
7808,200,GET
7809,200,GET
7810,200,GET
7811,200,GET
7812,200,GET
7813,200,GET
7814,200,GET
7815,200,GET
7816,200,GET
7817,200,GET
7818,200,GET
7819,200,GET
7820,200,GET
7821,200,GET
7822,200,GET
7823,200,GET
7824,200,GET
7825,200,GET
7826,200,GET
7827,200,GET
7828,200,GET
7829,200,GET
7830,200,GET
7831,200,GET
7832,200,GET
7833,200,GET
7834,200,GET
7835,200,GET
7836,200,GET
7837,200,GET
7838,200,GET
7839,200,GET
7840,200,GET
7841,200,GET
7842,200,GET
7843,200,GET
7844,200,GET
7845,200,GET
7846,200,GET
7847,200,GET
7848,200,GET
7849,200,GET
7850,200,GET
7851,200,GET
7852,200,GET
7853,200,GET
7854,200,GET
7855,200,GET
7856,200,GET
7857,200,GET
7858,200,GET
7859,200,GET
7860,200,GET
7861,200,GET
7862,200,GET
7863,200,GET
7864,200,GET
7865,200,GET
7866,200,GET
7867,200,GET
7868,200,GET
7869,200,GET
7870,200,GET
7871,200,GET
7872,200,GET
7873,200,GET
7874,200,GET
7875,200,GET
7876,200,GET
7877,200,GET
7878,200,GET
7879,200,GET
7880,200,GET
7881,200,GET
7882,200,GET
7883,200,GET
7884,200,GET
7885,200,GET
7886,200,GET
7887,200,GET
7888,200,GET
7889,200,GET
7890,200,GET
7891,200,GET
7892,200,GET
7893,200,GET
7894,200,GET
7895,200,GET
7896,200,GET
7897,200,GET
7898,200,GET
7899,200,GET
7900,200,GET
7901,200,GET
7902,200,GET
7903,200,GET
7904,200,GET
7905,200,GET
7906,200,GET
7907,200,GET
7908,200,GET
7909,200,GET
7910,200,GET
7911,200,GET
7912,200,GET
7913,200,GET
7914,200,GET
7915,200,GET
7916,200,GET
7917,200,GET
7918,200,GET
7919,200,GET
7920,200,GET
7921,200,GET
7922,200,GET
7923,200,GET
7924,200,GET
7925,200,GET
7926,200,GET
7927,200,GET
7928,200,GET
7929,200,GET
7930,200,GET
7931,200,GET
7932,200,GET
7933,200,GET
7934,200,GET
7935,200,GET
7936,200,GET
7937,200,GET
7938,200,GET
7939,200,GET
7940,200,GET
7941,200,GET
7942,200,GET
7943,200,GET
7944,200,GET
7945,200,GET
7946,200,GET
7947,200,GET
7948,200,GET
7949,200,GET
7950,200,GET
7951,200,GET
7952,200,GET
7953,200,GET
7954,200,GET
7955,200,GET
7956,200,GET
7957,200,GET
7958,200,GET
7959,200,GET
7960,200,GET
7961,200,GET
7962,200,GET
7963,200,GET
7964,200,GET
7965,200,GET
7966,200,GET
7967,200,GET
7968,200,GET
7969,200,GET
7970,200,GET
7971,200,GET
7972,200,GET
7973,200,GET
7974,200,GET
7975,200,GET
7976,200,GET
7977,200,GET
7978,200,GET
7979,200,GET
7980,200,GET
7981,200,GET
7982,200,GET
7983,200,GET
7984,200,GET
7985,200,GET
7986,200,GET
7987,200,GET
7988,200,GET
7989,200,GET
7990,200,GET
7991,200,GET
7992,200,GET
7993,200,GET
7994,200,GET
7995,200,GET
7996,200,GET
7997,200,GET
7998,200,GET
7999,200,GET
8000,200,GET
8001,200,GET
8002,200,GET
8003,200,GET
8004,200,GET
8005,200,GET
8006,200,GET
8007,200,GET
8008,200,GET
8009,200,GET
8010,200,GET
8011,200,GET
8012,200,GET
8013,200,GET
8014,200,GET
8015,200,GET
8016,200,GET
8017,200,GET
8018,200,GET
8019,200,GET
8020,200,GET
8021,200,GET
8022,200,GET
8023,200,GET
8024,200,GET
8025,200,GET
8026,200,GET
8027,200,GET
8028,200,GET
8029,200,GET
8030,200,GET
8031,200,GET
8032,200,GET
8033,200,GET
8034,200,GET
8035,200,GET
8036,200,GET
8037,200,GET
8038,200,GET
8039,200,GET
8040,200,GET
8041,200,GET
8042,200,GET
8043,200,GET
8044,200,GET
8045,200,GET
8046,200,GET
8047,200,GET
8048,200,GET
8049,200,GET
8050,200,GET
8051,200,GET
8052,200,GET
8053,200,GET
8054,200,GET
8055,200,GET
8056,200,GET
8057,200,GET
8058,200,GET
8059,200,GET
8060,200,GET
8061,200,GET
8062,200,GET
8063,200,GET
8064,200,GET
8065,200,GET
8066,200,GET
8067,200,GET
8068,200,GET
8069,200,GET
8070,200,GET
8071,200,GET
8072,200,GET
8073,200,GET
8074,200,GET
8075,200,GET
8076,200,GET
8077,200,GET
8078,200,GET
8079,200,GET
8080,200,GET
8081,200,GET
8082,200,GET
8083,200,GET
8084,200,GET
8085,200,GET
8086,200,GET
8087,200,GET
8088,200,GET
8089,200,GET
8090,200,GET
8091,200,GET
8092,200,GET
8093,200,GET
8094,200,GET
8095,200,GET
8096,200,GET
8097,200,GET
8098,200,GET
8099,200,GET
8100,200,GET
8101,200,GET
8102,200,GET
8103,200,GET
8104,200,GET
8105,200,GET
8106,200,GET
8107,200,GET
8108,200,GET
8109,200,GET
8110,200,GET
8111,200,GET
8112,200,GET
8113,200,GET
8114,200,GET
8115,200,GET
8116,200,GET
8117,200,GET
8118,200,GET
8119,200,GET
8120,200,GET
8121,200,GET
8122,200,GET
8123,200,GET
8124,200,GET
8125,200,GET
8126,200,GET
8127,200,GET
8128,200,GET
8129,200,GET
8130,200,GET
8131,200,GET
8132,200,GET
8133,200,GET
8134,200,GET
8135,200,GET
8136,200,GET
8137,200,GET
8138,200,GET
8139,200,GET
8140,200,GET
8141,200,GET
8142,200,GET
8143,200,GET
8144,200,GET
8145,200,GET
8146,200,GET
8147,200,GET
8148,200,GET
8149,200,GET
8150,200,GET
8151,200,GET
8152,200,GET
8153,200,GET
8154,200,GET
8155,200,GET
8156,200,GET
8157,200,GET
8158,200,GET
8159,200,GET
8160,200,GET
8161,200,GET
8162,200,GET
8163,200,GET
8164,200,GET
8165,200,GET
8166,200,GET
8167,200,GET
8168,200,GET
8169,200,GET
8170,200,GET
8171,200,GET
8172,200,GET
8173,200,GET
8174,200,GET
8175,200,GET
8176,200,GET
8177,200,GET
8178,200,GET
8179,200,GET
8180,200,GET
8181,200,GET
8182,200,GET
8183,200,GET
8184,200,GET
8185,200,GET
8186,200,GET
8187,200,GET
8188,200,GET
8189,200,GET
8190,200,GET
8191,200,GET
8192,200,GET
8193,200,GET
8194,200,GET
8195,200,GET
8196,200,GET
8197,200,GET
8198,200,GET
8199,200,GET
8200,200,GET
8201,200,GET
8202,200,GET
8203,200,GET
8204,200,GET
8205,200,GET
8206,200,GET
8207,200,GET
8208,200,GET
8209,200,GET
8210,200,GET
8211,200,GET
8212,200,GET
8213,200,GET
8214,200,GET
8215,200,GET
8216,200,GET
8217,200,GET
8218,200,GET
8219,200,GET
8220,200,GET
8221,200,GET
8222,200,GET
8223,200,GET
8224,200,GET
8225,200,GET
8226,200,GET
8227,200,GET
8228,200,GET
8229,200,GET
8230,200,GET
8231,200,GET
8232,200,GET
8233,200,GET
8234,200,GET
8235,200,GET
8236,200,GET
8237,200,GET
8238,200,GET
8239,200,GET
8240,200,GET
8241,200,GET
8242,200,GET
8243,200,GET
8244,200,GET
8245,200,GET
8246,200,GET
8247,200,GET
8248,200,GET
8249,200,GET
8250,200,GET
8251,200,GET
8252,200,GET
8253,200,GET
8254,200,GET
8255,200,GET
8256,200,GET
8257,200,GET
8258,200,GET
8259,200,GET
8260,200,GET
8261,200,GET
8262,200,GET
8263,200,GET
8264,200,GET
8265,200,GET
8266,200,GET
8267,200,GET
8268,200,GET
8269,200,GET
8270,200,GET
8271,200,GET
8272,200,GET
8273,200,GET
8274,200,GET
8275,200,GET
8276,200,GET
8277,200,GET
8278,200,GET
8279,200,GET
8280,200,GET
8281,200,GET
8282,200,GET
8283,200,GET
8284,200,GET
8285,200,GET
8286,200,GET
8287,200,GET
8288,200,GET
8289,200,GET
8290,200,GET
8291,200,GET
8292,200,GET
8293,200,GET
8294,200,GET
8295,200,GET
8296,200,GET
8297,200,GET
8298,200,GET
8299,200,GET
8300,200,GET
8301,200,GET
8302,200,GET
8303,200,GET
8304,200,GET
8305,200,GET
8306,200,GET
8307,200,GET
8308,200,GET
8309,200,GET
8310,200,GET
8311,200,GET
8312,200,GET
8313,200,GET
8314,200,GET
8315,200,GET
8316,200,GET
8317,200,GET
8318,200,GET
8319,200,GET
8320,200,GET
8321,200,GET
8322,200,GET
8323,200,GET
8324,200,GET
8325,200,GET
8326,200,GET
8327,200,GET
8328,200,GET
8329,200,GET
8330,200,GET
8331,200,GET
8332,200,GET
8333,200,GET
8334,200,GET
8335,200,GET
8336,200,GET
8337,200,GET
8338,200,GET
8339,200,GET
8340,200,GET
8341,200,GET
8342,200,GET
8343,200,GET
8344,200,GET
8345,200,GET
8346,200,GET
8347,200,GET
8348,200,GET
8349,200,GET
8350,200,GET
8351,200,GET
8352,200,GET
8353,200,GET
8354,200,GET
8355,200,GET
8356,200,GET
8357,200,GET
8358,200,GET
8359,200,GET
8360,200,GET
8361,200,GET
8362,200,GET
8363,200,GET
8364,200,GET
8365,200,GET
8366,200,GET
8367,200,GET
8368,200,GET
8369,200,GET
8370,200,GET
8371,200,GET
8372,200,GET
8373,200,GET
8374,200,GET
8375,200,GET
8376,200,GET
8377,200,GET
8378,200,GET
8379,200,GET
8380,200,GET
8381,200,GET
8382,200,GET
8383,200,GET
8384,200,GET
8385,200,GET
8386,200,GET
8387,200,GET
8388,200,GET
8389,200,GET
8390,200,GET
8391,200,GET
8392,200,GET
8393,200,GET
8394,200,GET
8395,200,GET
8396,200,GET
8397,200,GET
8398,200,GET
8399,200,GET
8400,200,GET
8401,200,GET
8402,200,GET
8403,200,GET
8404,200,GET
8405,200,GET
8406,200,GET
8407,200,GET
8408,200,GET
8409,200,GET
8410,200,GET
8411,200,GET
8412,200,GET
8413,200,GET
8414,200,GET
8415,200,GET
8416,200,GET
8417,200,GET
8418,200,GET
8419,200,GET
8420,200,GET
8421,200,GET
8422,200,GET
8423,200,GET
8424,200,GET
8425,200,GET
8426,200,GET
8427,200,GET
8428,200,GET
8429,200,GET
8430,200,GET
8431,200,GET
8432,200,GET
8433,200,GET
8434,200,GET
8435,200,GET
8436,200,GET
8437,200,GET
8438,200,GET
8439,200,GET
8440,200,GET
8441,200,GET
8442,200,GET
8443,200,GET
8444,200,GET
8445,200,GET
8446,200,GET
8447,200,GET
8448,200,GET
8449,200,GET
8450,200,GET
8451,200,GET
8452,200,GET
8453,200,GET
8454,200,GET
8455,200,GET
8456,200,GET
8457,200,GET
8458,200,GET
8459,200,GET
8460,200,GET
8461,200,GET
8462,200,GET
8463,200,GET
8464,200,GET
8465,200,GET
8466,200,GET
8467,200,GET
8468,200,GET
8469,200,GET
8470,200,GET
8471,200,GET
8472,200,GET
8473,200,GET
8474,200,GET
8475,200,GET
8476,200,GET
8477,200,GET
8478,200,GET
8479,200,GET
8480,200,GET
8481,200,GET
8482,200,GET
8483,200,GET
8484,200,GET
8485,200,GET
8486,200,GET
8487,200,GET
8488,200,GET
8489,200,GET
8490,200,GET
8491,200,GET
8492,200,GET
8493,200,GET
8494,200,GET
8495,200,GET
8496,200,GET
8497,200,GET
8498,200,GET
8499,200,GET
8500,200,GET
8501,200,GET
8502,200,GET
8503,200,GET
8504,200,GET
8505,200,GET
8506,200,GET
8507,200,GET
8508,200,GET
8509,200,GET
8510,200,GET
8511,200,GET
8512,200,GET
8513,200,GET
8514,200,GET
8515,200,GET
8516,200,GET
8517,200,GET
8518,200,GET
8519,200,GET
8520,200,GET
8521,200,GET
8522,200,GET
8523,200,GET
8524,200,GET
8525,200,GET
8526,200,GET
8527,200,GET
8528,200,GET
8529,200,GET
8530,200,GET
8531,200,GET
8532,200,GET
8533,200,GET
8534,200,GET
8535,200,GET
8536,200,GET
8537,200,GET
8538,200,GET
8539,200,GET
8540,200,GET
8541,200,GET
8542,200,GET
8543,200,GET
8544,200,GET
8545,200,GET
8546,200,GET
8547,200,GET
8548,200,GET
8549,200,GET
8550,200,GET
8551,200,GET
8552,200,GET
8553,200,GET
8554,200,GET
8555,200,GET
8556,200,GET
8557,200,GET
8558,200,GET
8559,200,GET
8560,200,GET
8561,200,GET
8562,200,GET
8563,200,GET
8564,200,GET
8565,200,GET
8566,200,GET
8567,200,GET
8568,200,GET
8569,200,GET
8570,200,GET
8571,200,GET
8572,200,GET
8573,200,GET
8574,200,GET
8575,200,GET
8576,200,GET
8577,200,GET
8578,200,GET
8579,200,GET
8580,200,GET
8581,200,GET
8582,200,GET
8583,200,GET
8584,200,GET
8585,200,GET
8586,200,GET
8587,200,GET
8588,200,GET
8589,200,GET
8590,200,GET
8591,200,GET
8592,200,GET
8593,200,GET
8594,200,GET
8595,200,GET
8596,200,GET
8597,200,GET
8598,200,GET
8599,200,GET
8600,200,GET
8601,200,GET
8602,200,GET
8603,200,GET
8604,200,GET
8605,200,GET
8606,200,GET
8607,200,GET
8608,200,GET
8609,200,GET
8610,200,GET
8611,200,GET
8612,200,GET
8613,200,GET
8614,200,GET
8615,200,GET
8616,200,GET
8617,200,GET
8618,200,GET
8619,200,GET
8620,200,GET
8621,200,GET
8622,200,GET
8623,200,GET
8624,200,GET
8625,200,GET
8626,200,GET
8627,200,GET
8628,200,GET
8629,200,GET
8630,200,GET
8631,200,GET
8632,200,GET
8633,200,GET
8634,200,GET
8635,200,GET
8636,200,GET
8637,200,GET
8638,200,GET
8639,200,GET
8640,200,GET
8641,200,GET
8642,200,GET
8643,200,GET
8644,200,GET
8645,200,GET
8646,200,GET
8647,200,GET
8648,200,GET
8649,200,GET
8650,200,GET
8651,200,GET
8652,200,GET
8653,200,GET
8654,200,GET
8655,200,GET
8656,200,GET
8657,200,GET
8658,200,GET
8659,200,GET
8660,200,GET
8661,200,GET
8662,200,GET
8663,200,GET
8664,200,GET
8665,200,GET
8666,200,GET
8667,200,GET
8668,200,GET
8669,200,GET
8670,200,GET
8671,200,GET
8672,200,GET
8673,200,GET
8674,200,GET
8675,200,GET
8676,200,GET
8677,200,GET
8678,200,GET
8679,200,GET
8680,200,GET
8681,200,GET
8682,200,GET
8683,200,GET
8684,200,GET
8685,200,GET
8686,200,GET
8687,200,GET
8688,200,GET
8689,200,GET
8690,200,GET
8691,200,GET
8692,200,GET
8693,200,GET
8694,200,GET
8695,200,GET
8696,200,GET
8697,200,GET
8698,200,GET
8699,200,GET
8700,200,GET
8701,200,GET
8702,200,GET
8703,200,GET
8704,200,GET
8705,200,GET
8706,200,GET
8707,200,GET
8708,200,GET
8709,200,GET
8710,200,GET
8711,200,GET
8712,200,GET
8713,200,GET
8714,200,GET
8715,200,GET
8716,200,GET
8717,200,GET
8718,200,GET
8719,200,GET
8720,200,GET
8721,200,GET
8722,200,GET
8723,200,GET
8724,200,GET
8725,200,GET
8726,200,GET
8727,200,GET
8728,200,GET
8729,200,GET
8730,200,GET
8731,200,GET
8732,200,GET
8733,200,GET
8734,200,GET
8735,200,GET
8736,200,GET
8737,200,GET
8738,200,GET
8739,200,GET
8740,200,GET
8741,200,GET
8742,200,GET
8743,200,GET
8744,200,GET
8745,200,GET
8746,200,GET
8747,200,GET
8748,200,GET
8749,200,GET
8750,200,GET
8751,200,GET
8752,200,GET
8753,200,GET
8754,200,GET
8755,200,GET
8756,200,GET
8757,200,GET
8758,200,GET
8759,200,GET
8760,200,GET
8761,200,GET
8762,200,GET
8763,200,GET
8764,200,GET
8765,200,GET
8766,200,GET
8767,200,GET
8768,200,GET
8769,200,GET
8770,200,GET
8771,200,GET
8772,200,GET
8773,200,GET
8774,200,GET
8775,200,GET
8776,200,GET
8777,200,GET
8778,200,GET
8779,200,GET
8780,200,GET
8781,200,GET
8782,200,GET
8783,200,GET
8784,200,GET
8785,200,GET
8786,200,GET
8787,200,GET
8788,200,GET
8789,200,GET
8790,200,GET
8791,200,GET
8792,200,GET
8793,200,GET
8794,200,GET
8795,200,GET
8796,200,GET
8797,200,GET
8798,200,GET
8799,200,GET
8800,200,GET
8801,200,GET
8802,200,GET
8803,200,GET
8804,200,GET
8805,200,GET
8806,200,GET
8807,200,GET
8808,200,GET
8809,200,GET
8810,200,GET
8811,200,GET
8812,200,GET
8813,200,GET
8814,200,GET
8815,200,GET
8816,200,GET
8817,200,GET
8818,200,GET
8819,200,GET
8820,200,GET
8821,200,GET
8822,200,GET
8823,200,GET
8824,200,GET
8825,200,GET
8826,200,GET
8827,200,GET
8828,200,GET
8829,200,GET
8830,200,GET
8831,200,GET
8832,200,GET
8833,200,GET
8834,200,GET
8835,200,GET
8836,200,GET
8837,200,GET
8838,200,GET
8839,200,GET
8840,200,GET
8841,200,GET
8842,200,GET
8843,200,GET
8844,200,GET
8845,200,GET
8846,200,GET
8847,200,GET
8848,200,GET
8849,200,GET
8850,200,GET
8851,200,GET
8852,200,GET
8853,200,GET
8854,200,GET
8855,200,GET
8856,200,GET
8857,200,GET
8858,200,GET
8859,200,GET
8860,200,GET
8861,200,GET
8862,200,GET
8863,200,GET
8864,200,GET
8865,200,GET
8866,200,GET
8867,200,GET
8868,200,GET
8869,200,GET
8870,200,GET
8871,200,GET
8872,200,GET
8873,200,GET
8874,200,GET
8875,200,GET
8876,200,GET
8877,200,GET
8878,200,GET
8879,200,GET
8880,200,GET
8881,200,GET
8882,200,GET
8883,200,GET
8884,200,GET
8885,200,GET
8886,200,GET
8887,200,GET
8888,200,GET
8889,200,GET
8890,200,GET
8891,200,GET
8892,200,GET
8893,200,GET
8894,200,GET
8895,200,GET
8896,200,GET
8897,200,GET
8898,200,GET
8899,200,GET
8900,200,GET
8901,200,GET
8902,200,GET
8903,200,GET
8904,200,GET
8905,200,GET
8906,200,GET
8907,200,GET
8908,200,GET
8909,200,GET
8910,200,GET
8911,200,GET
8912,200,GET
8913,200,GET
8914,200,GET
8915,200,GET
8916,200,GET
8917,200,GET
8918,200,GET
8919,200,GET
8920,200,GET
8921,200,GET
8922,200,GET
8923,200,GET
8924,200,GET
8925,200,GET
8926,200,GET
8927,200,GET
8928,200,GET
8929,200,GET
8930,200,GET
8931,200,GET
8932,200,GET
8933,200,GET
8934,200,GET
8935,200,GET
8936,200,GET
8937,200,GET
8938,200,GET
8939,200,GET
8940,200,GET
8941,200,GET
8942,200,GET
8943,200,GET
8944,200,GET
8945,200,GET
8946,200,GET
8947,200,GET
8948,200,GET
8949,200,GET
8950,200,GET
8951,200,GET
8952,200,GET
8953,200,GET
8954,200,GET
8955,200,GET
8956,200,GET
8957,200,GET
8958,200,GET
8959,200,GET
8960,200,GET
8961,200,GET
8962,200,GET
8963,200,GET
8964,200,GET
8965,200,GET
8966,200,GET
8967,200,GET
8968,200,GET
8969,200,GET
8970,200,GET
8971,200,GET
8972,200,GET
8973,200,GET
8974,200,GET
8975,200,GET
8976,200,GET
8977,200,GET
8978,200,GET
8979,200,GET
8980,200,GET
8981,200,GET
8982,200,GET
8983,200,GET
8984,200,GET
8985,200,GET
8986,200,GET
8987,200,GET
8988,200,GET
8989,200,GET
8990,200,GET
8991,200,GET
8992,200,GET
8993,200,GET
8994,200,GET
8995,200,GET
8996,200,GET
8997,200,GET
8998,200,GET
8999,200,GET
9000,200,GET
9001,200,GET
9002,200,GET
9003,200,GET
9004,200,GET
9005,200,GET
9006,200,GET
9007,200,GET
9008,200,GET
9009,200,GET
9010,200,GET
9011,200,GET
9012,200,GET
9013,200,GET
9014,200,GET
9015,200,GET
9016,200,GET
9017,200,GET
9018,200,GET
9019,200,GET
9020,200,GET
9021,200,GET
9022,200,GET
9023,200,GET
9024,200,GET
9025,200,GET
9026,200,GET
9027,200,GET
9028,200,GET
9029,200,GET
9030,200,GET
9031,200,GET
9032,200,GET
9033,200,GET
9034,200,GET
9035,200,GET
9036,200,GET
9037,200,GET
9038,200,GET
9039,200,GET
9040,200,GET
9041,200,GET
9042,200,GET
9043,200,GET
9044,200,GET
9045,200,GET
9046,200,GET
9047,200,GET
9048,200,GET
9049,200,GET
9050,200,GET
9051,200,GET
9052,200,GET
9053,200,GET
9054,200,GET
9055,200,GET
9056,200,GET
9057,200,GET
9058,200,GET
9059,200,GET
9060,200,GET
9061,200,GET
9062,200,GET
9063,200,GET
9064,200,GET
9065,200,GET
9066,200,GET
9067,200,GET
9068,200,GET
9069,200,GET
9070,200,GET
9071,200,GET
9072,200,GET
9073,200,GET
9074,200,GET
9075,200,GET
9076,200,GET
9077,200,GET
9078,200,GET
9079,200,GET
9080,200,GET
9081,200,GET
9082,200,GET
9083,200,GET
9084,200,GET
9085,200,GET
9086,200,GET
9087,200,GET
9088,200,GET
9089,200,GET
9090,200,GET
9091,200,GET
9092,200,GET
9093,200,GET
9094,200,GET
9095,200,GET
9096,200,GET
9097,200,GET
9098,200,GET
9099,200,GET
9100,200,GET
9101,200,GET
9102,200,GET
9103,200,GET
9104,200,GET
9105,200,GET
9106,200,GET
9107,200,GET
9108,200,GET
9109,200,GET
9110,200,GET
9111,200,GET
9112,200,GET
9113,200,GET
9114,200,GET
9115,200,GET
9116,200,GET
9117,200,GET
9118,200,GET
9119,200,GET
9120,200,GET
9121,200,GET
9122,200,GET
9123,200,GET
9124,200,GET
9125,200,GET
9126,200,GET
9127,200,GET
9128,200,GET
9129,200,GET
9130,200,GET
9131,200,GET
9132,200,GET
9133,200,GET
9134,200,GET
9135,200,GET
9136,200,GET
9137,200,GET
9138,200,GET
9139,200,GET
9140,200,GET
9141,200,GET
9142,200,GET
9143,200,GET
9144,200,GET
9145,200,GET
9146,200,GET
9147,200,GET
9148,200,GET
9149,200,GET
9150,200,GET
9151,200,GET
9152,200,GET
9153,200,GET
9154,200,GET
9155,200,GET
9156,200,GET
9157,200,GET
9158,200,GET
9159,200,GET
9160,200,GET
9161,200,GET
9162,200,GET
9163,200,GET
9164,200,GET
9165,200,GET
9166,200,GET
9167,200,GET
9168,200,GET
9169,200,GET
9170,200,GET
9171,200,GET
9172,200,GET
9173,200,GET
9174,200,GET
9175,200,GET
9176,200,GET
9177,200,GET
9178,200,GET
9179,200,GET
9180,200,GET
9181,200,GET
9182,200,GET
9183,200,GET
9184,200,GET
9185,200,GET
9186,200,GET
9187,200,GET
9188,200,GET
9189,200,GET
9190,200,GET
9191,200,GET
9192,200,GET
9193,200,GET
9194,200,GET
9195,200,GET
9196,200,GET
9197,200,GET
9198,200,GET
9199,200,GET
9200,200,GET
9201,200,GET
9202,200,GET
9203,200,GET
9204,200,GET
9205,200,GET
9206,200,GET
9207,200,GET
9208,200,GET
9209,200,GET
9210,200,GET
9211,200,GET
9212,200,GET
9213,200,GET
9214,200,GET
9215,200,GET
9216,200,GET
9217,200,GET
9218,200,GET
9219,200,GET
9220,200,GET
9221,200,GET
9222,200,GET
9223,200,GET
9224,200,GET
9225,200,GET
9226,200,GET
9227,200,GET
9228,200,GET
9229,200,GET
9230,200,GET
9231,200,GET
9232,200,GET
9233,200,GET
9234,200,GET
9235,200,GET
9236,200,GET
9237,200,GET
9238,200,GET
9239,200,GET
9240,200,GET
9241,200,GET
9242,200,GET
9243,200,GET
9244,200,GET
9245,200,GET
9246,200,GET
9247,200,GET
9248,200,GET
9249,200,GET
9250,200,GET
9251,200,GET
9252,200,GET
9253,200,GET
9254,200,GET
9255,200,GET
9256,200,GET
9257,200,GET
9258,200,GET
9259,200,GET
9260,200,GET
9261,200,GET
9262,200,GET
9263,200,GET
9264,200,GET
9265,200,GET
9266,200,GET
9267,200,GET
9268,200,GET
9269,200,GET
9270,200,GET
9271,200,GET
9272,200,GET
9273,200,GET
9274,200,GET
9275,200,GET
9276,200,GET
9277,200,GET
9278,200,GET
9279,200,GET
9280,200,GET
9281,200,GET
9282,200,GET
9283,200,GET
9284,200,GET
9285,200,GET
9286,200,GET
9287,200,GET
9288,200,GET
9289,200,GET
9290,200,GET
9291,200,GET
9292,200,GET
9293,200,GET
9294,200,GET
9295,200,GET
9296,200,GET
9297,200,GET
9298,200,GET
9299,200,GET
9300,200,GET
9301,200,GET
9302,200,GET
9303,200,GET
9304,200,GET
9305,200,GET
9306,200,GET
9307,200,GET
9308,200,GET
9309,200,GET
9310,200,GET
9311,200,GET
9312,200,GET
9313,200,GET
9314,200,GET
9315,200,GET
9316,200,GET
9317,200,GET
9318,200,GET
9319,200,GET
9320,200,GET
9321,200,GET
9322,200,GET
9323,200,GET
9324,200,GET
9325,200,GET
9326,200,GET
9327,200,GET
9328,200,GET
9329,200,GET
9330,200,GET
9331,200,GET
9332,200,GET
9333,200,GET
9334,200,GET
9335,200,GET
9336,200,GET
9337,200,GET
9338,200,GET
9339,200,GET
9340,200,GET
9341,200,GET
9342,200,GET
9343,200,GET
9344,200,GET
9345,200,GET
9346,200,GET
9347,200,GET
9348,200,GET
9349,200,GET
9350,200,GET
9351,200,GET
9352,200,GET
9353,200,GET
9354,200,GET
9355,200,GET
9356,200,GET
9357,200,GET
9358,200,GET
9359,200,GET
9360,200,GET
9361,200,GET
9362,200,GET
9363,200,GET
9364,200,GET
9365,200,GET
9366,200,GET
9367,200,GET
9368,200,GET
9369,200,GET
9370,200,GET
9371,200,GET
9372,200,GET
9373,200,GET
9374,200,GET
9375,200,GET
9376,200,GET
9377,200,GET
9378,200,GET
9379,200,GET
9380,200,GET
9381,200,GET
9382,200,GET
9383,200,GET
9384,200,GET
9385,200,GET
9386,200,GET
9387,200,GET
9388,200,GET
9389,200,GET
9390,200,GET
9391,200,GET
9392,200,GET
9393,200,GET
9394,200,GET
9395,200,GET
9396,200,GET
9397,200,GET
9398,200,GET
9399,200,GET
9400,200,GET
9401,200,GET
9402,200,GET
9403,200,GET
9404,200,GET
9405,200,GET
9406,200,GET
9407,200,GET
9408,200,GET
9409,200,GET
9410,200,GET
9411,200,GET
9412,200,GET
9413,200,GET
9414,200,GET
9415,200,GET
9416,200,GET
9417,200,GET
9418,200,GET
9419,200,GET
9420,200,GET
9421,200,GET
9422,200,GET
9423,200,GET
9424,200,GET
9425,200,GET
9426,200,GET
9427,200,GET
9428,200,GET
9429,200,GET
9430,200,GET
9431,200,GET
9432,200,GET
9433,200,GET
9434,200,GET
9435,200,GET
9436,200,GET
9437,200,GET
9438,200,GET
9439,200,GET
9440,200,GET
9441,200,GET
9442,200,GET
9443,200,GET
9444,200,GET
9445,200,GET
9446,200,GET
9447,200,GET
9448,200,GET
9449,200,GET
9450,200,GET
9451,200,GET
9452,200,GET
9453,200,GET
9454,200,GET
9455,200,GET
9456,200,GET
9457,200,GET
9458,200,GET
9459,200,GET
9460,200,GET
9461,200,GET
9462,200,GET
9463,200,GET
9464,200,GET
9465,200,GET
9466,200,GET
9467,200,GET
9468,200,GET
9469,200,GET
9470,200,GET
9471,200,GET
9472,200,GET
9473,200,GET
9474,200,GET
9475,200,GET
9476,200,GET
9477,200,GET
9478,200,GET
9479,200,GET
9480,200,GET
9481,200,GET
9482,200,GET
9483,200,GET
9484,200,GET
9485,200,GET
9486,200,GET
9487,200,GET
9488,200,GET
9489,200,GET
9490,200,GET
9491,200,GET
9492,200,GET
9493,200,GET
9494,200,GET
9495,200,GET
9496,200,GET
9497,200,GET
9498,200,GET
9499,200,GET
9500,200,GET
9501,200,GET
9502,200,GET
9503,200,GET
9504,200,GET
9505,200,GET
9506,200,GET
9507,200,GET
9508,200,GET
9509,200,GET
9510,200,GET
9511,200,GET
9512,200,GET
9513,200,GET
9514,200,GET
9515,200,GET
9516,200,GET
9517,200,GET
9518,200,GET
9519,200,GET
9520,200,GET
9521,200,GET
9522,200,GET
9523,200,GET
9524,200,GET
9525,200,GET
9526,200,GET
9527,200,GET
9528,200,GET
9529,200,GET
9530,200,GET
9531,200,GET
9532,200,GET
9533,200,GET
9534,200,GET
9535,200,GET
9536,200,GET
9537,200,GET
9538,200,GET
9539,200,GET
9540,200,GET
9541,200,GET
9542,200,GET
9543,200,GET
9544,200,GET
9545,200,GET
9546,200,GET
9547,200,GET
9548,200,GET
9549,200,GET
9550,200,GET
9551,200,GET
9552,200,GET
9553,200,GET
9554,200,GET
9555,200,GET
9556,200,GET
9557,200,GET
9558,200,GET
9559,200,GET
9560,200,GET
9561,200,GET
9562,200,GET
9563,200,GET
9564,200,GET
9565,200,GET
9566,200,GET
9567,200,GET
9568,200,GET
9569,200,GET
9570,200,GET
9571,200,GET
9572,200,GET
9573,200,GET
9574,200,GET
9575,200,GET
9576,200,GET
9577,200,GET
9578,200,GET
9579,200,GET
9580,200,GET
9581,200,GET
9582,200,GET
9583,200,GET
9584,200,GET
9585,200,GET
9586,200,GET
9587,200,GET
9588,200,GET
9589,200,GET
9590,200,GET
9591,200,GET
9592,200,GET
9593,200,GET
9594,200,GET
9595,200,GET
9596,200,GET
9597,200,GET
9598,200,GET
9599,200,GET
9600,200,GET
9601,200,GET
9602,200,GET
9603,200,GET
9604,200,GET
9605,200,GET
9606,200,GET
9607,200,GET
9608,200,GET
9609,200,GET
9610,200,GET
9611,200,GET
9612,200,GET
9613,200,GET
9614,200,GET
9615,200,GET
9616,200,GET
9617,200,GET
9618,200,GET
9619,200,GET
9620,200,GET
9621,200,GET
9622,200,GET
9623,200,GET
9624,200,GET
9625,200,GET
9626,200,GET
9627,200,GET
9628,200,GET
9629,200,GET
9630,200,GET
9631,200,GET
9632,200,GET
9633,200,GET
9634,200,GET
9635,200,GET
9636,200,GET
9637,200,GET
9638,200,GET
9639,200,GET
9640,200,GET
9641,200,GET
9642,200,GET
9643,200,GET
9644,200,GET
9645,200,GET
9646,200,GET
9647,200,GET
9648,200,GET
9649,200,GET
9650,200,GET
9651,200,GET
9652,200,GET
9653,200,GET
9654,200,GET
9655,200,GET
9656,200,GET
9657,200,GET
9658,200,GET
9659,200,GET
9660,200,GET
9661,200,GET
9662,200,GET
9663,200,GET
9664,200,GET
9665,200,GET
9666,200,GET
9667,200,GET
9668,200,GET
9669,200,GET
9670,200,GET
9671,200,GET
9672,200,GET
9673,200,GET
9674,200,GET
9675,200,GET
9676,200,GET
9677,200,GET
9678,200,GET
9679,200,GET
9680,200,GET
9681,200,GET
9682,200,GET
9683,200,GET
9684,200,GET
9685,200,GET
9686,200,GET
9687,200,GET
9688,200,GET
9689,200,GET
9690,200,GET
9691,200,GET
9692,200,GET
9693,200,GET
9694,200,GET
9695,200,GET
9696,200,GET
9697,200,GET
9698,200,GET
9699,200,GET
9700,200,GET
9701,200,GET
9702,200,GET
9703,200,GET
9704,200,GET
9705,200,GET
9706,200,GET
9707,200,GET
9708,200,GET
9709,200,GET
9710,200,GET
9711,200,GET
9712,200,GET
9713,200,GET
9714,200,GET
9715,200,GET
9716,200,GET
9717,200,GET
9718,200,GET
9719,200,GET
9720,200,GET
9721,200,GET
9722,200,GET
9723,200,GET
9724,200,GET
9725,200,GET
9726,200,GET
9727,200,GET
9728,200,GET
9729,200,GET
9730,200,GET
9731,200,GET
9732,200,GET
9733,200,GET
9734,200,GET
9735,200,GET
9736,200,GET
9737,200,GET
9738,200,GET
9739,200,GET
9740,200,GET
9741,200,GET
9742,200,GET
9743,200,GET
9744,200,GET
9745,200,GET
9746,200,GET
9747,200,GET
9748,200,GET
9749,200,GET
9750,200,GET
9751,200,GET
9752,200,GET
9753,200,GET
9754,200,GET
9755,200,GET
9756,200,GET
9757,200,GET
9758,200,GET
9759,200,GET
9760,200,GET
9761,200,GET
9762,200,GET
9763,200,GET
9764,200,GET
9765,200,GET
9766,200,GET
9767,200,GET
9768,200,GET
9769,200,GET
9770,200,GET
9771,200,GET
9772,200,GET
9773,200,GET
9774,200,GET
9775,200,GET
9776,200,GET
9777,200,GET
9778,200,GET
9779,200,GET
9780,200,GET
9781,200,GET
9782,200,GET
9783,200,GET
9784,200,GET
9785,200,GET
9786,200,GET
9787,200,GET
9788,200,GET
9789,200,GET
9790,200,GET
9791,200,GET
9792,200,GET
9793,200,GET
9794,200,GET
9795,200,GET
9796,200,GET
9797,200,GET
9798,200,GET
9799,200,GET
9800,200,GET
9801,200,GET
9802,200,GET
9803,200,GET
9804,200,GET
9805,200,GET
9806,200,GET
9807,200,GET
9808,200,GET
9809,200,GET
9810,200,GET
9811,200,GET
9812,200,GET
9813,200,GET
9814,200,GET
9815,200,GET
9816,200,GET
9817,200,GET
9818,200,GET
9819,200,GET
9820,200,GET
9821,200,GET
9822,200,GET
9823,200,GET
9824,200,GET
9825,200,GET
9826,200,GET
9827,200,GET
9828,200,GET
9829,200,GET
9830,200,GET
9831,200,GET
9832,200,GET
9833,200,GET
9834,200,GET
9835,200,GET
9836,200,GET
9837,200,GET
9838,200,GET
9839,200,GET
9840,200,GET
9841,200,GET
9842,200,GET
9843,200,GET
9844,200,GET
9845,200,GET
9846,200,GET
9847,200,GET
9848,200,GET
9849,200,GET
9850,200,GET
9851,200,GET
9852,200,GET
9853,200,GET
9854,200,GET
9855,200,GET
9856,200,GET
9857,200,GET
9858,200,GET
9859,200,GET
9860,200,GET
9861,200,GET
9862,200,GET
9863,200,GET
9864,200,GET
9865,200,GET
9866,200,GET
9867,200,GET
9868,200,GET
9869,200,GET
9870,200,GET
9871,200,GET
9872,200,GET
9873,200,GET
9874,200,GET
9875,200,GET
9876,200,GET
9877,200,GET
9878,200,GET
9879,200,GET
9880,200,GET
9881,200,GET
9882,200,GET
9883,200,GET
9884,200,GET
9885,200,GET
9886,200,GET
9887,200,GET
9888,200,GET
9889,200,GET
9890,200,GET
9891,200,GET
9892,200,GET
9893,200,GET
9894,200,GET
9895,200,GET
9896,200,GET
9897,200,GET
9898,200,GET
9899,200,GET
9900,200,GET
9901,200,GET
9902,200,GET
9903,200,GET
9904,200,GET
9905,200,GET
9906,200,GET
9907,200,GET
9908,200,GET
9909,200,GET
9910,200,GET
9911,200,GET
9912,200,GET
9913,200,GET
9914,200,GET
9915,200,GET
9916,200,GET
9917,200,GET
9918,200,GET
9919,200,GET
9920,200,GET
9921,200,GET
9922,200,GET
9923,200,GET
9924,200,GET
9925,200,GET
9926,200,GET
9927,200,GET
9928,200,GET
9929,200,GET
9930,200,GET
9931,200,GET
9932,200,GET
9933,200,GET
9934,200,GET
9935,200,GET
9936,200,GET
9937,200,GET
9938,200,GET
9939,200,GET
9940,200,GET
9941,200,GET
9942,200,GET
9943,200,GET
9944,200,GET
9945,200,GET
9946,200,GET
9947,200,GET
9948,200,GET
9949,200,GET
9950,200,GET
9951,200,GET
9952,200,GET
9953,200,GET
9954,200,GET
9955,200,GET
9956,200,GET
9957,200,GET
9958,200,GET
9959,200,GET
9960,200,GET
9961,200,GET
9962,200,GET
9963,200,GET
9964,200,GET
9965,200,GET
9966,200,GET
9967,200,GET
9968,200,GET
9969,200,GET
9970,200,GET
9971,200,GET
9972,200,GET
9973,200,GET
9974,200,GET
9975,200,GET
9976,200,GET
9977,200,GET
9978,200,GET
9979,200,GET
9980,200,GET
9981,200,GET
9982,200,GET
9983,200,GET
9984,200,GET
9985,200,GET
9986,200,GET
9987,200,GET
9988,200,GET
9989,200,GET
9990,200,GET
9991,200,GET
9992,200,GET
9993,200,GET
9994,200,GET
9995,200,GET
9996,200,GET
9997,200,GET
9998,200,GET
9999,200,GET
10000,200,GET
10001,200,GET
10002,200,GET
10003,200,GET
10004,200,GET
10005,200,GET
10006,200,GET
10007,200,GET
10008,200,GET
10009,200,GET
10010,200,GET
10011,200,GET
10012,200,GET
10013,200,GET
10014,200,GET
10015,200,GET
10016,200,GET
10017,200,GET
10018,200,GET
10019,200,GET
10020,200,GET
10021,200,GET
10022,200,GET
10023,200,GET
10024,200,GET
10025,200,GET
10026,200,GET
10027,200,GET
10028,200,GET
10029,200,GET
10030,200,GET
10031,200,GET
10032,200,GET
10033,200,GET
10034,200,GET
10035,200,GET
10036,200,GET
10037,200,GET
10038,200,GET
10039,200,GET
10040,200,GET
10041,200,GET
10042,200,GET
10043,200,GET
10044,200,GET
10045,200,GET
10046,200,GET
10047,200,GET
10048,200,GET
10049,200,GET
10050,200,GET
10051,200,GET
10052,200,GET
10053,200,GET
10054,200,GET
10055,200,GET
10056,200,GET
10057,200,GET
10058,200,GET
10059,200,GET
10060,200,GET
10061,200,GET
10062,200,GET
10063,200,GET
10064,200,GET
10065,200,GET
10066,200,GET
10067,200,GET
10068,200,GET
10069,200,GET
10070,200,GET
10071,200,GET
10072,200,GET
10073,200,GET
10074,200,GET
10075,200,GET
10076,200,GET
10077,200,GET
10078,200,GET
10079,200,GET
10080,200,GET
10081,200,GET
10082,200,GET
10083,200,GET
10084,200,GET
10085,200,GET
10086,200,GET
10087,200,GET
10088,200,GET
10089,200,GET
10090,200,GET
10091,200,GET
10092,200,GET
10093,200,GET
10094,200,GET
10095,200,GET
10096,200,GET
10097,200,GET
10098,200,GET
10099,200,GET
10100,200,GET
10101,200,GET
10102,200,GET
10103,200,GET
10104,200,GET
10105,200,GET
10106,200,GET
10107,200,GET
10108,200,GET
10109,200,GET
10110,200,GET
10111,200,GET
10112,200,GET
10113,200,GET
10114,200,GET
10115,200,GET
10116,200,GET
10117,200,GET
10118,200,GET
10119,200,GET
10120,200,GET
10121,200,GET
10122,200,GET
10123,200,GET
10124,200,GET
10125,200,GET
10126,200,GET
10127,200,GET
10128,200,GET
10129,200,GET
10130,200,GET
10131,200,GET
10132,200,GET
10133,200,GET
10134,200,GET
10135,200,GET
10136,200,GET
10137,200,GET
10138,200,GET
10139,200,GET
10140,200,GET
10141,200,GET
10142,200,GET
10143,200,GET
10144,200,GET
10145,200,GET
10146,200,GET
10147,200,GET
10148,200,GET
10149,200,GET
10150,200,GET
10151,200,GET
10152,200,GET
10153,200,GET
10154,200,GET
10155,200,GET
10156,200,GET
10157,200,GET
10158,200,GET
10159,200,GET
10160,200,GET
10161,200,GET
10162,200,GET
10163,200,GET
10164,200,GET
10165,200,GET
10166,200,GET
10167,200,GET
10168,200,GET
10169,200,GET
10170,200,GET
10171,200,GET
10172,200,GET
10173,200,GET
10174,200,GET
10175,200,GET
10176,200,GET
10177,200,GET
10178,200,GET
10179,200,GET
10180,200,GET
10181,200,GET
10182,200,GET
10183,200,GET
10184,200,GET
10185,200,GET
10186,200,GET
10187,200,GET
10188,200,GET
10189,200,GET
10190,200,GET
10191,200,GET
10192,200,GET
10193,200,GET
10194,200,GET
10195,200,GET
10196,200,GET
10197,200,GET
10198,200,GET
10199,200,GET
10200,200,GET
10201,200,GET
10202,200,GET
10203,200,GET
10204,200,GET
10205,200,GET
10206,200,GET
10207,200,GET
10208,200,GET
10209,200,GET
10210,200,GET
10211,200,GET
10212,200,GET
10213,200,GET
10214,200,GET
10215,200,GET
10216,200,GET
10217,200,GET
10218,200,GET
10219,200,GET
10220,200,GET
10221,200,GET
10222,200,GET
10223,200,GET
10224,200,GET
10225,200,GET
10226,200,GET
10227,200,GET
10228,200,GET
10229,200,GET
10230,200,GET
10231,200,GET
10232,200,GET
10233,200,GET
10234,200,GET
10235,200,GET
10236,200,GET
10237,200,GET
10238,200,GET
10239,200,GET
10240,200,GET
10241,200,GET
10242,200,GET
10243,200,GET
10244,200,GET
10245,200,GET
10246,200,GET
10247,200,GET
10248,200,GET
10249,200,GET
10250,200,GET
10251,200,GET
10252,200,GET
10253,200,GET
10254,200,GET
10255,200,GET
10256,200,GET
10257,200,GET
10258,200,GET
10259,200,GET
10260,200,GET
10261,200,GET
10262,200,GET
10263,200,GET
10264,200,GET
10265,200,GET
10266,200,GET
10267,200,GET
10268,200,GET
10269,200,GET
10270,200,GET
10271,200,GET
10272,200,GET
10273,200,GET
10274,200,GET
10275,200,GET
10276,200,GET
10277,200,GET
10278,200,GET
10279,200,GET
10280,200,GET
10281,200,GET
10282,200,GET
10283,200,GET
10284,200,GET
10285,200,GET
10286,200,GET
10287,200,GET
10288,200,GET
10289,200,GET
10290,200,GET
10291,200,GET
10292,200,GET
10293,200,GET
10294,200,GET
10295,200,GET
10296,200,GET
10297,200,GET
10298,200,GET
10299,200,GET
10300,200,GET
10301,200,GET
10302,200,GET
10303,200,GET
10304,200,GET
10305,200,GET
10306,200,GET
10307,200,GET
10308,200,GET
10309,200,GET
10310,200,GET
10311,200,GET
10312,200,GET
10313,200,GET
10314,200,GET
10315,200,GET
10316,200,GET
10317,200,GET
10318,200,GET
10319,200,GET
10320,200,GET
10321,200,GET
10322,200,GET
10323,200,GET
10324,200,GET
10325,200,GET
10326,200,GET
10327,200,GET
10328,200,GET
10329,200,GET
10330,200,GET
10331,200,GET
10332,200,GET
10333,200,GET
10334,200,GET
10335,200,GET
10336,200,GET
10337,200,GET
10338,200,GET
10339,200,GET
10340,200,GET
10341,200,GET
10342,200,GET
10343,200,GET
10344,200,GET
10345,200,GET
10346,200,GET
10347,200,GET
10348,200,GET
10349,200,GET
10350,200,GET
10351,200,GET
10352,200,GET
10353,200,GET
10354,200,GET
10355,200,GET
10356,200,GET
10357,200,GET
10358,200,GET
10359,200,GET
10360,200,GET
10361,200,GET
10362,200,GET
10363,200,GET
10364,200,GET
10365,200,GET
10366,200,GET
10367,200,GET
10368,200,GET
10369,200,GET
10370,200,GET
10371,200,GET
10372,200,GET
10373,200,GET
10374,200,GET
10375,200,GET
10376,200,GET
10377,200,GET
10378,200,GET
10379,200,GET
10380,200,GET
10381,200,GET
10382,200,GET
10383,200,GET
10384,200,GET
10385,200,GET
10386,200,GET
10387,200,GET
10388,200,GET
10389,200,GET
10390,200,GET
10391,200,GET
10392,200,GET
10393,200,GET
10394,200,GET
10395,200,GET
10396,200,GET
10397,200,GET
10398,200,GET
10399,200,GET
10400,200,GET
10401,200,GET
10402,200,GET
10403,200,GET
10404,200,GET
10405,200,GET
10406,200,GET
10407,200,GET
10408,200,GET
10409,200,GET
10410,200,GET
10411,200,GET
10412,200,GET
10413,200,GET
10414,200,GET
10415,200,GET
10416,200,GET
10417,200,GET
10418,200,GET
10419,200,GET
10420,200,GET
10421,200,GET
10422,200,GET
10423,200,GET
10424,200,GET
10425,200,GET
10426,200,GET
10427,200,GET
10428,200,GET
10429,200,GET
10430,200,GET
10431,200,GET
10432,200,GET
10433,200,GET
10434,200,GET
10435,200,GET
10436,200,GET
10437,200,GET
10438,200,GET
10439,200,GET
10440,200,GET
10441,200,GET
10442,200,GET
10443,200,GET
10444,200,GET
10445,200,GET
10446,200,GET
10447,200,GET
10448,200,GET
10449,200,GET
10450,200,GET
10451,200,GET
10452,200,GET
10453,200,GET
10454,200,GET
10455,200,GET
10456,200,GET
10457,200,GET
10458,200,GET
10459,200,GET
10460,200,GET
10461,200,GET
10462,200,GET
10463,200,GET
10464,200,GET
10465,200,GET
10466,200,GET
10467,200,GET
10468,200,GET
10469,200,GET
10470,200,GET
10471,200,GET
10472,200,GET
10473,200,GET
10474,200,GET
10475,200,GET
10476,200,GET
10477,200,GET
10478,200,GET
10479,200,GET
10480,200,GET
10481,200,GET
10482,200,GET
10483,200,GET
10484,200,GET
10485,200,GET
10486,200,GET
10487,200,GET
10488,200,GET
10489,200,GET
10490,200,GET
10491,200,GET
10492,200,GET
10493,200,GET
10494,200,GET
10495,200,GET
10496,200,GET
10497,200,GET
10498,200,GET
10499,200,GET
10500,200,GET
10501,200,GET
10502,200,GET
10503,200,GET
10504,200,GET
10505,200,GET
10506,200,GET
10507,200,GET
10508,200,GET
10509,200,GET
10510,200,GET
10511,200,GET
10512,200,GET
10513,200,GET
10514,200,GET
10515,200,GET
10516,200,GET
10517,200,GET
10518,200,GET
10519,200,GET
10520,200,GET
10521,200,GET
10522,200,GET
10523,200,GET
10524,200,GET
10525,200,GET
10526,200,GET
10527,200,GET
10528,200,GET
10529,200,GET
10530,200,GET
10531,200,GET
10532,200,GET
10533,200,GET
10534,200,GET
10535,200,GET
10536,200,GET
10537,200,GET
10538,200,GET
10539,200,GET
10540,200,GET
10541,200,GET
10542,200,GET
10543,200,GET
10544,200,GET
10545,200,GET
10546,200,GET
10547,200,GET
10548,200,GET
10549,200,GET
10550,200,GET
10551,200,GET
10552,200,GET
10553,200,GET
10554,200,GET
10555,200,GET
10556,200,GET
10557,200,GET
10558,200,GET
10559,200,GET
10560,200,GET
10561,200,GET
10562,200,GET
10563,200,GET
10564,200,GET
10565,200,GET
10566,200,GET
10567,200,GET
10568,200,GET
10569,200,GET
10570,200,GET
10571,200,GET
10572,200,GET
10573,200,GET
10574,200,GET
10575,200,GET
10576,200,GET
10577,200,GET
10578,200,GET
10579,200,GET
10580,200,GET
10581,200,GET
10582,200,GET
10583,200,GET
10584,200,GET
10585,200,GET
10586,200,GET
10587,200,GET
10588,200,GET
10589,200,GET
10590,200,GET
10591,200,GET
10592,200,GET
10593,200,GET
10594,200,GET
10595,200,GET
10596,200,GET
10597,200,GET
10598,200,GET
10599,200,GET
10600,200,GET
10601,200,GET
10602,200,GET
10603,200,GET
10604,200,GET
10605,200,GET
10606,200,GET
10607,200,GET
10608,200,GET
10609,200,GET
10610,200,GET
10611,200,GET
10612,200,GET
10613,200,GET
10614,200,GET
10615,200,GET
10616,200,GET
10617,200,GET
10618,200,GET
10619,200,GET
10620,200,GET
10621,200,GET
10622,200,GET
10623,200,GET
10624,200,GET
10625,200,GET
10626,200,GET
10627,200,GET
10628,200,GET
10629,200,GET
10630,200,GET
10631,200,GET
10632,200,GET
10633,200,GET
10634,200,GET
10635,200,GET
10636,200,GET
10637,200,GET
10638,200,GET
10639,200,GET
10640,200,GET
10641,200,GET
10642,200,GET
10643,200,GET
10644,200,GET
10645,200,GET
10646,200,GET
10647,200,GET
10648,200,GET
10649,200,GET
10650,200,GET
10651,200,GET
10652,200,GET
10653,200,GET
10654,200,GET
10655,200,GET
10656,200,GET
10657,200,GET
10658,200,GET
10659,200,GET
10660,200,GET
10661,200,GET
10662,200,GET
10663,200,GET
10664,200,GET
10665,200,GET
10666,200,GET
10667,200,GET
10668,200,GET
10669,200,GET
10670,200,GET
10671,200,GET
10672,200,GET
10673,200,GET
10674,200,GET
10675,200,GET
10676,200,GET
10677,200,GET
10678,200,GET
10679,200,GET
10680,200,GET
10681,200,GET
10682,200,GET
10683,200,GET
10684,200,GET
10685,200,GET
10686,200,GET
10687,200,GET
10688,200,GET
10689,200,GET
10690,200,GET
10691,200,GET
10692,200,GET
10693,200,GET
10694,200,GET
10695,200,GET
10696,200,GET
10697,200,GET
10698,200,GET
10699,200,GET
10700,200,GET
10701,200,GET
10702,200,GET
10703,200,GET
10704,200,GET
10705,200,GET
10706,200,GET
10707,200,GET
10708,200,GET
10709,200,GET
10710,200,GET
10711,200,GET
10712,200,GET
10713,200,GET
10714,200,GET
10715,200,GET
10716,200,GET
10717,200,GET
10718,200,GET
10719,200,GET
10720,200,GET
10721,200,GET
10722,200,GET
10723,200,GET
10724,200,GET
10725,200,GET
10726,200,GET
10727,200,GET
10728,200,GET
10729,200,GET
10730,200,GET
10731,200,GET
10732,200,GET
10733,200,GET
10734,200,GET
10735,200,GET
10736,200,GET
10737,200,GET
10738,200,GET
10739,200,GET
10740,200,GET
10741,200,GET
10742,200,GET
10743,200,GET
10744,200,GET
10745,200,GET
10746,200,GET
10747,200,GET
10748,200,GET
10749,200,GET
10750,200,GET
10751,200,GET
10752,200,GET
10753,200,GET
10754,200,GET
10755,200,GET
10756,200,GET
10757,200,GET
10758,200,GET
10759,200,GET
10760,200,GET
10761,200,GET
10762,200,GET
10763,200,GET
10764,200,GET
10765,200,GET
10766,200,GET
10767,200,GET
10768,200,GET
10769,200,GET
10770,200,GET
10771,200,GET
10772,200,GET
10773,200,GET
10774,200,GET
10775,200,GET
10776,200,GET
10777,200,GET
10778,200,GET
10779,200,GET
10780,200,GET
10781,200,GET
10782,200,GET
10783,200,GET
10784,200,GET
10785,200,GET
10786,200,GET
10787,200,GET
10788,200,GET
10789,200,GET
10790,200,GET
10791,200,GET
10792,200,GET
10793,200,GET
10794,200,GET
10795,200,GET
10796,200,GET
10797,200,GET
10798,200,GET
10799,200,GET
10800,200,GET
10801,200,GET
10802,200,GET
10803,200,GET
10804,200,GET
10805,200,GET
10806,200,GET
10807,200,GET
10808,200,GET
10809,200,GET
10810,200,GET
10811,200,GET
10812,200,GET
10813,200,GET
10814,200,GET
10815,200,GET
10816,200,GET
10817,200,GET
10818,200,GET
10819,200,GET
10820,200,GET
10821,200,GET
10822,200,GET
10823,200,GET
10824,200,GET
10825,200,GET
10826,200,GET
10827,200,GET
10828,200,GET
10829,200,GET
10830,200,GET
10831,200,GET
10832,200,GET
10833,200,GET
10834,200,GET
10835,200,GET
10836,200,GET
10837,200,GET
10838,200,GET
10839,200,GET
10840,200,GET
10841,200,GET
10842,200,GET
10843,200,GET
10844,200,GET
10845,200,GET
10846,200,GET
10847,200,GET
10848,200,GET
10849,200,GET
10850,200,GET
10851,200,GET
10852,200,GET
10853,200,GET
10854,200,GET
10855,200,GET
10856,200,GET
10857,200,GET
10858,200,GET
10859,200,GET
10860,200,GET
10861,200,GET
10862,200,GET
10863,200,GET
10864,200,GET
10865,200,GET
10866,200,GET
10867,200,GET
10868,200,GET
10869,200,GET
10870,200,GET
10871,200,GET
10872,200,GET
10873,200,GET
10874,200,GET
10875,200,GET
10876,200,GET
10877,200,GET
10878,200,GET
10879,200,GET
10880,200,GET
10881,200,GET
10882,200,GET
10883,200,GET
10884,200,GET
10885,200,GET
10886,200,GET
10887,200,GET
10888,200,GET
10889,200,GET
10890,200,GET
10891,200,GET
10892,200,GET
10893,200,GET
10894,200,GET
10895,200,GET
10896,200,GET
10897,200,GET
10898,200,GET
10899,200,GET
10900,200,GET
10901,200,GET
10902,200,GET
10903,200,GET
10904,200,GET
10905,200,GET
10906,200,GET
10907,200,GET
10908,200,GET
10909,200,GET
10910,200,GET
10911,200,GET
10912,200,GET
10913,200,GET
10914,200,GET
10915,200,GET
10916,200,GET
10917,200,GET
10918,200,GET
10919,200,GET
10920,200,GET
10921,200,GET
10922,200,GET
10923,200,GET
10924,200,GET
10925,200,GET
10926,200,GET
10927,200,GET
10928,200,GET
10929,200,GET
10930,200,GET
10931,200,GET
10932,200,GET
10933,200,GET
10934,200,GET
10935,200,GET
10936,200,GET
10937,200,GET
10938,200,GET
10939,200,GET
10940,200,GET
10941,200,GET
10942,200,GET
10943,200,GET
10944,200,GET
10945,200,GET
10946,200,GET
10947,200,GET
10948,200,GET
10949,200,GET
10950,200,GET
10951,200,GET
10952,200,GET
10953,200,GET
10954,200,GET
10955,200,GET
10956,200,GET
10957,200,GET
10958,200,GET
10959,200,GET
10960,200,GET
10961,200,GET
10962,200,GET
10963,200,GET
10964,200,GET
10965,200,GET
10966,200,GET
10967,200,GET
10968,200,GET
10969,200,GET
10970,200,GET
10971,200,GET
10972,200,GET
10973,200,GET
10974,200,GET
10975,200,GET
10976,200,GET
10977,200,GET
10978,200,GET
10979,200,GET
10980,200,GET
10981,200,GET
10982,200,GET
10983,200,GET
10984,200,GET
10985,200,GET
10986,200,GET
10987,200,GET
10988,200,GET
10989,200,GET
10990,200,GET
10991,200,GET
10992,200,GET
10993,200,GET
10994,200,GET
10995,200,GET
10996,200,GET
10997,200,GET
10998,200,GET
10999,200,GET
11000,200,GET
11001,200,GET
11002,200,GET
11003,200,GET
11004,200,GET
11005,200,GET
11006,200,GET
11007,200,GET
11008,200,GET
11009,200,GET
11010,200,GET
11011,200,GET
11012,200,GET
11013,200,GET
11014,200,GET
11015,200,GET
11016,200,GET
11017,200,GET
11018,200,GET
11019,200,GET
11020,200,GET
11021,200,GET
11022,200,GET
11023,200,GET
11024,200,GET
11025,200,GET
11026,200,GET
11027,200,GET
11028,200,GET
11029,200,GET
11030,200,GET
11031,200,GET
11032,200,GET
11033,200,GET
11034,200,GET
11035,200,GET
11036,200,GET
11037,200,GET
11038,200,GET
11039,200,GET
11040,200,GET
11041,200,GET
11042,200,GET
11043,200,GET
11044,200,GET
11045,200,GET
11046,200,GET
11047,200,GET
11048,200,GET
11049,200,GET
11050,200,GET
11051,200,GET
11052,200,GET
11053,200,GET
11054,200,GET
11055,200,GET
11056,200,GET
11057,200,GET
11058,200,GET
11059,200,GET
11060,200,GET
11061,200,GET
11062,200,GET
11063,200,GET
11064,200,GET
11065,200,GET
11066,200,GET
11067,200,GET
11068,200,GET
11069,200,GET
11070,200,GET
11071,200,GET
11072,200,GET
11073,200,GET
11074,200,GET
11075,200,GET
11076,200,GET
11077,200,GET
11078,200,GET
11079,200,GET
11080,200,GET
11081,200,GET
11082,200,GET
11083,200,GET
11084,200,GET
11085,200,GET
11086,200,GET
11087,200,GET
11088,200,GET
11089,200,GET
11090,200,GET
11091,200,GET
11092,200,GET
11093,200,GET
11094,200,GET
11095,200,GET
11096,200,GET
11097,200,GET
11098,200,GET
11099,200,GET
11100,200,GET
11101,200,GET
11102,200,GET
11103,200,GET
11104,200,GET
11105,200,GET
11106,200,GET
11107,200,GET
11108,200,GET
11109,200,GET
11110,200,GET
11111,200,GET
11112,200,GET
11113,200,GET
11114,200,GET
11115,200,GET
11116,200,GET
11117,200,GET
11118,200,GET
11119,200,GET
11120,200,GET
11121,200,GET
11122,200,GET
11123,200,GET
11124,200,GET
11125,200,GET
11126,200,GET
11127,200,GET
11128,200,GET
11129,200,GET
11130,200,GET
11131,200,GET
11132,200,GET
11133,200,GET
11134,200,GET
11135,200,GET
11136,200,GET
11137,200,GET
11138,200,GET
11139,200,GET
11140,200,GET
11141,200,GET
11142,200,GET
11143,200,GET
11144,200,GET
11145,200,GET
11146,200,GET
11147,200,GET
11148,200,GET
11149,200,GET
11150,200,GET
11151,200,GET
11152,200,GET
11153,200,GET
11154,200,GET
11155,200,GET
11156,200,GET
11157,200,GET
11158,200,GET
11159,200,GET
11160,200,GET
11161,200,GET
11162,200,GET
11163,200,GET
11164,200,GET
11165,200,GET
11166,200,GET
11167,200,GET
11168,200,GET
11169,200,GET
11170,200,GET
11171,200,GET
11172,200,GET
11173,200,GET
11174,200,GET
11175,200,GET
11176,200,GET
11177,200,GET
11178,200,GET
11179,200,GET
11180,200,GET
11181,200,GET
11182,200,GET
11183,200,GET
11184,200,GET
11185,200,GET
11186,200,GET
11187,200,GET
11188,200,GET
11189,200,GET
11190,200,GET
11191,200,GET
11192,200,GET
11193,200,GET
11194,200,GET
11195,200,GET
11196,200,GET
11197,200,GET
11198,200,GET
11199,200,GET
11200,200,GET
11201,200,GET
11202,200,GET
11203,200,GET
11204,200,GET
11205,200,GET
11206,200,GET
11207,200,GET
11208,200,GET
11209,200,GET
11210,200,GET
11211,200,GET
11212,200,GET
11213,200,GET
11214,200,GET
11215,200,GET
11216,200,GET
11217,200,GET
11218,200,GET
11219,200,GET
11220,200,GET
11221,200,GET
11222,200,GET
11223,200,GET
11224,200,GET
11225,200,GET
11226,200,GET
11227,200,GET
11228,200,GET
11229,200,GET
11230,200,GET
11231,200,GET
11232,200,GET
11233,200,GET
11234,200,GET
11235,200,GET
11236,200,GET
11237,200,GET
11238,200,GET
11239,200,GET
11240,200,GET
11241,200,GET
11242,200,GET
11243,200,GET
11244,200,GET
11245,200,GET
11246,200,GET
11247,200,GET
11248,200,GET
11249,200,GET
11250,200,GET
11251,200,GET
11252,200,GET
11253,200,GET
11254,200,GET
11255,200,GET
11256,200,GET
11257,200,GET
11258,200,GET
11259,200,GET
11260,200,GET
11261,200,GET
11262,200,GET
11263,200,GET
11264,200,GET
11265,200,GET
11266,200,GET
11267,200,GET
11268,200,GET
11269,200,GET
11270,200,GET
11271,200,GET
11272,200,GET
11273,200,GET
11274,200,GET
11275,200,GET
11276,200,GET
11277,200,GET
11278,200,GET
11279,200,GET
11280,200,GET
11281,200,GET
11282,200,GET
11283,200,GET
11284,200,GET
11285,200,GET
11286,200,GET
11287,200,GET
11288,200,GET
11289,200,GET
11290,200,GET
11291,200,GET
11292,200,GET
11293,200,GET
11294,200,GET
11295,200,GET
11296,200,GET
11297,200,GET
11298,200,GET
11299,200,GET
11300,200,GET
11301,200,GET
11302,200,GET
11303,200,GET
11304,200,GET
11305,200,GET
11306,200,GET
11307,200,GET
11308,200,GET
11309,200,GET
11310,200,GET
11311,200,GET
11312,200,GET
11313,200,GET
11314,200,GET
11315,200,GET
11316,200,GET
11317,200,GET
11318,200,GET
11319,200,GET
11320,200,GET
11321,200,GET
11322,200,GET
11323,200,GET
11324,200,GET
11325,200,GET
11326,200,GET
11327,200,GET
11328,200,GET
11329,200,GET
11330,200,GET
11331,200,GET
11332,200,GET
11333,200,GET
11334,200,GET
11335,200,GET
11336,200,GET
11337,200,GET
11338,200,GET
11339,200,GET
11340,200,GET
11341,200,GET
11342,200,GET
11343,200,GET
11344,200,GET
11345,200,GET
11346,200,GET
11347,200,GET
11348,200,GET
11349,200,GET
11350,200,GET
11351,200,GET
11352,200,GET
11353,200,GET
11354,200,GET
11355,200,GET
11356,200,GET
11357,200,GET
11358,200,GET
11359,200,GET
11360,200,GET
11361,200,GET
11362,200,GET
11363,200,GET
11364,200,GET
11365,200,GET
11366,200,GET
11367,200,GET
11368,200,GET
11369,200,GET
11370,200,GET
11371,200,GET
11372,200,GET
11373,200,GET
11374,200,GET
11375,200,GET
11376,200,GET
11377,200,GET
11378,200,GET
11379,200,GET
11380,200,GET
11381,200,GET
11382,200,GET
11383,200,GET
11384,200,GET
11385,200,GET
11386,200,GET
11387,200,GET
11388,200,GET
11389,200,GET
11390,200,GET
11391,200,GET
11392,200,GET
11393,200,GET
11394,200,GET
11395,200,GET
11396,200,GET
11397,200,GET
11398,200,GET
11399,200,GET
11400,200,GET
11401,200,GET
11402,200,GET
11403,200,GET
11404,200,GET
11405,200,GET
11406,200,GET
11407,200,GET
11408,200,GET
11409,200,GET
11410,200,GET
11411,200,GET
11412,200,GET
11413,200,GET
11414,200,GET
11415,200,GET
11416,200,GET
11417,200,GET
11418,200,GET
11419,200,GET
11420,200,GET
11421,200,GET
11422,200,GET
11423,200,GET
11424,200,GET
11425,200,GET
11426,200,GET
11427,200,GET
11428,200,GET
11429,200,GET
11430,200,GET
11431,200,GET
11432,200,GET
11433,200,GET
11434,200,GET
11435,200,GET
11436,200,GET
11437,200,GET
11438,200,GET
11439,200,GET
11440,200,GET
11441,200,GET
11442,200,GET
11443,200,GET
11444,200,GET
11445,200,GET
11446,200,GET
11447,200,GET
11448,200,GET
11449,200,GET
11450,200,GET
11451,200,GET
11452,200,GET
11453,200,GET
11454,200,GET
11455,200,GET
11456,200,GET
11457,200,GET
11458,200,GET
11459,200,GET
11460,200,GET
11461,200,GET
11462,200,GET
11463,200,GET
11464,200,GET
11465,200,GET
11466,200,GET
11467,200,GET
11468,200,GET
11469,200,GET
11470,200,GET
11471,200,GET
11472,200,GET
11473,200,GET
11474,200,GET
11475,200,GET
11476,200,GET
11477,200,GET
11478,200,GET
11479,200,GET
11480,200,GET
11481,200,GET
11482,200,GET
11483,200,GET
11484,200,GET
11485,200,GET
11486,200,GET
11487,200,GET
11488,200,GET
11489,200,GET
11490,200,GET
11491,200,GET
11492,200,GET
11493,200,GET
11494,200,GET
11495,200,GET
11496,200,GET
11497,200,GET
11498,200,GET
11499,200,GET
11500,200,GET
11501,200,GET
11502,200,GET
11503,200,GET
11504,200,GET
11505,200,GET
11506,200,GET
11507,200,GET
11508,200,GET
11509,200,GET
11510,200,GET
11511,200,GET
11512,200,GET
11513,200,GET
11514,200,GET
11515,200,GET
11516,200,GET
11517,200,GET
11518,200,GET
11519,200,GET
11520,200,GET
11521,200,GET
11522,200,GET
11523,200,GET
11524,200,GET
11525,200,GET
11526,200,GET
11527,200,GET
11528,200,GET
11529,200,GET
11530,200,GET
11531,200,GET
11532,200,GET
11533,200,GET
11534,200,GET
11535,200,GET
11536,200,GET
11537,200,GET
11538,200,GET
11539,200,GET
11540,200,GET
11541,200,GET
11542,200,GET
11543,200,GET
11544,200,GET
11545,200,GET
11546,200,GET
11547,200,GET
11548,200,GET
11549,200,GET
11550,200,GET
11551,200,GET
11552,200,GET
11553,200,GET
11554,200,GET
11555,200,GET
11556,200,GET
11557,200,GET
11558,200,GET
11559,200,GET
11560,200,GET
11561,200,GET
11562,200,GET
11563,200,GET
11564,200,GET
11565,200,GET
11566,200,GET
11567,200,GET
11568,200,GET
11569,200,GET
11570,200,GET
11571,200,GET
11572,200,GET
11573,200,GET
11574,200,GET
11575,200,GET
11576,200,GET
11577,200,GET
11578,200,GET
11579,200,GET
11580,200,GET
11581,200,GET
11582,200,GET
11583,200,GET
11584,200,GET
11585,200,GET
11586,200,GET
11587,200,GET
11588,200,GET
11589,200,GET
11590,200,GET
11591,200,GET
11592,200,GET
11593,200,GET
11594,200,GET
11595,200,GET
11596,200,GET
11597,200,GET
11598,200,GET
11599,200,GET
11600,200,GET
11601,200,GET
11602,200,GET
11603,200,GET
11604,200,GET
11605,200,GET
11606,200,GET
11607,200,GET
11608,200,GET
11609,200,GET
11610,200,GET
11611,200,GET
11612,200,GET
11613,200,GET
11614,200,GET
11615,200,GET
11616,200,GET
11617,200,GET
11618,200,GET
11619,200,GET
11620,200,GET
11621,200,GET
11622,200,GET
11623,200,GET
11624,200,GET
11625,200,GET
11626,200,GET
11627,200,GET
11628,200,GET
11629,200,GET
11630,200,GET
11631,200,GET
11632,200,GET
11633,200,GET
11634,200,GET
11635,200,GET
11636,200,GET
11637,200,GET
11638,200,GET
11639,200,GET
11640,200,GET
11641,200,GET
11642,200,GET
11643,200,GET
11644,200,GET
11645,200,GET
11646,200,GET
11647,200,GET
11648,200,GET
11649,200,GET
11650,200,GET
11651,200,GET
11652,200,GET
11653,200,GET
11654,200,GET
11655,200,GET
11656,200,GET
11657,200,GET
11658,200,GET
11659,200,GET
11660,200,GET
11661,200,GET
11662,200,GET
11663,200,GET
11664,200,GET
11665,200,GET
11666,200,GET
11667,200,GET
11668,200,GET
11669,200,GET
11670,200,GET
11671,200,GET
11672,200,GET
11673,200,GET
11674,200,GET
11675,200,GET
11676,200,GET
11677,200,GET
11678,200,GET
11679,200,GET
11680,200,GET
11681,200,GET
11682,200,GET
11683,200,GET
11684,200,GET
11685,200,GET
11686,200,GET
11687,200,GET
11688,200,GET
11689,200,GET
11690,200,GET
11691,200,GET
11692,200,GET
11693,200,GET
11694,200,GET
11695,200,GET
11696,200,GET
11697,200,GET
11698,200,GET
11699,200,GET
11700,200,GET
11701,200,GET
11702,200,GET
11703,200,GET
11704,200,GET
11705,200,GET
11706,200,GET
11707,200,GET
11708,200,GET
11709,200,GET
11710,200,GET
11711,200,GET
11712,200,GET
11713,200,GET
11714,200,GET
11715,200,GET
11716,200,GET
11717,200,GET
11718,200,GET
11719,200,GET
11720,200,GET
11721,200,GET
11722,200,GET
11723,200,GET
11724,200,GET
11725,200,GET
11726,200,GET
11727,200,GET
11728,200,GET
11729,200,GET
11730,200,GET
11731,200,GET
11732,200,GET
11733,200,GET
11734,200,GET
11735,200,GET
11736,200,GET
11737,200,GET
11738,200,GET
11739,200,GET
11740,200,GET
11741,200,GET
11742,200,GET
11743,200,GET
11744,200,GET
11745,200,GET
11746,200,GET
11747,200,GET
11748,200,GET
11749,200,GET
11750,200,GET
11751,200,GET
11752,200,GET
11753,200,GET
11754,200,GET
11755,200,GET
11756,200,GET
11757,200,GET
11758,200,GET
11759,200,GET
11760,200,GET
11761,200,GET
11762,200,GET
11763,200,GET
11764,200,GET
11765,200,GET
11766,200,GET
11767,200,GET
11768,200,GET
11769,200,GET
11770,200,GET
11771,200,GET
11772,200,GET
11773,200,GET
11774,200,GET
11775,200,GET
11776,200,GET
11777,200,GET
11778,200,GET
11779,200,GET
11780,200,GET
11781,200,GET
11782,200,GET
11783,200,GET
11784,200,GET
11785,200,GET
11786,200,GET
11787,200,GET
11788,200,GET
11789,200,GET
11790,200,GET
11791,200,GET
11792,200,GET
11793,200,GET
11794,200,GET
11795,200,GET
11796,200,GET
11797,200,GET
11798,200,GET
11799,200,GET
11800,200,GET
11801,200,GET
11802,200,GET
11803,200,GET
11804,200,GET
11805,200,GET
11806,200,GET
11807,200,GET
11808,200,GET
11809,200,GET
11810,200,GET
11811,200,GET
11812,200,GET
11813,200,GET
11814,200,GET
11815,200,GET
11816,200,GET
11817,200,GET
11818,200,GET
11819,200,GET
11820,200,GET
11821,200,GET
11822,200,GET
11823,200,GET
11824,200,GET
11825,200,GET
11826,200,GET
11827,200,GET
11828,200,GET
11829,200,GET
11830,200,GET
11831,200,GET
11832,200,GET
11833,200,GET
11834,200,GET
11835,200,GET
11836,200,GET
11837,200,GET
11838,200,GET
11839,200,GET
11840,200,GET
11841,200,GET
11842,200,GET
11843,200,GET
11844,200,GET
11845,200,GET
11846,200,GET
11847,200,GET
11848,200,GET
11849,200,GET
11850,200,GET
11851,200,GET
11852,200,GET
11853,200,GET
11854,200,GET
11855,200,GET
11856,200,GET
11857,200,GET
11858,200,GET
11859,200,GET
11860,200,GET
11861,200,GET
11862,200,GET
11863,200,GET
11864,200,GET
11865,200,GET
11866,200,GET
11867,200,GET
11868,200,GET
11869,200,GET
11870,200,GET
11871,200,GET
11872,200,GET
11873,200,GET
11874,200,GET
11875,200,GET
11876,200,GET
11877,200,GET
11878,200,GET
11879,200,GET
11880,200,GET
11881,200,GET
11882,200,GET
11883,200,GET
11884,200,GET
11885,200,GET
11886,200,GET
11887,200,GET
11888,200,GET
11889,200,GET
11890,200,GET
11891,200,GET
11892,200,GET
11893,200,GET
11894,200,GET
11895,200,GET
11896,200,GET
11897,200,GET
11898,200,GET
11899,200,GET
11900,200,GET
11901,200,GET
11902,200,GET
11903,200,GET
11904,200,GET
11905,200,GET
11906,200,GET
11907,200,GET
11908,200,GET
11909,200,GET
11910,200,GET
11911,200,GET
11912,200,GET
11913,200,GET
11914,200,GET
11915,200,GET
11916,200,GET
11917,200,GET
11918,200,GET
11919,200,GET
11920,200,GET
11921,200,GET
11922,200,GET
11923,200,GET
11924,200,GET
11925,200,GET
11926,200,GET
11927,200,GET
11928,200,GET
11929,200,GET
11930,200,GET
11931,200,GET
11932,200,GET
11933,200,GET
11934,200,GET
11935,200,GET
11936,200,GET
11937,200,GET
11938,200,GET
11939,200,GET
11940,200,GET
11941,200,GET
11942,200,GET
11943,200,GET
11944,200,GET
11945,200,GET
11946,200,GET
11947,200,GET
11948,200,GET
11949,200,GET
11950,200,GET
11951,200,GET
11952,200,GET
11953,200,GET
11954,200,GET
11955,200,GET
11956,200,GET
11957,200,GET
11958,200,GET
11959,200,GET
11960,200,GET
11961,200,GET
11962,200,GET
11963,200,GET
11964,200,GET
11965,200,GET
11966,200,GET
11967,200,GET
11968,200,GET
11969,200,GET
11970,200,GET
11971,200,GET
11972,200,GET
11973,200,GET
11974,200,GET
11975,200,GET
11976,200,GET
11977,200,GET
11978,200,GET
11979,200,GET
11980,200,GET
11981,200,GET
11982,200,GET
11983,200,GET
11984,200,GET
11985,200,GET
11986,200,GET
11987,200,GET
11988,200,GET
11989,200,GET
11990,200,GET
11991,200,GET
11992,200,GET
11993,200,GET
11994,200,GET
11995,200,GET
11996,200,GET
11997,200,GET
11998,200,GET
11999,200,GET
12000,200,GET
12001,200,GET
12002,200,GET
12003,200,GET
12004,200,GET
12005,200,GET
12006,200,GET
12007,200,GET
12008,200,GET
12009,200,GET
12010,200,GET
12011,200,GET
12012,200,GET
12013,200,GET
12014,200,GET
12015,200,GET
12016,200,GET
12017,200,GET
12018,200,GET
12019,200,GET
12020,200,GET
12021,200,GET
12022,200,GET
12023,200,GET
12024,200,GET
12025,200,GET
12026,200,GET
12027,200,GET
12028,200,GET
12029,200,GET
12030,200,GET
12031,200,GET
12032,200,GET
12033,200,GET
12034,200,GET
12035,200,GET
12036,200,GET
12037,200,GET
12038,200,GET
12039,200,GET
12040,200,GET
12041,200,GET
12042,200,GET
12043,200,GET
12044,200,GET
12045,200,GET
12046,200,GET
12047,200,GET
12048,200,GET
12049,200,GET
12050,200,GET
12051,200,GET
12052,200,GET
12053,200,GET
12054,200,GET
12055,200,GET
12056,200,GET
12057,200,GET
12058,200,GET
12059,200,GET
12060,200,GET
12061,200,GET
12062,200,GET
12063,200,GET
12064,200,GET
12065,200,GET
12066,200,GET
12067,200,GET
12068,200,GET
12069,200,GET
12070,200,GET
12071,200,GET
12072,200,GET
12073,200,GET
12074,200,GET
12075,200,GET
12076,200,GET
12077,200,GET
12078,200,GET
12079,200,GET
12080,200,GET
12081,200,GET
12082,200,GET
12083,200,GET
12084,200,GET
12085,200,GET
12086,200,GET
12087,200,GET
12088,200,GET
12089,200,GET
12090,200,GET
12091,200,GET
12092,200,GET
12093,200,GET
12094,200,GET
12095,200,GET
12096,200,GET
12097,200,GET
12098,200,GET
12099,200,GET
12100,200,GET
12101,200,GET
12102,200,GET
12103,200,GET
12104,200,GET
12105,200,GET
12106,200,GET
12107,200,GET
12108,200,GET
12109,200,GET
12110,200,GET
12111,200,GET
12112,200,GET
12113,200,GET
12114,200,GET
12115,200,GET
12116,200,GET
12117,200,GET
12118,200,GET
12119,200,GET
12120,200,GET
12121,200,GET
12122,200,GET
12123,200,GET
12124,200,GET
12125,200,GET
12126,200,GET
12127,200,GET
12128,200,GET
12129,200,GET
12130,200,GET
12131,200,GET
12132,200,GET
12133,200,GET
12134,200,GET
12135,200,GET
12136,200,GET
12137,200,GET
12138,200,GET
12139,200,GET
12140,200,GET
12141,200,GET
12142,200,GET
12143,200,GET
12144,200,GET
12145,200,GET
12146,200,GET
12147,200,GET
12148,200,GET
12149,200,GET
12150,200,GET
12151,200,GET
12152,200,GET
12153,200,GET
12154,200,GET
12155,200,GET
12156,200,GET
12157,200,GET
12158,200,GET
12159,200,GET
12160,200,GET
12161,200,GET
12162,200,GET
12163,200,GET
12164,200,GET
12165,200,GET
12166,200,GET
12167,200,GET
12168,200,GET
12169,200,GET
12170,200,GET
12171,200,GET
12172,200,GET
12173,200,GET
12174,200,GET
12175,200,GET
12176,200,GET
12177,200,GET
12178,200,GET
12179,200,GET
12180,200,GET
12181,200,GET
12182,200,GET
12183,200,GET
12184,200,GET
12185,200,GET
12186,200,GET
12187,200,GET
12188,200,GET
12189,200,GET
12190,200,GET
12191,200,GET
12192,200,GET
12193,200,GET
12194,200,GET
12195,200,GET
12196,200,GET
12197,200,GET
12198,200,GET
12199,200,GET
12200,200,GET
12201,200,GET
12202,200,GET
12203,200,GET
12204,200,GET
12205,200,GET
12206,200,GET
12207,200,GET
12208,200,GET
12209,200,GET
12210,200,GET
12211,200,GET
12212,200,GET
12213,200,GET
12214,200,GET
12215,200,GET
12216,200,GET
12217,200,GET
12218,200,GET
12219,200,GET
12220,200,GET
12221,200,GET
12222,200,GET
12223,200,GET
12224,200,GET
12225,200,GET
12226,200,GET
12227,200,GET
12228,200,GET
12229,200,GET
12230,200,GET
12231,200,GET
12232,200,GET
12233,200,GET
12234,200,GET
12235,200,GET
12236,200,GET
12237,200,GET
12238,200,GET
12239,200,GET
12240,200,GET
12241,200,GET
12242,200,GET
12243,200,GET
12244,200,GET
12245,200,GET
12246,200,GET
12247,200,GET
12248,200,GET
12249,200,GET
12250,200,GET
12251,200,GET
12252,200,GET
12253,200,GET
12254,200,GET
12255,200,GET
12256,200,GET
12257,200,GET
12258,200,GET
12259,200,GET
12260,200,GET
12261,200,GET
12262,200,GET
12263,200,GET
12264,200,GET
12265,200,GET
12266,200,GET
12267,200,GET
12268,200,GET
12269,200,GET
12270,200,GET
12271,200,GET
12272,200,GET
12273,200,GET
12274,200,GET
12275,200,GET
12276,200,GET
12277,200,GET
12278,200,GET
12279,200,GET
12280,200,GET
12281,200,GET
12282,200,GET
12283,200,GET
12284,200,GET
12285,200,GET
12286,200,GET
12287,200,GET
12288,200,GET
12289,200,GET
12290,200,GET
12291,200,GET
12292,200,GET
12293,200,GET
12294,200,GET
12295,200,GET
12296,200,GET
12297,200,GET
12298,200,GET
12299,200,GET
12300,200,GET
12301,200,GET
12302,200,GET
12303,200,GET
12304,200,GET
12305,200,GET
12306,200,GET
12307,200,GET
12308,200,GET
12309,200,GET
12310,200,GET
12311,200,GET
12312,200,GET
12313,200,GET
12314,200,GET
12315,200,GET
12316,200,GET
12317,200,GET
12318,200,GET
12319,200,GET
12320,200,GET
12321,200,GET
12322,200,GET
12323,200,GET
12324,200,GET
12325,200,GET
12326,200,GET
12327,200,GET
12328,200,GET
12329,200,GET
12330,200,GET
12331,200,GET
12332,200,GET
12333,200,GET
12334,200,GET
12335,200,GET
12336,200,GET
12337,200,GET
12338,200,GET
12339,200,GET
12340,200,GET
12341,200,GET
12342,200,GET
12343,200,GET
12344,200,GET
12345,200,GET
12346,200,GET
12347,200,GET
12348,200,GET
12349,200,GET
12350,200,GET
12351,200,GET
12352,200,GET
12353,200,GET
12354,200,GET
12355,200,GET
12356,200,GET
12357,200,GET
12358,200,GET
12359,200,GET
12360,200,GET
12361,200,GET
12362,200,GET
12363,200,GET
12364,200,GET
12365,200,GET
12366,200,GET
12367,200,GET
12368,200,GET
12369,200,GET
12370,200,GET
12371,200,GET
12372,200,GET
12373,200,GET
12374,200,GET
12375,200,GET
12376,200,GET
12377,200,GET
12378,200,GET
12379,200,GET
12380,200,GET
12381,200,GET
12382,200,GET
12383,200,GET
12384,200,GET
12385,200,GET
12386,200,GET
12387,200,GET
12388,200,GET
12389,200,GET
12390,200,GET
12391,200,GET
12392,200,GET
12393,200,GET
12394,200,GET
12395,200,GET
12396,200,GET
12397,200,GET
12398,200,GET
12399,200,GET
12400,200,GET
12401,200,GET
12402,200,GET
12403,200,GET
12404,200,GET
12405,200,GET
12406,200,GET
12407,200,GET
12408,200,GET
12409,200,GET
12410,200,GET
12411,200,GET
12412,200,GET
12413,200,GET
12414,200,GET
12415,200,GET
12416,200,GET
12417,200,GET
12418,200,GET
12419,200,GET
12420,200,GET
12421,200,GET
12422,200,GET
12423,200,GET
12424,200,GET
12425,200,GET
12426,200,GET
12427,200,GET
12428,200,GET
12429,200,GET
12430,200,GET
12431,200,GET
12432,200,GET
12433,200,GET
12434,200,GET
12435,200,GET
12436,200,GET
12437,200,GET
12438,200,GET
12439,200,GET
12440,200,GET
12441,200,GET
12442,200,GET
12443,200,GET
12444,200,GET
12445,200,GET
12446,200,GET
12447,200,GET
12448,200,GET
12449,200,GET
12450,200,GET
12451,200,GET
12452,200,GET
12453,200,GET
12454,200,GET
12455,200,GET
12456,200,GET
12457,200,GET
12458,200,GET
12459,200,GET
12460,200,GET
12461,200,GET
12462,200,GET
12463,200,GET
12464,200,GET
12465,200,GET
12466,200,GET
12467,200,GET
12468,200,GET
12469,200,GET
12470,200,GET
12471,200,GET
12472,200,GET
12473,200,GET
12474,200,GET
12475,200,GET
12476,200,GET
12477,200,GET
12478,200,GET
12479,200,GET
12480,200,GET
12481,200,GET
12482,200,GET
12483,200,GET
12484,200,GET
12485,200,GET
12486,200,GET
12487,200,GET
12488,200,GET
12489,200,GET
12490,200,GET
12491,200,GET
12492,200,GET
12493,200,GET
12494,200,GET
12495,200,GET
12496,200,GET
12497,200,GET
12498,200,GET
12499,200,GET
12500,200,GET
12501,200,GET
12502,200,GET
12503,200,GET
12504,200,GET
12505,200,GET
12506,200,GET
12507,200,GET
12508,200,GET
12509,200,GET
12510,200,GET
12511,200,GET
12512,200,GET
12513,200,GET
12514,200,GET
12515,200,GET
12516,200,GET
12517,200,GET
12518,200,GET
12519,200,GET
12520,200,GET
12521,200,GET
12522,200,GET
12523,200,GET
12524,200,GET
12525,200,GET
12526,200,GET
12527,200,GET
12528,200,GET
12529,200,GET
12530,200,GET
12531,200,GET
12532,200,GET
12533,200,GET
12534,200,GET
12535,200,GET
12536,200,GET
12537,200,GET
12538,200,GET
12539,200,GET
12540,200,GET
12541,200,GET
12542,200,GET
12543,200,GET
12544,200,GET
12545,200,GET
12546,200,GET
12547,200,GET
12548,200,GET
12549,200,GET
12550,200,GET
12551,200,GET
12552,200,GET
12553,200,GET
12554,200,GET
12555,200,GET
12556,200,GET
12557,200,GET
12558,200,GET
12559,200,GET
12560,200,GET
12561,200,GET
12562,200,GET
12563,200,GET
12564,200,GET
12565,200,GET
12566,200,GET
12567,200,GET
12568,200,GET
12569,200,GET
12570,200,GET
12571,200,GET
12572,200,GET
12573,200,GET
12574,200,GET
12575,200,GET
12576,200,GET
12577,200,GET
12578,200,GET
12579,200,GET
12580,200,GET
12581,200,GET
12582,200,GET
12583,200,GET
12584,200,GET
12585,200,GET
12586,200,GET
12587,200,GET
12588,200,GET
12589,200,GET
12590,200,GET
12591,200,GET
12592,200,GET
12593,200,GET
12594,200,GET
12595,200,GET
12596,200,GET
12597,200,GET
12598,200,GET
12599,200,GET
12600,200,GET
12601,200,GET
12602,200,GET
12603,200,GET
12604,200,GET
12605,200,GET
12606,200,GET
12607,200,GET
12608,200,GET
12609,200,GET
12610,200,GET
12611,200,GET
12612,200,GET
12613,200,GET
12614,200,GET
12615,200,GET
12616,200,GET
12617,200,GET
12618,200,GET
12619,200,GET
12620,200,GET
12621,200,GET
12622,200,GET
12623,200,GET
12624,200,GET
12625,200,GET
12626,200,GET
12627,200,GET
12628,200,GET
12629,200,GET
12630,200,GET
12631,200,GET
12632,200,GET
12633,200,GET
12634,200,GET
12635,200,GET
12636,200,GET
12637,200,GET
12638,200,GET
12639,200,GET
12640,200,GET
12641,200,GET
12642,200,GET
12643,200,GET
12644,200,GET
12645,200,GET
12646,200,GET
12647,200,GET
12648,200,GET
12649,200,GET
12650,200,GET
12651,200,GET
12652,200,GET
12653,200,GET
12654,200,GET
12655,200,GET
12656,200,GET
12657,200,GET
12658,200,GET
12659,200,GET
12660,200,GET
12661,200,GET
12662,200,GET
12663,200,GET
12664,200,GET
12665,200,GET
12666,200,GET
12667,200,GET
12668,200,GET
12669,200,GET
12670,200,GET
12671,200,GET
12672,200,GET
12673,200,GET
12674,200,GET
12675,200,GET
12676,200,GET
12677,200,GET
12678,200,GET
12679,200,GET
12680,200,GET
12681,200,GET
12682,200,GET
12683,200,GET
12684,200,GET
12685,200,GET
12686,200,GET
12687,200,GET
12688,200,GET
12689,200,GET
12690,200,GET
12691,200,GET
12692,200,GET
12693,200,GET
12694,200,GET
12695,200,GET
12696,200,GET
12697,200,GET
12698,200,GET
12699,200,GET
12700,200,GET
12701,200,GET
12702,200,GET
12703,200,GET
12704,200,GET
12705,200,GET
12706,200,GET
12707,200,GET
12708,200,GET
12709,200,GET
12710,200,GET
12711,200,GET
12712,200,GET
12713,200,GET
12714,200,GET
12715,200,GET
12716,200,GET
12717,200,GET
12718,200,GET
12719,200,GET
12720,200,GET
12721,200,GET
12722,200,GET
12723,200,GET
12724,200,GET
12725,200,GET
12726,200,GET
12727,200,GET
12728,200,GET
12729,200,GET
12730,200,GET
12731,200,GET
12732,200,GET
12733,200,GET
12734,200,GET
12735,200,GET
12736,200,GET
12737,200,GET
12738,200,GET
12739,200,GET
12740,200,GET
12741,200,GET
12742,200,GET
12743,200,GET
12744,200,GET
12745,200,GET
12746,200,GET
12747,200,GET
12748,200,GET
12749,200,GET
12750,200,GET
12751,200,GET
12752,200,GET
12753,200,GET
12754,200,GET
12755,200,GET
12756,200,GET
12757,200,GET
12758,200,GET
12759,200,GET
12760,200,GET
12761,200,GET
12762,200,GET
12763,200,GET
12764,200,GET
12765,200,GET
12766,200,GET
12767,200,GET
12768,200,GET
12769,200,GET
12770,200,GET
12771,200,GET
12772,200,GET
12773,200,GET
12774,200,GET
12775,200,GET
12776,200,GET
12777,200,GET
12778,200,GET
12779,200,GET
12780,200,GET
12781,200,GET
12782,200,GET
12783,200,GET
12784,200,GET
12785,200,GET
12786,200,GET
12787,200,GET
12788,200,GET
12789,200,GET
12790,200,GET
12791,200,GET
12792,200,GET
12793,200,GET
12794,200,GET
12795,200,GET
12796,200,GET
12797,200,GET
12798,200,GET
12799,200,GET
12800,200,GET
12801,200,GET
12802,200,GET
12803,200,GET
12804,200,GET
12805,200,GET
12806,200,GET
12807,200,GET
12808,200,GET
12809,200,GET
12810,200,GET
12811,200,GET
12812,200,GET
12813,200,GET
12814,200,GET
12815,200,GET
12816,200,GET
12817,200,GET
12818,200,GET
12819,200,GET
12820,200,GET
12821,200,GET
12822,200,GET
12823,200,GET
12824,200,GET
12825,200,GET
12826,200,GET
12827,200,GET
12828,200,GET
12829,200,GET
12830,200,GET
12831,200,GET
12832,200,GET
12833,200,GET
12834,200,GET
12835,200,GET
12836,200,GET
12837,200,GET
12838,200,GET
12839,200,GET
12840,200,GET
12841,200,GET
12842,200,GET
12843,200,GET
12844,200,GET
12845,200,GET
12846,200,GET
12847,200,GET
12848,200,GET
12849,200,GET
12850,200,GET
12851,200,GET
12852,200,GET
12853,200,GET
12854,200,GET
12855,200,GET
12856,200,GET
12857,200,GET
12858,200,GET
12859,200,GET
12860,200,GET
12861,200,GET
12862,200,GET
12863,200,GET
12864,200,GET
12865,200,GET
12866,200,GET
12867,200,GET
12868,200,GET
12869,200,GET
12870,200,GET
12871,200,GET
12872,200,GET
12873,200,GET
12874,200,GET
12875,200,GET
12876,200,GET
12877,200,GET
12878,200,GET
12879,200,GET
12880,200,GET
12881,200,GET
12882,200,GET
12883,200,GET
12884,200,GET
12885,200,GET
12886,200,GET
12887,200,GET
12888,200,GET
12889,200,GET
12890,200,GET
12891,200,GET
12892,200,GET
12893,200,GET
12894,200,GET
12895,200,GET
12896,200,GET
12897,200,GET
12898,200,GET
12899,200,GET
12900,200,GET
12901,200,GET
12902,200,GET
12903,200,GET
12904,200,GET
12905,200,GET
12906,200,GET
12907,200,GET
12908,200,GET
12909,200,GET
12910,200,GET
12911,200,GET
12912,200,GET
12913,200,GET
12914,200,GET
12915,200,GET
12916,200,GET
12917,200,GET
12918,200,GET
12919,200,GET
12920,200,GET
12921,200,GET
12922,200,GET
12923,200,GET
12924,200,GET
12925,200,GET
12926,200,GET
12927,200,GET
12928,200,GET
12929,200,GET
12930,200,GET
12931,200,GET
12932,200,GET
12933,200,GET
12934,200,GET
12935,200,GET
12936,200,GET
12937,200,GET
12938,200,GET
12939,200,GET
12940,200,GET
12941,200,GET
12942,200,GET
12943,200,GET
12944,200,GET
12945,200,GET
12946,200,GET
12947,200,GET
12948,200,GET
12949,200,GET
12950,200,GET
12951,200,GET
12952,200,GET
12953,200,GET
12954,200,GET
12955,200,GET
12956,200,GET
12957,200,GET
12958,200,GET
12959,200,GET
12960,200,GET
12961,200,GET
12962,200,GET
12963,200,GET
12964,200,GET
12965,200,GET
12966,200,GET
12967,200,GET
12968,200,GET
12969,200,GET
12970,200,GET
12971,200,GET
12972,200,GET
12973,200,GET
12974,200,GET
12975,200,GET
12976,200,GET
12977,200,GET
12978,200,GET
12979,200,GET
12980,200,GET
12981,200,GET
12982,200,GET
12983,200,GET
12984,200,GET
12985,200,GET
12986,200,GET
12987,200,GET
12988,200,GET
12989,200,GET
12990,200,GET
12991,200,GET
12992,200,GET
12993,200,GET
12994,200,GET
12995,200,GET
12996,200,GET
12997,200,GET
12998,200,GET
12999,200,GET
13000,200,GET
13001,200,GET
13002,200,GET
13003,200,GET
13004,200,GET
13005,200,GET
13006,200,GET
13007,200,GET
13008,200,GET
13009,200,GET
13010,200,GET
13011,200,GET
13012,200,GET
13013,200,GET
13014,200,GET
13015,200,GET
13016,200,GET
13017,200,GET
13018,200,GET
13019,200,GET
13020,200,GET
13021,200,GET
13022,200,GET
13023,200,GET
13024,200,GET
13025,200,GET
13026,200,GET
13027,200,GET
13028,200,GET
13029,200,GET
13030,200,GET
13031,200,GET
13032,200,GET
13033,200,GET
13034,200,GET
13035,200,GET
13036,200,GET
13037,200,GET
13038,200,GET
13039,200,GET
13040,200,GET
13041,200,GET
13042,200,GET
13043,200,GET
13044,200,GET
13045,200,GET
13046,200,GET
13047,200,GET
13048,200,GET
13049,200,GET
13050,200,GET
13051,200,GET
13052,200,GET
13053,200,GET
13054,200,GET
13055,200,GET
13056,200,GET
13057,200,GET
13058,200,GET
13059,200,GET
13060,200,GET
13061,200,GET
13062,200,GET
13063,200,GET
13064,200,GET
13065,200,GET
13066,200,GET
13067,200,GET
13068,200,GET
13069,200,GET
13070,200,GET
13071,200,GET
13072,200,GET
13073,200,GET
13074,200,GET
13075,200,GET
13076,200,GET
13077,200,GET
13078,200,GET
13079,200,GET
13080,200,GET
13081,200,GET
13082,200,GET
13083,200,GET
13084,200,GET
13085,200,GET
13086,200,GET
13087,200,GET
13088,200,GET
13089,200,GET
13090,200,GET
13091,200,GET
13092,200,GET
13093,200,GET
13094,200,GET
13095,200,GET
13096,200,GET
13097,200,GET
13098,200,GET
13099,200,GET
13100,200,GET
13101,200,GET
13102,200,GET
13103,200,GET
13104,200,GET
13105,200,GET
13106,200,GET
13107,200,GET
13108,200,GET
13109,200,GET
13110,200,GET
13111,200,GET
13112,200,GET
13113,200,GET
13114,200,GET
13115,200,GET
13116,200,GET
13117,200,GET
13118,200,GET
13119,200,GET
13120,200,GET
13121,200,GET
13122,200,GET
13123,200,GET
13124,200,GET
13125,200,GET
13126,200,GET
13127,200,GET
13128,200,GET
13129,200,GET
13130,200,GET
13131,200,GET
13132,200,GET
13133,200,GET
13134,200,GET
13135,200,GET
13136,200,GET
13137,200,GET
13138,200,GET
13139,200,GET
13140,200,GET
13141,200,GET
13142,200,GET
13143,200,GET
13144,200,GET
13145,200,GET
13146,200,GET
13147,200,GET
13148,200,GET
13149,200,GET
13150,200,GET
13151,200,GET
13152,200,GET
13153,200,GET
13154,200,GET
13155,200,GET
13156,200,GET
13157,200,GET
13158,200,GET
13159,200,GET
13160,200,GET
13161,200,GET
13162,200,GET
13163,200,GET
13164,200,GET
13165,200,GET
13166,200,GET
13167,200,GET
13168,200,GET
13169,200,GET
13170,200,GET
13171,200,GET
13172,200,GET
13173,200,GET
13174,200,GET
13175,200,GET
13176,200,GET
13177,200,GET
13178,200,GET
13179,200,GET
13180,200,GET
13181,200,GET
13182,200,GET
13183,200,GET
13184,200,GET
13185,200,GET
13186,200,GET
13187,200,GET
13188,200,GET
13189,200,GET
13190,200,GET
13191,200,GET
13192,200,GET
13193,200,GET
13194,200,GET
13195,200,GET
13196,200,GET
13197,200,GET
13198,200,GET
13199,200,GET
13200,200,GET
13201,200,GET
13202,200,GET
13203,200,GET
13204,200,GET
13205,200,GET
13206,200,GET
13207,200,GET
13208,200,GET
13209,200,GET
13210,200,GET
13211,200,GET
13212,200,GET
13213,200,GET
13214,200,GET
13215,200,GET
13216,200,GET
13217,200,GET
13218,200,GET
13219,200,GET
13220,200,GET
13221,200,GET
13222,200,GET
13223,200,GET
13224,200,GET
13225,200,GET
13226,200,GET
13227,200,GET
13228,200,GET
13229,200,GET
13230,200,GET
13231,200,GET
13232,200,GET
13233,200,GET
13234,200,GET
13235,200,GET
13236,200,GET
13237,200,GET
13238,200,GET
13239,200,GET
13240,200,GET
13241,200,GET
13242,200,GET
13243,200,GET
13244,200,GET
13245,200,GET
13246,200,GET
13247,200,GET
13248,200,GET
13249,200,GET
13250,200,GET
13251,200,GET
13252,200,GET
13253,200,GET
13254,200,GET
13255,200,GET
13256,200,GET
13257,200,GET
13258,200,GET
13259,200,GET
13260,200,GET
13261,200,GET
13262,200,GET
13263,200,GET
13264,200,GET
13265,200,GET
13266,200,GET
13267,200,GET
13268,200,GET
13269,200,GET
13270,200,GET
13271,200,GET
13272,200,GET
13273,200,GET
13274,200,GET
13275,200,GET
13276,200,GET
13277,200,GET
13278,200,GET
13279,200,GET
13280,200,GET
13281,200,GET
13282,200,GET
13283,200,GET
13284,200,GET
13285,200,GET
13286,200,GET
13287,200,GET
13288,200,GET
13289,200,GET
13290,200,GET
13291,200,GET
13292,200,GET
13293,200,GET
13294,200,GET
13295,200,GET
13296,200,GET
13297,200,GET
13298,200,GET
13299,200,GET
13300,200,GET
13301,200,GET
13302,200,GET
13303,200,GET
13304,200,GET
13305,200,GET
13306,200,GET
13307,200,GET
13308,200,GET
13309,200,GET
13310,200,GET
13311,200,GET
13312,200,GET
13313,200,GET
13314,200,GET
13315,200,GET
13316,200,GET
13317,200,GET
13318,200,GET
13319,200,GET
13320,200,GET
13321,200,GET
13322,200,GET
13323,200,GET
13324,200,GET
13325,200,GET
13326,200,GET
13327,200,GET
13328,200,GET
13329,200,GET
13330,200,GET
13331,200,GET
13332,200,GET
13333,200,GET
13334,200,GET
13335,200,GET
13336,200,GET
13337,200,GET
13338,200,GET
13339,200,GET
13340,200,GET
13341,200,GET
13342,200,GET
13343,200,GET
13344,200,GET
13345,200,GET
13346,200,GET
13347,200,GET
13348,200,GET
13349,200,GET
13350,200,GET
13351,200,GET
13352,200,GET
13353,200,GET
13354,200,GET
13355,200,GET
13356,200,GET
13357,200,GET
13358,200,GET
13359,200,GET
13360,200,GET
13361,200,GET
13362,200,GET
13363,200,GET
13364,200,GET
13365,200,GET
13366,200,GET
13367,200,GET
13368,200,GET
13369,200,GET
13370,200,GET
13371,200,GET
13372,200,GET
13373,200,GET
13374,200,GET
13375,200,GET
13376,200,GET
13377,200,GET
13378,200,GET
13379,200,GET
13380,200,GET
13381,200,GET
13382,200,GET
13383,200,GET
13384,200,GET
13385,200,GET
13386,200,GET
13387,200,GET
13388,200,GET
13389,200,GET
13390,200,GET
13391,200,GET
13392,200,GET
13393,200,GET
13394,200,GET
13395,200,GET
13396,200,GET
13397,200,GET
13398,200,GET
13399,200,GET
13400,200,GET
13401,200,GET
13402,200,GET
13403,200,GET
13404,200,GET
13405,200,GET
13406,200,GET
13407,200,GET
13408,200,GET
13409,200,GET
13410,200,GET
13411,200,GET
13412,200,GET
13413,200,GET
13414,200,GET
13415,200,GET
13416,200,GET
13417,200,GET
13418,200,GET
13419,200,GET
13420,200,GET
13421,200,GET
13422,200,GET
13423,200,GET
13424,200,GET
13425,200,GET
13426,200,GET
13427,200,GET
13428,200,GET
13429,200,GET
13430,200,GET
13431,200,GET
13432,200,GET
13433,200,GET
13434,200,GET
13435,200,GET
13436,200,GET
13437,200,GET
13438,200,GET
13439,200,GET
13440,200,GET
13441,200,GET
13442,200,GET
13443,200,GET
13444,200,GET
13445,200,GET
13446,200,GET
13447,200,GET
13448,200,GET
13449,200,GET
13450,200,GET
13451,200,GET
13452,200,GET
13453,200,GET
13454,200,GET
13455,200,GET
13456,200,GET
13457,200,GET
13458,200,GET
13459,200,GET
13460,200,GET
13461,200,GET
13462,200,GET
13463,200,GET
13464,200,GET
13465,200,GET
13466,200,GET
13467,200,GET
13468,200,GET
13469,200,GET
13470,200,GET
13471,200,GET
13472,200,GET
13473,200,GET
13474,200,GET
13475,200,GET
13476,200,GET
13477,200,GET
13478,200,GET
13479,200,GET
13480,200,GET
13481,200,GET
13482,200,GET
13483,200,GET
13484,200,GET
13485,200,GET
13486,200,GET
13487,200,GET
13488,200,GET
13489,200,GET
13490,200,GET
13491,200,GET
13492,200,GET
13493,200,GET
13494,200,GET
13495,200,GET
13496,200,GET
13497,200,GET
13498,200,GET
13499,200,GET
13500,200,GET
13501,200,GET
13502,200,GET
13503,200,GET
13504,200,GET
13505,200,GET
13506,200,GET
13507,200,GET
13508,200,GET
13509,200,GET
13510,200,GET
13511,200,GET
13512,200,GET
13513,200,GET
13514,200,GET
13515,200,GET
13516,200,GET
13517,200,GET
13518,200,GET
13519,200,GET
13520,200,GET
13521,200,GET
13522,200,GET
13523,200,GET
13524,200,GET
13525,200,GET
13526,200,GET
13527,200,GET
13528,200,GET
13529,200,GET
13530,200,GET
13531,200,GET
13532,200,GET
13533,200,GET
13534,200,GET
13535,200,GET
13536,200,GET
13537,200,GET
13538,200,GET
13539,200,GET
13540,200,GET
13541,200,GET
13542,200,GET
13543,200,GET
13544,200,GET
13545,200,GET
13546,200,GET
13547,200,GET
13548,200,GET
13549,200,GET
13550,200,GET
13551,200,GET
13552,200,GET
13553,200,GET
13554,200,GET
13555,200,GET
13556,200,GET
13557,200,GET
13558,200,GET
13559,200,GET
13560,200,GET
13561,200,GET
13562,200,GET
13563,200,GET
13564,200,GET
13565,200,GET
13566,200,GET
13567,200,GET
13568,200,GET
13569,200,GET
13570,200,GET
13571,200,GET
13572,200,GET
13573,200,GET
13574,200,GET
13575,200,GET
13576,200,GET
13577,200,GET
13578,200,GET
13579,200,GET
13580,200,GET
13581,200,GET
13582,200,GET
13583,200,GET
13584,200,GET
13585,200,GET
13586,200,GET
13587,200,GET
13588,200,GET
13589,200,GET
13590,200,GET
13591,200,GET
13592,200,GET
13593,200,GET
13594,200,GET
13595,200,GET
13596,200,GET
13597,200,GET
13598,200,GET
13599,200,GET
13600,200,GET
13601,200,GET
13602,200,GET
13603,200,GET
13604,200,GET
13605,200,GET
13606,200,GET
13607,200,GET
13608,200,GET
13609,200,GET
13610,200,GET
13611,200,GET
13612,200,GET
13613,200,GET
13614,200,GET
13615,200,GET
13616,200,GET
13617,200,GET
13618,200,GET
13619,200,GET
13620,200,GET
13621,200,GET
13622,200,GET
13623,200,GET
13624,200,GET
13625,200,GET
13626,200,GET
13627,200,GET
13628,200,GET
13629,200,GET
13630,200,GET
13631,200,GET
13632,200,GET
13633,200,GET
13634,200,GET
13635,200,GET
13636,200,GET
13637,200,GET
13638,200,GET
13639,200,GET
13640,200,GET
13641,200,GET
13642,200,GET
13643,200,GET
13644,200,GET
13645,200,GET
13646,200,GET
13647,200,GET
13648,200,GET
13649,200,GET
13650,200,GET
13651,200,GET
13652,200,GET
13653,200,GET
13654,200,GET
13655,200,GET
13656,200,GET
13657,200,GET
13658,200,GET
13659,200,GET
13660,200,GET
13661,200,GET
13662,200,GET
13663,200,GET
13664,200,GET
13665,200,GET
13666,200,GET
13667,200,GET
13668,200,GET
13669,200,GET
13670,200,GET
13671,200,GET
13672,200,GET
13673,200,GET
13674,200,GET
13675,200,GET
13676,200,GET
13677,200,GET
13678,200,GET
13679,200,GET
13680,200,GET
13681,200,GET
13682,200,GET
13683,200,GET
13684,200,GET
13685,200,GET
13686,200,GET
13687,200,GET
13688,200,GET
13689,200,GET
13690,200,GET
13691,200,GET
13692,200,GET
13693,200,GET
13694,200,GET
13695,200,GET
13696,200,GET
13697,200,GET
13698,200,GET
13699,200,GET
13700,200,GET
13701,200,GET
13702,200,GET
13703,200,GET
13704,200,GET
13705,200,GET
13706,200,GET
13707,200,GET
13708,200,GET
13709,200,GET
13710,200,GET
13711,200,GET
13712,200,GET
13713,200,GET
13714,200,GET
13715,200,GET
13716,200,GET
13717,200,GET
13718,200,GET
13719,200,GET
13720,200,GET
13721,200,GET
13722,200,GET
13723,200,GET
13724,200,GET
13725,200,GET
13726,200,GET
13727,200,GET
13728,200,GET
13729,200,GET
13730,200,GET
13731,200,GET
13732,200,GET
13733,200,GET
13734,200,GET
13735,200,GET
13736,200,GET
13737,200,GET
13738,200,GET
13739,200,GET
13740,200,GET
13741,200,GET
13742,200,GET
13743,200,GET
13744,200,GET
13745,200,GET
13746,200,GET
13747,200,GET
13748,200,GET
13749,200,GET
13750,200,GET
13751,200,GET
13752,200,GET
13753,200,GET
13754,200,GET
13755,200,GET
13756,200,GET
13757,200,GET
13758,200,GET
13759,200,GET
13760,200,GET
13761,200,GET
13762,200,GET
13763,200,GET
13764,200,GET
13765,200,GET
13766,200,GET
13767,200,GET
13768,200,GET
13769,200,GET
13770,200,GET
13771,200,GET
13772,200,GET
13773,200,GET
13774,200,GET
13775,200,GET
13776,200,GET
13777,200,GET
13778,200,GET
13779,200,GET
13780,200,GET
13781,200,GET
13782,200,GET
13783,200,GET
13784,200,GET
13785,200,GET
13786,200,GET
13787,200,GET
13788,200,GET
13789,200,GET
13790,200,GET
13791,200,GET
13792,200,GET
13793,200,GET
13794,200,GET
13795,200,GET
13796,200,GET
13797,200,GET
13798,200,GET
13799,200,GET
13800,200,GET
13801,200,GET
13802,200,GET
13803,200,GET
13804,200,GET
13805,200,GET
13806,200,GET
13807,200,GET
13808,200,GET
13809,200,GET
13810,200,GET
13811,200,GET
13812,200,GET
13813,200,GET
13814,200,GET
13815,200,GET
13816,200,GET
13817,200,GET
13818,200,GET
13819,200,GET
13820,200,GET
13821,200,GET
13822,200,GET
13823,200,GET
13824,200,GET
13825,200,GET
13826,200,GET
13827,200,GET
13828,200,GET
13829,200,GET
13830,200,GET
13831,200,GET
13832,200,GET
13833,200,GET
13834,200,GET
13835,200,GET
13836,200,GET
13837,200,GET
13838,200,GET
13839,200,GET
13840,200,GET
13841,200,GET
13842,200,GET
13843,200,GET
13844,200,GET
13845,200,GET
13846,200,GET
13847,200,GET
13848,200,GET
13849,200,GET
13850,200,GET
13851,200,GET
13852,200,GET
13853,200,GET
13854,200,GET
13855,200,GET
13856,200,GET
13857,200,GET
13858,200,GET
13859,200,GET
13860,200,GET
13861,200,GET
13862,200,GET
13863,200,GET
13864,200,GET
13865,200,GET
13866,200,GET
13867,200,GET
13868,200,GET
13869,200,GET
13870,200,GET
13871,200,GET
13872,200,GET
13873,200,GET
13874,200,GET
13875,200,GET
13876,200,GET
13877,200,GET
13878,200,GET
13879,200,GET
13880,200,GET
13881,200,GET
13882,200,GET
13883,200,GET
13884,200,GET
13885,200,GET
13886,200,GET
13887,200,GET
13888,200,GET
13889,200,GET
13890,200,GET
13891,200,GET
13892,200,GET
13893,200,GET
13894,200,GET
13895,200,GET
13896,200,GET
13897,200,GET
13898,200,GET
13899,200,GET
13900,200,GET
13901,200,GET
13902,200,GET
13903,200,GET
13904,200,GET
13905,200,GET
13906,200,GET
13907,200,GET
13908,200,GET
13909,200,GET
13910,200,GET
13911,200,GET
13912,200,GET
13913,200,GET
13914,200,GET
13915,200,GET
13916,200,GET
13917,200,GET
13918,200,GET
13919,200,GET
13920,200,GET
13921,200,GET
13922,200,GET
13923,200,GET
13924,200,GET
13925,200,GET
13926,200,GET
13927,200,GET
13928,200,GET
13929,200,GET
13930,200,GET
13931,200,GET
13932,200,GET
13933,200,GET
13934,200,GET
13935,200,GET
13936,200,GET
13937,200,GET
13938,200,GET
13939,200,GET
13940,200,GET
13941,200,GET
13942,200,GET
13943,200,GET
13944,200,GET
13945,200,GET
13946,200,GET
13947,200,GET
13948,200,GET
13949,200,GET
13950,200,GET
13951,200,GET
13952,200,GET
13953,200,GET
13954,200,GET
13955,200,GET
13956,200,GET
13957,200,GET
13958,200,GET
13959,200,GET
13960,200,GET
13961,200,GET
13962,200,GET
13963,200,GET
13964,200,GET
13965,200,GET
13966,200,GET
13967,200,GET
13968,200,GET
13969,200,GET
13970,200,GET
13971,200,GET
13972,200,GET
13973,200,GET
13974,200,GET
13975,200,GET
13976,200,GET
13977,200,GET
13978,200,GET
13979,200,GET
13980,200,GET
13981,200,GET
13982,200,GET
13983,200,GET
13984,200,GET
13985,200,GET
13986,200,GET
13987,200,GET
13988,200,GET
13989,200,GET
13990,200,GET
13991,200,GET
13992,200,GET
13993,200,GET
13994,200,GET
13995,200,GET
13996,200,GET
13997,200,GET
13998,200,GET
13999,200,GET
14000,200,GET
14001,200,GET
14002,200,GET
14003,200,GET
14004,200,GET
14005,200,GET
14006,200,GET
14007,200,GET
14008,200,GET
14009,200,GET
14010,200,GET
14011,200,GET
14012,200,GET
14013,200,GET
14014,200,GET
14015,200,GET
14016,200,GET
14017,200,GET
14018,200,GET
14019,200,GET
14020,200,GET
14021,200,GET
14022,200,GET
14023,200,GET
14024,200,GET
14025,200,GET
14026,200,GET
14027,200,GET
14028,200,GET
14029,200,GET
14030,200,GET
14031,200,GET
14032,200,GET
14033,200,GET
14034,200,GET
14035,200,GET
14036,200,GET
14037,200,GET
14038,200,GET
14039,200,GET
14040,200,GET
14041,200,GET
14042,200,GET
14043,200,GET
14044,200,GET
14045,200,GET
14046,200,GET
14047,200,GET
14048,200,GET
14049,200,GET
14050,200,GET
14051,200,GET
14052,200,GET
14053,200,GET
14054,200,GET
14055,200,GET
14056,200,GET
14057,200,GET
14058,200,GET
14059,200,GET
14060,200,GET
14061,200,GET
14062,200,GET
14063,200,GET
14064,200,GET
14065,200,GET
14066,200,GET
14067,200,GET
14068,200,GET
14069,200,GET
14070,200,GET
14071,200,GET
14072,200,GET
14073,200,GET
14074,200,GET
14075,200,GET
14076,200,GET
14077,200,GET
14078,200,GET
14079,200,GET
14080,200,GET
14081,200,GET
14082,200,GET
14083,200,GET
14084,200,GET
14085,200,GET
14086,200,GET
14087,200,GET
14088,200,GET
14089,200,GET
14090,200,GET
14091,200,GET
14092,200,GET
14093,200,GET
14094,200,GET
14095,200,GET
14096,200,GET
14097,200,GET
14098,200,GET
14099,200,GET
14100,200,GET
14101,200,GET
14102,200,GET
14103,200,GET
14104,200,GET
14105,200,GET
14106,200,GET
14107,200,GET
14108,200,GET
14109,200,GET
14110,200,GET
14111,200,GET
14112,200,GET
14113,200,GET
14114,200,GET
14115,200,GET
14116,200,GET
14117,200,GET
14118,200,GET
14119,200,GET
14120,200,GET
14121,200,GET
14122,200,GET
14123,200,GET
14124,200,GET
14125,200,GET
14126,200,GET
14127,200,GET
14128,200,GET
14129,200,GET
14130,200,GET
14131,200,GET
14132,200,GET
14133,200,GET
14134,200,GET
14135,200,GET
14136,200,GET
14137,200,GET
14138,200,GET
14139,200,GET
14140,200,GET
14141,200,GET
14142,200,GET
14143,200,GET
14144,200,GET
14145,200,GET
14146,200,GET
14147,200,GET
14148,200,GET
14149,200,GET
14150,200,GET
14151,200,GET
14152,200,GET
14153,200,GET
14154,200,GET
14155,200,GET
14156,200,GET
14157,200,GET
14158,200,GET
14159,200,GET
14160,200,GET
14161,200,GET
14162,200,GET
14163,200,GET
14164,200,GET
14165,200,GET
14166,200,GET
14167,200,GET
14168,200,GET
14169,200,GET
14170,200,GET
14171,200,GET
14172,200,GET
14173,200,GET
14174,200,GET
14175,200,GET
14176,200,GET
14177,200,GET
14178,200,GET
14179,200,GET
14180,200,GET
14181,200,GET
14182,200,GET
14183,200,GET
14184,200,GET
14185,200,GET
14186,200,GET
14187,200,GET
14188,200,GET
14189,200,GET
14190,200,GET
14191,200,GET
14192,200,GET
14193,200,GET
14194,200,GET
14195,200,GET
14196,200,GET
14197,200,GET
14198,200,GET
14199,200,GET
14200,200,GET
14201,200,GET
14202,200,GET
14203,200,GET
14204,200,GET
14205,200,GET
14206,200,GET
14207,200,GET
14208,200,GET
14209,200,GET
14210,200,GET
14211,200,GET
14212,200,GET
14213,200,GET
14214,200,GET
14215,200,GET
14216,200,GET
14217,200,GET
14218,200,GET
14219,200,GET
14220,200,GET
14221,200,GET
14222,200,GET
14223,200,GET
14224,200,GET
14225,200,GET
14226,200,GET
14227,200,GET
14228,200,GET
14229,200,GET
14230,200,GET
14231,200,GET
14232,200,GET
14233,200,GET
14234,200,GET
14235,200,GET
14236,200,GET
14237,200,GET
14238,200,GET
14239,200,GET
14240,200,GET
14241,200,GET
14242,200,GET
14243,200,GET
14244,200,GET
14245,200,GET
14246,200,GET
14247,200,GET
14248,200,GET
14249,200,GET
14250,200,GET
14251,200,GET
14252,200,GET
14253,200,GET
14254,200,GET
14255,200,GET
14256,200,GET
14257,200,GET
14258,200,GET
14259,200,GET
14260,200,GET
14261,200,GET
14262,200,GET
14263,200,GET
14264,200,GET
14265,200,GET
14266,200,GET
14267,200,GET
14268,200,GET
14269,200,GET
14270,200,GET
14271,200,GET
14272,200,GET
14273,200,GET
14274,200,GET
14275,200,GET
14276,200,GET
14277,200,GET
14278,200,GET
14279,200,GET
14280,200,GET
14281,200,GET
14282,200,GET
14283,200,GET
14284,200,GET
14285,200,GET
14286,200,GET
14287,200,GET
14288,200,GET
14289,200,GET
14290,200,GET
14291,200,GET
14292,200,GET
14293,200,GET
14294,200,GET
14295,200,GET
14296,200,GET
14297,200,GET
14298,200,GET
14299,200,GET
14300,200,GET
14301,200,GET
14302,200,GET
14303,200,GET
14304,200,GET
14305,200,GET
14306,200,GET
14307,200,GET
14308,200,GET
14309,200,GET
14310,200,GET
14311,200,GET
14312,200,GET
14313,200,GET
14314,200,GET
14315,200,GET
14316,200,GET
14317,200,GET
14318,200,GET
14319,200,GET
14320,200,GET
14321,200,GET
14322,200,GET
14323,200,GET
14324,200,GET
14325,200,GET
14326,200,GET
14327,200,GET
14328,200,GET
14329,200,GET
14330,200,GET
14331,200,GET
14332,200,GET
14333,200,GET
14334,200,GET
14335,200,GET
14336,200,GET
14337,200,GET
14338,200,GET
14339,200,GET
14340,200,GET
14341,200,GET
14342,200,GET
14343,200,GET
14344,200,GET
14345,200,GET
14346,200,GET
14347,200,GET
14348,200,GET
14349,200,GET
14350,200,GET
14351,200,GET
14352,200,GET
14353,200,GET
14354,200,GET
14355,200,GET
14356,200,GET
14357,200,GET
14358,200,GET
14359,200,GET
14360,200,GET
14361,200,GET
14362,200,GET
14363,200,GET
14364,200,GET
14365,200,GET
14366,200,GET
14367,200,GET
14368,200,GET
14369,200,GET
14370,200,GET
14371,200,GET
14372,200,GET
14373,200,GET
14374,200,GET
14375,200,GET
14376,200,GET
14377,200,GET
14378,200,GET
14379,200,GET
14380,200,GET
14381,200,GET
14382,200,GET
14383,200,GET
14384,200,GET
14385,200,GET
14386,200,GET
14387,200,GET
14388,200,GET
14389,200,GET
14390,200,GET
14391,200,GET
14392,200,GET
14393,200,GET
14394,200,GET
14395,200,GET
14396,200,GET
14397,200,GET
14398,200,GET
14399,200,GET
14400,200,GET
14401,200,GET
14402,200,GET
14403,200,GET
14404,200,GET
14405,200,GET
14406,200,GET
14407,200,GET
14408,200,GET
14409,200,GET
14410,200,GET
14411,200,GET
14412,200,GET
14413,200,GET
14414,200,GET
14415,200,GET
14416,200,GET
14417,200,GET
14418,200,GET
14419,200,GET
14420,200,GET
14421,200,GET
14422,200,GET
14423,200,GET
14424,200,GET
14425,200,GET
14426,200,GET
14427,200,GET
14428,200,GET
14429,200,GET
14430,200,GET
14431,200,GET
14432,200,GET
14433,200,GET
14434,200,GET
14435,200,GET
14436,200,GET
14437,200,GET
14438,200,GET
14439,200,GET
14440,200,GET
14441,200,GET
14442,200,GET
14443,200,GET
14444,200,GET
14445,200,GET
14446,200,GET
14447,200,GET
14448,200,GET
14449,200,GET
14450,200,GET
14451,200,GET
14452,200,GET
14453,200,GET
14454,200,GET
14455,200,GET
14456,200,GET
14457,200,GET
14458,200,GET
14459,200,GET
14460,200,GET
14461,200,GET
14462,200,GET
14463,200,GET
14464,200,GET
14465,200,GET
14466,200,GET
14467,200,GET
14468,200,GET
14469,200,GET
14470,200,GET
14471,200,GET
14472,200,GET
14473,200,GET
14474,200,GET
14475,200,GET
14476,200,GET
14477,200,GET
14478,200,GET
14479,200,GET
14480,200,GET
14481,200,GET
14482,200,GET
14483,200,GET
14484,200,GET
14485,200,GET
14486,200,GET
14487,200,GET
14488,200,GET
14489,200,GET
14490,200,GET
14491,200,GET
14492,200,GET
14493,200,GET
14494,200,GET
14495,200,GET
14496,200,GET
14497,200,GET
14498,200,GET
14499,200,GET
14500,200,GET
14501,200,GET
14502,200,GET
14503,200,GET
14504,200,GET
14505,200,GET
14506,200,GET
14507,200,GET
14508,200,GET
14509,200,GET
14510,200,GET
14511,200,GET
14512,200,GET
14513,200,GET
14514,200,GET
14515,200,GET
14516,200,GET
14517,200,GET
14518,200,GET
14519,200,GET
14520,200,GET
14521,200,GET
14522,200,GET
14523,200,GET
14524,200,GET
14525,200,GET
14526,200,GET
14527,200,GET
14528,200,GET
14529,200,GET
14530,200,GET
14531,200,GET
14532,200,GET
14533,200,GET
14534,200,GET
14535,200,GET
14536,200,GET
14537,200,GET
14538,200,GET
14539,200,GET
14540,200,GET
14541,200,GET
14542,200,GET
14543,200,GET
14544,200,GET
14545,200,GET
14546,200,GET
14547,200,GET
14548,200,GET
14549,200,GET
14550,200,GET
14551,200,GET
14552,200,GET
14553,200,GET
14554,200,GET
14555,200,GET
14556,200,GET
14557,200,GET
14558,200,GET
14559,200,GET
14560,200,GET
14561,200,GET
14562,200,GET
14563,200,GET
14564,200,GET
14565,200,GET
14566,200,GET
14567,200,GET
14568,200,GET
14569,200,GET
14570,200,GET
14571,200,GET
14572,200,GET
14573,200,GET
14574,200,GET
14575,200,GET
14576,200,GET
14577,200,GET
14578,200,GET
14579,200,GET
14580,200,GET
14581,200,GET
14582,200,GET
14583,200,GET
14584,200,GET
14585,200,GET
14586,200,GET
14587,200,GET
14588,200,GET
14589,200,GET
14590,200,GET
14591,200,GET
14592,200,GET
14593,200,GET
14594,200,GET
14595,200,GET
14596,200,GET
14597,200,GET
14598,200,GET
14599,200,GET
14600,200,GET
14601,200,GET
14602,200,GET
14603,200,GET
14604,200,GET
14605,200,GET
14606,200,GET
14607,200,GET
14608,200,GET
14609,200,GET
14610,200,GET
14611,200,GET
14612,200,GET
14613,200,GET
14614,200,GET
14615,200,GET
14616,200,GET
14617,200,GET
14618,200,GET
14619,200,GET
14620,200,GET
14621,200,GET
14622,200,GET
14623,200,GET
14624,200,GET
14625,200,GET
14626,200,GET
14627,200,GET
14628,200,GET
14629,200,GET
14630,200,GET
14631,200,GET
14632,200,GET
14633,200,GET
14634,200,GET
14635,200,GET
14636,200,GET
14637,200,GET
14638,200,GET
14639,200,GET
14640,200,GET
14641,200,GET
14642,200,GET
14643,200,GET
14644,200,GET
14645,200,GET
14646,200,GET
14647,200,GET
14648,200,GET
14649,200,GET
14650,200,GET
14651,200,GET
14652,200,GET
14653,200,GET
14654,200,GET
14655,200,GET
14656,200,GET
14657,200,GET
14658,200,GET
14659,200,GET
14660,200,GET
14661,200,GET
14662,200,GET
14663,200,GET
14664,200,GET
14665,200,GET
14666,200,GET
14667,200,GET
14668,200,GET
14669,200,GET
14670,200,GET
14671,200,GET
14672,200,GET
14673,200,GET
14674,200,GET
14675,200,GET
14676,200,GET
14677,200,GET
14678,200,GET
14679,200,GET
14680,200,GET
14681,200,GET
14682,200,GET
14683,200,GET
14684,200,GET
14685,200,GET
14686,200,GET
14687,200,GET
14688,200,GET
14689,200,GET
14690,200,GET
14691,200,GET
14692,200,GET
14693,200,GET
14694,200,GET
14695,200,GET
14696,200,GET
14697,200,GET
14698,200,GET
14699,200,GET
14700,200,GET
14701,200,GET
14702,200,GET
14703,200,GET
14704,200,GET
14705,200,GET
14706,200,GET
14707,200,GET
14708,200,GET
14709,200,GET
14710,200,GET
14711,200,GET
14712,200,GET
14713,200,GET
14714,200,GET
14715,200,GET
14716,200,GET
14717,200,GET
14718,200,GET
14719,200,GET
14720,200,GET
14721,200,GET
14722,200,GET
14723,200,GET
14724,200,GET
14725,200,GET
14726,200,GET
14727,200,GET
14728,200,GET
14729,200,GET
14730,200,GET
14731,200,GET
14732,200,GET
14733,200,GET
14734,200,GET
14735,200,GET
14736,200,GET
14737,200,GET
14738,200,GET
14739,200,GET
14740,200,GET
14741,200,GET
14742,200,GET
14743,200,GET
14744,200,GET
14745,200,GET
14746,200,GET
14747,200,GET
14748,200,GET
14749,200,GET
14750,200,GET
14751,200,GET
14752,200,GET
14753,200,GET
14754,200,GET
14755,200,GET
14756,200,GET
14757,200,GET
14758,200,GET
14759,200,GET
14760,200,GET
14761,200,GET
14762,200,GET
14763,200,GET
14764,200,GET
14765,200,GET
14766,200,GET
14767,200,GET
14768,200,GET
14769,200,GET
14770,200,GET
14771,200,GET
14772,200,GET
14773,200,GET
14774,200,GET
14775,200,GET
14776,200,GET
14777,200,GET
14778,200,GET
14779,200,GET
14780,200,GET
14781,200,GET
14782,200,GET
14783,200,GET
14784,200,GET
14785,200,GET
14786,200,GET
14787,200,GET
14788,200,GET
14789,200,GET
14790,200,GET
14791,200,GET
14792,200,GET
14793,200,GET
14794,200,GET
14795,200,GET
14796,200,GET
14797,200,GET
14798,200,GET
14799,200,GET
14800,200,GET
14801,200,GET
14802,200,GET
14803,200,GET
14804,200,GET
14805,200,GET
14806,200,GET
14807,200,GET
14808,200,GET
14809,200,GET
14810,200,GET
14811,200,GET
14812,200,GET
14813,200,GET
14814,200,GET
14815,200,GET
14816,200,GET
14817,200,GET
14818,200,GET
14819,200,GET
14820,200,GET
14821,200,GET
14822,200,GET
14823,200,GET
14824,200,GET
14825,200,GET
14826,200,GET
14827,200,GET
14828,200,GET
14829,200,GET
14830,200,GET
14831,200,GET
14832,200,GET
14833,200,GET
14834,200,GET
14835,200,GET
14836,200,GET
14837,200,GET
14838,200,GET
14839,200,GET
14840,200,GET
14841,200,GET
14842,200,GET
14843,200,GET
14844,200,GET
14845,200,GET
14846,200,GET
14847,200,GET
14848,200,GET
14849,200,GET
14850,200,GET
14851,200,GET
14852,200,GET
14853,200,GET
14854,200,GET
14855,200,GET
14856,200,GET
14857,200,GET
14858,200,GET
14859,200,GET
14860,200,GET
14861,200,GET
14862,200,GET
14863,200,GET
14864,200,GET
14865,200,GET
14866,200,GET
14867,200,GET
14868,200,GET
14869,200,GET
14870,200,GET
14871,200,GET
14872,200,GET
14873,200,GET
14874,200,GET
14875,200,GET
14876,200,GET
14877,200,GET
14878,200,GET
14879,200,GET
14880,200,GET
14881,200,GET
14882,200,GET
14883,200,GET
14884,200,GET
14885,200,GET
14886,200,GET
14887,200,GET
14888,200,GET
14889,200,GET
14890,200,GET
14891,200,GET
14892,200,GET
14893,200,GET
14894,200,GET
14895,200,GET
14896,200,GET
14897,200,GET
14898,200,GET
14899,200,GET
14900,200,GET
14901,200,GET
14902,200,GET
14903,200,GET
14904,200,GET
14905,200,GET
14906,200,GET
14907,200,GET
14908,200,GET
14909,200,GET
14910,200,GET
14911,200,GET
14912,200,GET
14913,200,GET
14914,200,GET
14915,200,GET
14916,200,GET
14917,200,GET
14918,200,GET
14919,200,GET
14920,200,GET
14921,200,GET
14922,200,GET
14923,200,GET
14924,200,GET
14925,200,GET
14926,200,GET
14927,200,GET
14928,200,GET
14929,200,GET
14930,200,GET
14931,200,GET
14932,200,GET
14933,200,GET
14934,200,GET
14935,200,GET
14936,200,GET
14937,200,GET
14938,200,GET
14939,200,GET
14940,200,GET
14941,200,GET
14942,200,GET
14943,200,GET
14944,200,GET
14945,200,GET
14946,200,GET
14947,200,GET
14948,200,GET
14949,200,GET
14950,200,GET
14951,200,GET
14952,200,GET
14953,200,GET
14954,200,GET
14955,200,GET
14956,200,GET
14957,200,GET
14958,200,GET
14959,200,GET
14960,200,GET
14961,200,GET
14962,200,GET
14963,200,GET
14964,200,GET
14965,200,GET
14966,200,GET
14967,200,GET
14968,200,GET
14969,200,GET
14970,200,GET
14971,200,GET
14972,200,GET
14973,200,GET
14974,200,GET
14975,200,GET
14976,200,GET
14977,200,GET
14978,200,GET
14979,200,GET
14980,200,GET
14981,200,GET
14982,200,GET
14983,200,GET
14984,200,GET
14985,200,GET
14986,200,GET
14987,200,GET
14988,200,GET
14989,200,GET
14990,200,GET
14991,200,GET
14992,200,GET
14993,200,GET
14994,200,GET
14995,200,GET
14996,200,GET
14997,200,GET
14998,200,GET
14999,200,GET
15000,200,GET
15001,200,GET
15002,200,GET
15003,200,GET
15004,200,GET
15005,200,GET
15006,200,GET
15007,200,GET
15008,200,GET
15009,200,GET
15010,200,GET
15011,200,GET
15012,200,GET
15013,200,GET
15014,200,GET
15015,200,GET
15016,200,GET
15017,200,GET
15018,200,GET
15019,200,GET
15020,200,GET
15021,200,GET
15022,200,GET
15023,200,GET
15024,200,GET
15025,200,GET
15026,200,GET
15027,200,GET
15028,200,GET
15029,200,GET
15030,200,GET
15031,200,GET
15032,200,GET
15033,200,GET
15034,200,GET
15035,200,GET
15036,200,GET
15037,200,GET
15038,200,GET
15039,200,GET
15040,200,GET
15041,200,GET
15042,200,GET
15043,200,GET
15044,200,GET
15045,200,GET
15046,200,GET
15047,200,GET
15048,200,GET
15049,200,GET
15050,200,GET
15051,200,GET
15052,200,GET
15053,200,GET
15054,200,GET
15055,200,GET
15056,200,GET
15057,200,GET
15058,200,GET
15059,200,GET
15060,200,GET
15061,200,GET
15062,200,GET
15063,200,GET
15064,200,GET
15065,200,GET
15066,200,GET
15067,200,GET
15068,200,GET
15069,200,GET
15070,200,GET
15071,200,GET
15072,200,GET
15073,200,GET
15074,200,GET
15075,200,GET
15076,200,GET
15077,200,GET
15078,200,GET
15079,200,GET
15080,200,GET
15081,200,GET
15082,200,GET
15083,200,GET
15084,200,GET
15085,200,GET
15086,200,GET
15087,200,GET
15088,200,GET
15089,200,GET
15090,200,GET
15091,200,GET
15092,200,GET
15093,200,GET
15094,200,GET
15095,200,GET
15096,200,GET
15097,200,GET
15098,200,GET
15099,200,GET
15100,200,GET
15101,200,GET
15102,200,GET
15103,200,GET
15104,200,GET
15105,200,GET
15106,200,GET
15107,200,GET
15108,200,GET
15109,200,GET
15110,200,GET
15111,200,GET
15112,200,GET
15113,200,GET
15114,200,GET
15115,200,GET
15116,200,GET
15117,200,GET
15118,200,GET
15119,200,GET
15120,200,GET
15121,200,GET
15122,200,GET
15123,200,GET
15124,200,GET
15125,200,GET
15126,200,GET
15127,200,GET
15128,200,GET
15129,200,GET
15130,200,GET
15131,200,GET
15132,200,GET
15133,200,GET
15134,200,GET
15135,200,GET
15136,200,GET
15137,200,GET
15138,200,GET
15139,200,GET
15140,200,GET
15141,200,GET
15142,200,GET
15143,200,GET
15144,200,GET
15145,200,GET
15146,200,GET
15147,200,GET
15148,200,GET
15149,200,GET
15150,200,GET
15151,200,GET
15152,200,GET
15153,200,GET
15154,200,GET
15155,200,GET
15156,200,GET
15157,200,GET
15158,200,GET
15159,200,GET
15160,200,GET
15161,200,GET
15162,200,GET
15163,200,GET
15164,200,GET
15165,200,GET
15166,200,GET
15167,200,GET
15168,200,GET
15169,200,GET
15170,200,GET
15171,200,GET
15172,200,GET
15173,200,GET
15174,200,GET
15175,200,GET
15176,200,GET
15177,200,GET
15178,200,GET
15179,200,GET
15180,200,GET
15181,200,GET
15182,200,GET
15183,200,GET
15184,200,GET
15185,200,GET
15186,200,GET
15187,200,GET
15188,200,GET
15189,200,GET
15190,200,GET
15191,200,GET
15192,200,GET
15193,200,GET
15194,200,GET
15195,200,GET
15196,200,GET
15197,200,GET
15198,200,GET
15199,200,GET
15200,200,GET
15201,200,GET
15202,200,GET
15203,200,GET
15204,200,GET
15205,200,GET
15206,200,GET
15207,200,GET
15208,200,GET
15209,200,GET
15210,200,GET
15211,200,GET
15212,200,GET
15213,200,GET
15214,200,GET
15215,200,GET
15216,200,GET
15217,200,GET
15218,200,GET
15219,200,GET
15220,200,GET
15221,200,GET
15222,200,GET
15223,200,GET
15224,200,GET
15225,200,GET
15226,200,GET
15227,200,GET
15228,200,GET
15229,200,GET
15230,200,GET
15231,200,GET
15232,200,GET
15233,200,GET
15234,200,GET
15235,200,GET
15236,200,GET
15237,200,GET
15238,200,GET
15239,200,GET
15240,200,GET
15241,200,GET
15242,200,GET
15243,200,GET
15244,200,GET
15245,200,GET
15246,200,GET
15247,200,GET
15248,200,GET
15249,200,GET
15250,200,GET
15251,200,GET
15252,200,GET
15253,200,GET
15254,200,GET
15255,200,GET
15256,200,GET
15257,200,GET
15258,200,GET
15259,200,GET
15260,200,GET
15261,200,GET
15262,200,GET
15263,200,GET
15264,200,GET
15265,200,GET
15266,200,GET
15267,200,GET
15268,200,GET
15269,200,GET
15270,200,GET
15271,200,GET
15272,200,GET
15273,200,GET
15274,200,GET
15275,200,GET
15276,200,GET
15277,200,GET
15278,200,GET
15279,200,GET
15280,200,GET
15281,200,GET
15282,200,GET
15283,200,GET
15284,200,GET
15285,200,GET
15286,200,GET
15287,200,GET
15288,200,GET
15289,200,GET
15290,200,GET
15291,200,GET
15292,200,GET
15293,200,GET
15294,200,GET
15295,200,GET
15296,200,GET
15297,200,GET
15298,200,GET
15299,200,GET
15300,200,GET
15301,200,GET
15302,200,GET
15303,200,GET
15304,200,GET
15305,200,GET
15306,200,GET
15307,200,GET
15308,200,GET
15309,200,GET
15310,200,GET
15311,200,GET
15312,200,GET
15313,200,GET
15314,200,GET
15315,200,GET
15316,200,GET
15317,200,GET
15318,200,GET
15319,200,GET
15320,200,GET
15321,200,GET
15322,200,GET
15323,200,GET
15324,200,GET
15325,200,GET
15326,200,GET
15327,200,GET
15328,200,GET
15329,200,GET
15330,200,GET
15331,200,GET
15332,200,GET
15333,200,GET
15334,200,GET
15335,200,GET
15336,200,GET
15337,200,GET
15338,200,GET
15339,200,GET
15340,200,GET
15341,200,GET
15342,200,GET
15343,200,GET
15344,200,GET
15345,200,GET
15346,200,GET
15347,200,GET
15348,200,GET
15349,200,GET
15350,200,GET
15351,200,GET
15352,200,GET
15353,200,GET
15354,200,GET
15355,200,GET
15356,200,GET
15357,200,GET
15358,200,GET
15359,200,GET
15360,200,GET
15361,200,GET
15362,200,GET
15363,200,GET
15364,200,GET
15365,200,GET
15366,200,GET
15367,200,GET
15368,200,GET
15369,200,GET
15370,200,GET
15371,200,GET
15372,200,GET
15373,200,GET
15374,200,GET
15375,200,GET
15376,200,GET
15377,200,GET
15378,200,GET
15379,200,GET
15380,200,GET
15381,200,GET
15382,200,GET
15383,200,GET
15384,200,GET
15385,200,GET
15386,200,GET
15387,200,GET
15388,200,GET
15389,200,GET
15390,200,GET
15391,200,GET
15392,200,GET
15393,200,GET
15394,200,GET
15395,200,GET
15396,200,GET
15397,200,GET
15398,200,GET
15399,200,GET
15400,200,GET
15401,200,GET
15402,200,GET
15403,200,GET
15404,200,GET
15405,200,GET
15406,200,GET
15407,200,GET
15408,200,GET
15409,200,GET
15410,200,GET
15411,200,GET
15412,200,GET
15413,200,GET
15414,200,GET
15415,200,GET
15416,200,GET
15417,200,GET
15418,200,GET
15419,200,GET
15420,200,GET
15421,200,GET
15422,200,GET
15423,200,GET
15424,200,GET
15425,200,GET
15426,200,GET
15427,200,GET
15428,200,GET
15429,200,GET
15430,200,GET
15431,200,GET
15432,200,GET
15433,200,GET
15434,200,GET
15435,200,GET
15436,200,GET
15437,200,GET
15438,200,GET
15439,200,GET
15440,200,GET
15441,200,GET
15442,200,GET
15443,200,GET
15444,200,GET
15445,200,GET
15446,200,GET
15447,200,GET
15448,200,GET
15449,200,GET
15450,200,GET
15451,200,GET
15452,200,GET
15453,200,GET
15454,200,GET
15455,200,GET
15456,200,GET
15457,200,GET
15458,200,GET
15459,200,GET
15460,200,GET
15461,200,GET
15462,200,GET
15463,200,GET
15464,200,GET
15465,200,GET
15466,200,GET
15467,200,GET
15468,200,GET
15469,200,GET
15470,200,GET
15471,200,GET
15472,200,GET
15473,200,GET
15474,200,GET
15475,200,GET
15476,200,GET
15477,200,GET
15478,200,GET
15479,200,GET
15480,200,GET
15481,200,GET
15482,200,GET
15483,200,GET
15484,200,GET
15485,200,GET
15486,200,GET
15487,200,GET
15488,200,GET
15489,200,GET
15490,200,GET
15491,200,GET
15492,200,GET
15493,200,GET
15494,200,GET
15495,200,GET
15496,200,GET
15497,200,GET
15498,200,GET
15499,200,GET
15500,200,GET
15501,200,GET
15502,200,GET
15503,200,GET
15504,200,GET
15505,200,GET
15506,200,GET
15507,200,GET
15508,200,GET
15509,200,GET
15510,200,GET
15511,200,GET
15512,200,GET
15513,200,GET
15514,200,GET
15515,200,GET
15516,200,GET
15517,200,GET
15518,200,GET
15519,200,GET
15520,200,GET
15521,200,GET
15522,200,GET
15523,200,GET
15524,200,GET
15525,200,GET
15526,200,GET
15527,200,GET
15528,200,GET
15529,200,GET
15530,200,GET
15531,200,GET
15532,200,GET
15533,200,GET
15534,200,GET
15535,200,GET
15536,200,GET
15537,200,GET
15538,200,GET
15539,200,GET
15540,200,GET
15541,200,GET
15542,200,GET
15543,200,GET
15544,200,GET
15545,200,GET
15546,200,GET
15547,200,GET
15548,200,GET
15549,200,GET
15550,200,GET
15551,200,GET
15552,200,GET
15553,200,GET
15554,200,GET
15555,200,GET
15556,200,GET
15557,200,GET
15558,200,GET
15559,200,GET
15560,200,GET
15561,200,GET
15562,200,GET
15563,200,GET
15564,200,GET
15565,200,GET
15566,200,GET
15567,200,GET
15568,200,GET
15569,200,GET
15570,200,GET
15571,200,GET
15572,200,GET
15573,200,GET
15574,200,GET
15575,200,GET
15576,200,GET
15577,200,GET
15578,200,GET
15579,200,GET
15580,200,GET
15581,200,GET
15582,200,GET
15583,200,GET
15584,200,GET
15585,200,GET
15586,200,GET
15587,200,GET
15588,200,GET
15589,200,GET
15590,200,GET
15591,200,GET
15592,200,GET
15593,200,GET
15594,200,GET
15595,200,GET
15596,200,GET
15597,200,GET
15598,200,GET
15599,200,GET
15600,200,GET
15601,200,GET
15602,200,GET
15603,200,GET
15604,200,GET
15605,200,GET
15606,200,GET
15607,200,GET
15608,200,GET
15609,200,GET
15610,200,GET
15611,200,GET
15612,200,GET
15613,200,GET
15614,200,GET
15615,200,GET
15616,200,GET
15617,200,GET
15618,200,GET
15619,200,GET
15620,200,GET
15621,200,GET
15622,200,GET
15623,200,GET
15624,200,GET
15625,200,GET
15626,200,GET
15627,200,GET
15628,200,GET
15629,200,GET
15630,200,GET
15631,200,GET
15632,200,GET
15633,200,GET
15634,200,GET
15635,200,GET
15636,200,GET
15637,200,GET
15638,200,GET
15639,200,GET
15640,200,GET
15641,200,GET
15642,200,GET
15643,200,GET
15644,200,GET
15645,200,GET
15646,200,GET
15647,200,GET
15648,200,GET
15649,200,GET
15650,200,GET
15651,200,GET
15652,200,GET
15653,200,GET
15654,200,GET
15655,200,GET
15656,200,GET
15657,200,GET
15658,200,GET
15659,200,GET
15660,200,GET
15661,200,GET
15662,200,GET
15663,200,GET
15664,200,GET
15665,200,GET
15666,200,GET
15667,200,GET
15668,200,GET
15669,200,GET
15670,200,GET
15671,200,GET
15672,200,GET
15673,200,GET
15674,200,GET
15675,200,GET
15676,200,GET
15677,200,GET
15678,200,GET
15679,200,GET
15680,200,GET
15681,200,GET
15682,200,GET
15683,200,GET
15684,200,GET
15685,200,GET
15686,200,GET
15687,200,GET
15688,200,GET
15689,200,GET
15690,200,GET
15691,200,GET
15692,200,GET
15693,200,GET
15694,200,GET
15695,200,GET
15696,200,GET
15697,200,GET
15698,200,GET
15699,200,GET
15700,200,GET
15701,200,GET
15702,200,GET
15703,200,GET
15704,200,GET
15705,200,GET
15706,200,GET
15707,200,GET
15708,200,GET
15709,200,GET
15710,200,GET
15711,200,GET
15712,200,GET
15713,200,GET
15714,200,GET
15715,200,GET
15716,200,GET
15717,200,GET
15718,200,GET
15719,200,GET
15720,200,GET
15721,200,GET
15722,200,GET
15723,200,GET
15724,200,GET
15725,200,GET
15726,200,GET
15727,200,GET
15728,200,GET
15729,200,GET
15730,200,GET
15731,200,GET
15732,200,GET
15733,200,GET
15734,200,GET
15735,200,GET
15736,200,GET
15737,200,GET
15738,200,GET
15739,200,GET
15740,200,GET
15741,200,GET
15742,200,GET
15743,200,GET
15744,200,GET
15745,200,GET
15746,200,GET
15747,200,GET
15748,200,GET
15749,200,GET
15750,200,GET
15751,200,GET
15752,200,GET
15753,200,GET
15754,200,GET
15755,200,GET
15756,200,GET
15757,200,GET
15758,200,GET
15759,200,GET
15760,200,GET
15761,200,GET
15762,200,GET
15763,200,GET
15764,200,GET
15765,200,GET
15766,200,GET
15767,200,GET
15768,200,GET
15769,200,GET
15770,200,GET
15771,200,GET
15772,200,GET
15773,200,GET
15774,200,GET
15775,200,GET
15776,200,GET
15777,200,GET
15778,200,GET
15779,200,GET
15780,200,GET
15781,200,GET
15782,200,GET
15783,200,GET
15784,200,GET
15785,200,GET
15786,200,GET
15787,200,GET
15788,200,GET
15789,200,GET
15790,200,GET
15791,200,GET
15792,200,GET
15793,200,GET
15794,200,GET
15795,200,GET
15796,200,GET
15797,200,GET
15798,200,GET
15799,200,GET
15800,200,GET
15801,200,GET
15802,200,GET
15803,200,GET
15804,200,GET
15805,200,GET
15806,200,GET
15807,200,GET
15808,200,GET
15809,200,GET
15810,200,GET
15811,200,GET
15812,200,GET
15813,200,GET
15814,200,GET
15815,200,GET
15816,200,GET
15817,200,GET
15818,200,GET
15819,200,GET
15820,200,GET
15821,200,GET
15822,200,GET
15823,200,GET
15824,200,GET
15825,200,GET
15826,200,GET
15827,200,GET
15828,200,GET
15829,200,GET
15830,200,GET
15831,200,GET
15832,200,GET
15833,200,GET
15834,200,GET
15835,200,GET
15836,200,GET
15837,200,GET
15838,200,GET
15839,200,GET
15840,200,GET
15841,200,GET
15842,200,GET
15843,200,GET
15844,200,GET
15845,200,GET
15846,200,GET
15847,200,GET
15848,200,GET
15849,200,GET
15850,200,GET
15851,200,GET
15852,200,GET
15853,200,GET
15854,200,GET
15855,200,GET
15856,200,GET
15857,200,GET
15858,200,GET
15859,200,GET
15860,200,GET
15861,200,GET
15862,200,GET
15863,200,GET
15864,200,GET
15865,200,GET
15866,200,GET
15867,200,GET
15868,200,GET
15869,200,GET
15870,200,GET
15871,200,GET
15872,200,GET
15873,200,GET
15874,200,GET
15875,200,GET
15876,200,GET
15877,200,GET
15878,200,GET
15879,200,GET
15880,200,GET
15881,200,GET
15882,200,GET
15883,200,GET
15884,200,GET
15885,200,GET
15886,200,GET
15887,200,GET
15888,200,GET
15889,200,GET
15890,200,GET
15891,200,GET
15892,200,GET
15893,200,GET
15894,200,GET
15895,200,GET
15896,200,GET
15897,200,GET
15898,200,GET
15899,200,GET
15900,200,GET
15901,200,GET
15902,200,GET
15903,200,GET
15904,200,GET
15905,200,GET
15906,200,GET
15907,200,GET
15908,200,GET
15909,200,GET
15910,200,GET
15911,200,GET
15912,200,GET
15913,200,GET
15914,200,GET
15915,200,GET
15916,200,GET
15917,200,GET
15918,200,GET
15919,200,GET
15920,200,GET
15921,200,GET
15922,200,GET
15923,200,GET
15924,200,GET
15925,200,GET
15926,200,GET
15927,200,GET
15928,200,GET
15929,200,GET
15930,200,GET
15931,200,GET
15932,200,GET
15933,200,GET
15934,200,GET
15935,200,GET
15936,200,GET
15937,200,GET
15938,200,GET
15939,200,GET
15940,200,GET
15941,200,GET
15942,200,GET
15943,200,GET
15944,200,GET
15945,200,GET
15946,200,GET
15947,200,GET
15948,200,GET
15949,200,GET
15950,200,GET
15951,200,GET
15952,200,GET
15953,200,GET
15954,200,GET
15955,200,GET
15956,200,GET
15957,200,GET
15958,200,GET
15959,200,GET
15960,200,GET
15961,200,GET
15962,200,GET
15963,200,GET
15964,200,GET
15965,200,GET
15966,200,GET
15967,200,GET
15968,200,GET
15969,200,GET
15970,200,GET
15971,200,GET
15972,200,GET
15973,200,GET
15974,200,GET
15975,200,GET
15976,200,GET
15977,200,GET
15978,200,GET
15979,200,GET
15980,200,GET
15981,200,GET
15982,200,GET
15983,200,GET
15984,200,GET
15985,200,GET
15986,200,GET
15987,200,GET
15988,200,GET
15989,200,GET
15990,200,GET
15991,200,GET
15992,200,GET
15993,200,GET
15994,200,GET
15995,200,GET
15996,200,GET
15997,200,GET
15998,200,GET
15999,200,GET
16000,200,GET
16001,200,GET
16002,200,GET
16003,200,GET
16004,200,GET
16005,200,GET
16006,200,GET
16007,200,GET
16008,200,GET
16009,200,GET
16010,200,GET
16011,200,GET
16012,200,GET
16013,200,GET
16014,200,GET
16015,200,GET
16016,200,GET
16017,200,GET
16018,200,GET
16019,200,GET
16020,200,GET
16021,200,GET
16022,200,GET
16023,200,GET
16024,200,GET
16025,200,GET
16026,200,GET
16027,200,GET
16028,200,GET
16029,200,GET
16030,200,GET
16031,200,GET
16032,200,GET
16033,200,GET
16034,200,GET
16035,200,GET
16036,200,GET
16037,200,GET
16038,200,GET
16039,200,GET
16040,200,GET
16041,200,GET
16042,200,GET
16043,200,GET
16044,200,GET
16045,200,GET
16046,200,GET
16047,200,GET
16048,200,GET
16049,200,GET
16050,200,GET
16051,200,GET
16052,200,GET
16053,200,GET
16054,200,GET
16055,200,GET
16056,200,GET
16057,200,GET
16058,200,GET
16059,200,GET
16060,200,GET
16061,200,GET
16062,200,GET
16063,200,GET
16064,200,GET
16065,200,GET
16066,200,GET
16067,200,GET
16068,200,GET
16069,200,GET
16070,200,GET
16071,200,GET
16072,200,GET
16073,200,GET
16074,200,GET
16075,200,GET
16076,200,GET
16077,200,GET
16078,200,GET
16079,200,GET
16080,200,GET
16081,200,GET
16082,200,GET
16083,200,GET
16084,200,GET
16085,200,GET
16086,200,GET
16087,200,GET
16088,200,GET
16089,200,GET
16090,200,GET
16091,200,GET
16092,200,GET
16093,200,GET
16094,200,GET
16095,200,GET
16096,200,GET
16097,200,GET
16098,200,GET
16099,200,GET
16100,200,GET
16101,200,GET
16102,200,GET
16103,200,GET
16104,200,GET
16105,200,GET
16106,200,GET
16107,200,GET
16108,200,GET
16109,200,GET
16110,200,GET
16111,200,GET
16112,200,GET
16113,200,GET
16114,200,GET
16115,200,GET
16116,200,GET
16117,200,GET
16118,200,GET
16119,200,GET
16120,200,GET
16121,200,GET
16122,200,GET
16123,200,GET
16124,200,GET
16125,200,GET
16126,200,GET
16127,200,GET
16128,200,GET
16129,200,GET
16130,200,GET
16131,200,GET
16132,200,GET
16133,200,GET
16134,200,GET
16135,200,GET
16136,200,GET
16137,200,GET
16138,200,GET
16139,200,GET
16140,200,GET
16141,200,GET
16142,200,GET
16143,200,GET
16144,200,GET
16145,200,GET
16146,200,GET
16147,200,GET
16148,200,GET
16149,200,GET
16150,200,GET
16151,200,GET
16152,200,GET
16153,200,GET
16154,200,GET
16155,200,GET
16156,200,GET
16157,200,GET
16158,200,GET
16159,200,GET
16160,200,GET
16161,200,GET
16162,200,GET
16163,200,GET
16164,200,GET
16165,200,GET
16166,200,GET
16167,200,GET
16168,200,GET
16169,200,GET
16170,200,GET
16171,200,GET
16172,200,GET
16173,200,GET
16174,200,GET
16175,200,GET
16176,200,GET
16177,200,GET
16178,200,GET
16179,200,GET
16180,200,GET
16181,200,GET
16182,200,GET
16183,200,GET
16184,200,GET
16185,200,GET
16186,200,GET
16187,200,GET
16188,200,GET
16189,200,GET
16190,200,GET
16191,200,GET
16192,200,GET
16193,200,GET
16194,200,GET
16195,200,GET
16196,200,GET
16197,200,GET
16198,200,GET
16199,200,GET
16200,200,GET
16201,200,GET
16202,200,GET
16203,200,GET
16204,200,GET
16205,200,GET
16206,200,GET
16207,200,GET
16208,200,GET
16209,200,GET
16210,200,GET
16211,200,GET
16212,200,GET
16213,200,GET
16214,200,GET
16215,200,GET
16216,200,GET
16217,200,GET
16218,200,GET
16219,200,GET
16220,200,GET
16221,200,GET
16222,200,GET
16223,200,GET
16224,200,GET
16225,200,GET
16226,200,GET
16227,200,GET
16228,200,GET
16229,200,GET
16230,200,GET
16231,200,GET
16232,200,GET
16233,200,GET
16234,200,GET
16235,200,GET
16236,200,GET
16237,200,GET
16238,200,GET
16239,200,GET
16240,200,GET
16241,200,GET
16242,200,GET
16243,200,GET
16244,200,GET
16245,200,GET
16246,200,GET
16247,200,GET
16248,200,GET
16249,200,GET
16250,200,GET
16251,200,GET
16252,200,GET
16253,200,GET
16254,200,GET
16255,200,GET
16256,200,GET
16257,200,GET
16258,200,GET
16259,200,GET
16260,200,GET
16261,200,GET
16262,200,GET
16263,200,GET
16264,200,GET
16265,200,GET
16266,200,GET
16267,200,GET
16268,200,GET
16269,200,GET
16270,200,GET
16271,200,GET
16272,200,GET
16273,200,GET
16274,200,GET
16275,200,GET
16276,200,GET
16277,200,GET
16278,200,GET
16279,200,GET
16280,200,GET
16281,200,GET
16282,200,GET
16283,200,GET
16284,200,GET
16285,200,GET
16286,200,GET
16287,200,GET
16288,200,GET
16289,200,GET
16290,200,GET
16291,200,GET
16292,200,GET
16293,200,GET
16294,200,GET
16295,200,GET
16296,200,GET
16297,200,GET
16298,200,GET
16299,200,GET
16300,200,GET
16301,200,GET
16302,200,GET
16303,200,GET
16304,200,GET
16305,200,GET
16306,200,GET
16307,200,GET
16308,200,GET
16309,200,GET
16310,200,GET
16311,200,GET
16312,200,GET
16313,200,GET
16314,200,GET
16315,200,GET
16316,200,GET
16317,200,GET
16318,200,GET
16319,200,GET
16320,200,GET
16321,200,GET
16322,200,GET
16323,200,GET
16324,200,GET
16325,200,GET
16326,200,GET
16327,200,GET
16328,200,GET
16329,200,GET
16330,200,GET
16331,200,GET
16332,200,GET
16333,200,GET
16334,200,GET
16335,200,GET
16336,200,GET
16337,200,GET
16338,200,GET
16339,200,GET
16340,200,GET
16341,200,GET
16342,200,GET
16343,200,GET
16344,200,GET
16345,200,GET
16346,200,GET
16347,200,GET
16348,200,GET
16349,200,GET
16350,200,GET
16351,200,GET
16352,200,GET
16353,200,GET
16354,200,GET
16355,200,GET
16356,200,GET
16357,200,GET
16358,200,GET
16359,200,GET
16360,200,GET
16361,200,GET
16362,200,GET
16363,200,GET
16364,200,GET
16365,200,GET
16366,200,GET
16367,200,GET
16368,200,GET
16369,200,GET
16370,200,GET
16371,200,GET
16372,200,GET
16373,200,GET
16374,200,GET
16375,200,GET
16376,200,GET
16377,200,GET
16378,200,GET
16379,200,GET
16380,200,GET
16381,200,GET
16382,200,GET
16383,200,GET
16384,200,GET
16385,200,GET
16386,200,GET
16387,200,GET
16388,200,GET
16389,200,GET
16390,200,GET
16391,200,GET
16392,200,GET
16393,200,GET
16394,200,GET
16395,200,GET
16396,200,GET
16397,200,GET
16398,200,GET
16399,200,GET
16400,200,GET
16401,200,GET
16402,200,GET
16403,200,GET
16404,200,GET
16405,200,GET
16406,200,GET
16407,200,GET
16408,200,GET
16409,200,GET
16410,200,GET
16411,200,GET
16412,200,GET
16413,200,GET
16414,200,GET
16415,200,GET
16416,200,GET
16417,200,GET
16418,200,GET
16419,200,GET
16420,200,GET
16421,200,GET
16422,200,GET
16423,200,GET
16424,200,GET
16425,200,GET
16426,200,GET
16427,200,GET
16428,200,GET
16429,200,GET
16430,200,GET
16431,200,GET
16432,200,GET
16433,200,GET
16434,200,GET
16435,200,GET
16436,200,GET
16437,200,GET
16438,200,GET
16439,200,GET
16440,200,GET
16441,200,GET
16442,200,GET
16443,200,GET
16444,200,GET
16445,200,GET
16446,200,GET
16447,200,GET
16448,200,GET
16449,200,GET
16450,200,GET
16451,200,GET
16452,200,GET
16453,200,GET
16454,200,GET
16455,200,GET
16456,200,GET
16457,200,GET
16458,200,GET
16459,200,GET
16460,200,GET
16461,200,GET
16462,200,GET
16463,200,GET
16464,200,GET
16465,200,GET
16466,200,GET
16467,200,GET
16468,200,GET
16469,200,GET
16470,200,GET
16471,200,GET
16472,200,GET
16473,200,GET
16474,200,GET
16475,200,GET
16476,200,GET
16477,200,GET
16478,200,GET
16479,200,GET
16480,200,GET
16481,200,GET
16482,200,GET
16483,200,GET
16484,200,GET
16485,200,GET
16486,200,GET
16487,200,GET
16488,200,GET
16489,200,GET
16490,200,GET
16491,200,GET
16492,200,GET
16493,200,GET
16494,200,GET
16495,200,GET
16496,200,GET
16497,200,GET
16498,200,GET
16499,200,GET
16500,200,GET
16501,200,GET
16502,200,GET
16503,200,GET
16504,200,GET
16505,200,GET
16506,200,GET
16507,200,GET
16508,200,GET
16509,200,GET
16510,200,GET
16511,200,GET
16512,200,GET
16513,200,GET
16514,200,GET
16515,200,GET
16516,200,GET
16517,200,GET
16518,200,GET
16519,200,GET
16520,200,GET
16521,200,GET
16522,200,GET
16523,200,GET
16524,200,GET
16525,200,GET
16526,200,GET
16527,200,GET
16528,200,GET
16529,200,GET
16530,200,GET
16531,200,GET
16532,200,GET
16533,200,GET
16534,200,GET
16535,200,GET
16536,200,GET
16537,200,GET
16538,200,GET
16539,200,GET
16540,200,GET
16541,200,GET
16542,200,GET
16543,200,GET
16544,200,GET
16545,200,GET
16546,200,GET
16547,200,GET
16548,200,GET
16549,200,GET
16550,200,GET
16551,200,GET
16552,200,GET
16553,200,GET
16554,200,GET
16555,200,GET
16556,200,GET
16557,200,GET
16558,200,GET
16559,200,GET
16560,200,GET
16561,200,GET
16562,200,GET
16563,200,GET
16564,200,GET
16565,200,GET
16566,200,GET
16567,200,GET
16568,200,GET
16569,200,GET
16570,200,GET
16571,200,GET
16572,200,GET
16573,200,GET
16574,200,GET
16575,200,GET
16576,200,GET
16577,200,GET
16578,200,GET
16579,200,GET
16580,200,GET
16581,200,GET
16582,200,GET
16583,200,GET
16584,200,GET
16585,200,GET
16586,200,GET
16587,200,GET
16588,200,GET
16589,200,GET
16590,200,GET
16591,200,GET
16592,200,GET
16593,200,GET
16594,200,GET
16595,200,GET
16596,200,GET
16597,200,GET
16598,200,GET
16599,200,GET
16600,200,GET
16601,200,GET
16602,200,GET
16603,200,GET
16604,200,GET
16605,200,GET
16606,200,GET
16607,200,GET
16608,200,GET
16609,200,GET
16610,200,GET
16611,200,GET
16612,200,GET
16613,200,GET
16614,200,GET
16615,200,GET
16616,200,GET
16617,200,GET
16618,200,GET
16619,200,GET
16620,200,GET
16621,200,GET
16622,200,GET
16623,200,GET
16624,200,GET
16625,200,GET
16626,200,GET
16627,200,GET
16628,200,GET
16629,200,GET
16630,200,GET
16631,200,GET
16632,200,GET
16633,200,GET
16634,200,GET
16635,200,GET
16636,200,GET
16637,200,GET
16638,200,GET
16639,200,GET
16640,200,GET
16641,200,GET
16642,200,GET
16643,200,GET
16644,200,GET
16645,200,GET
16646,200,GET
16647,200,GET
16648,200,GET
16649,200,GET
16650,200,GET
16651,200,GET
16652,200,GET
16653,200,GET
16654,200,GET
16655,200,GET
16656,200,GET
16657,200,GET
16658,200,GET
16659,200,GET
16660,200,GET
16661,200,GET
16662,200,GET
16663,200,GET
16664,200,GET
16665,200,GET
16666,200,GET
16667,200,GET
16668,200,GET
16669,200,GET
16670,200,GET
16671,200,GET
16672,200,GET
16673,200,GET
16674,200,GET
16675,200,GET
16676,200,GET
16677,200,GET
16678,200,GET
16679,200,GET
16680,200,GET
16681,200,GET
16682,200,GET
16683,200,GET
16684,200,GET
16685,200,GET
16686,200,GET
16687,200,GET
16688,200,GET
16689,200,GET
16690,200,GET
16691,200,GET
16692,200,GET
16693,200,GET
16694,200,GET
16695,200,GET
16696,200,GET
16697,200,GET
16698,200,GET
16699,200,GET
16700,200,GET
16701,200,GET
16702,200,GET
16703,200,GET
16704,200,GET
16705,200,GET
16706,200,GET
16707,200,GET
16708,200,GET
16709,200,GET
16710,200,GET
16711,200,GET
16712,200,GET
16713,200,GET
16714,200,GET
16715,200,GET
16716,200,GET
16717,200,GET
16718,200,GET
16719,200,GET
16720,200,GET
16721,200,GET
16722,200,GET
16723,200,GET
16724,200,GET
16725,200,GET
16726,200,GET
16727,200,GET
16728,200,GET
16729,200,GET
16730,200,GET
16731,200,GET
16732,200,GET
16733,200,GET
16734,200,GET
16735,200,GET
16736,200,GET
16737,200,GET
16738,200,GET
16739,200,GET
16740,200,GET
16741,200,GET
16742,200,GET
16743,200,GET
16744,200,GET
16745,200,GET
16746,200,GET
16747,200,GET
16748,200,GET
16749,200,GET
16750,200,GET
16751,200,GET
16752,200,GET
16753,200,GET
16754,200,GET
16755,200,GET
16756,200,GET
16757,200,GET
16758,200,GET
16759,200,GET
16760,200,GET
16761,200,GET
16762,200,GET
16763,200,GET
16764,200,GET
16765,200,GET
16766,200,GET
16767,200,GET
16768,200,GET
16769,200,GET
16770,200,GET
16771,200,GET
16772,200,GET
16773,200,GET
16774,200,GET
16775,200,GET
16776,200,GET
16777,200,GET
16778,200,GET
16779,200,GET
16780,200,GET
16781,200,GET
16782,200,GET
16783,200,GET
16784,200,GET
16785,200,GET
16786,200,GET
16787,200,GET
16788,200,GET
16789,200,GET
16790,200,GET
16791,200,GET
16792,200,GET
16793,200,GET
16794,200,GET
16795,200,GET
16796,200,GET
16797,200,GET
16798,200,GET
16799,200,GET
16800,200,GET
16801,200,GET
16802,200,GET
16803,200,GET
16804,200,GET
16805,200,GET
16806,200,GET
16807,200,GET
16808,200,GET
16809,200,GET
16810,200,GET
16811,200,GET
16812,200,GET
16813,200,GET
16814,200,GET
16815,200,GET
16816,200,GET
16817,200,GET
16818,200,GET
16819,200,GET
16820,200,GET
16821,200,GET
16822,200,GET
16823,200,GET
16824,200,GET
16825,200,GET
16826,200,GET
16827,200,GET
16828,200,GET
16829,200,GET
16830,200,GET
16831,200,GET
16832,200,GET
16833,200,GET
16834,200,GET
16835,200,GET
16836,200,GET
16837,200,GET
16838,200,GET
16839,200,GET
16840,200,GET
16841,200,GET
16842,200,GET
16843,200,GET
16844,200,GET
16845,200,GET
16846,200,GET
16847,200,GET
16848,200,GET
16849,200,GET
16850,200,GET
16851,200,GET
16852,200,GET
16853,200,GET
16854,200,GET
16855,200,GET
16856,200,GET
16857,200,GET
16858,200,GET
16859,200,GET
16860,200,GET
16861,200,GET
16862,200,GET
16863,200,GET
16864,200,GET
16865,200,GET
16866,200,GET
16867,200,GET
16868,200,GET
16869,200,GET
16870,200,GET
16871,200,GET
16872,200,GET
16873,200,GET
16874,200,GET
16875,200,GET
16876,200,GET
16877,200,GET
16878,200,GET
16879,200,GET
16880,200,GET
16881,200,GET
16882,200,GET
16883,200,GET
16884,200,GET
16885,200,GET
16886,200,GET
16887,200,GET
16888,200,GET
16889,200,GET
16890,200,GET
16891,200,GET
16892,200,GET
16893,200,GET
16894,200,GET
16895,200,GET
16896,200,GET
16897,200,GET
16898,200,GET
16899,200,GET
16900,200,GET
16901,200,GET
16902,200,GET
16903,200,GET
16904,200,GET
16905,200,GET
16906,200,GET
16907,200,GET
16908,200,GET
16909,200,GET
16910,200,GET
16911,200,GET
16912,200,GET
16913,200,GET
16914,200,GET
16915,200,GET
16916,200,GET
16917,200,GET
16918,200,GET
16919,200,GET
16920,200,GET
16921,200,GET
16922,200,GET
16923,200,GET
16924,200,GET
16925,200,GET
16926,200,GET
16927,200,GET
16928,200,GET
16929,200,GET
16930,200,GET
16931,200,GET
16932,200,GET
16933,200,GET
16934,200,GET
16935,200,GET
16936,200,GET
16937,200,GET
16938,200,GET
16939,200,GET
16940,200,GET
16941,200,GET
16942,200,GET
16943,200,GET
16944,200,GET
16945,200,GET
16946,200,GET
16947,200,GET
16948,200,GET
16949,200,GET
16950,200,GET
16951,200,GET
16952,200,GET
16953,200,GET
16954,200,GET
16955,200,GET
16956,200,GET
16957,200,GET
16958,200,GET
16959,200,GET
16960,200,GET
16961,200,GET
16962,200,GET
16963,200,GET
16964,200,GET
16965,200,GET
16966,200,GET
16967,200,GET
16968,200,GET
16969,200,GET
16970,200,GET
16971,200,GET
16972,200,GET
16973,200,GET
16974,200,GET
16975,200,GET
16976,200,GET
16977,200,GET
16978,200,GET
16979,200,GET
16980,200,GET
16981,200,GET
16982,200,GET
16983,200,GET
16984,200,GET
16985,200,GET
16986,200,GET
16987,200,GET
16988,200,GET
16989,200,GET
16990,200,GET
16991,200,GET
16992,200,GET
16993,200,GET
16994,200,GET
16995,200,GET
16996,200,GET
16997,200,GET
16998,200,GET
16999,200,GET
17000,200,GET
17001,200,GET
17002,200,GET
17003,200,GET
17004,200,GET
17005,200,GET
17006,200,GET
17007,200,GET
17008,200,GET
17009,200,GET
17010,200,GET
17011,200,GET
17012,200,GET
17013,200,GET
17014,200,GET
17015,200,GET
17016,200,GET
17017,200,GET
17018,200,GET
17019,200,GET
17020,200,GET
17021,200,GET
17022,200,GET
17023,200,GET
17024,200,GET
17025,200,GET
17026,200,GET
17027,200,GET
17028,200,GET
17029,200,GET
17030,200,GET
17031,200,GET
17032,200,GET
17033,200,GET
17034,200,GET
17035,200,GET
17036,200,GET
17037,200,GET
17038,200,GET
17039,200,GET
17040,200,GET
17041,200,GET
17042,200,GET
17043,200,GET
17044,200,GET
17045,200,GET
17046,200,GET
17047,200,GET
17048,200,GET
17049,200,GET
17050,200,GET
17051,200,GET
17052,200,GET
17053,200,GET
17054,200,GET
17055,200,GET
17056,200,GET
17057,200,GET
17058,200,GET
17059,200,GET
17060,200,GET
17061,200,GET
17062,200,GET
17063,200,GET
17064,200,GET
17065,200,GET
