idx,status,is_error
0,200,false
1,200,false
2,200,false
3,200,false
4,200,false
5,200,false
6,200,false
7,200,false
8,200,false
9,200,false
10,200,false
11,200,false
12,200,false
13,200,false
14,200,false
15,200,false
16,200,false
17,200,false
18,200,false
19,200,false
20,200,false
21,200,false
22,200,false
23,200,false
24,200,false
25,200,false
26,200,false
27,200,false
28,200,false
29,200,false
30,200,false
31,200,false
32,200,false
33,200,false
34,200,false
35,200,false
36,200,false
37,200,false
38,200,false
39,200,false
40,200,false
41,200,false
42,200,false
43,200,false
44,200,false
45,200,false
46,200,false
47,200,false
48,200,false
49,200,false
50,200,false
51,200,false
52,200,false
53,200,false
54,200,false
55,200,false
56,200,false
57,200,false
58,200,false
59,200,false
60,200,false
61,200,false
62,200,false
63,200,false
64,200,false
65,200,false
66,200,false
67,200,false
68,200,false
69,200,false
70,200,false
71,200,false
72,200,false
73,200,false
74,200,false
75,200,false
76,200,false
77,200,false
78,200,false
79,200,false
80,200,false
81,200,false
82,200,false
83,200,false
84,200,false
85,200,false
86,200,false
87,200,false
88,200,false
89,200,false
90,200,false
91,200,false
92,200,false
93,200,false
94,200,false
95,200,false
96,200,false
97,200,false
98,200,false
99,200,false
100,200,false
101,200,false
102,200,false
103,200,false
104,200,false
105,200,false
106,200,false
107,200,false
108,200,false
109,200,false
110,200,false
111,200,false
112,200,false
113,200,false
114,200,false
115,200,false
116,200,false
117,200,false
118,200,false
119,200,false
120,200,false
121,200,false
122,200,false
123,200,false
124,200,false
125,200,false
126,200,false
127,200,false
128,200,false
129,200,false
130,200,false
131,200,false
132,200,false
133,200,false
134,200,false
135,200,false
136,200,false
137,200,false
138,200,false
139,200,false
140,200,false
141,200,false
142,200,false
143,200,false
144,200,false
145,200,false
146,200,false
147,200,false
148,200,false
149,200,false
150,200,false
151,200,false
152,200,false
153,200,false
154,200,false
155,200,false
156,200,false
157,200,false
158,200,false
159,200,false
160,200,false
161,200,false
162,200,false
163,200,false
164,200,false
165,200,false
166,200,false
167,200,false
168,200,false
169,200,false
170,200,false
171,200,false
172,200,false
173,200,false
174,200,false
175,200,false
176,200,false
177,200,false
178,200,false
179,200,false
180,200,false
181,200,false
182,200,false
183,200,false
184,200,false
185,200,false
186,200,false
187,200,false
188,200,false
189,200,false
190,200,false
191,200,false
192,200,false
193,200,false
194,200,false
195,200,false
196,200,false
197,200,false
198,200,false
199,200,false
200,200,false
201,200,false
202,200,false
203,200,false
204,200,false
205,200,false
206,200,false
207,200,false
208,200,false
209,200,false
210,200,false
211,200,false
212,200,false
213,200,false
214,200,false
215,200,false
216,200,false
217,200,false
218,200,false
219,500,true
220,500,true
221,500,true
222,500,true
223,500,true
224,500,true
225,500,true
226,500,true
227,500,true
228,500,true
229,500,true
230,500,true
231,500,true
232,500,true
233,500,true
234,500,true
235,500,true
236,500,true
237,500,true
238,500,true
239,500,true
240,500,true
241,500,true
242,500,true
243,500,true
244,500,true
245,500,true
246,500,true
247,500,true
248,500,true
249,500,true
250,500,true
251,500,true
252,500,true
253,500,true
254,500,true
255,500,true
256,500,true
257,500,true
258,500,true
259,500,true
260,500,true
261,500,true
262,500,true
263,500,true
264,500,true
265,500,true
266,500,true
267,500,true
268,500,true
269,500,true
270,500,true
271,500,true
272,500,true
273,500,true
274,500,true
275,500,true
276,500,true
277,500,true
278,500,true
279,500,true
280,500,true
281,500,true
282,500,true
283,500,true
284,500,true
285,500,true
286,500,true
287,500,true
288,500,true
289,500,true
290,500,true
291,500,true
292,404,true
293,404,true
294,404,true
295,404,true
296,404,true
297,404,true
298,404,true
299,404,true
300,404,true
301,404,true
302,404,true
303,404,true
304,404,true
305,404,true
306,404,true
307,404,true
308,404,true
309,404,true
310,404,true
311,404,true
312,404,true
313,404,true
314,404,true
315,404,true
316,404,true
317,404,true
318,404,true
319,404,true
320,404,true
321,404,true
322,404,true
323,404,true
324,404,true
325,404,true
326,404,true
327,404,true
328,404,true
329,404,true
330,404,true
331,404,true
332,404,true
333,404,true
334,404,true
335,404,true
336,404,true
337,404,true
338,404,true
339,404,true
340,404,true
341,404,true
342,404,true
343,404,true
344,404,true
345,404,true
346,404,true
347,404,true
348,404,true
349,404,true
350,404,true
351,404,true
352,404,true
353,404,true
354,404,true
355,404,true
356,404,true
357,404,true
358,404,true
359,404,true
360,404,true
361,404,true
362,404,true
363,404,true
364,404,true
365,200,false
366,200,false
367,200,false
368,200,false
369,200,false
370,200,false
371,200,false
372,200,false
373,200,false
374,200,false
375,200,false
376,200,false
377,200,false
378,200,false
379,200,false
380,200,false
381,200,false
382,200,false
383,200,false
384,200,false
385,200,false
386,200,false
387,200,false
388,200,false
389,200,false
390,200,false
391,200,false
392,200,false
393,200,false
394,200,false
395,200,false
396,200,false
397,200,false
398,200,false
399,200,false
400,200,false
401,200,false
402,200,false
403,200,false
404,200,false
405,200,false
406,200,false
407,200,false
408,200,false
409,200,false
410,200,false
411,200,false
412,200,false
413,200,false
414,200,false
415,200,false
416,200,false
417,200,false
418,200,false
419,200,false
420,200,false
421,200,false
422,200,false
423,200,false
424,200,false
425,200,false
426,200,false
427,200,false
428,200,false
429,200,false
430,200,false
431,200,false
432,200,false
433,200,false
434,200,false
435,200,false
436,200,false
437,200,false
438,200,false
439,200,false
440,200,false
441,200,false
442,200,false
443,200,false
444,200,false
445,200,false
446,200,false
447,200,false
448,200,false
449,200,false
450,200,false
451,200,false
452,200,false
453,200,false
454,200,false
455,200,false
456,200,false
457,200,false
458,200,false
459,200,false
460,200,false
461,200,false
462,200,false
463,200,false
464,200,false
465,200,false
466,200,false
467,200,false
468,200,false
469,200,false
470,200,false
471,200,false
472,200,false
473,200,false
474,200,false
475,200,false
476,200,false
477,200,false
478,200,false
479,200,false
480,200,false
481,200,false
482,200,false
483,200,false
484,200,false
485,200,false
486,200,false
487,200,false
488,200,false
489,200,false
490,200,false
491,200,false
492,200,false
493,200,false
494,200,false
495,200,false
496,200,false
497,200,false
498,200,false
499,200,false
500,200,false
501,200,false
502,200,false
503,200,false
504,200,false
505,200,false
506,200,false
507,200,false
508,200,false
509,200,false
510,200,false
511,200,false
512,200,false
513,200,false
514,200,false
515,200,false
516,200,false
517,200,false
518,200,false
519,200,false
520,200,false
521,200,false
522,200,false
523,200,false
524,200,false
525,200,false
526,200,false
527,200,false
528,200,false
529,200,false
530,200,false
531,200,false
532,200,false
533,200,false
534,200,false
535,200,false
536,200,false
537,200,false
538,200,false
539,200,false
540,200,false
541,200,false
542,200,false
543,200,false
544,200,false
545,200,false
546,200,false
547,200,false
548,200,false
549,200,false
550,200,false
551,200,false
552,200,false
553,200,false
554,200,false
555,200,false
556,200,false
557,200,false
558,200,false
559,200,false
560,200,false
561,200,false
562,200,false
563,200,false
564,200,false
565,200,false
566,200,false
567,200,false
568,200,false
569,200,false
570,200,false
571,200,false
572,200,false
573,200,false
574,200,false
575,200,false
576,200,false
577,200,false
578,200,false
579,200,false
580,200,false
581,200,false
582,200,false
583,200,false
584,200,false
585,200,false
586,200,false
587,200,false
588,200,false
589,200,false
590,200,false
591,200,false
592,200,false
593,200,false
594,200,false
595,200,false
596,200,false
597,200,false
598,200,false
599,200,false
600,200,false
601,200,false
602,200,false
603,200,false
604,200,false
605,200,false
606,200,false
607,200,false
608,200,false
609,200,false
610,200,false
611,200,false
612,200,false
613,200,false
614,200,false
615,200,false
616,200,false
617,200,false
618,200,false
619,200,false
620,200,false
621,200,false
622,200,false
623,200,false
624,200,false
625,200,false
626,200,false
627,200,false
628,200,false
629,200,false
630,200,false
631,200,false
632,200,false
633,200,false
634,200,false
635,200,false
636,200,false
637,200,false
638,200,false
639,200,false
640,200,false
641,200,false
642,200,false
643,200,false
644,200,false
645,200,false
646,200,false
647,200,false
648,200,false
649,200,false
650,200,false
651,200,false
652,200,false
653,200,false
654,200,false
655,200,false
656,200,false
657,200,false
658,200,false
659,200,false
660,200,false
661,200,false
662,200,false
663,200,false
664,200,false
665,200,false
666,200,false
667,200,false
668,200,false
669,200,false
670,200,false
671,200,false
672,200,false
673,200,false
674,200,false
675,200,false
676,200,false
677,200,false
678,200,false
679,200,false
680,200,false
681,200,false
682,200,false
683,200,false
684,200,false
685,200,false
686,200,false
687,200,false
688,200,false
689,200,false
690,200,false
691,200,false
692,200,false
693,200,false
694,200,false
695,200,false
696,200,false
697,200,false
698,200,false
699,200,false
700,200,false
701,200,false
702,200,false
703,200,false
704,200,false
705,200,false
706,200,false
707,200,false
708,200,false
709,200,false
710,200,false
711,200,false
712,200,false
713,200,false
714,200,false
715,200,false
716,200,false
717,200,false
718,200,false
719,200,false
720,200,false
721,200,false
722,200,false
723,200,false
724,200,false
725,200,false
726,200,false
727,200,false
728,200,false
729,200,false
730,200,false
731,200,false
732,200,false
733,200,false
734,200,false
735,200,false
736,200,false
737,200,false
738,200,false
739,200,false
740,200,false
741,200,false
742,200,false
743,200,false
744,200,false
745,200,false
746,200,false
747,200,false
748,200,false
749,200,false
750,200,false
751,200,false
752,200,false
753,200,false
754,200,false
755,200,false
756,200,false
757,200,false
758,200,false
759,200,false
760,200,false
761,200,false
762,200,false
763,200,false
764,200,false
765,200,false
766,200,false
767,200,false
768,200,false
769,200,false
770,200,false
771,200,false
772,200,false
773,200,false
774,200,false
775,200,false
776,200,false
777,200,false
778,200,false
779,200,false
780,200,false
781,200,false
782,200,false
783,200,false
784,200,false
785,200,false
786,200,false
787,200,false
788,200,false
789,200,false
790,200,false
791,200,false
792,200,false
793,200,false
794,200,false
795,200,false
796,200,false
797,200,false
798,200,false
799,200,false
800,200,false
801,200,false
802,200,false
803,200,false
804,200,false
805,200,false
806,200,false
807,200,false
808,200,false
809,200,false
810,200,false
811,200,false
812,200,false
813,200,false
814,200,false
815,200,false
816,200,false
817,200,false
818,200,false
819,200,false
820,200,false
821,200,false
822,200,false
823,200,false
824,200,false
825,200,false
826,200,false
827,200,false
828,200,false
829,200,false
830,200,false
831,200,false
832,200,false
833,200,false
834,200,false
835,200,false
836,200,false
837,200,false
838,200,false
839,200,false
840,200,false
841,200,false
842,200,false
843,200,false
844,200,false
845,200,false
846,200,false
847,200,false
848,200,false
849,200,false
850,200,false
851,200,false
852,200,false
853,200,false
854,200,false
855,200,false
856,200,false
857,200,false
858,200,false
859,200,false
860,200,false
861,200,false
862,200,false
863,200,false
864,200,false
865,200,false
866,200,false
867,200,false
868,200,false
869,200,false
870,200,false
871,200,false
872,200,false
873,200,false
874,200,false
875,200,false
876,200,false
877,200,false
878,200,false
879,200,false
880,200,false
881,200,false
882,200,false
883,200,false
884,200,false
885,200,false
886,200,false
887,200,false
888,200,false
889,200,false
890,200,false
891,200,false
892,200,false
893,200,false
894,200,false
895,200,false
896,200,false
897,200,false
898,200,false
899,200,false
900,200,false
901,200,false
902,200,false
903,200,false
904,200,false
905,200,false
906,200,false
907,200,false
908,200,false
909,200,false
910,200,false
911,200,false
912,200,false
913,200,false
914,200,false
915,200,false
916,200,false
917,200,false
918,200,false
919,200,false
920,200,false
921,200,false
922,200,false
923,200,false
924,200,false
925,200,false
926,200,false
927,200,false
928,200,false
929,200,false
930,200,false
931,200,false
932,200,false
933,200,false
934,200,false
935,200,false
936,200,false
937,200,false
938,200,false
939,200,false
940,200,false
941,200,false
942,200,false
943,200,false
944,200,false
945,200,false
946,200,false
947,200,false
948,200,false
949,500,true
950,500,true
951,500,true
952,500,true
953,500,true
954,500,true
955,500,true
956,500,true
957,500,true
958,500,true
959,500,true
960,500,true
961,500,true
962,500,true
963,500,true
964,500,true
965,500,true
966,500,true
967,500,true
968,500,true
969,500,true
970,500,true
971,500,true
972,500,true
973,500,true
974,500,true
975,500,true
976,500,true
977,500,true
978,500,true
979,500,true
980,500,true
981,500,true
982,500,true
983,500,true
984,500,true
985,500,true
986,500,true
987,500,true
988,500,true
989,500,true
990,500,true
991,500,true
992,500,true
993,500,true
994,500,true
995,500,true
996,500,true
997,500,true
998,500,true
999,500,true
1000,500,true
1001,500,true
1002,500,true
1003,500,true
1004,500,true
1005,500,true
1006,500,true
1007,500,true
1008,500,true
1009,500,true
1010,500,true
1011,500,true
1012,500,true
1013,500,true
1014,500,true
1015,500,true
1016,500,true
1017,500,true
1018,500,true
1019,500,true
1020,500,true
1021,500,true
1022,200,false
1023,200,false
1024,200,false
1025,200,false
1026,200,false
1027,200,false
1028,200,false
1029,200,false
1030,200,false
1031,200,false
1032,200,false
1033,200,false
1034,200,false
1035,200,false
1036,200,false
1037,200,false
1038,200,false
1039,200,false
1040,200,false
1041,200,false
1042,200,false
1043,200,false
1044,200,false
1045,200,false
1046,200,false
1047,200,false
1048,200,false
1049,200,false
1050,200,false
1051,200,false
1052,200,false
1053,200,false
1054,200,false
1055,200,false
1056,200,false
1057,200,false
1058,200,false
1059,200,false
1060,200,false
1061,200,false
1062,200,false
1063,200,false
1064,200,false
1065,200,false
1066,200,false
1067,200,false
1068,200,false
1069,200,false
1070,200,false
1071,200,false
1072,200,false
1073,200,false
1074,200,false
1075,200,false
1076,200,false
1077,200,false
1078,200,false
1079,200,false
1080,200,false
1081,200,false
1082,200,false
1083,200,false
1084,200,false
1085,200,false
1086,200,false
1087,200,false
1088,200,false
1089,200,false
1090,200,false
1091,200,false
1092,200,false
1093,200,false
1094,200,false
1095,500,true
1096,500,true
1097,500,true
1098,500,true
1099,500,true
1100,500,true
1101,500,true
1102,500,true
1103,500,true
1104,500,true
1105,500,true
1106,500,true
1107,500,true
1108,500,true
1109,500,true
1110,500,true
1111,500,true
1112,500,true
1113,500,true
1114,500,true
1115,500,true
1116,500,true
1117,500,true
1118,500,true
1119,500,true
1120,500,true
1121,500,true
1122,500,true
1123,500,true
1124,500,true
1125,500,true
1126,500,true
1127,500,true
1128,500,true
1129,500,true
1130,500,true
1131,500,true
1132,500,true
1133,500,true
1134,500,true
1135,500,true
1136,500,true
1137,500,true
1138,500,true
1139,500,true
1140,500,true
1141,500,true
1142,500,true
1143,500,true
1144,500,true
1145,500,true
1146,500,true
1147,500,true
1148,500,true
1149,500,true
1150,500,true
1151,500,true
1152,500,true
1153,500,true
1154,500,true
1155,500,true
1156,500,true
1157,500,true
1158,500,true
1159,500,true
1160,500,true
1161,500,true
1162,500,true
1163,500,true
1164,500,true
1165,500,true
1166,500,true
1167,500,true
1168,404,true
1169,404,true
1170,404,true
1171,404,true
1172,404,true
1173,404,true
1174,404,true
1175,404,true
1176,404,true
1177,404,true
1178,404,true
1179,404,true
1180,404,true
1181,404,true
1182,404,true
1183,404,true
1184,404,true
1185,404,true
1186,404,true
1187,404,true
1188,404,true
1189,404,true
1190,404,true
1191,404,true
1192,404,true
1193,404,true
1194,404,true
1195,404,true
1196,404,true
1197,404,true
1198,404,true
1199,404,true
1200,404,true
1201,404,true
1202,404,true
1203,404,true
1204,404,true
1205,404,true
1206,404,true
1207,404,true
1208,404,true
1209,404,true
1210,404,true
1211,404,true
1212,404,true
1213,404,true
1214,404,true
1215,404,true
1216,404,true
1217,404,true
1218,404,true
1219,404,true
1220,404,true
1221,404,true
1222,404,true
1223,404,true
1224,404,true
1225,404,true
1226,404,true
1227,404,true
1228,404,true
1229,404,true
1230,404,true
1231,404,true
1232,404,true
1233,404,true
1234,404,true
1235,404,true
1236,404,true
1237,404,true
1238,404,true
1239,404,true
1240,404,true
1241,200,false
1242,200,false
1243,200,false
1244,200,false
1245,200,false
1246,200,false
1247,200,false
1248,200,false
1249,200,false
1250,200,false
1251,200,false
1252,200,false
1253,200,false
1254,200,false
1255,200,false
1256,200,false
1257,200,false
1258,200,false
1259,200,false
1260,200,false
1261,200,false
1262,200,false
1263,200,false
1264,200,false
1265,200,false
1266,200,false
1267,200,false
1268,200,false
1269,200,false
1270,200,false
1271,200,false
1272,200,false
1273,200,false
1274,200,false
1275,200,false
1276,200,false
1277,200,false
1278,200,false
1279,200,false
1280,200,false
1281,200,false
1282,200,false
1283,200,false
1284,200,false
1285,200,false
1286,200,false
1287,200,false
1288,200,false
1289,200,false
1290,200,false
1291,200,false
1292,200,false
1293,200,false
1294,200,false
1295,200,false
1296,200,false
1297,200,false
1298,200,false
1299,200,false
1300,200,false
1301,200,false
1302,200,false
1303,200,false
1304,200,false
1305,200,false
1306,200,false
1307,200,false
1308,200,false
1309,200,false
1310,200,false
1311,200,false
1312,200,false
1313,200,false
1314,500,true
1315,500,true
1316,500,true
1317,500,true
1318,500,true
1319,500,true
1320,500,true
1321,500,true
1322,500,true
1323,500,true
1324,500,true
1325,500,true
1326,500,true
1327,500,true
1328,500,true
1329,500,true
1330,500,true
1331,500,true
1332,500,true
1333,500,true
1334,500,true
1335,500,true
1336,500,true
1337,500,true
1338,500,true
1339,500,true
1340,500,true
1341,500,true
1342,500,true
1343,500,true
1344,500,true
1345,500,true
1346,500,true
1347,500,true
1348,500,true
1349,500,true
1350,500,true
1351,500,true
1352,500,true
1353,500,true
1354,500,true
1355,500,true
1356,500,true
1357,500,true
1358,500,true
1359,500,true
1360,500,true
1361,500,true
1362,500,true
1363,500,true
1364,500,true
1365,500,true
1366,500,true
1367,500,true
1368,500,true
1369,500,true
1370,500,true
1371,500,true
1372,500,true
1373,500,true
1374,500,true
1375,500,true
1376,500,true
1377,500,true
1378,500,true
1379,500,true
1380,500,true
1381,500,true
1382,500,true
1383,500,true
1384,500,true
1385,500,true
1386,500,true
1387,200,false
1388,200,false
1389,200,false
1390,200,false
1391,200,false
1392,200,false
1393,200,false
1394,200,false
1395,200,false
1396,200,false
1397,200,false
1398,200,false
1399,200,false
1400,200,false
1401,200,false
1402,200,false
1403,200,false
1404,200,false
1405,200,false
1406,200,false
1407,200,false
1408,200,false
1409,200,false
1410,200,false
1411,200,false
1412,200,false
1413,200,false
1414,200,false
1415,200,false
1416,200,false
1417,200,false
1418,200,false
1419,200,false
1420,200,false
1421,200,false
1422,200,false
1423,200,false
1424,200,false
1425,200,false
1426,200,false
1427,200,false
1428,200,false
1429,200,false
1430,200,false
1431,200,false
1432,200,false
1433,200,false
1434,200,false
1435,200,false
1436,200,false
1437,200,false
1438,200,false
1439,200,false
1440,200,false
1441,200,false
1442,200,false
1443,200,false
1444,200,false
1445,200,false
1446,200,false
1447,200,false
1448,200,false
1449,200,false
1450,200,false
1451,200,false
1452,200,false
1453,200,false
1454,200,false
1455,200,false
1456,200,false
1457,200,false
1458,200,false
1459,200,false
1460,500,true
1461,500,true
1462,500,true
1463,500,true
1464,500,true
1465,500,true
1466,500,true
1467,500,true
1468,500,true
1469,500,true
1470,500,true
1471,500,true
1472,500,true
1473,500,true
1474,500,true
1475,500,true
1476,500,true
1477,500,true
1478,500,true
1479,500,true
1480,500,true
1481,500,true
1482,500,true
1483,500,true
1484,500,true
1485,500,true
1486,500,true
1487,500,true
1488,500,true
1489,500,true
1490,500,true
1491,500,true
1492,500,true
1493,500,true
1494,500,true
1495,500,true
1496,500,true
1497,500,true
1498,500,true
1499,500,true
1500,500,true
1501,500,true
1502,500,true
1503,500,true
1504,500,true
1505,500,true
1506,500,true
1507,500,true
1508,500,true
1509,500,true
1510,500,true
1511,500,true
1512,500,true
1513,500,true
1514,500,true
1515,500,true
1516,500,true
1517,500,true
1518,500,true
1519,500,true
1520,500,true
1521,500,true
1522,500,true
1523,500,true
1524,500,true
1525,500,true
1526,500,true
1527,500,true
1528,500,true
1529,500,true
1530,500,true
1531,500,true
1532,500,true
1533,200,false
1534,200,false
1535,200,false
1536,200,false
1537,200,false
1538,200,false
1539,200,false
1540,200,false
1541,200,false
1542,200,false
1543,200,false
1544,200,false
1545,200,false
1546,200,false
1547,200,false
1548,200,false
1549,200,false
1550,200,false
1551,200,false
1552,200,false
1553,200,false
1554,200,false
1555,200,false
1556,200,false
1557,200,false
1558,200,false
1559,200,false
1560,200,false
1561,200,false
1562,200,false
1563,200,false
1564,200,false
1565,200,false
1566,200,false
1567,200,false
1568,200,false
1569,200,false
1570,200,false
1571,200,false
1572,200,false
1573,200,false
1574,200,false
1575,200,false
1576,200,false
1577,200,false
1578,200,false
1579,200,false
1580,200,false
1581,200,false
1582,200,false
1583,200,false
1584,200,false
1585,200,false
1586,200,false
1587,200,false
1588,200,false
1589,200,false
1590,200,false
1591,200,false
1592,200,false
1593,200,false
1594,200,false
1595,200,false
1596,200,false
1597,200,false
1598,200,false
1599,200,false
1600,200,false
1601,200,false
1602,200,false
1603,200,false
1604,200,false
1605,200,false
1606,200,false
1607,200,false
1608,200,false
1609,200,false
1610,200,false
1611,200,false
1612,200,false
1613,200,false
1614,200,false
1615,200,false
1616,200,false
1617,200,false
1618,200,false
1619,200,false
1620,200,false
1621,200,false
1622,200,false
1623,200,false
1624,200,false
1625,200,false
1626,200,false
1627,200,false
1628,200,false
1629,200,false
1630,200,false
1631,200,false
1632,200,false
1633,200,false
1634,200,false
1635,200,false
1636,200,false
1637,200,false
1638,200,false
1639,200,false
1640,200,false
1641,200,false
1642,200,false
1643,200,false
1644,200,false
1645,200,false
1646,200,false
1647,200,false
1648,200,false
1649,200,false
1650,200,false
1651,200,false
1652,200,false
1653,200,false
1654,200,false
1655,200,false
1656,200,false
1657,200,false
1658,200,false
1659,200,false
1660,200,false
1661,200,false
1662,200,false
1663,200,false
1664,200,false
1665,200,false
1666,200,false
1667,200,false
1668,200,false
1669,200,false
1670,200,false
1671,200,false
1672,200,false
1673,200,false
1674,200,false
1675,200,false
1676,200,false
1677,200,false
1678,200,false
1679,404,true
1680,404,true
1681,404,true
1682,404,true
1683,404,true
1684,404,true
1685,404,true
1686,404,true
1687,404,true
1688,404,true
1689,404,true
1690,404,true
1691,404,true
1692,404,true
1693,404,true
1694,404,true
1695,404,true
1696,404,true
1697,404,true
1698,404,true
1699,404,true
1700,404,true
1701,404,true
1702,404,true
1703,404,true
1704,404,true
1705,404,true
1706,404,true
1707,404,true
1708,404,true
1709,404,true
1710,404,true
1711,404,true
1712,404,true
1713,404,true
1714,404,true
1715,404,true
1716,404,true
1717,404,true
1718,404,true
1719,404,true
1720,404,true
1721,404,true
1722,404,true
1723,404,true
1724,404,true
1725,404,true
1726,404,true
1727,404,true
1728,404,true
1729,404,true
1730,404,true
1731,404,true
1732,404,true
1733,404,true
1734,404,true
1735,404,true
1736,404,true
1737,404,true
1738,404,true
1739,404,true
1740,404,true
1741,404,true
1742,404,true
1743,404,true
1744,404,true
1745,404,true
1746,404,true
1747,404,true
1748,404,true
1749,404,true
1750,404,true
1751,404,true
1752,200,false
1753,200,false
1754,200,false
1755,200,false
1756,200,false
1757,200,false
1758,200,false
1759,200,false
1760,200,false
1761,200,false
1762,200,false
1763,200,false
1764,200,false
1765,200,false
1766,200,false
1767,200,false
1768,200,false
1769,200,false
1770,200,false
1771,200,false
1772,200,false
1773,200,false
1774,200,false
1775,200,false
1776,200,false
1777,200,false
1778,200,false
1779,200,false
1780,200,false
1781,200,false
1782,200,false
1783,200,false
1784,200,false
1785,200,false
1786,200,false
1787,200,false
1788,200,false
1789,200,false
1790,200,false
1791,200,false
1792,200,false
1793,200,false
1794,200,false
1795,200,false
1796,200,false
1797,200,false
1798,200,false
1799,200,false
1800,200,false
1801,200,false
1802,200,false
1803,200,false
1804,200,false
1805,200,false
1806,200,false
1807,200,false
1808,200,false
1809,200,false
1810,200,false
1811,200,false
1812,200,false
1813,200,false
1814,200,false
1815,200,false
1816,200,false
1817,200,false
1818,200,false
1819,200,false
1820,200,false
1821,200,false
1822,200,false
1823,200,false
1824,200,false
1825,200,false
1826,200,false
1827,200,false
1828,200,false
1829,200,false
1830,200,false
1831,200,false
1832,200,false
1833,200,false
1834,200,false
1835,200,false
1836,200,false
1837,200,false
1838,200,false
1839,200,false
1840,200,false
1841,200,false
1842,200,false
1843,200,false
1844,200,false
1845,200,false
1846,200,false
1847,200,false
1848,200,false
1849,200,false
1850,200,false
1851,200,false
1852,200,false
1853,200,false
1854,200,false
1855,200,false
1856,200,false
1857,200,false
1858,200,false
1859,200,false
1860,200,false
1861,200,false
1862,200,false
1863,200,false
1864,200,false
1865,200,false
1866,200,false
1867,200,false
1868,200,false
1869,200,false
1870,200,false
1871,200,false
1872,200,false
1873,200,false
1874,200,false
1875,200,false
1876,200,false
1877,200,false
1878,200,false
1879,200,false
1880,200,false
1881,200,false
1882,200,false
1883,200,false
1884,200,false
1885,200,false
1886,200,false
1887,200,false
1888,200,false
1889,200,false
1890,200,false
1891,200,false
1892,200,false
1893,200,false
1894,200,false
1895,200,false
1896,200,false
1897,200,false
1898,200,false
1899,200,false
1900,200,false
1901,200,false
1902,200,false
1903,200,false
1904,200,false
1905,200,false
1906,200,false
1907,200,false
1908,200,false
1909,200,false
1910,200,false
1911,200,false
1912,200,false
1913,200,false
1914,200,false
1915,200,false
1916,200,false
1917,200,false
1918,200,false
1919,200,false
1920,200,false
1921,200,false
1922,200,false
1923,200,false
1924,200,false
1925,200,false
1926,200,false
1927,200,false
1928,200,false
1929,200,false
1930,200,false
1931,200,false
1932,200,false
1933,200,false
1934,200,false
1935,200,false
1936,200,false
1937,200,false
1938,200,false
1939,200,false
1940,200,false
1941,200,false
1942,200,false
1943,200,false
1944,200,false
1945,200,false
1946,200,false
1947,200,false
1948,200,false
1949,200,false
1950,200,false
1951,200,false
1952,200,false
1953,200,false
1954,200,false
1955,200,false
1956,200,false
1957,200,false
1958,200,false
1959,200,false
1960,200,false
1961,200,false
1962,200,false
1963,200,false
1964,200,false
1965,200,false
1966,200,false
1967,200,false
1968,200,false
1969,200,false
1970,200,false
1971,500,true
1972,500,true
1973,500,true
1974,500,true
1975,500,true
1976,500,true
1977,500,true
1978,500,true
1979,500,true
1980,500,true
1981,500,true
1982,500,true
1983,500,true
1984,500,true
1985,500,true
1986,500,true
1987,500,true
1988,500,true
1989,500,true
1990,500,true
1991,500,true
1992,500,true
1993,500,true
1994,500,true
1995,500,true
1996,500,true
1997,500,true
1998,500,true
1999,500,true
2000,500,true
2001,500,true
2002,500,true
2003,500,true
2004,500,true
2005,500,true
2006,500,true
2007,500,true
2008,500,true
2009,500,true
2010,500,true
2011,500,true
2012,500,true
2013,500,true
2014,500,true
2015,500,true
2016,500,true
2017,500,true
2018,500,true
2019,500,true
2020,500,true
2021,500,true
2022,500,true
2023,500,true
2024,500,true
2025,500,true
2026,500,true
2027,500,true
2028,500,true
2029,500,true
2030,500,true
2031,500,true
2032,500,true
2033,500,true
2034,500,true
2035,500,true
2036,500,true
2037,500,true
2038,500,true
2039,500,true
2040,500,true
2041,500,true
2042,500,true
2043,500,true
2044,500,true
2045,500,true
2046,500,true
2047,500,true
2048,500,true
2049,500,true
2050,500,true
2051,500,true
2052,500,true
2053,500,true
2054,500,true
2055,500,true
2056,500,true
2057,500,true
2058,500,true
2059,500,true
2060,500,true
2061,500,true
2062,500,true
2063,500,true
2064,500,true
2065,500,true
2066,500,true
2067,500,true
2068,500,true
2069,500,true
2070,500,true
2071,500,true
2072,500,true
2073,500,true
2074,500,true
2075,500,true
2076,500,true
2077,500,true
2078,500,true
2079,500,true
2080,500,true
2081,500,true
2082,500,true
2083,500,true
2084,500,true
2085,500,true
2086,500,true
2087,500,true
2088,500,true
2089,500,true
2090,500,true
2091,500,true
2092,500,true
2093,500,true
2094,500,true
2095,500,true
2096,500,true
2097,500,true
2098,500,true
2099,500,true
2100,500,true
2101,500,true
2102,500,true
2103,500,true
2104,500,true
2105,500,true
2106,500,true
2107,500,true
2108,500,true
2109,500,true
2110,500,true
2111,500,true
2112,500,true
2113,500,true
2114,500,true
2115,500,true
2116,500,true
2117,500,true
2118,500,true
2119,500,true
2120,500,true
2121,500,true
2122,500,true
2123,500,true
2124,500,true
2125,500,true
2126,500,true
2127,500,true
2128,500,true
2129,500,true
2130,500,true
2131,500,true
2132,500,true
2133,500,true
2134,500,true
2135,500,true
2136,500,true
2137,500,true
2138,500,true
2139,500,true
2140,500,true
2141,500,true
2142,500,true
2143,500,true
2144,500,true
2145,500,true
2146,500,true
2147,500,true
2148,500,true
2149,500,true
2150,500,true
2151,500,true
2152,500,true
2153,500,true
2154,500,true
2155,500,true
2156,500,true
2157,500,true
2158,500,true
2159,500,true
2160,500,true
2161,500,true
2162,500,true
2163,500,true
2164,500,true
2165,500,true
2166,500,true
2167,500,true
2168,500,true
2169,500,true
2170,500,true
2171,500,true
2172,500,true
2173,500,true
2174,500,true
2175,500,true
2176,500,true
2177,500,true
2178,500,true
2179,500,true
2180,500,true
2181,500,true
2182,500,true
2183,500,true
2184,500,true
2185,500,true
2186,500,true
2187,500,true
2188,500,true
2189,500,true
2190,200,false
2191,200,false
2192,200,false
2193,200,false
2194,200,false
2195,200,false
2196,200,false
2197,200,false
2198,200,false
2199,200,false
2200,200,false
2201,200,false
2202,200,false
2203,200,false
2204,200,false
2205,200,false
2206,200,false
2207,200,false
2208,200,false
2209,200,false
2210,200,false
2211,200,false
2212,200,false
2213,200,false
2214,200,false
2215,200,false
2216,200,false
2217,200,false
2218,200,false
2219,200,false
2220,200,false
2221,200,false
2222,200,false
2223,200,false
2224,200,false
2225,200,false
2226,200,false
2227,200,false
2228,200,false
2229,200,false
2230,200,false
2231,200,false
2232,200,false
2233,200,false
2234,200,false
2235,200,false
2236,200,false
2237,200,false
2238,200,false
2239,200,false
2240,200,false
2241,200,false
2242,200,false
2243,200,false
2244,200,false
2245,200,false
2246,200,false
2247,200,false
2248,200,false
2249,200,false
2250,200,false
2251,200,false
2252,200,false
2253,200,false
2254,200,false
2255,200,false
2256,200,false
2257,200,false
2258,200,false
2259,200,false
2260,200,false
2261,200,false
2262,200,false
2263,200,false
2264,200,false
2265,200,false
2266,200,false
2267,200,false
2268,200,false
2269,200,false
2270,200,false
2271,200,false
2272,200,false
2273,200,false
2274,200,false
2275,200,false
2276,200,false
2277,200,false
2278,200,false
2279,200,false
2280,200,false
2281,200,false
2282,200,false
2283,200,false
2284,200,false
2285,200,false
2286,200,false
2287,200,false
2288,200,false
2289,200,false
2290,200,false
2291,200,false
2292,200,false
2293,200,false
2294,200,false
2295,200,false
2296,200,false
2297,200,false
2298,200,false
2299,200,false
2300,200,false
2301,200,false
2302,200,false
2303,200,false
2304,200,false
2305,200,false
2306,200,false
2307,200,false
2308,200,false
2309,200,false
2310,200,false
2311,200,false
2312,200,false
2313,200,false
2314,200,false
2315,200,false
2316,200,false
2317,200,false
2318,200,false
2319,200,false
2320,200,false
2321,200,false
2322,200,false
2323,200,false
2324,200,false
2325,200,false
2326,200,false
2327,200,false
2328,200,false
2329,200,false
2330,200,false
2331,200,false
2332,200,false
2333,200,false
2334,200,false
2335,200,false
2336,500,true
2337,500,true
2338,500,true
2339,500,true
2340,500,true
2341,500,true
2342,500,true
2343,500,true
2344,500,true
2345,500,true
2346,500,true
2347,500,true
2348,500,true
2349,500,true
2350,500,true
2351,500,true
2352,500,true
2353,500,true
2354,500,true
2355,500,true
2356,500,true
2357,500,true
2358,500,true
2359,500,true
2360,500,true
2361,500,true
2362,500,true
2363,500,true
2364,500,true
2365,500,true
2366,500,true
2367,500,true
2368,500,true
2369,500,true
2370,500,true
2371,500,true
2372,500,true
2373,500,true
2374,500,true
2375,500,true
2376,500,true
2377,500,true
2378,500,true
2379,500,true
2380,500,true
2381,500,true
2382,500,true
2383,500,true
2384,500,true
2385,500,true
2386,500,true
2387,500,true
2388,500,true
2389,500,true
2390,500,true
2391,500,true
2392,500,true
2393,500,true
2394,500,true
2395,500,true
2396,500,true
2397,500,true
2398,500,true
2399,500,true
2400,500,true
2401,500,true
2402,500,true
2403,500,true
2404,500,true
2405,500,true
2406,500,true
2407,500,true
2408,500,true
2409,200,false
2410,200,false
2411,200,false
2412,200,false
2413,200,false
2414,200,false
2415,200,false
2416,200,false
2417,200,false
2418,200,false
2419,200,false
2420,200,false
2421,200,false
2422,200,false
2423,200,false
2424,200,false
2425,200,false
2426,200,false
2427,200,false
2428,200,false
2429,200,false
2430,200,false
2431,200,false
2432,200,false
2433,200,false
2434,200,false
2435,200,false
2436,200,false
2437,200,false
2438,200,false
2439,200,false
2440,200,false
2441,200,false
2442,200,false
2443,200,false
2444,200,false
2445,200,false
2446,200,false
2447,200,false
2448,200,false
2449,200,false
2450,200,false
2451,200,false
2452,200,false
2453,200,false
2454,200,false
2455,200,false
2456,200,false
2457,200,false
2458,200,false
2459,200,false
2460,200,false
2461,200,false
2462,200,false
2463,200,false
2464,200,false
2465,200,false
2466,200,false
2467,200,false
2468,200,false
2469,200,false
2470,200,false
2471,200,false
2472,200,false
2473,200,false
2474,200,false
2475,200,false
2476,200,false
2477,200,false
2478,200,false
2479,200,false
2480,200,false
2481,200,false
2482,200,false
2483,200,false
2484,200,false
2485,200,false
2486,200,false
2487,200,false
2488,200,false
2489,200,false
2490,200,false
2491,200,false
2492,200,false
2493,200,false
2494,200,false
2495,200,false
2496,200,false
2497,200,false
2498,200,false
2499,200,false
2500,200,false
2501,200,false
2502,200,false
2503,200,false
2504,200,false
2505,200,false
2506,200,false
2507,200,false
2508,200,false
2509,200,false
2510,200,false
2511,200,false
2512,200,false
2513,200,false
2514,200,false
2515,200,false
2516,200,false
2517,200,false
2518,200,false
2519,200,false
2520,200,false
2521,200,false
2522,200,false
2523,200,false
2524,200,false
2525,200,false
2526,200,false
2527,200,false
2528,200,false
2529,200,false
2530,200,false
2531,200,false
2532,200,false
2533,200,false
2534,200,false
2535,200,false
2536,200,false
2537,200,false
2538,200,false
2539,200,false
2540,200,false
2541,200,false
2542,200,false
2543,200,false
2544,200,false
2545,200,false
2546,200,false
2547,200,false
2548,200,false
2549,200,false
2550,200,false
2551,200,false
2552,200,false
2553,200,false
2554,200,false
2555,200,false
2556,200,false
2557,200,false
2558,200,false
2559,200,false
2560,200,false
2561,200,false
2562,200,false
2563,200,false
2564,200,false
2565,200,false
2566,200,false
2567,200,false
2568,200,false
2569,200,false
2570,200,false
2571,200,false
2572,200,false
2573,200,false
2574,200,false
2575,200,false
2576,200,false
2577,200,false
2578,200,false
2579,200,false
2580,200,false
2581,200,false
2582,200,false
2583,200,false
2584,200,false
2585,200,false
2586,200,false
2587,200,false
2588,200,false
2589,200,false
2590,200,false
2591,200,false
2592,200,false
2593,200,false
2594,200,false
2595,200,false
2596,200,false
2597,200,false
2598,200,false
2599,200,false
2600,200,false
2601,200,false
2602,200,false
2603,200,false
2604,200,false
2605,200,false
2606,200,false
2607,200,false
2608,200,false
2609,200,false
2610,200,false
2611,200,false
2612,200,false
2613,200,false
2614,200,false
2615,200,false
2616,200,false
2617,200,false
2618,200,false
2619,200,false
2620,200,false
2621,200,false
2622,200,false
2623,200,false
2624,200,false
2625,200,false
2626,200,false
2627,200,false
2628,404,true
2629,404,true
2630,404,true
2631,404,true
2632,404,true
2633,404,true
2634,404,true
2635,404,true
2636,404,true
2637,404,true
2638,404,true
2639,404,true
2640,404,true
2641,404,true
2642,404,true
2643,404,true
2644,404,true
2645,404,true
2646,404,true
2647,404,true
2648,404,true
2649,404,true
2650,404,true
2651,404,true
2652,404,true
2653,404,true
2654,404,true
2655,404,true
2656,404,true
2657,404,true
2658,404,true
2659,404,true
2660,404,true
2661,404,true
2662,404,true
2663,404,true
2664,404,true
2665,404,true
2666,404,true
2667,404,true
2668,404,true
2669,404,true
2670,404,true
2671,404,true
2672,404,true
2673,404,true
2674,404,true
2675,404,true
2676,404,true
2677,404,true
2678,404,true
2679,404,true
2680,404,true
2681,404,true
2682,404,true
2683,404,true
2684,404,true
2685,404,true
2686,404,true
2687,404,true
2688,404,true
2689,404,true
2690,404,true
2691,404,true
2692,404,true
2693,404,true
2694,404,true
2695,404,true
2696,404,true
2697,404,true
2698,404,true
2699,404,true
2700,404,true
2701,200,false
2702,200,false
2703,200,false
2704,200,false
2705,200,false
2706,200,false
2707,200,false
2708,200,false
2709,200,false
2710,200,false
2711,200,false
2712,200,false
2713,200,false
2714,200,false
2715,200,false
2716,200,false
2717,200,false
2718,200,false
2719,200,false
2720,200,false
2721,200,false
2722,200,false
2723,200,false
2724,200,false
2725,200,false
2726,200,false
2727,200,false
2728,200,false
2729,200,false
2730,200,false
2731,200,false
2732,200,false
2733,200,false
2734,200,false
2735,200,false
2736,200,false
2737,200,false
2738,200,false
2739,200,false
2740,200,false
2741,200,false
2742,200,false
2743,200,false
2744,200,false
2745,200,false
2746,200,false
2747,200,false
2748,200,false
2749,200,false
2750,200,false
2751,200,false
2752,200,false
2753,200,false
2754,200,false
2755,200,false
2756,200,false
2757,200,false
2758,200,false
2759,200,false
2760,200,false
2761,200,false
2762,200,false
2763,200,false
2764,200,false
2765,200,false
2766,200,false
2767,200,false
2768,200,false
2769,200,false
2770,200,false
2771,200,false
2772,200,false
2773,200,false
2774,500,true
2775,500,true
2776,500,true
2777,500,true
2778,500,true
2779,500,true
2780,500,true
2781,500,true
2782,500,true
2783,500,true
2784,500,true
2785,500,true
2786,500,true
2787,500,true
2788,500,true
2789,500,true
2790,500,true
2791,500,true
2792,500,true
2793,500,true
2794,500,true
2795,500,true
2796,500,true
2797,500,true
2798,500,true
2799,500,true
2800,500,true
2801,500,true
2802,500,true
2803,500,true
2804,500,true
2805,500,true
2806,500,true
2807,500,true
2808,500,true
2809,500,true
2810,500,true
2811,500,true
2812,500,true
2813,500,true
2814,500,true
2815,500,true
2816,500,true
2817,500,true
2818,500,true
2819,500,true
2820,500,true
2821,500,true
2822,500,true
2823,500,true
2824,500,true
2825,500,true
2826,500,true
2827,500,true
2828,500,true
2829,500,true
2830,500,true
2831,500,true
2832,500,true
2833,500,true
2834,500,true
2835,500,true
2836,500,true
2837,500,true
2838,500,true
2839,500,true
2840,500,true
2841,500,true
2842,500,true
2843,500,true
2844,500,true
2845,500,true
2846,500,true
2847,200,false
2848,200,false
2849,200,false
2850,200,false
2851,200,false
2852,200,false
2853,200,false
2854,200,false
2855,200,false
2856,200,false
2857,200,false
2858,200,false
2859,200,false
2860,200,false
2861,200,false
2862,200,false
2863,200,false
2864,200,false
2865,200,false
2866,200,false
2867,200,false
2868,200,false
2869,200,false
2870,200,false
2871,200,false
2872,200,false
2873,200,false
2874,200,false
2875,200,false
2876,200,false
2877,200,false
2878,200,false
2879,200,false
2880,200,false
2881,200,false
2882,200,false
2883,200,false
2884,200,false
2885,200,false
2886,200,false
2887,200,false
2888,200,false
2889,200,false
2890,200,false
2891,200,false
2892,200,false
2893,200,false
2894,200,false
2895,200,false
2896,200,false
2897,200,false
2898,200,false
2899,200,false
2900,200,false
2901,200,false
2902,200,false
2903,200,false
2904,200,false
2905,200,false
2906,200,false
2907,200,false
2908,200,false
2909,200,false
2910,200,false
2911,200,false
2912,200,false
2913,200,false
2914,200,false
2915,200,false
2916,200,false
2917,200,false
2918,200,false
2919,200,false
2920,200,false
2921,200,false
2922,200,false
2923,200,false
2924,200,false
2925,200,false
2926,200,false
2927,200,false
2928,200,false
2929,200,false
2930,200,false
2931,200,false
2932,200,false
2933,200,false
2934,200,false
2935,200,false
2936,200,false
2937,200,false
2938,200,false
2939,200,false
2940,200,false
2941,200,false
2942,200,false
2943,200,false
2944,200,false
2945,200,false
2946,200,false
2947,200,false
2948,200,false
2949,200,false
2950,200,false
2951,200,false
2952,200,false
2953,200,false
2954,200,false
2955,200,false
2956,200,false
2957,200,false
2958,200,false
2959,200,false
2960,200,false
2961,200,false
2962,200,false
2963,200,false
2964,200,false
2965,200,false
2966,200,false
2967,200,false
2968,200,false
2969,200,false
2970,200,false
2971,200,false
2972,200,false
2973,200,false
2974,200,false
2975,200,false
2976,200,false
2977,200,false
2978,200,false
2979,200,false
2980,200,false
2981,200,false
2982,200,false
2983,200,false
2984,200,false
2985,200,false
2986,200,false
2987,200,false
2988,200,false
2989,200,false
2990,200,false
2991,200,false
2992,200,false
2993,200,false
2994,200,false
2995,200,false
2996,200,false
2997,200,false
2998,200,false
2999,200,false
3000,200,false
3001,200,false
3002,200,false
3003,200,false
3004,200,false
3005,200,false
3006,200,false
3007,200,false
3008,200,false
3009,200,false
3010,200,false
3011,200,false
3012,200,false
3013,200,false
3014,200,false
3015,200,false
3016,200,false
3017,200,false
3018,200,false
3019,200,false
3020,200,false
3021,200,false
3022,200,false
3023,200,false
3024,200,false
3025,200,false
3026,200,false
3027,200,false
3028,200,false
3029,200,false
3030,200,false
3031,200,false
3032,200,false
3033,200,false
3034,200,false
3035,200,false
3036,200,false
3037,200,false
3038,200,false
3039,200,false
3040,200,false
3041,200,false
3042,200,false
3043,200,false
3044,200,false
3045,200,false
3046,200,false
3047,200,false
3048,200,false
3049,200,false
3050,200,false
3051,200,false
3052,200,false
3053,200,false
3054,200,false
3055,200,false
3056,200,false
3057,200,false
3058,200,false
3059,200,false
3060,200,false
3061,200,false
3062,200,false
3063,200,false
3064,200,false
3065,200,false
3066,200,false
3067,200,false
3068,200,false
3069,200,false
3070,200,false
3071,200,false
3072,200,false
3073,200,false
3074,200,false
3075,200,false
3076,200,false
3077,200,false
3078,200,false
3079,200,false
3080,200,false
3081,200,false
3082,200,false
3083,200,false
3084,200,false
3085,200,false
3086,200,false
3087,200,false
3088,200,false
3089,200,false
3090,200,false
3091,200,false
3092,200,false
3093,200,false
3094,200,false
3095,200,false
3096,200,false
3097,200,false
3098,200,false
3099,200,false
3100,200,false
3101,200,false
3102,200,false
3103,200,false
3104,200,false
3105,200,false
3106,200,false
3107,200,false
3108,200,false
3109,200,false
3110,200,false
3111,200,false
3112,200,false
3113,200,false
3114,200,false
3115,200,false
3116,200,false
3117,200,false
3118,200,false
3119,200,false
3120,200,false
3121,200,false
3122,200,false
3123,200,false
3124,200,false
3125,200,false
3126,200,false
3127,200,false
3128,200,false
3129,200,false
3130,200,false
3131,200,false
3132,200,false
3133,200,false
3134,200,false
3135,200,false
3136,200,false
3137,200,false
3138,200,false
3139,404,true
3140,404,true
3141,404,true
3142,404,true
3143,404,true
3144,404,true
3145,404,true
3146,404,true
3147,404,true
3148,404,true
3149,404,true
3150,404,true
3151,404,true
3152,404,true
3153,404,true
3154,404,true
3155,404,true
3156,404,true
3157,404,true
3158,404,true
3159,404,true
3160,404,true
3161,404,true
3162,404,true
3163,404,true
3164,404,true
3165,404,true
3166,404,true
3167,404,true
3168,404,true
3169,404,true
3170,404,true
3171,404,true
3172,404,true
3173,404,true
3174,404,true
3175,404,true
3176,404,true
3177,404,true
3178,404,true
3179,404,true
3180,404,true
3181,404,true
3182,404,true
3183,404,true
3184,404,true
3185,404,true
3186,404,true
3187,404,true
3188,404,true
3189,404,true
3190,404,true
3191,404,true
3192,404,true
3193,404,true
3194,404,true
3195,404,true
3196,404,true
3197,404,true
3198,404,true
3199,404,true
3200,404,true
3201,404,true
3202,404,true
3203,404,true
3204,404,true
3205,404,true
3206,404,true
3207,404,true
3208,404,true
3209,404,true
3210,404,true
3211,404,true
3212,200,false
3213,200,false
3214,200,false
3215,200,false
3216,200,false
3217,200,false
3218,200,false
3219,200,false
3220,200,false
3221,200,false
3222,200,false
3223,200,false
3224,200,false
3225,200,false
3226,200,false
3227,200,false
3228,200,false
3229,200,false
3230,200,false
3231,200,false
3232,200,false
3233,200,false
3234,200,false
3235,200,false
3236,200,false
3237,200,false
3238,200,false
3239,200,false
3240,200,false
3241,200,false
3242,200,false
3243,200,false
3244,200,false
3245,200,false
3246,200,false
3247,200,false
3248,200,false
3249,200,false
3250,200,false
3251,200,false
3252,200,false
3253,200,false
3254,200,false
3255,200,false
3256,200,false
3257,200,false
3258,200,false
3259,200,false
3260,200,false
3261,200,false
3262,200,false
3263,200,false
3264,200,false
3265,200,false
3266,200,false
3267,200,false
3268,200,false
3269,200,false
3270,200,false
3271,200,false
3272,200,false
3273,200,false
3274,200,false
3275,200,false
3276,200,false
3277,200,false
3278,200,false
3279,200,false
3280,200,false
3281,200,false
3282,200,false
3283,200,false
3284,200,false
3285,200,false
3286,200,false
3287,200,false
3288,200,false
3289,200,false
3290,200,false
3291,200,false
3292,200,false
3293,200,false
3294,200,false
3295,200,false
3296,200,false
3297,200,false
3298,200,false
3299,200,false
3300,200,false
3301,200,false
3302,200,false
3303,200,false
3304,200,false
3305,200,false
3306,200,false
3307,200,false
3308,200,false
3309,200,false
3310,200,false
3311,200,false
3312,200,false
3313,200,false
3314,200,false
3315,200,false
3316,200,false
3317,200,false
3318,200,false
3319,200,false
3320,200,false
3321,200,false
3322,200,false
3323,200,false
3324,200,false
3325,200,false
3326,200,false
3327,200,false
3328,200,false
3329,200,false
3330,200,false
3331,200,false
3332,200,false
3333,200,false
3334,200,false
3335,200,false
3336,200,false
3337,200,false
3338,200,false
3339,200,false
3340,200,false
3341,200,false
3342,200,false
3343,200,false
3344,200,false
3345,200,false
3346,200,false
3347,200,false
3348,200,false
3349,200,false
3350,200,false
3351,200,false
3352,200,false
3353,200,false
3354,200,false
3355,200,false
3356,200,false
3357,200,false
3358,500,true
3359,500,true
3360,500,true
3361,500,true
3362,500,true
3363,500,true
3364,500,true
3365,500,true
3366,500,true
3367,500,true
3368,500,true
3369,500,true
3370,500,true
3371,500,true
3372,500,true
3373,500,true
3374,500,true
3375,500,true
3376,500,true
3377,500,true
3378,500,true
3379,500,true
3380,500,true
3381,500,true
3382,500,true
3383,500,true
3384,500,true
3385,500,true
3386,500,true
3387,500,true
3388,500,true
3389,500,true
3390,500,true
3391,500,true
3392,500,true
3393,500,true
3394,500,true
3395,500,true
3396,500,true
3397,500,true
3398,500,true
3399,500,true
3400,500,true
3401,500,true
3402,500,true
3403,500,true
3404,500,true
3405,500,true
3406,500,true
3407,500,true
3408,500,true
3409,500,true
3410,500,true
3411,500,true
3412,500,true
3413,500,true
3414,500,true
3415,500,true
3416,500,true
3417,500,true
3418,500,true
3419,500,true
3420,500,true
3421,500,true
3422,500,true
3423,500,true
3424,500,true
3425,500,true
3426,500,true
3427,500,true
3428,500,true
3429,500,true
3430,500,true
3431,200,false
3432,200,false
3433,200,false
3434,200,false
3435,200,false
3436,200,false
3437,200,false
3438,200,false
3439,200,false
3440,200,false
3441,200,false
3442,200,false
3443,200,false
3444,200,false
3445,200,false
3446,200,false
3447,200,false
3448,200,false
3449,200,false
3450,200,false
3451,200,false
3452,200,false
3453,200,false
3454,200,false
3455,200,false
3456,200,false
3457,200,false
3458,200,false
3459,200,false
3460,200,false
3461,200,false
3462,200,false
3463,200,false
3464,200,false
3465,200,false
3466,200,false
3467,200,false
3468,200,false
3469,200,false
3470,200,false
3471,200,false
3472,200,false
3473,200,false
3474,200,false
3475,200,false
3476,200,false
3477,200,false
3478,200,false
3479,200,false
3480,200,false
3481,200,false
3482,200,false
3483,200,false
3484,200,false
3485,200,false
3486,200,false
3487,200,false
3488,200,false
3489,200,false
3490,200,false
3491,200,false
3492,200,false
3493,200,false
3494,200,false
3495,200,false
3496,200,false
3497,200,false
3498,200,false
3499,200,false
3500,200,false
3501,200,false
3502,200,false
3503,200,false
3504,404,true
3505,404,true
3506,404,true
3507,404,true
3508,404,true
3509,404,true
3510,404,true
3511,404,true
3512,404,true
3513,404,true
3514,404,true
3515,404,true
3516,404,true
3517,404,true
3518,404,true
3519,404,true
3520,404,true
3521,404,true
3522,404,true
3523,404,true
3524,404,true
3525,404,true
3526,404,true
3527,404,true
3528,404,true
3529,404,true
3530,404,true
3531,404,true
3532,404,true
3533,404,true
3534,404,true
3535,404,true
3536,404,true
3537,404,true
3538,404,true
3539,404,true
3540,404,true
3541,404,true
3542,404,true
3543,404,true
3544,404,true
3545,404,true
3546,404,true
3547,404,true
3548,404,true
3549,404,true
3550,404,true
3551,404,true
3552,404,true
3553,404,true
3554,404,true
3555,404,true
3556,404,true
3557,404,true
3558,404,true
3559,404,true
3560,404,true
3561,404,true
3562,404,true
3563,404,true
3564,404,true
3565,404,true
3566,404,true
3567,404,true
3568,404,true
3569,404,true
3570,404,true
3571,404,true
3572,404,true
3573,404,true
3574,404,true
3575,404,true
3576,404,true
3577,200,false
3578,200,false
3579,200,false
3580,200,false
3581,200,false
3582,200,false
3583,200,false
3584,200,false
3585,200,false
3586,200,false
3587,200,false
3588,200,false
3589,200,false
3590,200,false
3591,200,false
3592,200,false
3593,200,false
3594,200,false
3595,200,false
3596,200,false
3597,200,false
3598,200,false
3599,200,false
3600,200,false
3601,200,false
3602,200,false
3603,200,false
3604,200,false
3605,200,false
3606,200,false
3607,200,false
3608,200,false
3609,200,false
3610,200,false
3611,200,false
3612,200,false
3613,200,false
3614,200,false
3615,200,false
3616,200,false
3617,200,false
3618,200,false
3619,200,false
3620,200,false
3621,200,false
3622,200,false
3623,200,false
3624,200,false
3625,200,false
3626,200,false
3627,200,false
3628,200,false
3629,200,false
3630,200,false
3631,200,false
3632,200,false
3633,200,false
3634,200,false
3635,200,false
3636,200,false
3637,200,false
3638,200,false
3639,200,false
3640,200,false
3641,200,false
3642,200,false
3643,200,false
3644,200,false
3645,200,false
3646,200,false
3647,200,false
3648,200,false
3649,200,false
3650,500,true
3651,500,true
3652,500,true
3653,500,true
3654,500,true
3655,500,true
3656,500,true
3657,500,true
3658,500,true
3659,500,true
3660,500,true
3661,500,true
3662,500,true
3663,500,true
3664,500,true
3665,500,true
3666,500,true
3667,500,true
3668,500,true
3669,500,true
3670,500,true
3671,500,true
3672,500,true
3673,500,true
3674,500,true
3675,500,true
3676,500,true
3677,500,true
3678,500,true
3679,500,true
3680,500,true
3681,500,true
3682,500,true
3683,500,true
3684,500,true
3685,500,true
3686,500,true
3687,500,true
3688,500,true
3689,500,true
3690,500,true
3691,500,true
3692,500,true
3693,500,true
3694,500,true
3695,500,true
3696,500,true
3697,500,true
3698,500,true
3699,500,true
3700,500,true
3701,500,true
3702,500,true
3703,500,true
3704,500,true
3705,500,true
3706,500,true
3707,500,true
3708,500,true
3709,500,true
3710,500,true
3711,500,true
3712,500,true
3713,500,true
3714,500,true
3715,500,true
3716,500,true
3717,500,true
3718,500,true
3719,500,true
3720,500,true
3721,500,true
3722,500,true
3723,200,false
3724,200,false
3725,200,false
3726,200,false
3727,200,false
3728,200,false
3729,200,false
3730,200,false
3731,200,false
3732,200,false
3733,200,false
3734,200,false
3735,200,false
3736,200,false
3737,200,false
3738,200,false
3739,200,false
3740,200,false
3741,200,false
3742,200,false
3743,200,false
3744,200,false
3745,200,false
3746,200,false
3747,200,false
3748,200,false
3749,200,false
3750,200,false
3751,200,false
3752,200,false
3753,200,false
3754,200,false
3755,200,false
3756,200,false
3757,200,false
3758,200,false
3759,200,false
3760,200,false
3761,200,false
3762,200,false
3763,200,false
3764,200,false
3765,200,false
3766,200,false
3767,200,false
3768,200,false
3769,200,false
3770,200,false
3771,200,false
3772,200,false
3773,200,false
3774,200,false
3775,200,false
3776,200,false
3777,200,false
3778,200,false
3779,200,false
3780,200,false
3781,200,false
3782,200,false
3783,200,false
3784,200,false
3785,200,false
3786,200,false
3787,200,false
3788,200,false
3789,200,false
3790,200,false
3791,200,false
3792,200,false
3793,200,false
3794,200,false
3795,200,false
3796,500,true
3797,500,true
3798,500,true
3799,500,true
3800,500,true
3801,500,true
3802,500,true
3803,500,true
3804,500,true
3805,500,true
3806,500,true
3807,500,true
3808,500,true
3809,500,true
3810,500,true
3811,500,true
3812,500,true
3813,500,true
3814,500,true
3815,500,true
3816,500,true
3817,500,true
3818,500,true
3819,500,true
3820,500,true
3821,500,true
3822,500,true
3823,500,true
3824,500,true
3825,500,true
3826,500,true
3827,500,true
3828,500,true
3829,500,true
3830,500,true
3831,500,true
3832,500,true
3833,500,true
3834,500,true
3835,500,true
3836,500,true
3837,500,true
3838,500,true
3839,500,true
3840,500,true
3841,500,true
3842,500,true
3843,500,true
3844,500,true
3845,500,true
3846,500,true
3847,500,true
3848,500,true
3849,500,true
3850,500,true
3851,500,true
3852,500,true
3853,500,true
3854,500,true
3855,500,true
3856,500,true
3857,500,true
3858,500,true
3859,500,true
3860,500,true
3861,500,true
3862,500,true
3863,500,true
3864,500,true
3865,500,true
3866,500,true
3867,500,true
3868,500,true
3869,404,true
3870,404,true
3871,404,true
3872,404,true
3873,404,true
3874,404,true
3875,404,true
3876,404,true
3877,404,true
3878,404,true
3879,404,true
3880,404,true
3881,404,true
3882,404,true
3883,404,true
3884,404,true
3885,404,true
3886,404,true
3887,404,true
3888,404,true
3889,404,true
3890,404,true
3891,404,true
3892,404,true
3893,404,true
3894,404,true
3895,404,true
3896,404,true
3897,404,true
3898,404,true
3899,404,true
3900,404,true
3901,404,true
3902,404,true
3903,404,true
3904,404,true
3905,404,true
3906,404,true
3907,404,true
3908,404,true
3909,404,true
3910,404,true
3911,404,true
3912,404,true
3913,404,true
3914,404,true
3915,404,true
3916,404,true
3917,404,true
3918,404,true
3919,404,true
3920,404,true
3921,404,true
3922,404,true
3923,404,true
3924,404,true
3925,404,true
3926,404,true
3927,404,true
3928,404,true
3929,404,true
3930,404,true
3931,404,true
3932,404,true
3933,404,true
3934,404,true
3935,404,true
3936,404,true
3937,404,true
3938,404,true
3939,404,true
3940,404,true
3941,404,true
3942,404,true
3943,404,true
3944,404,true
3945,404,true
3946,404,true
3947,404,true
3948,404,true
3949,404,true
3950,404,true
3951,404,true
3952,404,true
3953,404,true
3954,404,true
3955,404,true
3956,404,true
3957,404,true
3958,404,true
3959,404,true
3960,404,true
3961,404,true
3962,404,true
3963,404,true
3964,404,true
3965,404,true
3966,404,true
3967,404,true
3968,404,true
3969,404,true
3970,404,true
3971,404,true
3972,404,true
3973,404,true
3974,404,true
3975,404,true
3976,404,true
3977,404,true
3978,404,true
3979,404,true
3980,404,true
3981,404,true
3982,404,true
3983,404,true
3984,404,true
3985,404,true
3986,404,true
3987,404,true
3988,404,true
3989,404,true
3990,404,true
3991,404,true
3992,404,true
3993,404,true
3994,404,true
3995,404,true
3996,404,true
3997,404,true
3998,404,true
3999,404,true
4000,404,true
4001,404,true
4002,404,true
4003,404,true
4004,404,true
4005,404,true
4006,404,true
4007,404,true
4008,404,true
4009,404,true
4010,404,true
4011,404,true
4012,404,true
4013,404,true
4014,404,true
4015,200,false
4016,200,false
4017,200,false
4018,200,false
4019,200,false
4020,200,false
4021,200,false
4022,200,false
4023,200,false
4024,200,false
4025,200,false
4026,200,false
4027,200,false
4028,200,false
4029,200,false
4030,200,false
4031,200,false
4032,200,false
4033,200,false
4034,200,false
4035,200,false
4036,200,false
4037,200,false
4038,200,false
4039,200,false
4040,200,false
4041,200,false
4042,200,false
4043,200,false
4044,200,false
4045,200,false
4046,200,false
4047,200,false
4048,200,false
4049,200,false
4050,200,false
4051,200,false
4052,200,false
4053,200,false
4054,200,false
4055,200,false
4056,200,false
4057,200,false
4058,200,false
4059,200,false
4060,200,false
4061,200,false
4062,200,false
4063,200,false
4064,200,false
4065,200,false
4066,200,false
4067,200,false
4068,200,false
4069,200,false
4070,200,false
4071,200,false
4072,200,false
4073,200,false
4074,200,false
4075,200,false
4076,200,false
4077,200,false
4078,200,false
4079,200,false
4080,200,false
4081,200,false
4082,200,false
4083,200,false
4084,200,false
4085,200,false
4086,200,false
4087,200,false
4088,200,false
4089,200,false
4090,200,false
4091,200,false
4092,200,false
4093,200,false
4094,200,false
4095,200,false
4096,200,false
4097,200,false
4098,200,false
4099,200,false
4100,200,false
4101,200,false
4102,200,false
4103,200,false
4104,200,false
4105,200,false
4106,200,false
4107,200,false
4108,200,false
4109,200,false
4110,200,false
4111,200,false
4112,200,false
4113,200,false
4114,200,false
4115,200,false
4116,200,false
4117,200,false
4118,200,false
4119,200,false
4120,200,false
4121,200,false
4122,200,false
4123,200,false
4124,200,false
4125,200,false
4126,200,false
4127,200,false
4128,200,false
4129,200,false
4130,200,false
4131,200,false
4132,200,false
4133,200,false
4134,200,false
4135,200,false
4136,200,false
4137,200,false
4138,200,false
4139,200,false
4140,200,false
4141,200,false
4142,200,false
4143,200,false
4144,200,false
4145,200,false
4146,200,false
4147,200,false
4148,200,false
4149,200,false
4150,200,false
4151,200,false
4152,200,false
4153,200,false
4154,200,false
4155,200,false
4156,200,false
4157,200,false
4158,200,false
4159,200,false
4160,200,false
4161,500,true
4162,500,true
4163,500,true
4164,500,true
4165,500,true
4166,500,true
4167,500,true
4168,500,true
4169,500,true
4170,500,true
4171,500,true
4172,500,true
4173,500,true
4174,500,true
4175,500,true
4176,500,true
4177,500,true
4178,500,true
4179,500,true
4180,500,true
4181,500,true
4182,500,true
4183,500,true
4184,500,true
4185,500,true
4186,500,true
4187,500,true
4188,500,true
4189,500,true
4190,500,true
4191,500,true
4192,500,true
4193,500,true
4194,500,true
4195,500,true
4196,500,true
4197,500,true
4198,500,true
4199,500,true
4200,500,true
4201,500,true
4202,500,true
4203,500,true
4204,500,true
4205,500,true
4206,500,true
4207,500,true
4208,500,true
4209,500,true
4210,500,true
4211,500,true
4212,500,true
4213,500,true
4214,500,true
4215,500,true
4216,500,true
4217,500,true
4218,500,true
4219,500,true
4220,500,true
4221,500,true
4222,500,true
4223,500,true
4224,500,true
4225,500,true
4226,500,true
4227,500,true
4228,500,true
4229,500,true
4230,500,true
4231,500,true
4232,500,true
4233,500,true
4234,200,false
4235,200,false
4236,200,false
4237,200,false
4238,200,false
4239,200,false
4240,200,false
4241,200,false
4242,200,false
4243,200,false
4244,200,false
4245,200,false
4246,200,false
4247,200,false
4248,200,false
4249,200,false
4250,200,false
4251,200,false
4252,200,false
4253,200,false
4254,200,false
4255,200,false
4256,200,false
4257,200,false
4258,200,false
4259,200,false
4260,200,false
4261,200,false
4262,200,false
4263,200,false
4264,200,false
4265,200,false
4266,200,false
4267,200,false
4268,200,false
4269,200,false
4270,200,false
4271,200,false
4272,200,false
4273,200,false
4274,200,false
4275,200,false
4276,200,false
4277,200,false
4278,200,false
4279,200,false
4280,200,false
4281,200,false
4282,200,false
4283,200,false
4284,200,false
4285,200,false
4286,200,false
4287,200,false
4288,200,false
4289,200,false
4290,200,false
4291,200,false
4292,200,false
4293,200,false
4294,200,false
4295,200,false
4296,200,false
4297,200,false
4298,200,false
4299,200,false
4300,200,false
4301,200,false
4302,200,false
4303,200,false
4304,200,false
4305,200,false
4306,200,false
4307,404,true
4308,404,true
4309,404,true
4310,404,true
4311,404,true
4312,404,true
4313,404,true
4314,404,true
4315,404,true
4316,404,true
4317,404,true
4318,404,true
4319,404,true
4320,404,true
4321,404,true
4322,404,true
4323,404,true
4324,404,true
4325,404,true
4326,404,true
4327,404,true
4328,404,true
4329,404,true
4330,404,true
4331,404,true
4332,404,true
4333,404,true
4334,404,true
4335,404,true
4336,404,true
4337,404,true
4338,404,true
4339,404,true
4340,404,true
4341,404,true
4342,404,true
4343,404,true
4344,404,true
4345,404,true
4346,404,true
4347,404,true
4348,404,true
4349,404,true
4350,404,true
4351,404,true
4352,404,true
4353,404,true
4354,404,true
4355,404,true
4356,404,true
4357,404,true
4358,404,true
4359,404,true
4360,404,true
4361,404,true
4362,404,true
4363,404,true
4364,404,true
4365,404,true
4366,404,true
4367,404,true
4368,404,true
4369,404,true
4370,404,true
4371,404,true
4372,404,true
4373,404,true
4374,404,true
4375,404,true
4376,404,true
4377,404,true
4378,404,true
4379,404,true
4380,500,true
4381,500,true
4382,500,true
4383,500,true
4384,500,true
4385,500,true
4386,500,true
4387,500,true
4388,500,true
4389,500,true
4390,500,true
4391,500,true
4392,500,true
4393,500,true
4394,500,true
4395,500,true
4396,500,true
4397,500,true
4398,500,true
4399,500,true
4400,500,true
4401,500,true
4402,500,true
4403,500,true
4404,500,true
4405,500,true
4406,500,true
4407,500,true
4408,500,true
4409,500,true
4410,500,true
4411,500,true
4412,500,true
4413,500,true
4414,500,true
4415,500,true
4416,500,true
4417,500,true
4418,500,true
4419,500,true
4420,500,true
4421,500,true
4422,500,true
4423,500,true
4424,500,true
4425,500,true
4426,500,true
4427,500,true
4428,500,true
4429,500,true
4430,500,true
4431,500,true
4432,500,true
4433,500,true
4434,500,true
4435,500,true
4436,500,true
4437,500,true
4438,500,true
4439,500,true
4440,500,true
4441,500,true
4442,500,true
4443,500,true
4444,500,true
4445,500,true
4446,500,true
4447,500,true
4448,500,true
4449,500,true
4450,500,true
4451,500,true
4452,500,true
4453,200,false
4454,200,false
4455,200,false
4456,200,false
4457,200,false
4458,200,false
4459,200,false
4460,200,false
4461,200,false
4462,200,false
4463,200,false
4464,200,false
4465,200,false
4466,200,false
4467,200,false
4468,200,false
4469,200,false
4470,200,false
4471,200,false
4472,200,false
4473,200,false
4474,200,false
4475,200,false
4476,200,false
4477,200,false
4478,200,false
4479,200,false
4480,200,false
4481,200,false
4482,200,false
4483,200,false
4484,200,false
4485,200,false
4486,200,false
4487,200,false
4488,200,false
4489,200,false
4490,200,false
4491,200,false
4492,200,false
4493,200,false
4494,200,false
4495,200,false
4496,200,false
4497,200,false
4498,200,false
4499,200,false
4500,200,false
4501,200,false
4502,200,false
4503,200,false
4504,200,false
4505,200,false
4506,200,false
4507,200,false
4508,200,false
4509,200,false
4510,200,false
4511,200,false
4512,200,false
4513,200,false
4514,200,false
4515,200,false
4516,200,false
4517,200,false
4518,200,false
4519,200,false
4520,200,false
4521,200,false
4522,200,false
4523,200,false
4524,200,false
4525,200,false
4526,200,false
4527,200,false
4528,200,false
4529,200,false
4530,200,false
4531,200,false
4532,200,false
4533,200,false
4534,200,false
4535,200,false
4536,200,false
4537,200,false
4538,200,false
4539,200,false
4540,200,false
4541,200,false
4542,200,false
4543,200,false
4544,200,false
4545,200,false
4546,200,false
4547,200,false
4548,200,false
4549,200,false
4550,200,false
4551,200,false
4552,200,false
4553,200,false
4554,200,false
4555,200,false
4556,200,false
4557,200,false
4558,200,false
4559,200,false
4560,200,false
4561,200,false
4562,200,false
4563,200,false
4564,200,false
4565,200,false
4566,200,false
4567,200,false
4568,200,false
4569,200,false
4570,200,false
4571,200,false
4572,200,false
4573,200,false
4574,200,false
4575,200,false
4576,200,false
4577,200,false
4578,200,false
4579,200,false
4580,200,false
4581,200,false
4582,200,false
4583,200,false
4584,200,false
4585,200,false
4586,200,false
4587,200,false
4588,200,false
4589,200,false
4590,200,false
4591,200,false
4592,200,false
4593,200,false
4594,200,false
4595,200,false
4596,200,false
4597,200,false
4598,200,false
4599,500,true
4600,500,true
4601,500,true
4602,500,true
4603,500,true
4604,500,true
4605,500,true
4606,500,true
4607,500,true
4608,500,true
4609,500,true
4610,500,true
4611,500,true
4612,500,true
4613,500,true
4614,500,true
4615,500,true
4616,500,true
4617,500,true
4618,500,true
4619,500,true
4620,500,true
4621,500,true
4622,500,true
4623,500,true
4624,500,true
4625,500,true
4626,500,true
4627,500,true
4628,500,true
4629,500,true
4630,500,true
4631,500,true
4632,500,true
4633,500,true
4634,500,true
4635,500,true
4636,500,true
4637,500,true
4638,500,true
4639,500,true
4640,500,true
4641,500,true
4642,500,true
4643,500,true
4644,500,true
4645,500,true
4646,500,true
4647,500,true
4648,500,true
4649,500,true
4650,500,true
4651,500,true
4652,500,true
4653,500,true
4654,500,true
4655,500,true
4656,500,true
4657,500,true
4658,500,true
4659,500,true
4660,500,true
4661,500,true
4662,500,true
4663,500,true
4664,500,true
4665,500,true
4666,500,true
4667,500,true
4668,500,true
4669,500,true
4670,500,true
4671,500,true
4672,500,true
4673,500,true
4674,500,true
4675,500,true
4676,500,true
4677,500,true
4678,500,true
4679,500,true
4680,500,true
4681,500,true
4682,500,true
4683,500,true
4684,500,true
4685,500,true
4686,500,true
4687,500,true
4688,500,true
4689,500,true
4690,500,true
4691,500,true
4692,500,true
4693,500,true
4694,500,true
4695,500,true
4696,500,true
4697,500,true
4698,500,true
4699,500,true
4700,500,true
4701,500,true
4702,500,true
4703,500,true
4704,500,true
4705,500,true
4706,500,true
4707,500,true
4708,500,true
4709,500,true
4710,500,true
4711,500,true
4712,500,true
4713,500,true
4714,500,true
4715,500,true
4716,500,true
4717,500,true
4718,500,true
4719,500,true
4720,500,true
4721,500,true
4722,500,true
4723,500,true
4724,500,true
4725,500,true
4726,500,true
4727,500,true
4728,500,true
4729,500,true
4730,500,true
4731,500,true
4732,500,true
4733,500,true
4734,500,true
4735,500,true
4736,500,true
4737,500,true
4738,500,true
4739,500,true
4740,500,true
4741,500,true
4742,500,true
4743,500,true
4744,500,true
4745,500,true
4746,500,true
4747,500,true
4748,500,true
4749,500,true
4750,500,true
4751,500,true
4752,500,true
4753,500,true
4754,500,true
4755,500,true
4756,500,true
4757,500,true
4758,500,true
4759,500,true
4760,500,true
4761,500,true
4762,500,true
4763,500,true
4764,500,true
4765,500,true
4766,500,true
4767,500,true
4768,500,true
4769,500,true
4770,500,true
4771,500,true
4772,500,true
4773,500,true
4774,500,true
4775,500,true
4776,500,true
4777,500,true
4778,500,true
4779,500,true
4780,500,true
4781,500,true
4782,500,true
4783,500,true
4784,500,true
4785,500,true
4786,500,true
4787,500,true
4788,500,true
4789,500,true
4790,500,true
4791,500,true
4792,500,true
4793,500,true
4794,500,true
4795,500,true
4796,500,true
4797,500,true
4798,500,true
4799,500,true
4800,500,true
4801,500,true
4802,500,true
4803,500,true
4804,500,true
4805,500,true
4806,500,true
4807,500,true
4808,500,true
4809,500,true
4810,500,true
4811,500,true
4812,500,true
4813,500,true
4814,500,true
4815,500,true
4816,500,true
4817,500,true
4818,500,true
4819,500,true
4820,500,true
4821,500,true
4822,500,true
4823,500,true
4824,500,true
4825,500,true
4826,500,true
4827,500,true
4828,500,true
4829,500,true
4830,500,true
4831,500,true
4832,500,true
4833,500,true
4834,500,true
4835,500,true
4836,500,true
4837,500,true
4838,500,true
4839,500,true
4840,500,true
4841,500,true
4842,500,true
4843,500,true
4844,500,true
4845,500,true
4846,500,true
4847,500,true
4848,500,true
4849,500,true
4850,500,true
4851,500,true
4852,500,true
4853,500,true
4854,500,true
4855,500,true
4856,500,true
4857,500,true
4858,500,true
4859,500,true
4860,500,true
4861,500,true
4862,500,true
4863,500,true
4864,500,true
4865,500,true
4866,500,true
4867,500,true
4868,500,true
4869,500,true
4870,500,true
4871,500,true
4872,500,true
4873,500,true
4874,500,true
4875,500,true
4876,500,true
4877,500,true
4878,500,true
4879,500,true
4880,500,true
4881,500,true
4882,500,true
4883,500,true
4884,500,true
4885,500,true
4886,500,true
4887,500,true
4888,500,true
4889,500,true
4890,500,true
4891,500,true
4892,500,true
4893,500,true
4894,500,true
4895,500,true
4896,500,true
4897,500,true
4898,500,true
4899,500,true
4900,500,true
4901,500,true
4902,500,true
4903,500,true
4904,500,true
4905,500,true
4906,500,true
4907,500,true
4908,500,true
4909,500,true
4910,500,true
4911,500,true
4912,500,true
4913,500,true
4914,500,true
4915,500,true
4916,500,true
4917,500,true
4918,500,true
4919,500,true
4920,500,true
4921,500,true
4922,500,true
4923,500,true
4924,500,true
4925,500,true
4926,500,true
4927,500,true
4928,500,true
4929,500,true
4930,500,true
4931,500,true
4932,500,true
4933,500,true
4934,500,true
4935,500,true
4936,500,true
4937,500,true
4938,500,true
4939,500,true
4940,500,true
4941,500,true
4942,500,true
4943,500,true
4944,500,true
4945,500,true
4946,500,true
4947,500,true
4948,500,true
4949,500,true
4950,500,true
4951,500,true
4952,500,true
4953,500,true
4954,500,true
4955,500,true
4956,500,true
4957,500,true
4958,500,true
4959,500,true
4960,500,true
4961,500,true
4962,500,true
4963,500,true
4964,404,true
4965,404,true
4966,404,true
4967,404,true
4968,404,true
4969,404,true
4970,404,true
4971,404,true
4972,404,true
4973,404,true
4974,404,true
4975,404,true
4976,404,true
4977,404,true
4978,404,true
4979,404,true
4980,404,true
4981,404,true
4982,404,true
4983,404,true
4984,404,true
4985,404,true
4986,404,true
4987,404,true
4988,404,true
4989,404,true
4990,404,true
4991,404,true
4992,404,true
4993,404,true
4994,404,true
4995,404,true
4996,404,true
4997,404,true
4998,404,true
4999,404,true
5000,404,true
5001,404,true
5002,404,true
5003,404,true
5004,404,true
5005,404,true
5006,404,true
5007,404,true
5008,404,true
5009,404,true
5010,404,true
5011,404,true
5012,404,true
5013,404,true
5014,404,true
5015,404,true
5016,404,true
5017,404,true
5018,404,true
5019,404,true
5020,404,true
5021,404,true
5022,404,true
5023,404,true
5024,404,true
5025,404,true
5026,404,true
5027,404,true
5028,404,true
5029,404,true
5030,404,true
5031,404,true
5032,404,true
5033,404,true
5034,404,true
5035,404,true
5036,404,true
5037,500,true
5038,500,true
5039,500,true
5040,500,true
5041,500,true
5042,500,true
5043,500,true
5044,500,true
5045,500,true
5046,500,true
5047,500,true
5048,500,true
5049,500,true
5050,500,true
5051,500,true
5052,500,true
5053,500,true
5054,500,true
5055,500,true
5056,500,true
5057,500,true
5058,500,true
5059,500,true
5060,500,true
5061,500,true
5062,500,true
5063,500,true
5064,500,true
5065,500,true
5066,500,true
5067,500,true
5068,500,true
5069,500,true
5070,500,true
5071,500,true
5072,500,true
5073,500,true
5074,500,true
5075,500,true
5076,500,true
5077,500,true
5078,500,true
5079,500,true
5080,500,true
5081,500,true
5082,500,true
5083,500,true
5084,500,true
5085,500,true
5086,500,true
5087,500,true
5088,500,true
5089,500,true
5090,500,true
5091,500,true
5092,500,true
5093,500,true
5094,500,true
5095,500,true
5096,500,true
5097,500,true
5098,500,true
5099,500,true
5100,500,true
5101,500,true
5102,500,true
5103,500,true
5104,500,true
5105,500,true
5106,500,true
5107,500,true
5108,500,true
5109,500,true
5110,404,true
5111,404,true
5112,404,true
5113,404,true
5114,404,true
5115,404,true
5116,404,true
5117,404,true
5118,404,true
5119,404,true
5120,404,true
5121,404,true
5122,404,true
5123,404,true
5124,404,true
5125,404,true
5126,404,true
5127,404,true
5128,404,true
5129,404,true
5130,404,true
5131,404,true
5132,404,true
5133,404,true
5134,404,true
5135,404,true
5136,404,true
5137,404,true
5138,404,true
5139,404,true
5140,404,true
5141,404,true
5142,404,true
5143,404,true
5144,404,true
5145,404,true
5146,404,true
5147,404,true
5148,404,true
5149,404,true
5150,404,true
5151,404,true
5152,404,true
5153,404,true
5154,404,true
5155,404,true
5156,404,true
5157,404,true
5158,404,true
5159,404,true
5160,404,true
5161,404,true
5162,404,true
5163,404,true
5164,404,true
5165,404,true
5166,404,true
5167,404,true
5168,404,true
5169,404,true
5170,404,true
5171,404,true
5172,404,true
5173,404,true
5174,404,true
5175,404,true
5176,404,true
5177,404,true
5178,404,true
5179,404,true
5180,404,true
5181,404,true
5182,404,true
5183,200,false
5184,200,false
5185,200,false
5186,200,false
5187,200,false
5188,200,false
5189,200,false
5190,200,false
5191,200,false
5192,200,false
5193,200,false
5194,200,false
5195,200,false
5196,200,false
5197,200,false
5198,200,false
5199,200,false
5200,200,false
5201,200,false
5202,200,false
5203,200,false
5204,200,false
5205,200,false
5206,200,false
5207,200,false
5208,200,false
5209,200,false
5210,200,false
5211,200,false
5212,200,false
5213,200,false
5214,200,false
5215,200,false
5216,200,false
5217,200,false
5218,200,false
5219,200,false
5220,200,false
5221,200,false
5222,200,false
5223,200,false
5224,200,false
5225,200,false
5226,200,false
5227,200,false
5228,200,false
5229,200,false
5230,200,false
5231,200,false
5232,200,false
5233,200,false
5234,200,false
5235,200,false
5236,200,false
5237,200,false
5238,200,false
5239,200,false
5240,200,false
5241,200,false
5242,200,false
5243,200,false
5244,200,false
5245,200,false
5246,200,false
5247,200,false
5248,200,false
5249,200,false
5250,200,false
5251,200,false
5252,200,false
5253,200,false
5254,200,false
5255,200,false
5256,200,false
5257,200,false
5258,200,false
5259,200,false
5260,200,false
5261,200,false
5262,200,false
5263,200,false
5264,200,false
5265,200,false
5266,200,false
5267,200,false
5268,200,false
5269,200,false
5270,200,false
5271,200,false
5272,200,false
5273,200,false
5274,200,false
5275,200,false
5276,200,false
5277,200,false
5278,200,false
5279,200,false
5280,200,false
5281,200,false
5282,200,false
5283,200,false
5284,200,false
5285,200,false
5286,200,false
5287,200,false
5288,200,false
5289,200,false
5290,200,false
5291,200,false
5292,200,false
5293,200,false
5294,200,false
5295,200,false
5296,200,false
5297,200,false
5298,200,false
5299,200,false
5300,200,false
5301,200,false
5302,200,false
5303,200,false
5304,200,false
5305,200,false
5306,200,false
5307,200,false
5308,200,false
5309,200,false
5310,200,false
5311,200,false
5312,200,false
5313,200,false
5314,200,false
5315,200,false
5316,200,false
5317,200,false
5318,200,false
5319,200,false
5320,200,false
5321,200,false
5322,200,false
5323,200,false
5324,200,false
5325,200,false
5326,200,false
5327,200,false
5328,200,false
5329,404,true
5330,404,true
5331,404,true
5332,404,true
5333,404,true
5334,404,true
5335,404,true
5336,404,true
5337,404,true
5338,404,true
5339,404,true
5340,404,true
5341,404,true
5342,404,true
5343,404,true
5344,404,true
5345,404,true
5346,404,true
5347,404,true
5348,404,true
5349,404,true
5350,404,true
5351,404,true
5352,404,true
5353,404,true
5354,404,true
5355,404,true
5356,404,true
5357,404,true
5358,404,true
5359,404,true
5360,404,true
5361,404,true
5362,404,true
5363,404,true
5364,404,true
5365,404,true
5366,404,true
5367,404,true
5368,404,true
5369,404,true
5370,404,true
5371,404,true
5372,404,true
5373,404,true
5374,404,true
5375,404,true
5376,404,true
5377,404,true
5378,404,true
5379,404,true
5380,404,true
5381,404,true
5382,404,true
5383,404,true
5384,404,true
5385,404,true
5386,404,true
5387,404,true
5388,404,true
5389,404,true
5390,404,true
5391,404,true
5392,404,true
5393,404,true
5394,404,true
5395,404,true
5396,404,true
5397,404,true
5398,404,true
5399,404,true
5400,404,true
5401,404,true
5402,200,false
5403,200,false
5404,200,false
5405,200,false
5406,200,false
5407,200,false
5408,200,false
5409,200,false
5410,200,false
5411,200,false
5412,200,false
5413,200,false
5414,200,false
5415,200,false
5416,200,false
5417,200,false
5418,200,false
5419,200,false
5420,200,false
5421,200,false
5422,200,false
5423,200,false
5424,200,false
5425,200,false
5426,200,false
5427,200,false
5428,200,false
5429,200,false
5430,200,false
5431,200,false
5432,200,false
5433,200,false
5434,200,false
5435,200,false
5436,200,false
5437,200,false
5438,200,false
5439,200,false
5440,200,false
5441,200,false
5442,200,false
5443,200,false
5444,200,false
5445,200,false
5446,200,false
5447,200,false
5448,200,false
5449,200,false
5450,200,false
5451,200,false
5452,200,false
5453,200,false
5454,200,false
5455,200,false
5456,200,false
5457,200,false
5458,200,false
5459,200,false
5460,200,false
5461,200,false
5462,200,false
5463,200,false
5464,200,false
5465,200,false
5466,200,false
5467,200,false
5468,200,false
5469,200,false
5470,200,false
5471,200,false
5472,200,false
5473,200,false
5474,200,false
5475,200,false
5476,200,false
5477,200,false
5478,200,false
5479,200,false
5480,200,false
5481,200,false
5482,200,false
5483,200,false
5484,200,false
5485,200,false
5486,200,false
5487,200,false
5488,200,false
5489,200,false
5490,200,false
5491,200,false
5492,200,false
5493,200,false
5494,200,false
5495,200,false
5496,200,false
5497,200,false
5498,200,false
5499,200,false
5500,200,false
5501,200,false
5502,200,false
5503,200,false
5504,200,false
5505,200,false
5506,200,false
5507,200,false
5508,200,false
5509,200,false
5510,200,false
5511,200,false
5512,200,false
5513,200,false
5514,200,false
5515,200,false
5516,200,false
5517,200,false
5518,200,false
5519,200,false
5520,200,false
5521,200,false
5522,200,false
5523,200,false
5524,200,false
5525,200,false
5526,200,false
5527,200,false
5528,200,false
5529,200,false
5530,200,false
5531,200,false
5532,200,false
5533,200,false
5534,200,false
5535,200,false
5536,200,false
5537,200,false
5538,200,false
5539,200,false
5540,200,false
5541,200,false
5542,200,false
5543,200,false
5544,200,false
5545,200,false
5546,200,false
5547,200,false
5548,404,true
5549,404,true
5550,404,true
5551,404,true
5552,404,true
5553,404,true
5554,404,true
5555,404,true
5556,404,true
5557,404,true
5558,404,true
5559,404,true
5560,404,true
5561,404,true
5562,404,true
5563,404,true
5564,404,true
5565,404,true
5566,404,true
5567,404,true
5568,404,true
5569,404,true
5570,404,true
5571,404,true
5572,404,true
5573,404,true
5574,404,true
5575,404,true
5576,404,true
5577,404,true
5578,404,true
5579,404,true
5580,404,true
5581,404,true
5582,404,true
5583,404,true
5584,404,true
5585,404,true
5586,404,true
5587,404,true
5588,404,true
5589,404,true
5590,404,true
5591,404,true
5592,404,true
5593,404,true
5594,404,true
5595,404,true
5596,404,true
5597,404,true
5598,404,true
5599,404,true
5600,404,true
5601,404,true
5602,404,true
5603,404,true
5604,404,true
5605,404,true
5606,404,true
5607,404,true
5608,404,true
5609,404,true
5610,404,true
5611,404,true
5612,404,true
5613,404,true
5614,404,true
5615,404,true
5616,404,true
5617,404,true
5618,404,true
5619,404,true
5620,404,true
5621,404,true
5622,404,true
5623,404,true
5624,404,true
5625,404,true
5626,404,true
5627,404,true
5628,404,true
5629,404,true
5630,404,true
5631,404,true
5632,404,true
5633,404,true
5634,404,true
5635,404,true
5636,404,true
5637,404,true
5638,404,true
5639,404,true
5640,404,true
5641,404,true
5642,404,true
5643,404,true
5644,404,true
5645,404,true
5646,404,true
5647,404,true
5648,404,true
5649,404,true
5650,404,true
5651,404,true
5652,404,true
5653,404,true
5654,404,true
5655,404,true
5656,404,true
5657,404,true
5658,404,true
5659,404,true
5660,404,true
5661,404,true
5662,404,true
5663,404,true
5664,404,true
5665,404,true
5666,404,true
5667,404,true
5668,404,true
5669,404,true
5670,404,true
5671,404,true
5672,404,true
5673,404,true
5674,404,true
5675,404,true
5676,404,true
5677,404,true
5678,404,true
5679,404,true
5680,404,true
5681,404,true
5682,404,true
5683,404,true
5684,404,true
5685,404,true
5686,404,true
5687,404,true
5688,404,true
5689,404,true
5690,404,true
5691,404,true
5692,404,true
5693,404,true
5694,200,false
5695,200,false
5696,200,false
5697,200,false
5698,200,false
5699,200,false
5700,200,false
5701,200,false
5702,200,false
5703,200,false
5704,200,false
5705,200,false
5706,200,false
5707,200,false
5708,200,false
5709,200,false
5710,200,false
5711,200,false
5712,200,false
5713,200,false
5714,200,false
5715,200,false
5716,200,false
5717,200,false
5718,200,false
5719,200,false
5720,200,false
5721,200,false
5722,200,false
5723,200,false
5724,200,false
5725,200,false
5726,200,false
5727,200,false
5728,200,false
5729,200,false
5730,200,false
5731,200,false
5732,200,false
5733,200,false
5734,200,false
5735,200,false
5736,200,false
5737,200,false
5738,200,false
5739,200,false
5740,200,false
5741,200,false
5742,200,false
5743,200,false
5744,200,false
5745,200,false
5746,200,false
5747,200,false
5748,200,false
5749,200,false
5750,200,false
5751,200,false
5752,200,false
5753,200,false
5754,200,false
5755,200,false
5756,200,false
5757,200,false
5758,200,false
5759,200,false
5760,200,false
5761,200,false
5762,200,false
5763,200,false
5764,200,false
5765,200,false
5766,200,false
5767,200,false
5768,200,false
5769,200,false
5770,200,false
5771,200,false
5772,200,false
5773,200,false
5774,200,false
5775,200,false
5776,200,false
5777,200,false
5778,200,false
5779,200,false
5780,200,false
5781,200,false
5782,200,false
5783,200,false
5784,200,false
5785,200,false
5786,200,false
5787,200,false
5788,200,false
5789,200,false
5790,200,false
5791,200,false
5792,200,false
5793,200,false
5794,200,false
5795,200,false
5796,200,false
5797,200,false
5798,200,false
5799,200,false
5800,200,false
5801,200,false
5802,200,false
5803,200,false
5804,200,false
5805,200,false
5806,200,false
5807,200,false
5808,200,false
5809,200,false
5810,200,false
5811,200,false
5812,200,false
5813,200,false
5814,200,false
5815,200,false
5816,200,false
5817,200,false
5818,200,false
5819,200,false
5820,200,false
5821,200,false
5822,200,false
5823,200,false
5824,200,false
5825,200,false
5826,200,false
5827,200,false
5828,200,false
5829,200,false
5830,200,false
5831,200,false
5832,200,false
5833,200,false
5834,200,false
5835,200,false
5836,200,false
5837,200,false
5838,200,false
5839,200,false
5840,500,true
5841,500,true
5842,500,true
5843,500,true
5844,500,true
5845,500,true
5846,500,true
5847,500,true
5848,500,true
5849,500,true
5850,500,true
5851,500,true
5852,500,true
5853,500,true
5854,500,true
5855,500,true
5856,500,true
5857,500,true
5858,500,true
5859,500,true
5860,500,true
5861,500,true
5862,500,true
5863,500,true
5864,500,true
5865,500,true
5866,500,true
5867,500,true
5868,500,true
5869,500,true
5870,500,true
5871,500,true
5872,500,true
5873,500,true
5874,500,true
5875,500,true
5876,500,true
5877,500,true
5878,500,true
5879,500,true
5880,500,true
5881,500,true
5882,500,true
5883,500,true
5884,500,true
5885,500,true
5886,500,true
5887,500,true
5888,500,true
5889,500,true
5890,500,true
5891,500,true
5892,500,true
5893,500,true
5894,500,true
5895,500,true
5896,500,true
5897,500,true
5898,500,true
5899,500,true
5900,500,true
5901,500,true
5902,500,true
5903,500,true
5904,500,true
5905,500,true
5906,500,true
5907,500,true
5908,500,true
5909,500,true
5910,500,true
5911,500,true
5912,500,true
5913,200,false
5914,200,false
5915,200,false
5916,200,false
5917,200,false
5918,200,false
5919,200,false
5920,200,false
5921,200,false
5922,200,false
5923,200,false
5924,200,false
5925,200,false
5926,200,false
5927,200,false
5928,200,false
5929,200,false
5930,200,false
5931,200,false
5932,200,false
5933,200,false
5934,200,false
5935,200,false
5936,200,false
5937,200,false
5938,200,false
5939,200,false
5940,200,false
5941,200,false
5942,200,false
5943,200,false
5944,200,false
5945,200,false
5946,200,false
5947,200,false
5948,200,false
5949,200,false
5950,200,false
5951,200,false
5952,200,false
5953,200,false
5954,200,false
5955,200,false
5956,200,false
5957,200,false
5958,200,false
5959,200,false
5960,200,false
5961,200,false
5962,200,false
5963,200,false
5964,200,false
5965,200,false
5966,200,false
5967,200,false
5968,200,false
5969,200,false
5970,200,false
5971,200,false
5972,200,false
5973,200,false
5974,200,false
5975,200,false
5976,200,false
5977,200,false
5978,200,false
5979,200,false
5980,200,false
5981,200,false
5982,200,false
5983,200,false
5984,200,false
5985,200,false
5986,404,true
5987,404,true
5988,404,true
5989,404,true
5990,404,true
5991,404,true
5992,404,true
5993,404,true
5994,404,true
5995,404,true
5996,404,true
5997,404,true
5998,404,true
5999,404,true
6000,404,true
6001,404,true
6002,404,true
6003,404,true
6004,404,true
6005,404,true
6006,404,true
6007,404,true
6008,404,true
6009,404,true
6010,404,true
6011,404,true
6012,404,true
6013,404,true
6014,404,true
6015,404,true
6016,404,true
6017,404,true
6018,404,true
6019,404,true
6020,404,true
6021,404,true
6022,404,true
6023,404,true
6024,404,true
6025,404,true
6026,404,true
6027,404,true
6028,404,true
6029,404,true
6030,404,true
6031,404,true
6032,404,true
6033,404,true
6034,404,true
6035,404,true
6036,404,true
6037,404,true
6038,404,true
6039,404,true
6040,404,true
6041,404,true
6042,404,true
6043,404,true
6044,404,true
6045,404,true
6046,404,true
6047,404,true
6048,404,true
6049,404,true
6050,404,true
6051,404,true
6052,404,true
6053,404,true
6054,404,true
6055,404,true
6056,404,true
6057,404,true
6058,404,true
6059,200,false
6060,200,false
6061,200,false
6062,200,false
6063,200,false
6064,200,false
6065,200,false
6066,200,false
6067,200,false
6068,200,false
6069,200,false
6070,200,false
6071,200,false
6072,200,false
6073,200,false
6074,200,false
6075,200,false
6076,200,false
6077,200,false
6078,200,false
6079,200,false
6080,200,false
6081,200,false
6082,200,false
6083,200,false
6084,200,false
6085,200,false
6086,200,false
6087,200,false
6088,200,false
6089,200,false
6090,200,false
6091,200,false
6092,200,false
6093,200,false
6094,200,false
6095,200,false
6096,200,false
6097,200,false
6098,200,false
6099,200,false
6100,200,false
6101,200,false
6102,200,false
6103,200,false
6104,200,false
6105,200,false
6106,200,false
6107,200,false
6108,200,false
6109,200,false
6110,200,false
6111,200,false
6112,200,false
6113,200,false
6114,200,false
6115,200,false
6116,200,false
6117,200,false
6118,200,false
6119,200,false
6120,200,false
6121,200,false
6122,200,false
6123,200,false
6124,200,false
6125,200,false
6126,200,false
6127,200,false
6128,200,false
6129,200,false
6130,200,false
6131,200,false
6132,200,false
6133,200,false
6134,200,false
6135,200,false
6136,200,false
6137,200,false
6138,200,false
6139,200,false
6140,200,false
6141,200,false
6142,200,false
6143,200,false
6144,200,false
6145,200,false
6146,200,false
6147,200,false
6148,200,false
6149,200,false
6150,200,false
6151,200,false
6152,200,false
6153,200,false
6154,200,false
6155,200,false
6156,200,false
6157,200,false
6158,200,false
6159,200,false
6160,200,false
6161,200,false
6162,200,false
6163,200,false
6164,200,false
6165,200,false
6166,200,false
6167,200,false
6168,200,false
6169,200,false
6170,200,false
6171,200,false
6172,200,false
6173,200,false
6174,200,false
6175,200,false
6176,200,false
6177,200,false
6178,200,false
6179,200,false
6180,200,false
6181,200,false
6182,200,false
6183,200,false
6184,200,false
6185,200,false
6186,200,false
6187,200,false
6188,200,false
6189,200,false
6190,200,false
6191,200,false
6192,200,false
6193,200,false
6194,200,false
6195,200,false
6196,200,false
6197,200,false
6198,200,false
6199,200,false
6200,200,false
6201,200,false
6202,200,false
6203,200,false
6204,200,false
6205,404,true
6206,404,true
6207,404,true
6208,404,true
6209,404,true
6210,404,true
6211,404,true
6212,404,true
6213,404,true
6214,404,true
6215,404,true
6216,404,true
6217,404,true
6218,404,true
6219,404,true
6220,404,true
6221,404,true
6222,404,true
6223,404,true
6224,404,true
6225,404,true
6226,404,true
6227,404,true
6228,404,true
6229,404,true
6230,404,true
6231,404,true
6232,404,true
6233,404,true
6234,404,true
6235,404,true
6236,404,true
6237,404,true
6238,404,true
6239,404,true
6240,404,true
6241,404,true
6242,404,true
6243,404,true
6244,404,true
6245,404,true
6246,404,true
6247,404,true
6248,404,true
6249,404,true
6250,404,true
6251,404,true
6252,404,true
6253,404,true
6254,404,true
6255,404,true
6256,404,true
6257,404,true
6258,404,true
6259,404,true
6260,404,true
6261,404,true
6262,404,true
6263,404,true
6264,404,true
6265,404,true
6266,404,true
6267,404,true
6268,404,true
6269,404,true
6270,404,true
6271,404,true
6272,404,true
6273,404,true
6274,404,true
6275,404,true
6276,404,true
6277,404,true
6278,200,false
6279,200,false
6280,200,false
6281,200,false
6282,200,false
6283,200,false
6284,200,false
6285,200,false
6286,200,false
6287,200,false
6288,200,false
6289,200,false
6290,200,false
6291,200,false
6292,200,false
6293,200,false
6294,200,false
6295,200,false
6296,200,false
6297,200,false
6298,200,false
6299,200,false
6300,200,false
6301,200,false
6302,200,false
6303,200,false
6304,200,false
6305,200,false
6306,200,false
6307,200,false
6308,200,false
6309,200,false
6310,200,false
6311,200,false
6312,200,false
6313,200,false
6314,200,false
6315,200,false
6316,200,false
6317,200,false
6318,200,false
6319,200,false
6320,200,false
6321,200,false
6322,200,false
6323,200,false
6324,200,false
6325,200,false
6326,200,false
6327,200,false
6328,200,false
6329,200,false
6330,200,false
6331,200,false
6332,200,false
6333,200,false
6334,200,false
6335,200,false
6336,200,false
6337,200,false
6338,200,false
6339,200,false
6340,200,false
6341,200,false
6342,200,false
6343,200,false
6344,200,false
6345,200,false
6346,200,false
6347,200,false
6348,200,false
6349,200,false
6350,200,false
6351,200,false
6352,200,false
6353,200,false
6354,200,false
6355,200,false
6356,200,false
6357,200,false
6358,200,false
6359,200,false
6360,200,false
6361,200,false
6362,200,false
6363,200,false
6364,200,false
6365,200,false
6366,200,false
6367,200,false
6368,200,false
6369,200,false
6370,200,false
6371,200,false
6372,200,false
6373,200,false
6374,200,false
6375,200,false
6376,200,false
6377,200,false
6378,200,false
6379,200,false
6380,200,false
6381,200,false
6382,200,false
6383,200,false
6384,200,false
6385,200,false
6386,200,false
6387,200,false
6388,200,false
6389,200,false
6390,200,false
6391,200,false
6392,200,false
6393,200,false
6394,200,false
6395,200,false
6396,200,false
6397,200,false
6398,200,false
6399,200,false
6400,200,false
6401,200,false
6402,200,false
6403,200,false
6404,200,false
6405,200,false
6406,200,false
6407,200,false
6408,200,false
6409,200,false
6410,200,false
6411,200,false
6412,200,false
6413,200,false
6414,200,false
6415,200,false
6416,200,false
6417,200,false
6418,200,false
6419,200,false
6420,200,false
6421,200,false
6422,200,false
6423,200,false
6424,200,false
6425,200,false
6426,200,false
6427,200,false
6428,200,false
6429,200,false
6430,200,false
6431,200,false
6432,200,false
6433,200,false
6434,200,false
6435,200,false
6436,200,false
6437,200,false
6438,200,false
6439,200,false
6440,200,false
6441,200,false
6442,200,false
6443,200,false
6444,200,false
6445,200,false
6446,200,false
6447,200,false
6448,200,false
6449,200,false
6450,200,false
6451,200,false
6452,200,false
6453,200,false
6454,200,false
6455,200,false
6456,200,false
6457,200,false
6458,200,false
6459,200,false
6460,200,false
6461,200,false
6462,200,false
6463,200,false
6464,200,false
6465,200,false
6466,200,false
6467,200,false
6468,200,false
6469,200,false
6470,200,false
6471,200,false
6472,200,false
6473,200,false
6474,200,false
6475,200,false
6476,200,false
6477,200,false
6478,200,false
6479,200,false
6480,200,false
6481,200,false
6482,200,false
6483,200,false
6484,200,false
6485,200,false
6486,200,false
6487,200,false
6488,200,false
6489,200,false
6490,200,false
6491,200,false
6492,200,false
6493,200,false
6494,200,false
6495,200,false
6496,200,false
6497,500,true
6498,500,true
6499,500,true
6500,500,true
6501,500,true
6502,500,true
6503,500,true
6504,500,true
6505,500,true
6506,500,true
6507,500,true
6508,500,true
6509,500,true
6510,500,true
6511,500,true
6512,500,true
6513,500,true
6514,500,true
6515,500,true
6516,500,true
6517,500,true
6518,500,true
6519,500,true
6520,500,true
6521,500,true
6522,500,true
6523,500,true
6524,500,true
6525,500,true
6526,500,true
6527,500,true
6528,500,true
6529,500,true
6530,500,true
6531,500,true
6532,500,true
6533,500,true
6534,500,true
6535,500,true
6536,500,true
6537,500,true
6538,500,true
6539,500,true
6540,500,true
6541,500,true
6542,500,true
6543,500,true
6544,500,true
6545,500,true
6546,500,true
6547,500,true
6548,500,true
6549,500,true
6550,500,true
6551,500,true
6552,500,true
6553,500,true
6554,500,true
6555,500,true
6556,500,true
6557,500,true
6558,500,true
6559,500,true
6560,500,true
6561,500,true
6562,500,true
6563,500,true
6564,500,true
6565,500,true
6566,500,true
6567,500,true
6568,500,true
6569,500,true
6570,404,true
6571,404,true
6572,404,true
6573,404,true
6574,404,true
6575,404,true
6576,404,true
6577,404,true
6578,404,true
6579,404,true
6580,404,true
6581,404,true
6582,404,true
6583,404,true
6584,404,true
6585,404,true
6586,404,true
6587,404,true
6588,404,true
6589,404,true
6590,404,true
6591,404,true
6592,404,true
6593,404,true
6594,404,true
6595,404,true
6596,404,true
6597,404,true
6598,404,true
6599,404,true
6600,404,true
6601,404,true
6602,404,true
6603,404,true
6604,404,true
6605,404,true
6606,404,true
6607,404,true
6608,404,true
6609,404,true
6610,404,true
6611,404,true
6612,404,true
6613,404,true
6614,404,true
6615,404,true
6616,404,true
6617,404,true
6618,404,true
6619,404,true
6620,404,true
6621,404,true
6622,404,true
6623,404,true
6624,404,true
6625,404,true
6626,404,true
6627,404,true
6628,404,true
6629,404,true
6630,404,true
6631,404,true
6632,404,true
6633,404,true
6634,404,true
6635,404,true
6636,404,true
6637,404,true
6638,404,true
6639,404,true
6640,404,true
6641,404,true
6642,404,true
6643,200,false
6644,200,false
6645,200,false
6646,200,false
6647,200,false
6648,200,false
6649,200,false
6650,200,false
6651,200,false
6652,200,false
6653,200,false
6654,200,false
6655,200,false
6656,200,false
6657,200,false
6658,200,false
6659,200,false
6660,200,false
6661,200,false
6662,200,false
6663,200,false
6664,200,false
6665,200,false
6666,200,false
6667,200,false
6668,200,false
6669,200,false
6670,200,false
6671,200,false
6672,200,false
6673,200,false
6674,200,false
6675,200,false
6676,200,false
6677,200,false
6678,200,false
6679,200,false
6680,200,false
6681,200,false
6682,200,false
6683,200,false
6684,200,false
6685,200,false
6686,200,false
6687,200,false
6688,200,false
6689,200,false
6690,200,false
6691,200,false
6692,200,false
6693,200,false
6694,200,false
6695,200,false
6696,200,false
6697,200,false
6698,200,false
6699,200,false
6700,200,false
6701,200,false
6702,200,false
6703,200,false
6704,200,false
6705,200,false
6706,200,false
6707,200,false
6708,200,false
6709,200,false
6710,200,false
6711,200,false
6712,200,false
6713,200,false
6714,200,false
6715,200,false
6716,200,false
6717,200,false
6718,200,false
6719,200,false
6720,200,false
6721,200,false
6722,200,false
6723,200,false
6724,200,false
6725,200,false
6726,200,false
6727,200,false
6728,200,false
6729,200,false
6730,200,false
6731,200,false
6732,200,false
6733,200,false
6734,200,false
6735,200,false
6736,200,false
6737,200,false
6738,200,false
6739,200,false
6740,200,false
6741,200,false
6742,200,false
6743,200,false
6744,200,false
6745,200,false
6746,200,false
6747,200,false
6748,200,false
6749,200,false
6750,200,false
6751,200,false
6752,200,false
6753,200,false
6754,200,false
6755,200,false
6756,200,false
6757,200,false
6758,200,false
6759,200,false
6760,200,false
6761,200,false
6762,200,false
6763,200,false
6764,200,false
6765,200,false
6766,200,false
6767,200,false
6768,200,false
6769,200,false
6770,200,false
6771,200,false
6772,200,false
6773,200,false
6774,200,false
6775,200,false
6776,200,false
6777,200,false
6778,200,false
6779,200,false
6780,200,false
6781,200,false
6782,200,false
6783,200,false
6784,200,false
6785,200,false
6786,200,false
6787,200,false
6788,200,false
6789,200,false
6790,200,false
6791,200,false
6792,200,false
6793,200,false
6794,200,false
6795,200,false
6796,200,false
6797,200,false
6798,200,false
6799,200,false
6800,200,false
6801,200,false
6802,200,false
6803,200,false
6804,200,false
6805,200,false
6806,200,false
6807,200,false
6808,200,false
6809,200,false
6810,200,false
6811,200,false
6812,200,false
6813,200,false
6814,200,false
6815,200,false
6816,200,false
6817,200,false
6818,200,false
6819,200,false
6820,200,false
6821,200,false
6822,200,false
6823,200,false
6824,200,false
6825,200,false
6826,200,false
6827,200,false
6828,200,false
6829,200,false
6830,200,false
6831,200,false
6832,200,false
6833,200,false
6834,200,false
6835,200,false
6836,200,false
6837,200,false
6838,200,false
6839,200,false
6840,200,false
6841,200,false
6842,200,false
6843,200,false
6844,200,false
6845,200,false
6846,200,false
6847,200,false
6848,200,false
6849,200,false
6850,200,false
6851,200,false
6852,200,false
6853,200,false
6854,200,false
6855,200,false
6856,200,false
6857,200,false
6858,200,false
6859,200,false
6860,200,false
6861,200,false
6862,200,false
6863,200,false
6864,200,false
6865,200,false
6866,200,false
6867,200,false
6868,200,false
6869,200,false
6870,200,false
6871,200,false
6872,200,false
6873,200,false
6874,200,false
6875,200,false
6876,200,false
6877,200,false
6878,200,false
6879,200,false
6880,200,false
6881,200,false
6882,200,false
6883,200,false
6884,200,false
6885,200,false
6886,200,false
6887,200,false
6888,200,false
6889,200,false
6890,200,false
6891,200,false
6892,200,false
6893,200,false
6894,200,false
6895,200,false
6896,200,false
6897,200,false
6898,200,false
6899,200,false
6900,200,false
6901,200,false
6902,200,false
6903,200,false
6904,200,false
6905,200,false
6906,200,false
6907,200,false
6908,200,false
6909,200,false
6910,200,false
6911,200,false
6912,200,false
6913,200,false
6914,200,false
6915,200,false
6916,200,false
6917,200,false
6918,200,false
6919,200,false
6920,200,false
6921,200,false
6922,200,false
6923,200,false
6924,200,false
6925,200,false
6926,200,false
6927,200,false
6928,200,false
6929,200,false
6930,200,false
6931,200,false
6932,200,false
6933,200,false
6934,200,false
6935,200,false
6936,200,false
6937,200,false
6938,200,false
6939,200,false
6940,200,false
6941,200,false
6942,200,false
6943,200,false
6944,200,false
6945,200,false
6946,200,false
6947,200,false
6948,200,false
6949,200,false
6950,200,false
6951,200,false
6952,200,false
6953,200,false
6954,200,false
6955,200,false
6956,200,false
6957,200,false
6958,200,false
6959,200,false
6960,200,false
6961,200,false
6962,200,false
6963,200,false
6964,200,false
6965,200,false
6966,200,false
6967,200,false
6968,200,false
6969,200,false
6970,200,false
6971,200,false
6972,200,false
6973,200,false
6974,200,false
6975,200,false
6976,200,false
6977,200,false
6978,200,false
6979,200,false
6980,200,false
6981,200,false
6982,200,false
6983,200,false
6984,200,false
6985,200,false
6986,200,false
6987,200,false
6988,200,false
6989,200,false
6990,200,false
6991,200,false
6992,200,false
6993,200,false
6994,200,false
6995,200,false
6996,200,false
6997,200,false
6998,200,false
6999,200,false
7000,200,false
7001,200,false
7002,200,false
7003,200,false
7004,200,false
7005,200,false
7006,200,false
7007,200,false
7008,404,true
7009,404,true
7010,404,true
7011,404,true
7012,404,true
7013,404,true
7014,404,true
7015,404,true
7016,404,true
7017,404,true
7018,404,true
7019,404,true
7020,404,true
7021,404,true
7022,404,true
7023,404,true
7024,404,true
7025,404,true
7026,404,true
7027,404,true
7028,404,true
7029,404,true
7030,404,true
7031,404,true
7032,404,true
7033,404,true
7034,404,true
7035,404,true
7036,404,true
7037,404,true
7038,404,true
7039,404,true
7040,404,true
7041,404,true
7042,404,true
7043,404,true
7044,404,true
7045,404,true
7046,404,true
7047,404,true
7048,404,true
7049,404,true
7050,404,true
7051,404,true
7052,404,true
7053,404,true
7054,404,true
7055,404,true
7056,404,true
7057,404,true
7058,404,true
7059,404,true
7060,404,true
7061,404,true
7062,404,true
7063,404,true
7064,404,true
7065,404,true
7066,404,true
7067,404,true
7068,404,true
7069,404,true
7070,404,true
7071,404,true
7072,404,true
7073,404,true
7074,404,true
7075,404,true
7076,404,true
7077,404,true
7078,404,true
7079,404,true
7080,404,true
7081,200,false
7082,200,false
7083,200,false
7084,200,false
7085,200,false
7086,200,false
7087,200,false
7088,200,false
7089,200,false
7090,200,false
7091,200,false
7092,200,false
7093,200,false
7094,200,false
7095,200,false
7096,200,false
7097,200,false
7098,200,false
7099,200,false
7100,200,false
7101,200,false
7102,200,false
7103,200,false
7104,200,false
7105,200,false
7106,200,false
7107,200,false
7108,200,false
7109,200,false
7110,200,false
7111,200,false
7112,200,false
7113,200,false
7114,200,false
7115,200,false
7116,200,false
7117,200,false
7118,200,false
7119,200,false
7120,200,false
7121,200,false
7122,200,false
7123,200,false
7124,200,false
7125,200,false
7126,200,false
7127,200,false
7128,200,false
7129,200,false
7130,200,false
7131,200,false
7132,200,false
7133,200,false
7134,200,false
7135,200,false
7136,200,false
7137,200,false
7138,200,false
7139,200,false
7140,200,false
7141,200,false
7142,200,false
7143,200,false
7144,200,false
7145,200,false
7146,200,false
7147,200,false
7148,200,false
7149,200,false
7150,200,false
7151,200,false
7152,200,false
7153,200,false
7154,200,false
7155,200,false
7156,200,false
7157,200,false
7158,200,false
7159,200,false
7160,200,false
7161,200,false
7162,200,false
7163,200,false
7164,200,false
7165,200,false
7166,200,false
7167,200,false
7168,200,false
7169,200,false
7170,200,false
7171,200,false
7172,200,false
7173,200,false
7174,200,false
7175,200,false
7176,200,false
7177,200,false
7178,200,false
7179,200,false
7180,200,false
7181,200,false
7182,200,false
7183,200,false
7184,200,false
7185,200,false
7186,200,false
7187,200,false
7188,200,false
7189,200,false
7190,200,false
7191,200,false
7192,200,false
7193,200,false
7194,200,false
7195,200,false
7196,200,false
7197,200,false
7198,200,false
7199,200,false
7200,200,false
7201,200,false
7202,200,false
7203,200,false
7204,200,false
7205,200,false
7206,200,false
7207,200,false
7208,200,false
7209,200,false
7210,200,false
7211,200,false
7212,200,false
7213,200,false
7214,200,false
7215,200,false
7216,200,false
7217,200,false
7218,200,false
7219,200,false
7220,200,false
7221,200,false
7222,200,false
7223,200,false
7224,200,false
7225,200,false
7226,200,false
7227,500,true
7228,500,true
7229,500,true
7230,500,true
7231,500,true
7232,500,true
7233,500,true
7234,500,true
7235,500,true
7236,500,true
7237,500,true
7238,500,true
7239,500,true
7240,500,true
7241,500,true
7242,500,true
7243,500,true
7244,500,true
7245,500,true
7246,500,true
7247,500,true
7248,500,true
7249,500,true
7250,500,true
7251,500,true
7252,500,true
7253,500,true
7254,500,true
7255,500,true
7256,500,true
7257,500,true
7258,500,true
7259,500,true
7260,500,true
7261,500,true
7262,500,true
7263,500,true
7264,500,true
7265,500,true
7266,500,true
7267,500,true
7268,500,true
7269,500,true
7270,500,true
7271,500,true
7272,500,true
7273,500,true
7274,500,true
7275,500,true
7276,500,true
7277,500,true
7278,500,true
7279,500,true
7280,500,true
7281,500,true
7282,500,true
7283,500,true
7284,500,true
7285,500,true
7286,500,true
7287,500,true
7288,500,true
7289,500,true
7290,500,true
7291,500,true
7292,500,true
7293,500,true
7294,500,true
7295,500,true
7296,500,true
7297,500,true
7298,500,true
7299,500,true
7300,200,false
7301,200,false
7302,200,false
7303,200,false
7304,200,false
7305,200,false
7306,200,false
7307,200,false
7308,200,false
7309,200,false
7310,200,false
7311,200,false
7312,200,false
7313,200,false
7314,200,false
7315,200,false
7316,200,false
7317,200,false
7318,200,false
7319,200,false
7320,200,false
7321,200,false
7322,200,false
7323,200,false
7324,200,false
7325,200,false
7326,200,false
7327,200,false
7328,200,false
7329,200,false
7330,200,false
7331,200,false
7332,200,false
7333,200,false
7334,200,false
7335,200,false
7336,200,false
7337,200,false
7338,200,false
7339,200,false
7340,200,false
7341,200,false
7342,200,false
7343,200,false
7344,200,false
7345,200,false
7346,200,false
7347,200,false
7348,200,false
7349,200,false
7350,200,false
7351,200,false
7352,200,false
7353,200,false
7354,200,false
7355,200,false
7356,200,false
7357,200,false
7358,200,false
7359,200,false
7360,200,false
7361,200,false
7362,200,false
7363,200,false
7364,200,false
7365,200,false
7366,200,false
7367,200,false
7368,200,false
7369,200,false
7370,200,false
7371,200,false
7372,200,false
7373,200,false
7374,200,false
7375,200,false
7376,200,false
7377,200,false
7378,200,false
7379,200,false
7380,200,false
7381,200,false
7382,200,false
7383,200,false
7384,200,false
7385,200,false
7386,200,false
7387,200,false
7388,200,false
7389,200,false
7390,200,false
7391,200,false
7392,200,false
7393,200,false
7394,200,false
7395,200,false
7396,200,false
7397,200,false
7398,200,false
7399,200,false
7400,200,false
7401,200,false
7402,200,false
7403,200,false
7404,200,false
7405,200,false
7406,200,false
7407,200,false
7408,200,false
7409,200,false
7410,200,false
7411,200,false
7412,200,false
7413,200,false
7414,200,false
7415,200,false
7416,200,false
7417,200,false
7418,200,false
7419,200,false
7420,200,false
7421,200,false
7422,200,false
7423,200,false
7424,200,false
7425,200,false
7426,200,false
7427,200,false
7428,200,false
7429,200,false
7430,200,false
7431,200,false
7432,200,false
7433,200,false
7434,200,false
7435,200,false
7436,200,false
7437,200,false
7438,200,false
7439,200,false
7440,200,false
7441,200,false
7442,200,false
7443,200,false
7444,200,false
7445,200,false
7446,200,false
7447,200,false
7448,200,false
7449,200,false
7450,200,false
7451,200,false
7452,200,false
7453,200,false
7454,200,false
7455,200,false
7456,200,false
7457,200,false
7458,200,false
7459,200,false
7460,200,false
7461,200,false
7462,200,false
7463,200,false
7464,200,false
7465,200,false
7466,200,false
7467,200,false
7468,200,false
7469,200,false
7470,200,false
7471,200,false
7472,200,false
7473,200,false
7474,200,false
7475,200,false
7476,200,false
7477,200,false
7478,200,false
7479,200,false
7480,200,false
7481,200,false
7482,200,false
7483,200,false
7484,200,false
7485,200,false
7486,200,false
7487,200,false
7488,200,false
7489,200,false
7490,200,false
7491,200,false
7492,200,false
7493,200,false
7494,200,false
7495,200,false
7496,200,false
7497,200,false
7498,200,false
7499,200,false
7500,200,false
7501,200,false
7502,200,false
7503,200,false
7504,200,false
7505,200,false
7506,200,false
7507,200,false
7508,200,false
7509,200,false
7510,200,false
7511,200,false
7512,200,false
7513,200,false
7514,200,false
7515,200,false
7516,200,false
7517,200,false
7518,200,false
7519,200,false
7520,200,false
7521,200,false
7522,200,false
7523,200,false
7524,200,false
7525,200,false
7526,200,false
7527,200,false
7528,200,false
7529,200,false
7530,200,false
7531,200,false
7532,200,false
7533,200,false
7534,200,false
7535,200,false
7536,200,false
7537,200,false
7538,200,false
7539,200,false
7540,200,false
7541,200,false
7542,200,false
7543,200,false
7544,200,false
7545,200,false
7546,200,false
7547,200,false
7548,200,false
7549,200,false
7550,200,false
7551,200,false
7552,200,false
7553,200,false
7554,200,false
7555,200,false
7556,200,false
7557,200,false
7558,200,false
7559,200,false
7560,200,false
7561,200,false
7562,200,false
7563,200,false
7564,200,false
7565,200,false
7566,200,false
7567,200,false
7568,200,false
7569,200,false
7570,200,false
7571,200,false
7572,200,false
7573,200,false
7574,200,false
7575,200,false
7576,200,false
7577,200,false
7578,200,false
7579,200,false
7580,200,false
7581,200,false
7582,200,false
7583,200,false
7584,200,false
7585,200,false
7586,200,false
7587,200,false
7588,200,false
7589,200,false
7590,200,false
7591,200,false
7592,200,false
7593,200,false
7594,200,false
7595,200,false
7596,200,false
7597,200,false
7598,200,false
7599,200,false
7600,200,false
7601,200,false
7602,200,false
7603,200,false
7604,200,false
7605,200,false
7606,200,false
7607,200,false
7608,200,false
7609,200,false
7610,200,false
7611,200,false
7612,200,false
7613,200,false
7614,200,false
7615,200,false
7616,200,false
7617,200,false
7618,200,false
7619,200,false
7620,200,false
7621,200,false
7622,200,false
7623,200,false
7624,200,false
7625,200,false
7626,200,false
7627,200,false
7628,200,false
7629,200,false
7630,200,false
7631,200,false
7632,200,false
7633,200,false
7634,200,false
7635,200,false
7636,200,false
7637,200,false
7638,200,false
7639,200,false
7640,200,false
7641,200,false
7642,200,false
7643,200,false
7644,200,false
7645,200,false
7646,200,false
7647,200,false
7648,200,false
7649,200,false
7650,200,false
7651,200,false
7652,200,false
7653,200,false
7654,200,false
7655,200,false
7656,200,false
7657,200,false
7658,200,false
7659,200,false
7660,200,false
7661,200,false
7662,200,false
7663,200,false
7664,200,false
7665,404,true
7666,404,true
7667,404,true
7668,404,true
7669,404,true
7670,404,true
7671,404,true
7672,404,true
7673,404,true
7674,404,true
7675,404,true
7676,404,true
7677,404,true
7678,404,true
7679,404,true
7680,404,true
7681,404,true
7682,404,true
7683,404,true
7684,404,true
7685,404,true
7686,404,true
7687,404,true
7688,404,true
7689,404,true
7690,404,true
7691,404,true
7692,404,true
7693,404,true
7694,404,true
7695,404,true
7696,404,true
7697,404,true
7698,404,true
7699,404,true
7700,404,true
7701,404,true
7702,404,true
7703,404,true
7704,404,true
7705,404,true
7706,404,true
7707,404,true
7708,404,true
7709,404,true
7710,404,true
7711,404,true
7712,404,true
7713,404,true
7714,404,true
7715,404,true
7716,404,true
7717,404,true
7718,404,true
7719,404,true
7720,404,true
7721,404,true
7722,404,true
7723,404,true
7724,404,true
7725,404,true
7726,404,true
7727,404,true
7728,404,true
7729,404,true
7730,404,true
7731,404,true
7732,404,true
7733,404,true
7734,404,true
7735,404,true
7736,404,true
7737,404,true
7738,200,false
7739,200,false
7740,200,false
7741,200,false
7742,200,false
7743,200,false
7744,200,false
7745,200,false
7746,200,false
7747,200,false
7748,200,false
7749,200,false
7750,200,false
7751,200,false
7752,200,false
7753,200,false
7754,200,false
7755,200,false
7756,200,false
7757,200,false
7758,200,false
7759,200,false
7760,200,false
7761,200,false
7762,200,false
7763,200,false
7764,200,false
7765,200,false
7766,200,false
7767,200,false
7768,200,false
7769,200,false
7770,200,false
7771,200,false
7772,200,false
7773,200,false
7774,200,false
7775,200,false
7776,200,false
7777,200,false
7778,200,false
7779,200,false
7780,200,false
7781,200,false
7782,200,false
7783,200,false
7784,200,false
7785,200,false
7786,200,false
7787,200,false
7788,200,false
7789,200,false
7790,200,false
7791,200,false
7792,200,false
7793,200,false
7794,200,false
7795,200,false
7796,200,false
7797,200,false
7798,200,false
7799,200,false
7800,200,false
7801,200,false
7802,200,false
7803,200,false
7804,200,false
7805,200,false
7806,200,false
7807,200,false
7808,200,false
7809,200,false
7810,200,false
7811,200,false
7812,200,false
7813,200,false
7814,200,false
7815,200,false
7816,200,false
7817,200,false
7818,200,false
7819,200,false
7820,200,false
7821,200,false
7822,200,false
7823,200,false
7824,200,false
7825,200,false
7826,200,false
7827,200,false
7828,200,false
7829,200,false
7830,200,false
7831,200,false
7832,200,false
7833,200,false
7834,200,false
7835,200,false
7836,200,false
7837,200,false
7838,200,false
7839,200,false
7840,200,false
7841,200,false
7842,200,false
7843,200,false
7844,200,false
7845,200,false
7846,200,false
7847,200,false
7848,200,false
7849,200,false
7850,200,false
7851,200,false
7852,200,false
7853,200,false
7854,200,false
7855,200,false
7856,200,false
7857,200,false
7858,200,false
7859,200,false
7860,200,false
7861,200,false
7862,200,false
7863,200,false
7864,200,false
7865,200,false
7866,200,false
7867,200,false
7868,200,false
7869,200,false
7870,200,false
7871,200,false
7872,200,false
7873,200,false
7874,200,false
7875,200,false
7876,200,false
7877,200,false
7878,200,false
7879,200,false
7880,200,false
7881,200,false
7882,200,false
7883,200,false
7884,500,true
7885,500,true
7886,500,true
7887,500,true
7888,500,true
7889,500,true
7890,500,true
7891,500,true
7892,500,true
7893,500,true
7894,500,true
7895,500,true
7896,500,true
7897,500,true
7898,500,true
7899,500,true
7900,500,true
7901,500,true
7902,500,true
7903,500,true
7904,500,true
7905,500,true
7906,500,true
7907,500,true
7908,500,true
7909,500,true
7910,500,true
7911,500,true
7912,500,true
7913,500,true
7914,500,true
7915,500,true
7916,500,true
7917,500,true
7918,500,true
7919,500,true
7920,500,true
7921,500,true
7922,500,true
7923,500,true
7924,500,true
7925,500,true
7926,500,true
7927,500,true
7928,500,true
7929,500,true
7930,500,true
7931,500,true
7932,500,true
7933,500,true
7934,500,true
7935,500,true
7936,500,true
7937,500,true
7938,500,true
7939,500,true
7940,500,true
7941,500,true
7942,500,true
7943,500,true
7944,500,true
7945,500,true
7946,500,true
7947,500,true
7948,500,true
7949,500,true
7950,500,true
7951,500,true
7952,500,true
7953,500,true
7954,500,true
7955,500,true
7956,500,true
7957,404,true
7958,404,true
7959,404,true
7960,404,true
7961,404,true
7962,404,true
7963,404,true
7964,404,true
7965,404,true
7966,404,true
7967,404,true
7968,404,true
7969,404,true
7970,404,true
7971,404,true
7972,404,true
7973,404,true
7974,404,true
7975,404,true
7976,404,true
7977,404,true
7978,404,true
7979,404,true
7980,404,true
7981,404,true
7982,404,true
7983,404,true
7984,404,true
7985,404,true
7986,404,true
7987,404,true
7988,404,true
7989,404,true
7990,404,true
7991,404,true
7992,404,true
7993,404,true
7994,404,true
7995,404,true
7996,404,true
7997,404,true
7998,404,true
7999,404,true
8000,404,true
8001,404,true
8002,404,true
8003,404,true
8004,404,true
8005,404,true
8006,404,true
8007,404,true
8008,404,true
8009,404,true
8010,404,true
8011,404,true
8012,404,true
8013,404,true
8014,404,true
8015,404,true
8016,404,true
8017,404,true
8018,404,true
8019,404,true
8020,404,true
8021,404,true
8022,404,true
8023,404,true
8024,404,true
8025,404,true
8026,404,true
8027,404,true
8028,404,true
8029,404,true
8030,200,false
8031,200,false
8032,200,false
8033,200,false
8034,200,false
8035,200,false
8036,200,false
8037,200,false
8038,200,false
8039,200,false
8040,200,false
8041,200,false
8042,200,false
8043,200,false
8044,200,false
8045,200,false
8046,200,false
8047,200,false
8048,200,false
8049,200,false
8050,200,false
8051,200,false
8052,200,false
8053,200,false
8054,200,false
8055,200,false
8056,200,false
8057,200,false
8058,200,false
8059,200,false
8060,200,false
8061,200,false
8062,200,false
8063,200,false
8064,200,false
8065,200,false
8066,200,false
8067,200,false
8068,200,false
8069,200,false
8070,200,false
8071,200,false
8072,200,false
8073,200,false
8074,200,false
8075,200,false
8076,200,false
8077,200,false
8078,200,false
8079,200,false
8080,200,false
8081,200,false
8082,200,false
8083,200,false
8084,200,false
8085,200,false
8086,200,false
8087,200,false
8088,200,false
8089,200,false
8090,200,false
8091,200,false
8092,200,false
8093,200,false
8094,200,false
8095,200,false
8096,200,false
8097,200,false
8098,200,false
8099,200,false
8100,200,false
8101,200,false
8102,200,false
8103,200,false
8104,200,false
8105,200,false
8106,200,false
8107,200,false
8108,200,false
8109,200,false
8110,200,false
8111,200,false
8112,200,false
8113,200,false
8114,200,false
8115,200,false
8116,200,false
8117,200,false
8118,200,false
8119,200,false
8120,200,false
8121,200,false
8122,200,false
8123,200,false
8124,200,false
8125,200,false
8126,200,false
8127,200,false
8128,200,false
8129,200,false
8130,200,false
8131,200,false
8132,200,false
8133,200,false
8134,200,false
8135,200,false
8136,200,false
8137,200,false
8138,200,false
8139,200,false
8140,200,false
8141,200,false
8142,200,false
8143,200,false
8144,200,false
8145,200,false
8146,200,false
8147,200,false
8148,200,false
8149,200,false
8150,200,false
8151,200,false
8152,200,false
8153,200,false
8154,200,false
8155,200,false
8156,200,false
8157,200,false
8158,200,false
8159,200,false
8160,200,false
8161,200,false
8162,200,false
8163,200,false
8164,200,false
8165,200,false
8166,200,false
8167,200,false
8168,200,false
8169,200,false
8170,200,false
8171,200,false
8172,200,false
8173,200,false
8174,200,false
8175,200,false
8176,404,true
8177,404,true
8178,404,true
8179,404,true
8180,404,true
8181,404,true
8182,404,true
8183,404,true
8184,404,true
8185,404,true
8186,404,true
8187,404,true
8188,404,true
8189,404,true
8190,404,true
8191,404,true
8192,404,true
8193,404,true
8194,404,true
8195,404,true
8196,404,true
8197,404,true
8198,404,true
8199,404,true
8200,404,true
8201,404,true
8202,404,true
8203,404,true
8204,404,true
8205,404,true
8206,404,true
8207,404,true
8208,404,true
8209,404,true
8210,404,true
8211,404,true
8212,404,true
8213,404,true
8214,404,true
8215,404,true
8216,404,true
8217,404,true
8218,404,true
8219,404,true
8220,404,true
8221,404,true
8222,404,true
8223,404,true
8224,404,true
8225,404,true
8226,404,true
8227,404,true
8228,404,true
8229,404,true
8230,404,true
8231,404,true
8232,404,true
8233,404,true
8234,404,true
8235,404,true
8236,404,true
8237,404,true
8238,404,true
8239,404,true
8240,404,true
8241,404,true
8242,404,true
8243,404,true
8244,404,true
8245,404,true
8246,404,true
8247,404,true
8248,404,true
8249,500,true
8250,500,true
8251,500,true
8252,500,true
8253,500,true
8254,500,true
8255,500,true
8256,500,true
8257,500,true
8258,500,true
8259,500,true
8260,500,true
8261,500,true
8262,500,true
8263,500,true
8264,500,true
8265,500,true
8266,500,true
8267,500,true
8268,500,true
8269,500,true
8270,500,true
8271,500,true
8272,500,true
8273,500,true
8274,500,true
8275,500,true
8276,500,true
8277,500,true
8278,500,true
8279,500,true
8280,500,true
8281,500,true
8282,500,true
8283,500,true
8284,500,true
8285,500,true
8286,500,true
8287,500,true
8288,500,true
8289,500,true
8290,500,true
8291,500,true
8292,500,true
8293,500,true
8294,500,true
8295,500,true
8296,500,true
8297,500,true
8298,500,true
8299,500,true
8300,500,true
8301,500,true
8302,500,true
8303,500,true
8304,500,true
8305,500,true
8306,500,true
8307,500,true
8308,500,true
8309,500,true
8310,500,true
8311,500,true
8312,500,true
8313,500,true
8314,500,true
8315,500,true
8316,500,true
8317,500,true
8318,500,true
8319,500,true
8320,500,true
8321,500,true
8322,200,false
8323,200,false
8324,200,false
8325,200,false
8326,200,false
8327,200,false
8328,200,false
8329,200,false
8330,200,false
8331,200,false
8332,200,false
8333,200,false
8334,200,false
8335,200,false
8336,200,false
8337,200,false
8338,200,false
8339,200,false
8340,200,false
8341,200,false
8342,200,false
8343,200,false
8344,200,false
8345,200,false
8346,200,false
8347,200,false
8348,200,false
8349,200,false
8350,200,false
8351,200,false
8352,200,false
8353,200,false
8354,200,false
8355,200,false
8356,200,false
8357,200,false
8358,200,false
8359,200,false
8360,200,false
8361,200,false
8362,200,false
8363,200,false
8364,200,false
8365,200,false
8366,200,false
8367,200,false
8368,200,false
8369,200,false
8370,200,false
8371,200,false
8372,200,false
8373,200,false
8374,200,false
8375,200,false
8376,200,false
8377,200,false
8378,200,false
8379,200,false
8380,200,false
8381,200,false
8382,200,false
8383,200,false
8384,200,false
8385,200,false
8386,200,false
8387,200,false
8388,200,false
8389,200,false
8390,200,false
8391,200,false
8392,200,false
8393,200,false
8394,200,false
8395,500,true
8396,500,true
8397,500,true
8398,500,true
8399,500,true
8400,500,true
8401,500,true
8402,500,true
8403,500,true
8404,500,true
8405,500,true
8406,500,true
8407,500,true
8408,500,true
8409,500,true
8410,500,true
8411,500,true
8412,500,true
8413,500,true
8414,500,true
8415,500,true
8416,500,true
8417,500,true
8418,500,true
8419,500,true
8420,500,true
8421,500,true
8422,500,true
8423,500,true
8424,500,true
8425,500,true
8426,500,true
8427,500,true
8428,500,true
8429,500,true
8430,500,true
8431,500,true
8432,500,true
8433,500,true
8434,500,true
8435,500,true
8436,500,true
8437,500,true
8438,500,true
8439,500,true
8440,500,true
8441,500,true
8442,500,true
8443,500,true
8444,500,true
8445,500,true
8446,500,true
8447,500,true
8448,500,true
8449,500,true
8450,500,true
8451,500,true
8452,500,true
8453,500,true
8454,500,true
8455,500,true
8456,500,true
8457,500,true
8458,500,true
8459,500,true
8460,500,true
8461,500,true
8462,500,true
8463,500,true
8464,500,true
8465,500,true
8466,500,true
8467,500,true
8468,200,false
8469,200,false
8470,200,false
8471,200,false
8472,200,false
8473,200,false
8474,200,false
8475,200,false
8476,200,false
8477,200,false
8478,200,false
8479,200,false
8480,200,false
8481,200,false
8482,200,false
8483,200,false
8484,200,false
8485,200,false
8486,200,false
8487,200,false
8488,200,false
8489,200,false
8490,200,false
8491,200,false
8492,200,false
8493,200,false
8494,200,false
8495,200,false
8496,200,false
8497,200,false
8498,200,false
8499,200,false
8500,200,false
8501,200,false
8502,200,false
8503,200,false
8504,200,false
8505,200,false
8506,200,false
8507,200,false
8508,200,false
8509,200,false
8510,200,false
8511,200,false
8512,200,false
8513,200,false
8514,200,false
8515,200,false
8516,200,false
8517,200,false
8518,200,false
8519,200,false
8520,200,false
8521,200,false
8522,200,false
8523,200,false
8524,200,false
8525,200,false
8526,200,false
8527,200,false
8528,200,false
8529,200,false
8530,200,false
8531,200,false
8532,200,false
8533,200,false
8534,200,false
8535,200,false
8536,200,false
8537,200,false
8538,200,false
8539,200,false
8540,200,false
8541,404,true
8542,404,true
8543,404,true
8544,404,true
8545,404,true
8546,404,true
8547,404,true
8548,404,true
8549,404,true
8550,404,true
8551,404,true
8552,404,true
8553,404,true
8554,404,true
8555,404,true
8556,404,true
8557,404,true
8558,404,true
8559,404,true
8560,404,true
8561,404,true
8562,404,true
8563,404,true
8564,404,true
8565,404,true
8566,404,true
8567,404,true
8568,404,true
8569,404,true
8570,404,true
8571,404,true
8572,404,true
8573,404,true
8574,404,true
8575,404,true
8576,404,true
8577,404,true
8578,404,true
8579,404,true
8580,404,true
8581,404,true
8582,404,true
8583,404,true
8584,404,true
8585,404,true
8586,404,true
8587,404,true
8588,404,true
8589,404,true
8590,404,true
8591,404,true
8592,404,true
8593,404,true
8594,404,true
8595,404,true
8596,404,true
8597,404,true
8598,404,true
8599,404,true
8600,404,true
8601,404,true
8602,404,true
8603,404,true
8604,404,true
8605,404,true
8606,404,true
8607,404,true
8608,404,true
8609,404,true
8610,404,true
8611,404,true
8612,404,true
8613,404,true
8614,404,true
8615,404,true
8616,404,true
8617,404,true
8618,404,true
8619,404,true
8620,404,true
8621,404,true
8622,404,true
8623,404,true
8624,404,true
8625,404,true
8626,404,true
8627,404,true
8628,404,true
8629,404,true
8630,404,true
8631,404,true
8632,404,true
8633,404,true
8634,404,true
8635,404,true
8636,404,true
8637,404,true
8638,404,true
8639,404,true
8640,404,true
8641,404,true
8642,404,true
8643,404,true
8644,404,true
8645,404,true
8646,404,true
8647,404,true
8648,404,true
8649,404,true
8650,404,true
8651,404,true
8652,404,true
8653,404,true
8654,404,true
8655,404,true
8656,404,true
8657,404,true
8658,404,true
8659,404,true
8660,404,true
8661,404,true
8662,404,true
8663,404,true
8664,404,true
8665,404,true
8666,404,true
8667,404,true
8668,404,true
8669,404,true
8670,404,true
8671,404,true
8672,404,true
8673,404,true
8674,404,true
8675,404,true
8676,404,true
8677,404,true
8678,404,true
8679,404,true
8680,404,true
8681,404,true
8682,404,true
8683,404,true
8684,404,true
8685,404,true
8686,404,true
8687,200,false
8688,200,false
8689,200,false
8690,200,false
8691,200,false
8692,200,false
8693,200,false
8694,200,false
8695,200,false
8696,200,false
8697,200,false
8698,200,false
8699,200,false
8700,200,false
8701,200,false
8702,200,false
8703,200,false
8704,200,false
8705,200,false
8706,200,false
8707,200,false
8708,200,false
8709,200,false
8710,200,false
8711,200,false
8712,200,false
8713,200,false
8714,200,false
8715,200,false
8716,200,false
8717,200,false
8718,200,false
8719,200,false
8720,200,false
8721,200,false
8722,200,false
8723,200,false
8724,200,false
8725,200,false
8726,200,false
8727,200,false
8728,200,false
8729,200,false
8730,200,false
8731,200,false
8732,200,false
8733,200,false
8734,200,false
8735,200,false
8736,200,false
8737,200,false
8738,200,false
8739,200,false
8740,200,false
8741,200,false
8742,200,false
8743,200,false
8744,200,false
8745,200,false
8746,200,false
8747,200,false
8748,200,false
8749,200,false
8750,200,false
8751,200,false
8752,200,false
8753,200,false
8754,200,false
8755,200,false
8756,200,false
8757,200,false
8758,200,false
8759,200,false
8760,200,false
8761,200,false
8762,200,false
8763,200,false
8764,200,false
8765,200,false
8766,200,false
8767,200,false
8768,200,false
8769,200,false
8770,200,false
8771,200,false
8772,200,false
8773,200,false
8774,200,false
8775,200,false
8776,200,false
8777,200,false
8778,200,false
8779,200,false
8780,200,false
8781,200,false
8782,200,false
8783,200,false
8784,200,false
8785,200,false
8786,200,false
8787,200,false
8788,200,false
8789,200,false
8790,200,false
8791,200,false
8792,200,false
8793,200,false
8794,200,false
8795,200,false
8796,200,false
8797,200,false
8798,200,false
8799,200,false
8800,200,false
8801,200,false
8802,200,false
8803,200,false
8804,200,false
8805,200,false
8806,200,false
8807,200,false
8808,200,false
8809,200,false
8810,200,false
8811,200,false
8812,200,false
8813,200,false
8814,200,false
8815,200,false
8816,200,false
8817,200,false
8818,200,false
8819,200,false
8820,200,false
8821,200,false
8822,200,false
8823,200,false
8824,200,false
8825,200,false
8826,200,false
8827,200,false
8828,200,false
8829,200,false
8830,200,false
8831,200,false
8832,200,false
8833,200,false
8834,200,false
8835,200,false
8836,200,false
8837,200,false
8838,200,false
8839,200,false
8840,200,false
8841,200,false
8842,200,false
8843,200,false
8844,200,false
8845,200,false
8846,200,false
8847,200,false
8848,200,false
8849,200,false
8850,200,false
8851,200,false
8852,200,false
8853,200,false
8854,200,false
8855,200,false
8856,200,false
8857,200,false
8858,200,false
8859,200,false
8860,200,false
8861,200,false
8862,200,false
8863,200,false
8864,200,false
8865,200,false
8866,200,false
8867,200,false
8868,200,false
8869,200,false
8870,200,false
8871,200,false
8872,200,false
8873,200,false
8874,200,false
8875,200,false
8876,200,false
8877,200,false
8878,200,false
8879,200,false
8880,200,false
8881,200,false
8882,200,false
8883,200,false
8884,200,false
8885,200,false
8886,200,false
8887,200,false
8888,200,false
8889,200,false
8890,200,false
8891,200,false
8892,200,false
8893,200,false
8894,200,false
8895,200,false
8896,200,false
8897,200,false
8898,200,false
8899,200,false
8900,200,false
8901,200,false
8902,200,false
8903,200,false
8904,200,false
8905,200,false
8906,500,true
8907,500,true
8908,500,true
8909,500,true
8910,500,true
8911,500,true
8912,500,true
8913,500,true
8914,500,true
8915,500,true
8916,500,true
8917,500,true
8918,500,true
8919,500,true
8920,500,true
8921,500,true
8922,500,true
8923,500,true
8924,500,true
8925,500,true
8926,500,true
8927,500,true
8928,500,true
8929,500,true
8930,500,true
8931,500,true
8932,500,true
8933,500,true
8934,500,true
8935,500,true
8936,500,true
8937,500,true
8938,500,true
8939,500,true
8940,500,true
8941,500,true
8942,500,true
8943,500,true
8944,500,true
8945,500,true
8946,500,true
8947,500,true
8948,500,true
8949,500,true
8950,500,true
8951,500,true
8952,500,true
8953,500,true
8954,500,true
8955,500,true
8956,500,true
8957,500,true
8958,500,true
8959,500,true
8960,500,true
8961,500,true
8962,500,true
8963,500,true
8964,500,true
8965,500,true
8966,500,true
8967,500,true
8968,500,true
8969,500,true
8970,500,true
8971,500,true
8972,500,true
8973,500,true
8974,500,true
8975,500,true
8976,500,true
8977,500,true
8978,500,true
8979,200,false
8980,200,false
8981,200,false
8982,200,false
8983,200,false
8984,200,false
8985,200,false
8986,200,false
8987,200,false
8988,200,false
8989,200,false
8990,200,false
8991,200,false
8992,200,false
8993,200,false
8994,200,false
8995,200,false
8996,200,false
8997,200,false
8998,200,false
8999,200,false
9000,200,false
9001,200,false
9002,200,false
9003,200,false
9004,200,false
9005,200,false
9006,200,false
9007,200,false
9008,200,false
9009,200,false
9010,200,false
9011,200,false
9012,200,false
9013,200,false
9014,200,false
9015,200,false
9016,200,false
9017,200,false
9018,200,false
9019,200,false
9020,200,false
9021,200,false
9022,200,false
9023,200,false
9024,200,false
9025,200,false
9026,200,false
9027,200,false
9028,200,false
9029,200,false
9030,200,false
9031,200,false
9032,200,false
9033,200,false
9034,200,false
9035,200,false
9036,200,false
9037,200,false
9038,200,false
9039,200,false
9040,200,false
9041,200,false
9042,200,false
9043,200,false
9044,200,false
9045,200,false
9046,200,false
9047,200,false
9048,200,false
9049,200,false
9050,200,false
9051,200,false
9052,200,false
9053,200,false
9054,200,false
9055,200,false
9056,200,false
9057,200,false
9058,200,false
9059,200,false
9060,200,false
9061,200,false
9062,200,false
9063,200,false
9064,200,false
9065,200,false
9066,200,false
9067,200,false
9068,200,false
9069,200,false
9070,200,false
9071,200,false
9072,200,false
9073,200,false
9074,200,false
9075,200,false
9076,200,false
9077,200,false
9078,200,false
9079,200,false
9080,200,false
9081,200,false
9082,200,false
9083,200,false
9084,200,false
9085,200,false
9086,200,false
9087,200,false
9088,200,false
9089,200,false
9090,200,false
9091,200,false
9092,200,false
9093,200,false
9094,200,false
9095,200,false
9096,200,false
9097,200,false
9098,200,false
9099,200,false
9100,200,false
9101,200,false
9102,200,false
9103,200,false
9104,200,false
9105,200,false
9106,200,false
9107,200,false
9108,200,false
9109,200,false
9110,200,false
9111,200,false
9112,200,false
9113,200,false
9114,200,false
9115,200,false
9116,200,false
9117,200,false
9118,200,false
9119,200,false
9120,200,false
9121,200,false
9122,200,false
9123,200,false
9124,200,false
9125,200,false
9126,200,false
9127,200,false
9128,200,false
9129,200,false
9130,200,false
9131,200,false
9132,200,false
9133,200,false
9134,200,false
9135,200,false
9136,200,false
9137,200,false
9138,200,false
9139,200,false
9140,200,false
9141,200,false
9142,200,false
9143,200,false
9144,200,false
9145,200,false
9146,200,false
9147,200,false
9148,200,false
9149,200,false
9150,200,false
9151,200,false
9152,200,false
9153,200,false
9154,200,false
9155,200,false
9156,200,false
9157,200,false
9158,200,false
9159,200,false
9160,200,false
9161,200,false
9162,200,false
9163,200,false
9164,200,false
9165,200,false
9166,200,false
9167,200,false
9168,200,false
9169,200,false
9170,200,false
9171,200,false
9172,200,false
9173,200,false
9174,200,false
9175,200,false
9176,200,false
9177,200,false
9178,200,false
9179,200,false
9180,200,false
9181,200,false
9182,200,false
9183,200,false
9184,200,false
9185,200,false
9186,200,false
9187,200,false
9188,200,false
9189,200,false
9190,200,false
9191,200,false
9192,200,false
9193,200,false
9194,200,false
9195,200,false
9196,200,false
9197,200,false
9198,200,false
9199,200,false
9200,200,false
9201,200,false
9202,200,false
9203,200,false
9204,200,false
9205,200,false
9206,200,false
9207,200,false
9208,200,false
9209,200,false
9210,200,false
9211,200,false
9212,200,false
9213,200,false
9214,200,false
9215,200,false
9216,200,false
9217,200,false
9218,200,false
9219,200,false
9220,200,false
9221,200,false
9222,200,false
9223,200,false
9224,200,false
9225,200,false
9226,200,false
9227,200,false
9228,200,false
9229,200,false
9230,200,false
9231,200,false
9232,200,false
9233,200,false
9234,200,false
9235,200,false
9236,200,false
9237,200,false
9238,200,false
9239,200,false
9240,200,false
9241,200,false
9242,200,false
9243,200,false
9244,200,false
9245,200,false
9246,200,false
9247,200,false
9248,200,false
9249,200,false
9250,200,false
9251,200,false
9252,200,false
9253,200,false
9254,200,false
9255,200,false
9256,200,false
9257,200,false
9258,200,false
9259,200,false
9260,200,false
9261,200,false
9262,200,false
9263,200,false
9264,200,false
9265,200,false
9266,200,false
9267,200,false
9268,200,false
9269,200,false
9270,200,false
9271,500,true
9272,500,true
9273,500,true
9274,500,true
9275,500,true
9276,500,true
9277,500,true
9278,500,true
9279,500,true
9280,500,true
9281,500,true
9282,500,true
9283,500,true
9284,500,true
9285,500,true
9286,500,true
9287,500,true
9288,500,true
9289,500,true
9290,500,true
9291,500,true
9292,500,true
9293,500,true
9294,500,true
9295,500,true
9296,500,true
9297,500,true
9298,500,true
9299,500,true
9300,500,true
9301,500,true
9302,500,true
9303,500,true
9304,500,true
9305,500,true
9306,500,true
9307,500,true
9308,500,true
9309,500,true
9310,500,true
9311,500,true
9312,500,true
9313,500,true
9314,500,true
9315,500,true
9316,500,true
9317,500,true
9318,500,true
9319,500,true
9320,500,true
9321,500,true
9322,500,true
9323,500,true
9324,500,true
9325,500,true
9326,500,true
9327,500,true
9328,500,true
9329,500,true
9330,500,true
9331,500,true
9332,500,true
9333,500,true
9334,500,true
9335,500,true
9336,500,true
9337,500,true
9338,500,true
9339,500,true
9340,500,true
9341,500,true
9342,500,true
9343,500,true
9344,200,false
9345,200,false
9346,200,false
9347,200,false
9348,200,false
9349,200,false
9350,200,false
9351,200,false
9352,200,false
9353,200,false
9354,200,false
9355,200,false
9356,200,false
9357,200,false
9358,200,false
9359,200,false
9360,200,false
9361,200,false
9362,200,false
9363,200,false
9364,200,false
9365,200,false
9366,200,false
9367,200,false
9368,200,false
9369,200,false
9370,200,false
9371,200,false
9372,200,false
9373,200,false
9374,200,false
9375,200,false
9376,200,false
9377,200,false
9378,200,false
9379,200,false
9380,200,false
9381,200,false
9382,200,false
9383,200,false
9384,200,false
9385,200,false
9386,200,false
9387,200,false
9388,200,false
9389,200,false
9390,200,false
9391,200,false
9392,200,false
9393,200,false
9394,200,false
9395,200,false
9396,200,false
9397,200,false
9398,200,false
9399,200,false
9400,200,false
9401,200,false
9402,200,false
9403,200,false
9404,200,false
9405,200,false
9406,200,false
9407,200,false
9408,200,false
9409,200,false
9410,200,false
9411,200,false
9412,200,false
9413,200,false
9414,200,false
9415,200,false
9416,200,false
9417,200,false
9418,200,false
9419,200,false
9420,200,false
9421,200,false
9422,200,false
9423,200,false
9424,200,false
9425,200,false
9426,200,false
9427,200,false
9428,200,false
9429,200,false
9430,200,false
9431,200,false
9432,200,false
9433,200,false
9434,200,false
9435,200,false
9436,200,false
9437,200,false
9438,200,false
9439,200,false
9440,200,false
9441,200,false
9442,200,false
9443,200,false
9444,200,false
9445,200,false
9446,200,false
9447,200,false
9448,200,false
9449,200,false
9450,200,false
9451,200,false
9452,200,false
9453,200,false
9454,200,false
9455,200,false
9456,200,false
9457,200,false
9458,200,false
9459,200,false
9460,200,false
9461,200,false
9462,200,false
9463,200,false
9464,200,false
9465,200,false
9466,200,false
9467,200,false
9468,200,false
9469,200,false
9470,200,false
9471,200,false
9472,200,false
9473,200,false
9474,200,false
9475,200,false
9476,200,false
9477,200,false
9478,200,false
9479,200,false
9480,200,false
9481,200,false
9482,200,false
9483,200,false
9484,200,false
9485,200,false
9486,200,false
9487,200,false
9488,200,false
9489,200,false
9490,200,false
9491,200,false
9492,200,false
9493,200,false
9494,200,false
9495,200,false
9496,200,false
9497,200,false
9498,200,false
9499,200,false
9500,200,false
9501,200,false
9502,200,false
9503,200,false
9504,200,false
9505,200,false
9506,200,false
9507,200,false
9508,200,false
9509,200,false
9510,200,false
9511,200,false
9512,200,false
9513,200,false
9514,200,false
9515,200,false
9516,200,false
9517,200,false
9518,200,false
9519,200,false
9520,200,false
9521,200,false
9522,200,false
9523,200,false
9524,200,false
9525,200,false
9526,200,false
9527,200,false
9528,200,false
9529,200,false
9530,200,false
9531,200,false
9532,200,false
9533,200,false
9534,200,false
9535,200,false
9536,200,false
9537,200,false
9538,200,false
9539,200,false
9540,200,false
9541,200,false
9542,200,false
9543,200,false
9544,200,false
9545,200,false
9546,200,false
9547,200,false
9548,200,false
9549,200,false
9550,200,false
9551,200,false
9552,200,false
9553,200,false
9554,200,false
9555,200,false
9556,200,false
9557,200,false
9558,200,false
9559,200,false
9560,200,false
9561,200,false
9562,200,false
9563,200,false
9564,200,false
9565,200,false
9566,200,false
9567,200,false
9568,200,false
9569,200,false
9570,200,false
9571,200,false
9572,200,false
9573,200,false
9574,200,false
9575,200,false
9576,200,false
9577,200,false
9578,200,false
9579,200,false
9580,200,false
9581,200,false
9582,200,false
9583,200,false
9584,200,false
9585,200,false
9586,200,false
9587,200,false
9588,200,false
9589,200,false
9590,200,false
9591,200,false
9592,200,false
9593,200,false
9594,200,false
9595,200,false
9596,200,false
9597,200,false
9598,200,false
9599,200,false
9600,200,false
9601,200,false
9602,200,false
9603,200,false
9604,200,false
9605,200,false
9606,200,false
9607,200,false
9608,200,false
9609,200,false
9610,200,false
9611,200,false
9612,200,false
9613,200,false
9614,200,false
9615,200,false
9616,200,false
9617,200,false
9618,200,false
9619,200,false
9620,200,false
9621,200,false
9622,200,false
9623,200,false
9624,200,false
9625,200,false
9626,200,false
9627,200,false
9628,200,false
9629,200,false
9630,200,false
9631,200,false
9632,200,false
9633,200,false
9634,200,false
9635,200,false
9636,200,false
9637,200,false
9638,200,false
9639,200,false
9640,200,false
9641,200,false
9642,200,false
9643,200,false
9644,200,false
9645,200,false
9646,200,false
9647,200,false
9648,200,false
9649,200,false
9650,200,false
9651,200,false
9652,200,false
9653,200,false
9654,200,false
9655,200,false
9656,200,false
9657,200,false
9658,200,false
9659,200,false
9660,200,false
9661,200,false
9662,200,false
9663,200,false
9664,200,false
9665,200,false
9666,200,false
9667,200,false
9668,200,false
9669,200,false
9670,200,false
9671,200,false
9672,200,false
9673,200,false
9674,200,false
9675,200,false
9676,200,false
9677,200,false
9678,200,false
9679,200,false
9680,200,false
9681,200,false
9682,200,false
9683,200,false
9684,200,false
9685,200,false
9686,200,false
9687,200,false
9688,200,false
9689,200,false
9690,200,false
9691,200,false
9692,200,false
9693,200,false
9694,200,false
9695,200,false
9696,200,false
9697,200,false
9698,200,false
9699,200,false
9700,200,false
9701,200,false
9702,200,false
9703,200,false
9704,200,false
9705,200,false
9706,200,false
9707,200,false
9708,200,false
9709,500,true
9710,500,true
9711,500,true
9712,500,true
9713,500,true
9714,500,true
9715,500,true
9716,500,true
9717,500,true
9718,500,true
9719,500,true
9720,500,true
9721,500,true
9722,500,true
9723,500,true
9724,500,true
9725,500,true
9726,500,true
9727,500,true
9728,500,true
9729,500,true
9730,500,true
9731,500,true
9732,500,true
9733,500,true
9734,500,true
9735,500,true
9736,500,true
9737,500,true
9738,500,true
9739,500,true
9740,500,true
9741,500,true
9742,500,true
9743,500,true
9744,500,true
9745,500,true
9746,500,true
9747,500,true
9748,500,true
9749,500,true
9750,500,true
9751,500,true
9752,500,true
9753,500,true
9754,500,true
9755,500,true
9756,500,true
9757,500,true
9758,500,true
9759,500,true
9760,500,true
9761,500,true
9762,500,true
9763,500,true
9764,500,true
9765,500,true
9766,500,true
9767,500,true
9768,500,true
9769,500,true
9770,500,true
9771,500,true
9772,500,true
9773,500,true
9774,500,true
9775,500,true
9776,500,true
9777,500,true
9778,500,true
9779,500,true
9780,500,true
9781,500,true
9782,404,true
9783,404,true
9784,404,true
9785,404,true
9786,404,true
9787,404,true
9788,404,true
9789,404,true
9790,404,true
9791,404,true
9792,404,true
9793,404,true
9794,404,true
9795,404,true
9796,404,true
9797,404,true
9798,404,true
9799,404,true
9800,404,true
9801,404,true
9802,404,true
9803,404,true
9804,404,true
9805,404,true
9806,404,true
9807,404,true
9808,404,true
9809,404,true
9810,404,true
9811,404,true
9812,404,true
9813,404,true
9814,404,true
9815,404,true
9816,404,true
9817,404,true
9818,404,true
9819,404,true
9820,404,true
9821,404,true
9822,404,true
9823,404,true
9824,404,true
9825,404,true
9826,404,true
9827,404,true
9828,404,true
9829,404,true
9830,404,true
9831,404,true
9832,404,true
9833,404,true
9834,404,true
9835,404,true
9836,404,true
9837,404,true
9838,404,true
9839,404,true
9840,404,true
9841,404,true
9842,404,true
9843,404,true
9844,404,true
9845,404,true
9846,404,true
9847,404,true
9848,404,true
9849,404,true
9850,404,true
9851,404,true
9852,404,true
9853,404,true
9854,404,true
9855,200,false
9856,200,false
9857,200,false
9858,200,false
9859,200,false
9860,200,false
9861,200,false
9862,200,false
9863,200,false
9864,200,false
9865,200,false
9866,200,false
9867,200,false
9868,200,false
9869,200,false
9870,200,false
9871,200,false
9872,200,false
9873,200,false
9874,200,false
9875,200,false
9876,200,false
9877,200,false
9878,200,false
9879,200,false
9880,200,false
9881,200,false
9882,200,false
9883,200,false
9884,200,false
9885,200,false
9886,200,false
9887,200,false
9888,200,false
9889,200,false
9890,200,false
9891,200,false
9892,200,false
9893,200,false
9894,200,false
9895,200,false
9896,200,false
9897,200,false
9898,200,false
9899,200,false
9900,200,false
9901,200,false
9902,200,false
9903,200,false
9904,200,false
9905,200,false
9906,200,false
9907,200,false
9908,200,false
9909,200,false
9910,200,false
9911,200,false
9912,200,false
9913,200,false
9914,200,false
9915,200,false
9916,200,false
9917,200,false
9918,200,false
9919,200,false
9920,200,false
9921,200,false
9922,200,false
9923,200,false
9924,200,false
9925,200,false
9926,200,false
9927,200,false
9928,200,false
9929,200,false
9930,200,false
9931,200,false
9932,200,false
9933,200,false
9934,200,false
9935,200,false
9936,200,false
9937,200,false
9938,200,false
9939,200,false
9940,200,false
9941,200,false
9942,200,false
9943,200,false
9944,200,false
9945,200,false
9946,200,false
9947,200,false
9948,200,false
9949,200,false
9950,200,false
9951,200,false
9952,200,false
9953,200,false
9954,200,false
9955,200,false
9956,200,false
9957,200,false
9958,200,false
9959,200,false
9960,200,false
9961,200,false
9962,200,false
9963,200,false
9964,200,false
9965,200,false
9966,200,false
9967,200,false
9968,200,false
9969,200,false
9970,200,false
9971,200,false
9972,200,false
9973,200,false
9974,200,false
9975,200,false
9976,200,false
9977,200,false
9978,200,false
9979,200,false
9980,200,false
9981,200,false
9982,200,false
9983,200,false
9984,200,false
9985,200,false
9986,200,false
9987,200,false
9988,200,false
9989,200,false
9990,200,false
9991,200,false
9992,200,false
9993,200,false
9994,200,false
9995,200,false
9996,200,false
9997,200,false
9998,200,false
9999,200,false
10000,200,false
10001,200,false
10002,200,false
10003,200,false
10004,200,false
10005,200,false
10006,200,false
10007,200,false
10008,200,false
10009,200,false
10010,200,false
10011,200,false
10012,200,false
10013,200,false
10014,200,false
10015,200,false
10016,200,false
10017,200,false
10018,200,false
10019,200,false
10020,200,false
10021,200,false
10022,200,false
10023,200,false
10024,200,false
10025,200,false
10026,200,false
10027,200,false
10028,200,false
10029,200,false
10030,200,false
10031,200,false
10032,200,false
10033,200,false
10034,200,false
10035,200,false
10036,200,false
10037,200,false
10038,200,false
10039,200,false
10040,200,false
10041,200,false
10042,200,false
10043,200,false
10044,200,false
10045,200,false
10046,200,false
10047,200,false
10048,200,false
10049,200,false
10050,200,false
10051,200,false
10052,200,false
10053,200,false
10054,200,false
10055,200,false
10056,200,false
10057,200,false
10058,200,false
10059,200,false
10060,200,false
10061,200,false
10062,200,false
10063,200,false
10064,200,false
10065,200,false
10066,200,false
10067,200,false
10068,200,false
10069,200,false
10070,200,false
10071,200,false
10072,200,false
10073,200,false
10074,200,false
10075,200,false
10076,200,false
10077,200,false
10078,200,false
10079,200,false
10080,200,false
10081,200,false
10082,200,false
10083,200,false
10084,200,false
10085,200,false
10086,200,false
10087,200,false
10088,200,false
10089,200,false
10090,200,false
10091,200,false
10092,200,false
10093,200,false
10094,200,false
10095,200,false
10096,200,false
10097,200,false
10098,200,false
10099,200,false
10100,200,false
10101,200,false
10102,200,false
10103,200,false
10104,200,false
10105,200,false
10106,200,false
10107,200,false
10108,200,false
10109,200,false
10110,200,false
10111,200,false
10112,200,false
10113,200,false
10114,200,false
10115,200,false
10116,200,false
10117,200,false
10118,200,false
10119,200,false
10120,200,false
10121,200,false
10122,200,false
10123,200,false
10124,200,false
10125,200,false
10126,200,false
10127,200,false
10128,200,false
10129,200,false
10130,200,false
10131,200,false
10132,200,false
10133,200,false
10134,200,false
10135,200,false
10136,200,false
10137,200,false
10138,200,false
10139,200,false
10140,200,false
10141,200,false
10142,200,false
10143,200,false
10144,200,false
10145,200,false
10146,200,false
10147,200,false
10148,200,false
10149,200,false
10150,200,false
10151,200,false
10152,200,false
10153,200,false
10154,200,false
10155,200,false
10156,200,false
10157,200,false
10158,200,false
10159,200,false
10160,200,false
10161,200,false
10162,200,false
10163,200,false
10164,200,false
10165,200,false
10166,200,false
10167,200,false
10168,200,false
10169,200,false
10170,200,false
10171,200,false
10172,200,false
10173,200,false
10174,200,false
10175,200,false
10176,200,false
10177,200,false
10178,200,false
10179,200,false
10180,200,false
10181,200,false
10182,200,false
10183,200,false
10184,200,false
10185,200,false
10186,200,false
10187,200,false
10188,200,false
10189,200,false
10190,200,false
10191,200,false
10192,200,false
10193,200,false
10194,200,false
10195,200,false
10196,200,false
10197,200,false
10198,200,false
10199,200,false
10200,200,false
10201,200,false
10202,200,false
10203,200,false
10204,200,false
10205,200,false
10206,200,false
10207,200,false
10208,200,false
10209,200,false
10210,200,false
10211,200,false
10212,200,false
10213,200,false
10214,200,false
10215,200,false
10216,200,false
10217,200,false
10218,200,false
10219,200,false
10220,200,false
10221,200,false
10222,200,false
10223,200,false
10224,200,false
10225,200,false
10226,200,false
10227,200,false
10228,200,false
10229,200,false
10230,200,false
10231,200,false
10232,200,false
10233,200,false
10234,200,false
10235,200,false
10236,200,false
10237,200,false
10238,200,false
10239,200,false
10240,200,false
10241,200,false
10242,200,false
10243,200,false
10244,200,false
10245,200,false
10246,200,false
10247,200,false
10248,200,false
10249,200,false
10250,200,false
10251,200,false
10252,200,false
10253,200,false
10254,200,false
10255,200,false
10256,200,false
10257,200,false
10258,200,false
10259,200,false
10260,200,false
10261,200,false
10262,200,false
10263,200,false
10264,200,false
10265,200,false
10266,200,false
10267,200,false
10268,200,false
10269,200,false
10270,200,false
10271,200,false
10272,200,false
10273,200,false
10274,200,false
10275,200,false
10276,200,false
10277,200,false
10278,200,false
10279,200,false
10280,200,false
10281,200,false
10282,200,false
10283,200,false
10284,200,false
10285,200,false
10286,200,false
10287,200,false
10288,200,false
10289,200,false
10290,200,false
10291,200,false
10292,200,false
10293,200,false
10294,200,false
10295,200,false
10296,200,false
10297,200,false
10298,200,false
10299,200,false
10300,200,false
10301,200,false
10302,200,false
10303,200,false
10304,200,false
10305,200,false
10306,200,false
10307,200,false
10308,200,false
10309,200,false
10310,200,false
10311,200,false
10312,200,false
10313,200,false
10314,200,false
10315,200,false
10316,200,false
10317,200,false
10318,200,false
10319,200,false
10320,200,false
10321,200,false
10322,200,false
10323,200,false
10324,200,false
10325,200,false
10326,200,false
10327,200,false
10328,200,false
10329,200,false
10330,200,false
10331,200,false
10332,200,false
10333,200,false
10334,200,false
10335,200,false
10336,200,false
10337,200,false
10338,200,false
10339,200,false
10340,200,false
10341,200,false
10342,200,false
10343,200,false
10344,200,false
10345,200,false
10346,200,false
10347,200,false
10348,200,false
10349,200,false
10350,200,false
10351,200,false
10352,200,false
10353,200,false
10354,200,false
10355,200,false
10356,200,false
10357,200,false
10358,200,false
10359,200,false
10360,200,false
10361,200,false
10362,200,false
10363,200,false
10364,200,false
10365,200,false
10366,200,false
10367,200,false
10368,200,false
10369,200,false
10370,200,false
10371,200,false
10372,200,false
10373,200,false
10374,200,false
10375,200,false
10376,200,false
10377,200,false
10378,200,false
10379,200,false
10380,200,false
10381,200,false
10382,200,false
10383,200,false
10384,200,false
10385,200,false
10386,200,false
10387,200,false
10388,200,false
10389,200,false
10390,200,false
10391,200,false
10392,200,false
10393,200,false
10394,200,false
10395,200,false
10396,200,false
10397,200,false
10398,200,false
10399,200,false
10400,200,false
10401,200,false
10402,200,false
10403,200,false
10404,200,false
10405,200,false
10406,200,false
10407,200,false
10408,200,false
10409,200,false
10410,200,false
10411,200,false
10412,200,false
10413,200,false
10414,200,false
10415,200,false
10416,200,false
10417,200,false
10418,200,false
10419,200,false
10420,200,false
10421,200,false
10422,200,false
10423,200,false
10424,200,false
10425,200,false
10426,200,false
10427,200,false
10428,200,false
10429,200,false
10430,200,false
10431,200,false
10432,200,false
10433,200,false
10434,200,false
10435,200,false
10436,200,false
10437,200,false
10438,200,false
10439,500,true
10440,500,true
10441,500,true
10442,500,true
10443,500,true
10444,500,true
10445,500,true
10446,500,true
10447,500,true
10448,500,true
10449,500,true
10450,500,true
10451,500,true
10452,500,true
10453,500,true
10454,500,true
10455,500,true
10456,500,true
10457,500,true
10458,500,true
10459,500,true
10460,500,true
10461,500,true
10462,500,true
10463,500,true
10464,500,true
10465,500,true
10466,500,true
10467,500,true
10468,500,true
10469,500,true
10470,500,true
10471,500,true
10472,500,true
10473,500,true
10474,500,true
10475,500,true
10476,500,true
10477,500,true
10478,500,true
10479,500,true
10480,500,true
10481,500,true
10482,500,true
10483,500,true
10484,500,true
10485,500,true
10486,500,true
10487,500,true
10488,500,true
10489,500,true
10490,500,true
10491,500,true
10492,500,true
10493,500,true
10494,500,true
10495,500,true
10496,500,true
10497,500,true
10498,500,true
10499,500,true
10500,500,true
10501,500,true
10502,500,true
10503,500,true
10504,500,true
10505,500,true
10506,500,true
10507,500,true
10508,500,true
10509,500,true
10510,500,true
10511,500,true
10512,200,false
10513,200,false
10514,200,false
10515,200,false
10516,200,false
10517,200,false
10518,200,false
10519,200,false
10520,200,false
10521,200,false
10522,200,false
10523,200,false
10524,200,false
10525,200,false
10526,200,false
10527,200,false
10528,200,false
10529,200,false
10530,200,false
10531,200,false
10532,200,false
10533,200,false
10534,200,false
10535,200,false
10536,200,false
10537,200,false
10538,200,false
10539,200,false
10540,200,false
10541,200,false
10542,200,false
10543,200,false
10544,200,false
10545,200,false
10546,200,false
10547,200,false
10548,200,false
10549,200,false
10550,200,false
10551,200,false
10552,200,false
10553,200,false
10554,200,false
10555,200,false
10556,200,false
10557,200,false
10558,200,false
10559,200,false
10560,200,false
10561,200,false
10562,200,false
10563,200,false
10564,200,false
10565,200,false
10566,200,false
10567,200,false
10568,200,false
10569,200,false
10570,200,false
10571,200,false
10572,200,false
10573,200,false
10574,200,false
10575,200,false
10576,200,false
10577,200,false
10578,200,false
10579,200,false
10580,200,false
10581,200,false
10582,200,false
10583,200,false
10584,200,false
10585,404,true
10586,404,true
10587,404,true
10588,404,true
10589,404,true
10590,404,true
10591,404,true
10592,404,true
10593,404,true
10594,404,true
10595,404,true
10596,404,true
10597,404,true
10598,404,true
10599,404,true
10600,404,true
10601,404,true
10602,404,true
10603,404,true
10604,404,true
10605,404,true
10606,404,true
10607,404,true
10608,404,true
10609,404,true
10610,404,true
10611,404,true
10612,404,true
10613,404,true
10614,404,true
10615,404,true
10616,404,true
10617,404,true
10618,404,true
10619,404,true
10620,404,true
10621,404,true
10622,404,true
10623,404,true
10624,404,true
10625,404,true
10626,404,true
10627,404,true
10628,404,true
10629,404,true
10630,404,true
10631,404,true
10632,404,true
10633,404,true
10634,404,true
10635,404,true
10636,404,true
10637,404,true
10638,404,true
10639,404,true
10640,404,true
10641,404,true
10642,404,true
10643,404,true
10644,404,true
10645,404,true
10646,404,true
10647,404,true
10648,404,true
10649,404,true
10650,404,true
10651,404,true
10652,404,true
10653,404,true
10654,404,true
10655,404,true
10656,404,true
10657,404,true
10658,200,false
10659,200,false
10660,200,false
10661,200,false
10662,200,false
10663,200,false
10664,200,false
10665,200,false
10666,200,false
10667,200,false
10668,200,false
10669,200,false
10670,200,false
10671,200,false
10672,200,false
10673,200,false
10674,200,false
10675,200,false
10676,200,false
10677,200,false
10678,200,false
10679,200,false
10680,200,false
10681,200,false
10682,200,false
10683,200,false
10684,200,false
10685,200,false
10686,200,false
10687,200,false
10688,200,false
10689,200,false
10690,200,false
10691,200,false
10692,200,false
10693,200,false
10694,200,false
10695,200,false
10696,200,false
10697,200,false
10698,200,false
10699,200,false
10700,200,false
10701,200,false
10702,200,false
10703,200,false
10704,200,false
10705,200,false
10706,200,false
10707,200,false
10708,200,false
10709,200,false
10710,200,false
10711,200,false
10712,200,false
10713,200,false
10714,200,false
10715,200,false
10716,200,false
10717,200,false
10718,200,false
10719,200,false
10720,200,false
10721,200,false
10722,200,false
10723,200,false
10724,200,false
10725,200,false
10726,200,false
10727,200,false
10728,200,false
10729,200,false
10730,200,false
10731,200,false
10732,200,false
10733,200,false
10734,200,false
10735,200,false
10736,200,false
10737,200,false
10738,200,false
10739,200,false
10740,200,false
10741,200,false
10742,200,false
10743,200,false
10744,200,false
10745,200,false
10746,200,false
10747,200,false
10748,200,false
10749,200,false
10750,200,false
10751,200,false
10752,200,false
10753,200,false
10754,200,false
10755,200,false
10756,200,false
10757,200,false
10758,200,false
10759,200,false
10760,200,false
10761,200,false
10762,200,false
10763,200,false
10764,200,false
10765,200,false
10766,200,false
10767,200,false
10768,200,false
10769,200,false
10770,200,false
10771,200,false
10772,200,false
10773,200,false
10774,200,false
10775,200,false
10776,200,false
10777,200,false
10778,200,false
10779,200,false
10780,200,false
10781,200,false
10782,200,false
10783,200,false
10784,200,false
10785,200,false
10786,200,false
10787,200,false
10788,200,false
10789,200,false
10790,200,false
10791,200,false
10792,200,false
10793,200,false
10794,200,false
10795,200,false
10796,200,false
10797,200,false
10798,200,false
10799,200,false
10800,200,false
10801,200,false
10802,200,false
10803,200,false
10804,200,false
10805,200,false
10806,200,false
10807,200,false
10808,200,false
10809,200,false
10810,200,false
10811,200,false
10812,200,false
10813,200,false
10814,200,false
10815,200,false
10816,200,false
10817,200,false
10818,200,false
10819,200,false
10820,200,false
10821,200,false
10822,200,false
10823,200,false
10824,200,false
10825,200,false
10826,200,false
10827,200,false
10828,200,false
10829,200,false
10830,200,false
10831,200,false
10832,200,false
10833,200,false
10834,200,false
10835,200,false
10836,200,false
10837,200,false
10838,200,false
10839,200,false
10840,200,false
10841,200,false
10842,200,false
10843,200,false
10844,200,false
10845,200,false
10846,200,false
10847,200,false
10848,200,false
10849,200,false
10850,200,false
10851,200,false
10852,200,false
10853,200,false
10854,200,false
10855,200,false
10856,200,false
10857,200,false
10858,200,false
10859,200,false
10860,200,false
10861,200,false
10862,200,false
10863,200,false
10864,200,false
10865,200,false
10866,200,false
10867,200,false
10868,200,false
10869,200,false
10870,200,false
10871,200,false
10872,200,false
10873,200,false
10874,200,false
10875,200,false
10876,200,false
10877,200,false
10878,200,false
10879,200,false
10880,200,false
10881,200,false
10882,200,false
10883,200,false
10884,200,false
10885,200,false
10886,200,false
10887,200,false
10888,200,false
10889,200,false
10890,200,false
10891,200,false
10892,200,false
10893,200,false
10894,200,false
10895,200,false
10896,200,false
10897,200,false
10898,200,false
10899,200,false
10900,200,false
10901,200,false
10902,200,false
10903,200,false
10904,200,false
10905,200,false
10906,200,false
10907,200,false
10908,200,false
10909,200,false
10910,200,false
10911,200,false
10912,200,false
10913,200,false
10914,200,false
10915,200,false
10916,200,false
10917,200,false
10918,200,false
10919,200,false
10920,200,false
10921,200,false
10922,200,false
10923,200,false
10924,200,false
10925,200,false
10926,200,false
10927,200,false
10928,200,false
10929,200,false
10930,200,false
10931,200,false
10932,200,false
10933,200,false
10934,200,false
10935,200,false
10936,200,false
10937,200,false
10938,200,false
10939,200,false
10940,200,false
10941,200,false
10942,200,false
10943,200,false
10944,200,false
10945,200,false
10946,200,false
10947,200,false
10948,200,false
10949,200,false
10950,200,false
10951,200,false
10952,200,false
10953,200,false
10954,200,false
10955,200,false
10956,200,false
10957,200,false
10958,200,false
10959,200,false
10960,200,false
10961,200,false
10962,200,false
10963,200,false
10964,200,false
10965,200,false
10966,200,false
10967,200,false
10968,200,false
10969,200,false
10970,200,false
10971,200,false
10972,200,false
10973,200,false
10974,200,false
10975,200,false
10976,200,false
10977,200,false
10978,200,false
10979,200,false
10980,200,false
10981,200,false
10982,200,false
10983,200,false
10984,200,false
10985,200,false
10986,200,false
10987,200,false
10988,200,false
10989,200,false
10990,200,false
10991,200,false
10992,200,false
10993,200,false
10994,200,false
10995,200,false
10996,200,false
10997,200,false
10998,200,false
10999,200,false
11000,200,false
11001,200,false
11002,200,false
11003,200,false
11004,200,false
11005,200,false
11006,200,false
11007,200,false
11008,200,false
11009,200,false
11010,200,false
11011,200,false
11012,200,false
11013,200,false
11014,200,false
11015,200,false
11016,200,false
11017,200,false
11018,200,false
11019,200,false
11020,200,false
11021,200,false
11022,200,false
11023,500,true
11024,500,true
11025,500,true
11026,500,true
11027,500,true
11028,500,true
11029,500,true
11030,500,true
11031,500,true
11032,500,true
11033,500,true
11034,500,true
11035,500,true
11036,500,true
11037,500,true
11038,500,true
11039,500,true
11040,500,true
11041,500,true
11042,500,true
11043,500,true
11044,500,true
11045,500,true
11046,500,true
11047,500,true
11048,500,true
11049,500,true
11050,500,true
11051,500,true
11052,500,true
11053,500,true
11054,500,true
11055,500,true
11056,500,true
11057,500,true
11058,500,true
11059,500,true
11060,500,true
11061,500,true
11062,500,true
11063,500,true
11064,500,true
11065,500,true
11066,500,true
11067,500,true
11068,500,true
11069,500,true
11070,500,true
11071,500,true
11072,500,true
11073,500,true
11074,500,true
11075,500,true
11076,500,true
11077,500,true
11078,500,true
11079,500,true
11080,500,true
11081,500,true
11082,500,true
11083,500,true
11084,500,true
11085,500,true
11086,500,true
11087,500,true
11088,500,true
11089,500,true
11090,500,true
11091,500,true
11092,500,true
11093,500,true
11094,500,true
11095,500,true
11096,404,true
11097,404,true
11098,404,true
11099,404,true
11100,404,true
11101,404,true
11102,404,true
11103,404,true
11104,404,true
11105,404,true
11106,404,true
11107,404,true
11108,404,true
11109,404,true
11110,404,true
11111,404,true
11112,404,true
11113,404,true
11114,404,true
11115,404,true
11116,404,true
11117,404,true
11118,404,true
11119,404,true
11120,404,true
11121,404,true
11122,404,true
11123,404,true
11124,404,true
11125,404,true
11126,404,true
11127,404,true
11128,404,true
11129,404,true
11130,404,true
11131,404,true
11132,404,true
11133,404,true
11134,404,true
11135,404,true
11136,404,true
11137,404,true
11138,404,true
11139,404,true
11140,404,true
11141,404,true
11142,404,true
11143,404,true
11144,404,true
11145,404,true
11146,404,true
11147,404,true
11148,404,true
11149,404,true
11150,404,true
11151,404,true
11152,404,true
11153,404,true
11154,404,true
11155,404,true
11156,404,true
11157,404,true
11158,404,true
11159,404,true
11160,404,true
11161,404,true
11162,404,true
11163,404,true
11164,404,true
11165,404,true
11166,404,true
11167,404,true
11168,404,true
11169,500,true
11170,500,true
11171,500,true
11172,500,true
11173,500,true
11174,500,true
11175,500,true
11176,500,true
11177,500,true
11178,500,true
11179,500,true
11180,500,true
11181,500,true
11182,500,true
11183,500,true
11184,500,true
11185,500,true
11186,500,true
11187,500,true
11188,500,true
11189,500,true
11190,500,true
11191,500,true
11192,500,true
11193,500,true
11194,500,true
11195,500,true
11196,500,true
11197,500,true
11198,500,true
11199,500,true
11200,500,true
11201,500,true
11202,500,true
11203,500,true
11204,500,true
11205,500,true
11206,500,true
11207,500,true
11208,500,true
11209,500,true
11210,500,true
11211,500,true
11212,500,true
11213,500,true
11214,500,true
11215,500,true
11216,500,true
11217,500,true
11218,500,true
11219,500,true
11220,500,true
11221,500,true
11222,500,true
11223,500,true
11224,500,true
11225,500,true
11226,500,true
11227,500,true
11228,500,true
11229,500,true
11230,500,true
11231,500,true
11232,500,true
11233,500,true
11234,500,true
11235,500,true
11236,500,true
11237,500,true
11238,500,true
11239,500,true
11240,500,true
11241,500,true
11242,200,false
11243,200,false
11244,200,false
11245,200,false
11246,200,false
11247,200,false
11248,200,false
11249,200,false
11250,200,false
11251,200,false
11252,200,false
11253,200,false
11254,200,false
11255,200,false
11256,200,false
11257,200,false
11258,200,false
11259,200,false
11260,200,false
11261,200,false
11262,200,false
11263,200,false
11264,200,false
11265,200,false
11266,200,false
11267,200,false
11268,200,false
11269,200,false
11270,200,false
11271,200,false
11272,200,false
11273,200,false
11274,200,false
11275,200,false
11276,200,false
11277,200,false
11278,200,false
11279,200,false
11280,200,false
11281,200,false
11282,200,false
11283,200,false
11284,200,false
11285,200,false
11286,200,false
11287,200,false
11288,200,false
11289,200,false
11290,200,false
11291,200,false
11292,200,false
11293,200,false
11294,200,false
11295,200,false
11296,200,false
11297,200,false
11298,200,false
11299,200,false
11300,200,false
11301,200,false
11302,200,false
11303,200,false
11304,200,false
11305,200,false
11306,200,false
11307,200,false
11308,200,false
11309,200,false
11310,200,false
11311,200,false
11312,200,false
11313,200,false
11314,200,false
11315,404,true
11316,404,true
11317,404,true
11318,404,true
11319,404,true
11320,404,true
11321,404,true
11322,404,true
11323,404,true
11324,404,true
11325,404,true
11326,404,true
11327,404,true
11328,404,true
11329,404,true
11330,404,true
11331,404,true
11332,404,true
11333,404,true
11334,404,true
11335,404,true
11336,404,true
11337,404,true
11338,404,true
11339,404,true
11340,404,true
11341,404,true
11342,404,true
11343,404,true
11344,404,true
11345,404,true
11346,404,true
11347,404,true
11348,404,true
11349,404,true
11350,404,true
11351,404,true
11352,404,true
11353,404,true
11354,404,true
11355,404,true
11356,404,true
11357,404,true
11358,404,true
11359,404,true
11360,404,true
11361,404,true
11362,404,true
11363,404,true
11364,404,true
11365,404,true
11366,404,true
11367,404,true
11368,404,true
11369,404,true
11370,404,true
11371,404,true
11372,404,true
11373,404,true
11374,404,true
11375,404,true
11376,404,true
11377,404,true
11378,404,true
11379,404,true
11380,404,true
11381,404,true
11382,404,true
11383,404,true
11384,404,true
11385,404,true
11386,404,true
11387,404,true
11388,200,false
11389,200,false
11390,200,false
11391,200,false
11392,200,false
11393,200,false
11394,200,false
11395,200,false
11396,200,false
11397,200,false
11398,200,false
11399,200,false
11400,200,false
11401,200,false
11402,200,false
11403,200,false
11404,200,false
11405,200,false
11406,200,false
11407,200,false
11408,200,false
11409,200,false
11410,200,false
11411,200,false
11412,200,false
11413,200,false
11414,200,false
11415,200,false
11416,200,false
11417,200,false
11418,200,false
11419,200,false
11420,200,false
11421,200,false
11422,200,false
11423,200,false
11424,200,false
11425,200,false
11426,200,false
11427,200,false
11428,200,false
11429,200,false
11430,200,false
11431,200,false
11432,200,false
11433,200,false
11434,200,false
11435,200,false
11436,200,false
11437,200,false
11438,200,false
11439,200,false
11440,200,false
11441,200,false
11442,200,false
11443,200,false
11444,200,false
11445,200,false
11446,200,false
11447,200,false
11448,200,false
11449,200,false
11450,200,false
11451,200,false
11452,200,false
11453,200,false
11454,200,false
11455,200,false
11456,200,false
11457,200,false
11458,200,false
11459,200,false
11460,200,false
11461,200,false
11462,200,false
11463,200,false
11464,200,false
11465,200,false
11466,200,false
11467,200,false
11468,200,false
11469,200,false
11470,200,false
11471,200,false
11472,200,false
11473,200,false
11474,200,false
11475,200,false
11476,200,false
11477,200,false
11478,200,false
11479,200,false
11480,200,false
11481,200,false
11482,200,false
11483,200,false
11484,200,false
11485,200,false
11486,200,false
11487,200,false
11488,200,false
11489,200,false
11490,200,false
11491,200,false
11492,200,false
11493,200,false
11494,200,false
11495,200,false
11496,200,false
11497,200,false
11498,200,false
11499,200,false
11500,200,false
11501,200,false
11502,200,false
11503,200,false
11504,200,false
11505,200,false
11506,200,false
11507,200,false
11508,200,false
11509,200,false
11510,200,false
11511,200,false
11512,200,false
11513,200,false
11514,200,false
11515,200,false
11516,200,false
11517,200,false
11518,200,false
11519,200,false
11520,200,false
11521,200,false
11522,200,false
11523,200,false
11524,200,false
11525,200,false
11526,200,false
11527,200,false
11528,200,false
11529,200,false
11530,200,false
11531,200,false
11532,200,false
11533,200,false
11534,500,true
11535,500,true
11536,500,true
11537,500,true
11538,500,true
11539,500,true
11540,500,true
11541,500,true
11542,500,true
11543,500,true
11544,500,true
11545,500,true
11546,500,true
11547,500,true
11548,500,true
11549,500,true
11550,500,true
11551,500,true
11552,500,true
11553,500,true
11554,500,true
11555,500,true
11556,500,true
11557,500,true
11558,500,true
11559,500,true
11560,500,true
11561,500,true
11562,500,true
11563,500,true
11564,500,true
11565,500,true
11566,500,true
11567,500,true
11568,500,true
11569,500,true
11570,500,true
11571,500,true
11572,500,true
11573,500,true
11574,500,true
11575,500,true
11576,500,true
11577,500,true
11578,500,true
11579,500,true
11580,500,true
11581,500,true
11582,500,true
11583,500,true
11584,500,true
11585,500,true
11586,500,true
11587,500,true
11588,500,true
11589,500,true
11590,500,true
11591,500,true
11592,500,true
11593,500,true
11594,500,true
11595,500,true
11596,500,true
11597,500,true
11598,500,true
11599,500,true
11600,500,true
11601,500,true
11602,500,true
11603,500,true
11604,500,true
11605,500,true
11606,500,true
11607,200,false
11608,200,false
11609,200,false
11610,200,false
11611,200,false
11612,200,false
11613,200,false
11614,200,false
11615,200,false
11616,200,false
11617,200,false
11618,200,false
11619,200,false
11620,200,false
11621,200,false
11622,200,false
11623,200,false
11624,200,false
11625,200,false
11626,200,false
11627,200,false
11628,200,false
11629,200,false
11630,200,false
11631,200,false
11632,200,false
11633,200,false
11634,200,false
11635,200,false
11636,200,false
11637,200,false
11638,200,false
11639,200,false
11640,200,false
11641,200,false
11642,200,false
11643,200,false
11644,200,false
11645,200,false
11646,200,false
11647,200,false
11648,200,false
11649,200,false
11650,200,false
11651,200,false
11652,200,false
11653,200,false
11654,200,false
11655,200,false
11656,200,false
11657,200,false
11658,200,false
11659,200,false
11660,200,false
11661,200,false
11662,200,false
11663,200,false
11664,200,false
11665,200,false
11666,200,false
11667,200,false
11668,200,false
11669,200,false
11670,200,false
11671,200,false
11672,200,false
11673,200,false
11674,200,false
11675,200,false
11676,200,false
11677,200,false
11678,200,false
11679,200,false
11680,200,false
11681,200,false
11682,200,false
11683,200,false
11684,200,false
11685,200,false
11686,200,false
11687,200,false
11688,200,false
11689,200,false
11690,200,false
11691,200,false
11692,200,false
11693,200,false
11694,200,false
11695,200,false
11696,200,false
11697,200,false
11698,200,false
11699,200,false
11700,200,false
11701,200,false
11702,200,false
11703,200,false
11704,200,false
11705,200,false
11706,200,false
11707,200,false
11708,200,false
11709,200,false
11710,200,false
11711,200,false
11712,200,false
11713,200,false
11714,200,false
11715,200,false
11716,200,false
11717,200,false
11718,200,false
11719,200,false
11720,200,false
11721,200,false
11722,200,false
11723,200,false
11724,200,false
11725,200,false
11726,200,false
11727,200,false
11728,200,false
11729,200,false
11730,200,false
11731,200,false
11732,200,false
11733,200,false
11734,200,false
11735,200,false
11736,200,false
11737,200,false
11738,200,false
11739,200,false
11740,200,false
11741,200,false
11742,200,false
11743,200,false
11744,200,false
11745,200,false
11746,200,false
11747,200,false
11748,200,false
11749,200,false
11750,200,false
11751,200,false
11752,200,false
11753,200,false
11754,200,false
11755,200,false
11756,200,false
11757,200,false
11758,200,false
11759,200,false
11760,200,false
11761,200,false
11762,200,false
11763,200,false
11764,200,false
11765,200,false
11766,200,false
11767,200,false
11768,200,false
11769,200,false
11770,200,false
11771,200,false
11772,200,false
11773,200,false
11774,200,false
11775,200,false
11776,200,false
11777,200,false
11778,200,false
11779,200,false
11780,200,false
11781,200,false
11782,200,false
11783,200,false
11784,200,false
11785,200,false
11786,200,false
11787,200,false
11788,200,false
11789,200,false
11790,200,false
11791,200,false
11792,200,false
11793,200,false
11794,200,false
11795,200,false
11796,200,false
11797,200,false
11798,200,false
11799,200,false
11800,200,false
11801,200,false
11802,200,false
11803,200,false
11804,200,false
11805,200,false
11806,200,false
11807,200,false
11808,200,false
11809,200,false
11810,200,false
11811,200,false
11812,200,false
11813,200,false
11814,200,false
11815,200,false
11816,200,false
11817,200,false
11818,200,false
11819,200,false
11820,200,false
11821,200,false
11822,200,false
11823,200,false
11824,200,false
11825,200,false
11826,404,true
11827,404,true
11828,404,true
11829,404,true
11830,404,true
11831,404,true
11832,404,true
11833,404,true
11834,404,true
11835,404,true
11836,404,true
11837,404,true
11838,404,true
11839,404,true
11840,404,true
11841,404,true
11842,404,true
11843,404,true
11844,404,true
11845,404,true
11846,404,true
11847,404,true
11848,404,true
11849,404,true
11850,404,true
11851,404,true
11852,404,true
11853,404,true
11854,404,true
11855,404,true
11856,404,true
11857,404,true
11858,404,true
11859,404,true
11860,404,true
11861,404,true
11862,404,true
11863,404,true
11864,404,true
11865,404,true
11866,404,true
11867,404,true
11868,404,true
11869,404,true
11870,404,true
11871,404,true
11872,404,true
11873,404,true
11874,404,true
11875,404,true
11876,404,true
11877,404,true
11878,404,true
11879,404,true
11880,404,true
11881,404,true
11882,404,true
11883,404,true
11884,404,true
11885,404,true
11886,404,true
11887,404,true
11888,404,true
11889,404,true
11890,404,true
11891,404,true
11892,404,true
11893,404,true
11894,404,true
11895,404,true
11896,404,true
11897,404,true
11898,404,true
11899,500,true
11900,500,true
11901,500,true
11902,500,true
11903,500,true
11904,500,true
11905,500,true
11906,500,true
11907,500,true
11908,500,true
11909,500,true
11910,500,true
11911,500,true
11912,500,true
11913,500,true
11914,500,true
11915,500,true
11916,500,true
11917,500,true
11918,500,true
11919,500,true
11920,500,true
11921,500,true
11922,500,true
11923,500,true
11924,500,true
11925,500,true
11926,500,true
11927,500,true
11928,500,true
11929,500,true
11930,500,true
11931,500,true
11932,500,true
11933,500,true
11934,500,true
11935,500,true
11936,500,true
11937,500,true
11938,500,true
11939,500,true
11940,500,true
11941,500,true
11942,500,true
11943,500,true
11944,500,true
11945,500,true
11946,500,true
11947,500,true
11948,500,true
11949,500,true
11950,500,true
11951,500,true
11952,500,true
11953,500,true
11954,500,true
11955,500,true
11956,500,true
11957,500,true
11958,500,true
11959,500,true
11960,500,true
11961,500,true
11962,500,true
11963,500,true
11964,500,true
11965,500,true
11966,500,true
11967,500,true
11968,500,true
11969,500,true
11970,500,true
11971,500,true
11972,200,false
11973,200,false
11974,200,false
11975,200,false
11976,200,false
11977,200,false
11978,200,false
11979,200,false
11980,200,false
11981,200,false
11982,200,false
11983,200,false
11984,200,false
11985,200,false
11986,200,false
11987,200,false
11988,200,false
11989,200,false
11990,200,false
11991,200,false
11992,200,false
11993,200,false
11994,200,false
11995,200,false
11996,200,false
11997,200,false
11998,200,false
11999,200,false
12000,200,false
12001,200,false
12002,200,false
12003,200,false
12004,200,false
12005,200,false
12006,200,false
12007,200,false
12008,200,false
12009,200,false
12010,200,false
12011,200,false
12012,200,false
12013,200,false
12014,200,false
12015,200,false
12016,200,false
12017,200,false
12018,200,false
12019,200,false
12020,200,false
12021,200,false
12022,200,false
12023,200,false
12024,200,false
12025,200,false
12026,200,false
12027,200,false
12028,200,false
12029,200,false
12030,200,false
12031,200,false
12032,200,false
12033,200,false
12034,200,false
12035,200,false
12036,200,false
12037,200,false
12038,200,false
12039,200,false
12040,200,false
12041,200,false
12042,200,false
12043,200,false
12044,200,false
12045,200,false
12046,200,false
12047,200,false
12048,200,false
12049,200,false
12050,200,false
12051,200,false
12052,200,false
12053,200,false
12054,200,false
12055,200,false
12056,200,false
12057,200,false
12058,200,false
12059,200,false
12060,200,false
12061,200,false
12062,200,false
12063,200,false
12064,200,false
12065,200,false
12066,200,false
12067,200,false
12068,200,false
12069,200,false
12070,200,false
12071,200,false
12072,200,false
12073,200,false
12074,200,false
12075,200,false
12076,200,false
12077,200,false
12078,200,false
12079,200,false
12080,200,false
12081,200,false
12082,200,false
12083,200,false
12084,200,false
12085,200,false
12086,200,false
12087,200,false
12088,200,false
12089,200,false
12090,200,false
12091,200,false
12092,200,false
12093,200,false
12094,200,false
12095,200,false
12096,200,false
12097,200,false
12098,200,false
12099,200,false
12100,200,false
12101,200,false
12102,200,false
12103,200,false
12104,200,false
12105,200,false
12106,200,false
12107,200,false
12108,200,false
12109,200,false
12110,200,false
12111,200,false
12112,200,false
12113,200,false
12114,200,false
12115,200,false
12116,200,false
12117,200,false
12118,200,false
12119,200,false
12120,200,false
12121,200,false
12122,200,false
12123,200,false
12124,200,false
12125,200,false
12126,200,false
12127,200,false
12128,200,false
12129,200,false
12130,200,false
12131,200,false
12132,200,false
12133,200,false
12134,200,false
12135,200,false
12136,200,false
12137,200,false
12138,200,false
12139,200,false
12140,200,false
12141,200,false
12142,200,false
12143,200,false
12144,200,false
12145,200,false
12146,200,false
12147,200,false
12148,200,false
12149,200,false
12150,200,false
12151,200,false
12152,200,false
12153,200,false
12154,200,false
12155,200,false
12156,200,false
12157,200,false
12158,200,false
12159,200,false
12160,200,false
12161,200,false
12162,200,false
12163,200,false
12164,200,false
12165,200,false
12166,200,false
12167,200,false
12168,200,false
12169,200,false
12170,200,false
12171,200,false
12172,200,false
12173,200,false
12174,200,false
12175,200,false
12176,200,false
12177,200,false
12178,200,false
12179,200,false
12180,200,false
12181,200,false
12182,200,false
12183,200,false
12184,200,false
12185,200,false
12186,200,false
12187,200,false
12188,200,false
12189,200,false
12190,200,false
12191,404,true
12192,404,true
12193,404,true
12194,404,true
12195,404,true
12196,404,true
12197,404,true
12198,404,true
12199,404,true
12200,404,true
12201,404,true
12202,404,true
12203,404,true
12204,404,true
12205,404,true
12206,404,true
12207,404,true
12208,404,true
12209,404,true
12210,404,true
12211,404,true
12212,404,true
12213,404,true
12214,404,true
12215,404,true
12216,404,true
12217,404,true
12218,404,true
12219,404,true
12220,404,true
12221,404,true
12222,404,true
12223,404,true
12224,404,true
12225,404,true
12226,404,true
12227,404,true
12228,404,true
12229,404,true
12230,404,true
12231,404,true
12232,404,true
12233,404,true
12234,404,true
12235,404,true
12236,404,true
12237,404,true
12238,404,true
12239,404,true
12240,404,true
12241,404,true
12242,404,true
12243,404,true
12244,404,true
12245,404,true
12246,404,true
12247,404,true
12248,404,true
12249,404,true
12250,404,true
12251,404,true
12252,404,true
12253,404,true
12254,404,true
12255,404,true
12256,404,true
12257,404,true
12258,404,true
12259,404,true
12260,404,true
12261,404,true
12262,404,true
12263,404,true
12264,404,true
12265,404,true
12266,404,true
12267,404,true
12268,404,true
12269,404,true
12270,404,true
12271,404,true
12272,404,true
12273,404,true
12274,404,true
12275,404,true
12276,404,true
12277,404,true
12278,404,true
12279,404,true
12280,404,true
12281,404,true
12282,404,true
12283,404,true
12284,404,true
12285,404,true
12286,404,true
12287,404,true
12288,404,true
12289,404,true
12290,404,true
12291,404,true
12292,404,true
12293,404,true
12294,404,true
12295,404,true
12296,404,true
12297,404,true
12298,404,true
12299,404,true
12300,404,true
12301,404,true
12302,404,true
12303,404,true
12304,404,true
12305,404,true
12306,404,true
12307,404,true
12308,404,true
12309,404,true
12310,404,true
12311,404,true
12312,404,true
12313,404,true
12314,404,true
12315,404,true
12316,404,true
12317,404,true
12318,404,true
12319,404,true
12320,404,true
12321,404,true
12322,404,true
12323,404,true
12324,404,true
12325,404,true
12326,404,true
12327,404,true
12328,404,true
12329,404,true
12330,404,true
12331,404,true
12332,404,true
12333,404,true
12334,404,true
12335,404,true
12336,404,true
12337,200,false
12338,200,false
12339,200,false
12340,200,false
12341,200,false
12342,200,false
12343,200,false
12344,200,false
12345,200,false
12346,200,false
12347,200,false
12348,200,false
12349,200,false
12350,200,false
12351,200,false
12352,200,false
12353,200,false
12354,200,false
12355,200,false
12356,200,false
12357,200,false
12358,200,false
12359,200,false
12360,200,false
12361,200,false
12362,200,false
12363,200,false
12364,200,false
12365,200,false
12366,200,false
12367,200,false
12368,200,false
12369,200,false
12370,200,false
12371,200,false
12372,200,false
12373,200,false
12374,200,false
12375,200,false
12376,200,false
12377,200,false
12378,200,false
12379,200,false
12380,200,false
12381,200,false
12382,200,false
12383,200,false
12384,200,false
12385,200,false
12386,200,false
12387,200,false
12388,200,false
12389,200,false
12390,200,false
12391,200,false
12392,200,false
12393,200,false
12394,200,false
12395,200,false
12396,200,false
12397,200,false
12398,200,false
12399,200,false
12400,200,false
12401,200,false
12402,200,false
12403,200,false
12404,200,false
12405,200,false
12406,200,false
12407,200,false
12408,200,false
12409,200,false
12410,404,true
12411,404,true
12412,404,true
12413,404,true
12414,404,true
12415,404,true
12416,404,true
12417,404,true
12418,404,true
12419,404,true
12420,404,true
12421,404,true
12422,404,true
12423,404,true
12424,404,true
12425,404,true
12426,404,true
12427,404,true
12428,404,true
12429,404,true
12430,404,true
12431,404,true
12432,404,true
12433,404,true
12434,404,true
12435,404,true
12436,404,true
12437,404,true
12438,404,true
12439,404,true
12440,404,true
12441,404,true
12442,404,true
12443,404,true
12444,404,true
12445,404,true
12446,404,true
12447,404,true
12448,404,true
12449,404,true
12450,404,true
12451,404,true
12452,404,true
12453,404,true
12454,404,true
12455,404,true
12456,404,true
12457,404,true
12458,404,true
12459,404,true
12460,404,true
12461,404,true
12462,404,true
12463,404,true
12464,404,true
12465,404,true
12466,404,true
12467,404,true
12468,404,true
12469,404,true
12470,404,true
12471,404,true
12472,404,true
12473,404,true
12474,404,true
12475,404,true
12476,404,true
12477,404,true
12478,404,true
12479,404,true
12480,404,true
12481,404,true
12482,404,true
12483,404,true
12484,404,true
12485,404,true
12486,404,true
12487,404,true
12488,404,true
12489,404,true
12490,404,true
12491,404,true
12492,404,true
12493,404,true
12494,404,true
12495,404,true
12496,404,true
12497,404,true
12498,404,true
12499,404,true
12500,404,true
12501,404,true
12502,404,true
12503,404,true
12504,404,true
12505,404,true
12506,404,true
12507,404,true
12508,404,true
12509,404,true
12510,404,true
12511,404,true
12512,404,true
12513,404,true
12514,404,true
12515,404,true
12516,404,true
12517,404,true
12518,404,true
12519,404,true
12520,404,true
12521,404,true
12522,404,true
12523,404,true
12524,404,true
12525,404,true
12526,404,true
12527,404,true
12528,404,true
12529,404,true
12530,404,true
12531,404,true
12532,404,true
12533,404,true
12534,404,true
12535,404,true
12536,404,true
12537,404,true
12538,404,true
12539,404,true
12540,404,true
12541,404,true
12542,404,true
12543,404,true
12544,404,true
12545,404,true
12546,404,true
12547,404,true
12548,404,true
12549,404,true
12550,404,true
12551,404,true
12552,404,true
12553,404,true
12554,404,true
12555,404,true
12556,200,false
12557,200,false
12558,200,false
12559,200,false
12560,200,false
12561,200,false
12562,200,false
12563,200,false
12564,200,false
12565,200,false
12566,200,false
12567,200,false
12568,200,false
12569,200,false
12570,200,false
12571,200,false
12572,200,false
12573,200,false
12574,200,false
12575,200,false
12576,200,false
12577,200,false
12578,200,false
12579,200,false
12580,200,false
12581,200,false
12582,200,false
12583,200,false
12584,200,false
12585,200,false
12586,200,false
12587,200,false
12588,200,false
12589,200,false
12590,200,false
12591,200,false
12592,200,false
12593,200,false
12594,200,false
12595,200,false
12596,200,false
12597,200,false
12598,200,false
12599,200,false
12600,200,false
12601,200,false
12602,200,false
12603,200,false
12604,200,false
12605,200,false
12606,200,false
12607,200,false
12608,200,false
12609,200,false
12610,200,false
12611,200,false
12612,200,false
12613,200,false
12614,200,false
12615,200,false
12616,200,false
12617,200,false
12618,200,false
12619,200,false
12620,200,false
12621,200,false
12622,200,false
12623,200,false
12624,200,false
12625,200,false
12626,200,false
12627,200,false
12628,200,false
12629,200,false
12630,200,false
12631,200,false
12632,200,false
12633,200,false
12634,200,false
12635,200,false
12636,200,false
12637,200,false
12638,200,false
12639,200,false
12640,200,false
12641,200,false
12642,200,false
12643,200,false
12644,200,false
12645,200,false
12646,200,false
12647,200,false
12648,200,false
12649,200,false
12650,200,false
12651,200,false
12652,200,false
12653,200,false
12654,200,false
12655,200,false
12656,200,false
12657,200,false
12658,200,false
12659,200,false
12660,200,false
12661,200,false
12662,200,false
12663,200,false
12664,200,false
12665,200,false
12666,200,false
12667,200,false
12668,200,false
12669,200,false
12670,200,false
12671,200,false
12672,200,false
12673,200,false
12674,200,false
12675,200,false
12676,200,false
12677,200,false
12678,200,false
12679,200,false
12680,200,false
12681,200,false
12682,200,false
12683,200,false
12684,200,false
12685,200,false
12686,200,false
12687,200,false
12688,200,false
12689,200,false
12690,200,false
12691,200,false
12692,200,false
12693,200,false
12694,200,false
12695,200,false
12696,200,false
12697,200,false
12698,200,false
12699,200,false
12700,200,false
12701,200,false
12702,200,false
12703,200,false
12704,200,false
12705,200,false
12706,200,false
12707,200,false
12708,200,false
12709,200,false
12710,200,false
12711,200,false
12712,200,false
12713,200,false
12714,200,false
12715,200,false
12716,200,false
12717,200,false
12718,200,false
12719,200,false
12720,200,false
12721,200,false
12722,200,false
12723,200,false
12724,200,false
12725,200,false
12726,200,false
12727,200,false
12728,200,false
12729,200,false
12730,200,false
12731,200,false
12732,200,false
12733,200,false
12734,200,false
12735,200,false
12736,200,false
12737,200,false
12738,200,false
12739,200,false
12740,200,false
12741,200,false
12742,200,false
12743,200,false
12744,200,false
12745,200,false
12746,200,false
12747,200,false
12748,200,false
12749,200,false
12750,200,false
12751,200,false
12752,200,false
12753,200,false
12754,200,false
12755,200,false
12756,200,false
12757,200,false
12758,200,false
12759,200,false
12760,200,false
12761,200,false
12762,200,false
12763,200,false
12764,200,false
12765,200,false
12766,200,false
12767,200,false
12768,200,false
12769,200,false
12770,200,false
12771,200,false
12772,200,false
12773,200,false
12774,200,false
12775,200,false
12776,200,false
12777,200,false
12778,200,false
12779,200,false
12780,200,false
12781,200,false
12782,200,false
12783,200,false
12784,200,false
12785,200,false
12786,200,false
12787,200,false
12788,200,false
12789,200,false
12790,200,false
12791,200,false
12792,200,false
12793,200,false
12794,200,false
12795,200,false
12796,200,false
12797,200,false
12798,200,false
12799,200,false
12800,200,false
12801,200,false
12802,200,false
12803,200,false
12804,200,false
12805,200,false
12806,200,false
12807,200,false
12808,200,false
12809,200,false
12810,200,false
12811,200,false
12812,200,false
12813,200,false
12814,200,false
12815,200,false
12816,200,false
12817,200,false
12818,200,false
12819,200,false
12820,200,false
12821,200,false
12822,200,false
12823,200,false
12824,200,false
12825,200,false
12826,200,false
12827,200,false
12828,200,false
12829,200,false
12830,200,false
12831,200,false
12832,200,false
12833,200,false
12834,200,false
12835,200,false
12836,200,false
12837,200,false
12838,200,false
12839,200,false
12840,200,false
12841,200,false
12842,200,false
12843,200,false
12844,200,false
12845,200,false
12846,200,false
12847,200,false
12848,200,false
12849,200,false
12850,200,false
12851,200,false
12852,200,false
12853,200,false
12854,200,false
12855,200,false
12856,200,false
12857,200,false
12858,200,false
12859,200,false
12860,200,false
12861,200,false
12862,200,false
12863,200,false
12864,200,false
12865,200,false
12866,200,false
12867,200,false
12868,200,false
12869,200,false
12870,200,false
12871,200,false
12872,200,false
12873,200,false
12874,200,false
12875,200,false
12876,200,false
12877,200,false
12878,200,false
12879,200,false
12880,200,false
12881,200,false
12882,200,false
12883,200,false
12884,200,false
12885,200,false
12886,200,false
12887,200,false
12888,200,false
12889,200,false
12890,200,false
12891,200,false
12892,200,false
12893,200,false
12894,200,false
12895,200,false
12896,200,false
12897,200,false
12898,200,false
12899,200,false
12900,200,false
12901,200,false
12902,200,false
12903,200,false
12904,200,false
12905,200,false
12906,200,false
12907,200,false
12908,200,false
12909,200,false
12910,200,false
12911,200,false
12912,200,false
12913,200,false
12914,200,false
12915,200,false
12916,200,false
12917,200,false
12918,200,false
12919,200,false
12920,200,false
12921,200,false
12922,200,false
12923,200,false
12924,200,false
12925,200,false
12926,200,false
12927,200,false
12928,200,false
12929,200,false
12930,200,false
12931,200,false
12932,200,false
12933,200,false
12934,200,false
12935,200,false
12936,200,false
12937,200,false
12938,200,false
12939,200,false
12940,200,false
12941,200,false
12942,200,false
12943,200,false
12944,200,false
12945,200,false
12946,200,false
12947,200,false
12948,200,false
12949,200,false
12950,200,false
12951,200,false
12952,200,false
12953,200,false
12954,200,false
12955,200,false
12956,200,false
12957,200,false
12958,200,false
12959,200,false
12960,200,false
12961,200,false
12962,200,false
12963,200,false
12964,200,false
12965,200,false
12966,200,false
12967,200,false
12968,200,false
12969,200,false
12970,200,false
12971,200,false
12972,200,false
12973,200,false
12974,200,false
12975,200,false
12976,200,false
12977,200,false
12978,200,false
12979,200,false
12980,200,false
12981,200,false
12982,200,false
12983,200,false
12984,200,false
12985,200,false
12986,200,false
12987,200,false
12988,200,false
12989,200,false
12990,200,false
12991,200,false
12992,200,false
12993,200,false
12994,500,true
12995,500,true
12996,500,true
12997,500,true
12998,500,true
12999,500,true
13000,500,true
13001,500,true
13002,500,true
13003,500,true
13004,500,true
13005,500,true
13006,500,true
13007,500,true
13008,500,true
13009,500,true
13010,500,true
13011,500,true
13012,500,true
13013,500,true
13014,500,true
13015,500,true
13016,500,true
13017,500,true
13018,500,true
13019,500,true
13020,500,true
13021,500,true
13022,500,true
13023,500,true
13024,500,true
13025,500,true
13026,500,true
13027,500,true
13028,500,true
13029,500,true
13030,500,true
13031,500,true
13032,500,true
13033,500,true
13034,500,true
13035,500,true
13036,500,true
13037,500,true
13038,500,true
13039,500,true
13040,500,true
13041,500,true
13042,500,true
13043,500,true
13044,500,true
13045,500,true
13046,500,true
13047,500,true
13048,500,true
13049,500,true
13050,500,true
13051,500,true
13052,500,true
13053,500,true
13054,500,true
13055,500,true
13056,500,true
13057,500,true
13058,500,true
13059,500,true
13060,500,true
13061,500,true
13062,500,true
13063,500,true
13064,500,true
13065,500,true
13066,500,true
13067,200,false
13068,200,false
13069,200,false
13070,200,false
13071,200,false
13072,200,false
13073,200,false
13074,200,false
13075,200,false
13076,200,false
13077,200,false
13078,200,false
13079,200,false
13080,200,false
13081,200,false
13082,200,false
13083,200,false
13084,200,false
13085,200,false
13086,200,false
13087,200,false
13088,200,false
13089,200,false
13090,200,false
13091,200,false
13092,200,false
13093,200,false
13094,200,false
13095,200,false
13096,200,false
13097,200,false
13098,200,false
13099,200,false
13100,200,false
13101,200,false
13102,200,false
13103,200,false
13104,200,false
13105,200,false
13106,200,false
13107,200,false
13108,200,false
13109,200,false
13110,200,false
13111,200,false
13112,200,false
13113,200,false
13114,200,false
13115,200,false
13116,200,false
13117,200,false
13118,200,false
13119,200,false
13120,200,false
13121,200,false
13122,200,false
13123,200,false
13124,200,false
13125,200,false
13126,200,false
13127,200,false
13128,200,false
13129,200,false
13130,200,false
13131,200,false
13132,200,false
13133,200,false
13134,200,false
13135,200,false
13136,200,false
13137,200,false
13138,200,false
13139,200,false
13140,200,false
13141,200,false
13142,200,false
13143,200,false
13144,200,false
13145,200,false
13146,200,false
13147,200,false
13148,200,false
13149,200,false
13150,200,false
13151,200,false
13152,200,false
13153,200,false
13154,200,false
13155,200,false
13156,200,false
13157,200,false
13158,200,false
13159,200,false
13160,200,false
13161,200,false
13162,200,false
13163,200,false
13164,200,false
13165,200,false
13166,200,false
13167,200,false
13168,200,false
13169,200,false
13170,200,false
13171,200,false
13172,200,false
13173,200,false
13174,200,false
13175,200,false
13176,200,false
13177,200,false
13178,200,false
13179,200,false
13180,200,false
13181,200,false
13182,200,false
13183,200,false
13184,200,false
13185,200,false
13186,200,false
13187,200,false
13188,200,false
13189,200,false
13190,200,false
13191,200,false
13192,200,false
13193,200,false
13194,200,false
13195,200,false
13196,200,false
13197,200,false
13198,200,false
13199,200,false
13200,200,false
13201,200,false
13202,200,false
13203,200,false
13204,200,false
13205,200,false
13206,200,false
13207,200,false
13208,200,false
13209,200,false
13210,200,false
13211,200,false
13212,200,false
13213,200,false
13214,200,false
13215,200,false
13216,200,false
13217,200,false
13218,200,false
13219,200,false
13220,200,false
13221,200,false
13222,200,false
13223,200,false
13224,200,false
13225,200,false
13226,200,false
13227,200,false
13228,200,false
13229,200,false
13230,200,false
13231,200,false
13232,200,false
13233,200,false
13234,200,false
13235,200,false
13236,200,false
13237,200,false
13238,200,false
13239,200,false
13240,200,false
13241,200,false
13242,200,false
13243,200,false
13244,200,false
13245,200,false
13246,200,false
13247,200,false
13248,200,false
13249,200,false
13250,200,false
13251,200,false
13252,200,false
13253,200,false
13254,200,false
13255,200,false
13256,200,false
13257,200,false
13258,200,false
13259,200,false
13260,200,false
13261,200,false
13262,200,false
13263,200,false
13264,200,false
13265,200,false
13266,200,false
13267,200,false
13268,200,false
13269,200,false
13270,200,false
13271,200,false
13272,200,false
13273,200,false
13274,200,false
13275,200,false
13276,200,false
13277,200,false
13278,200,false
13279,200,false
13280,200,false
13281,200,false
13282,200,false
13283,200,false
13284,200,false
13285,200,false
13286,200,false
13287,200,false
13288,200,false
13289,200,false
13290,200,false
13291,200,false
13292,200,false
13293,200,false
13294,200,false
13295,200,false
13296,200,false
13297,200,false
13298,200,false
13299,200,false
13300,200,false
13301,200,false
13302,200,false
13303,200,false
13304,200,false
13305,200,false
13306,200,false
13307,200,false
13308,200,false
13309,200,false
13310,200,false
13311,200,false
13312,200,false
13313,200,false
13314,200,false
13315,200,false
13316,200,false
13317,200,false
13318,200,false
13319,200,false
13320,200,false
13321,200,false
13322,200,false
13323,200,false
13324,200,false
13325,200,false
13326,200,false
13327,200,false
13328,200,false
13329,200,false
13330,200,false
13331,200,false
13332,200,false
13333,200,false
13334,200,false
13335,200,false
13336,200,false
13337,200,false
13338,200,false
13339,200,false
13340,200,false
13341,200,false
13342,200,false
13343,200,false
13344,200,false
13345,200,false
13346,200,false
13347,200,false
13348,200,false
13349,200,false
13350,200,false
13351,200,false
13352,200,false
13353,200,false
13354,200,false
13355,200,false
13356,200,false
13357,200,false
13358,200,false
13359,200,false
13360,200,false
13361,200,false
13362,200,false
13363,200,false
13364,200,false
13365,200,false
13366,200,false
13367,200,false
13368,200,false
13369,200,false
13370,200,false
13371,200,false
13372,200,false
13373,200,false
13374,200,false
13375,200,false
13376,200,false
13377,200,false
13378,200,false
13379,200,false
13380,200,false
13381,200,false
13382,200,false
13383,200,false
13384,200,false
13385,200,false
13386,200,false
13387,200,false
13388,200,false
13389,200,false
13390,200,false
13391,200,false
13392,200,false
13393,200,false
13394,200,false
13395,200,false
13396,200,false
13397,200,false
13398,200,false
13399,200,false
13400,200,false
13401,200,false
13402,200,false
13403,200,false
13404,200,false
13405,200,false
13406,200,false
13407,200,false
13408,200,false
13409,200,false
13410,200,false
13411,200,false
13412,200,false
13413,200,false
13414,200,false
13415,200,false
13416,200,false
13417,200,false
13418,200,false
13419,200,false
13420,200,false
13421,200,false
13422,200,false
13423,200,false
13424,200,false
13425,200,false
13426,200,false
13427,200,false
13428,200,false
13429,200,false
13430,200,false
13431,200,false
13432,404,true
13433,404,true
13434,404,true
13435,404,true
13436,404,true
13437,404,true
13438,404,true
13439,404,true
13440,404,true
13441,404,true
13442,404,true
13443,404,true
13444,404,true
13445,404,true
13446,404,true
13447,404,true
13448,404,true
13449,404,true
13450,404,true
13451,404,true
13452,404,true
13453,404,true
13454,404,true
13455,404,true
13456,404,true
13457,404,true
13458,404,true
13459,404,true
13460,404,true
13461,404,true
13462,404,true
13463,404,true
13464,404,true
13465,404,true
13466,404,true
13467,404,true
13468,404,true
13469,404,true
13470,404,true
13471,404,true
13472,404,true
13473,404,true
13474,404,true
13475,404,true
13476,404,true
13477,404,true
13478,404,true
13479,404,true
13480,404,true
13481,404,true
13482,404,true
13483,404,true
13484,404,true
13485,404,true
13486,404,true
13487,404,true
13488,404,true
13489,404,true
13490,404,true
13491,404,true
13492,404,true
13493,404,true
13494,404,true
13495,404,true
13496,404,true
13497,404,true
13498,404,true
13499,404,true
13500,404,true
13501,404,true
13502,404,true
13503,404,true
13504,404,true
13505,200,false
13506,200,false
13507,200,false
13508,200,false
13509,200,false
13510,200,false
13511,200,false
13512,200,false
13513,200,false
13514,200,false
13515,200,false
13516,200,false
13517,200,false
13518,200,false
13519,200,false
13520,200,false
13521,200,false
13522,200,false
13523,200,false
13524,200,false
13525,200,false
13526,200,false
13527,200,false
13528,200,false
13529,200,false
13530,200,false
13531,200,false
13532,200,false
13533,200,false
13534,200,false
13535,200,false
13536,200,false
13537,200,false
13538,200,false
13539,200,false
13540,200,false
13541,200,false
13542,200,false
13543,200,false
13544,200,false
13545,200,false
13546,200,false
13547,200,false
13548,200,false
13549,200,false
13550,200,false
13551,200,false
13552,200,false
13553,200,false
13554,200,false
13555,200,false
13556,200,false
13557,200,false
13558,200,false
13559,200,false
13560,200,false
13561,200,false
13562,200,false
13563,200,false
13564,200,false
13565,200,false
13566,200,false
13567,200,false
13568,200,false
13569,200,false
13570,200,false
13571,200,false
13572,200,false
13573,200,false
13574,200,false
13575,200,false
13576,200,false
13577,200,false
13578,500,true
13579,500,true
13580,500,true
13581,500,true
13582,500,true
13583,500,true
13584,500,true
13585,500,true
13586,500,true
13587,500,true
13588,500,true
13589,500,true
13590,500,true
13591,500,true
13592,500,true
13593,500,true
13594,500,true
13595,500,true
13596,500,true
13597,500,true
13598,500,true
13599,500,true
13600,500,true
13601,500,true
13602,500,true
13603,500,true
13604,500,true
13605,500,true
13606,500,true
13607,500,true
13608,500,true
13609,500,true
13610,500,true
13611,500,true
13612,500,true
13613,500,true
13614,500,true
13615,500,true
13616,500,true
13617,500,true
13618,500,true
13619,500,true
13620,500,true
13621,500,true
13622,500,true
13623,500,true
13624,500,true
13625,500,true
13626,500,true
13627,500,true
13628,500,true
13629,500,true
13630,500,true
13631,500,true
13632,500,true
13633,500,true
13634,500,true
13635,500,true
13636,500,true
13637,500,true
13638,500,true
13639,500,true
13640,500,true
13641,500,true
13642,500,true
13643,500,true
13644,500,true
13645,500,true
13646,500,true
13647,500,true
13648,500,true
13649,500,true
13650,500,true
13651,200,false
13652,200,false
13653,200,false
13654,200,false
13655,200,false
13656,200,false
13657,200,false
13658,200,false
13659,200,false
13660,200,false
13661,200,false
13662,200,false
13663,200,false
13664,200,false
13665,200,false
13666,200,false
13667,200,false
13668,200,false
13669,200,false
13670,200,false
13671,200,false
13672,200,false
13673,200,false
13674,200,false
13675,200,false
13676,200,false
13677,200,false
13678,200,false
13679,200,false
13680,200,false
13681,200,false
13682,200,false
13683,200,false
13684,200,false
13685,200,false
13686,200,false
13687,200,false
13688,200,false
13689,200,false
13690,200,false
13691,200,false
13692,200,false
13693,200,false
13694,200,false
13695,200,false
13696,200,false
13697,200,false
13698,200,false
13699,200,false
13700,200,false
13701,200,false
13702,200,false
13703,200,false
13704,200,false
13705,200,false
13706,200,false
13707,200,false
13708,200,false
13709,200,false
13710,200,false
13711,200,false
13712,200,false
13713,200,false
13714,200,false
13715,200,false
13716,200,false
13717,200,false
13718,200,false
13719,200,false
13720,200,false
13721,200,false
13722,200,false
13723,200,false
13724,200,false
13725,200,false
13726,200,false
13727,200,false
13728,200,false
13729,200,false
13730,200,false
13731,200,false
13732,200,false
13733,200,false
13734,200,false
13735,200,false
13736,200,false
13737,200,false
13738,200,false
13739,200,false
13740,200,false
13741,200,false
13742,200,false
13743,200,false
13744,200,false
13745,200,false
13746,200,false
13747,200,false
13748,200,false
13749,200,false
13750,200,false
13751,200,false
13752,200,false
13753,200,false
13754,200,false
13755,200,false
13756,200,false
13757,200,false
13758,200,false
13759,200,false
13760,200,false
13761,200,false
13762,200,false
13763,200,false
13764,200,false
13765,200,false
13766,200,false
13767,200,false
13768,200,false
13769,200,false
13770,200,false
13771,200,false
13772,200,false
13773,200,false
13774,200,false
13775,200,false
13776,200,false
13777,200,false
13778,200,false
13779,200,false
13780,200,false
13781,200,false
13782,200,false
13783,200,false
13784,200,false
13785,200,false
13786,200,false
13787,200,false
13788,200,false
13789,200,false
13790,200,false
13791,200,false
13792,200,false
13793,200,false
13794,200,false
13795,200,false
13796,200,false
13797,404,true
13798,404,true
13799,404,true
13800,404,true
13801,404,true
13802,404,true
13803,404,true
13804,404,true
13805,404,true
13806,404,true
13807,404,true
13808,404,true
13809,404,true
13810,404,true
13811,404,true
13812,404,true
13813,404,true
13814,404,true
13815,404,true
13816,404,true
13817,404,true
13818,404,true
13819,404,true
13820,404,true
13821,404,true
13822,404,true
13823,404,true
13824,404,true
13825,404,true
13826,404,true
13827,404,true
13828,404,true
13829,404,true
13830,404,true
13831,404,true
13832,404,true
13833,404,true
13834,404,true
13835,404,true
13836,404,true
13837,404,true
13838,404,true
13839,404,true
13840,404,true
13841,404,true
13842,404,true
13843,404,true
13844,404,true
13845,404,true
13846,404,true
13847,404,true
13848,404,true
13849,404,true
13850,404,true
13851,404,true
13852,404,true
13853,404,true
13854,404,true
13855,404,true
13856,404,true
13857,404,true
13858,404,true
13859,404,true
13860,404,true
13861,404,true
13862,404,true
13863,404,true
13864,404,true
13865,404,true
13866,404,true
13867,404,true
13868,404,true
13869,404,true
13870,200,false
13871,200,false
13872,200,false
13873,200,false
13874,200,false
13875,200,false
13876,200,false
13877,200,false
13878,200,false
13879,200,false
13880,200,false
13881,200,false
13882,200,false
13883,200,false
13884,200,false
13885,200,false
13886,200,false
13887,200,false
13888,200,false
13889,200,false
13890,200,false
13891,200,false
13892,200,false
13893,200,false
13894,200,false
13895,200,false
13896,200,false
13897,200,false
13898,200,false
13899,200,false
13900,200,false
13901,200,false
13902,200,false
13903,200,false
13904,200,false
13905,200,false
13906,200,false
13907,200,false
13908,200,false
13909,200,false
13910,200,false
13911,200,false
13912,200,false
13913,200,false
13914,200,false
13915,200,false
13916,200,false
13917,200,false
13918,200,false
13919,200,false
13920,200,false
13921,200,false
13922,200,false
13923,200,false
13924,200,false
13925,200,false
13926,200,false
13927,200,false
13928,200,false
13929,200,false
13930,200,false
13931,200,false
13932,200,false
13933,200,false
13934,200,false
13935,200,false
13936,200,false
13937,200,false
13938,200,false
13939,200,false
13940,200,false
13941,200,false
13942,200,false
13943,200,false
13944,200,false
13945,200,false
13946,200,false
13947,200,false
13948,200,false
13949,200,false
13950,200,false
13951,200,false
13952,200,false
13953,200,false
13954,200,false
13955,200,false
13956,200,false
13957,200,false
13958,200,false
13959,200,false
13960,200,false
13961,200,false
13962,200,false
13963,200,false
13964,200,false
13965,200,false
13966,200,false
13967,200,false
13968,200,false
13969,200,false
13970,200,false
13971,200,false
13972,200,false
13973,200,false
13974,200,false
13975,200,false
13976,200,false
13977,200,false
13978,200,false
13979,200,false
13980,200,false
13981,200,false
13982,200,false
13983,200,false
13984,200,false
13985,200,false
13986,200,false
13987,200,false
13988,200,false
13989,200,false
13990,200,false
13991,200,false
13992,200,false
13993,200,false
13994,200,false
13995,200,false
13996,200,false
13997,200,false
13998,200,false
13999,200,false
14000,200,false
14001,200,false
14002,200,false
14003,200,false
14004,200,false
14005,200,false
14006,200,false
14007,200,false
14008,200,false
14009,200,false
14010,200,false
14011,200,false
14012,200,false
14013,200,false
14014,200,false
14015,200,false
14016,200,false
14017,200,false
14018,200,false
14019,200,false
14020,200,false
14021,200,false
14022,200,false
14023,200,false
14024,200,false
14025,200,false
14026,200,false
14027,200,false
14028,200,false
14029,200,false
14030,200,false
14031,200,false
14032,200,false
14033,200,false
14034,200,false
14035,200,false
14036,200,false
14037,200,false
14038,200,false
14039,200,false
14040,200,false
14041,200,false
14042,200,false
14043,200,false
14044,200,false
14045,200,false
14046,200,false
14047,200,false
14048,200,false
14049,200,false
14050,200,false
14051,200,false
14052,200,false
14053,200,false
14054,200,false
14055,200,false
14056,200,false
14057,200,false
14058,200,false
14059,200,false
14060,200,false
14061,200,false
14062,200,false
14063,200,false
14064,200,false
14065,200,false
14066,200,false
14067,200,false
14068,200,false
14069,200,false
14070,200,false
14071,200,false
14072,200,false
14073,200,false
14074,200,false
14075,200,false
14076,200,false
14077,200,false
14078,200,false
14079,200,false
14080,200,false
14081,200,false
14082,200,false
14083,200,false
14084,200,false
14085,200,false
14086,200,false
14087,200,false
14088,200,false
14089,200,false
14090,200,false
14091,200,false
14092,200,false
14093,200,false
14094,200,false
14095,200,false
14096,200,false
14097,200,false
14098,200,false
14099,200,false
14100,200,false
14101,200,false
14102,200,false
14103,200,false
14104,200,false
14105,200,false
14106,200,false
14107,200,false
14108,200,false
14109,200,false
14110,200,false
14111,200,false
14112,200,false
14113,200,false
14114,200,false
14115,200,false
14116,200,false
14117,200,false
14118,200,false
14119,200,false
14120,200,false
14121,200,false
14122,200,false
14123,200,false
14124,200,false
14125,200,false
14126,200,false
14127,200,false
14128,200,false
14129,200,false
14130,200,false
14131,200,false
14132,200,false
14133,200,false
14134,200,false
14135,200,false
14136,200,false
14137,200,false
14138,200,false
14139,200,false
14140,200,false
14141,200,false
14142,200,false
14143,200,false
14144,200,false
14145,200,false
14146,200,false
14147,200,false
14148,200,false
14149,200,false
14150,200,false
14151,200,false
14152,200,false
14153,200,false
14154,200,false
14155,200,false
14156,200,false
14157,200,false
14158,200,false
14159,200,false
14160,200,false
14161,200,false
14162,404,true
14163,404,true
14164,404,true
14165,404,true
14166,404,true
14167,404,true
14168,404,true
14169,404,true
14170,404,true
14171,404,true
14172,404,true
14173,404,true
14174,404,true
14175,404,true
14176,404,true
14177,404,true
14178,404,true
14179,404,true
14180,404,true
14181,404,true
14182,404,true
14183,404,true
14184,404,true
14185,404,true
14186,404,true
14187,404,true
14188,404,true
14189,404,true
14190,404,true
14191,404,true
14192,404,true
14193,404,true
14194,404,true
14195,404,true
14196,404,true
14197,404,true
14198,404,true
14199,404,true
14200,404,true
14201,404,true
14202,404,true
14203,404,true
14204,404,true
14205,404,true
14206,404,true
14207,404,true
14208,404,true
14209,404,true
14210,404,true
14211,404,true
14212,404,true
14213,404,true
14214,404,true
14215,404,true
14216,404,true
14217,404,true
14218,404,true
14219,404,true
14220,404,true
14221,404,true
14222,404,true
14223,404,true
14224,404,true
14225,404,true
14226,404,true
14227,404,true
14228,404,true
14229,404,true
14230,404,true
14231,404,true
14232,404,true
14233,404,true
14234,404,true
14235,200,false
14236,200,false
14237,200,false
14238,200,false
14239,200,false
14240,200,false
14241,200,false
14242,200,false
14243,200,false
14244,200,false
14245,200,false
14246,200,false
14247,200,false
14248,200,false
14249,200,false
14250,200,false
14251,200,false
14252,200,false
14253,200,false
14254,200,false
14255,200,false
14256,200,false
14257,200,false
14258,200,false
14259,200,false
14260,200,false
14261,200,false
14262,200,false
14263,200,false
14264,200,false
14265,200,false
14266,200,false
14267,200,false
14268,200,false
14269,200,false
14270,200,false
14271,200,false
14272,200,false
14273,200,false
14274,200,false
14275,200,false
14276,200,false
14277,200,false
14278,200,false
14279,200,false
14280,200,false
14281,200,false
14282,200,false
14283,200,false
14284,200,false
14285,200,false
14286,200,false
14287,200,false
14288,200,false
14289,200,false
14290,200,false
14291,200,false
14292,200,false
14293,200,false
14294,200,false
14295,200,false
14296,200,false
14297,200,false
14298,200,false
14299,200,false
14300,200,false
14301,200,false
14302,200,false
14303,200,false
14304,200,false
14305,200,false
14306,200,false
14307,200,false
14308,404,true
14309,404,true
14310,404,true
14311,404,true
14312,404,true
14313,404,true
14314,404,true
14315,404,true
14316,404,true
14317,404,true
14318,404,true
14319,404,true
14320,404,true
14321,404,true
14322,404,true
14323,404,true
14324,404,true
14325,404,true
14326,404,true
14327,404,true
14328,404,true
14329,404,true
14330,404,true
14331,404,true
14332,404,true
14333,404,true
14334,404,true
14335,404,true
14336,404,true
14337,404,true
14338,404,true
14339,404,true
14340,404,true
14341,404,true
14342,404,true
14343,404,true
14344,404,true
14345,404,true
14346,404,true
14347,404,true
14348,404,true
14349,404,true
14350,404,true
14351,404,true
14352,404,true
14353,404,true
14354,404,true
14355,404,true
14356,404,true
14357,404,true
14358,404,true
14359,404,true
14360,404,true
14361,404,true
14362,404,true
14363,404,true
14364,404,true
14365,404,true
14366,404,true
14367,404,true
14368,404,true
14369,404,true
14370,404,true
14371,404,true
14372,404,true
14373,404,true
14374,404,true
14375,404,true
14376,404,true
14377,404,true
14378,404,true
14379,404,true
14380,404,true
14381,500,true
14382,500,true
14383,500,true
14384,500,true
14385,500,true
14386,500,true
14387,500,true
14388,500,true
14389,500,true
14390,500,true
14391,500,true
14392,500,true
14393,500,true
14394,500,true
14395,500,true
14396,500,true
14397,500,true
14398,500,true
14399,500,true
14400,500,true
14401,500,true
14402,500,true
14403,500,true
14404,500,true
14405,500,true
14406,500,true
14407,500,true
14408,500,true
14409,500,true
14410,500,true
14411,500,true
14412,500,true
14413,500,true
14414,500,true
14415,500,true
14416,500,true
14417,500,true
14418,500,true
14419,500,true
14420,500,true
14421,500,true
14422,500,true
14423,500,true
14424,500,true
14425,500,true
14426,500,true
14427,500,true
14428,500,true
14429,500,true
14430,500,true
14431,500,true
14432,500,true
14433,500,true
14434,500,true
14435,500,true
14436,500,true
14437,500,true
14438,500,true
14439,500,true
14440,500,true
14441,500,true
14442,500,true
14443,500,true
14444,500,true
14445,500,true
14446,500,true
14447,500,true
14448,500,true
14449,500,true
14450,500,true
14451,500,true
14452,500,true
14453,500,true
14454,404,true
14455,404,true
14456,404,true
14457,404,true
14458,404,true
14459,404,true
14460,404,true
14461,404,true
14462,404,true
14463,404,true
14464,404,true
14465,404,true
14466,404,true
14467,404,true
14468,404,true
14469,404,true
14470,404,true
14471,404,true
14472,404,true
14473,404,true
14474,404,true
14475,404,true
14476,404,true
14477,404,true
14478,404,true
14479,404,true
14480,404,true
14481,404,true
14482,404,true
14483,404,true
14484,404,true
14485,404,true
14486,404,true
14487,404,true
14488,404,true
14489,404,true
14490,404,true
14491,404,true
14492,404,true
14493,404,true
14494,404,true
14495,404,true
14496,404,true
14497,404,true
14498,404,true
14499,404,true
14500,404,true
14501,404,true
14502,404,true
14503,404,true
14504,404,true
14505,404,true
14506,404,true
14507,404,true
14508,404,true
14509,404,true
14510,404,true
14511,404,true
14512,404,true
14513,404,true
14514,404,true
14515,404,true
14516,404,true
14517,404,true
14518,404,true
14519,404,true
14520,404,true
14521,404,true
14522,404,true
14523,404,true
14524,404,true
14525,404,true
14526,404,true
14527,200,false
14528,200,false
14529,200,false
14530,200,false
14531,200,false
14532,200,false
14533,200,false
14534,200,false
14535,200,false
14536,200,false
14537,200,false
14538,200,false
14539,200,false
14540,200,false
14541,200,false
14542,200,false
14543,200,false
14544,200,false
14545,200,false
14546,200,false
14547,200,false
14548,200,false
14549,200,false
14550,200,false
14551,200,false
14552,200,false
14553,200,false
14554,200,false
14555,200,false
14556,200,false
14557,200,false
14558,200,false
14559,200,false
14560,200,false
14561,200,false
14562,200,false
14563,200,false
14564,200,false
14565,200,false
14566,200,false
14567,200,false
14568,200,false
14569,200,false
14570,200,false
14571,200,false
14572,200,false
14573,200,false
14574,200,false
14575,200,false
14576,200,false
14577,200,false
14578,200,false
14579,200,false
14580,200,false
14581,200,false
14582,200,false
14583,200,false
14584,200,false
14585,200,false
14586,200,false
14587,200,false
14588,200,false
14589,200,false
14590,200,false
14591,200,false
14592,200,false
14593,200,false
14594,200,false
14595,200,false
14596,200,false
14597,200,false
14598,200,false
14599,200,false
14600,200,false
14601,200,false
14602,200,false
14603,200,false
14604,200,false
14605,200,false
14606,200,false
14607,200,false
14608,200,false
14609,200,false
14610,200,false
14611,200,false
14612,200,false
14613,200,false
14614,200,false
14615,200,false
14616,200,false
14617,200,false
14618,200,false
14619,200,false
14620,200,false
14621,200,false
14622,200,false
14623,200,false
14624,200,false
14625,200,false
14626,200,false
14627,200,false
14628,200,false
14629,200,false
14630,200,false
14631,200,false
14632,200,false
14633,200,false
14634,200,false
14635,200,false
14636,200,false
14637,200,false
14638,200,false
14639,200,false
14640,200,false
14641,200,false
14642,200,false
14643,200,false
14644,200,false
14645,200,false
14646,200,false
14647,200,false
14648,200,false
14649,200,false
14650,200,false
14651,200,false
14652,200,false
14653,200,false
14654,200,false
14655,200,false
14656,200,false
14657,200,false
14658,200,false
14659,200,false
14660,200,false
14661,200,false
14662,200,false
14663,200,false
14664,200,false
14665,200,false
14666,200,false
14667,200,false
14668,200,false
14669,200,false
14670,200,false
14671,200,false
14672,200,false
14673,200,false
14674,200,false
14675,200,false
14676,200,false
14677,200,false
14678,200,false
14679,200,false
14680,200,false
14681,200,false
14682,200,false
14683,200,false
14684,200,false
14685,200,false
14686,200,false
14687,200,false
14688,200,false
14689,200,false
14690,200,false
14691,200,false
14692,200,false
14693,200,false
14694,200,false
14695,200,false
14696,200,false
14697,200,false
14698,200,false
14699,200,false
14700,200,false
14701,200,false
14702,200,false
14703,200,false
14704,200,false
14705,200,false
14706,200,false
14707,200,false
14708,200,false
14709,200,false
14710,200,false
14711,200,false
14712,200,false
14713,200,false
14714,200,false
14715,200,false
14716,200,false
14717,200,false
14718,200,false
14719,200,false
14720,200,false
14721,200,false
14722,200,false
14723,200,false
14724,200,false
14725,200,false
14726,200,false
14727,200,false
14728,200,false
14729,200,false
14730,200,false
14731,200,false
14732,200,false
14733,200,false
14734,200,false
14735,200,false
14736,200,false
14737,200,false
14738,200,false
14739,200,false
14740,200,false
14741,200,false
14742,200,false
14743,200,false
14744,200,false
14745,200,false
14746,200,false
14747,200,false
14748,200,false
14749,200,false
14750,200,false
14751,200,false
14752,200,false
14753,200,false
14754,200,false
14755,200,false
14756,200,false
14757,200,false
14758,200,false
14759,200,false
14760,200,false
14761,200,false
14762,200,false
14763,200,false
14764,200,false
14765,200,false
14766,200,false
14767,200,false
14768,200,false
14769,200,false
14770,200,false
14771,200,false
14772,200,false
14773,200,false
14774,200,false
14775,200,false
14776,200,false
14777,200,false
14778,200,false
14779,200,false
14780,200,false
14781,200,false
14782,200,false
14783,200,false
14784,200,false
14785,200,false
14786,200,false
14787,200,false
14788,200,false
14789,200,false
14790,200,false
14791,200,false
14792,200,false
14793,200,false
14794,200,false
14795,200,false
14796,200,false
14797,200,false
14798,200,false
14799,200,false
14800,200,false
14801,200,false
14802,200,false
14803,200,false
14804,200,false
14805,200,false
14806,200,false
14807,200,false
14808,200,false
14809,200,false
14810,200,false
14811,200,false
14812,200,false
14813,200,false
14814,200,false
14815,200,false
14816,200,false
14817,200,false
14818,200,false
14819,200,false
14820,200,false
14821,200,false
14822,200,false
14823,200,false
14824,200,false
14825,200,false
14826,200,false
14827,200,false
14828,200,false
14829,200,false
14830,200,false
14831,200,false
14832,200,false
14833,200,false
14834,200,false
14835,200,false
14836,200,false
14837,200,false
14838,200,false
14839,200,false
14840,200,false
14841,200,false
14842,200,false
14843,200,false
14844,200,false
14845,200,false
14846,200,false
14847,200,false
14848,200,false
14849,200,false
14850,200,false
14851,200,false
14852,200,false
14853,200,false
14854,200,false
14855,200,false
14856,200,false
14857,200,false
14858,200,false
14859,200,false
14860,200,false
14861,200,false
14862,200,false
14863,200,false
14864,200,false
14865,200,false
14866,200,false
14867,200,false
14868,200,false
14869,200,false
14870,200,false
14871,200,false
14872,200,false
14873,200,false
14874,200,false
14875,200,false
14876,200,false
14877,200,false
14878,200,false
14879,200,false
14880,200,false
14881,200,false
14882,200,false
14883,200,false
14884,200,false
14885,200,false
14886,200,false
14887,200,false
14888,200,false
14889,200,false
14890,200,false
14891,200,false
14892,404,true
14893,404,true
14894,404,true
14895,404,true
14896,404,true
14897,404,true
14898,404,true
14899,404,true
14900,404,true
14901,404,true
14902,404,true
14903,404,true
14904,404,true
14905,404,true
14906,404,true
14907,404,true
14908,404,true
14909,404,true
14910,404,true
14911,404,true
14912,404,true
14913,404,true
14914,404,true
14915,404,true
14916,404,true
14917,404,true
14918,404,true
14919,404,true
14920,404,true
14921,404,true
14922,404,true
14923,404,true
14924,404,true
14925,404,true
14926,404,true
14927,404,true
14928,404,true
14929,404,true
14930,404,true
14931,404,true
14932,404,true
14933,404,true
14934,404,true
14935,404,true
14936,404,true
14937,404,true
14938,404,true
14939,404,true
14940,404,true
14941,404,true
14942,404,true
14943,404,true
14944,404,true
14945,404,true
14946,404,true
14947,404,true
14948,404,true
14949,404,true
14950,404,true
14951,404,true
14952,404,true
14953,404,true
14954,404,true
14955,404,true
14956,404,true
14957,404,true
14958,404,true
14959,404,true
14960,404,true
14961,404,true
14962,404,true
14963,404,true
14964,404,true
14965,500,true
14966,500,true
14967,500,true
14968,500,true
14969,500,true
14970,500,true
14971,500,true
14972,500,true
14973,500,true
14974,500,true
14975,500,true
14976,500,true
14977,500,true
14978,500,true
14979,500,true
14980,500,true
14981,500,true
14982,500,true
14983,500,true
14984,500,true
14985,500,true
14986,500,true
14987,500,true
14988,500,true
14989,500,true
14990,500,true
14991,500,true
14992,500,true
14993,500,true
14994,500,true
14995,500,true
14996,500,true
14997,500,true
14998,500,true
14999,500,true
15000,500,true
15001,500,true
15002,500,true
15003,500,true
15004,500,true
15005,500,true
15006,500,true
15007,500,true
15008,500,true
15009,500,true
15010,500,true
15011,500,true
15012,500,true
15013,500,true
15014,500,true
15015,500,true
15016,500,true
15017,500,true
15018,500,true
15019,500,true
15020,500,true
15021,500,true
15022,500,true
15023,500,true
15024,500,true
15025,500,true
15026,500,true
15027,500,true
15028,500,true
15029,500,true
15030,500,true
15031,500,true
15032,500,true
15033,500,true
15034,500,true
15035,500,true
15036,500,true
15037,500,true
15038,200,false
15039,200,false
15040,200,false
15041,200,false
15042,200,false
15043,200,false
15044,200,false
15045,200,false
15046,200,false
15047,200,false
15048,200,false
15049,200,false
15050,200,false
15051,200,false
15052,200,false
15053,200,false
15054,200,false
15055,200,false
15056,200,false
15057,200,false
15058,200,false
15059,200,false
15060,200,false
15061,200,false
15062,200,false
15063,200,false
15064,200,false
15065,200,false
15066,200,false
15067,200,false
15068,200,false
15069,200,false
15070,200,false
15071,200,false
15072,200,false
15073,200,false
15074,200,false
15075,200,false
15076,200,false
15077,200,false
15078,200,false
15079,200,false
15080,200,false
15081,200,false
15082,200,false
15083,200,false
15084,200,false
15085,200,false
15086,200,false
15087,200,false
15088,200,false
15089,200,false
15090,200,false
15091,200,false
15092,200,false
15093,200,false
15094,200,false
15095,200,false
15096,200,false
15097,200,false
15098,200,false
15099,200,false
15100,200,false
15101,200,false
15102,200,false
15103,200,false
15104,200,false
15105,200,false
15106,200,false
15107,200,false
15108,200,false
15109,200,false
15110,200,false
15111,200,false
15112,200,false
15113,200,false
15114,200,false
15115,200,false
15116,200,false
15117,200,false
15118,200,false
15119,200,false
15120,200,false
15121,200,false
15122,200,false
15123,200,false
15124,200,false
15125,200,false
15126,200,false
15127,200,false
15128,200,false
15129,200,false
15130,200,false
15131,200,false
15132,200,false
15133,200,false
15134,200,false
15135,200,false
15136,200,false
15137,200,false
15138,200,false
15139,200,false
15140,200,false
15141,200,false
15142,200,false
15143,200,false
15144,200,false
15145,200,false
15146,200,false
15147,200,false
15148,200,false
15149,200,false
15150,200,false
15151,200,false
15152,200,false
15153,200,false
15154,200,false
15155,200,false
15156,200,false
15157,200,false
15158,200,false
15159,200,false
15160,200,false
15161,200,false
15162,200,false
15163,200,false
15164,200,false
15165,200,false
15166,200,false
15167,200,false
15168,200,false
15169,200,false
15170,200,false
15171,200,false
15172,200,false
15173,200,false
15174,200,false
15175,200,false
15176,200,false
15177,200,false
15178,200,false
15179,200,false
15180,200,false
15181,200,false
15182,200,false
15183,200,false
15184,500,true
15185,500,true
15186,500,true
15187,500,true
15188,500,true
15189,500,true
15190,500,true
15191,500,true
15192,500,true
15193,500,true
15194,500,true
15195,500,true
15196,500,true
15197,500,true
15198,500,true
15199,500,true
15200,500,true
15201,500,true
15202,500,true
15203,500,true
15204,500,true
15205,500,true
15206,500,true
15207,500,true
15208,500,true
15209,500,true
15210,500,true
15211,500,true
15212,500,true
15213,500,true
15214,500,true
15215,500,true
15216,500,true
15217,500,true
15218,500,true
15219,500,true
15220,500,true
15221,500,true
15222,500,true
15223,500,true
15224,500,true
15225,500,true
15226,500,true
15227,500,true
15228,500,true
15229,500,true
15230,500,true
15231,500,true
15232,500,true
15233,500,true
15234,500,true
15235,500,true
15236,500,true
15237,500,true
15238,500,true
15239,500,true
15240,500,true
15241,500,true
15242,500,true
15243,500,true
15244,500,true
15245,500,true
15246,500,true
15247,500,true
15248,500,true
15249,500,true
15250,500,true
15251,500,true
15252,500,true
15253,500,true
15254,500,true
15255,500,true
15256,500,true
15257,500,true
15258,500,true
15259,500,true
15260,500,true
15261,500,true
15262,500,true
15263,500,true
15264,500,true
15265,500,true
15266,500,true
15267,500,true
15268,500,true
15269,500,true
15270,500,true
15271,500,true
15272,500,true
15273,500,true
15274,500,true
15275,500,true
15276,500,true
15277,500,true
15278,500,true
15279,500,true
15280,500,true
15281,500,true
15282,500,true
15283,500,true
15284,500,true
15285,500,true
15286,500,true
15287,500,true
15288,500,true
15289,500,true
15290,500,true
15291,500,true
15292,500,true
15293,500,true
15294,500,true
15295,500,true
15296,500,true
15297,500,true
15298,500,true
15299,500,true
15300,500,true
15301,500,true
15302,500,true
15303,500,true
15304,500,true
15305,500,true
15306,500,true
15307,500,true
15308,500,true
15309,500,true
15310,500,true
15311,500,true
15312,500,true
15313,500,true
15314,500,true
15315,500,true
15316,500,true
15317,500,true
15318,500,true
15319,500,true
15320,500,true
15321,500,true
15322,500,true
15323,500,true
15324,500,true
15325,500,true
15326,500,true
15327,500,true
15328,500,true
15329,500,true
15330,200,false
15331,200,false
15332,200,false
15333,200,false
15334,200,false
15335,200,false
15336,200,false
15337,200,false
15338,200,false
15339,200,false
15340,200,false
15341,200,false
15342,200,false
15343,200,false
15344,200,false
15345,200,false
15346,200,false
15347,200,false
15348,200,false
15349,200,false
15350,200,false
15351,200,false
15352,200,false
15353,200,false
15354,200,false
15355,200,false
15356,200,false
15357,200,false
15358,200,false
15359,200,false
15360,200,false
15361,200,false
15362,200,false
15363,200,false
15364,200,false
15365,200,false
15366,200,false
15367,200,false
15368,200,false
15369,200,false
15370,200,false
15371,200,false
15372,200,false
15373,200,false
15374,200,false
15375,200,false
15376,200,false
15377,200,false
15378,200,false
15379,200,false
15380,200,false
15381,200,false
15382,200,false
15383,200,false
15384,200,false
15385,200,false
15386,200,false
15387,200,false
15388,200,false
15389,200,false
15390,200,false
15391,200,false
15392,200,false
15393,200,false
15394,200,false
15395,200,false
15396,200,false
15397,200,false
15398,200,false
15399,200,false
15400,200,false
15401,200,false
15402,200,false
15403,200,false
15404,200,false
15405,200,false
15406,200,false
15407,200,false
15408,200,false
15409,200,false
15410,200,false
15411,200,false
15412,200,false
15413,200,false
15414,200,false
15415,200,false
15416,200,false
15417,200,false
15418,200,false
15419,200,false
15420,200,false
15421,200,false
15422,200,false
15423,200,false
15424,200,false
15425,200,false
15426,200,false
15427,200,false
15428,200,false
15429,200,false
15430,200,false
15431,200,false
15432,200,false
15433,200,false
15434,200,false
15435,200,false
15436,200,false
15437,200,false
15438,200,false
15439,200,false
15440,200,false
15441,200,false
15442,200,false
15443,200,false
15444,200,false
15445,200,false
15446,200,false
15447,200,false
15448,200,false
15449,200,false
15450,200,false
15451,200,false
15452,200,false
15453,200,false
15454,200,false
15455,200,false
15456,200,false
15457,200,false
15458,200,false
15459,200,false
15460,200,false
15461,200,false
15462,200,false
15463,200,false
15464,200,false
15465,200,false
15466,200,false
15467,200,false
15468,200,false
15469,200,false
15470,200,false
15471,200,false
15472,200,false
15473,200,false
15474,200,false
15475,200,false
15476,500,true
15477,500,true
15478,500,true
15479,500,true
15480,500,true
15481,500,true
15482,500,true
15483,500,true
15484,500,true
15485,500,true
15486,500,true
15487,500,true
15488,500,true
15489,500,true
15490,500,true
15491,500,true
15492,500,true
15493,500,true
15494,500,true
15495,500,true
15496,500,true
15497,500,true
15498,500,true
15499,500,true
15500,500,true
15501,500,true
15502,500,true
15503,500,true
15504,500,true
15505,500,true
15506,500,true
15507,500,true
15508,500,true
15509,500,true
15510,500,true
15511,500,true
15512,500,true
15513,500,true
15514,500,true
15515,500,true
15516,500,true
15517,500,true
15518,500,true
15519,500,true
15520,500,true
15521,500,true
15522,500,true
15523,500,true
15524,500,true
15525,500,true
15526,500,true
15527,500,true
15528,500,true
15529,500,true
15530,500,true
15531,500,true
15532,500,true
15533,500,true
15534,500,true
15535,500,true
15536,500,true
15537,500,true
15538,500,true
15539,500,true
15540,500,true
15541,500,true
15542,500,true
15543,500,true
15544,500,true
15545,500,true
15546,500,true
15547,500,true
15548,500,true
15549,200,false
15550,200,false
15551,200,false
15552,200,false
15553,200,false
15554,200,false
15555,200,false
15556,200,false
15557,200,false
15558,200,false
15559,200,false
15560,200,false
15561,200,false
15562,200,false
15563,200,false
15564,200,false
15565,200,false
15566,200,false
15567,200,false
15568,200,false
15569,200,false
15570,200,false
15571,200,false
15572,200,false
15573,200,false
15574,200,false
15575,200,false
15576,200,false
15577,200,false
15578,200,false
15579,200,false
15580,200,false
15581,200,false
15582,200,false
15583,200,false
15584,200,false
15585,200,false
15586,200,false
15587,200,false
15588,200,false
15589,200,false
15590,200,false
15591,200,false
15592,200,false
15593,200,false
15594,200,false
15595,200,false
15596,200,false
15597,200,false
15598,200,false
15599,200,false
15600,200,false
15601,200,false
15602,200,false
15603,200,false
15604,200,false
15605,200,false
15606,200,false
15607,200,false
15608,200,false
15609,200,false
15610,200,false
15611,200,false
15612,200,false
15613,200,false
15614,200,false
15615,200,false
15616,200,false
15617,200,false
15618,200,false
15619,200,false
15620,200,false
15621,200,false
15622,200,false
15623,200,false
15624,200,false
15625,200,false
15626,200,false
15627,200,false
15628,200,false
15629,200,false
15630,200,false
15631,200,false
15632,200,false
15633,200,false
15634,200,false
15635,200,false
15636,200,false
15637,200,false
15638,200,false
15639,200,false
15640,200,false
15641,200,false
15642,200,false
15643,200,false
15644,200,false
15645,200,false
15646,200,false
15647,200,false
15648,200,false
15649,200,false
15650,200,false
15651,200,false
15652,200,false
15653,200,false
15654,200,false
15655,200,false
15656,200,false
15657,200,false
15658,200,false
15659,200,false
15660,200,false
15661,200,false
15662,200,false
15663,200,false
15664,200,false
15665,200,false
15666,200,false
15667,200,false
15668,200,false
15669,200,false
15670,200,false
15671,200,false
15672,200,false
15673,200,false
15674,200,false
15675,200,false
15676,200,false
15677,200,false
15678,200,false
15679,200,false
15680,200,false
15681,200,false
15682,200,false
15683,200,false
15684,200,false
15685,200,false
15686,200,false
15687,200,false
15688,200,false
15689,200,false
15690,200,false
15691,200,false
15692,200,false
15693,200,false
15694,200,false
15695,200,false
15696,200,false
15697,200,false
15698,200,false
15699,200,false
15700,200,false
15701,200,false
15702,200,false
15703,200,false
15704,200,false
15705,200,false
15706,200,false
15707,200,false
15708,200,false
15709,200,false
15710,200,false
15711,200,false
15712,200,false
15713,200,false
15714,200,false
15715,200,false
15716,200,false
15717,200,false
15718,200,false
15719,200,false
15720,200,false
15721,200,false
15722,200,false
15723,200,false
15724,200,false
15725,200,false
15726,200,false
15727,200,false
15728,200,false
15729,200,false
15730,200,false
15731,200,false
15732,200,false
15733,200,false
15734,200,false
15735,200,false
15736,200,false
15737,200,false
15738,200,false
15739,200,false
15740,200,false
15741,200,false
15742,200,false
15743,200,false
15744,200,false
15745,200,false
15746,200,false
15747,200,false
15748,200,false
15749,200,false
15750,200,false
15751,200,false
15752,200,false
15753,200,false
15754,200,false
15755,200,false
15756,200,false
15757,200,false
15758,200,false
15759,200,false
15760,200,false
15761,200,false
15762,200,false
15763,200,false
15764,200,false
15765,200,false
15766,200,false
15767,200,false
15768,200,false
15769,200,false
15770,200,false
15771,200,false
15772,200,false
15773,200,false
15774,200,false
15775,200,false
15776,200,false
15777,200,false
15778,200,false
15779,200,false
15780,200,false
15781,200,false
15782,200,false
15783,200,false
15784,200,false
15785,200,false
15786,200,false
15787,200,false
15788,200,false
15789,200,false
15790,200,false
15791,200,false
15792,200,false
15793,200,false
15794,200,false
15795,200,false
15796,200,false
15797,200,false
15798,200,false
15799,200,false
15800,200,false
15801,200,false
15802,200,false
15803,200,false
15804,200,false
15805,200,false
15806,200,false
15807,200,false
15808,200,false
15809,200,false
15810,200,false
15811,200,false
15812,200,false
15813,200,false
15814,200,false
15815,200,false
15816,200,false
15817,200,false
15818,200,false
15819,200,false
15820,200,false
15821,200,false
15822,200,false
15823,200,false
15824,200,false
15825,200,false
15826,200,false
15827,200,false
15828,200,false
15829,200,false
15830,200,false
15831,200,false
15832,200,false
15833,200,false
15834,200,false
15835,200,false
15836,200,false
15837,200,false
15838,200,false
15839,200,false
15840,200,false
15841,500,true
15842,500,true
15843,500,true
15844,500,true
15845,500,true
15846,500,true
15847,500,true
15848,500,true
15849,500,true
15850,500,true
15851,500,true
15852,500,true
15853,500,true
15854,500,true
15855,500,true
15856,500,true
15857,500,true
15858,500,true
15859,500,true
15860,500,true
15861,500,true
15862,500,true
15863,500,true
15864,500,true
15865,500,true
15866,500,true
15867,500,true
15868,500,true
15869,500,true
15870,500,true
15871,500,true
15872,500,true
15873,500,true
15874,500,true
15875,500,true
15876,500,true
15877,500,true
15878,500,true
15879,500,true
15880,500,true
15881,500,true
15882,500,true
15883,500,true
15884,500,true
15885,500,true
15886,500,true
15887,500,true
15888,500,true
15889,500,true
15890,500,true
15891,500,true
15892,500,true
15893,500,true
15894,500,true
15895,500,true
15896,500,true
15897,500,true
15898,500,true
15899,500,true
15900,500,true
15901,500,true
15902,500,true
15903,500,true
15904,500,true
15905,500,true
15906,500,true
15907,500,true
15908,500,true
15909,500,true
15910,500,true
15911,500,true
15912,500,true
15913,500,true
15914,200,false
15915,200,false
15916,200,false
15917,200,false
15918,200,false
15919,200,false
15920,200,false
15921,200,false
15922,200,false
15923,200,false
15924,200,false
15925,200,false
15926,200,false
15927,200,false
15928,200,false
15929,200,false
15930,200,false
15931,200,false
15932,200,false
15933,200,false
15934,200,false
15935,200,false
15936,200,false
15937,200,false
15938,200,false
15939,200,false
15940,200,false
15941,200,false
15942,200,false
15943,200,false
15944,200,false
15945,200,false
15946,200,false
15947,200,false
15948,200,false
15949,200,false
15950,200,false
15951,200,false
15952,200,false
15953,200,false
15954,200,false
15955,200,false
15956,200,false
15957,200,false
15958,200,false
15959,200,false
15960,200,false
15961,200,false
15962,200,false
15963,200,false
15964,200,false
15965,200,false
15966,200,false
15967,200,false
15968,200,false
15969,200,false
15970,200,false
15971,200,false
15972,200,false
15973,200,false
15974,200,false
15975,200,false
15976,200,false
15977,200,false
15978,200,false
15979,200,false
15980,200,false
15981,200,false
15982,200,false
15983,200,false
15984,200,false
15985,200,false
15986,200,false
15987,200,false
15988,200,false
15989,200,false
15990,200,false
15991,200,false
15992,200,false
15993,200,false
15994,200,false
15995,200,false
15996,200,false
15997,200,false
15998,200,false
15999,200,false
16000,200,false
16001,200,false
16002,200,false
16003,200,false
16004,200,false
16005,200,false
16006,200,false
16007,200,false
16008,200,false
16009,200,false
16010,200,false
16011,200,false
16012,200,false
16013,200,false
16014,200,false
16015,200,false
16016,200,false
16017,200,false
16018,200,false
16019,200,false
16020,200,false
16021,200,false
16022,200,false
16023,200,false
16024,200,false
16025,200,false
16026,200,false
16027,200,false
16028,200,false
16029,200,false
16030,200,false
16031,200,false
16032,200,false
16033,200,false
16034,200,false
16035,200,false
16036,200,false
16037,200,false
16038,200,false
16039,200,false
16040,200,false
16041,200,false
16042,200,false
16043,200,false
16044,200,false
16045,200,false
16046,200,false
16047,200,false
16048,200,false
16049,200,false
16050,200,false
16051,200,false
16052,200,false
16053,200,false
16054,200,false
16055,200,false
16056,200,false
16057,200,false
16058,200,false
16059,200,false
16060,500,true
16061,500,true
16062,500,true
16063,500,true
16064,500,true
16065,500,true
16066,500,true
16067,500,true
16068,500,true
16069,500,true
16070,500,true
16071,500,true
16072,500,true
16073,500,true
16074,500,true
16075,500,true
16076,500,true
16077,500,true
16078,500,true
16079,500,true
16080,500,true
16081,500,true
16082,500,true
16083,500,true
16084,500,true
16085,500,true
16086,500,true
16087,500,true
16088,500,true
16089,500,true
16090,500,true
16091,500,true
16092,500,true
16093,500,true
16094,500,true
16095,500,true
16096,500,true
16097,500,true
16098,500,true
16099,500,true
16100,500,true
16101,500,true
16102,500,true
16103,500,true
16104,500,true
16105,500,true
16106,500,true
16107,500,true
16108,500,true
16109,500,true
16110,500,true
16111,500,true
16112,500,true
16113,500,true
16114,500,true
16115,500,true
16116,500,true
16117,500,true
16118,500,true
16119,500,true
16120,500,true
16121,500,true
16122,500,true
16123,500,true
16124,500,true
16125,500,true
16126,500,true
16127,500,true
16128,500,true
16129,500,true
16130,500,true
16131,500,true
16132,500,true
16133,404,true
16134,404,true
16135,404,true
16136,404,true
16137,404,true
16138,404,true
16139,404,true
16140,404,true
16141,404,true
16142,404,true
16143,404,true
16144,404,true
16145,404,true
16146,404,true
16147,404,true
16148,404,true
16149,404,true
16150,404,true
16151,404,true
16152,404,true
16153,404,true
16154,404,true
16155,404,true
16156,404,true
16157,404,true
16158,404,true
16159,404,true
16160,404,true
16161,404,true
16162,404,true
16163,404,true
16164,404,true
16165,404,true
16166,404,true
16167,404,true
16168,404,true
16169,404,true
16170,404,true
16171,404,true
16172,404,true
16173,404,true
16174,404,true
16175,404,true
16176,404,true
16177,404,true
16178,404,true
16179,404,true
16180,404,true
16181,404,true
16182,404,true
16183,404,true
16184,404,true
16185,404,true
16186,404,true
16187,404,true
16188,404,true
16189,404,true
16190,404,true
16191,404,true
16192,404,true
16193,404,true
16194,404,true
16195,404,true
16196,404,true
16197,404,true
16198,404,true
16199,404,true
16200,404,true
16201,404,true
16202,404,true
16203,404,true
16204,404,true
16205,404,true
16206,404,true
16207,404,true
16208,404,true
16209,404,true
16210,404,true
16211,404,true
16212,404,true
16213,404,true
16214,404,true
16215,404,true
16216,404,true
16217,404,true
16218,404,true
16219,404,true
16220,404,true
16221,404,true
16222,404,true
16223,404,true
16224,404,true
16225,404,true
16226,404,true
16227,404,true
16228,404,true
16229,404,true
16230,404,true
16231,404,true
16232,404,true
16233,404,true
16234,404,true
16235,404,true
16236,404,true
16237,404,true
16238,404,true
16239,404,true
16240,404,true
16241,404,true
16242,404,true
16243,404,true
16244,404,true
16245,404,true
16246,404,true
16247,404,true
16248,404,true
16249,404,true
16250,404,true
16251,404,true
16252,404,true
16253,404,true
16254,404,true
16255,404,true
16256,404,true
16257,404,true
16258,404,true
16259,404,true
16260,404,true
16261,404,true
16262,404,true
16263,404,true
16264,404,true
16265,404,true
16266,404,true
16267,404,true
16268,404,true
16269,404,true
16270,404,true
16271,404,true
16272,404,true
16273,404,true
16274,404,true
16275,404,true
16276,404,true
16277,404,true
16278,404,true
16279,200,false
16280,200,false
16281,200,false
16282,200,false
16283,200,false
16284,200,false
16285,200,false
16286,200,false
16287,200,false
16288,200,false
16289,200,false
16290,200,false
16291,200,false
16292,200,false
16293,200,false
16294,200,false
16295,200,false
16296,200,false
16297,200,false
16298,200,false
16299,200,false
16300,200,false
16301,200,false
16302,200,false
16303,200,false
16304,200,false
16305,200,false
16306,200,false
16307,200,false
16308,200,false
16309,200,false
16310,200,false
16311,200,false
16312,200,false
16313,200,false
16314,200,false
16315,200,false
16316,200,false
16317,200,false
16318,200,false
16319,200,false
16320,200,false
16321,200,false
16322,200,false
16323,200,false
16324,200,false
16325,200,false
16326,200,false
16327,200,false
16328,200,false
16329,200,false
16330,200,false
16331,200,false
16332,200,false
16333,200,false
16334,200,false
16335,200,false
16336,200,false
16337,200,false
16338,200,false
16339,200,false
16340,200,false
16341,200,false
16342,200,false
16343,200,false
16344,200,false
16345,200,false
16346,200,false
16347,200,false
16348,200,false
16349,200,false
16350,200,false
16351,200,false
16352,500,true
16353,500,true
16354,500,true
16355,500,true
16356,500,true
16357,500,true
16358,500,true
16359,500,true
16360,500,true
16361,500,true
16362,500,true
16363,500,true
16364,500,true
16365,500,true
16366,500,true
16367,500,true
16368,500,true
16369,500,true
16370,500,true
16371,500,true
16372,500,true
16373,500,true
16374,500,true
16375,500,true
16376,500,true
16377,500,true
16378,500,true
16379,500,true
16380,500,true
16381,500,true
16382,500,true
16383,500,true
16384,500,true
16385,500,true
16386,500,true
16387,500,true
16388,500,true
16389,500,true
16390,500,true
16391,500,true
16392,500,true
16393,500,true
16394,500,true
16395,500,true
16396,500,true
16397,500,true
16398,500,true
16399,500,true
16400,500,true
16401,500,true
16402,500,true
16403,500,true
16404,500,true
16405,500,true
16406,500,true
16407,500,true
16408,500,true
16409,500,true
16410,500,true
16411,500,true
16412,500,true
16413,500,true
16414,500,true
16415,500,true
16416,500,true
16417,500,true
16418,500,true
16419,500,true
16420,500,true
16421,500,true
16422,500,true
16423,500,true
16424,500,true
16425,200,false
16426,200,false
16427,200,false
16428,200,false
16429,200,false
16430,200,false
16431,200,false
16432,200,false
16433,200,false
16434,200,false
16435,200,false
16436,200,false
16437,200,false
16438,200,false
16439,200,false
16440,200,false
16441,200,false
16442,200,false
16443,200,false
16444,200,false
16445,200,false
16446,200,false
16447,200,false
16448,200,false
16449,200,false
16450,200,false
16451,200,false
16452,200,false
16453,200,false
16454,200,false
16455,200,false
16456,200,false
16457,200,false
16458,200,false
16459,200,false
16460,200,false
16461,200,false
16462,200,false
16463,200,false
16464,200,false
16465,200,false
16466,200,false
16467,200,false
16468,200,false
16469,200,false
16470,200,false
16471,200,false
16472,200,false
16473,200,false
16474,200,false
16475,200,false
16476,200,false
16477,200,false
16478,200,false
16479,200,false
16480,200,false
16481,200,false
16482,200,false
16483,200,false
16484,200,false
16485,200,false
16486,200,false
16487,200,false
16488,200,false
16489,200,false
16490,200,false
16491,200,false
16492,200,false
16493,200,false
16494,200,false
16495,200,false
16496,200,false
16497,200,false
16498,404,true
16499,404,true
16500,404,true
16501,404,true
16502,404,true
16503,404,true
16504,404,true
16505,404,true
16506,404,true
16507,404,true
16508,404,true
16509,404,true
16510,404,true
16511,404,true
16512,404,true
16513,404,true
16514,404,true
16515,404,true
16516,404,true
16517,404,true
16518,404,true
16519,404,true
16520,404,true
16521,404,true
16522,404,true
16523,404,true
16524,404,true
16525,404,true
16526,404,true
16527,404,true
16528,404,true
16529,404,true
16530,404,true
16531,404,true
16532,404,true
16533,404,true
16534,404,true
16535,404,true
16536,404,true
16537,404,true
16538,404,true
16539,404,true
16540,404,true
16541,404,true
16542,404,true
16543,404,true
16544,404,true
16545,404,true
16546,404,true
16547,404,true
16548,404,true
16549,404,true
16550,404,true
16551,404,true
16552,404,true
16553,404,true
16554,404,true
16555,404,true
16556,404,true
16557,404,true
16558,404,true
16559,404,true
16560,404,true
16561,404,true
16562,404,true
16563,404,true
16564,404,true
16565,404,true
16566,404,true
16567,404,true
16568,404,true
16569,404,true
16570,404,true
16571,404,true
16572,404,true
16573,404,true
16574,404,true
16575,404,true
16576,404,true
16577,404,true
16578,404,true
16579,404,true
16580,404,true
16581,404,true
16582,404,true
16583,404,true
16584,404,true
16585,404,true
16586,404,true
16587,404,true
16588,404,true
16589,404,true
16590,404,true
16591,404,true
16592,404,true
16593,404,true
16594,404,true
16595,404,true
16596,404,true
16597,404,true
16598,404,true
16599,404,true
16600,404,true
16601,404,true
16602,404,true
16603,404,true
16604,404,true
16605,404,true
16606,404,true
16607,404,true
16608,404,true
16609,404,true
16610,404,true
16611,404,true
16612,404,true
16613,404,true
16614,404,true
16615,404,true
16616,404,true
16617,404,true
16618,404,true
16619,404,true
16620,404,true
16621,404,true
16622,404,true
16623,404,true
16624,404,true
16625,404,true
16626,404,true
16627,404,true
16628,404,true
16629,404,true
16630,404,true
16631,404,true
16632,404,true
16633,404,true
16634,404,true
16635,404,true
16636,404,true
16637,404,true
16638,404,true
16639,404,true
16640,404,true
16641,404,true
16642,404,true
16643,404,true
16644,200,false
16645,200,false
16646,200,false
16647,200,false
16648,200,false
16649,200,false
16650,200,false
16651,200,false
16652,200,false
16653,200,false
16654,200,false
16655,200,false
16656,200,false
16657,200,false
16658,200,false
16659,200,false
16660,200,false
16661,200,false
16662,200,false
16663,200,false
16664,200,false
16665,200,false
16666,200,false
16667,200,false
16668,200,false
16669,200,false
16670,200,false
16671,200,false
16672,200,false
16673,200,false
16674,200,false
16675,200,false
16676,200,false
16677,200,false
16678,200,false
16679,200,false
16680,200,false
16681,200,false
16682,200,false
16683,200,false
16684,200,false
16685,200,false
16686,200,false
16687,200,false
16688,200,false
16689,200,false
16690,200,false
16691,200,false
16692,200,false
16693,200,false
16694,200,false
16695,200,false
16696,200,false
16697,200,false
16698,200,false
16699,200,false
16700,200,false
16701,200,false
16702,200,false
16703,200,false
16704,200,false
16705,200,false
16706,200,false
16707,200,false
16708,200,false
16709,200,false
16710,200,false
16711,200,false
16712,200,false
16713,200,false
16714,200,false
16715,200,false
16716,200,false
16717,200,false
16718,200,false
16719,200,false
16720,200,false
16721,200,false
16722,200,false
16723,200,false
16724,200,false
16725,200,false
16726,200,false
16727,200,false
16728,200,false
16729,200,false
16730,200,false
16731,200,false
16732,200,false
16733,200,false
16734,200,false
16735,200,false
16736,200,false
16737,200,false
16738,200,false
16739,200,false
16740,200,false
16741,200,false
16742,200,false
16743,200,false
16744,200,false
16745,200,false
16746,200,false
16747,200,false
16748,200,false
16749,200,false
16750,200,false
16751,200,false
16752,200,false
16753,200,false
16754,200,false
16755,200,false
16756,200,false
16757,200,false
16758,200,false
16759,200,false
16760,200,false
16761,200,false
16762,200,false
16763,200,false
16764,200,false
16765,200,false
16766,200,false
16767,200,false
16768,200,false
16769,200,false
16770,200,false
16771,200,false
16772,200,false
16773,200,false
16774,200,false
16775,200,false
16776,200,false
16777,200,false
16778,200,false
16779,200,false
16780,200,false
16781,200,false
16782,200,false
16783,200,false
16784,200,false
16785,200,false
16786,200,false
16787,200,false
16788,200,false
16789,200,false
16790,404,true
16791,404,true
16792,404,true
16793,404,true
16794,404,true
16795,404,true
16796,404,true
16797,404,true
16798,404,true
16799,404,true
16800,404,true
16801,404,true
16802,404,true
16803,404,true
16804,404,true
16805,404,true
16806,404,true
16807,404,true
16808,404,true
16809,404,true
16810,404,true
16811,404,true
16812,404,true
16813,404,true
16814,404,true
16815,404,true
16816,404,true
16817,404,true
16818,404,true
16819,404,true
16820,404,true
16821,404,true
16822,404,true
16823,404,true
16824,404,true
16825,404,true
16826,404,true
16827,404,true
16828,404,true
16829,404,true
16830,404,true
16831,404,true
16832,404,true
16833,404,true
16834,404,true
16835,404,true
16836,404,true
16837,404,true
16838,404,true
16839,404,true
16840,404,true
16841,404,true
16842,404,true
16843,404,true
16844,404,true
16845,404,true
16846,404,true
16847,404,true
16848,404,true
16849,404,true
16850,404,true
16851,404,true
16852,404,true
16853,404,true
16854,404,true
16855,404,true
16856,404,true
16857,404,true
16858,404,true
16859,404,true
16860,404,true
16861,404,true
16862,404,true
16863,500,true
16864,500,true
16865,500,true
16866,500,true
16867,500,true
16868,500,true
16869,500,true
16870,500,true
16871,500,true
16872,500,true
16873,500,true
16874,500,true
16875,500,true
16876,500,true
16877,500,true
16878,500,true
16879,500,true
16880,500,true
16881,500,true
16882,500,true
16883,500,true
16884,500,true
16885,500,true
16886,500,true
16887,500,true
16888,500,true
16889,500,true
16890,500,true
16891,500,true
16892,500,true
16893,500,true
16894,500,true
16895,500,true
16896,500,true
16897,500,true
16898,500,true
16899,500,true
16900,500,true
16901,500,true
16902,500,true
16903,500,true
16904,500,true
16905,500,true
16906,500,true
16907,500,true
16908,500,true
16909,500,true
16910,500,true
16911,500,true
16912,500,true
16913,500,true
16914,500,true
16915,500,true
16916,500,true
16917,500,true
16918,500,true
16919,500,true
16920,500,true
16921,500,true
16922,500,true
16923,500,true
16924,500,true
16925,500,true
16926,500,true
16927,500,true
16928,500,true
16929,500,true
16930,500,true
16931,500,true
16932,500,true
16933,500,true
16934,500,true
16935,500,true
16936,200,false
16937,200,false
16938,200,false
16939,200,false
16940,200,false
16941,200,false
16942,200,false
16943,200,false
16944,200,false
16945,200,false
16946,200,false
16947,200,false
16948,200,false
16949,200,false
16950,200,false
16951,200,false
16952,200,false
16953,200,false
16954,200,false
16955,200,false
16956,200,false
16957,200,false
16958,200,false
16959,200,false
16960,200,false
16961,200,false
16962,200,false
16963,200,false
16964,200,false
16965,200,false
16966,200,false
16967,200,false
16968,200,false
16969,200,false
16970,200,false
16971,200,false
16972,200,false
16973,200,false
16974,200,false
16975,200,false
16976,200,false
16977,200,false
16978,200,false
16979,200,false
16980,200,false
16981,200,false
16982,200,false
16983,200,false
16984,200,false
16985,200,false
16986,200,false
16987,200,false
16988,200,false
16989,200,false
16990,200,false
16991,200,false
16992,200,false
16993,200,false
16994,200,false
16995,200,false
16996,200,false
16997,200,false
16998,200,false
16999,200,false
17000,200,false
17001,200,false
17002,200,false
17003,200,false
17004,200,false
17005,200,false
17006,200,false
17007,200,false
17008,200,false
17009,200,false
17010,200,false
17011,200,false
17012,200,false
17013,200,false
17014,200,false
17015,200,false
17016,200,false
17017,200,false
17018,200,false
17019,200,false
17020,200,false
17021,200,false
17022,200,false
17023,200,false
17024,200,false
17025,200,false
17026,200,false
17027,200,false
17028,200,false
17029,200,false
17030,200,false
17031,200,false
17032,200,false
17033,200,false
17034,200,false
17035,200,false
17036,200,false
17037,200,false
17038,200,false
17039,200,false
17040,200,false
17041,200,false
17042,200,false
17043,200,false
17044,200,false
17045,200,false
17046,200,false
17047,200,false
17048,200,false
17049,200,false
17050,200,false
17051,200,false
17052,200,false
17053,200,false
17054,200,false
17055,200,false
17056,200,false
17057,200,false
17058,200,false
17059,200,false
17060,200,false
17061,200,false
17062,200,false
17063,200,false
17064,200,false
17065,200,false
17066,200,false
17067,200,false
17068,200,false
17069,200,false
17070,200,false
17071,200,false
17072,200,false
17073,200,false
17074,200,false
17075,200,false
17076,200,false
17077,200,false
17078,200,false
17079,200,false
17080,200,false
17081,200,false
17082,200,false
17083,200,false
17084,200,false
17085,200,false
17086,200,false
17087,200,false
17088,200,false
17089,200,false
17090,200,false
17091,200,false
17092,200,false
17093,200,false
17094,200,false
17095,200,false
17096,200,false
17097,200,false
17098,200,false
17099,200,false
17100,200,false
17101,200,false
17102,200,false
17103,200,false
17104,200,false
17105,200,false
17106,200,false
17107,200,false
17108,200,false
17109,200,false
17110,200,false
17111,200,false
17112,200,false
17113,200,false
17114,200,false
17115,200,false
17116,200,false
17117,200,false
17118,200,false
17119,200,false
17120,200,false
17121,200,false
17122,200,false
17123,200,false
17124,200,false
17125,200,false
17126,200,false
17127,200,false
17128,200,false
17129,200,false
17130,200,false
17131,200,false
17132,200,false
17133,200,false
17134,200,false
17135,200,false
17136,200,false
17137,200,false
17138,200,false
17139,200,false
17140,200,false
17141,200,false
17142,200,false
17143,200,false
17144,200,false
17145,200,false
17146,200,false
17147,200,false
17148,200,false
17149,200,false
17150,200,false
17151,200,false
17152,200,false
17153,200,false
17154,200,false
17155,200,false
17156,200,false
17157,200,false
17158,200,false
17159,200,false
17160,200,false
17161,200,false
17162,200,false
17163,200,false
17164,200,false
17165,200,false
17166,200,false
17167,200,false
17168,200,false
17169,200,false
17170,200,false
17171,200,false
17172,200,false
17173,200,false
17174,200,false
17175,200,false
17176,200,false
17177,200,false
17178,200,false
17179,200,false
17180,200,false
17181,200,false
17182,200,false
17183,200,false
17184,200,false
17185,200,false
17186,200,false
17187,200,false
17188,200,false
17189,200,false
17190,200,false
17191,200,false
17192,200,false
17193,200,false
17194,200,false
17195,200,false
17196,200,false
17197,200,false
17198,200,false
17199,200,false
17200,200,false
17201,200,false
17202,200,false
17203,200,false
17204,200,false
17205,200,false
17206,200,false
17207,200,false
17208,200,false
17209,200,false
17210,200,false
17211,200,false
17212,200,false
17213,200,false
17214,200,false
17215,200,false
17216,200,false
17217,200,false
17218,200,false
17219,200,false
17220,200,false
17221,200,false
17222,200,false
17223,200,false
17224,200,false
17225,200,false
17226,200,false
17227,200,false
17228,404,true
17229,404,true
17230,404,true
17231,404,true
17232,404,true
17233,404,true
17234,404,true
17235,404,true
17236,404,true
17237,404,true
17238,404,true
17239,404,true
17240,404,true
17241,404,true
17242,404,true
17243,404,true
17244,404,true
17245,404,true
17246,404,true
17247,404,true
17248,404,true
17249,404,true
17250,404,true
17251,404,true
17252,404,true
17253,404,true
17254,404,true
17255,404,true
17256,404,true
17257,404,true
17258,404,true
17259,404,true
17260,404,true
17261,404,true
17262,404,true
17263,404,true
17264,404,true
17265,404,true
17266,404,true
17267,404,true
17268,404,true
17269,404,true
17270,404,true
17271,404,true
17272,404,true
17273,404,true
17274,404,true
17275,404,true
17276,404,true
17277,404,true
17278,404,true
17279,404,true
17280,404,true
17281,404,true
17282,404,true
17283,404,true
17284,404,true
17285,404,true
17286,404,true
17287,404,true
17288,404,true
17289,404,true
17290,404,true
17291,404,true
17292,404,true
17293,404,true
17294,404,true
17295,404,true
17296,404,true
17297,404,true
17298,404,true
17299,404,true
17300,404,true
17301,200,false
17302,200,false
17303,200,false
17304,200,false
17305,200,false
17306,200,false
17307,200,false
17308,200,false
17309,200,false
17310,200,false
17311,200,false
17312,200,false
17313,200,false
17314,200,false
17315,200,false
17316,200,false
17317,200,false
17318,200,false
17319,200,false
17320,200,false
17321,200,false
17322,200,false
17323,200,false
17324,200,false
17325,200,false
17326,200,false
17327,200,false
17328,200,false
17329,200,false
17330,200,false
17331,200,false
17332,200,false
17333,200,false
17334,200,false
17335,200,false
17336,200,false
17337,200,false
17338,200,false
17339,200,false
17340,200,false
17341,200,false
17342,200,false
17343,200,false
17344,200,false
17345,200,false
17346,200,false
17347,200,false
17348,200,false
17349,200,false
17350,200,false
17351,200,false
17352,200,false
17353,200,false
17354,200,false
17355,200,false
17356,200,false
17357,200,false
17358,200,false
17359,200,false
17360,200,false
17361,200,false
17362,200,false
17363,200,false
17364,200,false
17365,200,false
17366,200,false
17367,200,false
17368,200,false
17369,200,false
17370,200,false
17371,200,false
17372,200,false
17373,200,false
17374,200,false
17375,200,false
17376,200,false
17377,200,false
17378,200,false
17379,200,false
17380,200,false
17381,200,false
17382,200,false
17383,200,false
17384,200,false
17385,200,false
17386,200,false
17387,200,false
17388,200,false
17389,200,false
17390,200,false
17391,200,false
17392,200,false
17393,200,false
17394,200,false
17395,200,false
17396,200,false
17397,200,false
17398,200,false
17399,200,false
17400,200,false
17401,200,false
17402,200,false
17403,200,false
17404,200,false
17405,200,false
17406,200,false
17407,200,false
17408,200,false
17409,200,false
17410,200,false
17411,200,false
17412,200,false
17413,200,false
17414,200,false
17415,200,false
17416,200,false
17417,200,false
17418,200,false
17419,200,false
17420,200,false
17421,200,false
17422,200,false
17423,200,false
17424,200,false
17425,200,false
17426,200,false
17427,200,false
17428,200,false
17429,200,false
17430,200,false
17431,200,false
17432,200,false
17433,200,false
17434,200,false
17435,200,false
17436,200,false
17437,200,false
17438,200,false
17439,200,false
17440,200,false
17441,200,false
17442,200,false
17443,200,false
17444,200,false
17445,200,false
17446,200,false
17447,200,false
17448,200,false
17449,200,false
17450,200,false
17451,200,false
17452,200,false
17453,200,false
17454,200,false
17455,200,false
17456,200,false
17457,200,false
17458,200,false
17459,200,false
17460,200,false
17461,200,false
17462,200,false
17463,200,false
17464,200,false
17465,200,false
17466,200,false
17467,200,false
17468,200,false
17469,200,false
17470,200,false
17471,200,false
17472,200,false
17473,200,false
17474,200,false
17475,200,false
17476,200,false
17477,200,false
17478,200,false
17479,200,false
17480,200,false
17481,200,false
17482,200,false
17483,200,false
17484,200,false
17485,200,false
17486,200,false
17487,200,false
17488,200,false
17489,200,false
17490,200,false
17491,200,false
17492,200,false
17493,200,false
17494,200,false
17495,200,false
17496,200,false
17497,200,false
17498,200,false
17499,200,false
17500,200,false
17501,200,false
17502,200,false
17503,200,false
17504,200,false
17505,200,false
17506,200,false
17507,200,false
17508,200,false
17509,200,false
17510,200,false
17511,200,false
17512,200,false
17513,200,false
17514,200,false
17515,200,false
17516,200,false
17517,200,false
17518,200,false
17519,200,false
17520,500,true
17521,500,true
17522,500,true
17523,500,true
17524,500,true
17525,500,true
17526,500,true
17527,500,true
17528,500,true
17529,500,true
17530,500,true
17531,500,true
17532,500,true
17533,500,true
17534,500,true
17535,500,true
17536,500,true
17537,500,true
17538,500,true
17539,500,true
17540,500,true
17541,500,true
17542,500,true
17543,500,true
17544,500,true
17545,500,true
17546,500,true
17547,500,true
17548,500,true
17549,500,true
17550,500,true
17551,500,true
17552,500,true
17553,500,true
17554,500,true
17555,500,true
17556,500,true
17557,500,true
17558,500,true
17559,500,true
17560,500,true
17561,500,true
17562,500,true
17563,500,true
17564,500,true
17565,500,true
17566,500,true
17567,500,true
17568,500,true
17569,500,true
17570,500,true
17571,500,true
17572,500,true
17573,500,true
17574,500,true
17575,500,true
17576,500,true
17577,500,true
17578,500,true
17579,500,true
17580,500,true
17581,500,true
17582,500,true
17583,500,true
17584,500,true
17585,500,true
17586,500,true
17587,500,true
17588,500,true
17589,500,true
17590,500,true
17591,500,true
17592,500,true
17593,500,true
17594,500,true
17595,500,true
17596,500,true
17597,500,true
17598,500,true
17599,500,true
17600,500,true
17601,500,true
17602,500,true
17603,500,true
17604,500,true
17605,500,true
17606,500,true
17607,500,true
17608,500,true
17609,500,true
17610,500,true
17611,500,true
17612,500,true
17613,500,true
17614,500,true
17615,500,true
17616,500,true
17617,500,true
17618,500,true
17619,500,true
17620,500,true
17621,500,true
17622,500,true
17623,500,true
17624,500,true
17625,500,true
17626,500,true
17627,500,true
17628,500,true
17629,500,true
17630,500,true
17631,500,true
17632,500,true
17633,500,true
17634,500,true
17635,500,true
17636,500,true
17637,500,true
17638,500,true
17639,500,true
17640,500,true
17641,500,true
17642,500,true
17643,500,true
17644,500,true
17645,500,true
17646,500,true
17647,500,true
17648,500,true
17649,500,true
17650,500,true
17651,500,true
17652,500,true
17653,500,true
17654,500,true
17655,500,true
17656,500,true
17657,500,true
17658,500,true
17659,500,true
17660,500,true
17661,500,true
17662,500,true
17663,500,true
17664,500,true
17665,500,true
17666,200,false
17667,200,false
17668,200,false
17669,200,false
17670,200,false
17671,200,false
17672,200,false
17673,200,false
17674,200,false
17675,200,false
17676,200,false
17677,200,false
17678,200,false
17679,200,false
17680,200,false
17681,200,false
17682,200,false
17683,200,false
17684,200,false
17685,200,false
17686,200,false
17687,200,false
17688,200,false
17689,200,false
17690,200,false
17691,200,false
17692,200,false
17693,200,false
17694,200,false
17695,200,false
17696,200,false
17697,200,false
17698,200,false
17699,200,false
17700,200,false
17701,200,false
17702,200,false
17703,200,false
17704,200,false
17705,200,false
17706,200,false
17707,200,false
17708,200,false
17709,200,false
17710,200,false
17711,200,false
17712,200,false
17713,200,false
17714,200,false
17715,200,false
17716,200,false
17717,200,false
17718,200,false
17719,200,false
17720,200,false
17721,200,false
17722,200,false
17723,200,false
17724,200,false
17725,200,false
17726,200,false
17727,200,false
17728,200,false
17729,200,false
17730,200,false
17731,200,false
17732,200,false
17733,200,false
17734,200,false
17735,200,false
17736,200,false
17737,200,false
17738,200,false
17739,200,false
17740,200,false
17741,200,false
17742,200,false
17743,200,false
17744,200,false
17745,200,false
17746,200,false
17747,200,false
17748,200,false
17749,200,false
17750,200,false
17751,200,false
17752,200,false
17753,200,false
17754,200,false
17755,200,false
17756,200,false
17757,200,false
17758,200,false
17759,200,false
17760,200,false
17761,200,false
17762,200,false
17763,200,false
17764,200,false
17765,200,false
17766,200,false
17767,200,false
17768,200,false
17769,200,false
17770,200,false
17771,200,false
17772,200,false
17773,200,false
17774,200,false
17775,200,false
17776,200,false
17777,200,false
17778,200,false
17779,200,false
17780,200,false
17781,200,false
17782,200,false
17783,200,false
17784,200,false
17785,200,false
17786,200,false
17787,200,false
17788,200,false
17789,200,false
17790,200,false
17791,200,false
17792,200,false
17793,200,false
17794,200,false
17795,200,false
17796,200,false
17797,200,false
17798,200,false
17799,200,false
17800,200,false
17801,200,false
17802,200,false
17803,200,false
17804,200,false
17805,200,false
17806,200,false
17807,200,false
17808,200,false
17809,200,false
17810,200,false
17811,200,false
17812,500,true
17813,500,true
17814,500,true
17815,500,true
17816,500,true
17817,500,true
17818,500,true
17819,500,true
17820,500,true
17821,500,true
17822,500,true
17823,500,true
17824,500,true
17825,500,true
17826,500,true
17827,500,true
17828,500,true
17829,500,true
17830,500,true
17831,500,true
17832,500,true
17833,500,true
17834,500,true
17835,500,true
17836,500,true
17837,500,true
17838,500,true
17839,500,true
17840,500,true
17841,500,true
17842,500,true
17843,500,true
17844,500,true
17845,500,true
17846,500,true
17847,500,true
17848,500,true
17849,500,true
17850,500,true
17851,500,true
17852,500,true
17853,500,true
17854,500,true
17855,500,true
17856,500,true
17857,500,true
17858,500,true
17859,500,true
17860,500,true
17861,500,true
17862,500,true
17863,500,true
17864,500,true
17865,500,true
17866,500,true
17867,500,true
17868,500,true
17869,500,true
17870,500,true
17871,500,true
17872,500,true
17873,500,true
17874,500,true
17875,500,true
17876,500,true
17877,500,true
17878,500,true
17879,500,true
17880,500,true
17881,500,true
17882,500,true
17883,500,true
17884,500,true
17885,200,false
17886,200,false
17887,200,false
17888,200,false
17889,200,false
17890,200,false
17891,200,false
17892,200,false
17893,200,false
17894,200,false
17895,200,false
17896,200,false
17897,200,false
17898,200,false
17899,200,false
17900,200,false
17901,200,false
17902,200,false
17903,200,false
17904,200,false
17905,200,false
17906,200,false
17907,200,false
17908,200,false
17909,200,false
17910,200,false
17911,200,false
17912,200,false
17913,200,false
17914,200,false
17915,200,false
17916,200,false
17917,200,false
17918,200,false
17919,200,false
17920,200,false
17921,200,false
17922,200,false
17923,200,false
17924,200,false
17925,200,false
17926,200,false
17927,200,false
17928,200,false
17929,200,false
17930,200,false
17931,200,false
17932,200,false
17933,200,false
17934,200,false
17935,200,false
17936,200,false
17937,200,false
17938,200,false
17939,200,false
17940,200,false
17941,200,false
17942,200,false
17943,200,false
17944,200,false
17945,200,false
17946,200,false
17947,200,false
17948,200,false
17949,200,false
17950,200,false
17951,200,false
17952,200,false
17953,200,false
17954,200,false
17955,200,false
17956,200,false
17957,200,false
17958,500,true
17959,500,true
17960,500,true
17961,500,true
17962,500,true
17963,500,true
17964,500,true
17965,500,true
17966,500,true
17967,500,true
17968,500,true
17969,500,true
17970,500,true
17971,500,true
17972,500,true
17973,500,true
17974,500,true
17975,500,true
17976,500,true
17977,500,true
17978,500,true
17979,500,true
17980,500,true
17981,500,true
17982,500,true
17983,500,true
17984,500,true
17985,500,true
17986,500,true
17987,500,true
17988,500,true
17989,500,true
17990,500,true
17991,500,true
17992,500,true
17993,500,true
17994,500,true
17995,500,true
17996,500,true
17997,500,true
17998,500,true
17999,500,true
18000,500,true
18001,500,true
18002,500,true
18003,500,true
18004,500,true
18005,500,true
18006,500,true
18007,500,true
18008,500,true
18009,500,true
18010,500,true
18011,500,true
18012,500,true
18013,500,true
18014,500,true
18015,500,true
18016,500,true
18017,500,true
18018,500,true
18019,500,true
18020,500,true
18021,500,true
18022,500,true
18023,500,true
18024,500,true
18025,500,true
18026,500,true
18027,500,true
18028,500,true
18029,500,true
18030,500,true
18031,200,false
18032,200,false
18033,200,false
18034,200,false
18035,200,false
18036,200,false
18037,200,false
18038,200,false
18039,200,false
18040,200,false
18041,200,false
18042,200,false
18043,200,false
18044,200,false
18045,200,false
18046,200,false
18047,200,false
18048,200,false
18049,200,false
18050,200,false
18051,200,false
18052,200,false
18053,200,false
18054,200,false
18055,200,false
18056,200,false
18057,200,false
18058,200,false
18059,200,false
18060,200,false
18061,200,false
18062,200,false
18063,200,false
18064,200,false
18065,200,false
18066,200,false
18067,200,false
18068,200,false
18069,200,false
18070,200,false
18071,200,false
18072,200,false
18073,200,false
18074,200,false
18075,200,false
18076,200,false
18077,200,false
18078,200,false
18079,200,false
18080,200,false
18081,200,false
18082,200,false
18083,200,false
18084,200,false
18085,200,false
18086,200,false
18087,200,false
18088,200,false
18089,200,false
18090,200,false
18091,200,false
18092,200,false
18093,200,false
18094,200,false
18095,200,false
18096,200,false
18097,200,false
18098,200,false
18099,200,false
18100,200,false
18101,200,false
18102,200,false
18103,200,false
18104,500,true
18105,500,true
18106,500,true
18107,500,true
18108,500,true
18109,500,true
18110,500,true
18111,500,true
18112,500,true
18113,500,true
18114,500,true
18115,500,true
18116,500,true
18117,500,true
18118,500,true
18119,500,true
18120,500,true
18121,500,true
18122,500,true
18123,500,true
18124,500,true
18125,500,true
18126,500,true
18127,500,true
18128,500,true
18129,500,true
18130,500,true
18131,500,true
18132,500,true
18133,500,true
18134,500,true
18135,500,true
18136,500,true
18137,500,true
18138,500,true
18139,500,true
18140,500,true
18141,500,true
18142,500,true
18143,500,true
18144,500,true
18145,500,true
18146,500,true
18147,500,true
18148,500,true
18149,500,true
18150,500,true
18151,500,true
18152,500,true
18153,500,true
18154,500,true
18155,500,true
18156,500,true
18157,500,true
18158,500,true
18159,500,true
18160,500,true
18161,500,true
18162,500,true
18163,500,true
18164,500,true
18165,500,true
18166,500,true
18167,500,true
18168,500,true
18169,500,true
18170,500,true
18171,500,true
18172,500,true
18173,500,true
18174,500,true
18175,500,true
18176,500,true
18177,200,false
18178,200,false
18179,200,false
18180,200,false
18181,200,false
18182,200,false
18183,200,false
18184,200,false
18185,200,false
18186,200,false
18187,200,false
18188,200,false
18189,200,false
18190,200,false
18191,200,false
18192,200,false
18193,200,false
18194,200,false
18195,200,false
18196,200,false
18197,200,false
18198,200,false
18199,200,false
18200,200,false
18201,200,false
18202,200,false
18203,200,false
18204,200,false
18205,200,false
18206,200,false
18207,200,false
18208,200,false
18209,200,false
18210,200,false
18211,200,false
18212,200,false
18213,200,false
18214,200,false
18215,200,false
18216,200,false
18217,200,false
18218,200,false
18219,200,false
18220,200,false
18221,200,false
18222,200,false
18223,200,false
18224,200,false
18225,200,false
18226,200,false
18227,200,false
18228,200,false
18229,200,false
18230,200,false
18231,200,false
18232,200,false
18233,200,false
18234,200,false
18235,200,false
18236,200,false
18237,200,false
18238,200,false
18239,200,false
18240,200,false
18241,200,false
18242,200,false
18243,200,false
18244,200,false
18245,200,false
18246,200,false
18247,200,false
18248,200,false
18249,200,false
18250,200,false
18251,200,false
18252,200,false
18253,200,false
18254,200,false
18255,200,false
18256,200,false
18257,200,false
18258,200,false
18259,200,false
18260,200,false
18261,200,false
18262,200,false
18263,200,false
18264,200,false
18265,200,false
18266,200,false
18267,200,false
18268,200,false
18269,200,false
18270,200,false
18271,200,false
18272,200,false
18273,200,false
18274,200,false
18275,200,false
18276,200,false
18277,200,false
18278,200,false
18279,200,false
18280,200,false
18281,200,false
18282,200,false
18283,200,false
18284,200,false
18285,200,false
18286,200,false
18287,200,false
18288,200,false
18289,200,false
18290,200,false
18291,200,false
18292,200,false
18293,200,false
18294,200,false
18295,200,false
18296,200,false
18297,200,false
18298,200,false
18299,200,false
18300,200,false
18301,200,false
18302,200,false
18303,200,false
18304,200,false
18305,200,false
18306,200,false
18307,200,false
18308,200,false
18309,200,false
18310,200,false
18311,200,false
18312,200,false
18313,200,false
18314,200,false
18315,200,false
18316,200,false
18317,200,false
18318,200,false
18319,200,false
18320,200,false
18321,200,false
18322,200,false
18323,200,false
18324,200,false
18325,200,false
18326,200,false
18327,200,false
18328,200,false
18329,200,false
18330,200,false
18331,200,false
18332,200,false
18333,200,false
18334,200,false
18335,200,false
18336,200,false
18337,200,false
18338,200,false
18339,200,false
18340,200,false
18341,200,false
18342,200,false
18343,200,false
18344,200,false
18345,200,false
18346,200,false
18347,200,false
18348,200,false
18349,200,false
18350,200,false
18351,200,false
18352,200,false
18353,200,false
18354,200,false
18355,200,false
18356,200,false
18357,200,false
18358,200,false
18359,200,false
18360,200,false
18361,200,false
18362,200,false
18363,200,false
18364,200,false
18365,200,false
18366,200,false
18367,200,false
18368,200,false
18369,200,false
18370,200,false
18371,200,false
18372,200,false
18373,200,false
18374,200,false
18375,200,false
18376,200,false
18377,200,false
18378,200,false
18379,200,false
18380,200,false
18381,200,false
18382,200,false
18383,200,false
18384,200,false
18385,200,false
18386,200,false
18387,200,false
18388,200,false
18389,200,false
18390,200,false
18391,200,false
18392,200,false
18393,200,false
18394,200,false
18395,200,false
18396,500,true
18397,500,true
18398,500,true
18399,500,true
18400,500,true
18401,500,true
18402,500,true
18403,500,true
18404,500,true
18405,500,true
18406,500,true
18407,500,true
18408,500,true
18409,500,true
18410,500,true
18411,500,true
18412,500,true
18413,500,true
18414,500,true
18415,500,true
18416,500,true
18417,500,true
18418,500,true
18419,500,true
18420,500,true
18421,500,true
18422,500,true
18423,500,true
18424,500,true
18425,500,true
18426,500,true
18427,500,true
18428,500,true
18429,500,true
18430,500,true
18431,500,true
18432,500,true
18433,500,true
18434,500,true
18435,500,true
18436,500,true
18437,500,true
18438,500,true
18439,500,true
18440,500,true
18441,500,true
18442,500,true
18443,500,true
18444,500,true
18445,500,true
18446,500,true
18447,500,true
18448,500,true
18449,500,true
18450,500,true
18451,500,true
18452,500,true
18453,500,true
18454,500,true
18455,500,true
18456,500,true
18457,500,true
18458,500,true
18459,500,true
18460,500,true
18461,500,true
18462,500,true
18463,500,true
18464,500,true
18465,500,true
18466,500,true
18467,500,true
18468,500,true
18469,200,false
18470,200,false
18471,200,false
18472,200,false
18473,200,false
18474,200,false
18475,200,false
18476,200,false
18477,200,false
18478,200,false
18479,200,false
18480,200,false
18481,200,false
18482,200,false
18483,200,false
18484,200,false
18485,200,false
18486,200,false
18487,200,false
18488,200,false
18489,200,false
18490,200,false
18491,200,false
18492,200,false
18493,200,false
18494,200,false
18495,200,false
18496,200,false
18497,200,false
18498,200,false
18499,200,false
18500,200,false
18501,200,false
18502,200,false
18503,200,false
18504,200,false
18505,200,false
18506,200,false
18507,200,false
18508,200,false
18509,200,false
18510,200,false
18511,200,false
18512,200,false
18513,200,false
18514,200,false
18515,200,false
18516,200,false
18517,200,false
18518,200,false
18519,200,false
18520,200,false
18521,200,false
18522,200,false
18523,200,false
18524,200,false
18525,200,false
18526,200,false
18527,200,false
18528,200,false
18529,200,false
18530,200,false
18531,200,false
18532,200,false
18533,200,false
18534,200,false
18535,200,false
18536,200,false
18537,200,false
18538,200,false
18539,200,false
18540,200,false
18541,200,false
18542,200,false
18543,200,false
18544,200,false
18545,200,false
18546,200,false
18547,200,false
18548,200,false
18549,200,false
18550,200,false
18551,200,false
18552,200,false
18553,200,false
18554,200,false
18555,200,false
18556,200,false
18557,200,false
18558,200,false
18559,200,false
18560,200,false
18561,200,false
18562,200,false
18563,200,false
18564,200,false
18565,200,false
18566,200,false
18567,200,false
18568,200,false
18569,200,false
18570,200,false
18571,200,false
18572,200,false
18573,200,false
18574,200,false
18575,200,false
18576,200,false
18577,200,false
18578,200,false
18579,200,false
18580,200,false
18581,200,false
18582,200,false
18583,200,false
18584,200,false
18585,200,false
18586,200,false
18587,200,false
18588,200,false
18589,200,false
18590,200,false
18591,200,false
18592,200,false
18593,200,false
18594,200,false
18595,200,false
18596,200,false
18597,200,false
18598,200,false
18599,200,false
18600,200,false
18601,200,false
18602,200,false
18603,200,false
18604,200,false
18605,200,false
18606,200,false
18607,200,false
18608,200,false
18609,200,false
18610,200,false
18611,200,false
18612,200,false
18613,200,false
18614,200,false
18615,200,false
18616,200,false
18617,200,false
18618,200,false
18619,200,false
18620,200,false
18621,200,false
18622,200,false
18623,200,false
18624,200,false
18625,200,false
18626,200,false
18627,200,false
18628,200,false
18629,200,false
18630,200,false
18631,200,false
18632,200,false
18633,200,false
18634,200,false
18635,200,false
18636,200,false
18637,200,false
18638,200,false
18639,200,false
18640,200,false
18641,200,false
18642,200,false
18643,200,false
18644,200,false
18645,200,false
18646,200,false
18647,200,false
18648,200,false
18649,200,false
18650,200,false
18651,200,false
18652,200,false
18653,200,false
18654,200,false
18655,200,false
18656,200,false
18657,200,false
18658,200,false
18659,200,false
18660,200,false
18661,200,false
18662,200,false
18663,200,false
18664,200,false
18665,200,false
18666,200,false
18667,200,false
18668,200,false
18669,200,false
18670,200,false
18671,200,false
18672,200,false
18673,200,false
18674,200,false
18675,200,false
18676,200,false
18677,200,false
18678,200,false
18679,200,false
18680,200,false
18681,200,false
18682,200,false
18683,200,false
18684,200,false
18685,200,false
18686,200,false
18687,200,false
18688,500,true
18689,500,true
18690,500,true
18691,500,true
18692,500,true
18693,500,true
18694,500,true
18695,500,true
18696,500,true
18697,500,true
18698,500,true
18699,500,true
18700,500,true
18701,500,true
18702,500,true
18703,500,true
18704,500,true
18705,500,true
18706,500,true
18707,500,true
18708,500,true
18709,500,true
18710,500,true
18711,500,true
18712,500,true
18713,500,true
18714,500,true
18715,500,true
18716,500,true
18717,500,true
18718,500,true
18719,500,true
18720,500,true
18721,500,true
18722,500,true
18723,500,true
18724,500,true
18725,500,true
18726,500,true
18727,500,true
18728,500,true
18729,500,true
18730,500,true
18731,500,true
18732,500,true
18733,500,true
18734,500,true
18735,500,true
18736,500,true
18737,500,true
18738,500,true
18739,500,true
18740,500,true
18741,500,true
18742,500,true
18743,500,true
18744,500,true
18745,500,true
18746,500,true
18747,500,true
18748,500,true
18749,500,true
18750,500,true
18751,500,true
18752,500,true
18753,500,true
18754,500,true
18755,500,true
18756,500,true
18757,500,true
18758,500,true
18759,500,true
18760,500,true
18761,200,false
18762,200,false
18763,200,false
18764,200,false
18765,200,false
18766,200,false
18767,200,false
18768,200,false
18769,200,false
18770,200,false
18771,200,false
18772,200,false
18773,200,false
18774,200,false
18775,200,false
18776,200,false
18777,200,false
18778,200,false
18779,200,false
18780,200,false
18781,200,false
18782,200,false
18783,200,false
18784,200,false
18785,200,false
18786,200,false
18787,200,false
18788,200,false
18789,200,false
18790,200,false
18791,200,false
18792,200,false
18793,200,false
18794,200,false
18795,200,false
18796,200,false
18797,200,false
18798,200,false
18799,200,false
18800,200,false
18801,200,false
18802,200,false
18803,200,false
18804,200,false
18805,200,false
18806,200,false
18807,200,false
18808,200,false
18809,200,false
18810,200,false
18811,200,false
18812,200,false
18813,200,false
18814,200,false
18815,200,false
18816,200,false
18817,200,false
18818,200,false
18819,200,false
18820,200,false
18821,200,false
18822,200,false
18823,200,false
18824,200,false
18825,200,false
18826,200,false
18827,200,false
18828,200,false
18829,200,false
18830,200,false
18831,200,false
18832,200,false
18833,200,false
18834,200,false
18835,200,false
18836,200,false
18837,200,false
18838,200,false
18839,200,false
18840,200,false
18841,200,false
18842,200,false
18843,200,false
18844,200,false
18845,200,false
18846,200,false
18847,200,false
18848,200,false
18849,200,false
18850,200,false
18851,200,false
18852,200,false
18853,200,false
18854,200,false
18855,200,false
18856,200,false
18857,200,false
18858,200,false
18859,200,false
18860,200,false
18861,200,false
18862,200,false
18863,200,false
18864,200,false
18865,200,false
18866,200,false
18867,200,false
18868,200,false
18869,200,false
18870,200,false
18871,200,false
18872,200,false
18873,200,false
18874,200,false
18875,200,false
18876,200,false
18877,200,false
18878,200,false
18879,200,false
18880,200,false
18881,200,false
18882,200,false
18883,200,false
18884,200,false
18885,200,false
18886,200,false
18887,200,false
18888,200,false
18889,200,false
18890,200,false
18891,200,false
18892,200,false
18893,200,false
18894,200,false
18895,200,false
18896,200,false
18897,200,false
18898,200,false
18899,200,false
18900,200,false
18901,200,false
18902,200,false
18903,200,false
18904,200,false
18905,200,false
18906,200,false
18907,200,false
18908,200,false
18909,200,false
18910,200,false
18911,200,false
18912,200,false
18913,200,false
18914,200,false
18915,200,false
18916,200,false
18917,200,false
18918,200,false
18919,200,false
18920,200,false
18921,200,false
18922,200,false
18923,200,false
18924,200,false
18925,200,false
18926,200,false
18927,200,false
18928,200,false
18929,200,false
18930,200,false
18931,200,false
18932,200,false
18933,200,false
18934,200,false
18935,200,false
18936,200,false
18937,200,false
18938,200,false
18939,200,false
18940,200,false
18941,200,false
18942,200,false
18943,200,false
18944,200,false
18945,200,false
18946,200,false
18947,200,false
18948,200,false
18949,200,false
18950,200,false
18951,200,false
18952,200,false
18953,200,false
18954,200,false
18955,200,false
18956,200,false
18957,200,false
18958,200,false
18959,200,false
18960,200,false
18961,200,false
18962,200,false
18963,200,false
18964,200,false
18965,200,false
18966,200,false
18967,200,false
18968,200,false
18969,200,false
18970,200,false
18971,200,false
18972,200,false
18973,200,false
18974,200,false
18975,200,false
18976,200,false
18977,200,false
18978,200,false
18979,200,false
18980,500,true
18981,500,true
18982,500,true
18983,500,true
18984,500,true
18985,500,true
18986,500,true
18987,500,true
18988,500,true
18989,500,true
18990,500,true
18991,500,true
18992,500,true
18993,500,true
18994,500,true
18995,500,true
18996,500,true
18997,500,true
18998,500,true
18999,500,true
19000,500,true
19001,500,true
19002,500,true
19003,500,true
19004,500,true
19005,500,true
19006,500,true
19007,500,true
19008,500,true
19009,500,true
19010,500,true
19011,500,true
19012,500,true
19013,500,true
19014,500,true
19015,500,true
19016,500,true
19017,500,true
19018,500,true
19019,500,true
19020,500,true
19021,500,true
19022,500,true
19023,500,true
19024,500,true
19025,500,true
19026,500,true
19027,500,true
19028,500,true
19029,500,true
19030,500,true
19031,500,true
19032,500,true
19033,500,true
19034,500,true
19035,500,true
19036,500,true
19037,500,true
19038,500,true
19039,500,true
19040,500,true
19041,500,true
19042,500,true
19043,500,true
19044,500,true
19045,500,true
19046,500,true
19047,500,true
19048,500,true
19049,500,true
19050,500,true
19051,500,true
19052,500,true
19053,200,false
19054,200,false
19055,200,false
19056,200,false
19057,200,false
19058,200,false
19059,200,false
19060,200,false
19061,200,false
19062,200,false
19063,200,false
19064,200,false
19065,200,false
19066,200,false
19067,200,false
19068,200,false
19069,200,false
19070,200,false
19071,200,false
19072,200,false
19073,200,false
19074,200,false
19075,200,false
19076,200,false
19077,200,false
19078,200,false
19079,200,false
19080,200,false
19081,200,false
19082,200,false
19083,200,false
19084,200,false
19085,200,false
19086,200,false
19087,200,false
19088,200,false
19089,200,false
19090,200,false
19091,200,false
19092,200,false
19093,200,false
19094,200,false
19095,200,false
19096,200,false
19097,200,false
19098,200,false
19099,200,false
19100,200,false
19101,200,false
19102,200,false
19103,200,false
19104,200,false
19105,200,false
19106,200,false
19107,200,false
19108,200,false
19109,200,false
19110,200,false
19111,200,false
19112,200,false
19113,200,false
19114,200,false
19115,200,false
19116,200,false
19117,200,false
19118,200,false
19119,200,false
19120,200,false
19121,200,false
19122,200,false
19123,200,false
19124,200,false
19125,200,false
19126,200,false
19127,200,false
19128,200,false
19129,200,false
19130,200,false
19131,200,false
19132,200,false
19133,200,false
19134,200,false
19135,200,false
19136,200,false
19137,200,false
19138,200,false
19139,200,false
19140,200,false
19141,200,false
19142,200,false
19143,200,false
19144,200,false
19145,200,false
19146,200,false
19147,200,false
19148,200,false
19149,200,false
19150,200,false
19151,200,false
19152,200,false
19153,200,false
19154,200,false
19155,200,false
19156,200,false
19157,200,false
19158,200,false
19159,200,false
19160,200,false
19161,200,false
19162,200,false
19163,200,false
19164,200,false
19165,200,false
19166,200,false
19167,200,false
19168,200,false
19169,200,false
19170,200,false
19171,200,false
19172,200,false
19173,200,false
19174,200,false
19175,200,false
19176,200,false
19177,200,false
19178,200,false
19179,200,false
19180,200,false
19181,200,false
19182,200,false
19183,200,false
19184,200,false
19185,200,false
19186,200,false
19187,200,false
19188,200,false
19189,200,false
19190,200,false
19191,200,false
19192,200,false
19193,200,false
19194,200,false
19195,200,false
19196,200,false
19197,200,false
19198,200,false
19199,404,true
19200,404,true
19201,404,true
19202,404,true
19203,404,true
19204,404,true
19205,404,true
19206,404,true
19207,404,true
19208,404,true
19209,404,true
19210,404,true
19211,404,true
19212,404,true
19213,404,true
19214,404,true
19215,404,true
19216,404,true
19217,404,true
19218,404,true
19219,404,true
19220,404,true
19221,404,true
19222,404,true
19223,404,true
19224,404,true
19225,404,true
19226,404,true
19227,404,true
19228,404,true
19229,404,true
19230,404,true
19231,404,true
19232,404,true
19233,404,true
19234,404,true
19235,404,true
19236,404,true
19237,404,true
19238,404,true
19239,404,true
19240,404,true
19241,404,true
19242,404,true
19243,404,true
19244,404,true
19245,404,true
19246,404,true
19247,404,true
19248,404,true
19249,404,true
19250,404,true
19251,404,true
19252,404,true
19253,404,true
19254,404,true
19255,404,true
19256,404,true
19257,404,true
19258,404,true
19259,404,true
19260,404,true
19261,404,true
19262,404,true
19263,404,true
19264,404,true
19265,404,true
19266,404,true
19267,404,true
19268,404,true
19269,404,true
19270,404,true
19271,404,true
19272,500,true
19273,500,true
19274,500,true
19275,500,true
19276,500,true
19277,500,true
19278,500,true
19279,500,true
19280,500,true
19281,500,true
19282,500,true
19283,500,true
19284,500,true
19285,500,true
19286,500,true
19287,500,true
19288,500,true
19289,500,true
19290,500,true
19291,500,true
19292,500,true
19293,500,true
19294,500,true
19295,500,true
19296,500,true
19297,500,true
19298,500,true
19299,500,true
19300,500,true
19301,500,true
19302,500,true
19303,500,true
19304,500,true
19305,500,true
19306,500,true
19307,500,true
19308,500,true
19309,500,true
19310,500,true
19311,500,true
19312,500,true
19313,500,true
19314,500,true
19315,500,true
19316,500,true
19317,500,true
19318,500,true
19319,500,true
19320,500,true
19321,500,true
19322,500,true
19323,500,true
19324,500,true
19325,500,true
19326,500,true
19327,500,true
19328,500,true
19329,500,true
19330,500,true
19331,500,true
19332,500,true
19333,500,true
19334,500,true
19335,500,true
19336,500,true
19337,500,true
19338,500,true
19339,500,true
19340,500,true
19341,500,true
19342,500,true
19343,500,true
19344,500,true
19345,500,true
19346,500,true
19347,500,true
19348,500,true
19349,500,true
19350,500,true
19351,500,true
19352,500,true
19353,500,true
19354,500,true
19355,500,true
19356,500,true
19357,500,true
19358,500,true
19359,500,true
19360,500,true
19361,500,true
19362,500,true
19363,500,true
19364,500,true
19365,500,true
19366,500,true
19367,500,true
19368,500,true
19369,500,true
19370,500,true
19371,500,true
19372,500,true
19373,500,true
19374,500,true
19375,500,true
19376,500,true
19377,500,true
19378,500,true
19379,500,true
19380,500,true
19381,500,true
19382,500,true
19383,500,true
19384,500,true
19385,500,true
19386,500,true
19387,500,true
19388,500,true
19389,500,true
19390,500,true
19391,500,true
19392,500,true
19393,500,true
19394,500,true
19395,500,true
19396,500,true
19397,500,true
19398,500,true
19399,500,true
19400,500,true
19401,500,true
19402,500,true
19403,500,true
19404,500,true
19405,500,true
19406,500,true
19407,500,true
19408,500,true
19409,500,true
19410,500,true
19411,500,true
19412,500,true
19413,500,true
19414,500,true
19415,500,true
19416,500,true
19417,500,true
19418,500,true
19419,500,true
19420,500,true
19421,500,true
19422,500,true
19423,500,true
19424,500,true
19425,500,true
19426,500,true
19427,500,true
19428,500,true
19429,500,true
19430,500,true
19431,500,true
19432,500,true
19433,500,true
19434,500,true
19435,500,true
19436,500,true
19437,500,true
19438,500,true
19439,500,true
19440,500,true
19441,500,true
19442,500,true
19443,500,true
19444,500,true
19445,500,true
19446,500,true
19447,500,true
19448,500,true
19449,500,true
19450,500,true
19451,500,true
19452,500,true
19453,500,true
19454,500,true
19455,500,true
19456,500,true
19457,500,true
19458,500,true
19459,500,true
19460,500,true
19461,500,true
19462,500,true
19463,500,true
19464,500,true
19465,500,true
19466,500,true
19467,500,true
19468,500,true
19469,500,true
19470,500,true
19471,500,true
19472,500,true
19473,500,true
19474,500,true
19475,500,true
19476,500,true
19477,500,true
19478,500,true
19479,500,true
19480,500,true
19481,500,true
19482,500,true
19483,500,true
19484,500,true
19485,500,true
19486,500,true
19487,500,true
19488,500,true
19489,500,true
19490,500,true
19491,500,true
19492,500,true
19493,500,true
19494,500,true
19495,500,true
19496,500,true
19497,500,true
19498,500,true
19499,500,true
19500,500,true
19501,500,true
19502,500,true
19503,500,true
19504,500,true
19505,500,true
19506,500,true
19507,500,true
19508,500,true
19509,500,true
19510,500,true
19511,500,true
19512,500,true
19513,500,true
19514,500,true
19515,500,true
19516,500,true
19517,500,true
19518,500,true
19519,500,true
19520,500,true
19521,500,true
19522,500,true
19523,500,true
19524,500,true
19525,500,true
19526,500,true
19527,500,true
19528,500,true
19529,500,true
19530,500,true
19531,500,true
19532,500,true
19533,500,true
19534,500,true
19535,500,true
19536,500,true
19537,500,true
19538,500,true
19539,500,true
19540,500,true
19541,500,true
19542,500,true
19543,500,true
19544,500,true
19545,500,true
19546,500,true
19547,500,true
19548,500,true
19549,500,true
19550,500,true
19551,500,true
19552,500,true
19553,500,true
19554,500,true
19555,500,true
19556,500,true
19557,500,true
19558,500,true
19559,500,true
19560,500,true
19561,500,true
19562,500,true
19563,500,true
19564,200,false
19565,200,false
19566,200,false
19567,200,false
19568,200,false
19569,200,false
19570,200,false
19571,200,false
19572,200,false
19573,200,false
19574,200,false
19575,200,false
19576,200,false
19577,200,false
19578,200,false
19579,200,false
19580,200,false
19581,200,false
19582,200,false
19583,200,false
19584,200,false
19585,200,false
19586,200,false
19587,200,false
19588,200,false
19589,200,false
19590,200,false
19591,200,false
19592,200,false
19593,200,false
19594,200,false
19595,200,false
19596,200,false
19597,200,false
19598,200,false
19599,200,false
19600,200,false
19601,200,false
19602,200,false
19603,200,false
19604,200,false
19605,200,false
19606,200,false
19607,200,false
19608,200,false
19609,200,false
19610,200,false
19611,200,false
19612,200,false
19613,200,false
19614,200,false
19615,200,false
19616,200,false
19617,200,false
19618,200,false
19619,200,false
19620,200,false
19621,200,false
19622,200,false
19623,200,false
19624,200,false
19625,200,false
19626,200,false
19627,200,false
19628,200,false
19629,200,false
19630,200,false
19631,200,false
19632,200,false
19633,200,false
19634,200,false
19635,200,false
19636,200,false
19637,200,false
19638,200,false
19639,200,false
19640,200,false
19641,200,false
19642,200,false
19643,200,false
19644,200,false
19645,200,false
19646,200,false
19647,200,false
19648,200,false
19649,200,false
19650,200,false
19651,200,false
19652,200,false
19653,200,false
19654,200,false
19655,200,false
19656,200,false
19657,200,false
19658,200,false
19659,200,false
19660,200,false
19661,200,false
19662,200,false
19663,200,false
19664,200,false
19665,200,false
19666,200,false
19667,200,false
19668,200,false
19669,200,false
19670,200,false
19671,200,false
19672,200,false
19673,200,false
19674,200,false
19675,200,false
19676,200,false
19677,200,false
19678,200,false
19679,200,false
19680,200,false
19681,200,false
19682,200,false
19683,200,false
19684,200,false
19685,200,false
19686,200,false
19687,200,false
19688,200,false
19689,200,false
19690,200,false
19691,200,false
19692,200,false
19693,200,false
19694,200,false
19695,200,false
19696,200,false
19697,200,false
19698,200,false
19699,200,false
19700,200,false
19701,200,false
19702,200,false
19703,200,false
19704,200,false
19705,200,false
19706,200,false
19707,200,false
19708,200,false
19709,200,false
19710,200,false
19711,200,false
19712,200,false
19713,200,false
19714,200,false
19715,200,false
19716,200,false
19717,200,false
19718,200,false
19719,200,false
19720,200,false
19721,200,false
19722,200,false
19723,200,false
19724,200,false
19725,200,false
19726,200,false
19727,200,false
19728,200,false
19729,200,false
19730,200,false
19731,200,false
19732,200,false
19733,200,false
19734,200,false
19735,200,false
19736,200,false
19737,200,false
19738,200,false
19739,200,false
19740,200,false
19741,200,false
19742,200,false
19743,200,false
19744,200,false
19745,200,false
19746,200,false
19747,200,false
19748,200,false
19749,200,false
19750,200,false
19751,200,false
19752,200,false
19753,200,false
19754,200,false
19755,200,false
19756,200,false
19757,200,false
19758,200,false
19759,200,false
19760,200,false
19761,200,false
19762,200,false
19763,200,false
19764,200,false
19765,200,false
19766,200,false
19767,200,false
19768,200,false
19769,200,false
19770,200,false
19771,200,false
19772,200,false
19773,200,false
19774,200,false
19775,200,false
19776,200,false
19777,200,false
19778,200,false
19779,200,false
19780,200,false
19781,200,false
19782,200,false
19783,200,false
19784,200,false
19785,200,false
19786,200,false
19787,200,false
19788,200,false
19789,200,false
19790,200,false
19791,200,false
19792,200,false
19793,200,false
19794,200,false
19795,200,false
19796,200,false
19797,200,false
19798,200,false
19799,200,false
19800,200,false
19801,200,false
19802,200,false
19803,200,false
19804,200,false
19805,200,false
19806,200,false
19807,200,false
19808,200,false
19809,200,false
19810,200,false
19811,200,false
19812,200,false
19813,200,false
19814,200,false
19815,200,false
19816,200,false
19817,200,false
19818,200,false
19819,200,false
19820,200,false
19821,200,false
19822,200,false
19823,200,false
19824,200,false
19825,200,false
19826,200,false
19827,200,false
19828,200,false
19829,200,false
19830,200,false
19831,200,false
19832,200,false
19833,200,false
19834,200,false
19835,200,false
19836,200,false
19837,200,false
19838,200,false
19839,200,false
19840,200,false
19841,200,false
19842,200,false
19843,200,false
19844,200,false
19845,200,false
19846,200,false
19847,200,false
19848,200,false
19849,200,false
19850,200,false
19851,200,false
19852,200,false
19853,200,false
19854,200,false
19855,200,false
19856,500,true
19857,500,true
19858,500,true
19859,500,true
19860,500,true
19861,500,true
19862,500,true
19863,500,true
19864,500,true
19865,500,true
19866,500,true
19867,500,true
19868,500,true
19869,500,true
19870,500,true
19871,500,true
19872,500,true
19873,500,true
19874,500,true
19875,500,true
19876,500,true
19877,500,true
19878,500,true
19879,500,true
19880,500,true
19881,500,true
19882,500,true
19883,500,true
19884,500,true
19885,500,true
19886,500,true
19887,500,true
19888,500,true
19889,500,true
19890,500,true
19891,500,true
19892,500,true
19893,500,true
19894,500,true
19895,500,true
19896,500,true
19897,500,true
19898,500,true
19899,500,true
19900,500,true
19901,500,true
19902,500,true
19903,500,true
19904,500,true
19905,500,true
19906,500,true
19907,500,true
19908,500,true
19909,500,true
19910,500,true
19911,500,true
19912,500,true
19913,500,true
19914,500,true
19915,500,true
19916,500,true
19917,500,true
19918,500,true
19919,500,true
19920,500,true
19921,500,true
19922,500,true
19923,500,true
19924,500,true
19925,500,true
19926,500,true
19927,500,true
19928,500,true
19929,200,false
19930,200,false
19931,200,false
19932,200,false
19933,200,false
19934,200,false
19935,200,false
19936,200,false
19937,200,false
19938,200,false
19939,200,false
19940,200,false
19941,200,false
19942,200,false
19943,200,false
19944,200,false
19945,200,false
19946,200,false
19947,200,false
19948,200,false
19949,200,false
19950,200,false
19951,200,false
19952,200,false
19953,200,false
19954,200,false
19955,200,false
19956,200,false
19957,200,false
19958,200,false
19959,200,false
19960,200,false
19961,200,false
19962,200,false
19963,200,false
19964,200,false
19965,200,false
19966,200,false
19967,200,false
19968,200,false
19969,200,false
19970,200,false
19971,200,false
19972,200,false
19973,200,false
19974,200,false
19975,200,false
19976,200,false
19977,200,false
19978,200,false
19979,200,false
19980,200,false
19981,200,false
19982,200,false
19983,200,false
19984,200,false
19985,200,false
19986,200,false
19987,200,false
19988,200,false
19989,200,false
19990,200,false
19991,200,false
19992,200,false
19993,200,false
19994,200,false
19995,200,false
19996,200,false
19997,200,false
19998,200,false
19999,200,false
20000,200,false
20001,200,false
20002,200,false
20003,200,false
20004,200,false
20005,200,false
20006,200,false
20007,200,false
20008,200,false
20009,200,false
20010,200,false
20011,200,false
20012,200,false
20013,200,false
20014,200,false
20015,200,false
20016,200,false
20017,200,false
20018,200,false
20019,200,false
20020,200,false
20021,200,false
20022,200,false
20023,200,false
20024,200,false
20025,200,false
20026,200,false
20027,200,false
20028,200,false
20029,200,false
20030,200,false
20031,200,false
20032,200,false
20033,200,false
20034,200,false
20035,200,false
20036,200,false
20037,200,false
20038,200,false
20039,200,false
20040,200,false
20041,200,false
20042,200,false
20043,200,false
20044,200,false
20045,200,false
20046,200,false
20047,200,false
20048,200,false
20049,200,false
20050,200,false
20051,200,false
20052,200,false
20053,200,false
20054,200,false
20055,200,false
20056,200,false
20057,200,false
20058,200,false
20059,200,false
20060,200,false
20061,200,false
20062,200,false
20063,200,false
20064,200,false
20065,200,false
20066,200,false
20067,200,false
20068,200,false
20069,200,false
20070,200,false
20071,200,false
20072,200,false
20073,200,false
20074,200,false
20075,200,false
20076,200,false
20077,200,false
20078,200,false
20079,200,false
20080,200,false
20081,200,false
20082,200,false
20083,200,false
20084,200,false
20085,200,false
20086,200,false
20087,200,false
20088,200,false
20089,200,false
20090,200,false
20091,200,false
20092,200,false
20093,200,false
20094,200,false
20095,200,false
20096,200,false
20097,200,false
20098,200,false
20099,200,false
20100,200,false
20101,200,false
20102,200,false
20103,200,false
20104,200,false
20105,200,false
20106,200,false
20107,200,false
20108,200,false
20109,200,false
20110,200,false
20111,200,false
20112,200,false
20113,200,false
20114,200,false
20115,200,false
20116,200,false
20117,200,false
20118,200,false
20119,200,false
20120,200,false
20121,200,false
20122,200,false
20123,200,false
20124,200,false
20125,200,false
20126,200,false
20127,200,false
20128,200,false
20129,200,false
20130,200,false
20131,200,false
20132,200,false
20133,200,false
20134,200,false
20135,200,false
20136,200,false
20137,200,false
20138,200,false
20139,200,false
20140,200,false
20141,200,false
20142,200,false
20143,200,false
20144,200,false
20145,200,false
20146,200,false
20147,200,false
20148,200,false
20149,200,false
20150,200,false
20151,200,false
20152,200,false
20153,200,false
20154,200,false
20155,200,false
20156,200,false
20157,200,false
20158,200,false
20159,200,false
20160,200,false
20161,200,false
20162,200,false
20163,200,false
20164,200,false
20165,200,false
20166,200,false
20167,200,false
20168,200,false
20169,200,false
20170,200,false
20171,200,false
20172,200,false
20173,200,false
20174,200,false
20175,200,false
20176,200,false
20177,200,false
20178,200,false
20179,200,false
20180,200,false
20181,200,false
20182,200,false
20183,200,false
20184,200,false
20185,200,false
20186,200,false
20187,200,false
20188,200,false
20189,200,false
20190,200,false
20191,200,false
20192,200,false
20193,200,false
20194,200,false
20195,200,false
20196,200,false
20197,200,false
20198,200,false
20199,200,false
20200,200,false
20201,200,false
20202,200,false
20203,200,false
20204,200,false
20205,200,false
20206,200,false
20207,200,false
20208,200,false
20209,200,false
20210,200,false
20211,200,false
20212,200,false
20213,200,false
20214,200,false
20215,200,false
20216,200,false
20217,200,false
20218,200,false
20219,200,false
20220,200,false
20221,200,false
20222,200,false
20223,200,false
20224,200,false
20225,200,false
20226,200,false
20227,200,false
20228,200,false
20229,200,false
20230,200,false
20231,200,false
20232,200,false
20233,200,false
20234,200,false
20235,200,false
20236,200,false
20237,200,false
20238,200,false
20239,200,false
20240,200,false
20241,200,false
20242,200,false
20243,200,false
20244,200,false
20245,200,false
20246,200,false
20247,200,false
20248,200,false
20249,200,false
20250,200,false
20251,200,false
20252,200,false
20253,200,false
20254,200,false
20255,200,false
20256,200,false
20257,200,false
20258,200,false
20259,200,false
20260,200,false
20261,200,false
20262,200,false
20263,200,false
20264,200,false
20265,200,false
20266,200,false
20267,200,false
20268,200,false
20269,200,false
20270,200,false
20271,200,false
20272,200,false
20273,200,false
20274,200,false
20275,200,false
20276,200,false
20277,200,false
20278,200,false
20279,200,false
20280,200,false
20281,200,false
20282,200,false
20283,200,false
20284,200,false
20285,200,false
20286,200,false
20287,200,false
20288,200,false
20289,200,false
20290,200,false
20291,200,false
20292,200,false
20293,200,false
20294,200,false
20295,200,false
20296,200,false
20297,200,false
20298,200,false
20299,200,false
20300,200,false
20301,200,false
20302,200,false
20303,200,false
20304,200,false
20305,200,false
20306,200,false
20307,200,false
20308,200,false
20309,200,false
20310,200,false
20311,200,false
20312,200,false
20313,200,false
20314,200,false
20315,200,false
20316,200,false
20317,200,false
20318,200,false
20319,200,false
20320,200,false
20321,200,false
20322,200,false
20323,200,false
20324,200,false
20325,200,false
20326,200,false
20327,200,false
20328,200,false
20329,200,false
20330,200,false
20331,200,false
20332,200,false
20333,200,false
20334,200,false
20335,200,false
20336,200,false
20337,200,false
20338,200,false
20339,200,false
20340,200,false
20341,200,false
20342,200,false
20343,200,false
20344,200,false
20345,200,false
20346,200,false
20347,200,false
20348,200,false
20349,200,false
20350,200,false
20351,200,false
20352,200,false
20353,200,false
20354,200,false
20355,200,false
20356,200,false
20357,200,false
20358,200,false
20359,200,false
20360,200,false
20361,200,false
20362,200,false
20363,200,false
20364,200,false
20365,200,false
20366,200,false
20367,200,false
20368,200,false
20369,200,false
20370,200,false
20371,200,false
20372,200,false
20373,200,false
20374,200,false
20375,200,false
20376,200,false
20377,200,false
20378,200,false
20379,200,false
20380,200,false
20381,200,false
20382,200,false
20383,200,false
20384,200,false
20385,200,false
20386,200,false
20387,200,false
20388,200,false
20389,200,false
20390,200,false
20391,200,false
20392,200,false
20393,200,false
20394,200,false
20395,200,false
20396,200,false
20397,200,false
20398,200,false
20399,200,false
20400,200,false
20401,200,false
20402,200,false
20403,200,false
20404,200,false
20405,200,false
20406,200,false
20407,200,false
20408,200,false
20409,200,false
20410,200,false
20411,200,false
20412,200,false
20413,200,false
20414,200,false
20415,200,false
20416,200,false
20417,200,false
20418,200,false
20419,200,false
20420,200,false
20421,200,false
20422,200,false
20423,200,false
20424,200,false
20425,200,false
20426,200,false
20427,200,false
20428,200,false
20429,200,false
20430,200,false
20431,200,false
20432,200,false
20433,200,false
20434,200,false
20435,200,false
20436,200,false
20437,200,false
20438,200,false
20439,200,false
20440,200,false
20441,200,false
20442,200,false
20443,200,false
20444,200,false
20445,200,false
20446,200,false
20447,200,false
20448,200,false
20449,200,false
20450,200,false
20451,200,false
20452,200,false
20453,200,false
20454,200,false
20455,200,false
20456,200,false
20457,200,false
20458,200,false
20459,200,false
20460,200,false
20461,200,false
20462,200,false
20463,200,false
20464,200,false
20465,200,false
20466,200,false
20467,200,false
20468,200,false
20469,200,false
20470,200,false
20471,200,false
20472,200,false
20473,200,false
20474,200,false
20475,200,false
20476,200,false
20477,200,false
20478,200,false
20479,200,false
20480,200,false
20481,200,false
20482,200,false
20483,200,false
20484,200,false
20485,200,false
20486,200,false
20487,200,false
20488,200,false
20489,200,false
20490,200,false
20491,200,false
20492,200,false
20493,200,false
20494,200,false
20495,200,false
20496,200,false
20497,200,false
20498,200,false
20499,200,false
20500,200,false
20501,200,false
20502,200,false
20503,200,false
20504,200,false
20505,200,false
20506,200,false
20507,200,false
20508,200,false
20509,200,false
20510,200,false
20511,200,false
20512,200,false
20513,200,false
20514,200,false
20515,200,false
20516,200,false
20517,200,false
20518,200,false
20519,200,false
20520,200,false
20521,200,false
20522,200,false
20523,200,false
20524,200,false
20525,200,false
20526,200,false
20527,200,false
20528,200,false
20529,200,false
20530,200,false
20531,200,false
20532,200,false
20533,200,false
20534,200,false
20535,200,false
20536,200,false
20537,200,false
20538,200,false
20539,200,false
20540,200,false
20541,200,false
20542,200,false
20543,200,false
20544,200,false
20545,200,false
20546,200,false
20547,200,false
20548,200,false
20549,200,false
20550,200,false
20551,200,false
20552,200,false
20553,200,false
20554,200,false
20555,200,false
20556,200,false
20557,200,false
20558,200,false
20559,200,false
20560,200,false
20561,200,false
20562,200,false
20563,200,false
20564,200,false
20565,200,false
20566,200,false
20567,200,false
20568,200,false
20569,200,false
20570,200,false
20571,200,false
20572,200,false
20573,200,false
20574,200,false
20575,200,false
20576,200,false
20577,200,false
20578,200,false
20579,200,false
20580,200,false
20581,200,false
20582,200,false
20583,200,false
20584,200,false
20585,200,false
20586,200,false
20587,200,false
20588,200,false
20589,200,false
20590,200,false
20591,200,false
20592,200,false
20593,200,false
20594,200,false
20595,200,false
20596,200,false
20597,200,false
20598,200,false
20599,200,false
20600,200,false
20601,200,false
20602,200,false
20603,200,false
20604,200,false
20605,200,false
20606,200,false
20607,200,false
20608,200,false
20609,200,false
20610,200,false
20611,200,false
20612,200,false
20613,200,false
20614,200,false
20615,200,false
20616,200,false
20617,200,false
20618,200,false
20619,200,false
20620,200,false
20621,200,false
20622,200,false
20623,200,false
20624,200,false
20625,200,false
20626,200,false
20627,200,false
20628,200,false
20629,200,false
20630,200,false
20631,200,false
20632,200,false
20633,200,false
20634,200,false
20635,200,false
20636,200,false
20637,200,false
20638,200,false
20639,200,false
20640,200,false
20641,200,false
20642,200,false
20643,200,false
20644,200,false
20645,200,false
20646,200,false
20647,200,false
20648,200,false
20649,200,false
20650,200,false
20651,200,false
20652,200,false
20653,200,false
20654,200,false
20655,200,false
20656,200,false
20657,200,false
20658,200,false
20659,200,false
20660,200,false
20661,200,false
20662,200,false
20663,200,false
20664,200,false
20665,200,false
20666,200,false
20667,200,false
20668,200,false
20669,200,false
20670,200,false
20671,200,false
20672,200,false
20673,200,false
20674,200,false
20675,200,false
20676,200,false
20677,200,false
20678,200,false
20679,200,false
20680,200,false
20681,200,false
20682,200,false
20683,200,false
20684,200,false
20685,200,false
20686,200,false
20687,200,false
20688,200,false
20689,200,false
20690,200,false
20691,200,false
20692,200,false
20693,200,false
20694,200,false
20695,200,false
20696,200,false
20697,200,false
20698,200,false
20699,200,false
20700,200,false
20701,200,false
20702,200,false
20703,200,false
20704,200,false
20705,200,false
20706,200,false
20707,200,false
20708,200,false
20709,200,false
20710,200,false
20711,200,false
20712,200,false
20713,200,false
20714,200,false
20715,200,false
20716,200,false
20717,200,false
20718,200,false
20719,200,false
20720,200,false
20721,200,false
20722,200,false
20723,200,false
20724,200,false
20725,200,false
20726,200,false
20727,200,false
20728,200,false
20729,200,false
20730,200,false
20731,200,false
20732,200,false
20733,200,false
20734,200,false
20735,200,false
20736,200,false
20737,200,false
20738,200,false
20739,200,false
20740,200,false
20741,200,false
20742,200,false
20743,200,false
20744,200,false
20745,200,false
20746,200,false
20747,200,false
20748,200,false
20749,200,false
20750,200,false
20751,200,false
20752,200,false
20753,200,false
20754,200,false
20755,200,false
20756,200,false
20757,200,false
20758,200,false
20759,200,false
20760,200,false
20761,200,false
20762,200,false
20763,200,false
20764,200,false
20765,200,false
20766,200,false
20767,200,false
20768,200,false
20769,200,false
20770,200,false
20771,200,false
20772,200,false
20773,200,false
20774,200,false
20775,200,false
20776,200,false
20777,200,false
20778,200,false
20779,200,false
20780,200,false
20781,200,false
20782,200,false
20783,200,false
20784,200,false
20785,200,false
20786,200,false
20787,200,false
20788,200,false
20789,200,false
20790,200,false
20791,200,false
20792,200,false
20793,200,false
20794,200,false
20795,200,false
20796,200,false
20797,200,false
20798,200,false
20799,200,false
20800,200,false
20801,200,false
20802,200,false
20803,200,false
20804,200,false
20805,200,false
20806,200,false
20807,200,false
20808,200,false
20809,200,false
20810,200,false
20811,200,false
20812,200,false
20813,200,false
20814,200,false
20815,200,false
20816,200,false
20817,200,false
20818,200,false
20819,200,false
20820,200,false
20821,200,false
20822,200,false
20823,200,false
20824,200,false
20825,200,false
20826,200,false
20827,200,false
20828,200,false
20829,200,false
20830,200,false
20831,200,false
20832,200,false
20833,200,false
20834,200,false
20835,200,false
20836,200,false
20837,200,false
20838,200,false
20839,200,false
20840,200,false
20841,200,false
20842,200,false
20843,200,false
20844,200,false
20845,200,false
20846,200,false
20847,200,false
20848,200,false
20849,200,false
20850,200,false
20851,200,false
20852,200,false
20853,200,false
20854,200,false
20855,200,false
20856,200,false
20857,200,false
20858,200,false
20859,200,false
20860,200,false
20861,200,false
20862,200,false
20863,200,false
20864,200,false
20865,200,false
20866,200,false
20867,200,false
20868,200,false
20869,200,false
20870,200,false
20871,200,false
20872,200,false
20873,200,false
20874,200,false
20875,200,false
20876,200,false
20877,200,false
20878,404,true
20879,404,true
20880,404,true
20881,404,true
20882,404,true
20883,404,true
20884,404,true
20885,404,true
20886,404,true
20887,404,true
20888,404,true
20889,404,true
20890,404,true
20891,404,true
20892,404,true
20893,404,true
20894,404,true
20895,404,true
20896,404,true
20897,404,true
20898,404,true
20899,404,true
20900,404,true
20901,404,true
20902,404,true
20903,404,true
20904,404,true
20905,404,true
20906,404,true
20907,404,true
20908,404,true
20909,404,true
20910,404,true
20911,404,true
20912,404,true
20913,404,true
20914,404,true
20915,404,true
20916,404,true
20917,404,true
20918,404,true
20919,404,true
20920,404,true
20921,404,true
20922,404,true
20923,404,true
20924,404,true
20925,404,true
20926,404,true
20927,404,true
20928,404,true
20929,404,true
20930,404,true
20931,404,true
20932,404,true
20933,404,true
20934,404,true
20935,404,true
20936,404,true
20937,404,true
20938,404,true
20939,404,true
20940,404,true
20941,404,true
20942,404,true
20943,404,true
20944,404,true
20945,404,true
20946,404,true
20947,404,true
20948,404,true
20949,404,true
20950,404,true
20951,200,false
20952,200,false
20953,200,false
20954,200,false
20955,200,false
20956,200,false
20957,200,false
20958,200,false
20959,200,false
20960,200,false
20961,200,false
20962,200,false
20963,200,false
20964,200,false
20965,200,false
20966,200,false
20967,200,false
20968,200,false
20969,200,false
20970,200,false
20971,200,false
20972,200,false
20973,200,false
20974,200,false
20975,200,false
20976,200,false
20977,200,false
20978,200,false
20979,200,false
20980,200,false
20981,200,false
20982,200,false
20983,200,false
20984,200,false
20985,200,false
20986,200,false
20987,200,false
20988,200,false
20989,200,false
20990,200,false
20991,200,false
20992,200,false
20993,200,false
20994,200,false
20995,200,false
20996,200,false
20997,200,false
20998,200,false
20999,200,false
21000,200,false
21001,200,false
21002,200,false
21003,200,false
21004,200,false
21005,200,false
21006,200,false
21007,200,false
21008,200,false
21009,200,false
21010,200,false
21011,200,false
21012,200,false
21013,200,false
21014,200,false
21015,200,false
21016,200,false
21017,200,false
21018,200,false
21019,200,false
21020,200,false
21021,200,false
21022,200,false
21023,200,false
21024,200,false
21025,200,false
21026,200,false
21027,200,false
21028,200,false
21029,200,false
21030,200,false
21031,200,false
21032,200,false
21033,200,false
21034,200,false
21035,200,false
21036,200,false
21037,200,false
21038,200,false
21039,200,false
21040,200,false
21041,200,false
21042,200,false
21043,200,false
21044,200,false
21045,200,false
21046,200,false
21047,200,false
21048,200,false
21049,200,false
21050,200,false
21051,200,false
21052,200,false
21053,200,false
21054,200,false
21055,200,false
21056,200,false
21057,200,false
21058,200,false
21059,200,false
21060,200,false
21061,200,false
21062,200,false
21063,200,false
21064,200,false
21065,200,false
21066,200,false
21067,200,false
21068,200,false
21069,200,false
21070,200,false
21071,200,false
21072,200,false
21073,200,false
21074,200,false
21075,200,false
21076,200,false
21077,200,false
21078,200,false
21079,200,false
21080,200,false
21081,200,false
21082,200,false
21083,200,false
21084,200,false
21085,200,false
21086,200,false
21087,200,false
21088,200,false
21089,200,false
21090,200,false
21091,200,false
21092,200,false
21093,200,false
21094,200,false
21095,200,false
21096,200,false
21097,200,false
21098,200,false
21099,200,false
21100,200,false
21101,200,false
21102,200,false
21103,200,false
21104,200,false
21105,200,false
21106,200,false
21107,200,false
21108,200,false
21109,200,false
21110,200,false
21111,200,false
21112,200,false
21113,200,false
21114,200,false
21115,200,false
21116,200,false
21117,200,false
21118,200,false
21119,200,false
21120,200,false
21121,200,false
21122,200,false
21123,200,false
21124,200,false
21125,200,false
21126,200,false
21127,200,false
21128,200,false
21129,200,false
21130,200,false
21131,200,false
21132,200,false
21133,200,false
21134,200,false
21135,200,false
21136,200,false
21137,200,false
21138,200,false
21139,200,false
21140,200,false
21141,200,false
21142,200,false
21143,200,false
21144,200,false
21145,200,false
21146,200,false
21147,200,false
21148,200,false
21149,200,false
21150,200,false
21151,200,false
21152,200,false
21153,200,false
21154,200,false
21155,200,false
21156,200,false
21157,200,false
21158,200,false
21159,200,false
21160,200,false
21161,200,false
21162,200,false
21163,200,false
21164,200,false
21165,200,false
21166,200,false
21167,200,false
21168,200,false
21169,200,false
21170,404,true
21171,404,true
21172,404,true
21173,404,true
21174,404,true
21175,404,true
21176,404,true
21177,404,true
21178,404,true
21179,404,true
21180,404,true
21181,404,true
21182,404,true
21183,404,true
21184,404,true
21185,404,true
21186,404,true
21187,404,true
21188,404,true
21189,404,true
21190,404,true
21191,404,true
21192,404,true
21193,404,true
21194,404,true
21195,404,true
21196,404,true
21197,404,true
21198,404,true
21199,404,true
21200,404,true
21201,404,true
21202,404,true
21203,404,true
21204,404,true
21205,404,true
21206,404,true
21207,404,true
21208,404,true
21209,404,true
21210,404,true
21211,404,true
21212,404,true
21213,404,true
21214,404,true
21215,404,true
21216,404,true
21217,404,true
21218,404,true
21219,404,true
21220,404,true
21221,404,true
21222,404,true
21223,404,true
21224,404,true
21225,404,true
21226,404,true
21227,404,true
21228,404,true
21229,404,true
21230,404,true
21231,404,true
21232,404,true
21233,404,true
21234,404,true
21235,404,true
21236,404,true
21237,404,true
21238,404,true
21239,404,true
21240,404,true
21241,404,true
21242,404,true
21243,200,false
21244,200,false
21245,200,false
21246,200,false
21247,200,false
21248,200,false
21249,200,false
21250,200,false
21251,200,false
21252,200,false
21253,200,false
21254,200,false
21255,200,false
21256,200,false
21257,200,false
21258,200,false
21259,200,false
21260,200,false
21261,200,false
21262,200,false
21263,200,false
21264,200,false
21265,200,false
21266,200,false
21267,200,false
21268,200,false
21269,200,false
21270,200,false
21271,200,false
21272,200,false
21273,200,false
21274,200,false
21275,200,false
21276,200,false
21277,200,false
21278,200,false
21279,200,false
21280,200,false
21281,200,false
21282,200,false
21283,200,false
21284,200,false
21285,200,false
21286,200,false
21287,200,false
21288,200,false
21289,200,false
21290,200,false
21291,200,false
21292,200,false
21293,200,false
21294,200,false
21295,200,false
21296,200,false
21297,200,false
21298,200,false
21299,200,false
21300,200,false
21301,200,false
21302,200,false
21303,200,false
21304,200,false
21305,200,false
21306,200,false
21307,200,false
21308,200,false
21309,200,false
21310,200,false
21311,200,false
21312,200,false
21313,200,false
21314,200,false
21315,200,false
21316,404,true
21317,404,true
21318,404,true
21319,404,true
21320,404,true
21321,404,true
21322,404,true
21323,404,true
21324,404,true
21325,404,true
21326,404,true
21327,404,true
21328,404,true
21329,404,true
21330,404,true
21331,404,true
21332,404,true
21333,404,true
21334,404,true
21335,404,true
21336,404,true
21337,404,true
21338,404,true
21339,404,true
21340,404,true
21341,404,true
21342,404,true
21343,404,true
21344,404,true
21345,404,true
21346,404,true
21347,404,true
21348,404,true
21349,404,true
21350,404,true
21351,404,true
21352,404,true
21353,404,true
21354,404,true
21355,404,true
21356,404,true
21357,404,true
21358,404,true
21359,404,true
21360,404,true
21361,404,true
21362,404,true
21363,404,true
21364,404,true
21365,404,true
21366,404,true
21367,404,true
21368,404,true
21369,404,true
21370,404,true
21371,404,true
21372,404,true
21373,404,true
21374,404,true
21375,404,true
21376,404,true
21377,404,true
21378,404,true
21379,404,true
21380,404,true
21381,404,true
21382,404,true
21383,404,true
21384,404,true
21385,404,true
21386,404,true
21387,404,true
21388,404,true
21389,404,true
21390,404,true
21391,404,true
21392,404,true
21393,404,true
21394,404,true
21395,404,true
21396,404,true
21397,404,true
21398,404,true
21399,404,true
21400,404,true
21401,404,true
21402,404,true
21403,404,true
21404,404,true
21405,404,true
21406,404,true
21407,404,true
21408,404,true
21409,404,true
21410,404,true
21411,404,true
21412,404,true
21413,404,true
21414,404,true
21415,404,true
21416,404,true
21417,404,true
21418,404,true
21419,404,true
21420,404,true
21421,404,true
21422,404,true
21423,404,true
21424,404,true
21425,404,true
21426,404,true
21427,404,true
21428,404,true
21429,404,true
21430,404,true
21431,404,true
21432,404,true
21433,404,true
21434,404,true
21435,404,true
21436,404,true
21437,404,true
21438,404,true
21439,404,true
21440,404,true
21441,404,true
21442,404,true
21443,404,true
21444,404,true
21445,404,true
21446,404,true
21447,404,true
21448,404,true
21449,404,true
21450,404,true
21451,404,true
21452,404,true
21453,404,true
21454,404,true
21455,404,true
21456,404,true
21457,404,true
21458,404,true
21459,404,true
21460,404,true
21461,404,true
21462,200,false
21463,200,false
21464,200,false
21465,200,false
21466,200,false
21467,200,false
21468,200,false
21469,200,false
21470,200,false
21471,200,false
21472,200,false
21473,200,false
21474,200,false
21475,200,false
21476,200,false
21477,200,false
21478,200,false
21479,200,false
21480,200,false
21481,200,false
21482,200,false
21483,200,false
21484,200,false
21485,200,false
21486,200,false
21487,200,false
21488,200,false
21489,200,false
21490,200,false
21491,200,false
21492,200,false
21493,200,false
21494,200,false
21495,200,false
21496,200,false
21497,200,false
21498,200,false
21499,200,false
21500,200,false
21501,200,false
21502,200,false
21503,200,false
21504,200,false
21505,200,false
21506,200,false
21507,200,false
21508,200,false
21509,200,false
21510,200,false
21511,200,false
21512,200,false
21513,200,false
21514,200,false
21515,200,false
21516,200,false
21517,200,false
21518,200,false
21519,200,false
21520,200,false
21521,200,false
21522,200,false
21523,200,false
21524,200,false
21525,200,false
21526,200,false
21527,200,false
21528,200,false
21529,200,false
21530,200,false
21531,200,false
21532,200,false
21533,200,false
21534,200,false
21535,200,false
21536,200,false
21537,200,false
21538,200,false
21539,200,false
21540,200,false
21541,200,false
21542,200,false
21543,200,false
21544,200,false
21545,200,false
21546,200,false
21547,200,false
21548,200,false
21549,200,false
21550,200,false
21551,200,false
21552,200,false
21553,200,false
21554,200,false
21555,200,false
21556,200,false
21557,200,false
21558,200,false
21559,200,false
21560,200,false
21561,200,false
21562,200,false
21563,200,false
21564,200,false
21565,200,false
21566,200,false
21567,200,false
21568,200,false
21569,200,false
21570,200,false
21571,200,false
21572,200,false
21573,200,false
21574,200,false
21575,200,false
21576,200,false
21577,200,false
21578,200,false
21579,200,false
21580,200,false
21581,200,false
21582,200,false
21583,200,false
21584,200,false
21585,200,false
21586,200,false
21587,200,false
21588,200,false
21589,200,false
21590,200,false
21591,200,false
21592,200,false
21593,200,false
21594,200,false
21595,200,false
21596,200,false
21597,200,false
21598,200,false
21599,200,false
21600,200,false
21601,200,false
21602,200,false
21603,200,false
21604,200,false
21605,200,false
21606,200,false
21607,200,false
21608,404,true
21609,404,true
21610,404,true
21611,404,true
21612,404,true
21613,404,true
21614,404,true
21615,404,true
21616,404,true
21617,404,true
21618,404,true
21619,404,true
21620,404,true
21621,404,true
21622,404,true
21623,404,true
21624,404,true
21625,404,true
21626,404,true
21627,404,true
21628,404,true
21629,404,true
21630,404,true
21631,404,true
21632,404,true
21633,404,true
21634,404,true
21635,404,true
21636,404,true
21637,404,true
21638,404,true
21639,404,true
21640,404,true
21641,404,true
21642,404,true
21643,404,true
21644,404,true
21645,404,true
21646,404,true
21647,404,true
21648,404,true
21649,404,true
21650,404,true
21651,404,true
21652,404,true
21653,404,true
21654,404,true
21655,404,true
21656,404,true
21657,404,true
21658,404,true
21659,404,true
21660,404,true
21661,404,true
21662,404,true
21663,404,true
21664,404,true
21665,404,true
21666,404,true
21667,404,true
21668,404,true
21669,404,true
21670,404,true
21671,404,true
21672,404,true
21673,404,true
21674,404,true
21675,404,true
21676,404,true
21677,404,true
21678,404,true
21679,404,true
21680,404,true
21681,200,false
21682,200,false
21683,200,false
21684,200,false
21685,200,false
21686,200,false
21687,200,false
21688,200,false
21689,200,false
21690,200,false
21691,200,false
21692,200,false
21693,200,false
21694,200,false
21695,200,false
21696,200,false
21697,200,false
21698,200,false
21699,200,false
21700,200,false
21701,200,false
21702,200,false
21703,200,false
21704,200,false
21705,200,false
21706,200,false
21707,200,false
21708,200,false
21709,200,false
21710,200,false
21711,200,false
21712,200,false
21713,200,false
21714,200,false
21715,200,false
21716,200,false
21717,200,false
21718,200,false
21719,200,false
21720,200,false
21721,200,false
21722,200,false
21723,200,false
21724,200,false
21725,200,false
21726,200,false
21727,200,false
21728,200,false
21729,200,false
21730,200,false
21731,200,false
21732,200,false
21733,200,false
21734,200,false
21735,200,false
21736,200,false
21737,200,false
21738,200,false
21739,200,false
21740,200,false
21741,200,false
21742,200,false
21743,200,false
21744,200,false
21745,200,false
21746,200,false
21747,200,false
21748,200,false
21749,200,false
21750,200,false
21751,200,false
21752,200,false
21753,200,false
21754,200,false
21755,200,false
21756,200,false
21757,200,false
21758,200,false
21759,200,false
21760,200,false
21761,200,false
21762,200,false
21763,200,false
21764,200,false
21765,200,false
21766,200,false
21767,200,false
21768,200,false
21769,200,false
21770,200,false
21771,200,false
21772,200,false
21773,200,false
21774,200,false
21775,200,false
21776,200,false
21777,200,false
21778,200,false
21779,200,false
21780,200,false
21781,200,false
21782,200,false
21783,200,false
21784,200,false
21785,200,false
21786,200,false
21787,200,false
21788,200,false
21789,200,false
21790,200,false
21791,200,false
21792,200,false
21793,200,false
21794,200,false
21795,200,false
21796,200,false
21797,200,false
21798,200,false
21799,200,false
21800,200,false
21801,200,false
21802,200,false
21803,200,false
21804,200,false
21805,200,false
21806,200,false
21807,200,false
21808,200,false
21809,200,false
21810,200,false
21811,200,false
21812,200,false
21813,200,false
21814,200,false
21815,200,false
21816,200,false
21817,200,false
21818,200,false
21819,200,false
21820,200,false
21821,200,false
21822,200,false
21823,200,false
21824,200,false
21825,200,false
21826,200,false
21827,500,true
21828,500,true
21829,500,true
21830,500,true
21831,500,true
21832,500,true
21833,500,true
21834,500,true
21835,500,true
21836,500,true
21837,500,true
21838,500,true
21839,500,true
21840,500,true
21841,500,true
21842,500,true
21843,500,true
21844,500,true
21845,500,true
21846,500,true
21847,500,true
21848,500,true
21849,500,true
21850,500,true
21851,500,true
21852,500,true
21853,500,true
21854,500,true
21855,500,true
21856,500,true
21857,500,true
21858,500,true
21859,500,true
21860,500,true
21861,500,true
21862,500,true
21863,500,true
21864,500,true
21865,500,true
21866,500,true
21867,500,true
21868,500,true
21869,500,true
21870,500,true
21871,500,true
21872,500,true
21873,500,true
21874,500,true
21875,500,true
21876,500,true
21877,500,true
21878,500,true
21879,500,true
21880,500,true
21881,500,true
21882,500,true
21883,500,true
21884,500,true
21885,500,true
21886,500,true
21887,500,true
21888,500,true
21889,500,true
21890,500,true
21891,500,true
21892,500,true
21893,500,true
21894,500,true
21895,500,true
21896,500,true
21897,500,true
21898,500,true
21899,500,true
21900,200,false
21901,200,false
21902,200,false
21903,200,false
21904,200,false
21905,200,false
21906,200,false
21907,200,false
21908,200,false
21909,200,false
21910,200,false
21911,200,false
21912,200,false
21913,200,false
21914,200,false
21915,200,false
21916,200,false
21917,200,false
21918,200,false
21919,200,false
21920,200,false
21921,200,false
21922,200,false
21923,200,false
21924,200,false
21925,200,false
21926,200,false
21927,200,false
21928,200,false
21929,200,false
21930,200,false
21931,200,false
21932,200,false
21933,200,false
21934,200,false
21935,200,false
21936,200,false
21937,200,false
21938,200,false
21939,200,false
21940,200,false
21941,200,false
21942,200,false
21943,200,false
21944,200,false
21945,200,false
21946,200,false
21947,200,false
21948,200,false
21949,200,false
21950,200,false
21951,200,false
21952,200,false
21953,200,false
21954,200,false
21955,200,false
21956,200,false
21957,200,false
21958,200,false
21959,200,false
21960,200,false
21961,200,false
21962,200,false
21963,200,false
21964,200,false
21965,200,false
21966,200,false
21967,200,false
21968,200,false
21969,200,false
21970,200,false
21971,200,false
21972,200,false
21973,500,true
21974,500,true
21975,500,true
21976,500,true
21977,500,true
21978,500,true
21979,500,true
21980,500,true
21981,500,true
21982,500,true
21983,500,true
21984,500,true
21985,500,true
21986,500,true
21987,500,true
21988,500,true
21989,500,true
21990,500,true
21991,500,true
21992,500,true
21993,500,true
21994,500,true
21995,500,true
21996,500,true
21997,500,true
21998,500,true
21999,500,true
22000,500,true
22001,500,true
22002,500,true
22003,500,true
22004,500,true
22005,500,true
22006,500,true
22007,500,true
22008,500,true
22009,500,true
22010,500,true
22011,500,true
22012,500,true
22013,500,true
22014,500,true
22015,500,true
22016,500,true
22017,500,true
22018,500,true
22019,500,true
22020,500,true
22021,500,true
22022,500,true
22023,500,true
22024,500,true
22025,500,true
22026,500,true
22027,500,true
22028,500,true
22029,500,true
22030,500,true
22031,500,true
22032,500,true
22033,500,true
22034,500,true
22035,500,true
22036,500,true
22037,500,true
22038,500,true
22039,500,true
22040,500,true
22041,500,true
22042,500,true
22043,500,true
22044,500,true
22045,500,true
22046,200,false
22047,200,false
22048,200,false
22049,200,false
22050,200,false
22051,200,false
22052,200,false
22053,200,false
22054,200,false
22055,200,false
22056,200,false
22057,200,false
22058,200,false
22059,200,false
22060,200,false
22061,200,false
22062,200,false
22063,200,false
22064,200,false
22065,200,false
22066,200,false
22067,200,false
22068,200,false
22069,200,false
22070,200,false
22071,200,false
22072,200,false
22073,200,false
22074,200,false
22075,200,false
22076,200,false
22077,200,false
22078,200,false
22079,200,false
22080,200,false
22081,200,false
22082,200,false
22083,200,false
22084,200,false
22085,200,false
22086,200,false
22087,200,false
22088,200,false
22089,200,false
22090,200,false
22091,200,false
22092,200,false
22093,200,false
22094,200,false
22095,200,false
22096,200,false
22097,200,false
22098,200,false
22099,200,false
22100,200,false
22101,200,false
22102,200,false
22103,200,false
22104,200,false
22105,200,false
22106,200,false
22107,200,false
22108,200,false
22109,200,false
22110,200,false
22111,200,false
22112,200,false
22113,200,false
22114,200,false
22115,200,false
22116,200,false
22117,200,false
22118,200,false
22119,200,false
22120,200,false
22121,200,false
22122,200,false
22123,200,false
22124,200,false
22125,200,false
22126,200,false
22127,200,false
22128,200,false
22129,200,false
22130,200,false
22131,200,false
22132,200,false
22133,200,false
22134,200,false
22135,200,false
22136,200,false
22137,200,false
22138,200,false
22139,200,false
22140,200,false
22141,200,false
22142,200,false
22143,200,false
22144,200,false
22145,200,false
22146,200,false
22147,200,false
22148,200,false
22149,200,false
22150,200,false
22151,200,false
22152,200,false
22153,200,false
22154,200,false
22155,200,false
22156,200,false
22157,200,false
22158,200,false
22159,200,false
22160,200,false
22161,200,false
22162,200,false
22163,200,false
22164,200,false
22165,200,false
22166,200,false
22167,200,false
22168,200,false
22169,200,false
22170,200,false
22171,200,false
22172,200,false
22173,200,false
22174,200,false
22175,200,false
22176,200,false
22177,200,false
22178,200,false
22179,200,false
22180,200,false
22181,200,false
22182,200,false
22183,200,false
22184,200,false
22185,200,false
22186,200,false
22187,200,false
22188,200,false
22189,200,false
22190,200,false
22191,200,false
22192,404,true
22193,404,true
22194,404,true
22195,404,true
22196,404,true
22197,404,true
22198,404,true
22199,404,true
22200,404,true
22201,404,true
22202,404,true
22203,404,true
22204,404,true
22205,404,true
22206,404,true
22207,404,true
22208,404,true
22209,404,true
22210,404,true
22211,404,true
22212,404,true
22213,404,true
22214,404,true
22215,404,true
22216,404,true
22217,404,true
22218,404,true
22219,404,true
22220,404,true
22221,404,true
22222,404,true
22223,404,true
22224,404,true
22225,404,true
22226,404,true
22227,404,true
22228,404,true
22229,404,true
22230,404,true
22231,404,true
22232,404,true
22233,404,true
22234,404,true
22235,404,true
22236,404,true
22237,404,true
22238,404,true
22239,404,true
22240,404,true
22241,404,true
22242,404,true
22243,404,true
22244,404,true
22245,404,true
22246,404,true
22247,404,true
22248,404,true
22249,404,true
22250,404,true
22251,404,true
22252,404,true
22253,404,true
22254,404,true
22255,404,true
22256,404,true
22257,404,true
22258,404,true
22259,404,true
22260,404,true
22261,404,true
22262,404,true
22263,404,true
22264,404,true
22265,200,false
22266,200,false
22267,200,false
22268,200,false
22269,200,false
22270,200,false
22271,200,false
22272,200,false
22273,200,false
22274,200,false
22275,200,false
22276,200,false
22277,200,false
22278,200,false
22279,200,false
22280,200,false
22281,200,false
22282,200,false
22283,200,false
22284,200,false
22285,200,false
22286,200,false
22287,200,false
22288,200,false
22289,200,false
22290,200,false
22291,200,false
22292,200,false
22293,200,false
22294,200,false
22295,200,false
22296,200,false
22297,200,false
22298,200,false
22299,200,false
22300,200,false
22301,200,false
22302,200,false
22303,200,false
22304,200,false
22305,200,false
22306,200,false
22307,200,false
22308,200,false
22309,200,false
22310,200,false
22311,200,false
22312,200,false
22313,200,false
22314,200,false
22315,200,false
22316,200,false
22317,200,false
22318,200,false
22319,200,false
22320,200,false
22321,200,false
22322,200,false
22323,200,false
22324,200,false
22325,200,false
22326,200,false
22327,200,false
22328,200,false
22329,200,false
22330,200,false
22331,200,false
22332,200,false
22333,200,false
22334,200,false
22335,200,false
22336,200,false
22337,200,false
22338,500,true
22339,500,true
22340,500,true
22341,500,true
22342,500,true
22343,500,true
22344,500,true
22345,500,true
22346,500,true
22347,500,true
22348,500,true
22349,500,true
22350,500,true
22351,500,true
22352,500,true
22353,500,true
22354,500,true
22355,500,true
22356,500,true
22357,500,true
22358,500,true
22359,500,true
22360,500,true
22361,500,true
22362,500,true
22363,500,true
22364,500,true
22365,500,true
22366,500,true
22367,500,true
22368,500,true
22369,500,true
22370,500,true
22371,500,true
22372,500,true
22373,500,true
22374,500,true
22375,500,true
22376,500,true
22377,500,true
22378,500,true
22379,500,true
22380,500,true
22381,500,true
22382,500,true
22383,500,true
22384,500,true
22385,500,true
22386,500,true
22387,500,true
22388,500,true
22389,500,true
22390,500,true
22391,500,true
22392,500,true
22393,500,true
22394,500,true
22395,500,true
22396,500,true
22397,500,true
22398,500,true
22399,500,true
22400,500,true
22401,500,true
22402,500,true
22403,500,true
22404,500,true
22405,500,true
22406,500,true
22407,500,true
22408,500,true
22409,500,true
22410,500,true
22411,500,true
22412,500,true
22413,500,true
22414,500,true
22415,500,true
22416,500,true
22417,500,true
22418,500,true
22419,500,true
22420,500,true
22421,500,true
22422,500,true
22423,500,true
22424,500,true
22425,500,true
22426,500,true
22427,500,true
22428,500,true
22429,500,true
22430,500,true
22431,500,true
22432,500,true
22433,500,true
22434,500,true
22435,500,true
22436,500,true
22437,500,true
22438,500,true
22439,500,true
22440,500,true
22441,500,true
22442,500,true
22443,500,true
22444,500,true
22445,500,true
22446,500,true
22447,500,true
22448,500,true
22449,500,true
22450,500,true
22451,500,true
22452,500,true
22453,500,true
22454,500,true
22455,500,true
22456,500,true
22457,500,true
22458,500,true
22459,500,true
22460,500,true
22461,500,true
22462,500,true
22463,500,true
22464,500,true
22465,500,true
22466,500,true
22467,500,true
22468,500,true
22469,500,true
22470,500,true
22471,500,true
22472,500,true
22473,500,true
22474,500,true
22475,500,true
22476,500,true
22477,500,true
22478,500,true
22479,500,true
22480,500,true
22481,500,true
22482,500,true
22483,500,true
22484,200,false
22485,200,false
22486,200,false
22487,200,false
22488,200,false
22489,200,false
22490,200,false
22491,200,false
22492,200,false
22493,200,false
22494,200,false
22495,200,false
22496,200,false
22497,200,false
22498,200,false
22499,200,false
22500,200,false
22501,200,false
22502,200,false
22503,200,false
22504,200,false
22505,200,false
22506,200,false
22507,200,false
22508,200,false
22509,200,false
22510,200,false
22511,200,false
22512,200,false
22513,200,false
22514,200,false
22515,200,false
22516,200,false
22517,200,false
22518,200,false
22519,200,false
22520,200,false
22521,200,false
22522,200,false
22523,200,false
22524,200,false
22525,200,false
22526,200,false
22527,200,false
22528,200,false
22529,200,false
22530,200,false
22531,200,false
22532,200,false
22533,200,false
22534,200,false
22535,200,false
22536,200,false
22537,200,false
22538,200,false
22539,200,false
22540,200,false
22541,200,false
22542,200,false
22543,200,false
22544,200,false
22545,200,false
22546,200,false
22547,200,false
22548,200,false
22549,200,false
22550,200,false
22551,200,false
22552,200,false
22553,200,false
22554,200,false
22555,200,false
22556,200,false
22557,200,false
22558,200,false
22559,200,false
22560,200,false
22561,200,false
22562,200,false
22563,200,false
22564,200,false
22565,200,false
22566,200,false
22567,200,false
22568,200,false
22569,200,false
22570,200,false
22571,200,false
22572,200,false
22573,200,false
22574,200,false
22575,200,false
22576,200,false
22577,200,false
22578,200,false
22579,200,false
22580,200,false
22581,200,false
22582,200,false
22583,200,false
22584,200,false
22585,200,false
22586,200,false
22587,200,false
22588,200,false
22589,200,false
22590,200,false
22591,200,false
22592,200,false
22593,200,false
22594,200,false
22595,200,false
22596,200,false
22597,200,false
22598,200,false
22599,200,false
22600,200,false
22601,200,false
22602,200,false
22603,200,false
22604,200,false
22605,200,false
22606,200,false
22607,200,false
22608,200,false
22609,200,false
22610,200,false
22611,200,false
22612,200,false
22613,200,false
22614,200,false
22615,200,false
22616,200,false
22617,200,false
22618,200,false
22619,200,false
22620,200,false
22621,200,false
22622,200,false
22623,200,false
22624,200,false
22625,200,false
22626,200,false
22627,200,false
22628,200,false
22629,200,false
22630,200,false
22631,200,false
22632,200,false
22633,200,false
22634,200,false
22635,200,false
22636,200,false
22637,200,false
22638,200,false
22639,200,false
22640,200,false
22641,200,false
22642,200,false
22643,200,false
22644,200,false
22645,200,false
22646,200,false
22647,200,false
22648,200,false
22649,200,false
22650,200,false
22651,200,false
22652,200,false
22653,200,false
22654,200,false
22655,200,false
22656,200,false
22657,200,false
22658,200,false
22659,200,false
22660,200,false
22661,200,false
22662,200,false
22663,200,false
22664,200,false
22665,200,false
22666,200,false
22667,200,false
22668,200,false
22669,200,false
22670,200,false
22671,200,false
22672,200,false
22673,200,false
22674,200,false
22675,200,false
22676,200,false
22677,200,false
22678,200,false
22679,200,false
22680,200,false
22681,200,false
22682,200,false
22683,200,false
22684,200,false
22685,200,false
22686,200,false
22687,200,false
22688,200,false
22689,200,false
22690,200,false
22691,200,false
22692,200,false
22693,200,false
22694,200,false
22695,200,false
22696,200,false
22697,200,false
22698,200,false
22699,200,false
22700,200,false
22701,200,false
22702,200,false
22703,200,false
22704,200,false
22705,200,false
22706,200,false
22707,200,false
22708,200,false
22709,200,false
22710,200,false
22711,200,false
22712,200,false
22713,200,false
22714,200,false
22715,200,false
22716,200,false
22717,200,false
22718,200,false
22719,200,false
22720,200,false
22721,200,false
22722,200,false
22723,200,false
22724,200,false
22725,200,false
22726,200,false
22727,200,false
22728,200,false
22729,200,false
22730,200,false
22731,200,false
22732,200,false
22733,200,false
22734,200,false
22735,200,false
22736,200,false
22737,200,false
22738,200,false
22739,200,false
22740,200,false
22741,200,false
22742,200,false
22743,200,false
22744,200,false
22745,200,false
22746,200,false
22747,200,false
22748,200,false
22749,200,false
22750,200,false
22751,200,false
22752,200,false
22753,200,false
22754,200,false
22755,200,false
22756,200,false
22757,200,false
22758,200,false
22759,200,false
22760,200,false
22761,200,false
22762,200,false
22763,200,false
22764,200,false
22765,200,false
22766,200,false
22767,200,false
22768,200,false
22769,200,false
22770,200,false
22771,200,false
22772,200,false
22773,200,false
22774,200,false
22775,200,false
22776,200,false
22777,200,false
22778,200,false
22779,200,false
22780,200,false
22781,200,false
22782,200,false
22783,200,false
22784,200,false
22785,200,false
22786,200,false
22787,200,false
22788,200,false
22789,200,false
22790,200,false
22791,200,false
22792,200,false
22793,200,false
22794,200,false
22795,200,false
22796,200,false
22797,200,false
22798,200,false
22799,200,false
22800,200,false
22801,200,false
22802,200,false
22803,200,false
22804,200,false
22805,200,false
22806,200,false
22807,200,false
22808,200,false
22809,200,false
22810,200,false
22811,200,false
22812,200,false
22813,200,false
22814,200,false
22815,200,false
22816,200,false
22817,200,false
22818,200,false
22819,200,false
22820,200,false
22821,200,false
22822,200,false
22823,200,false
22824,200,false
22825,200,false
22826,200,false
22827,200,false
22828,200,false
22829,200,false
22830,200,false
22831,200,false
22832,200,false
22833,200,false
22834,200,false
22835,200,false
22836,200,false
22837,200,false
22838,200,false
22839,200,false
22840,200,false
22841,200,false
22842,200,false
22843,200,false
22844,200,false
22845,200,false
22846,200,false
22847,200,false
22848,200,false
22849,500,true
22850,500,true
22851,500,true
22852,500,true
22853,500,true
22854,500,true
22855,500,true
22856,500,true
22857,500,true
22858,500,true
22859,500,true
22860,500,true
22861,500,true
22862,500,true
22863,500,true
22864,500,true
22865,500,true
22866,500,true
22867,500,true
22868,500,true
22869,500,true
22870,500,true
22871,500,true
22872,500,true
22873,500,true
22874,500,true
22875,500,true
22876,500,true
22877,500,true
22878,500,true
22879,500,true
22880,500,true
22881,500,true
22882,500,true
22883,500,true
22884,500,true
22885,500,true
22886,500,true
22887,500,true
22888,500,true
22889,500,true
22890,500,true
22891,500,true
22892,500,true
22893,500,true
22894,500,true
22895,500,true
22896,500,true
22897,500,true
22898,500,true
22899,500,true
22900,500,true
22901,500,true
22902,500,true
22903,500,true
22904,500,true
22905,500,true
22906,500,true
22907,500,true
22908,500,true
22909,500,true
22910,500,true
22911,500,true
22912,500,true
22913,500,true
22914,500,true
22915,500,true
22916,500,true
22917,500,true
22918,500,true
22919,500,true
22920,500,true
22921,500,true
22922,200,false
22923,200,false
22924,200,false
22925,200,false
22926,200,false
22927,200,false
22928,200,false
22929,200,false
22930,200,false
22931,200,false
22932,200,false
22933,200,false
22934,200,false
22935,200,false
22936,200,false
22937,200,false
22938,200,false
22939,200,false
22940,200,false
22941,200,false
22942,200,false
22943,200,false
22944,200,false
22945,200,false
22946,200,false
22947,200,false
22948,200,false
22949,200,false
22950,200,false
22951,200,false
22952,200,false
22953,200,false
22954,200,false
22955,200,false
22956,200,false
22957,200,false
22958,200,false
22959,200,false
22960,200,false
22961,200,false
22962,200,false
22963,200,false
22964,200,false
22965,200,false
22966,200,false
22967,200,false
22968,200,false
22969,200,false
22970,200,false
22971,200,false
22972,200,false
22973,200,false
22974,200,false
22975,200,false
22976,200,false
22977,200,false
22978,200,false
22979,200,false
22980,200,false
22981,200,false
22982,200,false
22983,200,false
22984,200,false
22985,200,false
22986,200,false
22987,200,false
22988,200,false
22989,200,false
22990,200,false
22991,200,false
22992,200,false
22993,200,false
22994,200,false
22995,404,true
22996,404,true
22997,404,true
22998,404,true
22999,404,true
23000,404,true
23001,404,true
23002,404,true
23003,404,true
23004,404,true
23005,404,true
23006,404,true
23007,404,true
23008,404,true
23009,404,true
23010,404,true
23011,404,true
23012,404,true
23013,404,true
23014,404,true
23015,404,true
23016,404,true
23017,404,true
23018,404,true
23019,404,true
23020,404,true
23021,404,true
23022,404,true
23023,404,true
23024,404,true
23025,404,true
23026,404,true
23027,404,true
23028,404,true
23029,404,true
23030,404,true
23031,404,true
23032,404,true
23033,404,true
23034,404,true
23035,404,true
23036,404,true
23037,404,true
23038,404,true
23039,404,true
23040,404,true
23041,404,true
23042,404,true
23043,404,true
23044,404,true
23045,404,true
23046,404,true
23047,404,true
23048,404,true
23049,404,true
23050,404,true
23051,404,true
23052,404,true
23053,404,true
23054,404,true
23055,404,true
23056,404,true
23057,404,true
23058,404,true
23059,404,true
23060,404,true
23061,404,true
23062,404,true
23063,404,true
23064,404,true
23065,404,true
23066,404,true
23067,404,true
23068,200,false
23069,200,false
23070,200,false
23071,200,false
23072,200,false
23073,200,false
23074,200,false
23075,200,false
23076,200,false
23077,200,false
23078,200,false
23079,200,false
23080,200,false
23081,200,false
23082,200,false
23083,200,false
23084,200,false
23085,200,false
23086,200,false
23087,200,false
23088,200,false
23089,200,false
23090,200,false
23091,200,false
23092,200,false
23093,200,false
23094,200,false
23095,200,false
23096,200,false
23097,200,false
23098,200,false
23099,200,false
23100,200,false
23101,200,false
23102,200,false
23103,200,false
23104,200,false
23105,200,false
23106,200,false
23107,200,false
23108,200,false
23109,200,false
23110,200,false
23111,200,false
23112,200,false
23113,200,false
23114,200,false
23115,200,false
23116,200,false
23117,200,false
23118,200,false
23119,200,false
23120,200,false
23121,200,false
23122,200,false
23123,200,false
23124,200,false
23125,200,false
23126,200,false
23127,200,false
23128,200,false
23129,200,false
23130,200,false
23131,200,false
23132,200,false
23133,200,false
23134,200,false
23135,200,false
23136,200,false
23137,200,false
23138,200,false
23139,200,false
23140,200,false
23141,200,false
23142,200,false
23143,200,false
23144,200,false
23145,200,false
23146,200,false
23147,200,false
23148,200,false
23149,200,false
23150,200,false
23151,200,false
23152,200,false
23153,200,false
23154,200,false
23155,200,false
23156,200,false
23157,200,false
23158,200,false
23159,200,false
23160,200,false
23161,200,false
23162,200,false
23163,200,false
23164,200,false
23165,200,false
23166,200,false
23167,200,false
23168,200,false
23169,200,false
23170,200,false
23171,200,false
23172,200,false
23173,200,false
23174,200,false
23175,200,false
23176,200,false
23177,200,false
23178,200,false
23179,200,false
23180,200,false
23181,200,false
23182,200,false
23183,200,false
23184,200,false
23185,200,false
23186,200,false
23187,200,false
23188,200,false
23189,200,false
23190,200,false
23191,200,false
23192,200,false
23193,200,false
23194,200,false
23195,200,false
23196,200,false
23197,200,false
23198,200,false
23199,200,false
23200,200,false
23201,200,false
23202,200,false
23203,200,false
23204,200,false
23205,200,false
23206,200,false
23207,200,false
23208,200,false
23209,200,false
23210,200,false
23211,200,false
23212,200,false
23213,200,false
23214,200,false
23215,200,false
23216,200,false
23217,200,false
23218,200,false
23219,200,false
23220,200,false
23221,200,false
23222,200,false
23223,200,false
23224,200,false
23225,200,false
23226,200,false
23227,200,false
23228,200,false
23229,200,false
23230,200,false
23231,200,false
23232,200,false
23233,200,false
23234,200,false
23235,200,false
23236,200,false
23237,200,false
23238,200,false
23239,200,false
23240,200,false
23241,200,false
23242,200,false
23243,200,false
23244,200,false
23245,200,false
23246,200,false
23247,200,false
23248,200,false
23249,200,false
23250,200,false
23251,200,false
23252,200,false
23253,200,false
23254,200,false
23255,200,false
23256,200,false
23257,200,false
23258,200,false
23259,200,false
23260,200,false
23261,200,false
23262,200,false
23263,200,false
23264,200,false
23265,200,false
23266,200,false
23267,200,false
23268,200,false
23269,200,false
23270,200,false
23271,200,false
23272,200,false
23273,200,false
23274,200,false
23275,200,false
23276,200,false
23277,200,false
23278,200,false
23279,200,false
23280,200,false
23281,200,false
23282,200,false
23283,200,false
23284,200,false
23285,200,false
23286,200,false
23287,200,false
23288,200,false
23289,200,false
23290,200,false
23291,200,false
23292,200,false
23293,200,false
23294,200,false
23295,200,false
23296,200,false
23297,200,false
23298,200,false
23299,200,false
23300,200,false
23301,200,false
23302,200,false
23303,200,false
23304,200,false
23305,200,false
23306,200,false
23307,200,false
23308,200,false
23309,200,false
23310,200,false
23311,200,false
23312,200,false
23313,200,false
23314,200,false
23315,200,false
23316,200,false
23317,200,false
23318,200,false
23319,200,false
23320,200,false
23321,200,false
23322,200,false
23323,200,false
23324,200,false
23325,200,false
23326,200,false
23327,200,false
23328,200,false
23329,200,false
23330,200,false
23331,200,false
23332,200,false
23333,200,false
23334,200,false
23335,200,false
23336,200,false
23337,200,false
23338,200,false
23339,200,false
23340,200,false
23341,200,false
23342,200,false
23343,200,false
23344,200,false
23345,200,false
23346,200,false
23347,200,false
23348,200,false
23349,200,false
23350,200,false
23351,200,false
23352,200,false
23353,200,false
23354,200,false
23355,200,false
23356,200,false
23357,200,false
23358,200,false
23359,200,false
23360,200,false
23361,200,false
23362,200,false
23363,200,false
23364,200,false
23365,200,false
23366,200,false
23367,200,false
23368,200,false
23369,200,false
23370,200,false
23371,200,false
23372,200,false
23373,200,false
23374,200,false
23375,200,false
23376,200,false
23377,200,false
23378,200,false
23379,200,false
23380,200,false
23381,200,false
23382,200,false
23383,200,false
23384,200,false
23385,200,false
23386,200,false
23387,200,false
23388,200,false
23389,200,false
23390,200,false
23391,200,false
23392,200,false
23393,200,false
23394,200,false
23395,200,false
23396,200,false
23397,200,false
23398,200,false
23399,200,false
23400,200,false
23401,200,false
23402,200,false
23403,200,false
23404,200,false
23405,200,false
23406,200,false
23407,200,false
23408,200,false
23409,200,false
23410,200,false
23411,200,false
23412,200,false
23413,200,false
23414,200,false
23415,200,false
23416,200,false
23417,200,false
23418,200,false
23419,200,false
23420,200,false
23421,200,false
23422,200,false
23423,200,false
23424,200,false
23425,200,false
23426,200,false
23427,200,false
23428,200,false
23429,200,false
23430,200,false
23431,200,false
23432,200,false
23433,500,true
23434,500,true
23435,500,true
23436,500,true
23437,500,true
23438,500,true
23439,500,true
23440,500,true
23441,500,true
23442,500,true
23443,500,true
23444,500,true
23445,500,true
23446,500,true
23447,500,true
23448,500,true
23449,500,true
23450,500,true
23451,500,true
23452,500,true
23453,500,true
23454,500,true
23455,500,true
23456,500,true
23457,500,true
23458,500,true
23459,500,true
23460,500,true
23461,500,true
23462,500,true
23463,500,true
23464,500,true
23465,500,true
23466,500,true
23467,500,true
23468,500,true
23469,500,true
23470,500,true
23471,500,true
23472,500,true
23473,500,true
23474,500,true
23475,500,true
23476,500,true
23477,500,true
23478,500,true
23479,500,true
23480,500,true
23481,500,true
23482,500,true
23483,500,true
23484,500,true
23485,500,true
23486,500,true
23487,500,true
23488,500,true
23489,500,true
23490,500,true
23491,500,true
23492,500,true
23493,500,true
23494,500,true
23495,500,true
23496,500,true
23497,500,true
23498,500,true
23499,500,true
23500,500,true
23501,500,true
23502,500,true
23503,500,true
23504,500,true
23505,500,true
23506,404,true
23507,404,true
23508,404,true
23509,404,true
23510,404,true
23511,404,true
23512,404,true
23513,404,true
23514,404,true
23515,404,true
23516,404,true
23517,404,true
23518,404,true
23519,404,true
23520,404,true
23521,404,true
23522,404,true
23523,404,true
23524,404,true
23525,404,true
23526,404,true
23527,404,true
23528,404,true
23529,404,true
23530,404,true
23531,404,true
23532,404,true
23533,404,true
23534,404,true
23535,404,true
23536,404,true
23537,404,true
23538,404,true
23539,404,true
23540,404,true
23541,404,true
23542,404,true
23543,404,true
23544,404,true
23545,404,true
23546,404,true
23547,404,true
23548,404,true
23549,404,true
23550,404,true
23551,404,true
23552,404,true
23553,404,true
23554,404,true
23555,404,true
23556,404,true
23557,404,true
23558,404,true
23559,404,true
23560,404,true
23561,404,true
23562,404,true
23563,404,true
23564,404,true
23565,404,true
23566,404,true
23567,404,true
23568,404,true
23569,404,true
23570,404,true
23571,404,true
23572,404,true
23573,404,true
23574,404,true
23575,404,true
23576,404,true
23577,404,true
23578,404,true
23579,200,false
23580,200,false
23581,200,false
23582,200,false
23583,200,false
23584,200,false
23585,200,false
23586,200,false
23587,200,false
23588,200,false
23589,200,false
23590,200,false
23591,200,false
23592,200,false
23593,200,false
23594,200,false
23595,200,false
23596,200,false
23597,200,false
23598,200,false
23599,200,false
23600,200,false
23601,200,false
23602,200,false
23603,200,false
23604,200,false
23605,200,false
23606,200,false
23607,200,false
23608,200,false
23609,200,false
23610,200,false
23611,200,false
23612,200,false
23613,200,false
23614,200,false
23615,200,false
23616,200,false
23617,200,false
23618,200,false
23619,200,false
23620,200,false
23621,200,false
23622,200,false
23623,200,false
23624,200,false
23625,200,false
23626,200,false
23627,200,false
23628,200,false
23629,200,false
23630,200,false
23631,200,false
23632,200,false
23633,200,false
23634,200,false
23635,200,false
23636,200,false
23637,200,false
23638,200,false
23639,200,false
23640,200,false
23641,200,false
23642,200,false
23643,200,false
23644,200,false
23645,200,false
23646,200,false
23647,200,false
23648,200,false
23649,200,false
23650,200,false
23651,200,false
23652,200,false
23653,200,false
23654,200,false
23655,200,false
23656,200,false
23657,200,false
23658,200,false
23659,200,false
23660,200,false
23661,200,false
23662,200,false
23663,200,false
23664,200,false
23665,200,false
23666,200,false
23667,200,false
23668,200,false
23669,200,false
23670,200,false
23671,200,false
23672,200,false
23673,200,false
23674,200,false
23675,200,false
23676,200,false
23677,200,false
23678,200,false
23679,200,false
23680,200,false
23681,200,false
23682,200,false
23683,200,false
23684,200,false
23685,200,false
23686,200,false
23687,200,false
23688,200,false
23689,200,false
23690,200,false
23691,200,false
23692,200,false
23693,200,false
23694,200,false
23695,200,false
23696,200,false
23697,200,false
23698,200,false
23699,200,false
23700,200,false
23701,200,false
23702,200,false
23703,200,false
23704,200,false
23705,200,false
23706,200,false
23707,200,false
23708,200,false
23709,200,false
23710,200,false
23711,200,false
23712,200,false
23713,200,false
23714,200,false
23715,200,false
23716,200,false
23717,200,false
23718,200,false
23719,200,false
23720,200,false
23721,200,false
23722,200,false
23723,200,false
23724,200,false
23725,500,true
23726,500,true
23727,500,true
23728,500,true
23729,500,true
23730,500,true
23731,500,true
23732,500,true
23733,500,true
23734,500,true
23735,500,true
23736,500,true
23737,500,true
23738,500,true
23739,500,true
23740,500,true
23741,500,true
23742,500,true
23743,500,true
23744,500,true
23745,500,true
23746,500,true
23747,500,true
23748,500,true
23749,500,true
23750,500,true
23751,500,true
23752,500,true
23753,500,true
23754,500,true
23755,500,true
23756,500,true
23757,500,true
23758,500,true
23759,500,true
23760,500,true
23761,500,true
23762,500,true
23763,500,true
23764,500,true
23765,500,true
23766,500,true
23767,500,true
23768,500,true
23769,500,true
23770,500,true
23771,500,true
23772,500,true
23773,500,true
23774,500,true
23775,500,true
23776,500,true
23777,500,true
23778,500,true
23779,500,true
23780,500,true
23781,500,true
23782,500,true
23783,500,true
23784,500,true
23785,500,true
23786,500,true
23787,500,true
23788,500,true
23789,500,true
23790,500,true
23791,500,true
23792,500,true
23793,500,true
23794,500,true
23795,500,true
23796,500,true
23797,500,true
23798,404,true
23799,404,true
23800,404,true
23801,404,true
23802,404,true
23803,404,true
23804,404,true
23805,404,true
23806,404,true
23807,404,true
23808,404,true
23809,404,true
23810,404,true
23811,404,true
23812,404,true
23813,404,true
23814,404,true
23815,404,true
23816,404,true
23817,404,true
23818,404,true
23819,404,true
23820,404,true
23821,404,true
23822,404,true
23823,404,true
23824,404,true
23825,404,true
23826,404,true
23827,404,true
23828,404,true
23829,404,true
23830,404,true
23831,404,true
23832,404,true
23833,404,true
23834,404,true
23835,404,true
23836,404,true
23837,404,true
23838,404,true
23839,404,true
23840,404,true
23841,404,true
23842,404,true
23843,404,true
23844,404,true
23845,404,true
23846,404,true
23847,404,true
23848,404,true
23849,404,true
23850,404,true
23851,404,true
23852,404,true
23853,404,true
23854,404,true
23855,404,true
23856,404,true
23857,404,true
23858,404,true
23859,404,true
23860,404,true
23861,404,true
23862,404,true
23863,404,true
23864,404,true
23865,404,true
23866,404,true
23867,404,true
23868,404,true
23869,404,true
23870,404,true
23871,200,false
23872,200,false
23873,200,false
23874,200,false
23875,200,false
23876,200,false
23877,200,false
23878,200,false
23879,200,false
23880,200,false
23881,200,false
23882,200,false
23883,200,false
23884,200,false
23885,200,false
23886,200,false
23887,200,false
23888,200,false
23889,200,false
23890,200,false
23891,200,false
23892,200,false
23893,200,false
23894,200,false
23895,200,false
23896,200,false
23897,200,false
23898,200,false
23899,200,false
23900,200,false
23901,200,false
23902,200,false
23903,200,false
23904,200,false
23905,200,false
23906,200,false
23907,200,false
23908,200,false
23909,200,false
23910,200,false
23911,200,false
23912,200,false
23913,200,false
23914,200,false
23915,200,false
23916,200,false
23917,200,false
23918,200,false
23919,200,false
23920,200,false
23921,200,false
23922,200,false
23923,200,false
23924,200,false
23925,200,false
23926,200,false
23927,200,false
23928,200,false
23929,200,false
23930,200,false
23931,200,false
23932,200,false
23933,200,false
23934,200,false
23935,200,false
23936,200,false
23937,200,false
23938,200,false
23939,200,false
23940,200,false
23941,200,false
23942,200,false
23943,200,false
23944,200,false
23945,200,false
23946,200,false
23947,200,false
23948,200,false
23949,200,false
23950,200,false
23951,200,false
23952,200,false
23953,200,false
23954,200,false
23955,200,false
23956,200,false
23957,200,false
23958,200,false
23959,200,false
23960,200,false
23961,200,false
23962,200,false
23963,200,false
23964,200,false
23965,200,false
23966,200,false
23967,200,false
23968,200,false
23969,200,false
23970,200,false
23971,200,false
23972,200,false
23973,200,false
23974,200,false
23975,200,false
23976,200,false
23977,200,false
23978,200,false
23979,200,false
23980,200,false
23981,200,false
23982,200,false
23983,200,false
23984,200,false
23985,200,false
23986,200,false
23987,200,false
23988,200,false
23989,200,false
23990,200,false
23991,200,false
23992,200,false
23993,200,false
23994,200,false
23995,200,false
23996,200,false
23997,200,false
23998,200,false
23999,200,false
24000,200,false
24001,200,false
24002,200,false
24003,200,false
24004,200,false
24005,200,false
24006,200,false
24007,200,false
24008,200,false
24009,200,false
24010,200,false
24011,200,false
24012,200,false
24013,200,false
24014,200,false
24015,200,false
24016,200,false
24017,200,false
24018,200,false
24019,200,false
24020,200,false
24021,200,false
24022,200,false
24023,200,false
24024,200,false
24025,200,false
24026,200,false
24027,200,false
24028,200,false
24029,200,false
24030,200,false
24031,200,false
24032,200,false
24033,200,false
24034,200,false
24035,200,false
24036,200,false
24037,200,false
24038,200,false
24039,200,false
24040,200,false
24041,200,false
24042,200,false
24043,200,false
24044,200,false
24045,200,false
24046,200,false
24047,200,false
24048,200,false
24049,200,false
24050,200,false
24051,200,false
24052,200,false
24053,200,false
24054,200,false
24055,200,false
24056,200,false
24057,200,false
24058,200,false
24059,200,false
24060,200,false
24061,200,false
24062,200,false
24063,200,false
24064,200,false
24065,200,false
24066,200,false
24067,200,false
24068,200,false
24069,200,false
24070,200,false
24071,200,false
24072,200,false
24073,200,false
24074,200,false
24075,200,false
24076,200,false
24077,200,false
24078,200,false
24079,200,false
24080,200,false
24081,200,false
24082,200,false
24083,200,false
24084,200,false
24085,200,false
24086,200,false
24087,200,false
24088,200,false
24089,200,false
24090,404,true
24091,404,true
24092,404,true
24093,404,true
24094,404,true
24095,404,true
24096,404,true
24097,404,true
24098,404,true
24099,404,true
24100,404,true
24101,404,true
24102,404,true
24103,404,true
24104,404,true
24105,404,true
24106,404,true
24107,404,true
24108,404,true
24109,404,true
24110,404,true
24111,404,true
24112,404,true
24113,404,true
24114,404,true
24115,404,true
24116,404,true
24117,404,true
24118,404,true
24119,404,true
24120,404,true
24121,404,true
24122,404,true
24123,404,true
24124,404,true
24125,404,true
24126,404,true
24127,404,true
24128,404,true
24129,404,true
24130,404,true
24131,404,true
24132,404,true
24133,404,true
24134,404,true
24135,404,true
24136,404,true
24137,404,true
24138,404,true
24139,404,true
24140,404,true
24141,404,true
24142,404,true
24143,404,true
24144,404,true
24145,404,true
24146,404,true
24147,404,true
24148,404,true
24149,404,true
24150,404,true
24151,404,true
24152,404,true
24153,404,true
24154,404,true
24155,404,true
24156,404,true
24157,404,true
24158,404,true
24159,404,true
24160,404,true
24161,404,true
24162,404,true
24163,200,false
24164,200,false
24165,200,false
24166,200,false
24167,200,false
24168,200,false
24169,200,false
24170,200,false
24171,200,false
24172,200,false
24173,200,false
24174,200,false
24175,200,false
24176,200,false
24177,200,false
24178,200,false
24179,200,false
24180,200,false
24181,200,false
24182,200,false
24183,200,false
24184,200,false
24185,200,false
24186,200,false
24187,200,false
24188,200,false
24189,200,false
24190,200,false
24191,200,false
24192,200,false
24193,200,false
24194,200,false
24195,200,false
24196,200,false
24197,200,false
24198,200,false
24199,200,false
24200,200,false
24201,200,false
24202,200,false
24203,200,false
24204,200,false
24205,200,false
24206,200,false
24207,200,false
24208,200,false
24209,200,false
24210,200,false
24211,200,false
24212,200,false
24213,200,false
24214,200,false
24215,200,false
24216,200,false
24217,200,false
24218,200,false
24219,200,false
24220,200,false
24221,200,false
24222,200,false
24223,200,false
24224,200,false
24225,200,false
24226,200,false
24227,200,false
24228,200,false
24229,200,false
24230,200,false
24231,200,false
24232,200,false
24233,200,false
24234,200,false
24235,200,false
24236,500,true
24237,500,true
24238,500,true
24239,500,true
24240,500,true
24241,500,true
24242,500,true
24243,500,true
24244,500,true
24245,500,true
24246,500,true
24247,500,true
24248,500,true
24249,500,true
24250,500,true
24251,500,true
24252,500,true
24253,500,true
24254,500,true
24255,500,true
24256,500,true
24257,500,true
24258,500,true
24259,500,true
24260,500,true
24261,500,true
24262,500,true
24263,500,true
24264,500,true
24265,500,true
24266,500,true
24267,500,true
24268,500,true
24269,500,true
24270,500,true
24271,500,true
24272,500,true
24273,500,true
24274,500,true
24275,500,true
24276,500,true
24277,500,true
24278,500,true
24279,500,true
24280,500,true
24281,500,true
24282,500,true
24283,500,true
24284,500,true
24285,500,true
24286,500,true
24287,500,true
24288,500,true
24289,500,true
24290,500,true
24291,500,true
24292,500,true
24293,500,true
24294,500,true
24295,500,true
24296,500,true
24297,500,true
24298,500,true
24299,500,true
24300,500,true
24301,500,true
24302,500,true
24303,500,true
24304,500,true
24305,500,true
24306,500,true
24307,500,true
24308,500,true
24309,404,true
24310,404,true
24311,404,true
24312,404,true
24313,404,true
24314,404,true
24315,404,true
24316,404,true
24317,404,true
24318,404,true
24319,404,true
24320,404,true
24321,404,true
24322,404,true
24323,404,true
24324,404,true
24325,404,true
24326,404,true
24327,404,true
24328,404,true
24329,404,true
24330,404,true
24331,404,true
24332,404,true
24333,404,true
24334,404,true
24335,404,true
24336,404,true
24337,404,true
24338,404,true
24339,404,true
24340,404,true
24341,404,true
24342,404,true
24343,404,true
24344,404,true
24345,404,true
24346,404,true
24347,404,true
24348,404,true
24349,404,true
24350,404,true
24351,404,true
24352,404,true
24353,404,true
24354,404,true
24355,404,true
24356,404,true
24357,404,true
24358,404,true
24359,404,true
24360,404,true
24361,404,true
24362,404,true
24363,404,true
24364,404,true
24365,404,true
24366,404,true
24367,404,true
24368,404,true
24369,404,true
24370,404,true
24371,404,true
24372,404,true
24373,404,true
24374,404,true
24375,404,true
24376,404,true
24377,404,true
24378,404,true
24379,404,true
24380,404,true
24381,404,true
24382,404,true
24383,404,true
24384,404,true
24385,404,true
24386,404,true
24387,404,true
24388,404,true
24389,404,true
24390,404,true
24391,404,true
24392,404,true
24393,404,true
24394,404,true
24395,404,true
24396,404,true
24397,404,true
24398,404,true
24399,404,true
24400,404,true
24401,404,true
24402,404,true
24403,404,true
24404,404,true
24405,404,true
24406,404,true
24407,404,true
24408,404,true
24409,404,true
24410,404,true
24411,404,true
24412,404,true
24413,404,true
24414,404,true
24415,404,true
24416,404,true
24417,404,true
24418,404,true
24419,404,true
24420,404,true
24421,404,true
24422,404,true
24423,404,true
24424,404,true
24425,404,true
24426,404,true
24427,404,true
24428,404,true
24429,404,true
24430,404,true
24431,404,true
24432,404,true
24433,404,true
24434,404,true
24435,404,true
24436,404,true
24437,404,true
24438,404,true
24439,404,true
24440,404,true
24441,404,true
24442,404,true
24443,404,true
24444,404,true
24445,404,true
24446,404,true
24447,404,true
24448,404,true
24449,404,true
24450,404,true
24451,404,true
24452,404,true
24453,404,true
24454,404,true
24455,500,true
24456,500,true
24457,500,true
24458,500,true
24459,500,true
24460,500,true
24461,500,true
24462,500,true
24463,500,true
24464,500,true
24465,500,true
24466,500,true
24467,500,true
24468,500,true
24469,500,true
24470,500,true
24471,500,true
24472,500,true
24473,500,true
24474,500,true
24475,500,true
24476,500,true
24477,500,true
24478,500,true
24479,500,true
24480,500,true
24481,500,true
24482,500,true
24483,500,true
24484,500,true
24485,500,true
24486,500,true
24487,500,true
24488,500,true
24489,500,true
24490,500,true
24491,500,true
24492,500,true
24493,500,true
24494,500,true
24495,500,true
24496,500,true
24497,500,true
24498,500,true
24499,500,true
24500,500,true
24501,500,true
24502,500,true
24503,500,true
24504,500,true
24505,500,true
24506,500,true
24507,500,true
24508,500,true
24509,500,true
24510,500,true
24511,500,true
24512,500,true
24513,500,true
24514,500,true
24515,500,true
24516,500,true
24517,500,true
24518,500,true
24519,500,true
24520,500,true
24521,500,true
24522,500,true
24523,500,true
24524,500,true
24525,500,true
24526,500,true
24527,500,true
24528,200,false
24529,200,false
24530,200,false
24531,200,false
24532,200,false
24533,200,false
24534,200,false
24535,200,false
24536,200,false
24537,200,false
24538,200,false
24539,200,false
24540,200,false
24541,200,false
24542,200,false
24543,200,false
24544,200,false
24545,200,false
24546,200,false
24547,200,false
24548,200,false
24549,200,false
24550,200,false
24551,200,false
24552,200,false
24553,200,false
24554,200,false
24555,200,false
24556,200,false
24557,200,false
24558,200,false
24559,200,false
24560,200,false
24561,200,false
24562,200,false
24563,200,false
24564,200,false
24565,200,false
24566,200,false
24567,200,false
24568,200,false
24569,200,false
24570,200,false
24571,200,false
24572,200,false
24573,200,false
24574,200,false
24575,200,false
24576,200,false
24577,200,false
24578,200,false
24579,200,false
24580,200,false
24581,200,false
24582,200,false
24583,200,false
24584,200,false
24585,200,false
24586,200,false
24587,200,false
24588,200,false
24589,200,false
24590,200,false
24591,200,false
24592,200,false
24593,200,false
24594,200,false
24595,200,false
24596,200,false
24597,200,false
24598,200,false
24599,200,false
24600,200,false
24601,404,true
24602,404,true
24603,404,true
24604,404,true
24605,404,true
24606,404,true
24607,404,true
24608,404,true
24609,404,true
24610,404,true
24611,404,true
24612,404,true
24613,404,true
24614,404,true
24615,404,true
24616,404,true
24617,404,true
24618,404,true
24619,404,true
24620,404,true
24621,404,true
24622,404,true
24623,404,true
24624,404,true
24625,404,true
24626,404,true
24627,404,true
24628,404,true
24629,404,true
24630,404,true
24631,404,true
24632,404,true
24633,404,true
24634,404,true
24635,404,true
24636,404,true
24637,404,true
24638,404,true
24639,404,true
24640,404,true
24641,404,true
24642,404,true
24643,404,true
24644,404,true
24645,404,true
24646,404,true
24647,404,true
24648,404,true
24649,404,true
24650,404,true
24651,404,true
24652,404,true
24653,404,true
24654,404,true
24655,404,true
24656,404,true
24657,404,true
24658,404,true
24659,404,true
24660,404,true
24661,404,true
24662,404,true
24663,404,true
24664,404,true
24665,404,true
24666,404,true
24667,404,true
24668,404,true
24669,404,true
24670,404,true
24671,404,true
24672,404,true
24673,404,true
24674,404,true
24675,404,true
24676,404,true
24677,404,true
24678,404,true
24679,404,true
24680,404,true
24681,404,true
24682,404,true
24683,404,true
24684,404,true
24685,404,true
24686,404,true
24687,404,true
24688,404,true
24689,404,true
24690,404,true
24691,404,true
24692,404,true
24693,404,true
24694,404,true
24695,404,true
24696,404,true
24697,404,true
24698,404,true
24699,404,true
24700,404,true
24701,404,true
24702,404,true
24703,404,true
24704,404,true
24705,404,true
24706,404,true
24707,404,true
24708,404,true
24709,404,true
24710,404,true
24711,404,true
24712,404,true
24713,404,true
24714,404,true
24715,404,true
24716,404,true
24717,404,true
24718,404,true
24719,404,true
24720,404,true
24721,404,true
24722,404,true
24723,404,true
24724,404,true
24725,404,true
24726,404,true
24727,404,true
24728,404,true
24729,404,true
24730,404,true
24731,404,true
24732,404,true
24733,404,true
24734,404,true
24735,404,true
24736,404,true
24737,404,true
24738,404,true
24739,404,true
24740,404,true
24741,404,true
24742,404,true
24743,404,true
24744,404,true
24745,404,true
24746,404,true
24747,404,true
24748,404,true
24749,404,true
24750,404,true
24751,404,true
24752,404,true
24753,404,true
24754,404,true
24755,404,true
24756,404,true
24757,404,true
24758,404,true
24759,404,true
24760,404,true
24761,404,true
24762,404,true
24763,404,true
24764,404,true
24765,404,true
24766,404,true
24767,404,true
24768,404,true
24769,404,true
24770,404,true
24771,404,true
24772,404,true
24773,404,true
24774,404,true
24775,404,true
24776,404,true
24777,404,true
24778,404,true
24779,404,true
24780,404,true
24781,404,true
24782,404,true
24783,404,true
24784,404,true
24785,404,true
24786,404,true
24787,404,true
24788,404,true
24789,404,true
24790,404,true
24791,404,true
24792,404,true
24793,404,true
24794,404,true
24795,404,true
24796,404,true
24797,404,true
24798,404,true
24799,404,true
24800,404,true
24801,404,true
24802,404,true
24803,404,true
24804,404,true
24805,404,true
24806,404,true
24807,404,true
24808,404,true
24809,404,true
24810,404,true
24811,404,true
24812,404,true
24813,404,true
24814,404,true
24815,404,true
24816,404,true
24817,404,true
24818,404,true
24819,404,true
24820,200,false
24821,200,false
24822,200,false
24823,200,false
24824,200,false
24825,200,false
24826,200,false
24827,200,false
24828,200,false
24829,200,false
24830,200,false
24831,200,false
24832,200,false
24833,200,false
24834,200,false
24835,200,false
24836,200,false
24837,200,false
24838,200,false
24839,200,false
24840,200,false
24841,200,false
24842,200,false
24843,200,false
24844,200,false
24845,200,false
24846,200,false
24847,200,false
24848,200,false
24849,200,false
24850,200,false
24851,200,false
24852,200,false
24853,200,false
24854,200,false
24855,200,false
24856,200,false
24857,200,false
24858,200,false
24859,200,false
24860,200,false
24861,200,false
24862,200,false
24863,200,false
24864,200,false
24865,200,false
24866,200,false
24867,200,false
24868,200,false
24869,200,false
24870,200,false
24871,200,false
24872,200,false
24873,200,false
24874,200,false
24875,200,false
24876,200,false
24877,200,false
24878,200,false
24879,200,false
24880,200,false
24881,200,false
24882,200,false
24883,200,false
24884,200,false
24885,200,false
24886,200,false
24887,200,false
24888,200,false
24889,200,false
24890,200,false
24891,200,false
24892,200,false
24893,200,false
24894,200,false
24895,200,false
24896,200,false
24897,200,false
24898,200,false
24899,200,false
24900,200,false
24901,200,false
24902,200,false
24903,200,false
24904,200,false
24905,200,false
24906,200,false
24907,200,false
24908,200,false
24909,200,false
24910,200,false
24911,200,false
24912,200,false
24913,200,false
24914,200,false
24915,200,false
24916,200,false
24917,200,false
24918,200,false
24919,200,false
24920,200,false
24921,200,false
24922,200,false
24923,200,false
24924,200,false
24925,200,false
24926,200,false
24927,200,false
24928,200,false
24929,200,false
24930,200,false
24931,200,false
24932,200,false
24933,200,false
24934,200,false
24935,200,false
24936,200,false
24937,200,false
24938,200,false
24939,200,false
24940,200,false
24941,200,false
24942,200,false
24943,200,false
24944,200,false
24945,200,false
24946,200,false
24947,200,false
24948,200,false
24949,200,false
24950,200,false
24951,200,false
24952,200,false
24953,200,false
24954,200,false
24955,200,false
24956,200,false
24957,200,false
24958,200,false
24959,200,false
24960,200,false
24961,200,false
24962,200,false
24963,200,false
24964,200,false
24965,200,false
24966,200,false
24967,200,false
24968,200,false
24969,200,false
24970,200,false
24971,200,false
24972,200,false
24973,200,false
24974,200,false
24975,200,false
24976,200,false
24977,200,false
24978,200,false
24979,200,false
24980,200,false
24981,200,false
24982,200,false
24983,200,false
24984,200,false
24985,200,false
24986,200,false
24987,200,false
24988,200,false
24989,200,false
24990,200,false
24991,200,false
24992,200,false
24993,200,false
24994,200,false
24995,200,false
24996,200,false
24997,200,false
24998,200,false
24999,200,false
25000,200,false
25001,200,false
25002,200,false
25003,200,false
25004,200,false
25005,200,false
25006,200,false
25007,200,false
25008,200,false
25009,200,false
25010,200,false
25011,200,false
25012,200,false
25013,200,false
25014,200,false
25015,200,false
25016,200,false
25017,200,false
25018,200,false
25019,200,false
25020,200,false
25021,200,false
25022,200,false
25023,200,false
25024,200,false
25025,200,false
25026,200,false
25027,200,false
25028,200,false
25029,200,false
25030,200,false
25031,200,false
25032,200,false
25033,200,false
25034,200,false
25035,200,false
25036,200,false
25037,200,false
25038,200,false
25039,200,false
25040,200,false
25041,200,false
25042,200,false
25043,200,false
25044,200,false
25045,200,false
25046,200,false
25047,200,false
25048,200,false
25049,200,false
25050,200,false
25051,200,false
25052,200,false
25053,200,false
25054,200,false
25055,200,false
25056,200,false
25057,200,false
25058,200,false
25059,200,false
25060,200,false
25061,200,false
25062,200,false
25063,200,false
25064,200,false
25065,200,false
25066,200,false
25067,200,false
25068,200,false
25069,200,false
25070,200,false
25071,200,false
25072,200,false
25073,200,false
25074,200,false
25075,200,false
25076,200,false
25077,200,false
25078,200,false
25079,200,false
25080,200,false
25081,200,false
25082,200,false
25083,200,false
25084,200,false
25085,200,false
25086,200,false
25087,200,false
25088,200,false
25089,200,false
25090,200,false
25091,200,false
25092,200,false
25093,200,false
25094,200,false
25095,200,false
25096,200,false
25097,200,false
25098,200,false
25099,200,false
25100,200,false
25101,200,false
25102,200,false
25103,200,false
25104,200,false
25105,200,false
25106,200,false
25107,200,false
25108,200,false
25109,200,false
25110,200,false
25111,200,false
25112,200,false
25113,200,false
25114,200,false
25115,200,false
25116,200,false
25117,200,false
25118,200,false
25119,200,false
25120,200,false
25121,200,false
25122,200,false
25123,200,false
25124,200,false
25125,200,false
25126,200,false
25127,200,false
25128,200,false
25129,200,false
25130,200,false
25131,200,false
25132,200,false
25133,200,false
25134,200,false
25135,200,false
25136,200,false
25137,200,false
25138,200,false
25139,200,false
25140,200,false
25141,200,false
25142,200,false
25143,200,false
25144,200,false
25145,200,false
25146,200,false
25147,200,false
25148,200,false
25149,200,false
25150,200,false
25151,200,false
25152,200,false
25153,200,false
25154,200,false
25155,200,false
25156,200,false
25157,200,false
25158,200,false
25159,200,false
25160,200,false
25161,200,false
25162,200,false
25163,200,false
25164,200,false
25165,200,false
25166,200,false
25167,200,false
25168,200,false
25169,200,false
25170,200,false
25171,200,false
25172,200,false
25173,200,false
25174,200,false
25175,200,false
25176,200,false
25177,200,false
25178,200,false
25179,200,false
25180,200,false
25181,200,false
25182,200,false
25183,200,false
25184,200,false
25185,200,false
25186,200,false
25187,200,false
25188,200,false
25189,200,false
25190,200,false
25191,200,false
25192,200,false
25193,200,false
25194,200,false
25195,200,false
25196,200,false
25197,200,false
25198,200,false
25199,200,false
25200,200,false
25201,200,false
25202,200,false
25203,200,false
25204,200,false
25205,200,false
25206,200,false
25207,200,false
25208,200,false
25209,200,false
25210,200,false
25211,200,false
25212,200,false
25213,200,false
25214,200,false
25215,200,false
25216,200,false
25217,200,false
25218,200,false
25219,200,false
25220,200,false
25221,200,false
25222,200,false
25223,200,false
25224,200,false
25225,200,false
25226,200,false
25227,200,false
25228,200,false
25229,200,false
25230,200,false
25231,200,false
25232,200,false
25233,200,false
25234,200,false
25235,200,false
25236,200,false
25237,200,false
25238,200,false
25239,200,false
25240,200,false
25241,200,false
25242,200,false
25243,200,false
25244,200,false
25245,200,false
25246,200,false
25247,200,false
25248,200,false
25249,200,false
25250,200,false
25251,200,false
25252,200,false
25253,200,false
25254,200,false
25255,200,false
25256,200,false
25257,200,false
25258,200,false
25259,200,false
25260,200,false
25261,200,false
25262,200,false
25263,200,false
25264,200,false
25265,200,false
25266,200,false
25267,200,false
25268,200,false
25269,200,false
25270,200,false
25271,200,false
25272,200,false
25273,200,false
25274,200,false
25275,200,false
25276,200,false
25277,200,false
25278,200,false
25279,200,false
25280,200,false
25281,200,false
25282,200,false
25283,200,false
25284,200,false
25285,200,false
25286,200,false
25287,200,false
25288,200,false
25289,200,false
25290,200,false
25291,200,false
25292,200,false
25293,200,false
25294,200,false
25295,200,false
25296,200,false
25297,200,false
25298,200,false
25299,200,false
25300,200,false
25301,200,false
25302,200,false
25303,200,false
25304,200,false
25305,200,false
25306,200,false
25307,200,false
25308,200,false
25309,200,false
25310,200,false
25311,200,false
25312,200,false
25313,200,false
25314,200,false
25315,200,false
25316,200,false
25317,200,false
25318,200,false
25319,200,false
25320,200,false
25321,200,false
25322,200,false
25323,200,false
25324,200,false
25325,200,false
25326,200,false
25327,200,false
25328,200,false
25329,200,false
25330,200,false
25331,404,true
25332,404,true
25333,404,true
25334,404,true
25335,404,true
25336,404,true
25337,404,true
25338,404,true
25339,404,true
25340,404,true
25341,404,true
25342,404,true
25343,404,true
25344,404,true
25345,404,true
25346,404,true
25347,404,true
25348,404,true
25349,404,true
25350,404,true
25351,404,true
25352,404,true
25353,404,true
25354,404,true
25355,404,true
25356,404,true
25357,404,true
25358,404,true
25359,404,true
25360,404,true
25361,404,true
25362,404,true
25363,404,true
25364,404,true
25365,404,true
25366,404,true
25367,404,true
25368,404,true
25369,404,true
25370,404,true
25371,404,true
25372,404,true
25373,404,true
25374,404,true
25375,404,true
25376,404,true
25377,404,true
25378,404,true
25379,404,true
25380,404,true
25381,404,true
25382,404,true
25383,404,true
25384,404,true
25385,404,true
25386,404,true
25387,404,true
25388,404,true
25389,404,true
25390,404,true
25391,404,true
25392,404,true
25393,404,true
25394,404,true
25395,404,true
25396,404,true
25397,404,true
25398,404,true
25399,404,true
25400,404,true
25401,404,true
25402,404,true
25403,404,true
25404,200,false
25405,200,false
25406,200,false
25407,200,false
25408,200,false
25409,200,false
25410,200,false
25411,200,false
25412,200,false
25413,200,false
25414,200,false
25415,200,false
25416,200,false
25417,200,false
25418,200,false
25419,200,false
25420,200,false
25421,200,false
25422,200,false
25423,200,false
25424,200,false
25425,200,false
25426,200,false
25427,200,false
25428,200,false
25429,200,false
25430,200,false
25431,200,false
25432,200,false
25433,200,false
25434,200,false
25435,200,false
25436,200,false
25437,200,false
25438,200,false
25439,200,false
25440,200,false
25441,200,false
25442,200,false
25443,200,false
25444,200,false
25445,200,false
25446,200,false
25447,200,false
25448,200,false
25449,200,false
25450,200,false
25451,200,false
25452,200,false
25453,200,false
25454,200,false
25455,200,false
25456,200,false
25457,200,false
25458,200,false
25459,200,false
25460,200,false
25461,200,false
25462,200,false
25463,200,false
25464,200,false
25465,200,false
25466,200,false
25467,200,false
25468,200,false
25469,200,false
25470,200,false
25471,200,false
25472,200,false
25473,200,false
25474,200,false
25475,200,false
25476,200,false
25477,200,false
25478,200,false
25479,200,false
25480,200,false
25481,200,false
25482,200,false
25483,200,false
25484,200,false
25485,200,false
25486,200,false
25487,200,false
25488,200,false
25489,200,false
25490,200,false
25491,200,false
25492,200,false
25493,200,false
25494,200,false
25495,200,false
25496,200,false
25497,200,false
25498,200,false
25499,200,false
25500,200,false
25501,200,false
25502,200,false
25503,200,false
25504,200,false
25505,200,false
25506,200,false
25507,200,false
25508,200,false
25509,200,false
25510,200,false
25511,200,false
25512,200,false
25513,200,false
25514,200,false
25515,200,false
25516,200,false
25517,200,false
25518,200,false
25519,200,false
25520,200,false
25521,200,false
25522,200,false
25523,200,false
25524,200,false
25525,200,false
25526,200,false
25527,200,false
25528,200,false
25529,200,false
25530,200,false
25531,200,false
25532,200,false
25533,200,false
25534,200,false
25535,200,false
25536,200,false
25537,200,false
25538,200,false
25539,200,false
25540,200,false
25541,200,false
25542,200,false
25543,200,false
25544,200,false
25545,200,false
25546,200,false
25547,200,false
25548,200,false
25549,200,false
25550,500,true
25551,500,true
25552,500,true
25553,500,true
25554,500,true
25555,500,true
25556,500,true
25557,500,true
25558,500,true
25559,500,true
25560,500,true
25561,500,true
25562,500,true
25563,500,true
25564,500,true
25565,500,true
25566,500,true
25567,500,true
25568,500,true
25569,500,true
25570,500,true
25571,500,true
25572,500,true
25573,500,true
25574,500,true
25575,500,true
25576,500,true
25577,500,true
25578,500,true
25579,500,true
25580,500,true
25581,500,true
25582,500,true
25583,500,true
25584,500,true
25585,500,true
25586,500,true
25587,500,true
25588,500,true
25589,500,true
25590,500,true
25591,500,true
25592,500,true
25593,500,true
25594,500,true
25595,500,true
25596,500,true
25597,500,true
25598,500,true
25599,500,true
25600,500,true
25601,500,true
25602,500,true
25603,500,true
25604,500,true
25605,500,true
25606,500,true
25607,500,true
25608,500,true
25609,500,true
25610,500,true
25611,500,true
25612,500,true
25613,500,true
25614,500,true
25615,500,true
25616,500,true
25617,500,true
25618,500,true
25619,500,true
25620,500,true
25621,500,true
25622,500,true
25623,404,true
25624,404,true
25625,404,true
25626,404,true
25627,404,true
25628,404,true
25629,404,true
25630,404,true
25631,404,true
25632,404,true
25633,404,true
25634,404,true
25635,404,true
25636,404,true
25637,404,true
25638,404,true
25639,404,true
25640,404,true
25641,404,true
25642,404,true
25643,404,true
25644,404,true
25645,404,true
25646,404,true
25647,404,true
25648,404,true
25649,404,true
25650,404,true
25651,404,true
25652,404,true
25653,404,true
25654,404,true
25655,404,true
25656,404,true
25657,404,true
25658,404,true
25659,404,true
25660,404,true
25661,404,true
25662,404,true
25663,404,true
25664,404,true
25665,404,true
25666,404,true
25667,404,true
25668,404,true
25669,404,true
25670,404,true
25671,404,true
25672,404,true
25673,404,true
25674,404,true
25675,404,true
25676,404,true
25677,404,true
25678,404,true
25679,404,true
25680,404,true
25681,404,true
25682,404,true
25683,404,true
25684,404,true
25685,404,true
25686,404,true
25687,404,true
25688,404,true
25689,404,true
25690,404,true
25691,404,true
25692,404,true
25693,404,true
25694,404,true
25695,404,true
25696,200,false
25697,200,false
25698,200,false
25699,200,false
25700,200,false
25701,200,false
25702,200,false
25703,200,false
25704,200,false
25705,200,false
25706,200,false
25707,200,false
25708,200,false
25709,200,false
25710,200,false
25711,200,false
25712,200,false
25713,200,false
25714,200,false
25715,200,false
25716,200,false
25717,200,false
25718,200,false
25719,200,false
25720,200,false
25721,200,false
25722,200,false
25723,200,false
25724,200,false
25725,200,false
25726,200,false
25727,200,false
25728,200,false
25729,200,false
25730,200,false
25731,200,false
25732,200,false
25733,200,false
25734,200,false
25735,200,false
25736,200,false
25737,200,false
25738,200,false
25739,200,false
25740,200,false
25741,200,false
25742,200,false
25743,200,false
25744,200,false
25745,200,false
25746,200,false
25747,200,false
25748,200,false
25749,200,false
25750,200,false
25751,200,false
25752,200,false
25753,200,false
25754,200,false
25755,200,false
25756,200,false
25757,200,false
25758,200,false
25759,200,false
25760,200,false
25761,200,false
25762,200,false
25763,200,false
25764,200,false
25765,200,false
25766,200,false
25767,200,false
25768,200,false
25769,200,false
25770,200,false
25771,200,false
25772,200,false
25773,200,false
25774,200,false
25775,200,false
25776,200,false
25777,200,false
25778,200,false
25779,200,false
25780,200,false
25781,200,false
25782,200,false
25783,200,false
25784,200,false
25785,200,false
25786,200,false
25787,200,false
25788,200,false
25789,200,false
25790,200,false
25791,200,false
25792,200,false
25793,200,false
25794,200,false
25795,200,false
25796,200,false
25797,200,false
25798,200,false
25799,200,false
25800,200,false
25801,200,false
25802,200,false
25803,200,false
25804,200,false
25805,200,false
25806,200,false
25807,200,false
25808,200,false
25809,200,false
25810,200,false
25811,200,false
25812,200,false
25813,200,false
25814,200,false
25815,200,false
25816,200,false
25817,200,false
25818,200,false
25819,200,false
25820,200,false
25821,200,false
25822,200,false
25823,200,false
25824,200,false
25825,200,false
25826,200,false
25827,200,false
25828,200,false
25829,200,false
25830,200,false
25831,200,false
25832,200,false
25833,200,false
25834,200,false
25835,200,false
25836,200,false
25837,200,false
25838,200,false
25839,200,false
25840,200,false
25841,200,false
25842,200,false
25843,200,false
25844,200,false
25845,200,false
25846,200,false
25847,200,false
25848,200,false
25849,200,false
25850,200,false
25851,200,false
25852,200,false
25853,200,false
25854,200,false
25855,200,false
25856,200,false
25857,200,false
25858,200,false
25859,200,false
25860,200,false
25861,200,false
25862,200,false
25863,200,false
25864,200,false
25865,200,false
25866,200,false
25867,200,false
25868,200,false
25869,200,false
25870,200,false
25871,200,false
25872,200,false
25873,200,false
25874,200,false
25875,200,false
25876,200,false
25877,200,false
25878,200,false
25879,200,false
25880,200,false
25881,200,false
25882,200,false
25883,200,false
25884,200,false
25885,200,false
25886,200,false
25887,200,false
25888,200,false
25889,200,false
25890,200,false
25891,200,false
25892,200,false
25893,200,false
25894,200,false
25895,200,false
25896,200,false
25897,200,false
25898,200,false
25899,200,false
25900,200,false
25901,200,false
25902,200,false
25903,200,false
25904,200,false
25905,200,false
25906,200,false
25907,200,false
25908,200,false
25909,200,false
25910,200,false
25911,200,false
25912,200,false
25913,200,false
25914,200,false
25915,200,false
25916,200,false
25917,200,false
25918,200,false
25919,200,false
25920,200,false
25921,200,false
25922,200,false
25923,200,false
25924,200,false
25925,200,false
25926,200,false
25927,200,false
25928,200,false
25929,200,false
25930,200,false
25931,200,false
25932,200,false
25933,200,false
25934,200,false
25935,200,false
25936,200,false
25937,200,false
25938,200,false
25939,200,false
25940,200,false
25941,200,false
25942,200,false
25943,200,false
25944,200,false
25945,200,false
25946,200,false
25947,200,false
25948,200,false
25949,200,false
25950,200,false
25951,200,false
25952,200,false
25953,200,false
25954,200,false
25955,200,false
25956,200,false
25957,200,false
25958,200,false
25959,200,false
25960,200,false
25961,200,false
25962,200,false
25963,200,false
25964,200,false
25965,200,false
25966,200,false
25967,200,false
25968,200,false
25969,200,false
25970,200,false
25971,200,false
25972,200,false
25973,200,false
25974,200,false
25975,200,false
25976,200,false
25977,200,false
25978,200,false
25979,200,false
25980,200,false
25981,200,false
25982,200,false
25983,200,false
25984,200,false
25985,200,false
25986,200,false
25987,200,false
25988,500,true
25989,500,true
25990,500,true
25991,500,true
25992,500,true
25993,500,true
25994,500,true
25995,500,true
25996,500,true
25997,500,true
25998,500,true
25999,500,true
26000,500,true
26001,500,true
26002,500,true
26003,500,true
26004,500,true
26005,500,true
26006,500,true
26007,500,true
26008,500,true
26009,500,true
26010,500,true
26011,500,true
26012,500,true
26013,500,true
26014,500,true
26015,500,true
26016,500,true
26017,500,true
26018,500,true
26019,500,true
26020,500,true
26021,500,true
26022,500,true
26023,500,true
26024,500,true
26025,500,true
26026,500,true
26027,500,true
26028,500,true
26029,500,true
26030,500,true
26031,500,true
26032,500,true
26033,500,true
26034,500,true
26035,500,true
26036,500,true
26037,500,true
26038,500,true
26039,500,true
26040,500,true
26041,500,true
26042,500,true
26043,500,true
26044,500,true
26045,500,true
26046,500,true
26047,500,true
26048,500,true
26049,500,true
26050,500,true
26051,500,true
26052,500,true
26053,500,true
26054,500,true
26055,500,true
26056,500,true
26057,500,true
26058,500,true
26059,500,true
26060,500,true
26061,200,false
26062,200,false
26063,200,false
26064,200,false
26065,200,false
26066,200,false
26067,200,false
26068,200,false
26069,200,false
26070,200,false
26071,200,false
26072,200,false
26073,200,false
26074,200,false
26075,200,false
26076,200,false
26077,200,false
26078,200,false
26079,200,false
26080,200,false
26081,200,false
26082,200,false
26083,200,false
26084,200,false
26085,200,false
26086,200,false
26087,200,false
26088,200,false
26089,200,false
26090,200,false
26091,200,false
26092,200,false
26093,200,false
26094,200,false
26095,200,false
26096,200,false
26097,200,false
26098,200,false
26099,200,false
26100,200,false
26101,200,false
26102,200,false
26103,200,false
26104,200,false
26105,200,false
26106,200,false
26107,200,false
26108,200,false
26109,200,false
26110,200,false
26111,200,false
26112,200,false
26113,200,false
26114,200,false
26115,200,false
26116,200,false
26117,200,false
26118,200,false
26119,200,false
26120,200,false
26121,200,false
26122,200,false
26123,200,false
26124,200,false
26125,200,false
26126,200,false
26127,200,false
26128,200,false
26129,200,false
26130,200,false
26131,200,false
26132,200,false
26133,200,false
26134,500,true
26135,500,true
26136,500,true
26137,500,true
26138,500,true
26139,500,true
26140,500,true
26141,500,true
26142,500,true
26143,500,true
26144,500,true
26145,500,true
26146,500,true
26147,500,true
26148,500,true
26149,500,true
26150,500,true
26151,500,true
26152,500,true
26153,500,true
26154,500,true
26155,500,true
26156,500,true
26157,500,true
26158,500,true
26159,500,true
26160,500,true
26161,500,true
26162,500,true
26163,500,true
26164,500,true
26165,500,true
26166,500,true
26167,500,true
26168,500,true
26169,500,true
26170,500,true
26171,500,true
26172,500,true
26173,500,true
26174,500,true
26175,500,true
26176,500,true
26177,500,true
26178,500,true
26179,500,true
26180,500,true
26181,500,true
26182,500,true
26183,500,true
26184,500,true
26185,500,true
26186,500,true
26187,500,true
26188,500,true
26189,500,true
26190,500,true
26191,500,true
26192,500,true
26193,500,true
26194,500,true
26195,500,true
26196,500,true
26197,500,true
26198,500,true
26199,500,true
26200,500,true
26201,500,true
26202,500,true
26203,500,true
26204,500,true
26205,500,true
26206,500,true
26207,200,false
26208,200,false
26209,200,false
26210,200,false
26211,200,false
26212,200,false
26213,200,false
26214,200,false
26215,200,false
26216,200,false
26217,200,false
26218,200,false
26219,200,false
26220,200,false
26221,200,false
26222,200,false
26223,200,false
26224,200,false
26225,200,false
26226,200,false
26227,200,false
26228,200,false
26229,200,false
26230,200,false
26231,200,false
26232,200,false
26233,200,false
26234,200,false
26235,200,false
26236,200,false
26237,200,false
26238,200,false
26239,200,false
26240,200,false
26241,200,false
26242,200,false
26243,200,false
26244,200,false
26245,200,false
26246,200,false
26247,200,false
26248,200,false
26249,200,false
26250,200,false
26251,200,false
26252,200,false
26253,200,false
26254,200,false
26255,200,false
26256,200,false
26257,200,false
26258,200,false
26259,200,false
26260,200,false
26261,200,false
26262,200,false
26263,200,false
26264,200,false
26265,200,false
26266,200,false
26267,200,false
26268,200,false
26269,200,false
26270,200,false
26271,200,false
26272,200,false
26273,200,false
26274,200,false
26275,200,false
26276,200,false
26277,200,false
26278,200,false
26279,200,false
26280,500,true
26281,500,true
26282,500,true
26283,500,true
26284,500,true
26285,500,true
26286,500,true
26287,500,true
26288,500,true
26289,500,true
26290,500,true
26291,500,true
26292,500,true
26293,500,true
26294,500,true
26295,500,true
26296,500,true
26297,500,true
26298,500,true
26299,500,true
26300,500,true
26301,500,true
26302,500,true
26303,500,true
26304,500,true
26305,500,true
26306,500,true
26307,500,true
26308,500,true
26309,500,true
26310,500,true
26311,500,true
26312,500,true
26313,500,true
26314,500,true
26315,500,true
26316,500,true
26317,500,true
26318,500,true
26319,500,true
26320,500,true
26321,500,true
26322,500,true
26323,500,true
26324,500,true
26325,500,true
26326,500,true
26327,500,true
26328,500,true
26329,500,true
26330,500,true
26331,500,true
26332,500,true
26333,500,true
26334,500,true
26335,500,true
26336,500,true
26337,500,true
26338,500,true
26339,500,true
26340,500,true
26341,500,true
26342,500,true
26343,500,true
26344,500,true
26345,500,true
26346,500,true
26347,500,true
26348,500,true
26349,500,true
26350,500,true
26351,500,true
26352,500,true
26353,200,false
26354,200,false
26355,200,false
26356,200,false
26357,200,false
26358,200,false
26359,200,false
26360,200,false
26361,200,false
26362,200,false
26363,200,false
26364,200,false
26365,200,false
26366,200,false
26367,200,false
26368,200,false
26369,200,false
26370,200,false
26371,200,false
26372,200,false
26373,200,false
26374,200,false
26375,200,false
26376,200,false
26377,200,false
26378,200,false
26379,200,false
26380,200,false
26381,200,false
26382,200,false
26383,200,false
26384,200,false
26385,200,false
26386,200,false
26387,200,false
26388,200,false
26389,200,false
26390,200,false
26391,200,false
26392,200,false
26393,200,false
26394,200,false
26395,200,false
26396,200,false
26397,200,false
26398,200,false
26399,200,false
26400,200,false
26401,200,false
26402,200,false
26403,200,false
26404,200,false
26405,200,false
26406,200,false
26407,200,false
26408,200,false
26409,200,false
26410,200,false
26411,200,false
26412,200,false
26413,200,false
26414,200,false
26415,200,false
26416,200,false
26417,200,false
26418,200,false
26419,200,false
26420,200,false
26421,200,false
26422,200,false
26423,200,false
26424,200,false
26425,200,false
26426,200,false
26427,200,false
26428,200,false
26429,200,false
26430,200,false
26431,200,false
26432,200,false
26433,200,false
26434,200,false
26435,200,false
26436,200,false
26437,200,false
26438,200,false
26439,200,false
26440,200,false
26441,200,false
26442,200,false
26443,200,false
26444,200,false
26445,200,false
26446,200,false
26447,200,false
26448,200,false
26449,200,false
26450,200,false
26451,200,false
26452,200,false
26453,200,false
26454,200,false
26455,200,false
26456,200,false
26457,200,false
26458,200,false
26459,200,false
26460,200,false
26461,200,false
26462,200,false
26463,200,false
26464,200,false
26465,200,false
26466,200,false
26467,200,false
26468,200,false
26469,200,false
26470,200,false
26471,200,false
26472,200,false
26473,200,false
26474,200,false
26475,200,false
26476,200,false
26477,200,false
26478,200,false
26479,200,false
26480,200,false
26481,200,false
26482,200,false
26483,200,false
26484,200,false
26485,200,false
26486,200,false
26487,200,false
26488,200,false
26489,200,false
26490,200,false
26491,200,false
26492,200,false
26493,200,false
26494,200,false
26495,200,false
26496,200,false
26497,200,false
26498,200,false
26499,404,true
26500,404,true
26501,404,true
26502,404,true
26503,404,true
26504,404,true
26505,404,true
26506,404,true
26507,404,true
26508,404,true
26509,404,true
26510,404,true
26511,404,true
26512,404,true
26513,404,true
26514,404,true
26515,404,true
26516,404,true
26517,404,true
26518,404,true
26519,404,true
26520,404,true
26521,404,true
26522,404,true
26523,404,true
26524,404,true
26525,404,true
26526,404,true
26527,404,true
26528,404,true
26529,404,true
26530,404,true
26531,404,true
26532,404,true
26533,404,true
26534,404,true
26535,404,true
26536,404,true
26537,404,true
26538,404,true
26539,404,true
26540,404,true
26541,404,true
26542,404,true
26543,404,true
26544,404,true
26545,404,true
26546,404,true
26547,404,true
26548,404,true
26549,404,true
26550,404,true
26551,404,true
26552,404,true
26553,404,true
26554,404,true
26555,404,true
26556,404,true
26557,404,true
26558,404,true
26559,404,true
26560,404,true
26561,404,true
26562,404,true
26563,404,true
26564,404,true
26565,404,true
26566,404,true
26567,404,true
26568,404,true
26569,404,true
26570,404,true
26571,404,true
26572,404,true
26573,404,true
26574,404,true
26575,404,true
26576,404,true
26577,404,true
26578,404,true
26579,404,true
26580,404,true
26581,404,true
26582,404,true
26583,404,true
26584,404,true
26585,404,true
26586,404,true
26587,404,true
26588,404,true
26589,404,true
26590,404,true
26591,404,true
26592,404,true
26593,404,true
26594,404,true
26595,404,true
26596,404,true
26597,404,true
26598,404,true
26599,404,true
26600,404,true
26601,404,true
26602,404,true
26603,404,true
26604,404,true
26605,404,true
26606,404,true
26607,404,true
26608,404,true
26609,404,true
26610,404,true
26611,404,true
26612,404,true
26613,404,true
26614,404,true
26615,404,true
26616,404,true
26617,404,true
26618,404,true
26619,404,true
26620,404,true
26621,404,true
26622,404,true
26623,404,true
26624,404,true
26625,404,true
26626,404,true
26627,404,true
26628,404,true
26629,404,true
26630,404,true
26631,404,true
26632,404,true
26633,404,true
26634,404,true
26635,404,true
26636,404,true
26637,404,true
26638,404,true
26639,404,true
26640,404,true
26641,404,true
26642,404,true
26643,404,true
26644,404,true
26645,500,true
26646,500,true
26647,500,true
26648,500,true
26649,500,true
26650,500,true
26651,500,true
26652,500,true
26653,500,true
26654,500,true
26655,500,true
26656,500,true
26657,500,true
26658,500,true
26659,500,true
26660,500,true
26661,500,true
26662,500,true
26663,500,true
26664,500,true
26665,500,true
26666,500,true
26667,500,true
26668,500,true
26669,500,true
26670,500,true
26671,500,true
26672,500,true
26673,500,true
26674,500,true
26675,500,true
26676,500,true
26677,500,true
26678,500,true
26679,500,true
26680,500,true
26681,500,true
26682,500,true
26683,500,true
26684,500,true
26685,500,true
26686,500,true
26687,500,true
26688,500,true
26689,500,true
26690,500,true
26691,500,true
26692,500,true
26693,500,true
26694,500,true
26695,500,true
26696,500,true
26697,500,true
26698,500,true
26699,500,true
26700,500,true
26701,500,true
26702,500,true
26703,500,true
26704,500,true
26705,500,true
26706,500,true
26707,500,true
26708,500,true
26709,500,true
26710,500,true
26711,500,true
26712,500,true
26713,500,true
26714,500,true
26715,500,true
26716,500,true
26717,500,true
26718,200,false
26719,200,false
26720,200,false
26721,200,false
26722,200,false
26723,200,false
26724,200,false
26725,200,false
26726,200,false
26727,200,false
26728,200,false
26729,200,false
26730,200,false
26731,200,false
26732,200,false
26733,200,false
26734,200,false
26735,200,false
26736,200,false
26737,200,false
26738,200,false
26739,200,false
26740,200,false
26741,200,false
26742,200,false
26743,200,false
26744,200,false
26745,200,false
26746,200,false
26747,200,false
26748,200,false
26749,200,false
26750,200,false
26751,200,false
26752,200,false
26753,200,false
26754,200,false
26755,200,false
26756,200,false
26757,200,false
26758,200,false
26759,200,false
26760,200,false
26761,200,false
26762,200,false
26763,200,false
26764,200,false
26765,200,false
26766,200,false
26767,200,false
26768,200,false
26769,200,false
26770,200,false
26771,200,false
26772,200,false
26773,200,false
26774,200,false
26775,200,false
26776,200,false
26777,200,false
26778,200,false
26779,200,false
26780,200,false
26781,200,false
26782,200,false
26783,200,false
26784,200,false
26785,200,false
26786,200,false
26787,200,false
26788,200,false
26789,200,false
26790,200,false
26791,404,true
26792,404,true
26793,404,true
26794,404,true
26795,404,true
26796,404,true
26797,404,true
26798,404,true
26799,404,true
26800,404,true
26801,404,true
26802,404,true
26803,404,true
26804,404,true
26805,404,true
26806,404,true
26807,404,true
26808,404,true
26809,404,true
26810,404,true
26811,404,true
26812,404,true
26813,404,true
26814,404,true
26815,404,true
26816,404,true
26817,404,true
26818,404,true
26819,404,true
26820,404,true
26821,404,true
26822,404,true
26823,404,true
26824,404,true
26825,404,true
26826,404,true
26827,404,true
26828,404,true
26829,404,true
26830,404,true
26831,404,true
26832,404,true
26833,404,true
26834,404,true
26835,404,true
26836,404,true
26837,404,true
26838,404,true
26839,404,true
26840,404,true
26841,404,true
26842,404,true
26843,404,true
26844,404,true
26845,404,true
26846,404,true
26847,404,true
26848,404,true
26849,404,true
26850,404,true
26851,404,true
26852,404,true
26853,404,true
26854,404,true
26855,404,true
26856,404,true
26857,404,true
26858,404,true
26859,404,true
26860,404,true
26861,404,true
26862,404,true
26863,404,true
26864,404,true
26865,404,true
26866,404,true
26867,404,true
26868,404,true
26869,404,true
26870,404,true
26871,404,true
26872,404,true
26873,404,true
26874,404,true
26875,404,true
26876,404,true
26877,404,true
26878,404,true
26879,404,true
26880,404,true
26881,404,true
26882,404,true
26883,404,true
26884,404,true
26885,404,true
26886,404,true
26887,404,true
26888,404,true
26889,404,true
26890,404,true
26891,404,true
26892,404,true
26893,404,true
26894,404,true
26895,404,true
26896,404,true
26897,404,true
26898,404,true
26899,404,true
26900,404,true
26901,404,true
26902,404,true
26903,404,true
26904,404,true
26905,404,true
26906,404,true
26907,404,true
26908,404,true
26909,404,true
26910,404,true
26911,404,true
26912,404,true
26913,404,true
26914,404,true
26915,404,true
26916,404,true
26917,404,true
26918,404,true
26919,404,true
26920,404,true
26921,404,true
26922,404,true
26923,404,true
26924,404,true
26925,404,true
26926,404,true
26927,404,true
26928,404,true
26929,404,true
26930,404,true
26931,404,true
26932,404,true
26933,404,true
26934,404,true
26935,404,true
26936,404,true
26937,500,true
26938,500,true
26939,500,true
26940,500,true
26941,500,true
26942,500,true
26943,500,true
26944,500,true
26945,500,true
26946,500,true
26947,500,true
26948,500,true
26949,500,true
26950,500,true
26951,500,true
26952,500,true
26953,500,true
26954,500,true
26955,500,true
26956,500,true
26957,500,true
26958,500,true
26959,500,true
26960,500,true
26961,500,true
26962,500,true
26963,500,true
26964,500,true
26965,500,true
26966,500,true
26967,500,true
26968,500,true
26969,500,true
26970,500,true
26971,500,true
26972,500,true
26973,500,true
26974,500,true
26975,500,true
26976,500,true
26977,500,true
26978,500,true
26979,500,true
26980,500,true
26981,500,true
26982,500,true
26983,500,true
26984,500,true
26985,500,true
26986,500,true
26987,500,true
26988,500,true
26989,500,true
26990,500,true
26991,500,true
26992,500,true
26993,500,true
26994,500,true
26995,500,true
26996,500,true
26997,500,true
26998,500,true
26999,500,true
27000,500,true
27001,500,true
27002,500,true
27003,500,true
27004,500,true
27005,500,true
27006,500,true
27007,500,true
27008,500,true
27009,500,true
27010,404,true
27011,404,true
27012,404,true
27013,404,true
27014,404,true
27015,404,true
27016,404,true
27017,404,true
27018,404,true
27019,404,true
27020,404,true
27021,404,true
27022,404,true
27023,404,true
27024,404,true
27025,404,true
27026,404,true
27027,404,true
27028,404,true
27029,404,true
27030,404,true
27031,404,true
27032,404,true
27033,404,true
27034,404,true
27035,404,true
27036,404,true
27037,404,true
27038,404,true
27039,404,true
27040,404,true
27041,404,true
27042,404,true
27043,404,true
27044,404,true
27045,404,true
27046,404,true
27047,404,true
27048,404,true
27049,404,true
27050,404,true
27051,404,true
27052,404,true
27053,404,true
27054,404,true
27055,404,true
27056,404,true
27057,404,true
27058,404,true
27059,404,true
27060,404,true
27061,404,true
27062,404,true
27063,404,true
27064,404,true
27065,404,true
27066,404,true
27067,404,true
27068,404,true
27069,404,true
27070,404,true
27071,404,true
27072,404,true
27073,404,true
27074,404,true
27075,404,true
27076,404,true
27077,404,true
27078,404,true
27079,404,true
27080,404,true
27081,404,true
27082,404,true
27083,200,false
27084,200,false
27085,200,false
27086,200,false
27087,200,false
27088,200,false
27089,200,false
27090,200,false
27091,200,false
27092,200,false
27093,200,false
27094,200,false
27095,200,false
27096,200,false
27097,200,false
27098,200,false
27099,200,false
27100,200,false
27101,200,false
27102,200,false
27103,200,false
27104,200,false
27105,200,false
27106,200,false
27107,200,false
27108,200,false
27109,200,false
27110,200,false
27111,200,false
27112,200,false
27113,200,false
27114,200,false
27115,200,false
27116,200,false
27117,200,false
27118,200,false
27119,200,false
27120,200,false
27121,200,false
27122,200,false
27123,200,false
27124,200,false
27125,200,false
27126,200,false
27127,200,false
27128,200,false
27129,200,false
27130,200,false
27131,200,false
27132,200,false
27133,200,false
27134,200,false
27135,200,false
27136,200,false
27137,200,false
27138,200,false
27139,200,false
27140,200,false
27141,200,false
27142,200,false
27143,200,false
27144,200,false
27145,200,false
27146,200,false
27147,200,false
27148,200,false
27149,200,false
27150,200,false
27151,200,false
27152,200,false
27153,200,false
27154,200,false
27155,200,false
27156,200,false
27157,200,false
27158,200,false
27159,200,false
27160,200,false
27161,200,false
27162,200,false
27163,200,false
27164,200,false
27165,200,false
27166,200,false
27167,200,false
27168,200,false
27169,200,false
27170,200,false
27171,200,false
27172,200,false
27173,200,false
27174,200,false
27175,200,false
27176,200,false
27177,200,false
27178,200,false
27179,200,false
27180,200,false
27181,200,false
27182,200,false
27183,200,false
27184,200,false
27185,200,false
27186,200,false
27187,200,false
27188,200,false
27189,200,false
27190,200,false
27191,200,false
27192,200,false
27193,200,false
27194,200,false
27195,200,false
27196,200,false
27197,200,false
27198,200,false
27199,200,false
27200,200,false
27201,200,false
27202,200,false
27203,200,false
27204,200,false
27205,200,false
27206,200,false
27207,200,false
27208,200,false
27209,200,false
27210,200,false
27211,200,false
27212,200,false
27213,200,false
27214,200,false
27215,200,false
27216,200,false
27217,200,false
27218,200,false
27219,200,false
27220,200,false
27221,200,false
27222,200,false
27223,200,false
27224,200,false
27225,200,false
27226,200,false
27227,200,false
27228,200,false
27229,200,false
27230,200,false
27231,200,false
27232,200,false
27233,200,false
27234,200,false
27235,200,false
27236,200,false
27237,200,false
27238,200,false
27239,200,false
27240,200,false
27241,200,false
27242,200,false
27243,200,false
27244,200,false
27245,200,false
27246,200,false
27247,200,false
27248,200,false
27249,200,false
27250,200,false
27251,200,false
27252,200,false
27253,200,false
27254,200,false
27255,200,false
27256,200,false
27257,200,false
27258,200,false
27259,200,false
27260,200,false
27261,200,false
27262,200,false
27263,200,false
27264,200,false
27265,200,false
27266,200,false
27267,200,false
27268,200,false
27269,200,false
27270,200,false
27271,200,false
27272,200,false
27273,200,false
27274,200,false
27275,200,false
27276,200,false
27277,200,false
27278,200,false
27279,200,false
27280,200,false
27281,200,false
27282,200,false
27283,200,false
27284,200,false
27285,200,false
27286,200,false
27287,200,false
27288,200,false
27289,200,false
27290,200,false
27291,200,false
27292,200,false
27293,200,false
27294,200,false
27295,200,false
27296,200,false
27297,200,false
27298,200,false
27299,200,false
27300,200,false
27301,200,false
27302,200,false
27303,200,false
27304,200,false
27305,200,false
27306,200,false
27307,200,false
27308,200,false
27309,200,false
27310,200,false
27311,200,false
27312,200,false
27313,200,false
27314,200,false
27315,200,false
27316,200,false
27317,200,false
27318,200,false
27319,200,false
27320,200,false
27321,200,false
27322,200,false
27323,200,false
27324,200,false
27325,200,false
27326,200,false
27327,200,false
27328,200,false
27329,200,false
27330,200,false
27331,200,false
27332,200,false
27333,200,false
27334,200,false
27335,200,false
27336,200,false
27337,200,false
27338,200,false
27339,200,false
27340,200,false
27341,200,false
27342,200,false
27343,200,false
27344,200,false
27345,200,false
27346,200,false
27347,200,false
27348,200,false
27349,200,false
27350,200,false
27351,200,false
27352,200,false
27353,200,false
27354,200,false
27355,200,false
27356,200,false
27357,200,false
27358,200,false
27359,200,false
27360,200,false
27361,200,false
27362,200,false
27363,200,false
27364,200,false
27365,200,false
27366,200,false
27367,200,false
27368,200,false
27369,200,false
27370,200,false
27371,200,false
27372,200,false
27373,200,false
27374,200,false
27375,500,true
27376,500,true
27377,500,true
27378,500,true
27379,500,true
27380,500,true
27381,500,true
27382,500,true
27383,500,true
27384,500,true
27385,500,true
27386,500,true
27387,500,true
27388,500,true
27389,500,true
27390,500,true
27391,500,true
27392,500,true
27393,500,true
27394,500,true
27395,500,true
27396,500,true
27397,500,true
27398,500,true
27399,500,true
27400,500,true
27401,500,true
27402,500,true
27403,500,true
27404,500,true
27405,500,true
27406,500,true
27407,500,true
27408,500,true
27409,500,true
27410,500,true
27411,500,true
27412,500,true
27413,500,true
27414,500,true
27415,500,true
27416,500,true
27417,500,true
27418,500,true
27419,500,true
27420,500,true
27421,500,true
27422,500,true
27423,500,true
27424,500,true
27425,500,true
27426,500,true
27427,500,true
27428,500,true
27429,500,true
27430,500,true
27431,500,true
27432,500,true
27433,500,true
27434,500,true
27435,500,true
27436,500,true
27437,500,true
27438,500,true
27439,500,true
27440,500,true
27441,500,true
27442,500,true
27443,500,true
27444,500,true
27445,500,true
27446,500,true
27447,500,true
27448,200,false
27449,200,false
27450,200,false
27451,200,false
27452,200,false
27453,200,false
27454,200,false
27455,200,false
27456,200,false
27457,200,false
27458,200,false
27459,200,false
27460,200,false
27461,200,false
27462,200,false
27463,200,false
27464,200,false
27465,200,false
27466,200,false
27467,200,false
27468,200,false
27469,200,false
27470,200,false
27471,200,false
27472,200,false
27473,200,false
27474,200,false
27475,200,false
27476,200,false
27477,200,false
27478,200,false
27479,200,false
27480,200,false
27481,200,false
27482,200,false
27483,200,false
27484,200,false
27485,200,false
27486,200,false
27487,200,false
27488,200,false
27489,200,false
27490,200,false
27491,200,false
27492,200,false
27493,200,false
27494,200,false
27495,200,false
27496,200,false
27497,200,false
27498,200,false
27499,200,false
27500,200,false
27501,200,false
27502,200,false
27503,200,false
27504,200,false
27505,200,false
27506,200,false
27507,200,false
27508,200,false
27509,200,false
27510,200,false
27511,200,false
27512,200,false
27513,200,false
27514,200,false
27515,200,false
27516,200,false
27517,200,false
27518,200,false
27519,200,false
27520,200,false
27521,200,false
27522,200,false
27523,200,false
27524,200,false
27525,200,false
27526,200,false
27527,200,false
27528,200,false
27529,200,false
27530,200,false
27531,200,false
27532,200,false
27533,200,false
27534,200,false
27535,200,false
27536,200,false
27537,200,false
27538,200,false
27539,200,false
27540,200,false
27541,200,false
27542,200,false
27543,200,false
27544,200,false
27545,200,false
27546,200,false
27547,200,false
27548,200,false
27549,200,false
27550,200,false
27551,200,false
27552,200,false
27553,200,false
27554,200,false
27555,200,false
27556,200,false
27557,200,false
27558,200,false
27559,200,false
27560,200,false
27561,200,false
27562,200,false
27563,200,false
27564,200,false
27565,200,false
27566,200,false
27567,200,false
27568,200,false
27569,200,false
27570,200,false
27571,200,false
27572,200,false
27573,200,false
27574,200,false
27575,200,false
27576,200,false
27577,200,false
27578,200,false
27579,200,false
27580,200,false
27581,200,false
27582,200,false
27583,200,false
27584,200,false
27585,200,false
27586,200,false
27587,200,false
27588,200,false
27589,200,false
27590,200,false
27591,200,false
27592,200,false
27593,200,false
27594,500,true
27595,500,true
27596,500,true
27597,500,true
27598,500,true
27599,500,true
27600,500,true
27601,500,true
27602,500,true
27603,500,true
27604,500,true
27605,500,true
27606,500,true
27607,500,true
27608,500,true
27609,500,true
27610,500,true
27611,500,true
27612,500,true
27613,500,true
27614,500,true
27615,500,true
27616,500,true
27617,500,true
27618,500,true
27619,500,true
27620,500,true
27621,500,true
27622,500,true
27623,500,true
27624,500,true
27625,500,true
27626,500,true
27627,500,true
27628,500,true
27629,500,true
27630,500,true
27631,500,true
27632,500,true
27633,500,true
27634,500,true
27635,500,true
27636,500,true
27637,500,true
27638,500,true
27639,500,true
27640,500,true
27641,500,true
27642,500,true
27643,500,true
27644,500,true
27645,500,true
27646,500,true
27647,500,true
27648,500,true
27649,500,true
27650,500,true
27651,500,true
27652,500,true
27653,500,true
27654,500,true
27655,500,true
27656,500,true
27657,500,true
27658,500,true
27659,500,true
27660,500,true
27661,500,true
27662,500,true
27663,500,true
27664,500,true
27665,500,true
27666,500,true
27667,200,false
27668,200,false
27669,200,false
27670,200,false
27671,200,false
27672,200,false
27673,200,false
27674,200,false
27675,200,false
27676,200,false
27677,200,false
27678,200,false
27679,200,false
27680,200,false
27681,200,false
27682,200,false
27683,200,false
27684,200,false
27685,200,false
27686,200,false
27687,200,false
27688,200,false
27689,200,false
27690,200,false
27691,200,false
27692,200,false
27693,200,false
27694,200,false
27695,200,false
27696,200,false
27697,200,false
27698,200,false
27699,200,false
27700,200,false
27701,200,false
27702,200,false
27703,200,false
27704,200,false
27705,200,false
27706,200,false
27707,200,false
27708,200,false
27709,200,false
27710,200,false
27711,200,false
27712,200,false
27713,200,false
27714,200,false
27715,200,false
27716,200,false
27717,200,false
27718,200,false
27719,200,false
27720,200,false
27721,200,false
27722,200,false
27723,200,false
27724,200,false
27725,200,false
27726,200,false
27727,200,false
27728,200,false
27729,200,false
27730,200,false
27731,200,false
27732,200,false
27733,200,false
27734,200,false
27735,200,false
27736,200,false
27737,200,false
27738,200,false
27739,200,false
27740,500,true
27741,500,true
27742,500,true
27743,500,true
27744,500,true
27745,500,true
27746,500,true
27747,500,true
27748,500,true
27749,500,true
27750,500,true
27751,500,true
27752,500,true
27753,500,true
27754,500,true
27755,500,true
27756,500,true
27757,500,true
27758,500,true
27759,500,true
27760,500,true
27761,500,true
27762,500,true
27763,500,true
27764,500,true
27765,500,true
27766,500,true
27767,500,true
27768,500,true
27769,500,true
27770,500,true
27771,500,true
27772,500,true
27773,500,true
27774,500,true
27775,500,true
27776,500,true
27777,500,true
27778,500,true
27779,500,true
27780,500,true
27781,500,true
27782,500,true
27783,500,true
27784,500,true
27785,500,true
27786,500,true
27787,500,true
27788,500,true
27789,500,true
27790,500,true
27791,500,true
27792,500,true
27793,500,true
27794,500,true
27795,500,true
27796,500,true
27797,500,true
27798,500,true
27799,500,true
27800,500,true
27801,500,true
27802,500,true
27803,500,true
27804,500,true
27805,500,true
27806,500,true
27807,500,true
27808,500,true
27809,500,true
27810,500,true
27811,500,true
27812,500,true
27813,200,false
27814,200,false
27815,200,false
27816,200,false
27817,200,false
27818,200,false
27819,200,false
27820,200,false
27821,200,false
27822,200,false
27823,200,false
27824,200,false
27825,200,false
27826,200,false
27827,200,false
27828,200,false
27829,200,false
27830,200,false
27831,200,false
27832,200,false
27833,200,false
27834,200,false
27835,200,false
27836,200,false
27837,200,false
27838,200,false
27839,200,false
27840,200,false
27841,200,false
27842,200,false
27843,200,false
27844,200,false
27845,200,false
27846,200,false
27847,200,false
27848,200,false
27849,200,false
27850,200,false
27851,200,false
27852,200,false
27853,200,false
27854,200,false
27855,200,false
27856,200,false
27857,200,false
27858,200,false
27859,200,false
27860,200,false
27861,200,false
27862,200,false
27863,200,false
27864,200,false
27865,200,false
27866,200,false
27867,200,false
27868,200,false
27869,200,false
27870,200,false
27871,200,false
27872,200,false
27873,200,false
27874,200,false
27875,200,false
27876,200,false
27877,200,false
27878,200,false
27879,200,false
27880,200,false
27881,200,false
27882,200,false
27883,200,false
27884,200,false
27885,200,false
27886,500,true
27887,500,true
27888,500,true
27889,500,true
27890,500,true
27891,500,true
27892,500,true
27893,500,true
27894,500,true
27895,500,true
27896,500,true
27897,500,true
27898,500,true
27899,500,true
27900,500,true
27901,500,true
27902,500,true
27903,500,true
27904,500,true
27905,500,true
27906,500,true
27907,500,true
27908,500,true
27909,500,true
27910,500,true
27911,500,true
27912,500,true
27913,500,true
27914,500,true
27915,500,true
27916,500,true
27917,500,true
27918,500,true
27919,500,true
27920,500,true
27921,500,true
27922,500,true
27923,500,true
27924,500,true
27925,500,true
27926,500,true
27927,500,true
27928,500,true
27929,500,true
27930,500,true
27931,500,true
27932,500,true
27933,500,true
27934,500,true
27935,500,true
27936,500,true
27937,500,true
27938,500,true
27939,500,true
27940,500,true
27941,500,true
27942,500,true
27943,500,true
27944,500,true
27945,500,true
27946,500,true
27947,500,true
27948,500,true
27949,500,true
27950,500,true
27951,500,true
27952,500,true
27953,500,true
27954,500,true
27955,500,true
27956,500,true
27957,500,true
27958,500,true
27959,500,true
27960,500,true
27961,500,true
27962,500,true
27963,500,true
27964,500,true
27965,500,true
27966,500,true
27967,500,true
27968,500,true
27969,500,true
27970,500,true
27971,500,true
27972,500,true
27973,500,true
27974,500,true
27975,500,true
27976,500,true
27977,500,true
27978,500,true
27979,500,true
27980,500,true
27981,500,true
27982,500,true
27983,500,true
27984,500,true
27985,500,true
27986,500,true
27987,500,true
27988,500,true
27989,500,true
27990,500,true
27991,500,true
27992,500,true
27993,500,true
27994,500,true
27995,500,true
27996,500,true
27997,500,true
27998,500,true
27999,500,true
28000,500,true
28001,500,true
28002,500,true
28003,500,true
28004,500,true
28005,500,true
28006,500,true
28007,500,true
28008,500,true
28009,500,true
28010,500,true
28011,500,true
28012,500,true
28013,500,true
28014,500,true
28015,500,true
28016,500,true
28017,500,true
28018,500,true
28019,500,true
28020,500,true
28021,500,true
28022,500,true
28023,500,true
28024,500,true
28025,500,true
28026,500,true
28027,500,true
28028,500,true
28029,500,true
28030,500,true
28031,500,true
28032,200,false
28033,200,false
28034,200,false
28035,200,false
28036,200,false
28037,200,false
28038,200,false
28039,200,false
28040,200,false
28041,200,false
28042,200,false
28043,200,false
28044,200,false
28045,200,false
28046,200,false
28047,200,false
28048,200,false
28049,200,false
28050,200,false
28051,200,false
28052,200,false
28053,200,false
28054,200,false
28055,200,false
28056,200,false
28057,200,false
28058,200,false
28059,200,false
28060,200,false
28061,200,false
28062,200,false
28063,200,false
28064,200,false
28065,200,false
28066,200,false
28067,200,false
28068,200,false
28069,200,false
28070,200,false
28071,200,false
28072,200,false
28073,200,false
28074,200,false
28075,200,false
28076,200,false
28077,200,false
28078,200,false
28079,200,false
28080,200,false
28081,200,false
28082,200,false
28083,200,false
28084,200,false
28085,200,false
28086,200,false
28087,200,false
28088,200,false
28089,200,false
28090,200,false
28091,200,false
28092,200,false
28093,200,false
28094,200,false
28095,200,false
28096,200,false
28097,200,false
28098,200,false
28099,200,false
28100,200,false
28101,200,false
28102,200,false
28103,200,false
28104,200,false
28105,200,false
28106,200,false
28107,200,false
28108,200,false
28109,200,false
28110,200,false
28111,200,false
28112,200,false
28113,200,false
28114,200,false
28115,200,false
28116,200,false
28117,200,false
28118,200,false
28119,200,false
28120,200,false
28121,200,false
28122,200,false
28123,200,false
28124,200,false
28125,200,false
28126,200,false
28127,200,false
28128,200,false
28129,200,false
28130,200,false
28131,200,false
28132,200,false
28133,200,false
28134,200,false
28135,200,false
28136,200,false
28137,200,false
28138,200,false
28139,200,false
28140,200,false
28141,200,false
28142,200,false
28143,200,false
28144,200,false
28145,200,false
28146,200,false
28147,200,false
28148,200,false
28149,200,false
28150,200,false
28151,200,false
28152,200,false
28153,200,false
28154,200,false
28155,200,false
28156,200,false
28157,200,false
28158,200,false
28159,200,false
28160,200,false
28161,200,false
28162,200,false
28163,200,false
28164,200,false
28165,200,false
28166,200,false
28167,200,false
28168,200,false
28169,200,false
28170,200,false
28171,200,false
28172,200,false
28173,200,false
28174,200,false
28175,200,false
28176,200,false
28177,200,false
28178,404,true
28179,404,true
28180,404,true
28181,404,true
28182,404,true
28183,404,true
28184,404,true
28185,404,true
28186,404,true
28187,404,true
28188,404,true
28189,404,true
28190,404,true
28191,404,true
28192,404,true
28193,404,true
28194,404,true
28195,404,true
28196,404,true
28197,404,true
28198,404,true
28199,404,true
28200,404,true
28201,404,true
28202,404,true
28203,404,true
28204,404,true
28205,404,true
28206,404,true
28207,404,true
28208,404,true
28209,404,true
28210,404,true
28211,404,true
28212,404,true
28213,404,true
28214,404,true
28215,404,true
28216,404,true
28217,404,true
28218,404,true
28219,404,true
28220,404,true
28221,404,true
28222,404,true
28223,404,true
28224,404,true
28225,404,true
28226,404,true
28227,404,true
28228,404,true
28229,404,true
28230,404,true
28231,404,true
28232,404,true
28233,404,true
28234,404,true
28235,404,true
28236,404,true
28237,404,true
28238,404,true
28239,404,true
28240,404,true
28241,404,true
28242,404,true
28243,404,true
28244,404,true
28245,404,true
28246,404,true
28247,404,true
28248,404,true
28249,404,true
28250,404,true
28251,200,false
28252,200,false
28253,200,false
28254,200,false
28255,200,false
28256,200,false
28257,200,false
28258,200,false
28259,200,false
28260,200,false
28261,200,false
28262,200,false
28263,200,false
28264,200,false
28265,200,false
28266,200,false
28267,200,false
28268,200,false
28269,200,false
28270,200,false
28271,200,false
28272,200,false
28273,200,false
28274,200,false
28275,200,false
28276,200,false
28277,200,false
28278,200,false
28279,200,false
28280,200,false
28281,200,false
28282,200,false
28283,200,false
28284,200,false
28285,200,false
28286,200,false
28287,200,false
28288,200,false
28289,200,false
28290,200,false
28291,200,false
28292,200,false
28293,200,false
28294,200,false
28295,200,false
28296,200,false
28297,200,false
28298,200,false
28299,200,false
28300,200,false
28301,200,false
28302,200,false
28303,200,false
28304,200,false
28305,200,false
28306,200,false
28307,200,false
28308,200,false
28309,200,false
28310,200,false
28311,200,false
28312,200,false
28313,200,false
28314,200,false
28315,200,false
28316,200,false
28317,200,false
28318,200,false
28319,200,false
28320,200,false
28321,200,false
28322,200,false
28323,200,false
28324,200,false
28325,200,false
28326,200,false
28327,200,false
28328,200,false
28329,200,false
28330,200,false
28331,200,false
28332,200,false
28333,200,false
28334,200,false
28335,200,false
28336,200,false
28337,200,false
28338,200,false
28339,200,false
28340,200,false
28341,200,false
28342,200,false
28343,200,false
28344,200,false
28345,200,false
28346,200,false
28347,200,false
28348,200,false
28349,200,false
28350,200,false
28351,200,false
28352,200,false
28353,200,false
28354,200,false
28355,200,false
28356,200,false
28357,200,false
28358,200,false
28359,200,false
28360,200,false
28361,200,false
28362,200,false
28363,200,false
28364,200,false
28365,200,false
28366,200,false
28367,200,false
28368,200,false
28369,200,false
28370,200,false
28371,200,false
28372,200,false
28373,200,false
28374,200,false
28375,200,false
28376,200,false
28377,200,false
28378,200,false
28379,200,false
28380,200,false
28381,200,false
28382,200,false
28383,200,false
28384,200,false
28385,200,false
28386,200,false
28387,200,false
28388,200,false
28389,200,false
28390,200,false
28391,200,false
28392,200,false
28393,200,false
28394,200,false
28395,200,false
28396,200,false
28397,500,true
28398,500,true
28399,500,true
28400,500,true
28401,500,true
28402,500,true
28403,500,true
28404,500,true
28405,500,true
28406,500,true
28407,500,true
28408,500,true
28409,500,true
28410,500,true
28411,500,true
28412,500,true
28413,500,true
28414,500,true
28415,500,true
28416,500,true
28417,500,true
28418,500,true
28419,500,true
28420,500,true
28421,500,true
28422,500,true
28423,500,true
28424,500,true
28425,500,true
28426,500,true
28427,500,true
28428,500,true
28429,500,true
28430,500,true
28431,500,true
28432,500,true
28433,500,true
28434,500,true
28435,500,true
28436,500,true
28437,500,true
28438,500,true
28439,500,true
28440,500,true
28441,500,true
28442,500,true
28443,500,true
28444,500,true
28445,500,true
28446,500,true
28447,500,true
28448,500,true
28449,500,true
28450,500,true
28451,500,true
28452,500,true
28453,500,true
28454,500,true
28455,500,true
28456,500,true
28457,500,true
28458,500,true
28459,500,true
28460,500,true
28461,500,true
28462,500,true
28463,500,true
28464,500,true
28465,500,true
28466,500,true
28467,500,true
28468,500,true
28469,500,true
28470,200,false
28471,200,false
28472,200,false
28473,200,false
28474,200,false
28475,200,false
28476,200,false
28477,200,false
28478,200,false
28479,200,false
28480,200,false
28481,200,false
28482,200,false
28483,200,false
28484,200,false
28485,200,false
28486,200,false
28487,200,false
28488,200,false
28489,200,false
28490,200,false
28491,200,false
28492,200,false
28493,200,false
28494,200,false
28495,200,false
28496,200,false
28497,200,false
28498,200,false
28499,200,false
28500,200,false
28501,200,false
28502,200,false
28503,200,false
28504,200,false
28505,200,false
28506,200,false
28507,200,false
28508,200,false
28509,200,false
28510,200,false
28511,200,false
28512,200,false
28513,200,false
28514,200,false
28515,200,false
28516,200,false
28517,200,false
28518,200,false
28519,200,false
28520,200,false
28521,200,false
28522,200,false
28523,200,false
28524,200,false
28525,200,false
28526,200,false
28527,200,false
28528,200,false
28529,200,false
28530,200,false
28531,200,false
28532,200,false
28533,200,false
28534,200,false
28535,200,false
28536,200,false
28537,200,false
28538,200,false
28539,200,false
28540,200,false
28541,200,false
28542,200,false
28543,200,false
28544,200,false
28545,200,false
28546,200,false
28547,200,false
28548,200,false
28549,200,false
28550,200,false
28551,200,false
28552,200,false
28553,200,false
28554,200,false
28555,200,false
28556,200,false
28557,200,false
28558,200,false
28559,200,false
28560,200,false
28561,200,false
28562,200,false
28563,200,false
28564,200,false
28565,200,false
28566,200,false
28567,200,false
28568,200,false
28569,200,false
28570,200,false
28571,200,false
28572,200,false
28573,200,false
28574,200,false
28575,200,false
28576,200,false
28577,200,false
28578,200,false
28579,200,false
28580,200,false
28581,200,false
28582,200,false
28583,200,false
28584,200,false
28585,200,false
28586,200,false
28587,200,false
28588,200,false
28589,200,false
28590,200,false
28591,200,false
28592,200,false
28593,200,false
28594,200,false
28595,200,false
28596,200,false
28597,200,false
28598,200,false
28599,200,false
28600,200,false
28601,200,false
28602,200,false
28603,200,false
28604,200,false
28605,200,false
28606,200,false
28607,200,false
28608,200,false
28609,200,false
28610,200,false
28611,200,false
28612,200,false
28613,200,false
28614,200,false
28615,200,false
28616,404,true
28617,404,true
28618,404,true
28619,404,true
28620,404,true
28621,404,true
28622,404,true
28623,404,true
28624,404,true
28625,404,true
28626,404,true
28627,404,true
28628,404,true
28629,404,true
28630,404,true
28631,404,true
28632,404,true
28633,404,true
28634,404,true
28635,404,true
28636,404,true
28637,404,true
28638,404,true
28639,404,true
28640,404,true
28641,404,true
28642,404,true
28643,404,true
28644,404,true
28645,404,true
28646,404,true
28647,404,true
28648,404,true
28649,404,true
28650,404,true
28651,404,true
28652,404,true
28653,404,true
28654,404,true
28655,404,true
28656,404,true
28657,404,true
28658,404,true
28659,404,true
28660,404,true
28661,404,true
28662,404,true
28663,404,true
28664,404,true
28665,404,true
28666,404,true
28667,404,true
28668,404,true
28669,404,true
28670,404,true
28671,404,true
28672,404,true
28673,404,true
28674,404,true
28675,404,true
28676,404,true
28677,404,true
28678,404,true
28679,404,true
28680,404,true
28681,404,true
28682,404,true
28683,404,true
28684,404,true
28685,404,true
28686,404,true
28687,404,true
28688,404,true
28689,200,false
28690,200,false
28691,200,false
28692,200,false
28693,200,false
28694,200,false
28695,200,false
28696,200,false
28697,200,false
28698,200,false
28699,200,false
28700,200,false
28701,200,false
28702,200,false
28703,200,false
28704,200,false
28705,200,false
28706,200,false
28707,200,false
28708,200,false
28709,200,false
28710,200,false
28711,200,false
28712,200,false
28713,200,false
28714,200,false
28715,200,false
28716,200,false
28717,200,false
28718,200,false
28719,200,false
28720,200,false
28721,200,false
28722,200,false
28723,200,false
28724,200,false
28725,200,false
28726,200,false
28727,200,false
28728,200,false
28729,200,false
28730,200,false
28731,200,false
28732,200,false
28733,200,false
28734,200,false
28735,200,false
28736,200,false
28737,200,false
28738,200,false
28739,200,false
28740,200,false
28741,200,false
28742,200,false
28743,200,false
28744,200,false
28745,200,false
28746,200,false
28747,200,false
28748,200,false
28749,200,false
28750,200,false
28751,200,false
28752,200,false
28753,200,false
28754,200,false
28755,200,false
28756,200,false
28757,200,false
28758,200,false
28759,200,false
28760,200,false
28761,200,false
28762,200,false
28763,200,false
28764,200,false
28765,200,false
28766,200,false
28767,200,false
28768,200,false
28769,200,false
28770,200,false
28771,200,false
28772,200,false
28773,200,false
28774,200,false
28775,200,false
28776,200,false
28777,200,false
28778,200,false
28779,200,false
28780,200,false
28781,200,false
28782,200,false
28783,200,false
28784,200,false
28785,200,false
28786,200,false
28787,200,false
28788,200,false
28789,200,false
28790,200,false
28791,200,false
28792,200,false
28793,200,false
28794,200,false
28795,200,false
28796,200,false
28797,200,false
28798,200,false
28799,200,false
28800,200,false
28801,200,false
28802,200,false
28803,200,false
28804,200,false
28805,200,false
28806,200,false
28807,200,false
28808,200,false
28809,200,false
28810,200,false
28811,200,false
28812,200,false
28813,200,false
28814,200,false
28815,200,false
28816,200,false
28817,200,false
28818,200,false
28819,200,false
28820,200,false
28821,200,false
28822,200,false
28823,200,false
28824,200,false
28825,200,false
28826,200,false
28827,200,false
28828,200,false
28829,200,false
28830,200,false
28831,200,false
28832,200,false
28833,200,false
28834,200,false
28835,200,false
28836,200,false
28837,200,false
28838,200,false
28839,200,false
28840,200,false
28841,200,false
28842,200,false
28843,200,false
28844,200,false
28845,200,false
28846,200,false
28847,200,false
28848,200,false
28849,200,false
28850,200,false
28851,200,false
28852,200,false
28853,200,false
28854,200,false
28855,200,false
28856,200,false
28857,200,false
28858,200,false
28859,200,false
28860,200,false
28861,200,false
28862,200,false
28863,200,false
28864,200,false
28865,200,false
28866,200,false
28867,200,false
28868,200,false
28869,200,false
28870,200,false
28871,200,false
28872,200,false
28873,200,false
28874,200,false
28875,200,false
28876,200,false
28877,200,false
28878,200,false
28879,200,false
28880,200,false
28881,200,false
28882,200,false
28883,200,false
28884,200,false
28885,200,false
28886,200,false
28887,200,false
28888,200,false
28889,200,false
28890,200,false
28891,200,false
28892,200,false
28893,200,false
28894,200,false
28895,200,false
28896,200,false
28897,200,false
28898,200,false
28899,200,false
28900,200,false
28901,200,false
28902,200,false
28903,200,false
28904,200,false
28905,200,false
28906,200,false
28907,200,false
28908,200,false
28909,200,false
28910,200,false
28911,200,false
28912,200,false
28913,200,false
28914,200,false
28915,200,false
28916,200,false
28917,200,false
28918,200,false
28919,200,false
28920,200,false
28921,200,false
28922,200,false
28923,200,false
28924,200,false
28925,200,false
28926,200,false
28927,200,false
28928,200,false
28929,200,false
28930,200,false
28931,200,false
28932,200,false
28933,200,false
28934,200,false
28935,200,false
28936,200,false
28937,200,false
28938,200,false
28939,200,false
28940,200,false
28941,200,false
28942,200,false
28943,200,false
28944,200,false
28945,200,false
28946,200,false
28947,200,false
28948,200,false
28949,200,false
28950,200,false
28951,200,false
28952,200,false
28953,200,false
28954,200,false
28955,200,false
28956,200,false
28957,200,false
28958,200,false
28959,200,false
28960,200,false
28961,200,false
28962,200,false
28963,200,false
28964,200,false
28965,200,false
28966,200,false
28967,200,false
28968,200,false
28969,200,false
28970,200,false
28971,200,false
28972,200,false
28973,200,false
28974,200,false
28975,200,false
28976,200,false
28977,200,false
28978,200,false
28979,200,false
28980,200,false
28981,500,true
28982,500,true
28983,500,true
28984,500,true
28985,500,true
28986,500,true
28987,500,true
28988,500,true
28989,500,true
28990,500,true
28991,500,true
28992,500,true
28993,500,true
28994,500,true
28995,500,true
28996,500,true
28997,500,true
28998,500,true
28999,500,true
29000,500,true
29001,500,true
29002,500,true
29003,500,true
29004,500,true
29005,500,true
29006,500,true
29007,500,true
29008,500,true
29009,500,true
29010,500,true
29011,500,true
29012,500,true
29013,500,true
29014,500,true
29015,500,true
29016,500,true
29017,500,true
29018,500,true
29019,500,true
29020,500,true
29021,500,true
29022,500,true
29023,500,true
29024,500,true
29025,500,true
29026,500,true
29027,500,true
29028,500,true
29029,500,true
29030,500,true
29031,500,true
29032,500,true
29033,500,true
29034,500,true
29035,500,true
29036,500,true
29037,500,true
29038,500,true
29039,500,true
29040,500,true
29041,500,true
29042,500,true
29043,500,true
29044,500,true
29045,500,true
29046,500,true
29047,500,true
29048,500,true
29049,500,true
29050,500,true
29051,500,true
29052,500,true
29053,500,true
29054,500,true
29055,500,true
29056,500,true
29057,500,true
29058,500,true
29059,500,true
29060,500,true
29061,500,true
29062,500,true
29063,500,true
29064,500,true
29065,500,true
29066,500,true
29067,500,true
29068,500,true
29069,500,true
29070,500,true
29071,500,true
29072,500,true
29073,500,true
29074,500,true
29075,500,true
29076,500,true
29077,500,true
29078,500,true
29079,500,true
29080,500,true
29081,500,true
29082,500,true
29083,500,true
29084,500,true
29085,500,true
29086,500,true
29087,500,true
29088,500,true
29089,500,true
29090,500,true
29091,500,true
29092,500,true
29093,500,true
29094,500,true
29095,500,true
29096,500,true
29097,500,true
29098,500,true
29099,500,true
29100,500,true
29101,500,true
29102,500,true
29103,500,true
29104,500,true
29105,500,true
29106,500,true
29107,500,true
29108,500,true
29109,500,true
29110,500,true
29111,500,true
29112,500,true
29113,500,true
29114,500,true
29115,500,true
29116,500,true
29117,500,true
29118,500,true
29119,500,true
29120,500,true
29121,500,true
29122,500,true
29123,500,true
29124,500,true
29125,500,true
29126,500,true
29127,500,true
29128,500,true
29129,500,true
29130,500,true
29131,500,true
29132,500,true
29133,500,true
29134,500,true
29135,500,true
29136,500,true
29137,500,true
29138,500,true
29139,500,true
29140,500,true
29141,500,true
29142,500,true
29143,500,true
29144,500,true
29145,500,true
29146,500,true
29147,500,true
29148,500,true
29149,500,true
29150,500,true
29151,500,true
29152,500,true
29153,500,true
29154,500,true
29155,500,true
29156,500,true
29157,500,true
29158,500,true
29159,500,true
29160,500,true
29161,500,true
29162,500,true
29163,500,true
29164,500,true
29165,500,true
29166,500,true
29167,500,true
29168,500,true
29169,500,true
29170,500,true
29171,500,true
29172,500,true
29173,500,true
29174,500,true
29175,500,true
29176,500,true
29177,500,true
29178,500,true
29179,500,true
29180,500,true
29181,500,true
29182,500,true
29183,500,true
29184,500,true
29185,500,true
29186,500,true
29187,500,true
29188,500,true
29189,500,true
29190,500,true
29191,500,true
29192,500,true
29193,500,true
29194,500,true
29195,500,true
29196,500,true
29197,500,true
29198,500,true
29199,500,true
29200,200,false
29201,200,false
29202,200,false
29203,200,false
29204,200,false
29205,200,false
29206,200,false
29207,200,false
29208,200,false
29209,200,false
29210,200,false
29211,200,false
29212,200,false
29213,200,false
29214,200,false
29215,200,false
29216,200,false
29217,200,false
29218,200,false
29219,200,false
29220,200,false
29221,200,false
29222,200,false
29223,200,false
29224,200,false
29225,200,false
29226,200,false
29227,200,false
29228,200,false
29229,200,false
29230,200,false
29231,200,false
29232,200,false
29233,200,false
29234,200,false
29235,200,false
29236,200,false
29237,200,false
29238,200,false
29239,200,false
29240,200,false
29241,200,false
29242,200,false
29243,200,false
29244,200,false
29245,200,false
29246,200,false
29247,200,false
29248,200,false
29249,200,false
29250,200,false
29251,200,false
29252,200,false
29253,200,false
29254,200,false
29255,200,false
29256,200,false
