idx,val
0,2.267059e+05
1,1.962295e+06
2,2.126331e+06
3,3.704817e+06
4,4.085185e+06
5,5.247441e+06
6,6.999129e+06
7,7.209398e+06
8,8.641868e+06
9,9.459134e+06
10,1.045313e+07
11,1.149498e+07
12,1.219223e+07
13,1.383052e+07
14,1.408957e+07
15,1.523418e+07
16,1.601999e+07
17,1.726677e+07
18,1.840766e+07
19,1.990206e+07
20,2.037908e+07
21,2.111373e+07
22,2.225836e+07
23,2.399160e+07
24,2.406309e+07
25,2.562017e+07
26,2.637721e+07
27,2.766084e+07
28,2.833844e+07
29,2.969130e+07
30,3.049758e+07
31,3.164972e+07
32,3.290137e+07
33,3.358154e+07
34,3.414214e+07
35,3.506437e+07
36,3.694605e+07
37,3.748867e+07
38,3.819385e+07
39,3.994604e+07
40,4.057896e+07
41,4.172894e+07
42,4.288096e+07
43,4.328565e+07
44,4.435670e+07
45,4.587808e+07
46,4.613498e+07
47,4.776430e+07
48,4.809762e+07
49,4.969018e+07
50,5.070215e+07
51,5.195000e+07
52,5.284349e+07
53,5.350362e+07
54,5.419765e+07
55,5.515016e+07
56,5.652872e+07
57,5.750979e+07
58,5.807142e+07
59,5.990322e+07
60,6.050742e+07
61,6.170129e+07
62,6.221996e+07
63,6.324389e+07
64,6.401192e+07
65,6.534323e+07
66,6.626684e+07
67,6.742340e+07
68,6.837693e+07
69,6.983432e+07
70,7.089147e+07
71,7.117525e+07
72,7.239626e+07
73,7.316618e+07
74,7.466317e+07
75,7.597485e+07
76,7.620181e+07
77,7.776647e+07
78,7.830004e+07
79,7.901322e+07
80,8.076430e+07
81,8.134182e+07
82,8.217016e+07
83,8.343561e+07
84,8.423172e+07
85,8.541010e+07
86,8.644605e+07
87,8.741796e+07
88,8.858851e+07
89,8.928874e+07
90,9.009511e+07
91,9.108526e+07
92,9.210652e+07
93,9.352094e+07
94,9.436016e+07
95,9.580770e+07
96,9.650492e+07
97,9.770818e+07
98,9.898007e+07
99,9.906297e+07
100,1.000169e+08
101,1.011404e+08
102,1.023863e+08
103,1.035737e+08
104,1.047438e+08
105,1.053514e+08
106,1.069650e+08
107,1.070029e+08
108,1.088357e+08
109,1.092101e+08
110,1.108752e+08
111,1.110331e+08
112,1.129652e+08
113,1.137594e+08
114,1.149905e+08
115,1.155800e+08
116,1.161778e+08
117,1.179699e+08
118,1.184415e+08
119,1.190834e+08
120,1.206054e+08
121,1.214972e+08
122,1.224732e+08
123,1.231545e+08
124,1.241220e+08
125,1.255807e+08
126,1.264527e+08
127,1.271265e+08
128,1.284395e+08
129,1.297255e+08
130,1.307155e+08
131,1.314713e+08
132,1.323938e+08
133,1.333608e+08
134,1.342255e+08
135,1.351975e+08
136,1.364462e+08
137,1.371082e+08
138,1.387251e+08
139,1.397083e+08
140,1.406115e+08
141,1.410226e+08
142,1.423641e+08
143,1.434324e+08
144,1.440933e+08
145,1.459678e+08
146,1.467556e+08
147,1.475026e+08
148,1.487052e+08
149,1.492007e+08
150,1.502294e+08
151,1.515257e+08
152,1.527440e+08
153,1.536473e+08
154,1.540067e+08
155,1.556132e+08
156,1.569089e+08
157,1.577433e+08
158,1.589276e+08
159,1.599817e+08
160,1.602237e+08
161,1.612964e+08
162,1.625473e+08
163,1.639768e+08
164,1.643693e+08
165,1.659414e+08
166,1.668505e+08
167,1.675163e+08
168,1.686251e+08
169,1.699571e+08
170,1.707833e+08
171,1.712958e+08
172,1.728457e+08
173,1.731957e+08
174,1.743700e+08
175,1.759586e+08
176,1.768471e+08
177,1.773120e+08
178,1.782905e+08
179,1.796130e+08
180,1.808426e+08
181,1.816843e+08
182,1.829360e+08
183,1.837280e+08
184,1.848209e+08
185,1.856049e+08
186,1.863622e+08
187,1.874275e+08
188,1.884899e+08
189,1.895289e+08
190,1.908382e+08
191,1.912688e+08
192,1.920686e+08
193,1.937331e+08
194,1.942709e+08
195,1.954197e+08
196,1.961170e+08
197,1.978293e+08
198,1.982739e+08
199,1.992916e+08
200,2.008042e+08
201,2.015042e+08
202,2.022773e+08
203,2.038884e+08
204,2.044118e+08
205,2.053614e+08
206,2.069654e+08
207,2.077902e+08
208,2.087474e+08
209,2.092499e+08
210,2.108133e+08
211,2.115966e+08
212,2.128297e+08
213,2.133679e+08
214,2.147808e+08
215,2.157934e+08
216,2.163879e+08
217,2.176547e+08
218,2.187802e+08
219,2.199931e+08
220,2.209205e+08
221,2.217862e+08
222,2.221368e+08
223,2.236103e+08
224,2.246850e+08
225,2.250870e+08
226,2.264627e+08
227,2.278687e+08
228,2.289054e+08
229,2.299253e+08
230,2.300927e+08
231,2.316071e+08
232,2.328650e+08
233,2.336527e+08
234,2.343199e+08
235,2.350387e+08
236,2.369198e+08
237,2.378591e+08
238,2.386536e+08
239,2.393662e+08
240,2.408284e+08
241,2.418148e+08
242,2.427247e+08
243,2.435997e+08
244,2.443193e+08
245,2.452966e+08
246,2.463575e+08
247,2.473268e+08
248,2.485201e+08
249,2.491140e+08
250,2.507214e+08
251,2.513480e+08
252,2.521597e+08
253,2.532549e+08
254,2.543893e+08
255,2.554312e+08
256,2.567822e+08
257,2.570998e+08
258,2.582226e+08
259,2.592932e+08
260,2.601767e+08
261,2.617494e+08
262,2.621090e+08
263,2.630509e+08
264,2.645559e+08
265,2.657362e+08
266,2.668251e+08
267,2.675595e+08
268,2.683268e+08
269,2.698819e+08
270,2.707361e+08
271,2.714789e+08
272,2.725628e+08
273,2.739361e+08
274,2.749974e+08
275,2.759312e+08
276,2.761327e+08
277,2.773268e+08
278,2.784078e+08
279,2.791690e+08
280,2.807621e+08
281,2.810608e+08
282,2.828875e+08
283,2.835856e+08
284,2.846138e+08
285,2.854148e+08
286,2.869365e+08
287,2.875783e+08
288,2.888966e+08
289,2.899227e+08
290,2.906921e+08
291,2.919834e+08
292,2.924896e+08
293,2.933665e+08
294,2.948440e+08
295,2.955280e+08
296,2.963088e+08
297,2.976801e+08
298,2.984759e+08
299,2.991279e+08
300,3.008378e+08
301,3.014999e+08
302,3.029716e+08
303,3.035337e+08
304,3.049368e+08
305,3.052891e+08
306,3.062175e+08
307,3.075265e+08
308,3.087667e+08
309,3.098249e+08
310,3.106474e+08
311,3.111243e+08
312,3.123941e+08
313,3.130350e+08
314,3.143715e+08
315,3.159447e+08
316,3.163470e+08
317,3.176989e+08
318,3.186214e+08
319,3.191432e+08
320,3.206884e+08
321,3.210797e+08
322,3.221847e+08
323,3.235799e+08
324,3.241274e+08
325,3.259645e+08
326,3.264255e+08
327,3.276303e+08
328,3.289651e+08
329,3.291080e+08
330,3.309991e+08
331,3.310396e+08
332,3.326012e+08
333,3.336559e+08
334,3.349858e+08
335,3.353581e+08
336,3.369468e+08
337,3.376502e+08
338,3.384767e+08
339,3.391697e+08
340,3.402358e+08
341,3.413652e+08
342,3.423463e+08
343,3.433717e+08
344,3.448081e+08
345,3.453749e+08
346,3.466287e+08
347,3.470386e+08
348,3.481407e+08
349,3.497099e+08
350,3.508906e+08
351,3.513131e+08
352,3.520325e+08
353,3.532326e+08
354,3.543605e+08
355,3.553664e+08
356,3.565615e+08
357,3.573017e+08
358,3.586470e+08
359,3.597859e+08
360,3.607832e+08
361,3.617414e+08
362,3.625841e+08
363,3.632608e+08
364,3.648414e+08
365,3.652896e+08
366,3.668601e+08
367,3.674471e+08
368,3.686292e+08
369,3.694992e+08
370,3.706539e+08
371,3.713410e+08
372,3.725784e+08
373,3.737366e+08
374,3.743614e+08
375,3.756005e+08
376,3.764564e+08
377,3.774700e+08
378,3.783836e+08
379,3.795466e+08
380,3.807093e+08
381,3.811737e+08
382,3.821461e+08
383,3.838232e+08
384,3.840885e+08
385,3.857931e+08
386,3.867591e+08
387,3.872177e+08
388,3.886360e+08
389,3.892534e+08
390,3.908817e+08
391,3.911973e+08
392,3.921157e+08
393,3.930366e+08
394,3.947185e+08
395,3.952118e+08
396,3.963143e+08
397,3.979770e+08
398,3.987361e+08
399,3.997376e+08
400,4.005759e+08
401,4.016406e+08
402,4.020110e+08
403,4.038126e+08
404,4.043291e+08
405,4.058546e+08
406,4.064145e+08
407,4.079113e+08
408,4.080005e+08
409,4.099804e+08
410,4.100958e+08
411,4.115110e+08
412,4.124815e+08
413,4.139863e+08
414,4.147168e+08
415,4.159819e+08
416,4.169058e+08
417,4.174251e+08
418,4.181478e+08
419,4.191459e+08
420,4.207094e+08
421,4.219513e+08
422,4.226650e+08
423,4.233462e+08
424,4.245972e+08
425,4.256568e+08
426,4.262530e+08
427,4.276940e+08
428,4.281991e+08
429,4.290278e+08
430,4.300643e+08
431,4.314883e+08
432,4.326960e+08
433,4.332255e+08
434,4.343969e+08
435,4.356931e+08
436,4.362631e+08
437,4.375223e+08
438,4.386029e+08
439,4.394060e+08
440,4.402084e+08
441,4.416927e+08
442,4.427011e+08
443,4.431890e+08
444,4.448073e+08
445,4.456553e+08
446,4.468665e+08
447,4.477802e+08
448,4.484943e+08
449,4.497157e+08
450,4.503145e+08
451,4.516535e+08
452,4.520823e+08
453,4.533459e+08
454,4.545060e+08
455,4.558856e+08
456,4.566838e+08
457,4.579090e+08
458,4.588693e+08
459,4.599707e+08
460,4.606176e+08
461,4.616168e+08
462,4.624689e+08
463,4.632212e+08
464,4.647966e+08
465,4.656104e+08
466,4.661617e+08
467,4.672399e+08
468,4.682209e+08
469,4.697227e+08
470,4.705974e+08
471,4.712010e+08
472,4.726876e+08
473,4.735633e+08
474,4.742666e+08
475,4.754445e+08
476,4.769927e+08
477,4.771410e+08
478,4.782366e+08
479,4.795938e+08
480,4.808399e+08
481,4.819217e+08
482,4.823992e+08
483,4.837689e+08
484,4.841185e+08
485,4.853862e+08
486,4.868569e+08
487,4.876650e+08
488,4.884466e+08
489,4.895986e+08
490,4.904874e+08
491,4.915479e+08
492,4.928841e+08
493,4.939756e+08
494,4.942003e+08
495,4.957551e+08
496,4.969447e+08
497,4.976073e+08
498,4.985005e+08
499,4.993725e+08
500,5.004840e+08
501,5.015807e+08
502,5.026114e+08
503,5.031140e+08
504,5.049988e+08
505,5.052760e+08
506,5.065475e+08
507,5.071983e+08
508,5.086314e+08
509,5.090746e+08
510,5.103353e+08
511,5.113847e+08
512,5.123130e+08
513,5.134872e+08
514,5.141582e+08
515,5.154907e+08
516,5.167956e+08
517,5.176287e+08
518,5.189702e+08
519,5.199501e+08
520,5.204775e+08
521,5.214679e+08
522,5.227625e+08
523,5.238798e+08
524,5.245410e+08
525,5.256673e+08
526,5.266908e+08
527,5.275139e+08
528,5.285082e+08
529,5.294010e+08
530,5.304488e+08
531,5.314741e+08
532,5.328028e+08
533,5.331598e+08
534,5.341177e+08
535,5.359234e+08
536,5.365103e+08
537,5.376969e+08
538,5.389158e+08
539,5.397362e+08
540,5.405665e+08
541,5.419521e+08
542,5.426241e+08
543,5.434467e+08
544,5.441827e+08
545,5.451593e+08
546,5.467924e+08
547,5.478965e+08
548,5.483570e+08
549,5.495290e+08
550,5.506785e+08
551,5.516068e+08
552,5.522753e+08
553,5.539114e+08
554,5.545519e+08
555,5.557143e+08
556,5.566884e+08
557,5.574383e+08
558,5.587012e+08
559,5.591899e+08
560,5.605479e+08
561,5.616515e+08
562,5.626293e+08
563,5.632923e+08
564,5.641815e+08
565,5.651013e+08
566,5.661238e+08
567,5.671843e+08
568,5.684854e+08
569,5.695685e+08
570,5.707060e+08
571,5.714380e+08
572,5.727677e+08
573,5.730296e+08
574,5.743483e+08
575,5.751193e+08
576,5.765165e+08
577,5.775725e+08
578,5.785832e+08
579,5.794436e+08
580,5.803681e+08
581,5.813285e+08
582,5.821062e+08
583,5.831933e+08
584,5.844865e+08
585,5.855676e+08
586,5.861005e+08
587,5.878451e+08
588,5.880277e+08
589,5.891261e+08
590,5.904480e+08
591,5.913329e+08
592,5.925201e+08
593,5.936899e+08
594,5.945947e+08
595,5.957850e+08
596,5.964701e+08
597,5.976763e+08
598,5.984180e+08
599,5.991262e+08
600,6.000742e+08
601,6.011819e+08
602,6.024439e+08
603,6.032761e+08
604,6.045607e+08
605,6.056672e+08
606,6.069192e+08
607,6.071497e+08
608,6.089576e+08
609,6.090012e+08
610,6.108893e+08
611,6.119848e+08
612,6.123651e+08
613,6.137985e+08
614,6.145052e+08
615,6.155620e+08
616,6.168573e+08
617,6.179416e+08
618,6.183003e+08
619,6.192196e+08
620,6.209163e+08
621,6.215920e+08
622,6.229018e+08
623,6.232211e+08
624,6.248492e+08
625,6.251595e+08
626,6.261467e+08
627,6.272884e+08
628,6.289276e+08
629,6.293873e+08
630,6.304403e+08
631,6.312890e+08
632,6.320747e+08
633,6.334417e+08
634,6.344969e+08
635,6.353346e+08
636,6.367307e+08
637,6.373098e+08
638,6.389796e+08
639,6.399093e+08
640,6.405788e+08
641,6.411016e+08
642,6.425597e+08
643,6.436210e+08
644,6.446501e+08
645,6.454254e+08
646,6.467250e+08
647,6.479967e+08
648,6.487023e+08
649,6.490411e+08
650,6.506281e+08
651,6.516232e+08
652,6.525453e+08
653,6.539382e+08
654,6.540524e+08
655,6.550172e+08
656,6.567223e+08
657,6.571004e+08
658,6.581373e+08
659,6.598173e+08
660,6.603616e+08
661,6.618833e+08
662,6.628008e+08
663,6.636626e+08
664,6.643588e+08
665,6.650825e+08
666,6.669761e+08
667,6.678707e+08
668,6.689173e+08
669,6.695090e+08
670,6.702809e+08
671,6.716277e+08
672,6.724192e+08
673,6.731919e+08
674,6.741127e+08
675,6.754078e+08
676,6.761483e+08
677,6.772680e+08
678,6.789773e+08
679,6.799337e+08
680,6.808856e+08
681,6.815123e+08
682,6.827628e+08
683,6.831638e+08
684,6.846207e+08
685,6.859745e+08
686,6.867908e+08
687,6.879863e+08
688,6.886278e+08
689,6.893038e+08
690,6.900206e+08
691,6.912705e+08
692,6.928289e+08
693,6.935278e+08
694,6.946234e+08
695,6.958026e+08
696,6.962954e+08
697,6.971407e+08
698,6.988872e+08
699,6.996007e+08
700,7.000271e+08
701,7.016967e+08
702,7.027212e+08
703,7.037613e+08
704,7.041312e+08
705,7.052733e+08
706,7.067235e+08
707,7.076692e+08
708,7.083463e+08
709,7.099689e+08
710,7.103022e+08
711,7.118911e+08
712,7.121356e+08
713,7.134573e+08
714,7.149924e+08
715,7.156943e+08
716,7.167570e+08
717,7.178836e+08
718,7.186272e+08
719,7.195460e+08
720,7.208249e+08
721,7.215315e+08
722,7.229580e+08
723,7.237611e+08
724,7.240012e+08
725,7.252875e+08
726,7.268850e+08
727,7.271171e+08
728,7.280151e+08
729,7.295816e+08
730,7.306938e+08
731,7.319808e+08
732,7.329627e+08
733,7.336265e+08
734,7.346997e+08
735,7.355305e+08
736,7.368497e+08
737,7.376921e+08
738,7.381288e+08
739,7.396262e+08
740,7.400503e+08
741,7.413352e+08
742,7.423336e+08
743,7.439204e+08
744,7.442205e+08
745,7.453763e+08
746,7.465645e+08
747,7.472053e+08
748,7.484532e+08
749,7.492968e+08
750,7.507216e+08
751,7.517936e+08
752,7.525823e+08
753,7.538677e+08
754,7.544910e+08
755,7.557470e+08
756,7.560946e+08
757,7.573871e+08
758,7.583227e+08
759,7.598869e+08
760,7.604981e+08
761,7.613765e+08
762,7.626670e+08
763,7.639542e+08
764,7.648302e+08
765,7.658035e+08
766,7.666661e+08
767,7.678037e+08
768,7.685618e+08
769,7.693885e+08
770,7.703169e+08
771,7.712629e+08
772,7.723370e+08
773,7.735009e+08
774,7.748617e+08
775,7.752363e+08
776,7.763915e+08
777,7.772613e+08
778,7.784818e+08
779,7.790610e+08
780,7.806229e+08
781,7.818582e+08
782,7.829114e+08
783,7.833587e+08
784,7.841690e+08
785,7.857308e+08
786,7.867555e+08
787,7.871903e+08
788,7.880608e+08
789,7.896699e+08
790,7.903796e+08
791,7.915222e+08
792,7.925646e+08
793,7.938839e+08
794,7.941258e+08
795,7.952596e+08
796,7.960343e+08
797,7.976889e+08
798,7.980791e+08
799,7.998530e+08
800,8.006099e+08
801,8.015122e+08
802,8.022674e+08
803,8.038693e+08
804,8.041144e+08
805,8.055806e+08
806,8.068299e+08
807,8.076577e+08
808,8.080493e+08
809,8.091117e+08
810,8.102856e+08
811,8.117308e+08
812,8.121370e+08
813,8.139558e+08
814,8.148859e+08
815,8.155721e+08
816,8.168769e+08
817,8.176352e+08
818,8.181601e+08
819,8.194044e+08
820,8.200241e+08
821,8.214382e+08
822,8.229892e+08
823,8.234040e+08
824,8.246642e+08
825,8.253598e+08
826,8.266747e+08
827,8.273350e+08
828,8.289134e+08
829,8.294102e+08
830,8.302691e+08
831,8.314295e+08
832,8.320752e+08
833,8.333297e+08
834,8.347390e+08
835,8.354045e+08
836,8.364469e+08
837,8.372347e+08
838,8.388244e+08
839,8.398846e+08
840,8.404090e+08
841,8.410019e+08
842,8.424276e+08
843,8.438745e+08
844,8.446515e+08
845,8.452281e+08
846,8.461052e+08
847,8.478866e+08
848,8.480792e+08
849,8.496156e+08
850,8.505955e+08
851,8.511824e+08
852,8.524417e+08
853,8.538624e+08
854,8.549974e+08
855,8.550748e+08
856,8.560310e+08
857,8.572596e+08
858,8.580502e+08
859,8.599283e+08
860,8.600804e+08
861,8.613673e+08
862,8.628568e+08
863,8.634640e+08
864,8.642336e+08
865,8.650625e+08
866,8.662266e+08
867,8.673100e+08
868,8.688472e+08
869,8.694338e+08
870,8.705526e+08
871,8.712628e+08
872,8.724079e+08
873,8.739278e+08
874,8.741143e+08
875,8.757011e+08
876,8.763134e+08
877,8.774180e+08
878,8.787201e+08
879,8.793491e+08
880,8.804889e+08
881,8.814878e+08
882,8.824847e+08
883,8.830740e+08
884,8.843925e+08
885,8.853800e+08
886,8.864196e+08
887,8.872868e+08
888,8.884486e+08
889,8.897408e+08
890,8.900736e+08
891,8.910753e+08
892,8.925351e+08
893,8.935778e+08
894,8.947991e+08
895,8.950327e+08
896,8.960095e+08
897,8.976076e+08
898,8.982155e+08
899,8.994938e+08
900,9.002940e+08
901,9.010872e+08
902,9.025609e+08
903,9.033153e+08
904,9.044869e+08
905,9.058691e+08
906,9.064500e+08
907,9.078423e+08
908,9.082927e+08
909,9.091816e+08
910,9.104025e+08
911,9.112976e+08
912,9.127271e+08
913,9.131208e+08
914,9.147233e+08
915,9.152196e+08
916,9.164082e+08
917,9.172159e+08
918,9.181446e+08
919,9.191390e+08
920,9.209860e+08
921,9.210992e+08
922,9.229245e+08
923,9.234601e+08
924,9.248822e+08
925,9.251792e+08
926,9.265839e+08
927,9.276824e+08
928,9.283063e+08
929,9.296135e+08
930,9.309034e+08
931,9.314162e+08
932,9.320291e+08
933,9.336100e+08
934,9.347811e+08
935,9.354548e+08
936,9.368394e+08
937,9.373554e+08
938,9.384516e+08
939,9.394323e+08
940,9.400944e+08
941,9.410715e+08
942,9.426378e+08
943,9.438892e+08
944,9.441836e+08
945,9.459048e+08
946,9.463261e+08
947,9.474180e+08
948,9.480420e+08
949,9.490073e+08
950,9.505758e+08
951,9.518844e+08
952,9.526359e+08
953,9.531298e+08
954,9.546616e+08
955,9.551299e+08
956,9.564699e+08
957,9.577499e+08
958,9.583874e+08
959,9.593179e+08
960,9.603203e+08
961,9.612907e+08
962,9.620157e+08
963,9.637268e+08
964,9.643918e+08
965,9.651871e+08
966,9.663110e+08
967,9.670411e+08
968,9.684702e+08
969,9.695834e+08
970,9.706212e+08
971,9.714447e+08
972,9.729890e+08
973,9.731503e+08
974,9.741964e+08
975,9.755615e+08
976,9.764123e+08
977,9.773031e+08
978,9.787253e+08
979,9.795149e+08
980,9.805659e+08
981,9.816918e+08
982,9.824213e+08
983,9.835119e+08
984,9.849877e+08
985,9.851618e+08
986,9.864650e+08
987,9.876125e+08
988,9.887634e+08
989,9.890889e+08
990,9.901153e+08
991,9.912675e+08
992,9.926671e+08
993,9.932097e+08
994,9.940350e+08
995,9.954193e+08
996,9.961544e+08
997,9.976872e+08
998,9.989493e+08
999,9.997537e+08
1000,1.000569e+09
1001,1.001407e+09
1002,1.002027e+09
1003,1.003435e+09
1004,1.004521e+09
1005,1.005301e+09
1006,1.006408e+09
1007,1.007943e+09
1008,1.008372e+09
1009,1.009262e+09
1010,1.010441e+09
1011,1.011935e+09
1012,1.012042e+09
1013,1.013467e+09
1014,1.014989e+09
1015,1.015529e+09
1016,1.016318e+09
1017,1.017332e+09
1018,1.018692e+09
1019,1.019132e+09
1020,1.020951e+09
1021,1.021693e+09
1022,1.022911e+09
1023,1.023162e+09
1024,1.024018e+09
1025,1.025321e+09
1026,1.026467e+09
1027,1.027528e+09
1028,1.028622e+09
1029,1.029035e+09
1030,1.030936e+09
1031,1.031152e+09
1032,1.032186e+09
1033,1.033126e+09
1034,1.034381e+09
1035,1.035161e+09
1036,1.036714e+09
1037,1.037353e+09
1038,1.038126e+09
1039,1.039367e+09
1040,1.040822e+09
1041,1.041549e+09
1042,1.042068e+09
1043,1.043587e+09
1044,1.044492e+09
1045,1.045519e+09
1046,1.046749e+09
1047,1.047144e+09
1048,1.048698e+09
1049,1.049772e+09
1050,1.050916e+09
1051,1.051386e+09
1052,1.052223e+09
1053,1.053710e+09
1054,1.054997e+09
1055,1.055970e+09
1056,1.056594e+09
1057,1.057321e+09
1058,1.058922e+09
1059,1.059152e+09
1060,1.060644e+09
1061,1.061857e+09
1062,1.062561e+09
1063,1.063742e+09
1064,1.064429e+09
1065,1.065704e+09
1066,1.066214e+09
1067,1.067681e+09
1068,1.068138e+09
1069,1.069174e+09
1070,1.070121e+09
1071,1.071323e+09
1072,1.072006e+09
1073,1.073702e+09
1074,1.074913e+09
1075,1.075838e+09
1076,1.076042e+09
1077,1.077494e+09
1078,1.078133e+09
1079,1.079573e+09
1080,1.080013e+09
1081,1.081953e+09
1082,1.082455e+09
1083,1.083174e+09
1084,1.084415e+09
1085,1.085312e+09
1086,1.086484e+09
1087,1.087413e+09
1088,1.088968e+09
1089,1.089314e+09
1090,1.090066e+09
1091,1.091553e+09
1092,1.092476e+09
1093,1.093357e+09
1094,1.094963e+09
1095,1.095844e+09
1096,1.096410e+09
1097,1.097138e+09
1098,1.098881e+09
1099,1.099804e+09
1100,1.100926e+09
1101,1.101401e+09
1102,1.102234e+09
1103,1.103523e+09
1104,1.104527e+09
1105,1.105734e+09
1106,1.106140e+09
1107,1.107965e+09
1108,1.108538e+09
1109,1.109289e+09
1110,1.110602e+09
1111,1.111066e+09
1112,1.112828e+09
1113,1.113539e+09
1114,1.114203e+09
1115,1.115051e+09
1116,1.116533e+09
1117,1.117798e+09
1118,1.118239e+09
1119,1.119956e+09
1120,1.120609e+09
1121,1.121513e+09
1122,1.122968e+09
1123,1.123354e+09
1124,1.124702e+09
1125,1.125377e+09
1126,1.126349e+09
1127,1.127526e+09
1128,1.128951e+09
1129,1.129097e+09
1130,1.130399e+09
1131,1.131054e+09
1132,1.132413e+09
1133,1.133066e+09
1134,1.134803e+09
1135,1.135679e+09
1136,1.136961e+09
1137,1.137734e+09
1138,1.138347e+09
1139,1.139619e+09
1140,1.140160e+09
1141,1.141434e+09
1142,1.142106e+09
1143,1.143967e+09
1144,1.144667e+09
1145,1.145254e+09
1146,1.146538e+09
1147,1.147391e+09
1148,1.148888e+09
1149,1.149676e+09
1150,1.150705e+09
1151,1.151625e+09
1152,1.152151e+09
1153,1.153570e+09
1154,1.154849e+09
1155,1.155371e+09
1156,1.156005e+09
1157,1.157309e+09
1158,1.158019e+09
1159,1.159568e+09
1160,1.160477e+09
1161,1.161110e+09
1162,1.162865e+09
1163,1.163251e+09
1164,1.164443e+09
1165,1.165148e+09
1166,1.166524e+09
1167,1.167571e+09
1168,1.168706e+09
1169,1.169013e+09
1170,1.170155e+09
1171,1.171151e+09
1172,1.172307e+09
1173,1.173808e+09
1174,1.174851e+09
1175,1.175738e+09
1176,1.176560e+09
1177,1.177025e+09
1178,1.178287e+09
1179,1.179510e+09
1180,1.180736e+09
1181,1.181381e+09
1182,1.182452e+09
1183,1.183315e+09
1184,1.184526e+09
1185,1.185433e+09
1186,1.186365e+09
1187,1.187923e+09
1188,1.188608e+09
1189,1.189663e+09
1190,1.190857e+09
1191,1.191741e+09
1192,1.192259e+09
1193,1.193751e+09
1194,1.194617e+09
1195,1.195525e+09
1196,1.196702e+09
1197,1.197833e+09
1198,1.198292e+09
1199,1.199290e+09
1200,1.200534e+09
1201,1.201097e+09
1202,1.202787e+09
1203,1.203202e+09
1204,1.204310e+09
1205,1.205782e+09
1206,1.206889e+09
1207,1.207260e+09
1208,1.208123e+09
1209,1.209672e+09
1210,1.210612e+09
1211,1.211403e+09
1212,1.212175e+09
1213,1.213970e+09
1214,1.214099e+09
1215,1.215862e+09
1216,1.216235e+09
1217,1.217249e+09
1218,1.218415e+09
1219,1.219135e+09
1220,1.220760e+09
1221,1.221190e+09
1222,1.222274e+09
1223,1.223341e+09
1224,1.224806e+09
1225,1.225037e+09
1226,1.226738e+09
1227,1.227280e+09
1228,1.228653e+09
1229,1.229968e+09
1230,1.230184e+09
1231,1.231030e+09
1232,1.232299e+09
1233,1.233710e+09
1234,1.234231e+09
1235,1.235323e+09
1236,1.236982e+09
1237,1.237863e+09
1238,1.238960e+09
1239,1.239214e+09
1240,1.240693e+09
1241,1.241310e+09
1242,1.242703e+09
1243,1.243824e+09
1244,1.244660e+09
1245,1.245501e+09
1246,1.246652e+09
1247,1.247688e+09
1248,1.248163e+09
1249,1.249712e+09
1250,1.250126e+09
1251,1.251854e+09
1252,1.252343e+09
1253,1.253090e+09
1254,1.254018e+09
1255,1.255606e+09
1256,1.256070e+09
1257,1.257406e+09
1258,1.258043e+09
1259,1.259688e+09
1260,1.260863e+09
1261,1.261025e+09
1262,1.262613e+09
1263,1.263648e+09
1264,1.264557e+09
1265,1.265968e+09
1266,1.266311e+09
1267,1.267895e+09
1268,1.268539e+09
1269,1.269224e+09
1270,1.270277e+09
1271,1.271102e+09
1272,1.272764e+09
1273,1.273222e+09
1274,1.274588e+09
1275,1.275774e+09
1276,1.276256e+09
1277,1.277652e+09
1278,1.278680e+09
1279,1.279429e+09
1280,1.280783e+09
1281,1.281428e+09
1282,1.282145e+09
1283,1.283091e+09
1284,1.284146e+09
1285,1.285726e+09
1286,1.286505e+09
1287,1.287141e+09
1288,1.288946e+09
1289,1.289012e+09
1290,1.290593e+09
1291,1.291478e+09
1292,1.292889e+09
1293,1.293600e+09
1294,1.294844e+09
1295,1.295223e+09
1296,1.296531e+09
1297,1.297781e+09
1298,1.298372e+09
1299,1.299731e+09
1300,1.300415e+09
1301,1.301343e+09
1302,1.302273e+09
1303,1.303682e+09
1304,1.304987e+09
1305,1.305040e+09
1306,1.306214e+09
1307,1.307065e+09
1308,1.308171e+09
1309,1.309505e+09
1310,1.310561e+09
1311,1.311693e+09
1312,1.312127e+09
1313,1.313849e+09
1314,1.314197e+09
1315,1.315781e+09
1316,1.316395e+09
1317,1.317515e+09
1318,1.318838e+09
1319,1.319913e+09
1320,1.320540e+09
1321,1.321060e+09
1322,1.322311e+09
1323,1.323713e+09
1324,1.324818e+09
1325,1.325889e+09
1326,1.326555e+09
1327,1.327103e+09
1328,1.328279e+09
1329,1.329425e+09
1330,1.330134e+09
1331,1.331349e+09
1332,1.332310e+09
1333,1.333725e+09
1334,1.334463e+09
1335,1.335575e+09
1336,1.336296e+09
1337,1.337723e+09
1338,1.338550e+09
1339,1.339083e+09
1340,1.340924e+09
1341,1.341108e+09
1342,1.342248e+09
1343,1.343086e+09
1344,1.344798e+09
1345,1.345859e+09
1346,1.346458e+09
1347,1.347763e+09
1348,1.348800e+09
1349,1.349858e+09
1350,1.350945e+09
1351,1.351650e+09
1352,1.352600e+09
1353,1.353034e+09
1354,1.354219e+09
1355,1.355993e+09
1356,1.356529e+09
1357,1.357940e+09
1358,1.358222e+09
1359,1.359817e+09
1360,1.360794e+09
1361,1.361732e+09
1362,1.362310e+09
1363,1.363995e+09
1364,1.364334e+09
1365,1.365995e+09
1366,1.366940e+09
1367,1.367089e+09
1368,1.368075e+09
1369,1.369408e+09
1370,1.370264e+09
1371,1.371396e+09
1372,1.372180e+09
1373,1.373751e+09
1374,1.374095e+09
1375,1.375599e+09
1376,1.376327e+09
1377,1.377336e+09
1378,1.378605e+09
1379,1.379017e+09
1380,1.380750e+09
1381,1.381466e+09
1382,1.382740e+09
1383,1.383822e+09
1384,1.384918e+09
1385,1.385011e+09
1386,1.386262e+09
1387,1.387345e+09
1388,1.388544e+09
1389,1.389297e+09
1390,1.390435e+09
1391,1.391503e+09
1392,1.392768e+09
1393,1.393084e+09
1394,1.394374e+09
1395,1.395236e+09
1396,1.396426e+09
1397,1.397357e+09
1398,1.398241e+09
1399,1.399936e+09
1400,1.400001e+09
1401,1.401036e+09
1402,1.402730e+09
1403,1.403214e+09
1404,1.404919e+09
1405,1.405636e+09
1406,1.406830e+09
1407,1.407955e+09
1408,1.408750e+09
1409,1.409965e+09
1410,1.410176e+09
1411,1.411203e+09
1412,1.412024e+09
1413,1.413001e+09
1414,1.414800e+09
1415,1.415707e+09
1416,1.416300e+09
1417,1.417145e+09
1418,1.418099e+09
1419,1.419513e+09
1420,1.420989e+09
1421,1.421001e+09
1422,1.422562e+09
1423,1.423699e+09
1424,1.424250e+09
1425,1.425157e+09
1426,1.426919e+09
1427,1.427780e+09
1428,1.428334e+09
1429,1.429956e+09
1430,1.430452e+09
1431,1.431841e+09
1432,1.432703e+09
1433,1.433462e+09
1434,1.434367e+09
1435,1.435095e+09
1436,1.436372e+09
1437,1.437728e+09
1438,1.438326e+09
1439,1.439310e+09
1440,1.440328e+09
1441,1.441081e+09
1442,1.442869e+09
1443,1.443647e+09
1444,1.444620e+09
1445,1.445843e+09
1446,1.446604e+09
1447,1.447412e+09
1448,1.448855e+09
1449,1.449227e+09
1450,1.450747e+09
1451,1.451977e+09
1452,1.452125e+09
1453,1.453237e+09
1454,1.454367e+09
1455,1.455730e+09
1456,1.456520e+09
1457,1.457400e+09
1458,1.458903e+09
1459,1.459418e+09
1460,1.460224e+09
1461,1.461032e+09
1462,1.462971e+09
1463,1.463995e+09
1464,1.464972e+09
1465,1.465592e+09
1466,1.466541e+09
1467,1.467949e+09
1468,1.468545e+09
1469,1.469350e+09
1470,1.470660e+09
1471,1.471242e+09
1472,1.472510e+09
1473,1.473190e+09
1474,1.474231e+09
1475,1.475380e+09
1476,1.476695e+09
1477,1.477817e+09
1478,1.478067e+09
1479,1.479499e+09
1480,1.480844e+09
1481,1.481097e+09
1482,1.482236e+09
1483,1.483640e+09
1484,1.484298e+09
1485,1.485902e+09
1486,1.486033e+09
1487,1.487676e+09
1488,1.488584e+09
1489,1.489269e+09
1490,1.490725e+09
1491,1.491293e+09
1492,1.492078e+09
1493,1.493506e+09
1494,1.494064e+09
1495,1.495578e+09
1496,1.496208e+09
1497,1.497492e+09
1498,1.498964e+09
1499,1.499684e+09
1500,1.500560e+09
1501,1.501790e+09
1502,1.502421e+09
1503,1.503574e+09
1504,1.504939e+09
1505,1.505977e+09
1506,1.506007e+09
1507,1.507629e+09
1508,1.508754e+09
1509,1.509848e+09
1510,1.510519e+09
1511,1.511115e+09
1512,1.512420e+09
1513,1.513267e+09
1514,1.514506e+09
1515,1.515124e+09
1516,1.516118e+09
1517,1.517946e+09
1518,1.518470e+09
1519,1.519790e+09
1520,1.520611e+09
1521,1.521397e+09
1522,1.522606e+09
1523,1.523901e+09
1524,1.524148e+09
1525,1.525683e+09
1526,1.526963e+09
1527,1.527981e+09
1528,1.528567e+09
1529,1.529052e+09
1530,1.530693e+09
1531,1.531481e+09
1532,1.532975e+09
1533,1.533242e+09
1534,1.534123e+09
1535,1.535096e+09
1536,1.536564e+09
1537,1.537643e+09
1538,1.538485e+09
1539,1.539871e+09
1540,1.540990e+09
1541,1.541140e+09
1542,1.542529e+09
1543,1.543443e+09
1544,1.544086e+09
1545,1.545195e+09
1546,1.546553e+09
1547,1.547431e+09
1548,1.548285e+09
1549,1.549064e+09
1550,1.550706e+09
1551,1.551892e+09
1552,1.552155e+09
1553,1.553869e+09
1554,1.554401e+09
1555,1.555929e+09
1556,1.556948e+09
1557,1.557963e+09
1558,1.558025e+09
1559,1.559744e+09
1560,1.560042e+09
1561,1.561042e+09
1562,1.562578e+09
1563,1.563277e+09
1564,1.564961e+09
1565,1.565516e+09
1566,1.566277e+09
1567,1.567513e+09
1568,1.568486e+09
1569,1.569016e+09
1570,1.570878e+09
1571,1.571599e+09
1572,1.572717e+09
1573,1.573838e+09
1574,1.574778e+09
1575,1.575015e+09
1576,1.576689e+09
1577,1.577630e+09
1578,1.578657e+09
1579,1.579580e+09
1580,1.580876e+09
1581,1.581082e+09
1582,1.582379e+09
1583,1.583793e+09
1584,1.584388e+09
1585,1.585929e+09
1586,1.586926e+09
1587,1.587563e+09
1588,1.588722e+09
1589,1.589063e+09
1590,1.590283e+09
1591,1.591532e+09
1592,1.592002e+09
1593,1.593649e+09
1594,1.594518e+09
1595,1.595139e+09
1596,1.596666e+09
1597,1.597449e+09
1598,1.598069e+09
1599,1.599219e+09
1600,1.600188e+09
1601,1.601525e+09
1602,1.602516e+09
1603,1.603410e+09
1604,1.604885e+09
1605,1.605038e+09
1606,1.606829e+09
1607,1.607447e+09
1608,1.608177e+09
1609,1.609267e+09
1610,1.610240e+09
1611,1.611994e+09
1612,1.612580e+09
1613,1.613290e+09
1614,1.614286e+09
1615,1.615903e+09
1616,1.616265e+09
1617,1.617849e+09
1618,1.618329e+09
1619,1.619017e+09
1620,1.620004e+09
1621,1.621909e+09
1622,1.622939e+09
1623,1.623859e+09
1624,1.624540e+09
1625,1.625015e+09
1626,1.626538e+09
1627,1.627252e+09
1628,1.628456e+09
1629,1.629870e+09
1630,1.630187e+09
1631,1.631703e+09
1632,1.632124e+09
1633,1.633044e+09
1634,1.634120e+09
1635,1.635376e+09
1636,1.636113e+09
1637,1.637744e+09
1638,1.638430e+09
1639,1.639491e+09
1640,1.640218e+09
1641,1.641579e+09
1642,1.642026e+09
1643,1.643120e+09
1644,1.644161e+09
1645,1.645304e+09
1646,1.646836e+09
1647,1.647286e+09
1648,1.648207e+09
1649,1.649478e+09
1650,1.650003e+09
1651,1.651359e+09
1652,1.652613e+09
1653,1.653578e+09
1654,1.654870e+09
1655,1.655457e+09
1656,1.656540e+09
1657,1.657134e+09
1658,1.658542e+09
1659,1.659889e+09
1660,1.660603e+09
1661,1.661060e+09
1662,1.662410e+09
1663,1.663754e+09
1664,1.664029e+09
1665,1.665914e+09
1666,1.666774e+09
1667,1.667629e+09
1668,1.668761e+09
1669,1.669492e+09
1670,1.670652e+09
1671,1.671485e+09
1672,1.672702e+09
1673,1.673189e+09
1674,1.674310e+09
1675,1.675296e+09
1676,1.676565e+09
1677,1.677876e+09
1678,1.678480e+09
1679,1.679527e+09
1680,1.680897e+09
1681,1.681148e+09
1682,1.682268e+09
1683,1.683657e+09
1684,1.684802e+09
1685,1.685531e+09
1686,1.686255e+09
1687,1.687809e+09
1688,1.688510e+09
1689,1.689027e+09
1690,1.690136e+09
1691,1.691817e+09
1692,1.692300e+09
1693,1.693118e+09
1694,1.694286e+09
1695,1.695780e+09
1696,1.696120e+09
1697,1.697388e+09
1698,1.698832e+09
1699,1.699407e+09
1700,1.700439e+09
1701,1.701115e+09
1702,1.702164e+09
1703,1.703266e+09
1704,1.704264e+09
1705,1.705253e+09
1706,1.706115e+09
1707,1.707261e+09
1708,1.708608e+09
1709,1.709944e+09
1710,1.710364e+09
1711,1.711513e+09
1712,1.712186e+09
1713,1.713394e+09
1714,1.714223e+09
1715,1.715360e+09
1716,1.716157e+09
1717,1.717915e+09
1718,1.718814e+09
1719,1.719165e+09
1720,1.720033e+09
1721,1.721444e+09
1722,1.722353e+09
1723,1.723896e+09
1724,1.724203e+09
1725,1.725887e+09
1726,1.726889e+09
1727,1.727521e+09
1728,1.728875e+09
1729,1.729813e+09
1730,1.730150e+09
1731,1.731884e+09
1732,1.732951e+09
1733,1.733438e+09
1734,1.734812e+09
1735,1.735062e+09
1736,1.736910e+09
1737,1.737989e+09
1738,1.738996e+09
1739,1.739904e+09
1740,1.740716e+09
1741,1.741639e+09
1742,1.742432e+09
1743,1.743454e+09
1744,1.744412e+09
1745,1.745176e+09
1746,1.746036e+09
1747,1.747359e+09
1748,1.748963e+09
1749,1.749090e+09
1750,1.750354e+09
1751,1.751571e+09
1752,1.752784e+09
1753,1.753903e+09
1754,1.754598e+09
1755,1.755507e+09
1756,1.756898e+09
1757,1.757281e+09
1758,1.758564e+09
1759,1.759435e+09
1760,1.760414e+09
1761,1.761356e+09
1762,1.762496e+09
1763,1.763893e+09
1764,1.764915e+09
1765,1.765076e+09
1766,1.766430e+09
1767,1.767227e+09
1768,1.768950e+09
1769,1.769562e+09
1770,1.770590e+09
1771,1.771421e+09
1772,1.772172e+09
1773,1.773434e+09
1774,1.774329e+09
1775,1.775840e+09
1776,1.776749e+09
1777,1.777325e+09
1778,1.778368e+09
1779,1.779245e+09
1780,1.780943e+09
1781,1.781663e+09
1782,1.782609e+09
1783,1.783187e+09
1784,1.784970e+09
1785,1.785881e+09
1786,1.786156e+09
1787,1.787239e+09
1788,1.788876e+09
1789,1.789058e+09
1790,1.790492e+09
1791,1.791363e+09
1792,1.792735e+09
1793,1.793482e+09
1794,1.794428e+09
1795,1.795251e+09
1796,1.796380e+09
1797,1.797006e+09
1798,1.798084e+09
1799,1.799639e+09
1800,1.800487e+09
1801,1.801153e+09
1802,1.802573e+09
1803,1.803565e+09
1804,1.804227e+09
1805,1.805359e+09
1806,1.806384e+09
1807,1.807236e+09
1808,1.808286e+09
1809,1.809573e+09
1810,1.810110e+09
1811,1.811859e+09
1812,1.812351e+09
1813,1.813184e+09
1814,1.814698e+09
1815,1.815135e+09
1816,1.816661e+09
1817,1.817019e+09
1818,1.818864e+09
1819,1.819170e+09
1820,1.820166e+09
1821,1.821525e+09
1822,1.822658e+09
1823,1.823431e+09
1824,1.824343e+09
1825,1.825478e+09
1826,1.826794e+09
1827,1.827545e+09
1828,1.828194e+09
1829,1.829838e+09
1830,1.830133e+09
1831,1.831552e+09
1832,1.832220e+09
1833,1.833289e+09
1834,1.834023e+09
1835,1.835563e+09
1836,1.836093e+09
1837,1.837984e+09
1838,1.838757e+09
1839,1.839907e+09
1840,1.840486e+09
1841,1.841865e+09
1842,1.842127e+09
1843,1.843480e+09
1844,1.844727e+09
1845,1.845539e+09
1846,1.846155e+09
1847,1.847255e+09
1848,1.848738e+09
1849,1.849037e+09
1850,1.850003e+09
1851,1.851735e+09
1852,1.852279e+09
1853,1.853562e+09
1854,1.854207e+09
1855,1.855240e+09
1856,1.856957e+09
1857,1.857948e+09
1858,1.858885e+09
1859,1.859469e+09
1860,1.860277e+09
1861,1.861732e+09
1862,1.862431e+09
1863,1.863783e+09
1864,1.864441e+09
1865,1.865625e+09
1866,1.866455e+09
1867,1.867618e+09
1868,1.868400e+09
1869,1.869488e+09
1870,1.870116e+09
1871,1.871525e+09
1872,1.872971e+09
1873,1.873113e+09
1874,1.874128e+09
1875,1.875135e+09
1876,1.876181e+09
1877,1.877750e+09
1878,1.878872e+09
1879,1.879339e+09
1880,1.880304e+09
1881,1.881137e+09
1882,1.882437e+09
1883,1.883774e+09
1884,1.884920e+09
1885,1.885432e+09
1886,1.886833e+09
1887,1.887187e+09
1888,1.888927e+09
1889,1.889679e+09
1890,1.890248e+09
1891,1.891487e+09
1892,1.892724e+09
1893,1.893831e+09
1894,1.894332e+09
1895,1.895729e+09
1896,1.896916e+09
1897,1.897177e+09
1898,1.898112e+09
1899,1.899238e+09
1900,1.900732e+09
1901,1.901964e+09
1902,1.902722e+09
1903,1.903898e+09
1904,1.904481e+09
1905,1.905561e+09
1906,1.906510e+09
1907,1.907419e+09
1908,1.908686e+09
1909,1.909030e+09
1910,1.910171e+09
1911,1.911273e+09
1912,1.912286e+09
1913,1.913165e+09
1914,1.914052e+09
1915,1.915220e+09
1916,1.916092e+09
1917,1.917366e+09
1918,1.918770e+09
1919,1.919761e+09
1920,1.920177e+09
1921,1.921282e+09
1922,1.922303e+09
1923,1.923060e+09
1924,1.924910e+09
1925,1.925736e+09
1926,1.926447e+09
1927,1.927239e+09
1928,1.928402e+09
1929,1.929001e+09
1930,1.930105e+09
1931,1.931454e+09
1932,1.932201e+09
1933,1.933379e+09
1934,1.934756e+09
1935,1.935801e+09
1936,1.936759e+09
1937,1.937183e+09
1938,1.938996e+09
1939,1.939927e+09
1940,1.940299e+09
1941,1.941557e+09
1942,1.942084e+09
1943,1.943436e+09
1944,1.944519e+09
1945,1.945820e+09
1946,1.946101e+09
1947,1.947110e+09
1948,1.948441e+09
1949,1.949289e+09
1950,1.950031e+09
1951,1.951717e+09
1952,1.952066e+09
1953,1.953836e+09
1954,1.954725e+09
1955,1.955131e+09
1956,1.956787e+09
1957,1.957545e+09
1958,1.958478e+09
1959,1.959346e+09
1960,1.960425e+09
1961,1.961324e+09
1962,1.962358e+09
1963,1.963284e+09
1964,1.964688e+09
1965,1.965076e+09
1966,1.966766e+09
1967,1.967287e+09
1968,1.968825e+09
1969,1.969040e+09
1970,1.970807e+09
1971,1.971182e+09
1972,1.972472e+09
1973,1.973698e+09
1974,1.974373e+09
1975,1.975373e+09
1976,1.976313e+09
1977,1.977410e+09
1978,1.978302e+09
1979,1.979419e+09
1980,1.980238e+09
1981,1.981007e+09
1982,1.982812e+09
1983,1.983415e+09
1984,1.984216e+09
1985,1.985529e+09
1986,1.986495e+09
1987,1.987983e+09
1988,1.988164e+09
1989,1.989056e+09
1990,1.990347e+09
1991,1.991917e+09
1992,1.992044e+09
1993,1.993213e+09
1994,1.994191e+09
1995,1.995843e+09
1996,1.996325e+09
1997,1.997436e+09
1998,1.998548e+09
1999,1.999937e+09
2000,2.000630e+09
2001,2.001723e+09
2002,2.002329e+09
2003,2.003183e+09
2004,2.004912e+09
2005,2.005548e+09
2006,2.006603e+09
2007,2.007382e+09
2008,2.008406e+09
2009,2.009590e+09
2010,2.010663e+09
2011,2.011171e+09
2012,2.012050e+09
2013,2.013314e+09
2014,2.014979e+09
2015,2.015211e+09
2016,2.016397e+09
2017,2.017052e+09
2018,2.018348e+09
2019,2.019865e+09
2020,2.020808e+09
2021,2.021320e+09
2022,2.022991e+09
2023,2.023434e+09
2024,2.024917e+09
2025,2.025304e+09
2026,2.026308e+09
2027,2.027988e+09
2028,2.028728e+09
2029,2.029434e+09
2030,2.030797e+09
2031,2.031478e+09
2032,2.032884e+09
2033,2.033735e+09
2034,2.034234e+09
2035,2.035584e+09
2036,2.036975e+09
2037,2.037461e+09
2038,2.038386e+09
2039,2.039851e+09
2040,2.040525e+09
2041,2.041076e+09
2042,2.042563e+09
2043,2.043204e+09
2044,2.044281e+09
2045,2.045228e+09
2046,2.046567e+09
2047,2.047571e+09
2048,2.048130e+09
2049,2.049151e+09
2050,2.050576e+09
2051,2.051646e+09
2052,2.052065e+09
2053,2.053041e+09
2054,2.054108e+09
2055,2.055594e+09
2056,2.056045e+09
2057,2.057264e+09
2058,2.058338e+09
2059,2.059105e+09
2060,2.060688e+09
2061,2.061955e+09
2062,2.062646e+09
2063,2.063523e+09
2064,2.064983e+09
2065,2.065377e+09
2066,2.066957e+09
2067,2.067168e+09
2068,2.068197e+09
2069,2.069671e+09
2070,2.070191e+09
2071,2.071935e+09
2072,2.072401e+09
2073,2.073164e+09
2074,2.074959e+09
2075,2.075743e+09
2076,2.076614e+09
2077,2.077583e+09
2078,2.078626e+09
2079,2.079229e+09
2080,2.080383e+09
2081,2.081738e+09
2082,2.082863e+09
2083,2.083553e+09
2084,2.084606e+09
2085,2.085576e+09
2086,2.086230e+09
2087,2.087237e+09
2088,2.088142e+09
2089,2.089850e+09
2090,2.090651e+09
2091,2.091774e+09
2092,2.092878e+09
2093,2.093635e+09
2094,2.094308e+09
2095,2.095112e+09
2096,2.096545e+09
2097,2.097091e+09
2098,2.098882e+09
2099,2.099844e+09
2100,2.100149e+09
2101,2.101352e+09
2102,2.102532e+09
2103,2.103773e+09
2104,2.104463e+09
2105,2.105932e+09
2106,2.106178e+09
2107,2.107564e+09
2108,2.108087e+09
2109,2.109202e+09
2110,2.110136e+09
2111,2.111280e+09
2112,2.112392e+09
2113,2.113708e+09
2114,2.114025e+09
2115,2.115911e+09
2116,2.116184e+09
2117,2.117667e+09
2118,2.118153e+09
2119,2.119032e+09
2120,2.120464e+09
2121,2.121461e+09
2122,2.122954e+09
2123,2.123150e+09
2124,2.124884e+09
2125,2.125434e+09
2126,2.126977e+09
2127,2.127091e+09
2128,2.128485e+09
2129,2.129886e+09
2130,2.130339e+09
2131,2.131356e+09
2132,2.132201e+09
2133,2.133250e+09
2134,2.134285e+09
2135,2.135168e+09
2136,2.136689e+09
2137,2.137930e+09
2138,2.138208e+09
2139,2.139337e+09
2140,2.140470e+09
2141,2.141533e+09
2142,2.142592e+09
2143,2.143908e+09
2144,2.144814e+09
2145,2.145061e+09
2146,2.146345e+09
2147,2.147764e+09
2148,2.148791e+09
2149,2.149350e+09
2150,2.150878e+09
2151,2.151072e+09
2152,2.152325e+09
2153,2.153481e+09
2154,2.154197e+09
2155,2.155661e+09
2156,2.156019e+09
2157,2.157945e+09
2158,2.158751e+09
2159,2.159200e+09
2160,2.160849e+09
2161,2.161561e+09
2162,2.162836e+09
2163,2.163989e+09
2164,2.164206e+09
2165,2.165912e+09
2166,2.166147e+09
2167,2.167129e+09
2168,2.168228e+09
2169,2.169383e+09
2170,2.170501e+09
2171,2.171663e+09
2172,2.172247e+09
2173,2.173652e+09
2174,2.174615e+09
2175,2.175435e+09
2176,2.176974e+09
2177,2.177429e+09
2178,2.178170e+09
2179,2.179022e+09
2180,2.180455e+09
2181,2.181376e+09
2182,2.182700e+09
2183,2.183703e+09
2184,2.184206e+09
2185,2.185178e+09
2186,2.186159e+09
2187,2.187305e+09
2188,2.188300e+09
2189,2.189759e+09
2190,2.190484e+09
2191,2.191092e+09
2192,2.192883e+09
2193,2.193260e+09
2194,2.194999e+09
2195,2.195742e+09
2196,2.196590e+09
2197,2.197224e+09
2198,2.198182e+09
2199,2.199454e+09
2200,2.200846e+09
2201,2.201535e+09
2202,2.202682e+09
2203,2.203719e+09
2204,2.204697e+09
2205,2.205777e+09
2206,2.206979e+09
2207,2.207696e+09
2208,2.208566e+09
2209,2.209325e+09
2210,2.210977e+09
2211,2.211203e+09
2212,2.212295e+09
2213,2.213350e+09
2214,2.214354e+09
2215,2.215001e+09
2216,2.216759e+09
2217,2.217402e+09
2218,2.218170e+09
2219,2.219400e+09
2220,2.220786e+09
2221,2.221986e+09
2222,2.222591e+09
2223,2.223554e+09
2224,2.224080e+09
2225,2.225820e+09
2226,2.226934e+09
2227,2.227877e+09
2228,2.228619e+09
2229,2.229375e+09
2230,2.230338e+09
2231,2.231799e+09
2232,2.232193e+09
2233,2.233022e+09
2234,2.234016e+09
2235,2.235753e+09
2236,2.236972e+09
2237,2.237128e+09
2238,2.238386e+09
2239,2.239886e+09
2240,2.240487e+09
2241,2.241220e+09
2242,2.242788e+09
2243,2.243992e+09
2244,2.244028e+09
2245,2.245538e+09
2246,2.246411e+09
2247,2.247495e+09
2248,2.248600e+09
2249,2.249379e+09
2250,2.250456e+09
2251,2.251598e+09
2252,2.252916e+09
2253,2.253361e+09
2254,2.254890e+09
2255,2.255943e+09
2256,2.256638e+09
2257,2.257731e+09
2258,2.258842e+09
2259,2.259389e+09
2260,2.260571e+09
2261,2.261493e+09
2262,2.262126e+09
2263,2.263822e+09
2264,2.264065e+09
2265,2.265427e+09
2266,2.266475e+09
2267,2.267703e+09
2268,2.268097e+09
2269,2.269614e+09
2270,2.270028e+09
2271,2.271605e+09
2272,2.272732e+09
2273,2.273939e+09
2274,2.274030e+09
2275,2.275787e+09
2276,2.276975e+09
2277,2.277264e+09
2278,2.278929e+09
2279,2.279821e+09
2280,2.280295e+09
2281,2.281454e+09
2282,2.282680e+09
2283,2.283916e+09
2284,2.284602e+09
2285,2.285265e+09
2286,2.286117e+09
2287,2.287261e+09
2288,2.288454e+09
2289,2.289283e+09
2290,2.290498e+09
2291,2.291380e+09
2292,2.292064e+09
2293,2.293007e+09
2294,2.294680e+09
2295,2.295407e+09
2296,2.296895e+09
2297,2.297945e+09
2298,2.298389e+09
2299,2.299091e+09
2300,2.300882e+09
2301,2.301878e+09
2302,2.302776e+09
2303,2.303834e+09
2304,2.304002e+09
2305,2.305377e+09
2306,2.306673e+09
2307,2.307843e+09
2308,2.308457e+09
2309,2.309312e+09
2310,2.310518e+09
2311,2.311771e+09
2312,2.312163e+09
2313,2.313321e+09
2314,2.314227e+09
2315,2.315170e+09
2316,2.316184e+09
2317,2.317021e+09
2318,2.318376e+09
2319,2.319247e+09
2320,2.320806e+09
2321,2.321841e+09
2322,2.322200e+09
2323,2.323579e+09
2324,2.324438e+09
2325,2.325653e+09
2326,2.326441e+09
2327,2.327947e+09
2328,2.328643e+09
2329,2.329958e+09
2330,2.330815e+09
2331,2.331572e+09
2332,2.332160e+09
2333,2.333834e+09
2334,2.334861e+09
2335,2.335491e+09
2336,2.336774e+09
2337,2.337380e+09
2338,2.338744e+09
2339,2.339549e+09
2340,2.340257e+09
2341,2.341040e+09
2342,2.342406e+09
2343,2.343385e+09
2344,2.344610e+09
2345,2.345813e+09
2346,2.346311e+09
2347,2.347710e+09
2348,2.348158e+09
2349,2.349108e+09
2350,2.350888e+09
2351,2.351913e+09
2352,2.352290e+09
2353,2.353257e+09
2354,2.354747e+09
2355,2.355285e+09
2356,2.356657e+09
2357,2.357162e+09
2358,2.358762e+09
2359,2.359931e+09
2360,2.360184e+09
2361,2.361101e+09
2362,2.362297e+09
2363,2.363701e+09
2364,2.364211e+09
2365,2.365445e+09
2366,2.366934e+09
2367,2.367582e+09
2368,2.368459e+09
2369,2.369150e+09
2370,2.370606e+09
2371,2.371507e+09
2372,2.372330e+09
2373,2.373458e+09
2374,2.374325e+09
2375,2.375793e+09
2376,2.376575e+09
2377,2.377569e+09
2378,2.378154e+09
2379,2.379438e+09
2380,2.380823e+09
2381,2.381909e+09
2382,2.382257e+09
2383,2.383514e+09
2384,2.384439e+09
2385,2.385880e+09
2386,2.386620e+09
2387,2.387575e+09
2388,2.388393e+09
2389,2.389522e+09
2390,2.390834e+09
2391,2.391148e+09
2392,2.392041e+09
2393,2.393977e+09
2394,2.394922e+09
2395,2.395263e+09
2396,2.396986e+09
2397,2.397633e+09
2398,2.398988e+09
2399,2.399240e+09
2400,2.400968e+09
2401,2.401237e+09
2402,2.402715e+09
2403,2.403229e+09
2404,2.404402e+09
2405,2.405100e+09
2406,2.406971e+09
2407,2.407480e+09
2408,2.408542e+09
2409,2.409191e+09
2410,2.410377e+09
2411,2.411505e+09
2412,2.412920e+09
2413,2.413418e+09
2414,2.414361e+09
2415,2.415068e+09
2416,2.416667e+09
2417,2.417482e+09
2418,2.418668e+09
2419,2.419814e+09
2420,2.420051e+09
2421,2.421301e+09
2422,2.422656e+09
2423,2.423363e+09
2424,2.424713e+09
2425,2.425221e+09
2426,2.426414e+09
2427,2.427474e+09
2428,2.428344e+09
2429,2.429785e+09
2430,2.430528e+09
2431,2.431952e+09
2432,2.432453e+09
2433,2.433882e+09
2434,2.434727e+09
2435,2.435185e+09
2436,2.436601e+09
2437,2.437887e+09
2438,2.438007e+09
2439,2.439348e+09
2440,2.440200e+09
2441,2.441496e+09
2442,2.442554e+09
2443,2.443177e+09
2444,2.444581e+09
2445,2.445569e+09
2446,2.446782e+09
2447,2.447182e+09
2448,2.448389e+09
2449,2.449915e+09
2450,2.450639e+09
2451,2.451287e+09
2452,2.452827e+09
2453,2.453854e+09
2454,2.454718e+09
2455,2.455234e+09
2456,2.456468e+09
2457,2.457660e+09
2458,2.458544e+09
2459,2.459309e+09
2460,2.460212e+09
2461,2.461386e+09
2462,2.462809e+09
2463,2.463764e+09
2464,2.464535e+09
2465,2.465011e+09
2466,2.466425e+09
2467,2.467636e+09
2468,2.468223e+09
2469,2.469446e+09
2470,2.470542e+09
2471,2.471172e+09
2472,2.472171e+09
2473,2.473263e+09
2474,2.474967e+09
2475,2.475946e+09
2476,2.476053e+09
2477,2.477670e+09
2478,2.478880e+09
2479,2.479410e+09
2480,2.480620e+09
2481,2.481391e+09
2482,2.482951e+09
2483,2.483644e+09
2484,2.484362e+09
2485,2.485457e+09
2486,2.486966e+09
2487,2.487768e+09
2488,2.488145e+09
2489,2.489848e+09
2490,2.490398e+09
2491,2.491868e+09
2492,2.492906e+09
2493,2.493704e+09
2494,2.494474e+09
2495,2.495300e+09
2496,2.496391e+09
2497,2.497871e+09
2498,2.498366e+09
2499,2.499438e+09
2500,2.500966e+09
2501,2.501894e+09
2502,2.502043e+09
2503,2.503873e+09
2504,2.504617e+09
2505,2.505816e+09
2506,2.506137e+09
2507,2.507998e+09
2508,2.508989e+09
2509,2.509217e+09
2510,2.510540e+09
2511,2.511471e+09
2512,2.512768e+09
2513,2.513629e+09
2514,2.514821e+09
2515,2.515058e+09
2516,2.516624e+09
2517,2.517354e+09
2518,2.518209e+09
2519,2.519955e+09
2520,2.520233e+09
2521,2.521573e+09
2522,2.522886e+09
2523,2.523515e+09
2524,2.524220e+09
2525,2.525558e+09
2526,2.526197e+09
2527,2.527159e+09
2528,2.528144e+09
2529,2.529396e+09
2530,2.530907e+09
2531,2.531974e+09
2532,2.532980e+09
2533,2.533375e+09
2534,2.534000e+09
2535,2.535785e+09
2536,2.536726e+09
2537,2.537913e+09
2538,2.538017e+09
2539,2.539906e+09
2540,2.540866e+09
2541,2.541899e+09
2542,2.542011e+09
2543,2.543905e+09
2544,2.544117e+09
2545,2.545537e+09
2546,2.546301e+09
2547,2.547583e+09
2548,2.548470e+09
2549,2.549920e+09
2550,2.550002e+09
2551,2.551772e+09
2552,2.552567e+09
2553,2.553324e+09
2554,2.554854e+09
2555,2.555282e+09
2556,2.556778e+09
2557,2.557457e+09
2558,2.558467e+09
2559,2.559905e+09
2560,2.560767e+09
2561,2.561229e+09
2562,2.562091e+09
2563,2.563425e+09
2564,2.564184e+09
2565,2.565999e+09
2566,2.566446e+09
2567,2.567900e+09
2568,2.568990e+09
2569,2.569867e+09
2570,2.570364e+09
2571,2.571179e+09
2572,2.572429e+09
2573,2.573243e+09
2574,2.574713e+09
2575,2.575767e+09
2576,2.576941e+09
2577,2.577362e+09
2578,2.578756e+09
2579,2.579735e+09
2580,2.580679e+09
2581,2.581191e+09
2582,2.582830e+09
2583,2.583356e+09
2584,2.584462e+09
2585,2.585754e+09
2586,2.586974e+09
2587,2.587867e+09
2588,2.588970e+09
2589,2.589982e+09
2590,2.590839e+09
2591,2.591323e+09
2592,2.592295e+09
2593,2.593877e+09
2594,2.594150e+09
2595,2.595566e+09
2596,2.596083e+09
2597,2.597370e+09
2598,2.598601e+09
2599,2.599266e+09
2600,2.600686e+09
2601,2.601317e+09
2602,2.602982e+09
2603,2.603266e+09
2604,2.604900e+09
2605,2.605892e+09
2606,2.606199e+09
2607,2.607135e+09
2608,2.608593e+09
2609,2.609889e+09
2610,2.610601e+09
2611,2.611354e+09
2612,2.612002e+09
2613,2.613037e+09
2614,2.614410e+09
2615,2.615400e+09
2616,2.616042e+09
2617,2.617007e+09
2618,2.618616e+09
2619,2.619807e+09
2620,2.620530e+09
2621,2.621830e+09
2622,2.622573e+09
2623,2.623673e+09
2624,2.624519e+09
2625,2.625962e+09
2626,2.626933e+09
2627,2.627495e+09
2628,2.628829e+09
2629,2.629660e+09
2630,2.630138e+09
2631,2.631929e+09
2632,2.632254e+09
2633,2.633491e+09
2634,2.634503e+09
2635,2.635461e+09
2636,2.636790e+09
2637,2.637734e+09
2638,2.638612e+09
2639,2.639978e+09
2640,2.640747e+09
2641,2.641647e+09
2642,2.642754e+09
2643,2.643071e+09
2644,2.644702e+09
2645,2.645826e+09
2646,2.646810e+09
2647,2.647168e+09
2648,2.648024e+09
2649,2.649961e+09
2650,2.650452e+09
2651,2.651735e+09
2652,2.652848e+09
2653,2.653128e+09
2654,2.654174e+09
2655,2.655234e+09
2656,2.656368e+09
2657,2.657542e+09
2658,2.658837e+09
2659,2.659395e+09
2660,2.660751e+09
2661,2.661036e+09
2662,2.662166e+09
2663,2.663839e+09
2664,2.664130e+09
2665,2.665621e+09
2666,2.666747e+09
2667,2.667231e+09
2668,2.668876e+09
2669,2.669715e+09
2670,2.670144e+09
2671,2.671304e+09
2672,2.672099e+09
2673,2.673099e+09
2674,2.674146e+09
2675,2.675447e+09
2676,2.676203e+09
2677,2.677343e+09
2678,2.678000e+09
2679,2.679069e+09
2680,2.680808e+09
2681,2.681203e+09
2682,2.682198e+09
2683,2.683814e+09
2684,2.684277e+09
2685,2.685512e+09
2686,2.686633e+09
2687,2.687686e+09
2688,2.688478e+09
2689,2.689659e+09
2690,2.690471e+09
2691,2.691605e+09
2692,2.692992e+09
2693,2.693692e+09
2694,2.694205e+09
2695,2.695873e+09
2696,2.696370e+09
2697,2.697571e+09
2698,2.698552e+09
2699,2.699257e+09
2700,2.700078e+09
2701,2.701659e+09
2702,2.702532e+09
2703,2.703252e+09
2704,2.704515e+09
2705,2.705057e+09
2706,2.706190e+09
2707,2.707813e+09
2708,2.708888e+09
2709,2.709280e+09
2710,2.710065e+09
2711,2.711492e+09
2712,2.712258e+09
2713,2.713181e+09
2714,2.714030e+09
2715,2.715259e+09
2716,2.716289e+09
2717,2.717322e+09
2718,2.718992e+09
2719,2.719649e+09
2720,2.720785e+09
2721,2.721926e+09
2722,2.722670e+09
2723,2.723943e+09
2724,2.724963e+09
2725,2.725776e+09
2726,2.726625e+09
2727,2.727532e+09
2728,2.728759e+09
2729,2.729769e+09
2730,2.730169e+09
2731,2.731418e+09
2732,2.732523e+09
2733,2.733802e+09
2734,2.734225e+09
2735,2.735759e+09
2736,2.736914e+09
2737,2.737323e+09
2738,2.738129e+09
2739,2.739445e+09
2740,2.740935e+09
2741,2.741948e+09
2742,2.742715e+09
2743,2.743314e+09
2744,2.744128e+09
2745,2.745676e+09
2746,2.746041e+09
2747,2.747280e+09
2748,2.748987e+09
2749,2.749868e+09
2750,2.750286e+09
2751,2.751675e+09
2752,2.752476e+09
2753,2.753158e+09
2754,2.754962e+09
2755,2.755433e+09
2756,2.756915e+09
2757,2.757564e+09
2758,2.758521e+09
2759,2.759012e+09
2760,2.760791e+09
2761,2.761415e+09
2762,2.762710e+09
2763,2.763865e+09
2764,2.764196e+09
2765,2.765085e+09
2766,2.766380e+09
2767,2.767323e+09
2768,2.768645e+09
2769,2.769903e+09
2770,2.770048e+09
2771,2.771675e+09
2772,2.772140e+09
2773,2.773420e+09
2774,2.774705e+09
2775,2.775518e+09
2776,2.776385e+09
2777,2.777834e+09
2778,2.778192e+09
2779,2.779337e+09
2780,2.780996e+09
2781,2.781855e+09
2782,2.782434e+09
2783,2.783758e+09
2784,2.784536e+09
2785,2.785445e+09
2786,2.786493e+09
2787,2.787976e+09
2788,2.788468e+09
2789,2.789279e+09
2790,2.790677e+09
2791,2.791863e+09
2792,2.792042e+09
2793,2.793228e+09
2794,2.794171e+09
2795,2.795172e+09
2796,2.796339e+09
2797,2.797395e+09
2798,2.798784e+09
2799,2.799600e+09
2800,2.800887e+09
2801,2.801483e+09
2802,2.802754e+09
2803,2.803509e+09
2804,2.804502e+09
2805,2.805057e+09
2806,2.806136e+09
2807,2.807146e+09
2808,2.808006e+09
2809,2.809991e+09
2810,2.810201e+09
2811,2.811748e+09
2812,2.812827e+09
2813,2.813420e+09
2814,2.814099e+09
2815,2.815723e+09
2816,2.816910e+09
2817,2.817730e+09
2818,2.818746e+09
2819,2.819345e+09
2820,2.820136e+09
2821,2.821325e+09
2822,2.822777e+09
2823,2.823153e+09
2824,2.824833e+09
2825,2.825990e+09
2826,2.826947e+09
2827,2.827946e+09
2828,2.828090e+09
2829,2.829118e+09
2830,2.830679e+09
2831,2.831588e+09
2832,2.832604e+09
2833,2.833641e+09
2834,2.834606e+09
2835,2.835328e+09
2836,2.836090e+09
2837,2.837422e+09
2838,2.838874e+09
2839,2.839263e+09
2840,2.840436e+09
2841,2.841336e+09
2842,2.842554e+09
2843,2.843974e+09
2844,2.844534e+09
2845,2.845014e+09
2846,2.846700e+09
2847,2.847986e+09
2848,2.848544e+09
2849,2.849141e+09
2850,2.850123e+09
2851,2.851669e+09
2852,2.852719e+09
2853,2.853165e+09
2854,2.854099e+09
2855,2.855040e+09
2856,2.856623e+09
2857,2.857854e+09
2858,2.858210e+09
2859,2.859716e+09
2860,2.860584e+09
2861,2.861473e+09
2862,2.862483e+09
2863,2.863596e+09
2864,2.864624e+09
2865,2.865990e+09
2866,2.866485e+09
2867,2.867060e+09
2868,2.868181e+09
2869,2.869639e+09
2870,2.870447e+09
2871,2.871161e+09
2872,2.872059e+09
2873,2.873078e+09
2874,2.874440e+09
2875,2.875757e+09
2876,2.876786e+09
2877,2.877025e+09
2878,2.878810e+09
2879,2.879951e+09
2880,2.880009e+09
2881,2.881201e+09
2882,2.882948e+09
2883,2.883305e+09
2884,2.884724e+09
2885,2.885004e+09
2886,2.886812e+09
2887,2.887852e+09
2888,2.888839e+09
2889,2.889018e+09
2890,2.890146e+09
2891,2.891942e+09
2892,2.892899e+09
2893,2.893895e+09
2894,2.894258e+09
2895,2.895247e+09
2896,2.896533e+09
2897,2.897074e+09
2898,2.898856e+09
2899,2.899082e+09
2900,2.900695e+09
2901,2.901141e+09
2902,2.902780e+09
2903,2.903489e+09
2904,2.904983e+09
2905,2.905494e+09
2906,2.906899e+09
2907,2.907354e+09
2908,2.908773e+09
2909,2.909544e+09
2910,2.910244e+09
2911,2.911148e+09
2912,2.912063e+09
2913,2.913194e+09
2914,2.914581e+09
2915,2.915186e+09
2916,2.916217e+09
2917,2.917966e+09
2918,2.918470e+09
2919,2.919980e+09
2920,2.920040e+09
2921,2.921027e+09
2922,2.922479e+09
2923,2.923346e+09
2924,2.924165e+09
2925,2.925439e+09
2926,2.926125e+09
2927,2.927461e+09
2928,2.928699e+09
2929,2.929106e+09
2930,2.930795e+09
2931,2.931604e+09
2932,2.932317e+09
2933,2.933430e+09
2934,2.934500e+09
2935,2.935623e+09
2936,2.936011e+09
2937,2.937292e+09
2938,2.938126e+09
2939,2.939846e+09
2940,2.940365e+09
2941,2.941246e+09
2942,2.942202e+09
2943,2.943923e+09
2944,2.944195e+09
2945,2.945141e+09
2946,2.946043e+09
2947,2.947948e+09
2948,2.948167e+09
2949,2.949292e+09
2950,2.950940e+09
2951,2.951357e+09
2952,2.952868e+09
2953,2.953178e+09
2954,2.954488e+09
2955,2.955206e+09
2956,2.956304e+09
2957,2.957995e+09
2958,2.958544e+09
2959,2.959566e+09
2960,2.960715e+09
2961,2.961005e+09
2962,2.962773e+09
2963,2.963525e+09
2964,2.964127e+09
2965,2.965226e+09
2966,2.966112e+09
2967,2.967301e+09
2968,2.968635e+09
2969,2.969064e+09
2970,2.970118e+09
2971,2.971300e+09
2972,2.972079e+09
2973,2.973397e+09
2974,2.974507e+09
2975,2.975226e+09
2976,2.976528e+09
2977,2.977480e+09
2978,2.978527e+09
2979,2.979375e+09
2980,2.980497e+09
2981,2.981839e+09
2982,2.982146e+09
2983,2.983439e+09
2984,2.984954e+09
2985,2.985552e+09
2986,2.986852e+09
2987,2.987708e+09
2988,2.988273e+09
2989,2.989376e+09
2990,2.990124e+09
2991,2.991557e+09
2992,2.992595e+09
2993,2.993890e+09
2994,2.994854e+09
2995,2.995546e+09
2996,2.996921e+09
2997,2.997021e+09
2998,2.998756e+09
2999,2.999661e+09
3000,3.000698e+09
3001,3.001018e+09
3002,3.002577e+09
3003,3.003559e+09
3004,3.004199e+09
3005,3.005423e+09
3006,3.006189e+09
3007,3.007872e+09
3008,3.008484e+09
3009,3.009136e+09
3010,3.010514e+09
3011,3.011701e+09
3012,3.012361e+09
3013,3.013807e+09
3014,3.014613e+09
3015,3.015807e+09
3016,3.016449e+09
3017,3.017476e+09
3018,3.018802e+09
3019,3.019731e+09
3020,3.020930e+09
3021,3.021218e+09
3022,3.022563e+09
3023,3.023654e+09
3024,3.024215e+09
3025,3.025894e+09
3026,3.026836e+09
3027,3.027009e+09
3028,3.028819e+09
3029,3.029885e+09
3030,3.030297e+09
3031,3.031526e+09
3032,3.032971e+09
3033,3.033457e+09
3034,3.034785e+09
3035,3.035690e+09
3036,3.036346e+09
3037,3.037994e+09
3038,3.038821e+09
3039,3.039090e+09
3040,3.040199e+09
3041,3.041077e+09
3042,3.042328e+09
3043,3.043991e+09
3044,3.044884e+09
3045,3.045495e+09
3046,3.046887e+09
3047,3.047833e+09
3048,3.048512e+09
3049,3.049641e+09
3050,3.050096e+09
3051,3.051834e+09
3052,3.052637e+09
3053,3.053984e+09
3054,3.054130e+09
3055,3.055685e+09
3056,3.056317e+09
3057,3.057183e+09
3058,3.058060e+09
3059,3.059226e+09
3060,3.060809e+09
3061,3.061370e+09
3062,3.062991e+09
3063,3.063257e+09
3064,3.064215e+09
3065,3.065358e+09
3066,3.066952e+09
3067,3.067472e+09
3068,3.068834e+09
3069,3.069658e+09
3070,3.070376e+09
3071,3.071152e+09
3072,3.072834e+09
3073,3.073625e+09
3074,3.074288e+09
3075,3.075656e+09
3076,3.076121e+09
3077,3.077293e+09
3078,3.078540e+09
3079,3.079659e+09
3080,3.080219e+09
3081,3.081053e+09
3082,3.082315e+09
3083,3.083278e+09
3084,3.084666e+09
3085,3.085978e+09
3086,3.086727e+09
3087,3.087822e+09
3088,3.088333e+09
3089,3.089011e+09
3090,3.090374e+09
3091,3.091052e+09
3092,3.092567e+09
3093,3.093900e+09
3094,3.094161e+09
3095,3.095330e+09
3096,3.096530e+09
3097,3.097118e+09
3098,3.098610e+09
3099,3.099757e+09
3100,3.100406e+09
3101,3.101298e+09
3102,3.102627e+09
3103,3.103933e+09
3104,3.104771e+09
3105,3.105991e+09
3106,3.106555e+09
3107,3.107351e+09
3108,3.108033e+09
3109,3.109952e+09
3110,3.110127e+09
3111,3.111865e+09
3112,3.112106e+09
3113,3.113755e+09
3114,3.114554e+09
3115,3.115149e+09
3116,3.116911e+09
3117,3.117222e+09
3118,3.118706e+09
3119,3.119057e+09
3120,3.120164e+09
3121,3.121003e+09
3122,3.122365e+09
3123,3.123241e+09
3124,3.124751e+09
3125,3.125812e+09
3126,3.126859e+09
3127,3.127151e+09
3128,3.128601e+09
3129,3.129718e+09
3130,3.130596e+09
3131,3.131436e+09
3132,3.132816e+09
3133,3.133211e+09
3134,3.134135e+09
3135,3.135861e+09
3136,3.136836e+09
3137,3.137588e+09
3138,3.138543e+09
3139,3.139722e+09
3140,3.140413e+09
3141,3.141209e+09
3142,3.142176e+09
3143,3.143588e+09
3144,3.144607e+09
3145,3.145534e+09
3146,3.146643e+09
3147,3.147598e+09
3148,3.148555e+09
3149,3.149578e+09
3150,3.150791e+09
3151,3.151530e+09
3152,3.152566e+09
3153,3.153621e+09
3154,3.154128e+09
3155,3.155628e+09
3156,3.156820e+09
3157,3.157671e+09
3158,3.158491e+09
3159,3.159957e+09
3160,3.160542e+09
3161,3.161518e+09
3162,3.162355e+09
3163,3.163645e+09
3164,3.164290e+09
3165,3.165607e+09
3166,3.166116e+09
3167,3.167886e+09
3168,3.168079e+09
3169,3.169737e+09
3170,3.170902e+09
3171,3.171849e+09
3172,3.172417e+09
3173,3.173301e+09
3174,3.174520e+09
3175,3.175665e+09
3176,3.176788e+09
3177,3.177884e+09
3178,3.178331e+09
3179,3.179539e+09
3180,3.180013e+09
3181,3.181570e+09
3182,3.182897e+09
3183,3.183389e+09
3184,3.184951e+09
3185,3.185744e+09
3186,3.186749e+09
3187,3.187797e+09
3188,3.188062e+09
3189,3.189737e+09
3190,3.190653e+09
3191,3.191826e+09
3192,3.192149e+09
3193,3.193211e+09
3194,3.194403e+09
3195,3.195997e+09
3196,3.196055e+09
3197,3.197530e+09
3198,3.198261e+09
3199,3.199290e+09
3200,3.200947e+09
3201,3.201661e+09
3202,3.202922e+09
3203,3.203368e+09
3204,3.204746e+09
3205,3.205180e+09
3206,3.206813e+09
3207,3.207640e+09
3208,3.208893e+09
3209,3.209565e+09
3210,3.210538e+09
3211,3.211217e+09
3212,3.212846e+09
3213,3.213707e+09
3214,3.214443e+09
3215,3.215232e+09
3216,3.216019e+09
3217,3.217902e+09
3218,3.218430e+09
3219,3.219736e+09
3220,3.220733e+09
3221,3.221870e+09
3222,3.222476e+09
3223,3.223301e+09
3224,3.224413e+09
3225,3.225513e+09
3226,3.226804e+09
3227,3.227988e+09
3228,3.228175e+09
3229,3.229859e+09
3230,3.230906e+09
3231,3.231566e+09
3232,3.232861e+09
3233,3.233278e+09
3234,3.234553e+09
3235,3.235929e+09
3236,3.236324e+09
3237,3.237869e+09
3238,3.238209e+09
3239,3.239535e+09
3240,3.240887e+09
3241,3.241696e+09
3242,3.242803e+09
3243,3.243079e+09
3244,3.244797e+09
3245,3.245572e+09
3246,3.246423e+09
3247,3.247881e+09
3248,3.248573e+09
3249,3.249216e+09
3250,3.250302e+09
3251,3.251036e+09
3252,3.252609e+09
3253,3.253162e+09
3254,3.254269e+09
3255,3.255536e+09
3256,3.256299e+09
3257,3.257059e+09
3258,3.258632e+09
3259,3.259546e+09
3260,3.260818e+09
3261,3.261872e+09
3262,3.262880e+09
3263,3.263859e+09
3264,3.264593e+09
3265,3.265446e+09
3266,3.266241e+09
3267,3.267321e+09
3268,3.268708e+09
3269,3.269921e+09
3270,3.270711e+09
3271,3.271636e+09
3272,3.272108e+09
3273,3.273021e+09
3274,3.274232e+09
3275,3.275732e+09
3276,3.276299e+09
3277,3.277034e+09
3278,3.278520e+09
3279,3.279008e+09
3280,3.280753e+09
3281,3.281479e+09
3282,3.282618e+09
3283,3.283987e+09
3284,3.284498e+09
3285,3.285193e+09
3286,3.286317e+09
3287,3.287770e+09
3288,3.288074e+09
3289,3.289247e+09
3290,3.290520e+09
3291,3.291112e+09
3292,3.292528e+09
3293,3.293773e+09
3294,3.294902e+09
3295,3.295080e+09
3296,3.296693e+09
3297,3.297648e+09
3298,3.298419e+09
3299,3.299009e+09
3300,3.300705e+09
3301,3.301469e+09
3302,3.302646e+09
3303,3.303286e+09
3304,3.304929e+09
3305,3.305351e+09
3306,3.306553e+09
3307,3.307821e+09
3308,3.308106e+09
3309,3.309672e+09
3310,3.310673e+09
3311,3.311704e+09
3312,3.312332e+09
3313,3.313817e+09
3314,3.314122e+09
3315,3.315613e+09
3316,3.316662e+09
3317,3.317077e+09
3318,3.318796e+09
3319,3.319446e+09
3320,3.320879e+09
3321,3.321451e+09
3322,3.322711e+09
3323,3.323454e+09
3324,3.324671e+09
3325,3.325275e+09
3326,3.326120e+09
3327,3.327702e+09
3328,3.328287e+09
3329,3.329511e+09
3330,3.330605e+09
3331,3.331337e+09
3332,3.332399e+09
3333,3.333368e+09
3334,3.334662e+09
3335,3.335749e+09
3336,3.336049e+09
3337,3.337020e+09
3338,3.338087e+09
3339,3.339576e+09
3340,3.340377e+09
3341,3.341491e+09
3342,3.342033e+09
3343,3.343161e+09
3344,3.344416e+09
3345,3.345767e+09
3346,3.346129e+09
3347,3.347627e+09
3348,3.348674e+09
3349,3.349597e+09
3350,3.350379e+09
3351,3.351794e+09
3352,3.352305e+09
3353,3.353443e+09
3354,3.354653e+09
3355,3.355114e+09
3356,3.356226e+09
3357,3.357560e+09
3358,3.358694e+09
3359,3.359514e+09
3360,3.360607e+09
3361,3.361553e+09
3362,3.362902e+09
3363,3.363661e+09
3364,3.364990e+09
3365,3.365658e+09
3366,3.366541e+09
3367,3.367021e+09
3368,3.368459e+09
3369,3.369216e+09
3370,3.370233e+09
3371,3.371041e+09
3372,3.372237e+09
3373,3.373398e+09
3374,3.374139e+09
3375,3.375914e+09
3376,3.376014e+09
3377,3.377398e+09
3378,3.378363e+09
3379,3.379085e+09
3380,3.380104e+09
3381,3.381135e+09
3382,3.382517e+09
3383,3.383930e+09
3384,3.384882e+09
3385,3.385828e+09
3386,3.386442e+09
3387,3.387919e+09
3388,3.388426e+09
3389,3.389609e+09
3390,3.390691e+09
3391,3.391876e+09
3392,3.392441e+09
3393,3.393689e+09
3394,3.394758e+09
3395,3.395895e+09
3396,3.396558e+09
3397,3.397590e+09
3398,3.398121e+09
3399,3.399126e+09
3400,3.400506e+09
3401,3.401901e+09
3402,3.402469e+09
3403,3.403617e+09
3404,3.404546e+09
3405,3.405761e+09
3406,3.406343e+09
3407,3.407094e+09
3408,3.408985e+09
3409,3.409872e+09
3410,3.410832e+09
3411,3.411710e+09
3412,3.412933e+09
3413,3.413928e+09
3414,3.414899e+09
3415,3.415066e+09
3416,3.416083e+09
3417,3.417348e+09
3418,3.418365e+09
3419,3.419653e+09
3420,3.420433e+09
3421,3.421325e+09
3422,3.422846e+09
3423,3.423792e+09
3424,3.424864e+09
3425,3.425633e+09
3426,3.426933e+09
3427,3.427716e+09
3428,3.428186e+09
3429,3.429949e+09
3430,3.430699e+09
3431,3.431968e+09
3432,3.432910e+09
3433,3.433476e+09
3434,3.434183e+09
3435,3.435122e+09
3436,3.436326e+09
3437,3.437855e+09
3438,3.438022e+09
3439,3.439422e+09
3440,3.440099e+09
3441,3.441387e+09
3442,3.442941e+09
3443,3.443525e+09
3444,3.444555e+09
3445,3.445662e+09
3446,3.446250e+09
3447,3.447680e+09
3448,3.448672e+09
3449,3.449562e+09
3450,3.450808e+09
3451,3.451763e+09
3452,3.452365e+09
3453,3.453535e+09
3454,3.454010e+09
3455,3.455131e+09
3456,3.456064e+09
3457,3.457542e+09
3458,3.458558e+09
3459,3.459069e+09
3460,3.460164e+09
3461,3.461729e+09
3462,3.462250e+09
3463,3.463926e+09
3464,3.464973e+09
3465,3.465209e+09
3466,3.466420e+09
3467,3.467928e+09
3468,3.468461e+09
3469,3.469118e+09
3470,3.470890e+09
3471,3.471449e+09
3472,3.472272e+09
3473,3.473510e+09
3474,3.474466e+09
3475,3.475723e+09
3476,3.476582e+09
3477,3.477152e+09
3478,3.478003e+09
3479,3.479064e+09
3480,3.480838e+09
3481,3.481305e+09
3482,3.482549e+09
3483,3.483825e+09
3484,3.484084e+09
3485,3.485866e+09
3486,3.486377e+09
3487,3.487615e+09
3488,3.488151e+09
3489,3.489079e+09
3490,3.490530e+09
3491,3.491637e+09
3492,3.492168e+09
3493,3.493366e+09
3494,3.494754e+09
3495,3.495360e+09
3496,3.496166e+09
3497,3.497472e+09
3498,3.498301e+09
3499,3.499323e+09
3500,3.500063e+09
3501,3.501682e+09
3502,3.502854e+09
3503,3.503387e+09
3504,3.504502e+09
3505,3.505698e+09
3506,3.506150e+09
3507,3.507079e+09
3508,3.508451e+09
3509,3.509632e+09
3510,3.510217e+09
3511,3.511819e+09
3512,3.512277e+09
3513,3.513157e+09
3514,3.514229e+09
3515,3.515923e+09
3516,3.516566e+09
3517,3.517383e+09
3518,3.518077e+09
3519,3.519863e+09
3520,3.520506e+09
3521,3.521231e+09
3522,3.522243e+09
3523,3.523689e+09
3524,3.524274e+09
3525,3.525208e+09
3526,3.526884e+09
3527,3.527209e+09
3528,3.528937e+09
3529,3.529926e+09
3530,3.530859e+09
3531,3.531275e+09
3532,3.532323e+09
3533,3.533650e+09
3534,3.534281e+09
3535,3.535236e+09
3536,3.536082e+09
3537,3.537561e+09
3538,3.538735e+09
3539,3.539673e+09
3540,3.540192e+09
3541,3.541923e+09
3542,3.542339e+09
3543,3.543035e+09
3544,3.544262e+09
3545,3.545179e+09
3546,3.546982e+09
3547,3.547175e+09
3548,3.548356e+09
3549,3.549570e+09
3550,3.550711e+09
3551,3.551631e+09
3552,3.552913e+09
3553,3.553043e+09
3554,3.554182e+09
3555,3.555605e+09
3556,3.556481e+09
3557,3.557635e+09
3558,3.558326e+09
3559,3.559076e+09
3560,3.560097e+09
3561,3.561226e+09
3562,3.562731e+09
3563,3.563404e+09
3564,3.564154e+09
3565,3.565728e+09
3566,3.566055e+09
3567,3.567047e+09
3568,3.568062e+09
3569,3.569157e+09
3570,3.570347e+09
3571,3.571055e+09
3572,3.572679e+09
3573,3.573880e+09
3574,3.574938e+09
3575,3.575001e+09
3576,3.576680e+09
3577,3.577331e+09
3578,3.578501e+09
3579,3.579135e+09
3580,3.580093e+09
3581,3.581464e+09
3582,3.582927e+09
3583,3.583400e+09
3584,3.584736e+09
3585,3.585265e+09
3586,3.586453e+09
3587,3.587351e+09
3588,3.588654e+09
3589,3.589969e+09
3590,3.590001e+09
3591,3.591995e+09
3592,3.592596e+09
3593,3.593435e+09
3594,3.594210e+09
3595,3.595629e+09
3596,3.596134e+09
3597,3.597094e+09
3598,3.598537e+09
3599,3.599736e+09
3600,3.600409e+09
3601,3.601104e+09
3602,3.602815e+09
3603,3.603528e+09
3604,3.604628e+09
3605,3.605504e+09
3606,3.606265e+09
3607,3.607845e+09
3608,3.608151e+09
3609,3.609606e+09
3610,3.610860e+09
3611,3.611032e+09
3612,3.612904e+09
3613,3.613466e+09
3614,3.614343e+09
3615,3.615324e+09
3616,3.616340e+09
3617,3.617199e+09
3618,3.618704e+09
3619,3.619962e+09
3620,3.620784e+09
3621,3.621658e+09
3622,3.622120e+09
3623,3.623260e+09
3624,3.624151e+09
3625,3.625793e+09
3626,3.626330e+09
3627,3.627142e+09
3628,3.628593e+09
3629,3.629657e+09
3630,3.630327e+09
3631,3.631934e+09
3632,3.632145e+09
3633,3.633105e+09
3634,3.634493e+09
3635,3.635189e+09
3636,3.636458e+09
3637,3.637074e+09
3638,3.638074e+09
3639,3.639336e+09
3640,3.640993e+09
3641,3.641697e+09
3642,3.642726e+09
3643,3.643388e+09
3644,3.644175e+09
3645,3.645906e+09
3646,3.646096e+09
3647,3.647308e+09
3648,3.648775e+09
3649,3.649144e+09
3650,3.650197e+09
3651,3.651847e+09
3652,3.652427e+09
3653,3.653197e+09
3654,3.654381e+09
3655,3.655072e+09
3656,3.656514e+09
3657,3.657441e+09
3658,3.658244e+09
3659,3.659754e+09
3660,3.660907e+09
3661,3.661421e+09
3662,3.662944e+09
3663,3.663914e+09
3664,3.664309e+09
3665,3.665479e+09
3666,3.666072e+09
3667,3.667769e+09
3668,3.668327e+09
3669,3.669528e+09
3670,3.670332e+09
3671,3.671172e+09
3672,3.672592e+09
3673,3.673777e+09
3674,3.674672e+09
3675,3.675359e+09
3676,3.676397e+09
3677,3.677205e+09
3678,3.678673e+09
3679,3.679006e+09
3680,3.680325e+09
3681,3.681720e+09
3682,3.682537e+09
3683,3.683018e+09
3684,3.684290e+09
3685,3.685670e+09
3686,3.686075e+09
3687,3.687623e+09
3688,3.688815e+09
3689,3.689522e+09
3690,3.690051e+09
3691,3.691623e+09
3692,3.692794e+09
3693,3.693660e+09
3694,3.694982e+09
3695,3.695226e+09
3696,3.696077e+09
3697,3.697742e+09
3698,3.698048e+09
3699,3.699409e+09
3700,3.700607e+09
3701,3.701069e+09
3702,3.702151e+09
3703,3.703409e+09
3704,3.704141e+09
3705,3.705717e+09
3706,3.706707e+09
3707,3.707550e+09
3708,3.708354e+09
3709,3.709966e+09
3710,3.710674e+09
3711,3.711254e+09
3712,3.712108e+09
3713,3.713114e+09
3714,3.714499e+09
3715,3.715354e+09
3716,3.716585e+09
3717,3.717162e+09
3718,3.718587e+09
3719,3.719578e+09
3720,3.720842e+09
3721,3.721442e+09
3722,3.722113e+09
3723,3.723674e+09
3724,3.724977e+09
3725,3.725319e+09
3726,3.726317e+09
3727,3.727677e+09
3728,3.728606e+09
3729,3.729230e+09
3730,3.730838e+09
3731,3.731514e+09
3732,3.732323e+09
3733,3.733676e+09
3734,3.734148e+09
3735,3.735320e+09
3736,3.736857e+09
3737,3.737944e+09
3738,3.738226e+09
3739,3.739829e+09
3740,3.740413e+09
3741,3.741403e+09
3742,3.742058e+09
3743,3.743482e+09
3744,3.744467e+09
3745,3.745943e+09
3746,3.746471e+09
3747,3.747710e+09
3748,3.748769e+09
3749,3.749799e+09
3750,3.750379e+09
3751,3.751462e+09
3752,3.752116e+09
3753,3.753840e+09
3754,3.754124e+09
3755,3.755038e+09
3756,3.756329e+09
3757,3.757800e+09
3758,3.758815e+09
3759,3.759374e+09
3760,3.760401e+09
3761,3.761129e+09
3762,3.762558e+09
3763,3.763628e+09
3764,3.764013e+09
3765,3.765940e+09
3766,3.766715e+09
3767,3.767767e+09
3768,3.768283e+09
3769,3.769980e+09
3770,3.770671e+09
3771,3.771622e+09
3772,3.772974e+09
3773,3.773494e+09
3774,3.774156e+09
3775,3.775324e+09
3776,3.776890e+09
3777,3.777935e+09
3778,3.778986e+09
3779,3.779436e+09
3780,3.780856e+09
3781,3.781245e+09
3782,3.782746e+09
3783,3.783064e+09
3784,3.784989e+09
3785,3.785150e+09
3786,3.786961e+09
3787,3.787750e+09
3788,3.788912e+09
3789,3.789327e+09
3790,3.790206e+09
3791,3.791878e+09
3792,3.792543e+09
3793,3.793144e+09
3794,3.794715e+09
3795,3.795024e+09
3796,3.796901e+09
3797,3.797946e+09
3798,3.798741e+09
3799,3.799197e+09
3800,3.800603e+09
3801,3.801302e+09
3802,3.802969e+09
3803,3.803086e+09
3804,3.804851e+09
3805,3.805133e+09
3806,3.806455e+09
3807,3.807426e+09
3808,3.808926e+09
3809,3.809037e+09
3810,3.810685e+09
3811,3.811201e+09
3812,3.812386e+09
3813,3.813757e+09
3814,3.814883e+09
3815,3.815554e+09
3816,3.816418e+09
3817,3.817025e+09
3818,3.818000e+09
3819,3.819826e+09
3820,3.820655e+09
3821,3.821252e+09
3822,3.822644e+09
3823,3.823218e+09
3824,3.824031e+09
3825,3.825819e+09
3826,3.826507e+09
3827,3.827768e+09
3828,3.828780e+09
3829,3.829913e+09
3830,3.830205e+09
3831,3.831178e+09
3832,3.832725e+09
3833,3.833655e+09
3834,3.834888e+09
3835,3.835413e+09
3836,3.836850e+09
3837,3.837973e+09
3838,3.838451e+09
3839,3.839960e+09
3840,3.840793e+09
3841,3.841949e+09
3842,3.842592e+09
3843,3.843456e+09
3844,3.844647e+09
3845,3.845046e+09
3846,3.846390e+09
3847,3.847275e+09
3848,3.848672e+09
3849,3.849958e+09
3850,3.850875e+09
3851,3.851100e+09
3852,3.852102e+09
3853,3.853639e+09
3854,3.854371e+09
3855,3.855628e+09
3856,3.856755e+09
3857,3.857529e+09
3858,3.858178e+09
3859,3.859575e+09
3860,3.860913e+09
3861,3.861721e+09
3862,3.862891e+09
3863,3.863445e+09
3864,3.864666e+09
3865,3.865976e+09
3866,3.866709e+09
3867,3.867370e+09
3868,3.868729e+09
3869,3.869283e+09
3870,3.870338e+09
3871,3.871750e+09
3872,3.872589e+09
3873,3.873875e+09
3874,3.874586e+09
3875,3.875331e+09
3876,3.876733e+09
3877,3.877172e+09
3878,3.878758e+09
3879,3.879310e+09
3880,3.880880e+09
3881,3.881901e+09
3882,3.882481e+09
3883,3.883872e+09
3884,3.884525e+09
3885,3.885371e+09
3886,3.886365e+09
3887,3.887646e+09
3888,3.888994e+09
3889,3.889900e+09
3890,3.890577e+09
3891,3.891294e+09
3892,3.892726e+09
3893,3.893494e+09
3894,3.894610e+09
3895,3.895580e+09
3896,3.896953e+09
3897,3.897477e+09
3898,3.898422e+09
3899,3.899595e+09
3900,3.900321e+09
3901,3.901225e+09
3902,3.902135e+09
3903,3.903310e+09
3904,3.904268e+09
3905,3.905812e+09
3906,3.906602e+09
3907,3.907178e+09
3908,3.908977e+09
3909,3.909548e+09
3910,3.910463e+09
3911,3.911524e+09
3912,3.912833e+09
3913,3.913018e+09
3914,3.914926e+09
3915,3.915392e+09
3916,3.916155e+09
3917,3.917553e+09
3918,3.918420e+09
3919,3.919629e+09
3920,3.920110e+09
3921,3.921358e+09
3922,3.922199e+09
3923,3.923418e+09
3924,3.924208e+09
3925,3.925105e+09
3926,3.926885e+09
3927,3.927734e+09
3928,3.928899e+09
3929,3.929788e+09
3930,3.930880e+09
3931,3.931891e+09
3932,3.932902e+09
3933,3.933706e+09
3934,3.934829e+09
3935,3.935285e+09
3936,3.936046e+09
3937,3.937062e+09
3938,3.938490e+09
3939,3.939240e+09
3940,3.940642e+09
3941,3.941647e+09
3942,3.942268e+09
3943,3.943375e+09
3944,3.944705e+09
3945,3.945571e+09
3946,3.946654e+09
3947,3.947113e+09
3948,3.948377e+09
3949,3.949953e+09
3950,3.950038e+09
3951,3.951776e+09
3952,3.952450e+09
3953,3.953782e+09
3954,3.954868e+09
3955,3.955541e+09
3956,3.956185e+09
3957,3.957186e+09
3958,3.958158e+09
3959,3.959257e+09
3960,3.960660e+09
3961,3.961097e+09
3962,3.962032e+09
3963,3.963086e+09
3964,3.964564e+09
3965,3.965240e+09
3966,3.966820e+09
3967,3.967592e+09
3968,3.968468e+09
3969,3.969990e+09
3970,3.970723e+09
3971,3.971786e+09
3972,3.972577e+09
3973,3.973446e+09
3974,3.974610e+09
3975,3.975705e+09
3976,3.976618e+09
3977,3.977409e+09
3978,3.978613e+09
3979,3.979097e+09
3980,3.980362e+09
3981,3.981881e+09
3982,3.982352e+09
3983,3.983684e+09
3984,3.984012e+09
3985,3.985644e+09
3986,3.986939e+09
3987,3.987474e+09
3988,3.988044e+09
3989,3.989702e+09
3990,3.990001e+09
3991,3.991725e+09
3992,3.992641e+09
3993,3.993670e+09
3994,3.994555e+09
3995,3.995455e+09
3996,3.996106e+09
3997,3.997544e+09
3998,3.998084e+09
3999,3.999436e+09
4000,4.000192e+09
4001,4.001557e+09
4002,4.002311e+09
4003,4.003069e+09
4004,4.004021e+09
4005,4.005593e+09
4006,4.006044e+09
4007,4.007104e+09
4008,4.008031e+09
4009,4.009074e+09
4010,4.010123e+09
4011,4.011344e+09
4012,4.012345e+09
4013,4.013554e+09
4014,4.014839e+09
4015,4.015523e+09
4016,4.016270e+09
4017,4.017349e+09
4018,4.018356e+09
4019,4.019657e+09
4020,4.020522e+09
4021,4.021989e+09
4022,4.022963e+09
4023,4.023390e+09
4024,4.024775e+09
4025,4.025267e+09
4026,4.026766e+09
4027,4.027155e+09
4028,4.028692e+09
4029,4.029220e+09
4030,4.030868e+09
4031,4.031241e+09
4032,4.032761e+09
4033,4.033088e+09
4034,4.034938e+09
4035,4.035802e+09
4036,4.036302e+09
4037,4.037563e+09
4038,4.038992e+09
4039,4.039039e+09
4040,4.040738e+09
4041,4.041431e+09
4042,4.042305e+09
4043,4.043388e+09
4044,4.044551e+09
4045,4.045759e+09
4046,4.046307e+09
4047,4.047198e+09
4048,4.048140e+09
4049,4.049628e+09
4050,4.050711e+09
4051,4.051491e+09
4052,4.052795e+09
4053,4.053182e+09
4054,4.054581e+09
4055,4.055149e+09
4056,4.056198e+09
4057,4.057839e+09
4058,4.058050e+09
4059,4.059319e+09
4060,4.060338e+09
4061,4.061918e+09
4062,4.062792e+09
4063,4.063591e+09
4064,4.064249e+09
4065,4.065155e+09
4066,4.066169e+09
4067,4.067725e+09
4068,4.068434e+09
4069,4.069663e+09
4070,4.070615e+09
4071,4.071650e+09
4072,4.072252e+09
4073,4.073170e+09
4074,4.074708e+09
4075,4.075190e+09
4076,4.076127e+09
4077,4.077480e+09
4078,4.078529e+09
4079,4.079638e+09
4080,4.080392e+09
4081,4.081561e+09
4082,4.082189e+09
4083,4.083493e+09
4084,4.084988e+09
4085,4.085711e+09
4086,4.086328e+09
4087,4.087232e+09
4088,4.088528e+09
4089,4.089072e+09
4090,4.090775e+09
4091,4.091136e+09
4092,4.092909e+09
4093,4.093907e+09
4094,4.094063e+09
4095,4.095192e+09
4096,4.096505e+09
4097,4.097688e+09
4098,4.098118e+09
4099,4.099266e+09
4100,4.100160e+09
4101,4.101588e+09
4102,4.102585e+09
4103,4.103203e+09
4104,4.104535e+09
4105,4.105747e+09
4106,4.106370e+09
4107,4.107572e+09
4108,4.108468e+09
4109,4.109012e+09
4110,4.110803e+09
4111,4.111873e+09
4112,4.112837e+09
4113,4.113997e+09
4114,4.114352e+09
4115,4.115894e+09
4116,4.116467e+09
4117,4.117062e+09
4118,4.118612e+09
4119,4.119028e+09
4120,4.120854e+09
4121,4.121039e+09
4122,4.122829e+09
4123,4.123906e+09
4124,4.124953e+09
4125,4.125383e+09
4126,4.126741e+09
4127,4.127460e+09
4128,4.128625e+09
4129,4.129183e+09
4130,4.130736e+09
4131,4.131996e+09
4132,4.132414e+09
4133,4.133196e+09
4134,4.134711e+09
4135,4.135494e+09
4136,4.136131e+09
4137,4.137043e+09
4138,4.138539e+09
4139,4.139584e+09
4140,4.140426e+09
4141,4.141476e+09
4142,4.142654e+09
4143,4.143594e+09
4144,4.144111e+09
4145,4.145162e+09
4146,4.146573e+09
4147,4.147312e+09
4148,4.148586e+09
4149,4.149390e+09
4150,4.150609e+09
4151,4.151836e+09
4152,4.152994e+09
4153,4.153348e+09
4154,4.154599e+09
4155,4.155571e+09
4156,4.156213e+09
4157,4.157303e+09
4158,4.158773e+09
4159,4.159262e+09
4160,4.160302e+09
4161,4.161623e+09
4162,4.162900e+09
4163,4.163461e+09
4164,4.164368e+09
4165,4.165461e+09
4166,4.166093e+09
4167,4.167782e+09
4168,4.168828e+09
4169,4.169641e+09
4170,4.170153e+09
4171,4.171980e+09
4172,4.172139e+09
4173,4.173066e+09
4174,4.174171e+09
4175,4.175555e+09
4176,4.176106e+09
4177,4.177265e+09
4178,4.178599e+09
4179,4.179327e+09
4180,4.180482e+09
4181,4.181446e+09
4182,4.182557e+09
4183,4.183799e+09
4184,4.184577e+09
4185,4.185158e+09
4186,4.186188e+09
4187,4.187948e+09
4188,4.188193e+09
4189,4.189408e+09
4190,4.190420e+09
4191,4.191767e+09
4192,4.192669e+09
4193,4.193472e+09
4194,4.194036e+09
4195,4.195691e+09
4196,4.196141e+09
4197,4.197743e+09
4198,4.198352e+09
4199,4.199360e+09
4200,4.200959e+09
4201,4.201255e+09
4202,4.202462e+09
4203,4.203718e+09
4204,4.204363e+09
4205,4.205679e+09
4206,4.206504e+09
4207,4.207941e+09
4208,4.208343e+09
4209,4.209930e+09
4210,4.210102e+09
4211,4.211814e+09
4212,4.212682e+09
4213,4.213286e+09
4214,4.214295e+09
4215,4.215145e+09
4216,4.216914e+09
4217,4.217756e+09
4218,4.218494e+09
4219,4.219484e+09
4220,4.220795e+09
4221,4.221099e+09
4222,4.222626e+09
4223,4.223615e+09
4224,4.224459e+09
4225,4.225401e+09
4226,4.226394e+09
4227,4.227005e+09
4228,4.228239e+09
4229,4.229122e+09
4230,4.230159e+09
4231,4.231740e+09
4232,4.232155e+09
4233,4.233620e+09
4234,4.234632e+09
4235,4.235562e+09
4236,4.236324e+09
4237,4.237414e+09
4238,4.238008e+09
4239,4.239426e+09
4240,4.240891e+09
4241,4.241975e+09
4242,4.242343e+09
4243,4.243049e+09
4244,4.244886e+09
4245,4.245646e+09
4246,4.246203e+09
4247,4.247807e+09
4248,4.248831e+09
4249,4.249871e+09
4250,4.250953e+09
4251,4.251471e+09
4252,4.252775e+09
4253,4.253463e+09
4254,4.254811e+09
4255,4.255529e+09
4256,4.256458e+09
4257,4.257935e+09
4258,4.258488e+09
4259,4.259122e+09
4260,4.260531e+09
4261,4.261124e+09
4262,4.262015e+09
4263,4.263374e+09
4264,4.264073e+09
4265,4.265466e+09
4266,4.266116e+09
4267,4.267835e+09
4268,4.268893e+09
4269,4.269078e+09
4270,4.270076e+09
4271,4.271626e+09
4272,4.272096e+09
4273,4.273950e+09
4274,4.274075e+09
4275,4.275358e+09
4276,4.276499e+09
4277,4.277290e+09
4278,4.278783e+09
4279,4.279897e+09
4280,4.280860e+09
4281,4.281623e+09
4282,4.282342e+09
4283,4.283598e+09
4284,4.284106e+09
4285,4.285182e+09
4286,4.286355e+09
4287,4.287696e+09
4288,4.288059e+09
4289,4.289098e+09
4290,4.290421e+09
4291,4.291241e+09
4292,4.292669e+09
4293,4.293500e+09
4294,4.294044e+09
4295,4.295347e+09
4296,4.296115e+09
4297,4.297557e+09
4298,4.298141e+09
4299,4.299553e+09
4300,4.300589e+09
4301,4.301786e+09
4302,4.302649e+09
4303,4.303919e+09
4304,4.304512e+09
4305,4.305145e+09
4306,4.306721e+09
4307,4.307738e+09
4308,4.308334e+09
4309,4.309054e+09
4310,4.310130e+09
4311,4.311162e+09
4312,4.312447e+09
4313,4.313341e+09
4314,4.314617e+09
4315,4.315871e+09
4316,4.316933e+09
4317,4.317178e+09
4318,4.318046e+09
4319,4.319572e+09
4320,4.320346e+09
4321,4.321765e+09
4322,4.322582e+09
4323,4.323043e+09
4324,4.324979e+09
4325,4.325966e+09
4326,4.326447e+09
4327,4.327612e+09
4328,4.328888e+09
4329,4.329272e+09
4330,4.330172e+09
4331,4.331472e+09
4332,4.332504e+09
4333,4.333953e+09
4334,4.334781e+09
4335,4.335259e+09
4336,4.336819e+09
4337,4.337654e+09
4338,4.338954e+09
4339,4.339520e+09
4340,4.340665e+09
4341,4.341992e+09
4342,4.342251e+09
4343,4.343184e+09
4344,4.344283e+09
4345,4.345270e+09
4346,4.346080e+09
4347,4.347483e+09
4348,4.348416e+09
4349,4.349868e+09
4350,4.350280e+09
4351,4.351578e+09
4352,4.352666e+09
4353,4.353633e+09
4354,4.354674e+09
4355,4.355151e+09
4356,4.356650e+09
4357,4.357444e+09
4358,4.358166e+09
4359,4.359421e+09
4360,4.360170e+09
4361,4.361086e+09
4362,4.362564e+09
4363,4.363059e+09
4364,4.364621e+09
4365,4.365663e+09
4366,4.366491e+09
4367,4.367583e+09
4368,4.368167e+09
4369,4.369767e+09
4370,4.370017e+09
4371,4.371121e+09
4372,4.372536e+09
4373,4.373440e+09
4374,4.374523e+09
4375,4.375233e+09
4376,4.376010e+09
4377,4.377269e+09
4378,4.378216e+09
4379,4.379874e+09
4380,4.380799e+09
4381,4.381282e+09
4382,4.382160e+09
4383,4.383928e+09
4384,4.384124e+09
4385,4.385281e+09
4386,4.386184e+09
4387,4.387288e+09
4388,4.388678e+09
4389,4.389183e+09
4390,4.390327e+09
4391,4.391428e+09
4392,4.392550e+09
4393,4.393512e+09
4394,4.394939e+09
4395,4.395028e+09
4396,4.396784e+09
4397,4.397621e+09
4398,4.398456e+09
4399,4.399469e+09
4400,4.400731e+09
4401,4.401565e+09
4402,4.402690e+09
4403,4.403290e+09
4404,4.404345e+09
4405,4.405411e+09
4406,4.406761e+09
4407,4.407405e+09
4408,4.408259e+09
4409,4.409646e+09
4410,4.410981e+09
4411,4.411095e+09
4412,4.412004e+09
4413,4.413775e+09
4414,4.414586e+09
4415,4.415272e+09
4416,4.416074e+09
4417,4.417347e+09
4418,4.418008e+09
4419,4.419143e+09
4420,4.420403e+09
4421,4.421389e+09
4422,4.422567e+09
4423,4.423800e+09
4424,4.424813e+09
4425,4.425390e+09
4426,4.426887e+09
4427,4.427012e+09
4428,4.428170e+09
4429,4.429005e+09
4430,4.430370e+09
4431,4.431431e+09
4432,4.432368e+09
4433,4.433271e+09
4434,4.434187e+09
4435,4.435767e+09
4436,4.436254e+09
4437,4.437378e+09
4438,4.438390e+09
4439,4.439563e+09
4440,4.440426e+09
4441,4.441766e+09
4442,4.442639e+09
4443,4.443274e+09
4444,4.444882e+09
4445,4.445788e+09
4446,4.446638e+09
4447,4.447745e+09
4448,4.448339e+09
4449,4.449816e+09
4450,4.450972e+09
4451,4.451475e+09
4452,4.452529e+09
4453,4.453508e+09
4454,4.454520e+09
4455,4.455689e+09
4456,4.456259e+09
4457,4.457019e+09
4458,4.458050e+09
4459,4.459486e+09
4460,4.460994e+09
4461,4.461854e+09
4462,4.462365e+09
4463,4.463436e+09
4464,4.464192e+09
4465,4.465829e+09
4466,4.466356e+09
4467,4.467574e+09
4468,4.468192e+09
4469,4.469911e+09
4470,4.470067e+09
4471,4.471737e+09
4472,4.472643e+09
4473,4.473327e+09
4474,4.474123e+09
4475,4.475596e+09
4476,4.476922e+09
4477,4.477743e+09
4478,4.478261e+09
4479,4.479705e+09
4480,4.480953e+09
4481,4.481928e+09
4482,4.482825e+09
4483,4.483799e+09
4484,4.484249e+09
4485,4.485230e+09
4486,4.486727e+09
4487,4.487094e+09
4488,4.488899e+09
4489,4.489948e+09
4490,4.490829e+09
4491,4.491273e+09
4492,4.492082e+09
4493,4.493252e+09
4494,4.494297e+09
4495,4.495801e+09
4496,4.496680e+09
4497,4.497175e+09
4498,4.498651e+09
4499,4.499448e+09
4500,4.500705e+09
4501,4.501676e+09
4502,4.502007e+09
4503,4.503410e+09
4504,4.504777e+09
4505,4.505582e+09
4506,4.506363e+09
4507,4.507873e+09
4508,4.508573e+09
4509,4.509396e+09
4510,4.510225e+09
4511,4.511446e+09
4512,4.512293e+09
4513,4.513759e+09
4514,4.514631e+09
4515,4.515227e+09
4516,4.516574e+09
4517,4.517422e+09
4518,4.518418e+09
4519,4.519284e+09
4520,4.520257e+09
4521,4.521254e+09
4522,4.522916e+09
4523,4.523373e+09
4524,4.524871e+09
4525,4.525866e+09
4526,4.526800e+09
4527,4.527985e+09
4528,4.528384e+09
4529,4.529172e+09
4530,4.530904e+09
4531,4.531015e+09
4532,4.532824e+09
4533,4.533324e+09
4534,4.534647e+09
4535,4.535132e+09
4536,4.536340e+09
4537,4.537744e+09
4538,4.538849e+09
4539,4.539815e+09
4540,4.540684e+09
4541,4.541120e+09
4542,4.542740e+09
4543,4.543962e+09
4544,4.544387e+09
4545,4.545614e+09
4546,4.546074e+09
4547,4.547549e+09
4548,4.548351e+09
4549,4.549689e+09
4550,4.550643e+09
4551,4.551548e+09
4552,4.552312e+09
4553,4.553451e+09
4554,4.554470e+09
4555,4.555499e+09
4556,4.556547e+09
4557,4.557748e+09
4558,4.558853e+09
4559,4.559336e+09
4560,4.560556e+09
4561,4.561047e+09
4562,4.562098e+09
4563,4.563456e+09
4564,4.564474e+09
4565,4.565043e+09
4566,4.566419e+09
4567,4.567092e+09
4568,4.568717e+09
4569,4.569466e+09
4570,4.570091e+09
4571,4.571125e+09
4572,4.572391e+09
4573,4.573992e+09
4574,4.574142e+09
4575,4.575690e+09
4576,4.576040e+09
4577,4.577015e+09
4578,4.578865e+09
4579,4.579451e+09
4580,4.580990e+09
4581,4.581011e+09
4582,4.582165e+09
4583,4.583624e+09
4584,4.584852e+09
4585,4.585859e+09
4586,4.586323e+09
4587,4.587324e+09
4588,4.588354e+09
4589,4.589475e+09
4590,4.590574e+09
4591,4.591984e+09
4592,4.592990e+09
4593,4.593605e+09
4594,4.594098e+09
4595,4.595096e+09
4596,4.596864e+09
4597,4.597544e+09
4598,4.598931e+09
4599,4.599606e+09
4600,4.600767e+09
4601,4.601027e+09
4602,4.602269e+09
4603,4.603327e+09
4604,4.604108e+09
4605,4.605204e+09
4606,4.606824e+09
4607,4.607790e+09
4608,4.608785e+09
4609,4.609960e+09
4610,4.610712e+09
4611,4.611716e+09
4612,4.612176e+09
4613,4.613576e+09
4614,4.614651e+09
4615,4.615236e+09
4616,4.616924e+09
4617,4.617502e+09
4618,4.618102e+09
4619,4.619388e+09
4620,4.620977e+09
4621,4.621492e+09
4622,4.622481e+09
4623,4.623196e+09
4624,4.624795e+09
4625,4.625394e+09
4626,4.626714e+09
4627,4.627477e+09
4628,4.628120e+09
4629,4.629559e+09
4630,4.630847e+09
4631,4.631092e+09
4632,4.632164e+09
4633,4.633222e+09
4634,4.634613e+09
4635,4.635510e+09
4636,4.636102e+09
4637,4.637060e+09
4638,4.638724e+09
4639,4.639454e+09
4640,4.640462e+09
4641,4.641272e+09
4642,4.642253e+09
4643,4.643128e+09
4644,4.644805e+09
4645,4.645493e+09
4646,4.646996e+09
4647,4.647679e+09
4648,4.648893e+09
4649,4.649227e+09
4650,4.650458e+09
4651,4.651039e+09
4652,4.652713e+09
4653,4.653973e+09
4654,4.654356e+09
4655,4.655431e+09
4656,4.656253e+09
4657,4.657742e+09
4658,4.658700e+09
4659,4.659845e+09
4660,4.660949e+09
4661,4.661527e+09
4662,4.662781e+09
4663,4.663951e+09
4664,4.664976e+09
4665,4.665560e+09
4666,4.666211e+09
4667,4.667331e+09
4668,4.668449e+09
4669,4.669786e+09
4670,4.670038e+09
4671,4.671915e+09
4672,4.672963e+09
4673,4.673933e+09
4674,4.674408e+09
4675,4.675840e+09
4676,4.676981e+09
4677,4.677714e+09
4678,4.678678e+09
4679,4.679092e+09
4680,4.680909e+09
4681,4.681537e+09
4682,4.682929e+09
4683,4.683686e+09
4684,4.684793e+09
4685,4.685810e+09
4686,4.686760e+09
4687,4.687620e+09
4688,4.688347e+09
4689,4.689569e+09
4690,4.690672e+09
4691,4.691577e+09
4692,4.692936e+09
4693,4.693373e+09
4694,4.694800e+09
4695,4.695436e+09
4696,4.696095e+09
4697,4.697659e+09
4698,4.698526e+09
4699,4.699383e+09
4700,4.700847e+09
4701,4.701155e+09
4702,4.702697e+09
4703,4.703227e+09
4704,4.704292e+09
4705,4.705784e+09
4706,4.706162e+09
4707,4.707428e+09
4708,4.708965e+09
4709,4.709733e+09
4710,4.710028e+09
4711,4.711363e+09
4712,4.712757e+09
4713,4.713924e+09
4714,4.714148e+09
4715,4.715993e+09
4716,4.716967e+09
4717,4.717915e+09
4718,4.718095e+09
4719,4.719058e+09
4720,4.720742e+09
4721,4.721091e+09
4722,4.722097e+09
4723,4.723899e+09
4724,4.724171e+09
4725,4.725446e+09
4726,4.726774e+09
4727,4.727389e+09
4728,4.728842e+09
4729,4.729338e+09
4730,4.730324e+09
4731,4.731218e+09
4732,4.732498e+09
4733,4.733293e+09
4734,4.734468e+09
4735,4.735548e+09
4736,4.736498e+09
4737,4.737786e+09
4738,4.738292e+09
4739,4.739325e+09
4740,4.740151e+09
4741,4.741132e+09
4742,4.742088e+09
4743,4.743015e+09
4744,4.744668e+09
4745,4.745773e+09
4746,4.746106e+09
4747,4.747825e+09
4748,4.748428e+09
4749,4.749944e+09
4750,4.750105e+09
4751,4.751255e+09
4752,4.752477e+09
4753,4.753360e+09
4754,4.754213e+09
4755,4.755581e+09
4756,4.756848e+09
4757,4.757380e+09
4758,4.758708e+09
4759,4.759169e+09
4760,4.760331e+09
4761,4.761131e+09
4762,4.762132e+09
4763,4.763169e+09
4764,4.764886e+09
4765,4.765946e+09
4766,4.766691e+09
4767,4.767908e+09
4768,4.768454e+09
4769,4.769168e+09
4770,4.770808e+09
4771,4.771919e+09
4772,4.772132e+09
4773,4.773602e+09
4774,4.774655e+09
4775,4.775067e+09
4776,4.776230e+09
4777,4.777061e+09
4778,4.778592e+09
4779,4.779869e+09
4780,4.780035e+09
4781,4.781579e+09
4782,4.782490e+09
4783,4.783011e+09
4784,4.784660e+09
4785,4.785702e+09
4786,4.786023e+09
4787,4.787632e+09
4788,4.788237e+09
4789,4.789513e+09
4790,4.790958e+09
4791,4.791564e+09
4792,4.792856e+09
4793,4.793749e+09
4794,4.794092e+09
4795,4.795713e+09
4796,4.796222e+09
4797,4.797022e+09
4798,4.798045e+09
4799,4.799221e+09
4800,4.800997e+09
4801,4.801026e+09
4802,4.802585e+09
4803,4.803208e+09
4804,4.804339e+09
4805,4.805536e+09
4806,4.806196e+09
4807,4.807701e+09
4808,4.808988e+09
4809,4.809932e+09
4810,4.810090e+09
4811,4.811657e+09
4812,4.812120e+09
4813,4.813694e+09
4814,4.814085e+09
4815,4.815236e+09
4816,4.816061e+09
4817,4.817962e+09
4818,4.818948e+09
4819,4.819800e+09
4820,4.820436e+09
4821,4.821530e+09
4822,4.822599e+09
4823,4.823736e+09
4824,4.824224e+09
4825,4.825738e+09
4826,4.826861e+09
4827,4.827836e+09
4828,4.828693e+09
4829,4.829544e+09
4830,4.830268e+09
4831,4.831866e+09
4832,4.832428e+09
4833,4.833060e+09
4834,4.834692e+09
4835,4.835888e+09
4836,4.836774e+09
4837,4.837815e+09
4838,4.838542e+09
4839,4.839834e+09
4840,4.840344e+09
4841,4.841969e+09
4842,4.842880e+09
4843,4.843844e+09
4844,4.844566e+09
4845,4.845195e+09
4846,4.846405e+09
4847,4.847208e+09
4848,4.848022e+09
4849,4.849405e+09
4850,4.850882e+09
4851,4.851931e+09
4852,4.852913e+09
4853,4.853209e+09
4854,4.854646e+09
4855,4.855914e+09
4856,4.856333e+09
4857,4.857202e+09
4858,4.858289e+09
4859,4.859807e+09
4860,4.860958e+09
4861,4.861237e+09
4862,4.862390e+09
4863,4.863942e+09
4864,4.864383e+09
4865,4.865815e+09
4866,4.866389e+09
4867,4.867643e+09
4868,4.868094e+09
4869,4.869189e+09
4870,4.870851e+09
4871,4.871173e+09
4872,4.872310e+09
4873,4.873113e+09
4874,4.874667e+09
4875,4.875652e+09
4876,4.876040e+09
4877,4.877532e+09
4878,4.878565e+09
4879,4.879212e+09
4880,4.880601e+09
4881,4.881740e+09
4882,4.882010e+09
4883,4.883445e+09
4884,4.884525e+09
4885,4.885759e+09
4886,4.886459e+09
4887,4.887763e+09
4888,4.888449e+09
4889,4.889434e+09
4890,4.890954e+09
4891,4.891460e+09
4892,4.892259e+09
4893,4.893754e+09
4894,4.894407e+09
4895,4.895457e+09
4896,4.896839e+09
4897,4.897622e+09
4898,4.898497e+09
4899,4.899211e+09
4900,4.900651e+09
4901,4.901970e+09
4902,4.902268e+09
4903,4.903996e+09
4904,4.904655e+09
4905,4.905587e+09
4906,4.906958e+09
4907,4.907023e+09
4908,4.908467e+09
4909,4.909785e+09
4910,4.910160e+09
4911,4.911778e+09
4912,4.912230e+09
4913,4.913471e+09
4914,4.914275e+09
4915,4.915421e+09
4916,4.916646e+09
4917,4.917606e+09
4918,4.918528e+09
4919,4.919960e+09
4920,4.920667e+09
4921,4.921762e+09
4922,4.922620e+09
4923,4.923181e+09
4924,4.924497e+09
4925,4.925900e+09
4926,4.926460e+09
4927,4.927877e+09
4928,4.928322e+09
4929,4.929906e+09
4930,4.930701e+09
4931,4.931807e+09
4932,4.932869e+09
4933,4.933534e+09
4934,4.934697e+09
4935,4.935759e+09
4936,4.936926e+09
4937,4.937676e+09
4938,4.938007e+09
4939,4.939122e+09
4940,4.940315e+09
4941,4.941332e+09
4942,4.942163e+09
4943,4.943841e+09
4944,4.944293e+09
4945,4.945047e+09
4946,4.946289e+09
4947,4.947551e+09
4948,4.948229e+09
4949,4.949900e+09
4950,4.950272e+09
4951,4.951107e+09
4952,4.952353e+09
4953,4.953335e+09
4954,4.954756e+09
4955,4.955238e+09
4956,4.956204e+09
4957,4.957097e+09
4958,4.958251e+09
4959,4.959145e+09
4960,4.960246e+09
4961,4.961276e+09
4962,4.962107e+09
4963,4.963150e+09
4964,4.964737e+09
4965,4.965011e+09
4966,4.966793e+09
4967,4.967356e+09
4968,4.968707e+09
4969,4.969387e+09
4970,4.970417e+09
4971,4.971367e+09
4972,4.972383e+09
4973,4.973943e+09
4974,4.974889e+09
4975,4.975415e+09
4976,4.976459e+09
4977,4.977023e+09
4978,4.978573e+09
4979,4.979964e+09
4980,4.980550e+09
4981,4.981826e+09
4982,4.982889e+09
4983,4.983799e+09
4984,4.984290e+09
4985,4.985747e+09
4986,4.986243e+09
4987,4.987250e+09
4988,4.988299e+09
4989,4.989325e+09
4990,4.990210e+09
4991,4.991714e+09
4992,4.992254e+09
4993,4.993868e+09
4994,4.994725e+09
4995,4.995155e+09
4996,4.996600e+09
4997,4.997532e+09
4998,4.998546e+09
4999,4.999110e+09
5000,5.000097e+09
5001,5.001818e+09
5002,5.002860e+09
5003,5.003310e+09
5004,5.004761e+09
5005,5.005018e+09
5006,5.006674e+09
5007,5.007244e+09
5008,5.008590e+09
5009,5.009322e+09
5010,5.010168e+09
5011,5.011848e+09
5012,5.012147e+09
5013,5.013102e+09
5014,5.014116e+09
5015,5.015103e+09
5016,5.016949e+09
5017,5.017618e+09
5018,5.018886e+09
5019,5.019614e+09
5020,5.020172e+09
5021,5.021869e+09
5022,5.022178e+09
5023,5.023025e+09
5024,5.024512e+09
5025,5.025821e+09
5026,5.026346e+09
5027,5.027151e+09
5028,5.028050e+09
5029,5.029778e+09
5030,5.030344e+09
5031,5.031159e+09
5032,5.032027e+09
5033,5.033188e+09
5034,5.034312e+09
5035,5.035882e+09
5036,5.036980e+09
5037,5.037537e+09
5038,5.038172e+09
5039,5.039822e+09
5040,5.040226e+09
5041,5.041237e+09
5042,5.042602e+09
5043,5.043814e+09
5044,5.044081e+09
5045,5.045870e+09
5046,5.046148e+09
5047,5.047560e+09
5048,5.048892e+09
5049,5.049330e+09
5050,5.050222e+09
5051,5.051731e+09
5052,5.052017e+09
5053,5.053697e+09
5054,5.054852e+09
5055,5.055197e+09
5056,5.056983e+09
5057,5.057428e+09
5058,5.058830e+09
5059,5.059397e+09
5060,5.060944e+09
5061,5.061055e+09
5062,5.062092e+09
5063,5.063400e+09
5064,5.064769e+09
5065,5.065214e+09
5066,5.066381e+09
5067,5.067688e+09
5068,5.068076e+09
5069,5.069338e+09
5070,5.070881e+09
5071,5.071358e+09
5072,5.072051e+09
5073,5.073923e+09
5074,5.074951e+09
5075,5.075111e+09
5076,5.076959e+09
5077,5.077362e+09
5078,5.078002e+09
5079,5.079689e+09
5080,5.080719e+09
5081,5.081820e+09
5082,5.082275e+09
5083,5.083210e+09
5084,5.084331e+09
5085,5.085770e+09
5086,5.086952e+09
5087,5.087134e+09
5088,5.088486e+09
5089,5.089240e+09
5090,5.090386e+09
5091,5.091833e+09
5092,5.092562e+09
5093,5.093902e+09
5094,5.094326e+09
5095,5.095496e+09
5096,5.096732e+09
5097,5.097038e+09
5098,5.098865e+09
5099,5.099691e+09
5100,5.100625e+09
5101,5.101635e+09
5102,5.102607e+09
5103,5.103346e+09
5104,5.104892e+09
5105,5.105065e+09
5106,5.106386e+09
5107,5.107620e+09
5108,5.108073e+09
5109,5.109551e+09
5110,5.110451e+09
5111,5.111804e+09
5112,5.112130e+09
5113,5.113034e+09
5114,5.114312e+09
5115,5.115286e+09
5116,5.116264e+09
5117,5.117771e+09
5118,5.118639e+09
5119,5.119592e+09
5120,5.120163e+09
5121,5.121592e+09
5122,5.122785e+09
5123,5.123130e+09
5124,5.124776e+09
5125,5.125103e+09
5126,5.126099e+09
5127,5.127654e+09
5128,5.128343e+09
5129,5.129610e+09
5130,5.130088e+09
5131,5.131434e+09
5132,5.132182e+09
5133,5.133797e+09
5134,5.134946e+09
5135,5.135135e+09
5136,5.136142e+09
5137,5.137231e+09
5138,5.138496e+09
5139,5.139155e+09
5140,5.140049e+09
5141,5.141050e+09
5142,5.142638e+09
5143,5.143221e+09
5144,5.144550e+09
5145,5.145342e+09
5146,5.146337e+09
5147,5.147606e+09
5148,5.148946e+09
5149,5.149630e+09
5150,5.150067e+09
5151,5.151116e+09
5152,5.152998e+09
5153,5.153888e+09
5154,5.154920e+09
5155,5.155614e+09
5156,5.156752e+09
5157,5.157675e+09
5158,5.158386e+09
5159,5.159214e+09
5160,5.160863e+09
5161,5.161697e+09
5162,5.162420e+09
5163,5.163935e+09
5164,5.164535e+09
5165,5.165988e+09
5166,5.166522e+09
5167,5.167880e+09
5168,5.168602e+09
5169,5.169055e+09
5170,5.170861e+09
5171,5.171154e+09
5172,5.172181e+09
5173,5.173853e+09
5174,5.174801e+09
5175,5.175060e+09
5176,5.176240e+09
5177,5.177041e+09
5178,5.178810e+09
5179,5.179505e+09
5180,5.180460e+09
5181,5.181312e+09
5182,5.182942e+09
5183,5.183982e+09
5184,5.184741e+09
5185,5.185604e+09
5186,5.186118e+09
5187,5.187486e+09
5188,5.188347e+09
5189,5.189151e+09
5190,5.190208e+09
5191,5.191546e+09
5192,5.192325e+09
5193,5.193910e+09
5194,5.194354e+09
5195,5.195538e+09
5196,5.196014e+09
5197,5.197564e+09
5198,5.198301e+09
5199,5.199252e+09
5200,5.200146e+09
5201,5.201859e+09
5202,5.202763e+09
5203,5.203811e+09
5204,5.204774e+09
5205,5.205214e+09
5206,5.206612e+09
5207,5.207027e+09
5208,5.208945e+09
5209,5.209834e+09
5210,5.210584e+09
5211,5.211053e+09
5212,5.212544e+09
5213,5.213322e+09
5214,5.214167e+09
5215,5.215393e+09
5216,5.216558e+09
5217,5.217505e+09
5218,5.218419e+09
5219,5.219263e+09
5220,5.220525e+09
5221,5.221201e+09
5222,5.222059e+09
5223,5.223117e+09
5224,5.224934e+09
5225,5.225479e+09
5226,5.226397e+09
5227,5.227713e+09
5228,5.228895e+09
5229,5.229827e+09
5230,5.230265e+09
5231,5.231794e+09
5232,5.232363e+09
5233,5.233879e+09
5234,5.234669e+09
5235,5.235195e+09
5236,5.236828e+09
5237,5.237548e+09
5238,5.238683e+09
5239,5.239520e+09
5240,5.240170e+09
5241,5.241868e+09
5242,5.242934e+09
5243,5.243095e+09
5244,5.244003e+09
5245,5.245954e+09
5246,5.246848e+09
5247,5.247542e+09
5248,5.248744e+09
5249,5.249123e+09
5250,5.250599e+09
5251,5.251715e+09
5252,5.252473e+09
5253,5.253468e+09
5254,5.254097e+09
5255,5.255900e+09
5256,5.256966e+09
5257,5.257526e+09
5258,5.258149e+09
5259,5.259495e+09
5260,5.260256e+09
5261,5.261179e+09
5262,5.262326e+09
5263,5.263257e+09
5264,5.264838e+09
5265,5.265069e+09
5266,5.266762e+09
5267,5.267306e+09
5268,5.268828e+09
5269,5.269164e+09
5270,5.270107e+09
5271,5.271374e+09
5272,5.272775e+09
5273,5.273640e+09
5274,5.274076e+09
5275,5.275785e+09
5276,5.276792e+09
5277,5.277876e+09
5278,5.278748e+09
5279,5.279301e+09
5280,5.280769e+09
5281,5.281223e+09
5282,5.282928e+09
5283,5.283362e+09
5284,5.284287e+09
5285,5.285153e+09
5286,5.286660e+09
5287,5.287915e+09
5288,5.288018e+09
5289,5.289360e+09
5290,5.290651e+09
5291,5.291868e+09
5292,5.292025e+09
5293,5.293098e+09
5294,5.294894e+09
5295,5.295130e+09
5296,5.296423e+09
5297,5.297975e+09
5298,5.298506e+09
5299,5.299724e+09
5300,5.300813e+09
5301,5.301059e+09
5302,5.302176e+09
5303,5.303368e+09
5304,5.304922e+09
5305,5.305423e+09
5306,5.306735e+09
5307,5.307687e+09
5308,5.308096e+09
5309,5.309444e+09
5310,5.310905e+09
5311,5.311787e+09
5312,5.312778e+09
5313,5.313202e+09
5314,5.314046e+09
5315,5.315728e+09
5316,5.316576e+09
5317,5.317715e+09
5318,5.318838e+09
5319,5.319123e+09
5320,5.320424e+09
5321,5.321879e+09
5322,5.322113e+09
5323,5.323875e+09
5324,5.324578e+09
5325,5.325089e+09
5326,5.326756e+09
5327,5.327281e+09
5328,5.328281e+09
5329,5.329738e+09
5330,5.330155e+09
5331,5.331806e+09
5332,5.332264e+09
5333,5.333506e+09
5334,5.334699e+09
5335,5.335214e+09
5336,5.336318e+09
5337,5.337108e+09
5338,5.338513e+09
5339,5.339340e+09
5340,5.340621e+09
5341,5.341841e+09
5342,5.342457e+09
5343,5.343509e+09
5344,5.344952e+09
5345,5.345539e+09
5346,5.346110e+09
5347,5.347007e+09
5348,5.348301e+09
5349,5.349108e+09
5350,5.350320e+09
5351,5.351821e+09
5352,5.352421e+09
5353,5.353713e+09
5354,5.354062e+09
5355,5.355722e+09
5356,5.356861e+09
5357,5.357341e+09
5358,5.358621e+09
5359,5.359421e+09
5360,5.360393e+09
5361,5.361319e+09
5362,5.362145e+09
5363,5.363987e+09
5364,5.364551e+09
5365,5.365408e+09
5366,5.366198e+09
5367,5.367769e+09
5368,5.368726e+09
5369,5.369844e+09
5370,5.370861e+09
5371,5.371807e+09
5372,5.372056e+09
5373,5.373827e+09
5374,5.374473e+09
5375,5.375525e+09
5376,5.376688e+09
5377,5.377803e+09
5378,5.378059e+09
5379,5.379961e+09
5380,5.380085e+09
5381,5.381768e+09
5382,5.382417e+09
5383,5.383770e+09
5384,5.384440e+09
5385,5.385225e+09
5386,5.386100e+09
5387,5.387160e+09
5388,5.388727e+09
5389,5.389526e+09
5390,5.390554e+09
5391,5.391857e+09
5392,5.392366e+09
5393,5.393931e+09
5394,5.394172e+09
5395,5.395876e+09
5396,5.396037e+09
5397,5.397067e+09
5398,5.398291e+09
5399,5.399965e+09
5400,5.400728e+09
5401,5.401955e+09
5402,5.402360e+09
5403,5.403435e+09
5404,5.404712e+09
5405,5.405988e+09
5406,5.406942e+09
5407,5.407587e+09
5408,5.408774e+09
5409,5.409750e+09
5410,5.410135e+09
5411,5.411018e+09
5412,5.412878e+09
5413,5.413656e+09
5414,5.414878e+09
5415,5.415139e+09
5416,5.416792e+09
5417,5.417608e+09
5418,5.418399e+09
5419,5.419874e+09
5420,5.420548e+09
5421,5.421684e+09
5422,5.422384e+09
5423,5.423354e+09
5424,5.424101e+09
5425,5.425023e+09
5426,5.426063e+09
5427,5.427918e+09
5428,5.428145e+09
5429,5.429473e+09
5430,5.430640e+09
5431,5.431007e+09
5432,5.432307e+09
5433,5.433576e+09
5434,5.434453e+09
5435,5.435003e+09
5436,5.436956e+09
5437,5.437997e+09
5438,5.438318e+09
5439,5.439303e+09
5440,5.440189e+09
5441,5.441730e+09
5442,5.442756e+09
5443,5.443943e+09
5444,5.444793e+09
5445,5.445440e+09
5446,5.446776e+09
5447,5.447943e+09
5448,5.448440e+09
5449,5.449621e+09
5450,5.450114e+09
5451,5.451874e+09
5452,5.452028e+09
5453,5.453507e+09
5454,5.454410e+09
5455,5.455182e+09
5456,5.456522e+09
5457,5.457060e+09
5458,5.458354e+09
5459,5.459686e+09
5460,5.460247e+09
5461,5.461613e+09
5462,5.462557e+09
5463,5.463369e+09
5464,5.464449e+09
5465,5.465821e+09
5466,5.466543e+09
5467,5.467831e+09
5468,5.468852e+09
5469,5.469853e+09
5470,5.470623e+09
5471,5.471700e+09
5472,5.472444e+09
5473,5.473617e+09
5474,5.474528e+09
5475,5.475117e+09
5476,5.476649e+09
5477,5.477690e+09
5478,5.478135e+09
5479,5.479201e+09
5480,5.480157e+09
5481,5.481474e+09
5482,5.482319e+09
5483,5.483243e+09
5484,5.484242e+09
5485,5.485096e+09
5486,5.486803e+09
5487,5.487395e+09
5488,5.488201e+09
5489,5.489247e+09
5490,5.490481e+09
5491,5.491002e+09
5492,5.492485e+09
5493,5.493758e+09
5494,5.494123e+09
5495,5.495156e+09
5496,5.496125e+09
5497,5.497970e+09
5498,5.498036e+09
5499,5.499867e+09
5500,5.500647e+09
5501,5.501315e+09
5502,5.502963e+09
5503,5.503236e+09
5504,5.504944e+09
5505,5.505137e+09
5506,5.506233e+09
5507,5.507753e+09
5508,5.508722e+09
5509,5.509068e+09
5510,5.510206e+09
5511,5.511224e+09
5512,5.512077e+09
5513,5.513894e+09
5514,5.514685e+09
5515,5.515049e+09
5516,5.516800e+09
5517,5.517918e+09
5518,5.518529e+09
5519,5.519858e+09
5520,5.520309e+09
5521,5.521126e+09
5522,5.522356e+09
5523,5.523313e+09
5524,5.524126e+09
5525,5.525583e+09
5526,5.526708e+09
5527,5.527028e+09
5528,5.528875e+09
5529,5.529376e+09
5530,5.530883e+09
5531,5.531975e+09
5532,5.532427e+09
5533,5.533317e+09
5534,5.534196e+09
5535,5.535164e+09
5536,5.536012e+09
5537,5.537572e+09
5538,5.538084e+09
5539,5.539272e+09
5540,5.540552e+09
5541,5.541323e+09
5542,5.542660e+09
5543,5.543806e+09
5544,5.544941e+09
5545,5.545588e+09
5546,5.546982e+09
5547,5.547385e+09
5548,5.548387e+09
5549,5.549235e+09
5550,5.550332e+09
5551,5.551020e+09
5552,5.552540e+09
5553,5.553698e+09
5554,5.554882e+09
5555,5.555868e+09
5556,5.556917e+09
5557,5.557301e+09
5558,5.558031e+09
5559,5.559138e+09
5560,5.560587e+09
5561,5.561059e+09
5562,5.562524e+09
5563,5.563524e+09
5564,5.564795e+09
5565,5.565987e+09
5566,5.566536e+09
5567,5.567794e+09
5568,5.568416e+09
5569,5.569971e+09
5570,5.570747e+09
5571,5.571721e+09
5572,5.572851e+09
5573,5.573910e+09
5574,5.574076e+09
5575,5.575187e+09
5576,5.576352e+09
5577,5.577852e+09
5578,5.578329e+09
5579,5.579787e+09
5580,5.580112e+09
5581,5.581467e+09
5582,5.582138e+09
5583,5.583206e+09
5584,5.584848e+09
5585,5.585753e+09
5586,5.586473e+09
5587,5.587961e+09
5588,5.588021e+09
5589,5.589987e+09
5590,5.590710e+09
5591,5.591144e+09
5592,5.592264e+09
5593,5.593185e+09
5594,5.594326e+09
5595,5.595085e+09
5596,5.596704e+09
5597,5.597266e+09
5598,5.598201e+09
5599,5.599113e+09
5600,5.600603e+09
5601,5.601695e+09
5602,5.602642e+09
5603,5.603992e+09
5604,5.604230e+09
5605,5.605705e+09
5606,5.606945e+09
5607,5.607024e+09
5608,5.608441e+09
5609,5.609098e+09
5610,5.610625e+09
5611,5.611311e+09
5612,5.612793e+09
5613,5.613961e+09
5614,5.614612e+09
5615,5.615683e+09
5616,5.616871e+09
5617,5.617681e+09
5618,5.618471e+09
5619,5.619786e+09
5620,5.620124e+09
5621,5.621641e+09
5622,5.622659e+09
5623,5.623482e+09
5624,5.624101e+09
5625,5.625718e+09
5626,5.626486e+09
5627,5.627989e+09
5628,5.628264e+09
5629,5.629009e+09
5630,5.630558e+09
5631,5.631594e+09
5632,5.632574e+09
5633,5.633171e+09
5634,5.634074e+09
5635,5.635049e+09
5636,5.636769e+09
5637,5.637131e+09
5638,5.638184e+09
5639,5.639934e+09
5640,5.640412e+09
5641,5.641584e+09
5642,5.642482e+09
5643,5.643247e+09
5644,5.644889e+09
5645,5.645949e+09
5646,5.646862e+09
5647,5.647146e+09
5648,5.648054e+09
5649,5.649814e+09
5650,5.650030e+09
5651,5.651964e+09
5652,5.652480e+09
5653,5.653471e+09
5654,5.654886e+09
5655,5.655835e+09
5656,5.656661e+09
5657,5.657004e+09
5658,5.658115e+09
5659,5.659350e+09
5660,5.660152e+09
5661,5.661757e+09
5662,5.662565e+09
5663,5.663095e+09
5664,5.664040e+09
5665,5.665449e+09
5666,5.666317e+09
5667,5.667222e+09
5668,5.668633e+09
5669,5.669071e+09
5670,5.670136e+09
5671,5.671826e+09
5672,5.672302e+09
5673,5.673846e+09
5674,5.674451e+09
5675,5.675878e+09
5676,5.676435e+09
5677,5.677979e+09
5678,5.678170e+09
5679,5.679195e+09
5680,5.680686e+09
5681,5.681178e+09
5682,5.682709e+09
5683,5.683483e+09
5684,5.684209e+09
5685,5.685056e+09
5686,5.686412e+09
5687,5.687403e+09
5688,5.688439e+09
5689,5.689299e+09
5690,5.690964e+09
5691,5.691248e+09
5692,5.692581e+09
5693,5.693043e+09
5694,5.694491e+09
5695,5.695776e+09
5696,5.696200e+09
5697,5.697305e+09
5698,5.698521e+09
5699,5.699200e+09
5700,5.700316e+09
5701,5.701876e+09
5702,5.702553e+09
5703,5.703468e+09
5704,5.704433e+09
5705,5.705377e+09
5706,5.706936e+09
5707,5.707753e+09
5708,5.708952e+09
5709,5.709929e+09
5710,5.710376e+09
5711,5.711273e+09
5712,5.712219e+09
5713,5.713052e+09
5714,5.714472e+09
5715,5.715316e+09
5716,5.716064e+09
5717,5.717385e+09
5718,5.718623e+09
5719,5.719490e+09
5720,5.720728e+09
5721,5.721372e+09
5722,5.722258e+09
5723,5.723262e+09
5724,5.724051e+09
5725,5.725096e+09
5726,5.726981e+09
5727,5.727602e+09
5728,5.728841e+09
5729,5.729534e+09
5730,5.730058e+09
5731,5.731090e+09
5732,5.732938e+09
5733,5.733882e+09
5734,5.734404e+09
5735,5.735623e+09
5736,5.736943e+09
5737,5.737570e+09
5738,5.738248e+09
5739,5.739814e+09
5740,5.740137e+09
5741,5.741593e+09
5742,5.742039e+09
5743,5.743595e+09
5744,5.744269e+09
5745,5.745872e+09
5746,5.746588e+09
5747,5.747374e+09
5748,5.748971e+09
5749,5.749342e+09
5750,5.750631e+09
5751,5.751139e+09
5752,5.752803e+09
5753,5.753860e+09
5754,5.754035e+09
5755,5.755275e+09
5756,5.756974e+09
5757,5.757840e+09
5758,5.758993e+09
5759,5.759812e+09
5760,5.760285e+09
5761,5.761002e+09
5762,5.762796e+09
5763,5.763279e+09
5764,5.764890e+09
5765,5.765182e+09
5766,5.766227e+09
5767,5.767985e+09
5768,5.768604e+09
5769,5.769688e+09
5770,5.770651e+09
5771,5.771300e+09
5772,5.772007e+09
5773,5.773497e+09
5774,5.774109e+09
5775,5.775186e+09
5776,5.776368e+09
5777,5.777526e+09
5778,5.778873e+09
5779,5.779179e+09
5780,5.780335e+09
5781,5.781998e+09
5782,5.782976e+09
5783,5.783011e+09
5784,5.784781e+09
5785,5.785883e+09
5786,5.786706e+09
5787,5.787974e+09
5788,5.788747e+09
5789,5.789799e+09
5790,5.790368e+09
5791,5.791252e+09
5792,5.792117e+09
5793,5.793349e+09
5794,5.794034e+09
5795,5.795773e+09
5796,5.796090e+09
5797,5.797270e+09
5798,5.798874e+09
5799,5.799118e+09
5800,5.800482e+09
5801,5.801683e+09
5802,5.802653e+09
5803,5.803867e+09
5804,5.804661e+09
5805,5.805830e+09
5806,5.806159e+09
5807,5.807155e+09
5808,5.808312e+09
5809,5.809120e+09
5810,5.810302e+09
5811,5.811066e+09
5812,5.812103e+09
5813,5.813377e+09
5814,5.814078e+09
5815,5.815241e+09
5816,5.816778e+09
5817,5.817583e+09
5818,5.818461e+09
5819,5.819066e+09
5820,5.820061e+09
5821,5.821727e+09
5822,5.822322e+09
5823,5.823629e+09
5824,5.824557e+09
5825,5.825878e+09
5826,5.826864e+09
5827,5.827889e+09
5828,5.828431e+09
5829,5.829366e+09
5830,5.830308e+09
5831,5.831184e+09
5832,5.832162e+09
5833,5.833918e+09
5834,5.834890e+09
5835,5.835214e+09
5836,5.836902e+09
5837,5.837940e+09
5838,5.838754e+09
5839,5.839230e+09
5840,5.840775e+09
5841,5.841880e+09
5842,5.842662e+09
5843,5.843379e+09
5844,5.844290e+09
5845,5.845594e+09
5846,5.846094e+09
5847,5.847344e+09
5848,5.848001e+09
5849,5.849589e+09
5850,5.850696e+09
5851,5.851591e+09
5852,5.852712e+09
5853,5.853705e+09
5854,5.854194e+09
5855,5.855982e+09
5856,5.856259e+09
5857,5.857735e+09
5858,5.858250e+09
5859,5.859013e+09
5860,5.860463e+09
5861,5.861599e+09
5862,5.862057e+09
5863,5.863397e+09
5864,5.864644e+09
5865,5.865549e+09
5866,5.866694e+09
5867,5.867730e+09
5868,5.868844e+09
5869,5.869785e+09
5870,5.870876e+09
5871,5.871112e+09
5872,5.872482e+09
5873,5.873813e+09
5874,5.874262e+09
5875,5.875136e+09
5876,5.876850e+09
5877,5.877548e+09
5878,5.878887e+09
5879,5.879555e+09
5880,5.880755e+09
5881,5.881606e+09
5882,5.882922e+09
5883,5.883181e+09
5884,5.884767e+09
5885,5.885525e+09
5886,5.886996e+09
5887,5.887728e+09
5888,5.888153e+09
5889,5.889769e+09
5890,5.890510e+09
5891,5.891570e+09
5892,5.892628e+09
5893,5.893157e+09
5894,5.894328e+09
5895,5.895782e+09
5896,5.896429e+09
5897,5.897987e+09
5898,5.898865e+09
5899,5.899724e+09
5900,5.900594e+09
5901,5.901996e+09
5902,5.902996e+09
5903,5.903099e+09
5904,5.904787e+09
5905,5.905042e+09
5906,5.906411e+09
5907,5.907967e+09
5908,5.908677e+09
5909,5.909906e+09
5910,5.910740e+09
5911,5.911072e+09
5912,5.912432e+09
5913,5.913093e+09
5914,5.914924e+09
5915,5.915554e+09
5916,5.916404e+09
5917,5.917833e+09
5918,5.918835e+09
5919,5.919240e+09
5920,5.920434e+09
5921,5.921884e+09
5922,5.922876e+09
5923,5.923821e+09
5924,5.924208e+09
5925,5.925026e+09
5926,5.926976e+09
5927,5.927500e+09
5928,5.928203e+09
5929,5.929363e+09
5930,5.930649e+09
5931,5.931407e+09
5932,5.932873e+09
5933,5.933510e+09
5934,5.934551e+09
5935,5.935336e+09
5936,5.936879e+09
5937,5.937938e+09
5938,5.938620e+09
5939,5.939596e+09
5940,5.940337e+09
5941,5.941860e+09
5942,5.942946e+09
5943,5.943247e+09
5944,5.944420e+09
5945,5.945913e+09
5946,5.946847e+09
5947,5.947721e+09
5948,5.948493e+09
5949,5.949143e+09
5950,5.950973e+09
5951,5.951632e+09
5952,5.952764e+09
5953,5.953134e+09
5954,5.954876e+09
5955,5.955332e+09
5956,5.956008e+09
5957,5.957154e+09
5958,5.958135e+09
5959,5.959667e+09
5960,5.960191e+09
5961,5.961138e+09
5962,5.962994e+09
5963,5.963494e+09
5964,5.964188e+09
5965,5.965186e+09
5966,5.966062e+09
5967,5.967006e+09
5968,5.968652e+09
5969,5.969847e+09
5970,5.970392e+09
5971,5.971307e+09
5972,5.972450e+09
5973,5.973228e+09
5974,5.974255e+09
5975,5.975772e+09
5976,5.976456e+09
5977,5.977025e+09
5978,5.978642e+09
5979,5.979717e+09
5980,5.980571e+09
5981,5.981842e+09
5982,5.982873e+09
5983,5.983799e+09
5984,5.984223e+09
5985,5.985578e+09
5986,5.986097e+09
5987,5.987208e+09
5988,5.988420e+09
5989,5.989057e+09
5990,5.990159e+09
5991,5.991594e+09
5992,5.992725e+09
5993,5.993206e+09
5994,5.994328e+09
5995,5.995751e+09
5996,5.996825e+09
5997,5.997879e+09
5998,5.998224e+09
5999,5.999575e+09
6000,6.000939e+09
6001,6.001692e+09
6002,6.002593e+09
6003,6.003388e+09
6004,6.004981e+09
6005,6.005420e+09
6006,6.006687e+09
6007,6.007645e+09
6008,6.008549e+09
6009,6.009430e+09
6010,6.010120e+09
6011,6.011944e+09
6012,6.012851e+09
6013,6.013045e+09
6014,6.014461e+09
6015,6.015617e+09
6016,6.016584e+09
6017,6.017650e+09
6018,6.018605e+09
6019,6.019627e+09
6020,6.020672e+09
6021,6.021843e+09
6022,6.022424e+09
6023,6.023255e+09
6024,6.024622e+09
6025,6.025190e+09
6026,6.026344e+09
6027,6.027024e+09
6028,6.028342e+09
6029,6.029601e+09
6030,6.030832e+09
6031,6.031268e+09
6032,6.032313e+09
6033,6.033699e+09
6034,6.034213e+09
6035,6.035297e+09
6036,6.036032e+09
6037,6.037721e+09
6038,6.038962e+09
6039,6.039882e+09
6040,6.040348e+09
6041,6.041303e+09
6042,6.042917e+09
6043,6.043284e+09
6044,6.044249e+09
6045,6.045091e+09
6046,6.046081e+09
6047,6.047194e+09
6048,6.048821e+09
6049,6.049305e+09
6050,6.050053e+09
6051,6.051355e+09
6052,6.052608e+09
6053,6.053883e+09
6054,6.054853e+09
6055,6.055167e+09
6056,6.056308e+09
6057,6.057754e+09
6058,6.058938e+09
6059,6.059245e+09
6060,6.060177e+09
6061,6.061709e+09
6062,6.062128e+09
6063,6.063390e+09
6064,6.064029e+09
6065,6.065848e+09
6066,6.066832e+09
6067,6.067588e+09
6068,6.068318e+09
6069,6.069295e+09
6070,6.070378e+09
6071,6.071754e+09
6072,6.072176e+09
6073,6.073605e+09
6074,6.074765e+09
6075,6.075547e+09
6076,6.076429e+09
6077,6.077797e+09
6078,6.078405e+09
6079,6.079070e+09
6080,6.080301e+09
6081,6.081533e+09
6082,6.082404e+09
6083,6.083502e+09
6084,6.084075e+09
6085,6.085228e+09
6086,6.086865e+09
6087,6.087193e+09
6088,6.088256e+09
6089,6.089364e+09
6090,6.090435e+09
6091,6.091573e+09
6092,6.092679e+09
6093,6.093388e+09
6094,6.094130e+09
6095,6.095371e+09
6096,6.096352e+09
6097,6.097104e+09
6098,6.098064e+09
6099,6.099011e+09
6100,6.100481e+09
6101,6.101015e+09
6102,6.102639e+09
6103,6.103112e+09
6104,6.104248e+09
6105,6.105211e+09
6106,6.106000e+09
6107,6.107358e+09
6108,6.108225e+09
6109,6.109548e+09
6110,6.110954e+09
6111,6.111838e+09
6112,6.112234e+09
6113,6.113014e+09
6114,6.114424e+09
6115,6.115626e+09
6116,6.116014e+09
6117,6.117557e+09
6118,6.118279e+09
6119,6.119320e+09
6120,6.120005e+09
6121,6.121677e+09
6122,6.122756e+09
6123,6.123048e+09
6124,6.124848e+09
6125,6.125480e+09
6126,6.126490e+09
6127,6.127234e+09
6128,6.128507e+09
6129,6.129434e+09
6130,6.130423e+09
6131,6.131831e+09
6132,6.132867e+09
6133,6.133748e+09
6134,6.134207e+09
6135,6.135474e+09
6136,6.136038e+09
6137,6.137205e+09
6138,6.138783e+09
6139,6.139761e+09
6140,6.140672e+09
6141,6.141673e+09
6142,6.142928e+09
6143,6.143923e+09
6144,6.144085e+09
6145,6.145460e+09
6146,6.146344e+09
6147,6.147370e+09
6148,6.148064e+09
6149,6.149137e+09
6150,6.150030e+09
6151,6.151361e+09
6152,6.152302e+09
6153,6.153976e+09
6154,6.154320e+09
6155,6.155167e+09
6156,6.156951e+09
6157,6.157193e+09
6158,6.158122e+09
6159,6.159245e+09
6160,6.160196e+09
6161,6.161788e+09
6162,6.162424e+09
6163,6.163041e+09
6164,6.164907e+09
6165,6.165574e+09
6166,6.166280e+09
6167,6.167496e+09
6168,6.168266e+09
6169,6.169406e+09
6170,6.170966e+09
6171,6.171141e+09
6172,6.172673e+09
6173,6.173139e+09
6174,6.174774e+09
6175,6.175827e+09
6176,6.176187e+09
6177,6.177706e+09
6178,6.178461e+09
6179,6.179270e+09
6180,6.180762e+09
6181,6.181742e+09
6182,6.182022e+09
6183,6.183632e+09
6184,6.184912e+09
6185,6.185792e+09
6186,6.186105e+09
6187,6.187126e+09
6188,6.188784e+09
6189,6.189331e+09
6190,6.190332e+09
6191,6.191806e+09
6192,6.192473e+09
6193,6.193035e+09
6194,6.194091e+09
6195,6.195345e+09
6196,6.196623e+09
6197,6.197153e+09
6198,6.198961e+09
6199,6.199640e+09
6200,6.200746e+09
6201,6.201395e+09
6202,6.202216e+09
6203,6.203632e+09
6204,6.204210e+09
6205,6.205475e+09
6206,6.206683e+09
6207,6.207464e+09
6208,6.208475e+09
6209,6.209321e+09
6210,6.210152e+09
6211,6.211264e+09
6212,6.212857e+09
6213,6.213480e+09
6214,6.214545e+09
6215,6.215824e+09
6216,6.216478e+09
6217,6.217108e+09
6218,6.218174e+09
6219,6.219206e+09
6220,6.220655e+09
6221,6.221836e+09
6222,6.222459e+09
6223,6.223517e+09
6224,6.224830e+09
6225,6.225377e+09
6226,6.226494e+09
6227,6.227807e+09
6228,6.228557e+09
6229,6.229804e+09
6230,6.230129e+09
6231,6.231093e+09
6232,6.232836e+09
6233,6.233911e+09
6234,6.234636e+09
6235,6.235790e+09
6236,6.236547e+09
6237,6.237928e+09
6238,6.238844e+09
6239,6.239179e+09
6240,6.240287e+09
6241,6.241117e+09
6242,6.242945e+09
6243,6.243657e+09
6244,6.244682e+09
6245,6.245750e+09
6246,6.246952e+09
6247,6.247006e+09
6248,6.248808e+09
6249,6.249674e+09
6250,6.250372e+09
6251,6.251786e+09
6252,6.252779e+09
6253,6.253605e+09
6254,6.254441e+09
6255,6.255780e+09
6256,6.256904e+09
6257,6.257852e+09
6258,6.258854e+09
6259,6.259167e+09
6260,6.260477e+09
6261,6.261188e+09
6262,6.262387e+09
6263,6.263321e+09
6264,6.264750e+09
6265,6.265310e+09
6266,6.266706e+09
6267,6.267343e+09
6268,6.268403e+09
6269,6.269898e+09
6270,6.270588e+09
6271,6.271188e+09
6272,6.272957e+09
6273,6.273921e+09
6274,6.274449e+09
6275,6.275219e+09
6276,6.276684e+09
6277,6.277846e+09
6278,6.278635e+09
6279,6.279901e+09
6280,6.280230e+09
6281,6.281123e+09
6282,6.282263e+09
6283,6.283592e+09
6284,6.284346e+09
6285,6.285701e+09
6286,6.286242e+09
6287,6.287863e+09
6288,6.288810e+09
6289,6.289906e+09
6290,6.290669e+09
6291,6.291082e+09
6292,6.292927e+09
6293,6.293992e+09
6294,6.294839e+09
6295,6.295506e+09
6296,6.296911e+09
6297,6.297181e+09
6298,6.298453e+09
6299,6.299584e+09
6300,6.300935e+09
6301,6.301561e+09
6302,6.302998e+09
6303,6.303331e+09
6304,6.304446e+09
6305,6.305540e+09
6306,6.306352e+09
6307,6.307025e+09
6308,6.308029e+09
6309,6.309036e+09
6310,6.310074e+09
6311,6.311269e+09
6312,6.312392e+09
6313,6.313580e+09
6314,6.314187e+09
6315,6.315590e+09
6316,6.316910e+09
6317,6.317383e+09
6318,6.318843e+09
6319,6.319759e+09
6320,6.320453e+09
6321,6.321303e+09
6322,6.322569e+09
6323,6.323046e+09
6324,6.324040e+09
6325,6.325081e+09
6326,6.326286e+09
6327,6.327718e+09
6328,6.328594e+09
6329,6.329098e+09
6330,6.330038e+09
6331,6.331168e+09
6332,6.332748e+09
6333,6.333415e+09
6334,6.334738e+09
6335,6.335946e+09
6336,6.336214e+09
6337,6.337990e+09
6338,6.338609e+09
6339,6.339323e+09
6340,6.340939e+09
6341,6.341065e+09
6342,6.342963e+09
6343,6.343883e+09
6344,6.344866e+09
6345,6.345725e+09
6346,6.346838e+09
6347,6.347492e+09
6348,6.348585e+09
6349,6.349368e+09
6350,6.350550e+09
6351,6.351446e+09
6352,6.352781e+09
6353,6.353347e+09
6354,6.354512e+09
6355,6.355578e+09
6356,6.356280e+09
6357,6.357778e+09
6358,6.358525e+09
6359,6.359784e+09
6360,6.360470e+09
6361,6.361694e+09
6362,6.362916e+09
6363,6.363730e+09
6364,6.364706e+09
6365,6.365699e+09
6366,6.366276e+09
6367,6.367649e+09
6368,6.368856e+09
6369,6.369159e+09
6370,6.370538e+09
6371,6.371681e+09
6372,6.372924e+09
6373,6.373332e+09
6374,6.374030e+09
6375,6.375466e+09
6376,6.376081e+09
6377,6.377096e+09
6378,6.378856e+09
6379,6.379068e+09
6380,6.380469e+09
6381,6.381995e+09
6382,6.382141e+09
6383,6.383722e+09
6384,6.384253e+09
6385,6.385108e+09
6386,6.386172e+09
6387,6.387445e+09
6388,6.388990e+09
6389,6.389977e+09
6390,6.390822e+09
6391,6.391214e+09
6392,6.392236e+09
6393,6.393657e+09
6394,6.394200e+09
6395,6.395677e+09
6396,6.396640e+09
6397,6.397019e+09
6398,6.398209e+09
6399,6.399061e+09
6400,6.400190e+09
6401,6.401254e+09
6402,6.402434e+09
6403,6.403024e+09
6404,6.404162e+09
6405,6.405658e+09
6406,6.406407e+09
6407,6.407006e+09
6408,6.408865e+09
6409,6.409384e+09
6410,6.410855e+09
6411,6.412000e+09
6412,6.412715e+09
6413,6.413022e+09
6414,6.414131e+09
6415,6.415963e+09
6416,6.416699e+09
6417,6.417428e+09
6418,6.418965e+09
6419,6.419529e+09
6420,6.420236e+09
6421,6.421128e+09
6422,6.422345e+09
6423,6.423506e+09
6424,6.424877e+09
6425,6.425960e+09
6426,6.426426e+09
6427,6.427911e+09
6428,6.428035e+09
6429,6.429183e+09
6430,6.430212e+09
6431,6.431695e+09
6432,6.432179e+09
6433,6.433937e+09
6434,6.434795e+09
6435,6.435376e+09
6436,6.436297e+09
6437,6.437467e+09
6438,6.438228e+09
6439,6.439960e+09
6440,6.440472e+09
6441,6.441896e+09
6442,6.442284e+09
6443,6.443703e+09
6444,6.444615e+09
6445,6.445993e+09
6446,6.446796e+09
6447,6.447863e+09
6448,6.448467e+09
6449,6.449193e+09
6450,6.450174e+09
6451,6.451780e+09
6452,6.452183e+09
6453,6.453646e+09
6454,6.454359e+09
6455,6.455765e+09
6456,6.456291e+09
6457,6.457121e+09
6458,6.458580e+09
6459,6.459769e+09
6460,6.460057e+09
6461,6.461944e+09
6462,6.462163e+09
6463,6.463461e+09
6464,6.464750e+09
6465,6.465545e+09
6466,6.466094e+09
6467,6.467506e+09
6468,6.468978e+09
6469,6.469767e+09
6470,6.470332e+09
6471,6.471342e+09
6472,6.472279e+09
6473,6.473790e+09
6474,6.474749e+09
6475,6.475372e+09
6476,6.476179e+09
6477,6.477576e+09
6478,6.478744e+09
6479,6.479054e+09
6480,6.480064e+09
6481,6.481483e+09
6482,6.482663e+09
6483,6.483467e+09
6484,6.484849e+09
6485,6.485216e+09
6486,6.486659e+09
6487,6.487653e+09
6488,6.488219e+09
6489,6.489025e+09
6490,6.490458e+09
6491,6.491633e+09
6492,6.492715e+09
6493,6.493089e+09
6494,6.494803e+09
6495,6.495841e+09
6496,6.496724e+09
6497,6.497510e+09
6498,6.498770e+09
6499,6.499098e+09
6500,6.500303e+09
6501,6.501625e+09
6502,6.502433e+09
6503,6.503562e+09
6504,6.504049e+09
6505,6.505396e+09
6506,6.506757e+09
6507,6.507328e+09
6508,6.508144e+09
6509,6.509235e+09
6510,6.510882e+09
6511,6.511990e+09
6512,6.512975e+09
6513,6.513522e+09
6514,6.514232e+09
6515,6.515359e+09
6516,6.516406e+09
6517,6.517307e+09
6518,6.518315e+09
6519,6.519481e+09
6520,6.520659e+09
6521,6.521277e+09
6522,6.522210e+09
6523,6.523408e+09
6524,6.524694e+09
6525,6.525425e+09
6526,6.526317e+09
6527,6.527509e+09
6528,6.528586e+09
6529,6.529481e+09
6530,6.530601e+09
6531,6.531834e+09
6532,6.532652e+09
6533,6.533983e+09
6534,6.534918e+09
6535,6.535408e+09
6536,6.536690e+09
6537,6.537096e+09
6538,6.538041e+09
6539,6.539095e+09
6540,6.540721e+09
6541,6.541085e+09
6542,6.542181e+09
6543,6.543688e+09
6544,6.544686e+09
6545,6.545637e+09
6546,6.546524e+09
6547,6.547392e+09
6548,6.548726e+09
6549,6.549861e+09
6550,6.550836e+09
6551,6.551548e+09
6552,6.552863e+09
6553,6.553468e+09
6554,6.554802e+09
6555,6.555919e+09
6556,6.556667e+09
6557,6.557642e+09
6558,6.558442e+09
6559,6.559682e+09
6560,6.560353e+09
6561,6.561202e+09
6562,6.562532e+09
6563,6.563125e+09
6564,6.564279e+09
6565,6.565730e+09
6566,6.566309e+09
6567,6.567251e+09
6568,6.568510e+09
6569,6.569538e+09
6570,6.570838e+09
6571,6.571888e+09
6572,6.572530e+09
6573,6.573046e+09
6574,6.574351e+09
6575,6.575592e+09
6576,6.576524e+09
6577,6.577410e+09
6578,6.578509e+09
6579,6.579456e+09
6580,6.580132e+09
6581,6.581193e+09
6582,6.582694e+09
6583,6.583125e+09
6584,6.584381e+09
6585,6.585749e+09
6586,6.586260e+09
6587,6.587885e+09
6588,6.588385e+09
6589,6.589733e+09
6590,6.590914e+09
6591,6.591925e+09
6592,6.592007e+09
6593,6.593821e+09
6594,6.594564e+09
6595,6.595004e+09
6596,6.596464e+09
6597,6.597257e+09
6598,6.598953e+09
6599,6.599924e+09
6600,6.600983e+09
6601,6.601602e+09
6602,6.602499e+09
6603,6.603947e+09
6604,6.604226e+09
6605,6.605236e+09
6606,6.606113e+09
6607,6.607675e+09
6608,6.608641e+09
6609,6.609961e+09
6610,6.610229e+09
6611,6.611093e+09
6612,6.612667e+09
6613,6.613002e+09
6614,6.614623e+09
6615,6.615522e+09
6616,6.616382e+09
6617,6.617445e+09
6618,6.618503e+09
6619,6.619096e+09
6620,6.620247e+09
6621,6.621049e+09
6622,6.622821e+09
6623,6.623379e+09
6624,6.624368e+09
6625,6.625524e+09
6626,6.626454e+09
6627,6.627781e+09
6628,6.628938e+09
6629,6.629980e+09
6630,6.630140e+09
6631,6.631026e+09
6632,6.632494e+09
6633,6.633779e+09
6634,6.634083e+09
6635,6.635129e+09
6636,6.636214e+09
6637,6.637714e+09
6638,6.638027e+09
6639,6.639976e+09
6640,6.640499e+09
6641,6.641014e+09
6642,6.642163e+09
6643,6.643425e+09
6644,6.644576e+09
6645,6.645585e+09
6646,6.646556e+09
6647,6.647822e+09
6648,6.648149e+09
6649,6.649171e+09
6650,6.650726e+09
6651,6.651979e+09
6652,6.652348e+09
6653,6.653970e+09
6654,6.654556e+09
6655,6.655433e+09
6656,6.656512e+09
6657,6.657024e+09
6658,6.658802e+09
6659,6.659323e+09
6660,6.660464e+09
6661,6.661492e+09
6662,6.662465e+09
6663,6.663298e+09
6664,6.664718e+09
6665,6.665123e+09
6666,6.666448e+09
6667,6.667907e+09
6668,6.668662e+09
6669,6.669825e+09
6670,6.670311e+09
6671,6.671450e+09
6672,6.672123e+09
6673,6.673423e+09
6674,6.674078e+09
6675,6.675241e+09
6676,6.676626e+09
6677,6.677356e+09
6678,6.678755e+09
6679,6.679839e+09
6680,6.680908e+09
6681,6.681391e+09
6682,6.682663e+09
6683,6.683902e+09
6684,6.684068e+09
6685,6.685306e+09
6686,6.686295e+09
6687,6.687504e+09
6688,6.688415e+09
6689,6.689321e+09
6690,6.690138e+09
6691,6.691736e+09
6692,6.692913e+09
6693,6.693220e+09
6694,6.694197e+09
6695,6.695430e+09
6696,6.696130e+09
6697,6.697891e+09
6698,6.698532e+09
6699,6.699756e+09
6700,6.700214e+09
6701,6.701300e+09
6702,6.702231e+09
6703,6.703117e+09
6704,6.704302e+09
6705,6.705987e+09
6706,6.706012e+09
6707,6.707863e+09
6708,6.708985e+09
6709,6.709768e+09
6710,6.710355e+09
6711,6.711630e+09
6712,6.712315e+09
6713,6.713126e+09
6714,6.714561e+09
6715,6.715334e+09
6716,6.716452e+09
6717,6.717988e+09
6718,6.718770e+09
6719,6.719961e+09
6720,6.720492e+09
6721,6.721499e+09
6722,6.722625e+09
6723,6.723923e+09
6724,6.724393e+09
6725,6.725912e+09
6726,6.726136e+09
6727,6.727536e+09
6728,6.728721e+09
6729,6.729850e+09
6730,6.730890e+09
6731,6.731602e+09
6732,6.732979e+09
6733,6.733501e+09
6734,6.734175e+09
6735,6.735576e+09
6736,6.736513e+09
6737,6.737606e+09
6738,6.738486e+09
6739,6.739106e+09
6740,6.740450e+09
6741,6.741233e+09
6742,6.742944e+09
6743,6.743219e+09
6744,6.744246e+09
6745,6.745964e+09
6746,6.746203e+09
6747,6.747772e+09
6748,6.748343e+09
6749,6.749693e+09
6750,6.750470e+09
6751,6.751578e+09
6752,6.752368e+09
6753,6.753607e+09
6754,6.754062e+09
6755,6.755483e+09
6756,6.756031e+09
6757,6.757733e+09
6758,6.758733e+09
6759,6.759369e+09
6760,6.760551e+09
6761,6.761451e+09
6762,6.762617e+09
6763,6.763099e+09
6764,6.764290e+09
6765,6.765500e+09
6766,6.766815e+09
6767,6.767404e+09
6768,6.768060e+09
6769,6.769939e+09
6770,6.770843e+09
6771,6.771022e+09
6772,6.772045e+09
6773,6.773854e+09
6774,6.774460e+09
6775,6.775553e+09
6776,6.776559e+09
6777,6.777321e+09
6778,6.778784e+09
6779,6.779985e+09
6780,6.780917e+09
6781,6.781265e+09
6782,6.782718e+09
6783,6.783142e+09
6784,6.784443e+09
6785,6.785588e+09
6786,6.786705e+09
6787,6.787078e+09
6788,6.788139e+09
6789,6.789257e+09
6790,6.790087e+09
6791,6.791254e+09
6792,6.792600e+09
6793,6.793600e+09
6794,6.794504e+09
6795,6.795758e+09
6796,6.796841e+09
6797,6.797491e+09
6798,6.798480e+09
6799,6.799376e+09
6800,6.800248e+09
6801,6.801007e+09
6802,6.802649e+09
6803,6.803439e+09
6804,6.804292e+09
6805,6.805086e+09
6806,6.806031e+09
6807,6.807716e+09
6808,6.808763e+09
6809,6.809599e+09
6810,6.810275e+09
6811,6.811432e+09
6812,6.812694e+09
6813,6.813437e+09
6814,6.814293e+09
6815,6.815766e+09
6816,6.816678e+09
6817,6.817140e+09
6818,6.818332e+09
6819,6.819608e+09
6820,6.820275e+09
6821,6.821206e+09
6822,6.822123e+09
6823,6.823446e+09
6824,6.824354e+09
6825,6.825078e+09
6826,6.826322e+09
6827,6.827673e+09
6828,6.828241e+09
6829,6.829243e+09
6830,6.830680e+09
6831,6.831859e+09
6832,6.832662e+09
6833,6.833884e+09
6834,6.834269e+09
6835,6.835040e+09
6836,6.836825e+09
6837,6.837316e+09
6838,6.838449e+09
6839,6.839011e+09
6840,6.840329e+09
6841,6.841926e+09
6842,6.842525e+09
6843,6.843986e+09
6844,6.844572e+09
6845,6.845391e+09
6846,6.846899e+09
6847,6.847467e+09
6848,6.848101e+09
6849,6.849578e+09
6850,6.850609e+09
6851,6.851866e+09
6852,6.852395e+09
6853,6.853475e+09
6854,6.854589e+09
6855,6.855675e+09
6856,6.856093e+09
6857,6.857808e+09
6858,6.858602e+09
6859,6.859852e+09
6860,6.860823e+09
6861,6.861237e+09
6862,6.862600e+09
6863,6.863949e+09
6864,6.864718e+09
6865,6.865105e+09
6866,6.866249e+09
6867,6.867534e+09
6868,6.868422e+09
6869,6.869985e+09
6870,6.870155e+09
6871,6.871792e+09
6872,6.872837e+09
6873,6.873888e+09
6874,6.874701e+09
6875,6.875438e+09
6876,6.876463e+09
6877,6.877932e+09
6878,6.878015e+09
6879,6.879092e+09
6880,6.880455e+09
6881,6.881483e+09
6882,6.882203e+09
6883,6.883800e+09
6884,6.884292e+09
6885,6.885419e+09
6886,6.886998e+09
6887,6.887255e+09
6888,6.888267e+09
6889,6.889403e+09
6890,6.890624e+09
6891,6.891467e+09
6892,6.892224e+09
6893,6.893543e+09
6894,6.894435e+09
6895,6.895147e+09
6896,6.896720e+09
6897,6.897545e+09
6898,6.898785e+09
6899,6.899075e+09
6900,6.900459e+09
6901,6.901289e+09
6902,6.902722e+09
6903,6.903925e+09
6904,6.904173e+09
6905,6.905201e+09
6906,6.906410e+09
6907,6.907323e+09
6908,6.908928e+09
6909,6.909479e+09
6910,6.910749e+09
6911,6.911556e+09
6912,6.912653e+09
6913,6.913278e+09
6914,6.914337e+09
6915,6.915807e+09
6916,6.916563e+09
6917,6.917603e+09
6918,6.918264e+09
6919,6.919783e+09
6920,6.920802e+09
6921,6.921227e+09
6922,6.922328e+09
6923,6.923328e+09
6924,6.924203e+09
6925,6.925198e+09
6926,6.926698e+09
6927,6.927587e+09
6928,6.928502e+09
6929,6.929827e+09
6930,6.930967e+09
6931,6.931665e+09
6932,6.932134e+09
6933,6.933807e+09
6934,6.934361e+09
6935,6.935702e+09
6936,6.936822e+09
6937,6.937805e+09
6938,6.938143e+09
6939,6.939056e+09
6940,6.940622e+09
6941,6.941097e+09
6942,6.942052e+09
6943,6.943548e+09
6944,6.944109e+09
6945,6.945808e+09
6946,6.946637e+09
6947,6.947811e+09
6948,6.948028e+09
6949,6.949471e+09
6950,6.950901e+09
6951,6.951759e+09
6952,6.952359e+09
6953,6.953949e+09
6954,6.954553e+09
6955,6.955412e+09
6956,6.956828e+09
6957,6.957295e+09
6958,6.958469e+09
6959,6.959351e+09
6960,6.960840e+09
6961,6.961477e+09
6962,6.962092e+09
6963,6.963557e+09
6964,6.964586e+09
6965,6.965094e+09
6966,6.966096e+09
6967,6.967820e+09
6968,6.968213e+09
6969,6.969172e+09
6970,6.970444e+09
6971,6.971361e+09
6972,6.972598e+09
6973,6.973114e+09
6974,6.974016e+09
6975,6.975812e+09
6976,6.976477e+09
6977,6.977517e+09
6978,6.978141e+09
6979,6.979903e+09
6980,6.980866e+09
6981,6.981273e+09
6982,6.982279e+09
6983,6.983936e+09
6984,6.984559e+09
6985,6.985565e+09
6986,6.986791e+09
6987,6.987093e+09
6988,6.988534e+09
6989,6.989646e+09
6990,6.990064e+09
6991,6.991241e+09
6992,6.992222e+09
6993,6.993119e+09
6994,6.994277e+09
6995,6.995649e+09
6996,6.996379e+09
6997,6.997799e+09
6998,6.998463e+09
6999,6.999938e+09
7000,7.000781e+09
7001,7.001062e+09
7002,7.002922e+09
7003,7.003917e+09
7004,7.004595e+09
7005,7.005342e+09
7006,7.006371e+09
7007,7.007709e+09
7008,7.008127e+09
7009,7.009055e+09
7010,7.010490e+09
7011,7.011592e+09
7012,7.012967e+09
7013,7.013233e+09
7014,7.014721e+09
7015,7.015749e+09
7016,7.016362e+09
7017,7.017549e+09
7018,7.018841e+09
7019,7.019479e+09
7020,7.020162e+09
7021,7.021173e+09
7022,7.022336e+09
7023,7.023368e+09
7024,7.024983e+09
7025,7.025262e+09
7026,7.026420e+09
7027,7.027274e+09
7028,7.028641e+09
7029,7.029656e+09
7030,7.030554e+09
7031,7.031033e+09
7032,7.032769e+09
7033,7.033609e+09
7034,7.034931e+09
7035,7.035606e+09
7036,7.036430e+09
7037,7.037673e+09
7038,7.038076e+09
7039,7.039888e+09
7040,7.040849e+09
7041,7.041192e+09
7042,7.042261e+09
7043,7.043759e+09
7044,7.044380e+09
7045,7.045164e+09
7046,7.046335e+09
7047,7.047381e+09
7048,7.048453e+09
7049,7.049122e+09
7050,7.050890e+09
7051,7.051196e+09
7052,7.052092e+09
7053,7.053227e+09
7054,7.054131e+09
7055,7.055491e+09
7056,7.056347e+09
7057,7.057967e+09
7058,7.058041e+09
7059,7.059474e+09
7060,7.060406e+09
7061,7.061437e+09
7062,7.062639e+09
7063,7.063690e+09
7064,7.064484e+09
7065,7.065865e+09
7066,7.066006e+09
7067,7.067612e+09
7068,7.068472e+09
7069,7.069602e+09
7070,7.070088e+09
7071,7.071998e+09
7072,7.072643e+09
7073,7.073588e+09
7074,7.074621e+09
7075,7.075699e+09
7076,7.076467e+09
7077,7.077293e+09
7078,7.078071e+09
7079,7.079986e+09
7080,7.080040e+09
7081,7.081478e+09
7082,7.082938e+09
7083,7.083371e+09
7084,7.084130e+09
7085,7.085713e+09
7086,7.086268e+09
7087,7.087060e+09
7088,7.088717e+09
7089,7.089668e+09
7090,7.090732e+09
7091,7.091237e+09
7092,7.092784e+09
7093,7.093704e+09
7094,7.094921e+09
7095,7.095654e+09
7096,7.096507e+09
7097,7.097967e+09
7098,7.098694e+09
7099,7.099477e+09
7100,7.100766e+09
7101,7.101064e+09
7102,7.102739e+09
7103,7.103262e+09
7104,7.104076e+09
7105,7.105382e+09
7106,7.106211e+09
7107,7.107392e+09
7108,7.108569e+09
7109,7.109989e+09
7110,7.110413e+09
7111,7.111064e+09
7112,7.112431e+09
7113,7.113011e+09
7114,7.114704e+09
7115,7.115328e+09
7116,7.116258e+09
7117,7.117290e+09
7118,7.118555e+09
7119,7.119724e+09
7120,7.120868e+09
7121,7.121957e+09
7122,7.122909e+09
7123,7.123207e+09
7124,7.124921e+09
7125,7.125987e+09
7126,7.126638e+09
7127,7.127191e+09
7128,7.128803e+09
7129,7.129434e+09
7130,7.130037e+09
7131,7.131346e+09
7132,7.132604e+09
7133,7.133968e+09
7134,7.134021e+09
7135,7.135566e+09
7136,7.136917e+09
7137,7.137065e+09
7138,7.138536e+09
7139,7.139630e+09
7140,7.140074e+09
7141,7.141112e+09
7142,7.142538e+09
7143,7.143745e+09
7144,7.144980e+09
7145,7.145992e+09
7146,7.146061e+09
7147,7.147227e+09
7148,7.148360e+09
7149,7.149466e+09
7150,7.150247e+09
7151,7.151174e+09
7152,7.152121e+09
7153,7.153057e+09
7154,7.154782e+09
7155,7.155856e+09
7156,7.156432e+09
7157,7.157165e+09
7158,7.158041e+09
7159,7.159420e+09
7160,7.160050e+09
7161,7.161031e+09
7162,7.162632e+09
7163,7.163895e+09
7164,7.164012e+09
7165,7.165451e+09
7166,7.166845e+09
7167,7.167018e+09
7168,7.168417e+09
7169,7.169246e+09
7170,7.170877e+09
7171,7.171926e+09
7172,7.172705e+09
7173,7.173498e+09
7174,7.174382e+09
7175,7.175813e+09
7176,7.176206e+09
7177,7.177736e+09
7178,7.178827e+09
7179,7.179153e+09
7180,7.180469e+09
7181,7.181484e+09
7182,7.182096e+09
7183,7.183369e+09
7184,7.184327e+09
7185,7.185957e+09
7186,7.186408e+09
7187,7.187129e+09
7188,7.188011e+09
7189,7.189790e+09
7190,7.190933e+09
7191,7.191718e+09
7192,7.192135e+09
7193,7.193161e+09
7194,7.194679e+09
7195,7.195284e+09
7196,7.196549e+09
7197,7.197650e+09
7198,7.198836e+09
7199,7.199515e+09
7200,7.200980e+09
7201,7.201113e+09
7202,7.202589e+09
7203,7.203344e+09
7204,7.204460e+09
7205,7.205171e+09
7206,7.206842e+09
7207,7.207015e+09
7208,7.208969e+09
7209,7.209085e+09
7210,7.210148e+09
7211,7.211694e+09
7212,7.212262e+09
7213,7.213140e+09
7214,7.214937e+09
7215,7.215617e+09
7216,7.216673e+09
7217,7.217694e+09
7218,7.218070e+09
7219,7.219040e+09
7220,7.220874e+09
7221,7.221640e+09
7222,7.222814e+09
7223,7.223753e+09
7224,7.224508e+09
7225,7.225882e+09
7226,7.226179e+09
7227,7.227764e+09
7228,7.228511e+09
7229,7.229220e+09
7230,7.230559e+09
7231,7.231361e+09
7232,7.232784e+09
7233,7.233245e+09
7234,7.234676e+09
7235,7.235196e+09
7236,7.236122e+09
7237,7.237152e+09
7238,7.238485e+09
7239,7.239076e+09
7240,7.240185e+09
7241,7.241288e+09
7242,7.242378e+09
7243,7.243271e+09
7244,7.244186e+09
7245,7.245066e+09
7246,7.246142e+09
7247,7.247560e+09
7248,7.248529e+09
7249,7.249122e+09
7250,7.250332e+09
7251,7.251814e+09
7252,7.252047e+09
7253,7.253473e+09
7254,7.254668e+09
7255,7.255948e+09
7256,7.256203e+09
7257,7.257118e+09
7258,7.258128e+09
7259,7.259781e+09
7260,7.260712e+09
7261,7.261449e+09
7262,7.262541e+09
7263,7.263635e+09
7264,7.264932e+09
7265,7.265319e+09
7266,7.266655e+09
7267,7.267292e+09
7268,7.268799e+09
7269,7.269129e+09
7270,7.270148e+09
7271,7.271976e+09
7272,7.272171e+09
7273,7.273225e+09
7274,7.274627e+09
7275,7.275981e+09
7276,7.276612e+09
7277,7.277712e+09
7278,7.278379e+09
7279,7.279977e+09
7280,7.280846e+09
7281,7.281379e+09
7282,7.282288e+09
7283,7.283607e+09
7284,7.284042e+09
7285,7.285361e+09
7286,7.286075e+09
7287,7.287279e+09
7288,7.288377e+09
7289,7.289475e+09
7290,7.290987e+09
7291,7.291867e+09
7292,7.292752e+09
7293,7.293163e+09
7294,7.294817e+09
7295,7.295307e+09
7296,7.296531e+09
7297,7.297770e+09
7298,7.298389e+09
7299,7.299010e+09
7300,7.300024e+09
7301,7.301072e+09
7302,7.302520e+09
7303,7.303592e+09
7304,7.304815e+09
7305,7.305237e+09
7306,7.306297e+09
7307,7.307642e+09
7308,7.308404e+09
7309,7.309041e+09
7310,7.310435e+09
7311,7.311644e+09
7312,7.312554e+09
7313,7.313666e+09
7314,7.314168e+09
7315,7.315464e+09
7316,7.316756e+09
7317,7.317433e+09
7318,7.318969e+09
7319,7.319069e+09
7320,7.320256e+09
7321,7.321828e+09
7322,7.322455e+09
7323,7.323347e+09
7324,7.324737e+09
7325,7.325705e+09
7326,7.326940e+09
7327,7.327848e+09
7328,7.328719e+09
7329,7.329468e+09
7330,7.330704e+09
7331,7.331502e+09
7332,7.332906e+09
7333,7.333952e+09
7334,7.334427e+09
7335,7.335118e+09
7336,7.336549e+09
7337,7.337726e+09
7338,7.338817e+09
7339,7.339358e+09
7340,7.340055e+09
7341,7.341139e+09
7342,7.342761e+09
7343,7.343904e+09
7344,7.344049e+09
7345,7.345399e+09
7346,7.346373e+09
7347,7.347151e+09
7348,7.348625e+09
7349,7.349161e+09
7350,7.350626e+09
7351,7.351477e+09
7352,7.352880e+09
7353,7.353223e+09
7354,7.354130e+09
7355,7.355492e+09
7356,7.356428e+09
7357,7.357011e+09
7358,7.358542e+09
7359,7.359804e+09
7360,7.360236e+09
7361,7.361110e+09
7362,7.362448e+09
7363,7.363626e+09
7364,7.364851e+09
7365,7.365493e+09
7366,7.366980e+09
7367,7.367839e+09
7368,7.368354e+09
7369,7.369425e+09
7370,7.370641e+09
7371,7.371371e+09
7372,7.372188e+09
7373,7.373013e+09
7374,7.374736e+09
7375,7.375504e+09
7376,7.376337e+09
7377,7.377238e+09
7378,7.378382e+09
7379,7.379746e+09
7380,7.380239e+09
7381,7.381199e+09
7382,7.382179e+09
7383,7.383652e+09
7384,7.384477e+09
7385,7.385298e+09
7386,7.386477e+09
7387,7.387042e+09
7388,7.388316e+09
7389,7.389789e+09
7390,7.390049e+09
7391,7.391488e+09
7392,7.392114e+09
7393,7.393507e+09
7394,7.394622e+09
7395,7.395630e+09
7396,7.396711e+09
7397,7.397603e+09
7398,7.398374e+09
7399,7.399736e+09
7400,7.400822e+09
7401,7.401170e+09
7402,7.402626e+09
7403,7.403790e+09
7404,7.404536e+09
7405,7.405075e+09
7406,7.406084e+09
7407,7.407181e+09
7408,7.408891e+09
7409,7.409339e+09
7410,7.410411e+09
7411,7.411831e+09
7412,7.412953e+09
7413,7.413332e+09
7414,7.414304e+09
7415,7.415470e+09
7416,7.416457e+09
7417,7.417286e+09
7418,7.418153e+09
7419,7.419317e+09
7420,7.420805e+09
7421,7.421206e+09
7422,7.422408e+09
7423,7.423128e+09
7424,7.424810e+09
7425,7.425618e+09
7426,7.426530e+09
7427,7.427022e+09
7428,7.428223e+09
7429,7.429082e+09
7430,7.430854e+09
7431,7.431663e+09
7432,7.432024e+09
7433,7.433121e+09
7434,7.434987e+09
7435,7.435951e+09
7436,7.436155e+09
7437,7.437194e+09
7438,7.438025e+09
7439,7.439446e+09
7440,7.440107e+09
7441,7.441679e+09
7442,7.442021e+09
7443,7.443582e+09
7444,7.444991e+09
7445,7.445274e+09
7446,7.446440e+09
7447,7.447422e+09
7448,7.448995e+09
7449,7.449807e+09
7450,7.450528e+09
7451,7.451287e+09
7452,7.452772e+09
7453,7.453017e+09
7454,7.454391e+09
7455,7.455718e+09
7456,7.456795e+09
7457,7.457619e+09
7458,7.458051e+09
7459,7.459275e+09
7460,7.460083e+09
7461,7.461812e+09
7462,7.462634e+09
7463,7.463771e+09
7464,7.464023e+09
7465,7.465752e+09
7466,7.466533e+09
7467,7.467703e+09
7468,7.468296e+09
7469,7.469190e+09
7470,7.470588e+09
7471,7.471986e+09
7472,7.472511e+09
7473,7.473287e+09
7474,7.474019e+09
7475,7.475574e+09
7476,7.476239e+09
7477,7.477296e+09
7478,7.478768e+09
7479,7.479883e+09
7480,7.480487e+09
7481,7.481118e+09
7482,7.482440e+09
7483,7.483054e+09
7484,7.484985e+09
7485,7.485220e+09
7486,7.486899e+09
7487,7.487739e+09
7488,7.488200e+09
7489,7.489936e+09
7490,7.490880e+09
7491,7.492000e+09
7492,7.492818e+09
7493,7.493465e+09
7494,7.494193e+09
7495,7.495759e+09
7496,7.496151e+09
7497,7.497453e+09
7498,7.498828e+09
7499,7.499274e+09
7500,7.500200e+09
7501,7.501751e+09
7502,7.502377e+09
7503,7.503467e+09
7504,7.504667e+09
7505,7.505828e+09
7506,7.506736e+09
7507,7.507464e+09
7508,7.508696e+09
7509,7.509193e+09
7510,7.510142e+09
7511,7.511169e+09
7512,7.512130e+09
7513,7.513820e+09
7514,7.514418e+09
7515,7.515811e+09
7516,7.516159e+09
7517,7.517868e+09
7518,7.518145e+09
7519,7.519261e+09
7520,7.520263e+09
7521,7.521613e+09
7522,7.522938e+09
7523,7.523560e+09
7524,7.524229e+09
7525,7.525724e+09
7526,7.526788e+09
7527,7.527328e+09
7528,7.528575e+09
7529,7.529896e+09
7530,7.530820e+09
7531,7.531190e+09
7532,7.532376e+09
7533,7.533509e+09
7534,7.534411e+09
7535,7.535581e+09
7536,7.536489e+09
7537,7.537127e+09
7538,7.538505e+09
7539,7.539824e+09
7540,7.540189e+09
7541,7.541015e+09
7542,7.542265e+09
7543,7.543418e+09
7544,7.544859e+09
7545,7.545024e+09
7546,7.546836e+09
7547,7.547050e+09
7548,7.548308e+09
7549,7.549348e+09
7550,7.550741e+09
7551,7.551428e+09
7552,7.552163e+09
7553,7.553612e+09
7554,7.554931e+09
7555,7.555953e+09
7556,7.556317e+09
7557,7.557558e+09
7558,7.558771e+09
7559,7.559181e+09
7560,7.560903e+09
7561,7.561983e+09
7562,7.562876e+09
7563,7.563513e+09
7564,7.564995e+09
7565,7.565128e+09
7566,7.566671e+09
7567,7.567864e+09
7568,7.568302e+09
7569,7.569283e+09
7570,7.570750e+09
7571,7.571153e+09
7572,7.572838e+09
7573,7.573913e+09
7574,7.574128e+09
7575,7.575160e+09
7576,7.576728e+09
7577,7.577631e+09
7578,7.578910e+09
7579,7.579078e+09
7580,7.580635e+09
7581,7.581758e+09
7582,7.582287e+09
7583,7.583259e+09
7584,7.584349e+09
7585,7.585033e+09
7586,7.586241e+09
7587,7.587580e+09
7588,7.588664e+09
7589,7.589057e+09
7590,7.590834e+09
7591,7.591350e+09
7592,7.592078e+09
7593,7.593226e+09
7594,7.594721e+09
7595,7.595903e+09
7596,7.596460e+09
7597,7.597080e+09
7598,7.598274e+09
7599,7.599272e+09
7600,7.600836e+09
7601,7.601084e+09
7602,7.602557e+09
7603,7.603497e+09
7604,7.604979e+09
7605,7.605864e+09
7606,7.606878e+09
7607,7.607019e+09
7608,7.608147e+09
7609,7.609374e+09
7610,7.610515e+09
7611,7.611911e+09
7612,7.612980e+09
7613,7.613173e+09
7614,7.614956e+09
7615,7.615477e+09
7616,7.617000e+09
7617,7.617584e+09
7618,7.618055e+09
7619,7.619327e+09
7620,7.620443e+09
7621,7.621377e+09
7622,7.622381e+09
7623,7.623147e+09
7624,7.624405e+09
7625,7.625536e+09
7626,7.626367e+09
7627,7.627425e+09
7628,7.628629e+09
7629,7.629826e+09
7630,7.630800e+09
7631,7.631195e+09
7632,7.632875e+09
7633,7.633054e+09
7634,7.634693e+09
7635,7.635031e+09
7636,7.636600e+09
7637,7.637920e+09
7638,7.638867e+09
7639,7.639086e+09
7640,7.640638e+09
7641,7.641685e+09
7642,7.642487e+09
7643,7.643341e+09
7644,7.644768e+09
7645,7.645025e+09
7646,7.646184e+09
7647,7.647641e+09
7648,7.648047e+09
7649,7.649155e+09
7650,7.650942e+09
7651,7.651805e+09
7652,7.652160e+09
7653,7.653692e+09
7654,7.654895e+09
7655,7.655380e+09
7656,7.656944e+09
7657,7.657906e+09
7658,7.658673e+09
7659,7.659124e+09
7660,7.660928e+09
7661,7.661636e+09
7662,7.662014e+09
7663,7.663501e+09
7664,7.664270e+09
7665,7.665158e+09
7666,7.666039e+09
7667,7.667926e+09
7668,7.668417e+09
7669,7.669938e+09
7670,7.670528e+09
7671,7.671333e+09
7672,7.672009e+09
7673,7.673732e+09
7674,7.674104e+09
7675,7.675480e+09
7676,7.676324e+09
7677,7.677269e+09
7678,7.678527e+09
7679,7.679426e+09
7680,7.680386e+09
7681,7.681369e+09
7682,7.682998e+09
7683,7.683409e+09
7684,7.684442e+09
7685,7.685838e+09
7686,7.686816e+09
7687,7.687722e+09
7688,7.688376e+09
7689,7.689315e+09
7690,7.690608e+09
7691,7.691321e+09
7692,7.692608e+09
7693,7.693359e+09
7694,7.694157e+09
7695,7.695450e+09
7696,7.696513e+09
7697,7.697816e+09
7698,7.698821e+09
7699,7.699109e+09
7700,7.700763e+09
7701,7.701811e+09
7702,7.702526e+09
7703,7.703572e+09
7704,7.704187e+09
7705,7.705293e+09
7706,7.706272e+09
7707,7.707005e+09
7708,7.708004e+09
7709,7.709042e+09
7710,7.710461e+09
7711,7.711955e+09
7712,7.712145e+09
7713,7.713714e+09
7714,7.714307e+09
7715,7.715138e+09
7716,7.716624e+09
7717,7.717377e+09
7718,7.718760e+09
7719,7.719850e+09
7720,7.720522e+09
7721,7.721961e+09
7722,7.722264e+09
7723,7.723396e+09
7724,7.724526e+09
7725,7.725168e+09
7726,7.726204e+09
7727,7.727882e+09
7728,7.728946e+09
7729,7.729921e+09
7730,7.730522e+09
7731,7.731148e+09
7732,7.732621e+09
7733,7.733683e+09
7734,7.734341e+09
7735,7.735575e+09
7736,7.736573e+09
7737,7.737109e+09
7738,7.738261e+09
7739,7.739173e+09
7740,7.740643e+09
7741,7.741032e+09
7742,7.742494e+09
7743,7.743833e+09
7744,7.744213e+09
7745,7.745349e+09
7746,7.746542e+09
7747,7.747822e+09
7748,7.748779e+09
7749,7.749828e+09
7750,7.750440e+09
7751,7.751897e+09
7752,7.752332e+09
7753,7.753523e+09
7754,7.754183e+09
7755,7.755778e+09
7756,7.756146e+09
7757,7.757895e+09
7758,7.758214e+09
7759,7.759135e+09
7760,7.760087e+09
7761,7.761059e+09
7762,7.762007e+09
7763,7.763509e+09
7764,7.764603e+09
7765,7.765457e+09
7766,7.766480e+09
7767,7.767813e+09
7768,7.768415e+09
7769,7.769815e+09
7770,7.770582e+09
7771,7.771113e+09
7772,7.772816e+09
7773,7.773574e+09
7774,7.774217e+09
7775,7.775297e+09
7776,7.776694e+09
7777,7.777680e+09
7778,7.778894e+09
7779,7.779887e+09
7780,7.780139e+09
7781,7.781297e+09
7782,7.782735e+09
7783,7.783659e+09
7784,7.784880e+09
7785,7.785696e+09
7786,7.786306e+09
7787,7.787188e+09
7788,7.788732e+09
7789,7.789639e+09
7790,7.790757e+09
7791,7.791203e+09
7792,7.792074e+09
7793,7.793054e+09
7794,7.794674e+09
7795,7.795471e+09
7796,7.796409e+09
7797,7.797888e+09
7798,7.798757e+09
7799,7.799394e+09
7800,7.800128e+09
7801,7.801447e+09
7802,7.802672e+09
7803,7.803624e+09
7804,7.804851e+09
7805,7.805053e+09
7806,7.806799e+09
7807,7.807499e+09
7808,7.808667e+09
7809,7.809715e+09
7810,7.810436e+09
7811,7.811547e+09
7812,7.812973e+09
7813,7.813264e+09
7814,7.814794e+09
7815,7.815824e+09
7816,7.816045e+09
7817,7.817218e+09
7818,7.818277e+09
7819,7.819303e+09
7820,7.820370e+09
7821,7.821226e+09
7822,7.822940e+09
7823,7.823198e+09
7824,7.824236e+09
7825,7.825303e+09
7826,7.826818e+09
7827,7.827073e+09
7828,7.828323e+09
7829,7.829816e+09
7830,7.830139e+09
7831,7.831163e+09
7832,7.832630e+09
7833,7.833130e+09
7834,7.834457e+09
7835,7.835151e+09
7836,7.836389e+09
7837,7.837908e+09
7838,7.838325e+09
7839,7.839021e+09
7840,7.840109e+09
7841,7.841872e+09
7842,7.842074e+09
7843,7.843820e+09
7844,7.844098e+09
7845,7.845121e+09
7846,7.846973e+09
7847,7.847912e+09
7848,7.848468e+09
7849,7.849789e+09
7850,7.850888e+09
7851,7.851348e+09
7852,7.852773e+09
7853,7.853287e+09
7854,7.854506e+09
7855,7.855984e+09
7856,7.856975e+09
7857,7.857887e+09
7858,7.858545e+09
7859,7.859015e+09
7860,7.860091e+09
7861,7.861067e+09
7862,7.862103e+09
7863,7.863938e+09
7864,7.864552e+09
7865,7.865862e+09
7866,7.866629e+09
7867,7.867265e+09
7868,7.868847e+09
7869,7.869911e+09
7870,7.870040e+09
7871,7.871825e+09
7872,7.872034e+09
7873,7.873995e+09
7874,7.874285e+09
7875,7.875339e+09
7876,7.876654e+09
7877,7.877733e+09
7878,7.878674e+09
7879,7.879149e+09
7880,7.880453e+09
7881,7.881888e+09
7882,7.882019e+09
7883,7.883368e+09
7884,7.884094e+09
7885,7.885209e+09
7886,7.886269e+09
7887,7.887932e+09
7888,7.888140e+09
7889,7.889946e+09
7890,7.890628e+09
7891,7.891728e+09
7892,7.892465e+09
7893,7.893491e+09
7894,7.894839e+09
7895,7.895931e+09
7896,7.896486e+09
7897,7.897956e+09
7898,7.898300e+09
7899,7.899555e+09
7900,7.900152e+09
7901,7.901193e+09
7902,7.902977e+09
7903,7.903598e+09
7904,7.904394e+09
7905,7.905577e+09
7906,7.906473e+09
7907,7.907263e+09
7908,7.908649e+09
7909,7.909080e+09
7910,7.910680e+09
7911,7.911319e+09
7912,7.912995e+09
7913,7.913742e+09
7914,7.914181e+09
7915,7.915121e+09
7916,7.916938e+09
7917,7.917560e+09
7918,7.918992e+09
7919,7.919617e+09
7920,7.920551e+09
7921,7.921953e+09
7922,7.922941e+09
7923,7.923717e+09
7924,7.924359e+09
7925,7.925872e+09
7926,7.926721e+09
7927,7.927579e+09
7928,7.928586e+09
7929,7.929471e+09
7930,7.930168e+09
7931,7.931920e+09
7932,7.932492e+09
7933,7.933073e+09
7934,7.934492e+09
7935,7.935106e+09
7936,7.936991e+09
7937,7.937115e+09
7938,7.938797e+09
7939,7.939979e+09
7940,7.940394e+09
7941,7.941844e+09
7942,7.942184e+09
7943,7.943106e+09
7944,7.944178e+09
7945,7.945274e+09
7946,7.946181e+09
7947,7.947709e+09
7948,7.948355e+09
7949,7.949518e+09
7950,7.950843e+09
7951,7.951681e+09
7952,7.952333e+09
7953,7.953462e+09
7954,7.954333e+09
7955,7.955428e+09
7956,7.956520e+09
7957,7.957795e+09
7958,7.958016e+09
7959,7.959238e+09
7960,7.960294e+09
7961,7.961956e+09
7962,7.962125e+09
7963,7.963685e+09
7964,7.964116e+09
7965,7.965037e+09
7966,7.966381e+09
7967,7.967023e+09
7968,7.968869e+09
7969,7.969937e+09
7970,7.970914e+09
7971,7.971681e+09
7972,7.972559e+09
7973,7.973200e+09
7974,7.974757e+09
7975,7.975853e+09
7976,7.976257e+09
7977,7.977693e+09
7978,7.978325e+09
7979,7.979988e+09
7980,7.980393e+09
7981,7.981066e+09
7982,7.982381e+09
7983,7.983486e+09
7984,7.984114e+09
7985,7.985528e+09
7986,7.986492e+09
7987,7.987788e+09
7988,7.988358e+09
7989,7.989813e+09
7990,7.990422e+09
7991,7.991204e+09
7992,7.992107e+09
7993,7.993902e+09
7994,7.994252e+09
7995,7.995129e+09
7996,7.996154e+09
7997,7.997631e+09
7998,7.998812e+09
7999,7.999017e+09
8000,8.000528e+09
8001,8.001192e+09
8002,8.002109e+09
8003,8.003740e+09
8004,8.004250e+09
8005,8.005877e+09
8006,8.006673e+09
8007,8.007494e+09
8008,8.008008e+09
8009,8.009168e+09
8010,8.010377e+09
8011,8.011796e+09
8012,8.012905e+09
8013,8.013895e+09
8014,8.014958e+09
8015,8.015007e+09
8016,8.016068e+09
8017,8.017021e+09
8018,8.018318e+09
8019,8.019397e+09
8020,8.020630e+09
8021,8.021303e+09
8022,8.022473e+09
8023,8.023936e+09
8024,8.024776e+09
8025,8.025223e+09
8026,8.026114e+09
8027,8.027004e+09
8028,8.028824e+09
8029,8.029592e+09
8030,8.030843e+09
8031,8.031847e+09
8032,8.032517e+09
8033,8.033847e+09
8034,8.034867e+09
8035,8.035144e+09
8036,8.036171e+09
8037,8.037349e+09
8038,8.038395e+09
8039,8.039216e+09
8040,8.040627e+09
8041,8.041800e+09
8042,8.042472e+09
8043,8.043789e+09
8044,8.044138e+09
8045,8.045321e+09
8046,8.046140e+09
8047,8.047887e+09
8048,8.048002e+09
8049,8.049576e+09
8050,8.050959e+09
8051,8.051210e+09
8052,8.052782e+09
8053,8.053758e+09
8054,8.054037e+09
8055,8.055388e+09
8056,8.056399e+09
8057,8.057777e+09
8058,8.058421e+09
8059,8.059192e+09
8060,8.060639e+09
8061,8.061179e+09
8062,8.062737e+09
8063,8.063721e+09
8064,8.064136e+09
8065,8.065052e+09
8066,8.066413e+09
8067,8.067605e+09
8068,8.068686e+09
8069,8.069006e+09
8070,8.070580e+09
8071,8.071202e+09
8072,8.072685e+09
8073,8.073651e+09
8074,8.074855e+09
8075,8.075451e+09
8076,8.076899e+09
8077,8.077778e+09
8078,8.078393e+09
8079,8.079641e+09
8080,8.080800e+09
8081,8.081668e+09
8082,8.082542e+09
8083,8.083660e+09
8084,8.084824e+09
8085,8.085794e+09
8086,8.086501e+09
8087,8.087852e+09
8088,8.088649e+09
8089,8.089046e+09
8090,8.090321e+09
8091,8.091982e+09
8092,8.092484e+09
8093,8.093627e+09
8094,8.094039e+09
8095,8.095949e+09
8096,8.096187e+09
8097,8.097349e+09
8098,8.098726e+09
8099,8.099017e+09
8100,8.100972e+09
8101,8.101035e+09
8102,8.102603e+09
8103,8.103813e+09
8104,8.104198e+09
8105,8.105397e+09
8106,8.106069e+09
8107,8.107555e+09
8108,8.108471e+09
8109,8.109456e+09
8110,8.110345e+09
8111,8.111895e+09
8112,8.112397e+09
8113,8.113662e+09
8114,8.114834e+09
8115,8.115402e+09
8116,8.116702e+09
8117,8.117263e+09
8118,8.118528e+09
8119,8.119621e+09
8120,8.120450e+09
8121,8.121427e+09
8122,8.122476e+09
8123,8.123375e+09
8124,8.124381e+09
8125,8.125070e+09
8126,8.126937e+09
8127,8.127248e+09
8128,8.128969e+09
8129,8.129696e+09
8130,8.130785e+09
8131,8.131356e+09
8132,8.132202e+09
8133,8.133119e+09
8134,8.134910e+09
8135,8.135027e+09
8136,8.136631e+09
8137,8.137711e+09
8138,8.138728e+09
8139,8.139811e+09
8140,8.140591e+09
8141,8.141022e+09
8142,8.142710e+09
8143,8.143281e+09
8144,8.144219e+09
8145,8.145693e+09
8146,8.146097e+09
8147,8.147237e+09
8148,8.148787e+09
8149,8.149628e+09
8150,8.150178e+09
8151,8.151265e+09
8152,8.152269e+09
8153,8.153689e+09
8154,8.154976e+09
8155,8.155570e+09
8156,8.156773e+09
8157,8.157461e+09
8158,8.158717e+09
8159,8.159726e+09
8160,8.160186e+09
8161,8.161532e+09
8162,8.162288e+09
8163,8.163096e+09
8164,8.164880e+09
8165,8.165482e+09
8166,8.166003e+09
8167,8.167214e+09
8168,8.168179e+09
8169,8.169320e+09
8170,8.170705e+09
8171,8.171622e+09
8172,8.172297e+09
8173,8.173986e+09
8174,8.174654e+09
8175,8.175229e+09
8176,8.176290e+09
8177,8.177765e+09
8178,8.178233e+09
8179,8.179329e+09
8180,8.180778e+09
8181,8.181545e+09
8182,8.182701e+09
8183,8.183067e+09
8184,8.184908e+09
8185,8.185866e+09
8186,8.186504e+09
8187,8.187625e+09
8188,8.188792e+09
8189,8.189698e+09
8190,8.190043e+09
8191,8.191670e+09
8192,8.192656e+09
8193,8.193928e+09
8194,8.194494e+09
8195,8.195779e+09
8196,8.196110e+09
8197,8.197155e+09
8198,8.198667e+09
8199,8.199559e+09
8200,8.200583e+09
8201,8.201880e+09
8202,8.202255e+09
8203,8.203678e+09
8204,8.204380e+09
8205,8.205704e+09
8206,8.206469e+09
8207,8.207922e+09
8208,8.208657e+09
8209,8.209900e+09
8210,8.210725e+09
8211,8.211210e+09
8212,8.212473e+09
8213,8.213828e+09
8214,8.214162e+09
8215,8.215496e+09
8216,8.216002e+09
8217,8.217294e+09
8218,8.218524e+09
8219,8.219098e+09
8220,8.220225e+09
8221,8.221449e+09
8222,8.222396e+09
8223,8.223644e+09
8224,8.224804e+09
8225,8.225913e+09
8226,8.226901e+09
8227,8.227088e+09
8228,8.228825e+09
8229,8.229918e+09
8230,8.230408e+09
8231,8.231466e+09
8232,8.232074e+09
8233,8.233907e+09
8234,8.234321e+09
8235,8.235650e+09
8236,8.236729e+09
8237,8.237507e+09
8238,8.238455e+09
8239,8.239229e+09
8240,8.240760e+09
8241,8.241207e+09
8242,8.242300e+09
8243,8.243979e+09
8244,8.244362e+09
8245,8.245953e+09
8246,8.246861e+09
8247,8.247013e+09
8248,8.248804e+09
8249,8.249588e+09
8250,8.250578e+09
8251,8.251286e+09
8252,8.252915e+09
8253,8.253421e+09
8254,8.254181e+09
8255,8.255922e+09
8256,8.256722e+09
8257,8.257718e+09
8258,8.258467e+09
8259,8.259351e+09
8260,8.260500e+09
8261,8.261085e+09
8262,8.262490e+09
8263,8.263343e+09
8264,8.264749e+09
8265,8.265939e+09
8266,8.266452e+09
8267,8.267305e+09
8268,8.268042e+09
8269,8.269933e+09
8270,8.270562e+09
8271,8.271929e+09
8272,8.272029e+09
8273,8.273644e+09
8274,8.274635e+09
8275,8.275738e+09
8276,8.276817e+09
8277,8.277290e+09
8278,8.278716e+09
8279,8.279132e+09
8280,8.280122e+09
8281,8.281500e+09
8282,8.282715e+09
8283,8.283842e+09
8284,8.284912e+09
8285,8.285080e+09
8286,8.286994e+09
8287,8.287009e+09
8288,8.288687e+09
8289,8.289735e+09
8290,8.290158e+09
8291,8.291401e+09
8292,8.292852e+09
8293,8.293995e+09
8294,8.294693e+09
8295,8.295172e+09
8296,8.296167e+09
8297,8.297456e+09
8298,8.298833e+09
8299,8.299403e+09
8300,8.300225e+09
8301,8.301077e+09
8302,8.302200e+09
8303,8.303425e+09
8304,8.304520e+09
8305,8.305639e+09
8306,8.306956e+09
8307,8.307312e+09
8308,8.308934e+09
8309,8.309357e+09
8310,8.310321e+09
8311,8.311005e+09
8312,8.312853e+09
8313,8.313455e+09
8314,8.314577e+09
8315,8.315442e+09
8316,8.316442e+09
8317,8.317217e+09
8318,8.318558e+09
8319,8.319002e+09
8320,8.320983e+09
8321,8.321354e+09
8322,8.322418e+09
8323,8.323141e+09
8324,8.324995e+09
8325,8.325221e+09
8326,8.326381e+09
8327,8.327395e+09
8328,8.328833e+09
8329,8.329061e+09
8330,8.330969e+09
8331,8.331968e+09
8332,8.332913e+09
8333,8.333355e+09
8334,8.334844e+09
8335,8.335120e+09
8336,8.336994e+09
8337,8.337272e+09
8338,8.338100e+09
8339,8.339116e+09
8340,8.340044e+09
8341,8.341617e+09
8342,8.342859e+09
8343,8.343794e+09
8344,8.344573e+09
8345,8.345442e+09
8346,8.346941e+09
8347,8.347111e+09
8348,8.348833e+09
8349,8.349479e+09
8350,8.350636e+09
8351,8.351411e+09
8352,8.352329e+09
8353,8.353015e+09
8354,8.354578e+09
8355,8.355576e+09
8356,8.356723e+09
8357,8.357336e+09
8358,8.358444e+09
8359,8.359516e+09
8360,8.360842e+09
8361,8.361964e+09
8362,8.362718e+09
8363,8.363285e+09
8364,8.364553e+09
8365,8.365684e+09
8366,8.366990e+09
8367,8.367175e+09
8368,8.368498e+09
8369,8.369787e+09
8370,8.370810e+09
8371,8.371521e+09
8372,8.372306e+09
8373,8.373546e+09
8374,8.374443e+09
8375,8.375462e+09
8376,8.376821e+09
8377,8.377379e+09
8378,8.378653e+09
8379,8.379575e+09
8380,8.380837e+09
8381,8.381902e+09
8382,8.382065e+09
8383,8.383824e+09
8384,8.384312e+09
8385,8.385873e+09
8386,8.386086e+09
8387,8.387857e+09
8388,8.388541e+09
8389,8.389585e+09
8390,8.390292e+09
8391,8.391912e+09
8392,8.392083e+09
8393,8.393488e+09
8394,8.394205e+09
8395,8.395545e+09
8396,8.396075e+09
8397,8.397884e+09
8398,8.398448e+09
8399,8.399588e+09
8400,8.400905e+09
8401,8.401164e+09
8402,8.402242e+09
8403,8.403348e+09
8404,8.404935e+09
8405,8.405850e+09
8406,8.406814e+09
8407,8.407441e+09
8408,8.408805e+09
8409,8.409989e+09
8410,8.410978e+09
8411,8.411270e+09
8412,8.412629e+09
8413,8.413844e+09
8414,8.414971e+09
8415,8.415545e+09
8416,8.416328e+09
8417,8.417259e+09
8418,8.418300e+09
8419,8.419138e+09
8420,8.420902e+09
8421,8.421910e+09
8422,8.422235e+09
8423,8.423888e+09
8424,8.424528e+09
8425,8.425608e+09
8426,8.426180e+09
8427,8.427943e+09
8428,8.428025e+09
8429,8.429277e+09
8430,8.430988e+09
8431,8.431602e+09
8432,8.432302e+09
8433,8.433911e+09
8434,8.434801e+09
8435,8.435681e+09
8436,8.436452e+09
8437,8.437581e+09
8438,8.438389e+09
8439,8.439347e+09
8440,8.440271e+09
8441,8.441413e+09
8442,8.442309e+09
8443,8.443968e+09
8444,8.444869e+09
8445,8.445674e+09
8446,8.446262e+09
8447,8.447525e+09
8448,8.448401e+09
8449,8.449016e+09
8450,8.450670e+09
8451,8.451996e+09
8452,8.452150e+09
8453,8.453800e+09
8454,8.454881e+09
8455,8.455260e+09
8456,8.456337e+09
8457,8.457452e+09
8458,8.458240e+09
8459,8.459805e+09
8460,8.460832e+09
8461,8.461784e+09
8462,8.462333e+09
8463,8.463250e+09
8464,8.464575e+09
8465,8.465365e+09
8466,8.466865e+09
8467,8.467179e+09
8468,8.468634e+09
8469,8.469809e+09
8470,8.470029e+09
8471,8.471434e+09
8472,8.472536e+09
8473,8.473074e+09
8474,8.474251e+09
8475,8.475854e+09
8476,8.476157e+09
8477,8.477518e+09
8478,8.478134e+09
8479,8.479486e+09
8480,8.480918e+09
8481,8.481723e+09
8482,8.482182e+09
8483,8.483740e+09
8484,8.484635e+09
8485,8.485406e+09
8486,8.486773e+09
8487,8.487374e+09
8488,8.488992e+09
8489,8.489539e+09
8490,8.490308e+09
8491,8.491833e+09
8492,8.492233e+09
8493,8.493473e+09
8494,8.494696e+09
8495,8.495361e+09
8496,8.496550e+09
8497,8.497499e+09
8498,8.498454e+09
8499,8.499020e+09
8500,8.500751e+09
8501,8.501059e+09
8502,8.502728e+09
8503,8.503736e+09
8504,8.504743e+09
8505,8.505852e+09
8506,8.506783e+09
8507,8.507064e+09
8508,8.508479e+09
8509,8.509395e+09
8510,8.510492e+09
8511,8.511464e+09
8512,8.512585e+09
8513,8.513136e+09
8514,8.514251e+09
8515,8.515445e+09
8516,8.516882e+09
8517,8.517506e+09
8518,8.518896e+09
8519,8.519018e+09
8520,8.520675e+09
8521,8.521383e+09
8522,8.522758e+09
8523,8.523106e+09
8524,8.524187e+09
8525,8.525641e+09
8526,8.526124e+09
8527,8.527875e+09
8528,8.528815e+09
8529,8.529451e+09
8530,8.530448e+09
8531,8.531876e+09
8532,8.532281e+09
8533,8.533958e+09
8534,8.534640e+09
8535,8.535556e+09
8536,8.536620e+09
8537,8.537012e+09
8538,8.538171e+09
8539,8.539954e+09
8540,8.540168e+09
8541,8.541068e+09
8542,8.542771e+09
8543,8.543751e+09
8544,8.544161e+09
8545,8.545361e+09
8546,8.546135e+09
8547,8.547507e+09
8548,8.548830e+09
8549,8.549664e+09
8550,8.550561e+09
8551,8.551440e+09
8552,8.552789e+09
8553,8.553469e+09
8554,8.554780e+09
8555,8.555597e+09
8556,8.556249e+09
8557,8.557304e+09
8558,8.558296e+09
8559,8.559945e+09
8560,8.560343e+09
8561,8.561152e+09
8562,8.562308e+09
8563,8.563472e+09
8564,8.564206e+09
8565,8.565449e+09
8566,8.566416e+09
8567,8.567425e+09
8568,8.568045e+09
8569,8.569366e+09
8570,8.570520e+09
8571,8.571175e+09
8572,8.572782e+09
8573,8.573827e+09
8574,8.574429e+09
8575,8.575014e+09
8576,8.576239e+09
8577,8.577632e+09
8578,8.578904e+09
8579,8.579950e+09
8580,8.580885e+09
8581,8.581462e+09
8582,8.582526e+09
8583,8.583078e+09
8584,8.584204e+09
8585,8.585426e+09
8586,8.586509e+09
8587,8.587131e+09
8588,8.588107e+09
8589,8.589920e+09
8590,8.590470e+09
8591,8.591137e+09
8592,8.592597e+09
8593,8.593722e+09
8594,8.594334e+09
8595,8.595142e+09
8596,8.596838e+09
8597,8.597984e+09
8598,8.598755e+09
8599,8.599660e+09
8600,8.600350e+09
8601,8.601229e+09
8602,8.602998e+09
8603,8.603436e+09
8604,8.604802e+09
8605,8.605586e+09
8606,8.606548e+09
8607,8.607182e+09
8608,8.608349e+09
8609,8.609049e+09
8610,8.610842e+09
8611,8.611463e+09
8612,8.612122e+09
8613,8.613012e+09
8614,8.614945e+09
8615,8.615576e+09
8616,8.616553e+09
8617,8.617560e+09
8618,8.618939e+09
8619,8.619749e+09
8620,8.620801e+09
8621,8.621215e+09
8622,8.622675e+09
8623,8.623846e+09
8624,8.624156e+09
8625,8.625774e+09
8626,8.626421e+09
8627,8.627554e+09
8628,8.628749e+09
8629,8.629466e+09
8630,8.630830e+09
8631,8.631204e+09
8632,8.632820e+09
8633,8.633165e+09
8634,8.634046e+09
8635,8.635845e+09
8636,8.636389e+09
8637,8.637842e+09
8638,8.638243e+09
8639,8.639476e+09
8640,8.640278e+09
8641,8.641557e+09
8642,8.642966e+09
8643,8.643302e+09
8644,8.644452e+09
8645,8.645468e+09
8646,8.646321e+09
8647,8.647794e+09
8648,8.648812e+09
8649,8.649818e+09
8650,8.650080e+09
8651,8.651321e+09
8652,8.652953e+09
8653,8.653803e+09
8654,8.654861e+09
8655,8.655915e+09
8656,8.656054e+09
8657,8.657196e+09
8658,8.658171e+09
8659,8.659650e+09
8660,8.660079e+09
8661,8.661787e+09
8662,8.662087e+09
8663,8.663307e+09
8664,8.664100e+09
8665,8.665892e+09
8666,8.666241e+09
8667,8.667404e+09
8668,8.668466e+09
8669,8.669893e+09
8670,8.670049e+09
8671,8.671387e+09
8672,8.672530e+09
8673,8.673604e+09
8674,8.674517e+09
8675,8.675184e+09
8676,8.676285e+09
8677,8.677269e+09
8678,8.678420e+09
8679,8.679954e+09
8680,8.680754e+09
8681,8.681731e+09
8682,8.682286e+09
8683,8.683553e+09
8684,8.684462e+09
8685,8.685554e+09
8686,8.686797e+09
8687,8.687057e+09
8688,8.688123e+09
8689,8.689815e+09
8690,8.690378e+09
8691,8.691316e+09
8692,8.692520e+09
8693,8.693943e+09
8694,8.694165e+09
8695,8.695940e+09
8696,8.696873e+09
8697,8.697263e+09
8698,8.698702e+09
8699,8.699426e+09
8700,8.700250e+09
8701,8.701684e+09
8702,8.702539e+09
8703,8.703630e+09
8704,8.704659e+09
8705,8.705353e+09
8706,8.706753e+09
8707,8.707895e+09
8708,8.708497e+09
8709,8.709338e+09
8710,8.710078e+09
8711,8.711632e+09
8712,8.712743e+09
8713,8.713276e+09
8714,8.714068e+09
8715,8.715094e+09
8716,8.716354e+09
8717,8.717767e+09
8718,8.718433e+09
8719,8.719054e+09
8720,8.720685e+09
8721,8.721228e+09
8722,8.722678e+09
8723,8.723819e+09
8724,8.724456e+09
8725,8.725653e+09
8726,8.726543e+09
8727,8.727633e+09
8728,8.728196e+09
8729,8.729206e+09
8730,8.730581e+09
8731,8.731364e+09
8732,8.732210e+09
8733,8.733584e+09
8734,8.734043e+09
8735,8.735042e+09
8736,8.736243e+09
8737,8.737563e+09
8738,8.738042e+09
8739,8.739197e+09
8740,8.740228e+09
8741,8.741067e+09
8742,8.742317e+09
8743,8.743688e+09
8744,8.744929e+09
8745,8.745152e+09
8746,8.746261e+09
8747,8.747321e+09
8748,8.748813e+09
8749,8.749912e+09
8750,8.750629e+09
8751,8.751952e+09
8752,8.752470e+09
8753,8.753761e+09
8754,8.754529e+09
8755,8.755718e+09
8756,8.756403e+09
8757,8.757006e+09
8758,8.758945e+09
8759,8.759784e+09
8760,8.760466e+09
8761,8.761510e+09
8762,8.762503e+09
8763,8.763076e+09
8764,8.764888e+09
8765,8.765137e+09
8766,8.766186e+09
8767,8.767155e+09
8768,8.768487e+09
8769,8.769429e+09
8770,8.770545e+09
8771,8.771319e+09
8772,8.772400e+09
8773,8.773777e+09
8774,8.774339e+09
8775,8.775033e+09
8776,8.776544e+09
8777,8.777916e+09
8778,8.778008e+09
8779,8.779448e+09
8780,8.780100e+09
8781,8.781082e+09
8782,8.782688e+09
8783,8.783317e+09
8784,8.784232e+09
8785,8.785090e+09
8786,8.786514e+09
8787,8.787481e+09
8788,8.788825e+09
8789,8.789701e+09
8790,8.790356e+09
8791,8.791709e+09
8792,8.792188e+09
8793,8.793878e+09
8794,8.794527e+09
8795,8.795081e+09
8796,8.796222e+09
8797,8.797308e+09
8798,8.798811e+09
8799,8.799177e+09
8800,8.800934e+09
8801,8.801618e+09
8802,8.802047e+09
8803,8.803745e+09
8804,8.804412e+09
8805,8.805775e+09
8806,8.806788e+09
8807,8.807114e+09
8808,8.808974e+09
8809,8.809595e+09
8810,8.810566e+09
8811,8.811625e+09
8812,8.812532e+09
8813,8.813749e+09
8814,8.814287e+09
8815,8.815721e+09
8816,8.816541e+09
8817,8.817593e+09
8818,8.818498e+09
8819,8.819863e+09
8820,8.820582e+09
8821,8.821091e+09
8822,8.822179e+09
8823,8.823896e+09
8824,8.824678e+09
8825,8.825614e+09
8826,8.826423e+09
8827,8.827238e+09
8828,8.828546e+09
8829,8.829394e+09
8830,8.830878e+09
8831,8.831560e+09
8832,8.832334e+09
8833,8.833186e+09
8834,8.834728e+09
8835,8.835670e+09
8836,8.836374e+09
8837,8.837062e+09
8838,8.838987e+09
8839,8.839174e+09
8840,8.840291e+09
8841,8.841842e+09
8842,8.842487e+09
8843,8.843967e+09
8844,8.844476e+09
8845,8.845821e+09
8846,8.846424e+09
8847,8.847406e+09
8848,8.848579e+09
8849,8.849998e+09
8850,8.850106e+09
8851,8.851862e+09
8852,8.852819e+09
8853,8.853128e+09
8854,8.854881e+09
8855,8.855630e+09
8856,8.856946e+09
8857,8.857874e+09
8858,8.858797e+09
8859,8.859078e+09
8860,8.860428e+09
8861,8.861835e+09
8862,8.862912e+09
8863,8.863655e+09
8864,8.864226e+09
8865,8.865379e+09
8866,8.866861e+09
8867,8.867488e+09
8868,8.868985e+09
8869,8.869464e+09
8870,8.870209e+09
8871,8.871226e+09
8872,8.872085e+09
8873,8.873825e+09
8874,8.874904e+09
8875,8.875463e+09
8876,8.876420e+09
8877,8.877625e+09
8878,8.878885e+09
8879,8.879973e+09
8880,8.880867e+09
8881,8.881945e+09
8882,8.882486e+09
8883,8.883598e+09
8884,8.884209e+09
8885,8.885837e+09
8886,8.886162e+09
8887,8.887083e+09
8888,8.888360e+09
8889,8.889514e+09
8890,8.890570e+09
8891,8.891922e+09
8892,8.892578e+09
8893,8.893648e+09
8894,8.894052e+09
8895,8.895829e+09
8896,8.896713e+09
8897,8.897652e+09
8898,8.898783e+09
8899,8.899454e+09
8900,8.900999e+09
8901,8.901352e+09
8902,8.902633e+09
8903,8.903809e+09
8904,8.904122e+09
8905,8.905022e+09
8906,8.906341e+09
8907,8.907725e+09
8908,8.908251e+09
8909,8.909889e+09
8910,8.910899e+09
8911,8.911166e+09
8912,8.912491e+09
8913,8.913563e+09
8914,8.914670e+09
8915,8.915800e+09
8916,8.916440e+09
8917,8.917523e+09
8918,8.918492e+09
8919,8.919886e+09
8920,8.920884e+09
8921,8.921481e+09
8922,8.922849e+09
8923,8.923846e+09
8924,8.924530e+09
8925,8.925371e+09
8926,8.926095e+09
8927,8.927527e+09
8928,8.928752e+09
8929,8.929795e+09
8930,8.930340e+09
8931,8.931579e+09
8932,8.932382e+09
8933,8.933502e+09
8934,8.934804e+09
8935,8.935319e+09
8936,8.936753e+09
8937,8.937758e+09
8938,8.938599e+09
8939,8.939217e+09
8940,8.940608e+09
8941,8.941421e+09
8942,8.942400e+09
8943,8.943215e+09
8944,8.944559e+09
8945,8.945552e+09
8946,8.946086e+09
8947,8.947401e+09
8948,8.948747e+09
8949,8.949344e+09
8950,8.950988e+09
8951,8.951474e+09
8952,8.952712e+09
8953,8.953119e+09
8954,8.954072e+09
8955,8.955488e+09
8956,8.956041e+09
8957,8.957470e+09
8958,8.958309e+09
8959,8.959325e+09
8960,8.960548e+09
8961,8.961035e+09
8962,8.962118e+09
8963,8.963819e+09
8964,8.964299e+09
8965,8.965116e+09
8966,8.966275e+09
8967,8.967106e+09
8968,8.968327e+09
8969,8.969750e+09
8970,8.970139e+09
8971,8.971831e+09
8972,8.972697e+09
8973,8.973223e+09
8974,8.974623e+09
8975,8.975382e+09
8976,8.976826e+09
8977,8.977596e+09
8978,8.978144e+09
8979,8.979655e+09
8980,8.980032e+09
8981,8.981170e+09
8982,8.982066e+09
8983,8.983752e+09
8984,8.984692e+09
8985,8.985216e+09
8986,8.986894e+09
8987,8.987597e+09
8988,8.988381e+09
8989,8.989254e+09
8990,8.990148e+09
8991,8.991239e+09
8992,8.992732e+09
8993,8.993750e+09
8994,8.994153e+09
8995,8.995270e+09
8996,8.996793e+09
8997,8.997439e+09
8998,8.998055e+09
8999,8.999932e+09
9000,9.000757e+09
9001,9.001307e+09
9002,9.002476e+09
9003,9.003392e+09
9004,9.004044e+09
9005,9.005138e+09
9006,9.006808e+09
9007,9.007903e+09
9008,9.008396e+09
9009,9.009371e+09
9010,9.010044e+09
9011,9.011293e+09
9012,9.012975e+09
9013,9.013490e+09
9014,9.014910e+09
9015,9.015260e+09
9016,9.016824e+09
9017,9.017645e+09
9018,9.018270e+09
9019,9.019173e+09
9020,9.020026e+09
9021,9.021883e+09
9022,9.022457e+09
9023,9.023509e+09
9024,9.024873e+09
9025,9.025608e+09
9026,9.026476e+09
9027,9.027459e+09
9028,9.028896e+09
9029,9.029159e+09
9030,9.030903e+09
9031,9.031970e+09
9032,9.032044e+09
9033,9.033098e+09
9034,9.034548e+09
9035,9.035127e+09
9036,9.036426e+09
9037,9.037776e+09
9038,9.038966e+09
9039,9.039192e+09
9040,9.040514e+09
9041,9.041949e+09
9042,9.042549e+09
9043,9.043464e+09
9044,9.044807e+09
9045,9.045371e+09
9046,9.046947e+09
9047,9.047477e+09
9048,9.048712e+09
9049,9.049210e+09
9050,9.050772e+09
9051,9.051829e+09
9052,9.052667e+09
9053,9.053061e+09
9054,9.054219e+09
9055,9.055409e+09
9056,9.056046e+09
9057,9.057170e+09
9058,9.058118e+09
9059,9.059816e+09
9060,9.060522e+09
9061,9.061157e+09
9062,9.062454e+09
9063,9.063217e+09
9064,9.064707e+09
9065,9.065756e+09
9066,9.066740e+09
9067,9.067334e+09
9068,9.068664e+09
9069,9.069290e+09
9070,9.070731e+09
9071,9.071367e+09
9072,9.072482e+09
9073,9.073369e+09
9074,9.074213e+09
9075,9.075143e+09
9076,9.076359e+09
9077,9.077005e+09
9078,9.078126e+09
9079,9.079630e+09
9080,9.080513e+09
9081,9.081733e+09
9082,9.082916e+09
9083,9.083537e+09
9084,9.084741e+09
9085,9.085936e+09
9086,9.086381e+09
9087,9.087344e+09
9088,9.088832e+09
9089,9.089986e+09
9090,9.090234e+09
9091,9.091554e+09
9092,9.092711e+09
9093,9.093993e+09
9094,9.094546e+09
9095,9.095135e+09
9096,9.096080e+09
9097,9.097902e+09
9098,9.098385e+09
9099,9.099254e+09
9100,9.100922e+09
9101,9.101398e+09
9102,9.102930e+09
9103,9.103756e+09
9104,9.104332e+09
9105,9.105211e+09
9106,9.106377e+09
9107,9.107738e+09
9108,9.108250e+09
9109,9.109326e+09
9110,9.110940e+09
9111,9.111626e+09
9112,9.112082e+09
9113,9.113001e+09
9114,9.114600e+09
9115,9.115343e+09
9116,9.116591e+09
9117,9.117829e+09
9118,9.118362e+09
9119,9.119115e+09
9120,9.120588e+09
9121,9.121276e+09
9122,9.122857e+09
9123,9.123747e+09
9124,9.124365e+09
9125,9.125958e+09
9126,9.126578e+09
9127,9.127446e+09
9128,9.128179e+09
9129,9.129760e+09
9130,9.130197e+09
9131,9.131713e+09
9132,9.132960e+09
9133,9.133609e+09
9134,9.134075e+09
9135,9.135287e+09
9136,9.136400e+09
9137,9.137418e+09
9138,9.138329e+09
9139,9.139579e+09
9140,9.140638e+09
9141,9.141690e+09
9142,9.142247e+09
9143,9.143580e+09
9144,9.144088e+09
9145,9.145963e+09
9146,9.146650e+09
9147,9.147889e+09
9148,9.148910e+09
9149,9.149210e+09
9150,9.150944e+09
9151,9.151155e+09
9152,9.152164e+09
9153,9.153756e+09
9154,9.154244e+09
9155,9.155091e+09
9156,9.156628e+09
9157,9.157784e+09
9158,9.158168e+09
9159,9.159853e+09
9160,9.160864e+09
9161,9.161814e+09
9162,9.162142e+09
9163,9.163136e+09
9164,9.164464e+09
9165,9.165864e+09
9166,9.166968e+09
9167,9.167012e+09
9168,9.168471e+09
9169,9.169399e+09
9170,9.170214e+09
9171,9.171889e+09
9172,9.172795e+09
9173,9.173173e+09
9174,9.174707e+09
9175,9.175862e+09
9176,9.176496e+09
9177,9.177062e+09
9178,9.178651e+09
9179,9.179848e+09
9180,9.180642e+09
9181,9.181107e+09
9182,9.182981e+09
9183,9.183067e+09
9184,9.184378e+09
9185,9.185747e+09
9186,9.186423e+09
9187,9.187086e+09
9188,9.188482e+09
9189,9.189263e+09
9190,9.190882e+09
9191,9.191292e+09
9192,9.192267e+09
9193,9.193872e+09
9194,9.194989e+09
9195,9.195308e+09
9196,9.196934e+09
9197,9.197741e+09
9198,9.198527e+09
9199,9.199917e+09
9200,9.200091e+09
9201,9.201762e+09
9202,9.202082e+09
9203,9.203329e+09
9204,9.204457e+09
9205,9.205462e+09
9206,9.206472e+09
9207,9.207577e+09
9208,9.208946e+09
9209,9.209847e+09
9210,9.210992e+09
9211,9.211709e+09
9212,9.212896e+09
9213,9.213083e+09
9214,9.214889e+09
9215,9.215144e+09
9216,9.216233e+09
9217,9.217117e+09
9218,9.218466e+09
9219,9.219456e+09
9220,9.220658e+09
9221,9.221635e+09
9222,9.222704e+09
9223,9.223382e+09
9224,9.224543e+09
9225,9.225088e+09
9226,9.226424e+09
9227,9.227573e+09
9228,9.228452e+09
9229,9.229852e+09
9230,9.230045e+09
9231,9.231975e+09
9232,9.232899e+09
9233,9.233462e+09
9234,9.234947e+09
9235,9.235284e+09
9236,9.236778e+09
9237,9.237884e+09
9238,9.238799e+09
9239,9.239341e+09
9240,9.240506e+09
9241,9.241550e+09
9242,9.242612e+09
9243,9.243120e+09
9244,9.244792e+09
9245,9.245872e+09
9246,9.246072e+09
9247,9.247815e+09
9248,9.248189e+09
9249,9.249170e+09
9250,9.250438e+09
9251,9.251872e+09
9252,9.252366e+09
9253,9.253883e+09
9254,9.254375e+09
9255,9.255590e+09
9256,9.256490e+09
9257,9.257971e+09
9258,9.258906e+09
9259,9.259938e+09
9260,9.260393e+09
9261,9.261605e+09
9262,9.262810e+09
9263,9.263808e+09
9264,9.264368e+09
9265,9.265195e+09
9266,9.266046e+09
9267,9.267215e+09
9268,9.268881e+09
9269,9.269845e+09
9270,9.270637e+09
9271,9.271110e+09
9272,9.272801e+09
9273,9.273886e+09
9274,9.274854e+09
9275,9.275583e+09
9276,9.276843e+09
9277,9.277647e+09
9278,9.278003e+09
9279,9.279915e+09
9280,9.280981e+09
9281,9.281658e+09
9282,9.282946e+09
9283,9.283236e+09
9284,9.284965e+09
9285,9.285739e+09
9286,9.286314e+09
9287,9.287564e+09
9288,9.288112e+09
9289,9.289105e+09
9290,9.290597e+09
9291,9.291470e+09
9292,9.292659e+09
9293,9.293387e+09
9294,9.294852e+09
9295,9.295063e+09
9296,9.296615e+09
9297,9.297479e+09
9298,9.298885e+09
9299,9.299813e+09
9300,9.300781e+09
9301,9.301591e+09
9302,9.302513e+09
9303,9.303622e+09
9304,9.304972e+09
9305,9.305754e+09
9306,9.306871e+09
9307,9.307085e+09
9308,9.308659e+09
9309,9.309195e+09
9310,9.310437e+09
9311,9.311123e+09
9312,9.312764e+09
9313,9.313077e+09
9314,9.314137e+09
9315,9.315325e+09
9316,9.316870e+09
9317,9.317101e+09
9318,9.318523e+09
9319,9.319430e+09
9320,9.320050e+09
9321,9.321097e+09
9322,9.322147e+09
9323,9.323313e+09
9324,9.324318e+09
9325,9.325160e+09
9326,9.326036e+09
9327,9.327522e+09
9328,9.328516e+09
9329,9.329320e+09
9330,9.330142e+09
9331,9.331412e+09
9332,9.332918e+09
9333,9.333683e+09
9334,9.334966e+09
9335,9.335049e+09
9336,9.336068e+09
9337,9.337371e+09
9338,9.338341e+09
9339,9.339338e+09
9340,9.340529e+09
9341,9.341506e+09
9342,9.342234e+09
9343,9.343516e+09
9344,9.344049e+09
9345,9.345104e+09
9346,9.346563e+09
9347,9.347387e+09
9348,9.348359e+09
9349,9.349398e+09
9350,9.350272e+09
9351,9.351209e+09
9352,9.352202e+09
9353,9.353037e+09
9354,9.354562e+09
9355,9.355631e+09
9356,9.356335e+09
9357,9.357819e+09
9358,9.358471e+09
9359,9.359327e+09
9360,9.360046e+09
9361,9.361515e+09
9362,9.362176e+09
9363,9.363755e+09
9364,9.364360e+09
9365,9.365937e+09
9366,9.366313e+09
9367,9.367339e+09
9368,9.368405e+09
9369,9.369663e+09
9370,9.370820e+09
9371,9.371369e+09
9372,9.372105e+09
9373,9.373901e+09
9374,9.374065e+09
9375,9.375273e+09
9376,9.376075e+09
9377,9.377536e+09
9378,9.378376e+09
9379,9.379873e+09
9380,9.380846e+09
9381,9.381347e+09
9382,9.382633e+09
9383,9.383727e+09
9384,9.384301e+09
9385,9.385422e+09
9386,9.386039e+09
9387,9.387694e+09
9388,9.388929e+09
9389,9.389577e+09
9390,9.390372e+09
9391,9.391880e+09
9392,9.392262e+09
9393,9.393517e+09
9394,9.394221e+09
9395,9.395189e+09
9396,9.396608e+09
9397,9.397427e+09
9398,9.398176e+09
9399,9.399597e+09
9400,9.400503e+09
9401,9.401710e+09
9402,9.402524e+09
9403,9.403129e+09
9404,9.404582e+09
9405,9.405014e+09
9406,9.406737e+09
9407,9.407594e+09
9408,9.408007e+09
9409,9.409326e+09
9410,9.410408e+09
9411,9.411739e+09
9412,9.412968e+09
9413,9.413340e+09
9414,9.414093e+09
9415,9.415539e+09
9416,9.416230e+09
9417,9.417773e+09
9418,9.418472e+09
9419,9.419474e+09
9420,9.420440e+09
9421,9.421806e+09
9422,9.422258e+09
9423,9.423880e+09
9424,9.424033e+09
9425,9.425168e+09
9426,9.426244e+09
9427,9.427439e+09
9428,9.428564e+09
9429,9.429341e+09
9430,9.430624e+09
9431,9.431560e+09
9432,9.432127e+09
9433,9.433383e+09
9434,9.434374e+09
9435,9.435446e+09
9436,9.436706e+09
9437,9.437241e+09
9438,9.438190e+09
9439,9.439321e+09
9440,9.440382e+09
9441,9.441279e+09
9442,9.442232e+09
9443,9.443253e+09
9444,9.444421e+09
9445,9.445417e+09
9446,9.446976e+09
9447,9.447929e+09
9448,9.448260e+09
9449,9.449631e+09
9450,9.450511e+09
9451,9.451176e+09
9452,9.452754e+09
9453,9.453356e+09
9454,9.454683e+09
9455,9.455364e+09
9456,9.456423e+09
9457,9.457430e+09
9458,9.458515e+09
9459,9.459801e+09
9460,9.460096e+09
9461,9.461681e+09
9462,9.462694e+09
9463,9.463930e+09
9464,9.464776e+09
9465,9.465832e+09
9466,9.466355e+09
9467,9.467392e+09
9468,9.468074e+09
9469,9.469604e+09
9470,9.470018e+09
9471,9.471871e+09
9472,9.472659e+09
9473,9.473679e+09
9474,9.474252e+09
9475,9.475106e+09
9476,9.476109e+09
9477,9.477610e+09
9478,9.478881e+09
9479,9.479299e+09
9480,9.480882e+09
9481,9.481648e+09
9482,9.482768e+09
9483,9.483610e+09
9484,9.484123e+09
9485,9.485727e+09
9486,9.486637e+09
9487,9.487959e+09
9488,9.488662e+09
9489,9.489381e+09
9490,9.490822e+09
9491,9.491568e+09
9492,9.492524e+09
9493,9.493155e+09
9494,9.494543e+09
9495,9.495056e+09
9496,9.496918e+09
9497,9.497523e+09
9498,9.498302e+09
9499,9.499459e+09
9500,9.500689e+09
9501,9.501702e+09
9502,9.502507e+09
9503,9.503376e+09
9504,9.504556e+09
9505,9.505440e+09
9506,9.506608e+09
9507,9.507618e+09
9508,9.508518e+09
9509,9.509732e+09
9510,9.510357e+09
9511,9.511439e+09
9512,9.512191e+09
9513,9.513065e+09
9514,9.514275e+09
9515,9.515742e+09
9516,9.516472e+09
9517,9.517228e+09
9518,9.518419e+09
9519,9.519679e+09
9520,9.520452e+09
9521,9.521683e+09
9522,9.522692e+09
9523,9.523545e+09
9524,9.524929e+09
9525,9.525030e+09
9526,9.526236e+09
9527,9.527013e+09
9528,9.528740e+09
9529,9.529579e+09
9530,9.530328e+09
9531,9.531058e+09
9532,9.532774e+09
9533,9.533958e+09
9534,9.534974e+09
9535,9.535866e+09
9536,9.536617e+09
9537,9.537023e+09
9538,9.538915e+09
9539,9.539387e+09
9540,9.540265e+09
9541,9.541410e+09
9542,9.542162e+09
9543,9.543088e+09
9544,9.544380e+09
9545,9.545182e+09
9546,9.546817e+09
9547,9.547920e+09
9548,9.548500e+09
9549,9.549369e+09
9550,9.550103e+09
9551,9.551163e+09
9552,9.552694e+09
9553,9.553575e+09
9554,9.554798e+09
9555,9.555522e+09
9556,9.556583e+09
9557,9.557693e+09
9558,9.558844e+09
9559,9.559977e+09
9560,9.560704e+09
9561,9.561676e+09
9562,9.562740e+09
9563,9.563546e+09
9564,9.564306e+09
9565,9.565820e+09
9566,9.566865e+09
9567,9.567620e+09
9568,9.568044e+09
9569,9.569067e+09
9570,9.570750e+09
9571,9.571943e+09
9572,9.572284e+09
9573,9.573065e+09
9574,9.574812e+09
9575,9.575546e+09
9576,9.576056e+09
9577,9.577402e+09
9578,9.578819e+09
9579,9.579998e+09
9580,9.580830e+09
9581,9.581554e+09
9582,9.582172e+09
9583,9.583454e+09
9584,9.584003e+09
9585,9.585718e+09
9586,9.586154e+09
9587,9.587962e+09
9588,9.588097e+09
9589,9.589182e+09
9590,9.590494e+09
9591,9.591541e+09
9592,9.592897e+09
9593,9.593725e+09
9594,9.594632e+09
9595,9.595753e+09
9596,9.596750e+09
9597,9.597797e+09
9598,9.598924e+09
9599,9.599338e+09
9600,9.600250e+09
9601,9.601106e+09
9602,9.602261e+09
9603,9.603611e+09
9604,9.604888e+09
9605,9.605315e+09
9606,9.606776e+09
9607,9.607798e+09
9608,9.608200e+09
9609,9.609196e+09
9610,9.610844e+09
9611,9.611561e+09
9612,9.612012e+09
9613,9.613728e+09
9614,9.614436e+09
9615,9.615041e+09
9616,9.616513e+09
9617,9.617334e+09
9618,9.618151e+09
9619,9.619356e+09
9620,9.620221e+09
9621,9.621921e+09
9622,9.622540e+09
9623,9.623007e+09
9624,9.624190e+09
9625,9.625059e+09
9626,9.626189e+09
9627,9.627059e+09
9628,9.628819e+09
9629,9.629493e+09
9630,9.630034e+09
9631,9.631967e+09
9632,9.632262e+09
9633,9.633324e+09
9634,9.634504e+09
9635,9.635575e+09
9636,9.636210e+09
9637,9.637969e+09
9638,9.638793e+09
9639,9.639741e+09
9640,9.640403e+09
9641,9.641999e+09
9642,9.642507e+09
9643,9.643864e+09
9644,9.644407e+09
9645,9.645473e+09
9646,9.646848e+09
9647,9.647905e+09
9648,9.648740e+09
9649,9.649007e+09
9650,9.650869e+09
9651,9.651586e+09
9652,9.652890e+09
9653,9.653574e+09
9654,9.654139e+09
9655,9.655942e+09
9656,9.656338e+09
9657,9.657993e+09
9658,9.658660e+09
9659,9.659284e+09
9660,9.660707e+09
9661,9.661492e+09
9662,9.662009e+09
9663,9.663118e+09
9664,9.664790e+09
9665,9.665460e+09
9666,9.666841e+09
9667,9.667372e+09
9668,9.668163e+09
9669,9.669598e+09
9670,9.670522e+09
9671,9.671756e+09
9672,9.672699e+09
9673,9.673573e+09
9674,9.674466e+09
9675,9.675108e+09
9676,9.676554e+09
9677,9.677966e+09
9678,9.678320e+09
9679,9.679947e+09
9680,9.680531e+09
9681,9.681303e+09
9682,9.682379e+09
9683,9.683698e+09
9684,9.684788e+09
9685,9.685208e+09
9686,9.686939e+09
9687,9.687544e+09
9688,9.688733e+09
9689,9.689604e+09
9690,9.690590e+09
9691,9.691132e+09
9692,9.692451e+09
9693,9.693830e+09
9694,9.694525e+09
9695,9.695136e+09
9696,9.696711e+09
9697,9.697134e+09
9698,9.698201e+09
9699,9.699246e+09
9700,9.700375e+09
9701,9.701378e+09
9702,9.702772e+09
9703,9.703020e+09
9704,9.704904e+09
9705,9.705192e+09
9706,9.706766e+09
9707,9.707097e+09
9708,9.708965e+09
9709,9.709756e+09
9710,9.710167e+09
9711,9.711453e+09
9712,9.712990e+09
9713,9.713546e+09
9714,9.714514e+09
9715,9.715081e+09
9716,9.716831e+09
9717,9.717531e+09
9718,9.718288e+09
9719,9.719370e+09
9720,9.720807e+09
9721,9.721481e+09
9722,9.722878e+09
9723,9.723780e+09
9724,9.724356e+09
9725,9.725873e+09
9726,9.726463e+09
9727,9.727333e+09
9728,9.728440e+09
9729,9.729988e+09
9730,9.730252e+09
9731,9.731462e+09
9732,9.732887e+09
9733,9.733752e+09
9734,9.734879e+09
9735,9.735545e+09
9736,9.736130e+09
9737,9.737600e+09
9738,9.738282e+09
9739,9.739944e+09
9740,9.740584e+09
9741,9.741198e+09
9742,9.742333e+09
9743,9.743415e+09
9744,9.744798e+09
9745,9.745456e+09
9746,9.746739e+09
9747,9.747015e+09
9748,9.748300e+09
9749,9.749534e+09
9750,9.750316e+09
9751,9.751557e+09
9752,9.752528e+09
9753,9.753814e+09
9754,9.754240e+09
9755,9.755475e+09
9756,9.756627e+09
9757,9.757579e+09
9758,9.758627e+09
9759,9.759519e+09
9760,9.760275e+09
9761,9.761838e+09
9762,9.762957e+09
9763,9.763467e+09
9764,9.764500e+09
9765,9.765861e+09
9766,9.766700e+09
9767,9.767082e+09
9768,9.768191e+09
9769,9.769937e+09
9770,9.770578e+09
9771,9.771490e+09
9772,9.772863e+09
9773,9.773276e+09
9774,9.774535e+09
9775,9.775516e+09
9776,9.776070e+09
9777,9.777650e+09
9778,9.778439e+09
9779,9.779504e+09
9780,9.780741e+09
9781,9.781076e+09
9782,9.782540e+09
9783,9.783027e+09
9784,9.784304e+09
9785,9.785438e+09
9786,9.786087e+09
9787,9.787532e+09
9788,9.788898e+09
9789,9.789213e+09
9790,9.790581e+09
9791,9.791556e+09
9792,9.792170e+09
9793,9.793345e+09
9794,9.794765e+09
9795,9.795624e+09
9796,9.796194e+09
9797,9.797137e+09
9798,9.798644e+09
9799,9.799811e+09
9800,9.800143e+09
9801,9.801870e+09
9802,9.802429e+09
9803,9.803387e+09
9804,9.804384e+09
9805,9.805105e+09
9806,9.806084e+09
9807,9.807530e+09
9808,9.808862e+09
9809,9.809889e+09
9810,9.810008e+09
9811,9.811433e+09
9812,9.812192e+09
9813,9.813678e+09
9814,9.814765e+09
9815,9.815851e+09
9816,9.816710e+09
9817,9.817304e+09
9818,9.818360e+09
9819,9.819092e+09
9820,9.820220e+09
9821,9.821644e+09
9822,9.822075e+09
9823,9.823956e+09
9824,9.824464e+09
9825,9.825109e+09
9826,9.826277e+09
9827,9.827319e+09
9828,9.828783e+09
9829,9.829293e+09
9830,9.830634e+09
9831,9.831777e+09
9832,9.832315e+09
9833,9.833549e+09
9834,9.834918e+09
9835,9.835629e+09
9836,9.836452e+09
9837,9.837863e+09
9838,9.838710e+09
9839,9.839950e+09
9840,9.840028e+09
9841,9.841968e+09
9842,9.842803e+09
9843,9.843447e+09
9844,9.844561e+09
9845,9.845677e+09
9846,9.846254e+09
9847,9.847667e+09
9848,9.848089e+09
9849,9.849193e+09
9850,9.850633e+09
9851,9.851860e+09
9852,9.852961e+09
9853,9.853324e+09
9854,9.854293e+09
9855,9.855967e+09
9856,9.856642e+09
9857,9.857713e+09
9858,9.858311e+09
9859,9.859842e+09
9860,9.860566e+09
9861,9.861964e+09
9862,9.862579e+09
9863,9.863355e+09
9864,9.864945e+09
9865,9.865875e+09
9866,9.866637e+09
9867,9.867927e+09
9868,9.868933e+09
9869,9.869772e+09
9870,9.870436e+09
9871,9.871580e+09
9872,9.872364e+09
9873,9.873660e+09
9874,9.874207e+09
9875,9.875515e+09
9876,9.876760e+09
9877,9.877272e+09
9878,9.878859e+09
9879,9.879259e+09
9880,9.880082e+09
9881,9.881598e+09
9882,9.882964e+09
9883,9.883424e+09
9884,9.884634e+09
9885,9.885370e+09
9886,9.886878e+09
9887,9.887273e+09
9888,9.888628e+09
9889,9.889250e+09
9890,9.890437e+09
9891,9.891724e+09
9892,9.892261e+09
9893,9.893937e+09
9894,9.894249e+09
9895,9.895917e+09
9896,9.896174e+09
9897,9.897320e+09
9898,9.898718e+09
9899,9.899517e+09
9900,9.900828e+09
9901,9.901770e+09
9902,9.902053e+09
9903,9.903122e+09
9904,9.904994e+09
9905,9.905828e+09
9906,9.906713e+09
9907,9.907830e+09
9908,9.908365e+09
9909,9.909139e+09
9910,9.910215e+09
9911,9.911136e+09
9912,9.912979e+09
9913,9.913051e+09
9914,9.914167e+09
9915,9.915022e+09
9916,9.916827e+09
9917,9.917332e+09
9918,9.918065e+09
9919,9.919253e+09
9920,9.920303e+09
9921,9.921256e+09
9922,9.922967e+09
9923,9.923142e+09
9924,9.924054e+09
9925,9.925816e+09
9926,9.926629e+09
9927,9.927070e+09
9928,9.928195e+09
9929,9.929873e+09
9930,9.930027e+09
9931,9.931486e+09
9932,9.932131e+09
9933,9.933232e+09
9934,9.934773e+09
9935,9.935777e+09
9936,9.936775e+09
9937,9.937197e+09
9938,9.938343e+09
9939,9.939829e+09
9940,9.940084e+09
9941,9.941099e+09
9942,9.942735e+09
9943,9.943313e+09
9944,9.944224e+09
9945,9.945665e+09
9946,9.946333e+09
9947,9.947661e+09
9948,9.948892e+09
9949,9.949157e+09
9950,9.950139e+09
9951,9.951178e+09
9952,9.952705e+09
9953,9.953649e+09
9954,9.954307e+09
9955,9.955649e+09
9956,9.956919e+09
9957,9.957294e+09
9958,9.958874e+09
9959,9.959238e+09
9960,9.960227e+09
9961,9.961357e+09
9962,9.962038e+09
9963,9.963972e+09
9964,9.964365e+09
9965,9.965270e+09
9966,9.966289e+09
9967,9.967719e+09
9968,9.968588e+09
9969,9.969060e+09
9970,9.970718e+09
9971,9.971697e+09
9972,9.972001e+09
9973,9.973404e+09
9974,9.974336e+09
9975,9.975654e+09
9976,9.976615e+09
9977,9.977068e+09
9978,9.978764e+09
9979,9.979049e+09
9980,9.980974e+09
9981,9.981292e+09
9982,9.982350e+09
9983,9.983805e+09
9984,9.984507e+09
9985,9.985884e+09
9986,9.986610e+09
9987,9.987032e+09
9988,9.988039e+09
9989,9.989455e+09
9990,9.990466e+09
9991,9.991273e+09
9992,9.992130e+09
9993,9.993502e+09
9994,9.994963e+09
9995,9.995588e+09
9996,9.996065e+09
9997,9.997369e+09
9998,9.998954e+09
9999,9.999838e+09
10000,1.000060e+10
10001,1.000182e+10
10002,1.000295e+10
10003,1.000391e+10
10004,1.000468e+10
10005,1.000556e+10
10006,1.000670e+10
10007,1.000792e+10
10008,1.000816e+10
10009,1.000997e+10
10010,1.001013e+10
10011,1.001105e+10
10012,1.001242e+10
10013,1.001381e+10
10014,1.001408e+10
10015,1.001593e+10
10016,1.001681e+10
10017,1.001708e+10
10018,1.001824e+10
10019,1.001930e+10
10020,1.002016e+10
10021,1.002196e+10
10022,1.002229e+10
10023,1.002400e+10
10024,1.002435e+10
10025,1.002555e+10
10026,1.002635e+10
10027,1.002719e+10
10028,1.002845e+10
10029,1.002955e+10
10030,1.003003e+10
10031,1.003125e+10
10032,1.003246e+10
10033,1.003396e+10
10034,1.003490e+10
10035,1.003562e+10
10036,1.003684e+10
10037,1.003735e+10
10038,1.003863e+10
10039,1.003928e+10
10040,1.004075e+10
10041,1.004195e+10
10042,1.004279e+10
10043,1.004355e+10
10044,1.004456e+10
10045,1.004591e+10
10046,1.004651e+10
10047,1.004797e+10
10048,1.004881e+10
10049,1.004976e+10
10050,1.005083e+10
10051,1.005131e+10
10052,1.005217e+10
10053,1.005368e+10
10054,1.005490e+10
10055,1.005517e+10
10056,1.005660e+10
10057,1.005711e+10
10058,1.005809e+10
10059,1.005936e+10
10060,1.006033e+10
10061,1.006190e+10
10062,1.006241e+10
10063,1.006390e+10
10064,1.006444e+10
10065,1.006573e+10
10066,1.006681e+10
10067,1.006710e+10
10068,1.006822e+10
10069,1.006966e+10
10070,1.007025e+10
10071,1.007101e+10
10072,1.007273e+10
10073,1.007357e+10
10074,1.007477e+10
10075,1.007594e+10
10076,1.007634e+10
10077,1.007766e+10
10078,1.007876e+10
10079,1.007952e+10
10080,1.008085e+10
10081,1.008189e+10
10082,1.008235e+10
10083,1.008377e+10
10084,1.008416e+10
10085,1.008516e+10
10086,1.008615e+10
10087,1.008789e+10
10088,1.008801e+10
10089,1.008974e+10
10090,1.009057e+10
10091,1.009135e+10
10092,1.009297e+10
10093,1.009376e+10
10094,1.009467e+10
10095,1.009505e+10
10096,1.009664e+10
10097,1.009704e+10
10098,1.009825e+10
10099,1.009904e+10
10100,1.010041e+10
10101,1.010174e+10
10102,1.010215e+10
10103,1.010360e+10
10104,1.010491e+10
10105,1.010556e+10
10106,1.010646e+10
10107,1.010717e+10
10108,1.010831e+10
10109,1.010912e+10
10110,1.011020e+10
10111,1.011167e+10
10112,1.011240e+10
10113,1.011398e+10
10114,1.011408e+10
10115,1.011552e+10
10116,1.011632e+10
10117,1.011798e+10
10118,1.011861e+10
10119,1.011941e+10
10120,1.012055e+10
10121,1.012149e+10
10122,1.012221e+10
10123,1.012400e+10
10124,1.012489e+10
10125,1.012533e+10
10126,1.012693e+10
10127,1.012731e+10
10128,1.012834e+10
10129,1.012924e+10
10130,1.013057e+10
10131,1.013184e+10
10132,1.013245e+10
10133,1.013354e+10
10134,1.013468e+10
10135,1.013534e+10
10136,1.013634e+10
10137,1.013709e+10
10138,1.013871e+10
10139,1.013923e+10
10140,1.014004e+10
10141,1.014105e+10
10142,1.014200e+10
10143,1.014357e+10
10144,1.014423e+10
10145,1.014542e+10
10146,1.014668e+10
10147,1.014732e+10
10148,1.014833e+10
10149,1.014996e+10
10150,1.015021e+10
10151,1.015153e+10
10152,1.015230e+10
10153,1.015374e+10
10154,1.015457e+10
10155,1.015540e+10
10156,1.015609e+10
10157,1.015760e+10
10158,1.015878e+10
10159,1.015985e+10
10160,1.016018e+10
10161,1.016199e+10
10162,1.016289e+10
10163,1.016305e+10
10164,1.016483e+10
10165,1.016528e+10
10166,1.016658e+10
10167,1.016783e+10
10168,1.016847e+10
10169,1.016955e+10
10170,1.017084e+10
10171,1.017151e+10
10172,1.017257e+10
10173,1.017330e+10
10174,1.017462e+10
10175,1.017520e+10
10176,1.017607e+10
10177,1.017776e+10
10178,1.017810e+10
10179,1.017950e+10
10180,1.018050e+10
10181,1.018146e+10
10182,1.018290e+10
10183,1.018309e+10
10184,1.018467e+10
10185,1.018554e+10
10186,1.018699e+10
10187,1.018724e+10
10188,1.018884e+10
10189,1.018962e+10
10190,1.019023e+10
10191,1.019103e+10
10192,1.019299e+10
10193,1.019348e+10
10194,1.019483e+10
10195,1.019554e+10
10196,1.019684e+10
10197,1.019706e+10
10198,1.019839e+10
10199,1.019919e+10
10200,1.020066e+10
10201,1.020177e+10
10202,1.020200e+10
10203,1.020372e+10
10204,1.020483e+10
10205,1.020514e+10
10206,1.020628e+10
10207,1.020762e+10
10208,1.020838e+10
10209,1.020959e+10
10210,1.021033e+10
10211,1.021196e+10
10212,1.021266e+10
10213,1.021308e+10
10214,1.021407e+10
10215,1.021515e+10
10216,1.021606e+10
10217,1.021723e+10
10218,1.021860e+10
10219,1.021967e+10
10220,1.022001e+10
10221,1.022191e+10
10222,1.022244e+10
10223,1.022317e+10
10224,1.022430e+10
10225,1.022545e+10
10226,1.022679e+10
10227,1.022704e+10
10228,1.022809e+10
10229,1.022922e+10
10230,1.023054e+10
10231,1.023156e+10
10232,1.023280e+10
10233,1.023322e+10
10234,1.023483e+10
10235,1.023561e+10
10236,1.023688e+10
10237,1.023786e+10
10238,1.023812e+10
10239,1.023917e+10
10240,1.024024e+10
10241,1.024105e+10
10242,1.024202e+10
10243,1.024346e+10
10244,1.024480e+10
10245,1.024590e+10
10246,1.024633e+10
10247,1.024709e+10
10248,1.024835e+10
10249,1.024977e+10
10250,1.025093e+10
10251,1.025110e+10
10252,1.025246e+10
10253,1.025343e+10
10254,1.025490e+10
10255,1.025514e+10
10256,1.025655e+10
10257,1.025778e+10
10258,1.025895e+10
10259,1.025989e+10
10260,1.026035e+10
10261,1.026108e+10
10262,1.026266e+10
10263,1.026366e+10
10264,1.026498e+10
10265,1.026517e+10
10266,1.026603e+10
10267,1.026739e+10
10268,1.026809e+10
10269,1.026976e+10
10270,1.027044e+10
10271,1.027124e+10
10272,1.027212e+10
10273,1.027326e+10
10274,1.027450e+10
10275,1.027585e+10
10276,1.027614e+10
10277,1.027766e+10
10278,1.027817e+10
10279,1.027949e+10
10280,1.028066e+10
10281,1.028143e+10
10282,1.028288e+10
10283,1.028389e+10
10284,1.028466e+10
10285,1.028505e+10
10286,1.028625e+10
10287,1.028728e+10
10288,1.028836e+10
10289,1.028924e+10
10290,1.029031e+10
10291,1.029172e+10
10292,1.029281e+10
10293,1.029398e+10
10294,1.029429e+10
10295,1.029500e+10
10296,1.029692e+10
10297,1.029740e+10
10298,1.029806e+10
10299,1.029964e+10
10300,1.030045e+10
10301,1.030162e+10
10302,1.030202e+10
10303,1.030320e+10
10304,1.030460e+10
10305,1.030512e+10
10306,1.030636e+10
10307,1.030764e+10
10308,1.030847e+10
10309,1.030968e+10
10310,1.031034e+10
10311,1.031144e+10
10312,1.031257e+10
10313,1.031302e+10
10314,1.031457e+10
10315,1.031586e+10
10316,1.031633e+10
10317,1.031706e+10
10318,1.031807e+10
10319,1.031901e+10
10320,1.032002e+10
10321,1.032114e+10
10322,1.032239e+10
10323,1.032316e+10
10324,1.032416e+10
10325,1.032509e+10
10326,1.032617e+10
10327,1.032708e+10
10328,1.032885e+10
10329,1.032924e+10
10330,1.033034e+10
10331,1.033193e+10
10332,1.033234e+10
10333,1.033326e+10
10334,1.033435e+10
10335,1.033576e+10
10336,1.033680e+10
10337,1.033772e+10
10338,1.033852e+10
10339,1.033920e+10
10340,1.034040e+10
10341,1.034152e+10
10342,1.034249e+10
10343,1.034304e+10
10344,1.034470e+10
10345,1.034510e+10
10346,1.034652e+10
10347,1.034782e+10
10348,1.034820e+10
10349,1.034990e+10
10350,1.035040e+10
10351,1.035191e+10
10352,1.035221e+10
10353,1.035363e+10
10354,1.035435e+10
10355,1.035532e+10
10356,1.035607e+10
10357,1.035737e+10
10358,1.035867e+10
10359,1.035960e+10
10360,1.036022e+10
10361,1.036185e+10
10362,1.036201e+10
10363,1.036344e+10
10364,1.036492e+10
10365,1.036548e+10
10366,1.036695e+10
10367,1.036775e+10
10368,1.036820e+10
10369,1.036966e+10
10370,1.037068e+10
10371,1.037193e+10
10372,1.037256e+10
10373,1.037351e+10
10374,1.037408e+10
10375,1.037538e+10
10376,1.037650e+10
10377,1.037765e+10
10378,1.037843e+10
10379,1.037963e+10
10380,1.038054e+10
10381,1.038149e+10
10382,1.038219e+10
10383,1.038367e+10
10384,1.038460e+10
10385,1.038533e+10
10386,1.038678e+10
10387,1.038718e+10
10388,1.038846e+10
10389,1.038915e+10
10390,1.039012e+10
10391,1.039162e+10
10392,1.039265e+10
10393,1.039329e+10
10394,1.039441e+10
10395,1.039576e+10
10396,1.039677e+10
10397,1.039776e+10
10398,1.039879e+10
10399,1.039938e+10
10400,1.040083e+10
10401,1.040179e+10
10402,1.040256e+10
10403,1.040317e+10
10404,1.040425e+10
10405,1.040559e+10
10406,1.040601e+10
10407,1.040790e+10
10408,1.040872e+10
10409,1.040925e+10
10410,1.041089e+10
10411,1.041164e+10
10412,1.041269e+10
10413,1.041338e+10
10414,1.041480e+10
10415,1.041507e+10
10416,1.041646e+10
10417,1.041703e+10
10418,1.041864e+10
10419,1.041950e+10
10420,1.042093e+10
10421,1.042142e+10
10422,1.042252e+10
10423,1.042389e+10
10424,1.042400e+10
10425,1.042562e+10
10426,1.042674e+10
10427,1.042716e+10
10428,1.042830e+10
10429,1.042907e+10
10430,1.043034e+10
10431,1.043119e+10
10432,1.043277e+10
10433,1.043336e+10
10434,1.043455e+10
10435,1.043597e+10
10436,1.043693e+10
10437,1.043720e+10
10438,1.043826e+10
10439,1.043977e+10
10440,1.044090e+10
10441,1.044116e+10
10442,1.044240e+10
10443,1.044347e+10
10444,1.044447e+10
10445,1.044550e+10
10446,1.044637e+10
10447,1.044798e+10
10448,1.044840e+10
10449,1.044933e+10
10450,1.045033e+10
10451,1.045188e+10
10452,1.045234e+10
10453,1.045400e+10
10454,1.045452e+10
10455,1.045542e+10
10456,1.045604e+10
10457,1.045776e+10
10458,1.045846e+10
10459,1.045936e+10
10460,1.046067e+10
10461,1.046131e+10
10462,1.046255e+10
10463,1.046398e+10
10464,1.046404e+10
10465,1.046514e+10
10466,1.046608e+10
10467,1.046789e+10
10468,1.046810e+10
10469,1.046968e+10
10470,1.047001e+10
10471,1.047171e+10
10472,1.047228e+10
10473,1.047304e+10
10474,1.047490e+10
10475,1.047571e+10
10476,1.047608e+10
10477,1.047704e+10
10478,1.047849e+10
10479,1.047931e+10
10480,1.048049e+10
10481,1.048123e+10
10482,1.048225e+10
10483,1.048305e+10
10484,1.048437e+10
10485,1.048589e+10
10486,1.048614e+10
10487,1.048776e+10
10488,1.048816e+10
10489,1.048918e+10
10490,1.049066e+10
10491,1.049136e+10
10492,1.049268e+10
10493,1.049367e+10
10494,1.049409e+10
10495,1.049536e+10
10496,1.049674e+10
10497,1.049736e+10
10498,1.049823e+10
10499,1.049970e+10
10500,1.050051e+10
10501,1.050150e+10
10502,1.050249e+10
10503,1.050353e+10
10504,1.050452e+10
10505,1.050581e+10
10506,1.050689e+10
10507,1.050702e+10
10508,1.050823e+10
10509,1.050952e+10
10510,1.051077e+10
10511,1.051163e+10
10512,1.051227e+10
10513,1.051301e+10
10514,1.051451e+10
10515,1.051592e+10
10516,1.051685e+10
10517,1.051743e+10
10518,1.051870e+10
10519,1.051979e+10
10520,1.052093e+10
10521,1.052200e+10
10522,1.052271e+10
10523,1.052384e+10
10524,1.052461e+10
10525,1.052540e+10
10526,1.052625e+10
10527,1.052713e+10
10528,1.052826e+10
10529,1.052945e+10
10530,1.053078e+10
10531,1.053158e+10
10532,1.053256e+10
10533,1.053312e+10
10534,1.053483e+10
10535,1.053531e+10
10536,1.053640e+10
10537,1.053767e+10
10538,1.053812e+10
10539,1.053972e+10
10540,1.054065e+10
10541,1.054179e+10
10542,1.054227e+10
10543,1.054305e+10
10544,1.054497e+10
10545,1.054511e+10
10546,1.054623e+10
10547,1.054793e+10
10548,1.054811e+10
10549,1.054904e+10
10550,1.055087e+10
10551,1.055169e+10
10552,1.055216e+10
10553,1.055361e+10
10554,1.055419e+10
10555,1.055583e+10
10556,1.055688e+10
10557,1.055783e+10
10558,1.055854e+10
10559,1.055961e+10
10560,1.056087e+10
10561,1.056131e+10
10562,1.056209e+10
10563,1.056364e+10
10564,1.056499e+10
10565,1.056521e+10
10566,1.056661e+10
10567,1.056741e+10
10568,1.056833e+10
10569,1.056907e+10
10570,1.057013e+10
10571,1.057168e+10
10572,1.057252e+10
10573,1.057334e+10
10574,1.057461e+10
10575,1.057577e+10
10576,1.057661e+10
10577,1.057779e+10
10578,1.057855e+10
10579,1.057921e+10
10580,1.058006e+10
10581,1.058150e+10
10582,1.058292e+10
10583,1.058329e+10
10584,1.058493e+10
10585,1.058539e+10
10586,1.058635e+10
10587,1.058777e+10
10588,1.058829e+10
10589,1.058914e+10
10590,1.059086e+10
10591,1.059187e+10
10592,1.059274e+10
10593,1.059394e+10
10594,1.059437e+10
10595,1.059584e+10
10596,1.059671e+10
10597,1.059731e+10
10598,1.059839e+10
10599,1.059911e+10
10600,1.060026e+10
10601,1.060101e+10
10602,1.060207e+10
10603,1.060320e+10
10604,1.060451e+10
10605,1.060586e+10
10606,1.060626e+10
10607,1.060734e+10
10608,1.060875e+10
10609,1.060910e+10
10610,1.061023e+10
10611,1.061180e+10
10612,1.061207e+10
10613,1.061319e+10
10614,1.061444e+10
10615,1.061580e+10
10616,1.061644e+10
10617,1.061797e+10
10618,1.061867e+10
10619,1.061985e+10
10620,1.062068e+10
10621,1.062133e+10
10622,1.062298e+10
10623,1.062373e+10
10624,1.062492e+10
10625,1.062565e+10
10626,1.062657e+10
10627,1.062796e+10
10628,1.062805e+10
10629,1.062905e+10
10630,1.063049e+10
10631,1.063133e+10
10632,1.063235e+10
10633,1.063383e+10
10634,1.063499e+10
10635,1.063596e+10
10636,1.063638e+10
10637,1.063777e+10
10638,1.063850e+10
10639,1.063932e+10
10640,1.064037e+10
10641,1.064140e+10
10642,1.064271e+10
10643,1.064379e+10
10644,1.064469e+10
10645,1.064566e+10
10646,1.064682e+10
10647,1.064749e+10
10648,1.064848e+10
10649,1.064982e+10
10650,1.065046e+10
10651,1.065160e+10
10652,1.065210e+10
10653,1.065335e+10
10654,1.065446e+10
10655,1.065503e+10
10656,1.065664e+10
10657,1.065736e+10
10658,1.065812e+10
10659,1.065985e+10
10660,1.066023e+10
10661,1.066135e+10
10662,1.066202e+10
10663,1.066339e+10
10664,1.066483e+10
10665,1.066508e+10
10666,1.066676e+10
10667,1.066754e+10
10668,1.066893e+10
10669,1.066923e+10
10670,1.067060e+10
10671,1.067115e+10
10672,1.067262e+10
10673,1.067319e+10
10674,1.067401e+10
10675,1.067507e+10
10676,1.067620e+10
10677,1.067788e+10
10678,1.067822e+10
10679,1.067904e+10
10680,1.068038e+10
10681,1.068147e+10
10682,1.068248e+10
10683,1.068359e+10
10684,1.068446e+10
10685,1.068530e+10
10686,1.068601e+10
10687,1.068777e+10
10688,1.068811e+10
10689,1.068913e+10
10690,1.069017e+10
10691,1.069106e+10
10692,1.069207e+10
10693,1.069334e+10
10694,1.069426e+10
10695,1.069523e+10
10696,1.069622e+10
10697,1.069766e+10
10698,1.069808e+10
10699,1.069970e+10
10700,1.070027e+10
10701,1.070177e+10
10702,1.070252e+10
10703,1.070362e+10
10704,1.070420e+10
10705,1.070538e+10
10706,1.070645e+10
10707,1.070780e+10
10708,1.070879e+10
10709,1.070926e+10
10710,1.071056e+10
10711,1.071175e+10
10712,1.071291e+10
10713,1.071367e+10
10714,1.071423e+10
10715,1.071571e+10
10716,1.071637e+10
10717,1.071702e+10
10718,1.071819e+10
10719,1.071901e+10
10720,1.072009e+10
10721,1.072161e+10
10722,1.072230e+10
10723,1.072396e+10
10724,1.072443e+10
10725,1.072533e+10
10726,1.072693e+10
10727,1.072766e+10
10728,1.072861e+10
10729,1.072953e+10
10730,1.073074e+10
10731,1.073170e+10
10732,1.073204e+10
10733,1.073353e+10
10734,1.073477e+10
10735,1.073565e+10
10736,1.073612e+10
10737,1.073789e+10
10738,1.073820e+10
10739,1.073921e+10
10740,1.074013e+10
10741,1.074191e+10
10742,1.074235e+10
10743,1.074320e+10
10744,1.074490e+10
10745,1.074526e+10
10746,1.074681e+10
10747,1.074778e+10
10748,1.074825e+10
10749,1.074990e+10
10750,1.075069e+10
10751,1.075192e+10
10752,1.075232e+10
10753,1.075347e+10
10754,1.075443e+10
10755,1.075520e+10
10756,1.075662e+10
10757,1.075768e+10
10758,1.075863e+10
10759,1.075964e+10
10760,1.076077e+10
10761,1.076164e+10
10762,1.076213e+10
10763,1.076356e+10
10764,1.076442e+10
10765,1.076556e+10
10766,1.076615e+10
10767,1.076716e+10
10768,1.076835e+10
10769,1.076996e+10
10770,1.077087e+10
10771,1.077126e+10
10772,1.077212e+10
10773,1.077338e+10
10774,1.077427e+10
10775,1.077564e+10
10776,1.077691e+10
10777,1.077719e+10
10778,1.077851e+10
10779,1.077944e+10
10780,1.078067e+10
10781,1.078116e+10
10782,1.078288e+10
10783,1.078315e+10
10784,1.078500e+10
10785,1.078580e+10
10786,1.078634e+10
10787,1.078732e+10
10788,1.078818e+10
10789,1.078913e+10
10790,1.079046e+10
10791,1.079147e+10
10792,1.079273e+10
10793,1.079305e+10
10794,1.079488e+10
10795,1.079552e+10
10796,1.079667e+10
10797,1.079779e+10
10798,1.079836e+10
10799,1.079922e+10
10800,1.080022e+10
10801,1.080143e+10
10802,1.080256e+10
10803,1.080325e+10
10804,1.080429e+10
10805,1.080590e+10
10806,1.080667e+10
10807,1.080739e+10
10808,1.080831e+10
10809,1.080999e+10
10810,1.081073e+10
10811,1.081126e+10
10812,1.081218e+10
10813,1.081395e+10
10814,1.081499e+10
10815,1.081517e+10
10816,1.081638e+10
10817,1.081738e+10
10818,1.081897e+10
10819,1.081976e+10
10820,1.082073e+10
10821,1.082139e+10
10822,1.082223e+10
10823,1.082309e+10
10824,1.082465e+10
10825,1.082537e+10
10826,1.082669e+10
10827,1.082748e+10
10828,1.082878e+10
10829,1.082901e+10
10830,1.083013e+10
10831,1.083121e+10
10832,1.083221e+10
10833,1.083331e+10
10834,1.083488e+10
10835,1.083532e+10
10836,1.083633e+10
10837,1.083732e+10
10838,1.083869e+10
10839,1.083920e+10
10840,1.084006e+10
10841,1.084103e+10
10842,1.084254e+10
10843,1.084359e+10
10844,1.084472e+10
10845,1.084548e+10
10846,1.084634e+10
10847,1.084746e+10
10848,1.084845e+10
10849,1.084995e+10
10850,1.085011e+10
10851,1.085124e+10
10852,1.085273e+10
10853,1.085333e+10
10854,1.085410e+10
10855,1.085576e+10
10856,1.085662e+10
10857,1.085723e+10
10858,1.085817e+10
10859,1.085941e+10
10860,1.086004e+10
10861,1.086171e+10
10862,1.086296e+10
10863,1.086390e+10
10864,1.086438e+10
10865,1.086533e+10
10866,1.086683e+10
10867,1.086711e+10
10868,1.086848e+10
10869,1.086956e+10
10870,1.087002e+10
10871,1.087116e+10
10872,1.087263e+10
10873,1.087324e+10
10874,1.087472e+10
10875,1.087537e+10
10876,1.087684e+10
10877,1.087703e+10
10878,1.087811e+10
10879,1.087959e+10
10880,1.088017e+10
10881,1.088188e+10
10882,1.088225e+10
10883,1.088352e+10
10884,1.088447e+10
10885,1.088580e+10
10886,1.088602e+10
10887,1.088713e+10
10888,1.088836e+10
10889,1.088957e+10
10890,1.089044e+10
10891,1.089190e+10
10892,1.089279e+10
10893,1.089330e+10
10894,1.089465e+10
10895,1.089548e+10
10896,1.089682e+10
10897,1.089732e+10
10898,1.089857e+10
10899,1.089929e+10
10900,1.090023e+10
10901,1.090101e+10
10902,1.090257e+10
10903,1.090324e+10
10904,1.090436e+10
10905,1.090568e+10
10906,1.090655e+10
10907,1.090730e+10
10908,1.090805e+10
10909,1.090935e+10
10910,1.091003e+10
10911,1.091108e+10
10912,1.091295e+10
10913,1.091365e+10
10914,1.091429e+10
10915,1.091531e+10
10916,1.091642e+10
10917,1.091767e+10
10918,1.091843e+10
10919,1.091967e+10
10920,1.092008e+10
10921,1.092112e+10
10922,1.092293e+10
10923,1.092352e+10
10924,1.092407e+10
10925,1.092516e+10
10926,1.092683e+10
10927,1.092703e+10
10928,1.092878e+10
10929,1.092986e+10
10930,1.093036e+10
10931,1.093188e+10
10932,1.093204e+10
10933,1.093362e+10
10934,1.093487e+10
10935,1.093523e+10
10936,1.093606e+10
10937,1.093784e+10
10938,1.093868e+10
10939,1.093914e+10
10940,1.094078e+10
10941,1.094171e+10
10942,1.094231e+10
10943,1.094336e+10
10944,1.094492e+10
10945,1.094509e+10
10946,1.094690e+10
10947,1.094784e+10
10948,1.094830e+10
10949,1.094977e+10
10950,1.095059e+10
10951,1.095101e+10
10952,1.095290e+10
10953,1.095361e+10
10954,1.095448e+10
10955,1.095590e+10
10956,1.095612e+10
10957,1.095730e+10
10958,1.095894e+10
10959,1.095938e+10
10960,1.096066e+10
10961,1.096189e+10
10962,1.096247e+10
10963,1.096349e+10
10964,1.096422e+10
10965,1.096552e+10
10966,1.096649e+10
10967,1.096719e+10
10968,1.096829e+10
10969,1.096992e+10
10970,1.097029e+10
10971,1.097177e+10
10972,1.097213e+10
10973,1.097331e+10
10974,1.097458e+10
10975,1.097585e+10
10976,1.097655e+10
10977,1.097704e+10
10978,1.097811e+10
10979,1.097902e+10
10980,1.098070e+10
10981,1.098128e+10
10982,1.098287e+10
10983,1.098392e+10
10984,1.098423e+10
10985,1.098532e+10
10986,1.098698e+10
10987,1.098753e+10
10988,1.098845e+10
10989,1.098986e+10
10990,1.099069e+10
10991,1.099135e+10
10992,1.099253e+10
10993,1.099395e+10
10994,1.099413e+10
10995,1.099590e+10
10996,1.099672e+10
10997,1.099765e+10
10998,1.099852e+10
10999,1.099971e+10
11000,1.100050e+10
11001,1.100190e+10
11002,1.100297e+10
11003,1.100311e+10
11004,1.100475e+10
11005,1.100599e+10
11006,1.100610e+10
11007,1.100721e+10
11008,1.100859e+10
11009,1.100946e+10
11010,1.101067e+10
11011,1.101142e+10
11012,1.101238e+10
11013,1.101307e+10
11014,1.101456e+10
11015,1.101529e+10
11016,1.101636e+10
11017,1.101760e+10
11018,1.101887e+10
11019,1.101959e+10
11020,1.102059e+10
11021,1.102158e+10
11022,1.102288e+10
11023,1.102317e+10
11024,1.102439e+10
11025,1.102546e+10
11026,1.102624e+10
11027,1.102741e+10
11028,1.102892e+10
11029,1.102931e+10
11030,1.103072e+10
11031,1.103165e+10
11032,1.103208e+10
11033,1.103303e+10
11034,1.103400e+10
11035,1.103539e+10
11036,1.103637e+10
11037,1.103728e+10
11038,1.103844e+10
11039,1.103966e+10
11040,1.104075e+10
11041,1.104171e+10
11042,1.104215e+10
11043,1.104306e+10
11044,1.104450e+10
11045,1.104573e+10
11046,1.104693e+10
11047,1.104781e+10
11048,1.104847e+10
11049,1.104937e+10
11050,1.105021e+10
11051,1.105142e+10
11052,1.105206e+10
11053,1.105301e+10
11054,1.105409e+10
11055,1.105517e+10
11056,1.105637e+10
11057,1.105724e+10
11058,1.105887e+10
11059,1.105928e+10
11060,1.106073e+10
11061,1.106135e+10
11062,1.106225e+10
11063,1.106373e+10
11064,1.106440e+10
11065,1.106537e+10
11066,1.106654e+10
11067,1.106779e+10
11068,1.106877e+10
11069,1.106908e+10
11070,1.107075e+10
11071,1.107134e+10
11072,1.107223e+10
11073,1.107389e+10
11074,1.107413e+10
11075,1.107539e+10
11076,1.107644e+10
11077,1.107751e+10
11078,1.107838e+10
11079,1.107979e+10
11080,1.108063e+10
11081,1.108176e+10
11082,1.108238e+10
11083,1.108301e+10
11084,1.108494e+10
11085,1.108572e+10
11086,1.108659e+10
11087,1.108769e+10
11088,1.108828e+10
11089,1.108930e+10
11090,1.109052e+10
11091,1.109161e+10
11092,1.109269e+10
11093,1.109351e+10
11094,1.109436e+10
11095,1.109587e+10
11096,1.109626e+10
11097,1.109768e+10
11098,1.109840e+10
11099,1.109908e+10
11100,1.110069e+10
11101,1.110162e+10
11102,1.110217e+10
11103,1.110352e+10
11104,1.110481e+10
11105,1.110505e+10
11106,1.110684e+10
11107,1.110733e+10
11108,1.110894e+10
11109,1.110992e+10
11110,1.111096e+10
11111,1.111194e+10
11112,1.111263e+10
11113,1.111360e+10
11114,1.111475e+10
11115,1.111518e+10
11116,1.111645e+10
11117,1.111788e+10
11118,1.111885e+10
11119,1.111980e+10
11120,1.112076e+10
11121,1.112149e+10
11122,1.112264e+10
11123,1.112358e+10
11124,1.112436e+10
11125,1.112592e+10
11126,1.112700e+10
11127,1.112726e+10
11128,1.112855e+10
11129,1.112971e+10
11130,1.113069e+10
11131,1.113125e+10
11132,1.113211e+10
11133,1.113334e+10
11134,1.113429e+10
11135,1.113514e+10
11136,1.113617e+10
11137,1.113733e+10
11138,1.113834e+10
11139,1.113914e+10
11140,1.114042e+10
11141,1.114115e+10
11142,1.114251e+10
11143,1.114396e+10
11144,1.114483e+10
11145,1.114523e+10
11146,1.114661e+10
11147,1.114756e+10
11148,1.114821e+10
11149,1.114914e+10
11150,1.115037e+10
11151,1.115103e+10
11152,1.115293e+10
11153,1.115305e+10
11154,1.115413e+10
11155,1.115534e+10
11156,1.115649e+10
11157,1.115732e+10
11158,1.115884e+10
11159,1.115966e+10
11160,1.116063e+10
11161,1.116175e+10
11162,1.116231e+10
11163,1.116357e+10
11164,1.116459e+10
11165,1.116583e+10
11166,1.116650e+10
11167,1.116726e+10
11168,1.116847e+10
11169,1.116988e+10
11170,1.117094e+10
11171,1.117196e+10
11172,1.117228e+10
11173,1.117314e+10
11174,1.117469e+10
11175,1.117568e+10
11176,1.117680e+10
11177,1.117738e+10
11178,1.117863e+10
11179,1.117975e+10
11180,1.118003e+10
11181,1.118125e+10
11182,1.118268e+10
11183,1.118309e+10
11184,1.118448e+10
11185,1.118503e+10
11186,1.118658e+10
11187,1.118736e+10
11188,1.118819e+10
11189,1.118908e+10
11190,1.119067e+10
11191,1.119136e+10
11192,1.119282e+10
11193,1.119315e+10
11194,1.119452e+10
11195,1.119521e+10
11196,1.119670e+10
11197,1.119713e+10
11198,1.119831e+10
11199,1.119903e+10
11200,1.120020e+10
11201,1.120136e+10
11202,1.120253e+10
11203,1.120329e+10
11204,1.120429e+10
11205,1.120600e+10
11206,1.120624e+10
11207,1.120767e+10
11208,1.120817e+10
11209,1.120928e+10
11210,1.121013e+10
11211,1.121121e+10
11212,1.121245e+10
11213,1.121312e+10
11214,1.121447e+10
11215,1.121544e+10
11216,1.121619e+10
11217,1.121789e+10
11218,1.121873e+10
11219,1.121967e+10
11220,1.122048e+10
11221,1.122191e+10
11222,1.122296e+10
11223,1.122325e+10
11224,1.122440e+10
11225,1.122575e+10
11226,1.122628e+10
11227,1.122793e+10
11228,1.122861e+10
11229,1.122962e+10
11230,1.123046e+10
11231,1.123120e+10
11232,1.123211e+10
11233,1.123305e+10
11234,1.123416e+10
11235,1.123514e+10
11236,1.123660e+10
11237,1.123771e+10
11238,1.123883e+10
11239,1.123985e+10
11240,1.124057e+10
11241,1.124189e+10
11242,1.124209e+10
11243,1.124397e+10
11244,1.124404e+10
11245,1.124592e+10
11246,1.124641e+10
11247,1.124772e+10
11248,1.124835e+10
11249,1.124923e+10
11250,1.125047e+10
11251,1.125187e+10
11252,1.125298e+10
11253,1.125303e+10
11254,1.125418e+10
11255,1.125525e+10
11256,1.125679e+10
11257,1.125737e+10
11258,1.125839e+10
11259,1.125966e+10
11260,1.126034e+10
11261,1.126190e+10
11262,1.126229e+10
11263,1.126343e+10
11264,1.126420e+10
11265,1.126550e+10
11266,1.126684e+10
11267,1.126710e+10
11268,1.126872e+10
11269,1.126979e+10
11270,1.127043e+10
11271,1.127102e+10
11272,1.127239e+10
11273,1.127322e+10
11274,1.127487e+10
11275,1.127503e+10
11276,1.127655e+10
11277,1.127791e+10
11278,1.127828e+10
11279,1.127914e+10
11280,1.128089e+10
11281,1.128138e+10
11282,1.128280e+10
11283,1.128341e+10
11284,1.128428e+10
11285,1.128569e+10
11286,1.128647e+10
11287,1.128763e+10
11288,1.128828e+10
11289,1.128960e+10
11290,1.129032e+10
11291,1.129184e+10
11292,1.129212e+10
11293,1.129381e+10
11294,1.129407e+10
11295,1.129568e+10
11296,1.129623e+10
11297,1.129740e+10
11298,1.129827e+10
11299,1.129966e+10
11300,1.130063e+10
11301,1.130185e+10
11302,1.130263e+10
11303,1.130358e+10
11304,1.130429e+10
11305,1.130526e+10
11306,1.130636e+10
11307,1.130715e+10
11308,1.130823e+10
11309,1.130931e+10
11310,1.131034e+10
11311,1.131178e+10
11312,1.131288e+10
11313,1.131398e+10
11314,1.131439e+10
11315,1.131522e+10
11316,1.131633e+10
11317,1.131725e+10
11318,1.131837e+10
11319,1.131937e+10
11320,1.132063e+10
11321,1.132145e+10
11322,1.132226e+10
11323,1.132324e+10
11324,1.132408e+10
11325,1.132553e+10
11326,1.132613e+10
11327,1.132727e+10
11328,1.132887e+10
11329,1.132959e+10
11330,1.133065e+10
11331,1.133109e+10
11332,1.133237e+10
11333,1.133351e+10
11334,1.133457e+10
11335,1.133527e+10
11336,1.133665e+10
11337,1.133704e+10
11338,1.133811e+10
11339,1.133902e+10
11340,1.134002e+10
11341,1.134199e+10
11342,1.134239e+10
11343,1.134334e+10
11344,1.134485e+10
11345,1.134586e+10
11346,1.134665e+10
11347,1.134793e+10
11348,1.134807e+10
11349,1.134930e+10
11350,1.135087e+10
11351,1.135108e+10
11352,1.135247e+10
11353,1.135368e+10
11354,1.135401e+10
11355,1.135501e+10
11356,1.135689e+10
11357,1.135783e+10
11358,1.135898e+10
11359,1.135925e+10
11360,1.136095e+10
11361,1.136199e+10
11362,1.136257e+10
11363,1.136350e+10
11364,1.136464e+10
11365,1.136572e+10
11366,1.136608e+10
11367,1.136735e+10
11368,1.136808e+10
11369,1.136931e+10
11370,1.137070e+10
11371,1.137152e+10
11372,1.137259e+10
11373,1.137398e+10
11374,1.137408e+10
11375,1.137589e+10
11376,1.137645e+10
11377,1.137770e+10
11378,1.137842e+10
11379,1.137968e+10
11380,1.138003e+10
11381,1.138142e+10
11382,1.138297e+10
11383,1.138364e+10
11384,1.138410e+10
11385,1.138557e+10
11386,1.138629e+10
11387,1.138799e+10
11388,1.138849e+10
11389,1.138972e+10
11390,1.139052e+10
11391,1.139124e+10
11392,1.139287e+10
11393,1.139346e+10
11394,1.139432e+10
11395,1.139516e+10
11396,1.139676e+10
11397,1.139774e+10
11398,1.139825e+10
11399,1.139930e+10
11400,1.140019e+10
11401,1.140113e+10
11402,1.140285e+10
11403,1.140341e+10
11404,1.140407e+10
11405,1.140564e+10
11406,1.140657e+10
11407,1.140722e+10
11408,1.140854e+10
11409,1.140927e+10
11410,1.141028e+10
11411,1.141128e+10
11412,1.141247e+10
11413,1.141302e+10
11414,1.141447e+10
11415,1.141599e+10
11416,1.141667e+10
11417,1.141763e+10
11418,1.141803e+10
11419,1.141938e+10
11420,1.142024e+10
11421,1.142167e+10
11422,1.142275e+10
11423,1.142369e+10
11424,1.142418e+10
11425,1.142540e+10
11426,1.142617e+10
11427,1.142705e+10
11428,1.142896e+10
11429,1.142982e+10
11430,1.143028e+10
11431,1.143175e+10
11432,1.143247e+10
11433,1.143379e+10
11434,1.143427e+10
11435,1.143556e+10
11436,1.143615e+10
11437,1.143745e+10
11438,1.143853e+10
11439,1.143965e+10
11440,1.144061e+10
11441,1.144136e+10
11442,1.144291e+10
11443,1.144302e+10
11444,1.144492e+10
11445,1.144501e+10
11446,1.144641e+10
11447,1.144738e+10
11448,1.144862e+10
11449,1.144936e+10
11450,1.145056e+10
11451,1.145187e+10
11452,1.145282e+10
11453,1.145384e+10
11454,1.145438e+10
11455,1.145548e+10
11456,1.145624e+10
11457,1.145701e+10
11458,1.145825e+10
11459,1.145994e+10
11460,1.146003e+10
11461,1.146134e+10
11462,1.146298e+10
11463,1.146319e+10
11464,1.146412e+10
11465,1.146538e+10
11466,1.146655e+10
11467,1.146754e+10
11468,1.146824e+10
11469,1.146970e+10
11470,1.147038e+10
11471,1.147140e+10
11472,1.147202e+10
11473,1.147389e+10
11474,1.147488e+10
11475,1.147501e+10
11476,1.147672e+10
11477,1.147740e+10
11478,1.147813e+10
11479,1.147933e+10
11480,1.148046e+10
11481,1.148199e+10
11482,1.148249e+10
11483,1.148352e+10
11484,1.148435e+10
11485,1.148565e+10
11486,1.148680e+10
11487,1.148798e+10
11488,1.148872e+10
11489,1.148947e+10
11490,1.149076e+10
11491,1.149164e+10
11492,1.149267e+10
11493,1.149353e+10
11494,1.149421e+10
11495,1.149518e+10
11496,1.149609e+10
11497,1.149708e+10
11498,1.149801e+10
11499,1.149976e+10
11500,1.150006e+10
11501,1.150122e+10
11502,1.150289e+10
11503,1.150397e+10
11504,1.150441e+10
11505,1.150522e+10
11506,1.150615e+10
11507,1.150715e+10
11508,1.150850e+10
11509,1.150953e+10
11510,1.151094e+10
11511,1.151169e+10
11512,1.151231e+10
11513,1.151309e+10
11514,1.151474e+10
11515,1.151503e+10
11516,1.151611e+10
11517,1.151764e+10
11518,1.151880e+10
11519,1.151940e+10
11520,1.152025e+10
11521,1.152129e+10
11522,1.152230e+10
11523,1.152347e+10
11524,1.152483e+10
11525,1.152579e+10
11526,1.152667e+10
11527,1.152767e+10
11528,1.152884e+10
11529,1.152972e+10
11530,1.153036e+10
11531,1.153171e+10
11532,1.153264e+10
11533,1.153312e+10
11534,1.153443e+10
11535,1.153504e+10
11536,1.153603e+10
11537,1.153714e+10
11538,1.153817e+10
11539,1.154000e+10
11540,1.154022e+10
11541,1.154128e+10
11542,1.154238e+10
11543,1.154324e+10
11544,1.154403e+10
11545,1.154571e+10
11546,1.154624e+10
11547,1.154789e+10
11548,1.154854e+10
11549,1.154975e+10
11550,1.155032e+10
11551,1.155117e+10
11552,1.155225e+10
11553,1.155381e+10
11554,1.155415e+10
11555,1.155504e+10
11556,1.155669e+10
11557,1.155756e+10
11558,1.155858e+10
11559,1.155966e+10
11560,1.156008e+10
11561,1.156140e+10
11562,1.156226e+10
11563,1.156393e+10
11564,1.156432e+10
11565,1.156547e+10
11566,1.156627e+10
11567,1.156702e+10
11568,1.156843e+10
11569,1.156983e+10
11570,1.157095e+10
11571,1.157170e+10
11572,1.157250e+10
11573,1.157389e+10
11574,1.157473e+10
11575,1.157587e+10
11576,1.157670e+10
11577,1.157728e+10
11578,1.157815e+10
11579,1.157935e+10
11580,1.158086e+10
11581,1.158116e+10
11582,1.158236e+10
11583,1.158378e+10
11584,1.158450e+10
11585,1.158546e+10
11586,1.158600e+10
11587,1.158783e+10
11588,1.158803e+10
11589,1.158905e+10
11590,1.159028e+10
11591,1.159169e+10
11592,1.159277e+10
11593,1.159355e+10
11594,1.159407e+10
11595,1.159533e+10
11596,1.159645e+10
11597,1.159759e+10
11598,1.159808e+10
11599,1.159969e+10
11600,1.160022e+10
11601,1.160132e+10
11602,1.160262e+10
11603,1.160329e+10
11604,1.160479e+10
11605,1.160593e+10
11606,1.160698e+10
11607,1.160770e+10
11608,1.160860e+10
11609,1.160993e+10
11610,1.161016e+10
11611,1.161150e+10
11612,1.161268e+10
11613,1.161394e+10
11614,1.161446e+10
11615,1.161562e+10
11616,1.161688e+10
11617,1.161784e+10
11618,1.161818e+10
11619,1.161957e+10
11620,1.162018e+10
11621,1.162197e+10
11622,1.162299e+10
11623,1.162324e+10
11624,1.162465e+10
11625,1.162503e+10
11626,1.162640e+10
11627,1.162703e+10
11628,1.162852e+10
11629,1.162953e+10
11630,1.163002e+10
11631,1.163146e+10
11632,1.163237e+10
11633,1.163343e+10
11634,1.163462e+10
11635,1.163557e+10
11636,1.163620e+10
11637,1.163757e+10
11638,1.163820e+10
11639,1.163983e+10
11640,1.164053e+10
11641,1.164126e+10
11642,1.164236e+10
11643,1.164338e+10
11644,1.164423e+10
11645,1.164501e+10
11646,1.164616e+10
11647,1.164758e+10
11648,1.164820e+10
11649,1.164940e+10
11650,1.165016e+10
11651,1.165115e+10
11652,1.165257e+10
11653,1.165364e+10
11654,1.165465e+10
11655,1.165539e+10
11656,1.165632e+10
11657,1.165775e+10
11658,1.165859e+10
11659,1.165924e+10
11660,1.166075e+10
11661,1.166179e+10
11662,1.166297e+10
11663,1.166379e+10
11664,1.166408e+10
11665,1.166574e+10
11666,1.166681e+10
11667,1.166799e+10
11668,1.166900e+10
11669,1.166997e+10
11670,1.167079e+10
11671,1.167126e+10
11672,1.167212e+10
11673,1.167338e+10
11674,1.167482e+10
11675,1.167547e+10
11676,1.167693e+10
11677,1.167744e+10
11678,1.167860e+10
11679,1.167941e+10
11680,1.168004e+10
11681,1.168127e+10
11682,1.168271e+10
11683,1.168319e+10
11684,1.168417e+10
11685,1.168509e+10
11686,1.168687e+10
11687,1.168716e+10
11688,1.168827e+10
11689,1.168952e+10
11690,1.169061e+10
11691,1.169135e+10
11692,1.169278e+10
11693,1.169307e+10
11694,1.169483e+10
11695,1.169592e+10
11696,1.169661e+10
11697,1.169796e+10
11698,1.169828e+10
11699,1.169921e+10
11700,1.170064e+10
11701,1.170135e+10
11702,1.170263e+10
11703,1.170333e+10
11704,1.170476e+10
11705,1.170571e+10
11706,1.170642e+10
11707,1.170745e+10
11708,1.170860e+10
11709,1.170950e+10
11710,1.171010e+10
11711,1.171196e+10
11712,1.171209e+10
11713,1.171354e+10
11714,1.171495e+10
11715,1.171584e+10
11716,1.171617e+10
11717,1.171779e+10
11718,1.171857e+10
11719,1.171942e+10
11720,1.172095e+10
11721,1.172111e+10
11722,1.172204e+10
11723,1.172379e+10
11724,1.172418e+10
11725,1.172521e+10
11726,1.172656e+10
11727,1.172732e+10
11728,1.172864e+10
11729,1.172982e+10
11730,1.173096e+10
11731,1.173129e+10
11732,1.173217e+10
11733,1.173397e+10
11734,1.173464e+10
11735,1.173518e+10
11736,1.173611e+10
11737,1.173720e+10
11738,1.173849e+10
11739,1.173910e+10
11740,1.174022e+10
11741,1.174181e+10
11742,1.174226e+10
11743,1.174327e+10
11744,1.174423e+10
11745,1.174508e+10
11746,1.174698e+10
11747,1.174775e+10
11748,1.174870e+10
11749,1.174932e+10
11750,1.175003e+10
11751,1.175136e+10
11752,1.175240e+10
11753,1.175334e+10
11754,1.175487e+10
11755,1.175588e+10
11756,1.175678e+10
11757,1.175748e+10
11758,1.175860e+10
11759,1.175999e+10
11760,1.176019e+10
11761,1.176149e+10
11762,1.176289e+10
11763,1.176317e+10
11764,1.176409e+10
11765,1.176556e+10
11766,1.176624e+10
11767,1.176787e+10
11768,1.176868e+10
11769,1.176975e+10
11770,1.177031e+10
11771,1.177189e+10
11772,1.177225e+10
11773,1.177392e+10
11774,1.177409e+10
11775,1.177587e+10
11776,1.177672e+10
11777,1.177776e+10
11778,1.177872e+10
11779,1.177916e+10
11780,1.178070e+10
11781,1.178165e+10
11782,1.178241e+10
11783,1.178378e+10
11784,1.178423e+10
11785,1.178563e+10
11786,1.178660e+10
11787,1.178779e+10
11788,1.178856e+10
11789,1.178991e+10
11790,1.179041e+10
11791,1.179118e+10
11792,1.179261e+10
11793,1.179329e+10
11794,1.179403e+10
11795,1.179563e+10
11796,1.179611e+10
11797,1.179748e+10
11798,1.179888e+10
11799,1.179996e+10
11800,1.180076e+10
11801,1.180119e+10
11802,1.180217e+10
11803,1.180367e+10
11804,1.180452e+10
11805,1.180518e+10
11806,1.180639e+10
11807,1.180713e+10
11808,1.180817e+10
11809,1.180963e+10
11810,1.181089e+10
11811,1.181169e+10
11812,1.181249e+10
11813,1.181351e+10
11814,1.181427e+10
11815,1.181518e+10
11816,1.181678e+10
11817,1.181708e+10
11818,1.181881e+10
11819,1.181964e+10
11820,1.182067e+10
11821,1.182171e+10
11822,1.182215e+10
11823,1.182387e+10
11824,1.182402e+10
11825,1.182592e+10
11826,1.182608e+10
11827,1.182765e+10
11828,1.182888e+10
11829,1.182966e+10
11830,1.183014e+10
11831,1.183122e+10
11832,1.183237e+10
11833,1.183321e+10
11834,1.183480e+10
11835,1.183519e+10
11836,1.183686e+10
11837,1.183714e+10
11838,1.183863e+10
11839,1.183921e+10
11840,1.184056e+10
11841,1.184142e+10
11842,1.184239e+10
11843,1.184345e+10
11844,1.184464e+10
11845,1.184502e+10
11846,1.184622e+10
11847,1.184751e+10
11848,1.184897e+10
11849,1.184960e+10
11850,1.185002e+10
11851,1.185108e+10
11852,1.185216e+10
11853,1.185308e+10
11854,1.185455e+10
11855,1.185547e+10
11856,1.185698e+10
11857,1.185784e+10
11858,1.185900e+10
11859,1.185927e+10
11860,1.186076e+10
11861,1.186123e+10
11862,1.186298e+10
11863,1.186380e+10
11864,1.186438e+10
11865,1.186519e+10
11866,1.186647e+10
11867,1.186765e+10
11868,1.186852e+10
11869,1.186945e+10
11870,1.187076e+10
11871,1.187133e+10
11872,1.187300e+10
11873,1.187331e+10
11874,1.187456e+10
11875,1.187527e+10
11876,1.187685e+10
11877,1.187701e+10
11878,1.187841e+10
11879,1.187960e+10
11880,1.188078e+10
11881,1.188197e+10
11882,1.188238e+10
11883,1.188327e+10
11884,1.188420e+10
11885,1.188527e+10
11886,1.188644e+10
11887,1.188700e+10
11888,1.188893e+10
11889,1.188982e+10
11890,1.189011e+10
11891,1.189148e+10
11892,1.189242e+10
11893,1.189323e+10
11894,1.189488e+10
11895,1.189582e+10
11896,1.189642e+10
11897,1.189759e+10
11898,1.189884e+10
11899,1.189948e+10
11900,1.190035e+10
11901,1.190173e+10
11902,1.190239e+10
11903,1.190367e+10
11904,1.190495e+10
11905,1.190569e+10
11906,1.190612e+10
11907,1.190798e+10
11908,1.190861e+10
11909,1.190915e+10
11910,1.191023e+10
11911,1.191103e+10
11912,1.191267e+10
11913,1.191340e+10
11914,1.191489e+10
11915,1.191516e+10
11916,1.191684e+10
11917,1.191795e+10
11918,1.191852e+10
11919,1.191942e+10
11920,1.192025e+10
11921,1.192107e+10
11922,1.192251e+10
11923,1.192310e+10
11924,1.192499e+10
11925,1.192524e+10
11926,1.192668e+10
11927,1.192791e+10
11928,1.192821e+10
11929,1.192985e+10
11930,1.193097e+10
11931,1.193143e+10
11932,1.193276e+10
11933,1.193368e+10
11934,1.193402e+10
11935,1.193573e+10
11936,1.193683e+10
11937,1.193794e+10
11938,1.193895e+10
11939,1.193981e+10
11940,1.194090e+10
11941,1.194146e+10
11942,1.194245e+10
11943,1.194371e+10
11944,1.194421e+10
11945,1.194575e+10
11946,1.194609e+10
11947,1.194752e+10
11948,1.194807e+10
11949,1.194997e+10
11950,1.195083e+10
11951,1.195137e+10
11952,1.195213e+10
11953,1.195376e+10
11954,1.195439e+10
11955,1.195578e+10
11956,1.195601e+10
11957,1.195721e+10
11958,1.195886e+10
11959,1.195982e+10
11960,1.196089e+10
11961,1.196174e+10
11962,1.196204e+10
11963,1.196330e+10
11964,1.196497e+10
11965,1.196536e+10
11966,1.196643e+10
11967,1.196792e+10
11968,1.196895e+10
11969,1.196909e+10
11970,1.197064e+10
11971,1.197135e+10
11972,1.197297e+10
11973,1.197334e+10
11974,1.197444e+10
11975,1.197523e+10
11976,1.197612e+10
11977,1.197789e+10
11978,1.197819e+10
11979,1.197983e+10
11980,1.198014e+10
11981,1.198182e+10
11982,1.198209e+10
11983,1.198345e+10
11984,1.198481e+10
11985,1.198561e+10
11986,1.198620e+10
11987,1.198750e+10
11988,1.198886e+10
11989,1.198979e+10
11990,1.199019e+10
11991,1.199150e+10
11992,1.199233e+10
11993,1.199318e+10
11994,1.199471e+10
11995,1.199582e+10
11996,1.199616e+10
11997,1.199794e+10
11998,1.199814e+10
11999,1.199958e+10
12000,1.200014e+10
12001,1.200177e+10
12002,1.200238e+10
12003,1.200349e+10
12004,1.200432e+10
12005,1.200518e+10
12006,1.200681e+10
12007,1.200735e+10
12008,1.200822e+10
12009,1.200998e+10
12010,1.201073e+10
12011,1.201138e+10
12012,1.201263e+10
12013,1.201397e+10
12014,1.201476e+10
12015,1.201539e+10
12016,1.201632e+10
12017,1.201780e+10
12018,1.201850e+10
12019,1.201931e+10
12020,1.202021e+10
12021,1.202139e+10
12022,1.202279e+10
12023,1.202397e+10
12024,1.202456e+10
12025,1.202547e+10
12026,1.202605e+10
12027,1.202716e+10
12028,1.202874e+10
12029,1.202996e+10
12030,1.203010e+10
12031,1.203195e+10
12032,1.203268e+10
12033,1.203381e+10
12034,1.203478e+10
12035,1.203545e+10
12036,1.203660e+10
12037,1.203775e+10
12038,1.203869e+10
12039,1.203982e+10
12040,1.204057e+10
12041,1.204123e+10
12042,1.204244e+10
12043,1.204389e+10
12044,1.204411e+10
12045,1.204550e+10
12046,1.204699e+10
12047,1.204758e+10
12048,1.204849e+10
12049,1.204954e+10
12050,1.205004e+10
12051,1.205200e+10
12052,1.205221e+10
12053,1.205353e+10
12054,1.205484e+10
12055,1.205593e+10
12056,1.205695e+10
12057,1.205712e+10
12058,1.205837e+10
12059,1.205945e+10
12060,1.206003e+10
12061,1.206173e+10
12062,1.206254e+10
12063,1.206392e+10
12064,1.206480e+10
12065,1.206532e+10
12066,1.206625e+10
12067,1.206748e+10
12068,1.206866e+10
12069,1.206971e+10
12070,1.207064e+10
12071,1.207115e+10
12072,1.207255e+10
12073,1.207305e+10
12074,1.207447e+10
12075,1.207576e+10
12076,1.207678e+10
12077,1.207708e+10
12078,1.207851e+10
12079,1.207954e+10
12080,1.208020e+10
12081,1.208196e+10
12082,1.208255e+10
12083,1.208378e+10
12084,1.208465e+10
12085,1.208580e+10
12086,1.208603e+10
12087,1.208761e+10
12088,1.208895e+10
12089,1.208940e+10
12090,1.209009e+10
12091,1.209124e+10
12092,1.209287e+10
12093,1.209310e+10
12094,1.209436e+10
12095,1.209547e+10
12096,1.209607e+10
12097,1.209781e+10
12098,1.209815e+10
12099,1.209947e+10
12100,1.210020e+10
12101,1.210147e+10
12102,1.210275e+10
12103,1.210367e+10
12104,1.210444e+10
12105,1.210532e+10
12106,1.210639e+10
12107,1.210702e+10
12108,1.210876e+10
12109,1.210991e+10
12110,1.211021e+10
12111,1.211122e+10
12112,1.211226e+10
12113,1.211379e+10
12114,1.211484e+10
12115,1.211577e+10
12116,1.211636e+10
12117,1.211711e+10
12118,1.211805e+10
12119,1.211942e+10
12120,1.212043e+10
12121,1.212161e+10
12122,1.212200e+10
12123,1.212363e+10
12124,1.212413e+10
12125,1.212532e+10
12126,1.212684e+10
12127,1.212783e+10
12128,1.212830e+10
12129,1.212923e+10
12130,1.213070e+10
12131,1.213165e+10
12132,1.213210e+10
12133,1.213349e+10
12134,1.213421e+10
12135,1.213595e+10
12136,1.213611e+10
12137,1.213743e+10
12138,1.213868e+10
12139,1.213998e+10
12140,1.214051e+10
12141,1.214122e+10
12142,1.214254e+10
12143,1.214311e+10
12144,1.214481e+10
12145,1.214585e+10
12146,1.214697e+10
12147,1.214750e+10
12148,1.214818e+10
12149,1.214915e+10
12150,1.215076e+10
12151,1.215130e+10
12152,1.215221e+10
12153,1.215346e+10
12154,1.215426e+10
12155,1.215539e+10
12156,1.215651e+10
12157,1.215749e+10
12158,1.215866e+10
12159,1.215942e+10
12160,1.216014e+10
12161,1.216149e+10
12162,1.216250e+10
12163,1.216349e+10
12164,1.216403e+10
12165,1.216528e+10
12166,1.216691e+10
12167,1.216747e+10
12168,1.216889e+10
12169,1.216945e+10
12170,1.217027e+10
12171,1.217176e+10
12172,1.217293e+10
12173,1.217314e+10
12174,1.217434e+10
12175,1.217544e+10
12176,1.217649e+10
12177,1.217769e+10
12178,1.217874e+10
12179,1.217924e+10
12180,1.218094e+10
12181,1.218126e+10
12182,1.218213e+10
12183,1.218334e+10
12184,1.218496e+10
12185,1.218559e+10
12186,1.218659e+10
12187,1.218720e+10
12188,1.218806e+10
12189,1.218950e+10
12190,1.219055e+10
12191,1.219167e+10
12192,1.219218e+10
12193,1.219308e+10
12194,1.219440e+10
12195,1.219596e+10
12196,1.219697e+10
12197,1.219740e+10
12198,1.219840e+10
12199,1.219988e+10
12200,1.220084e+10
12201,1.220135e+10
12202,1.220260e+10
12203,1.220393e+10
12204,1.220470e+10
12205,1.220530e+10
12206,1.220647e+10
12207,1.220738e+10
12208,1.220845e+10
12209,1.220994e+10
12210,1.221030e+10
12211,1.221163e+10
12212,1.221263e+10
12213,1.221327e+10
12214,1.221406e+10
12215,1.221581e+10
12216,1.221641e+10
12217,1.221776e+10
12218,1.221854e+10
12219,1.221984e+10
12220,1.222020e+10
12221,1.222183e+10
12222,1.222261e+10
12223,1.222400e+10
12224,1.222467e+10
12225,1.222598e+10
12226,1.222608e+10
12227,1.222782e+10
12228,1.222882e+10
12229,1.222910e+10
12230,1.223070e+10
12231,1.223187e+10
12232,1.223212e+10
12233,1.223323e+10
12234,1.223423e+10
12235,1.223570e+10
12236,1.223660e+10
12237,1.223708e+10
12238,1.223877e+10
12239,1.223966e+10
12240,1.224060e+10
12241,1.224127e+10
12242,1.224297e+10
12243,1.224344e+10
12244,1.224433e+10
12245,1.224578e+10
12246,1.224628e+10
12247,1.224727e+10
12248,1.224838e+10
12249,1.224917e+10
12250,1.225014e+10
12251,1.225185e+10
12252,1.225229e+10
12253,1.225382e+10
12254,1.225430e+10
12255,1.225567e+10
12256,1.225602e+10
12257,1.225743e+10
12258,1.225800e+10
12259,1.225989e+10
12260,1.226018e+10
12261,1.226161e+10
12262,1.226288e+10
12263,1.226317e+10
12264,1.226475e+10
12265,1.226560e+10
12266,1.226663e+10
12267,1.226798e+10
12268,1.226872e+10
12269,1.226969e+10
12270,1.227035e+10
12271,1.227121e+10
12272,1.227275e+10
12273,1.227344e+10
12274,1.227446e+10
12275,1.227534e+10
12276,1.227641e+10
12277,1.227785e+10
12278,1.227864e+10
12279,1.227913e+10
12280,1.228085e+10
12281,1.228139e+10
12282,1.228237e+10
12283,1.228343e+10
12284,1.228464e+10
12285,1.228577e+10
12286,1.228687e+10
12287,1.228729e+10
12288,1.228830e+10
12289,1.228905e+10
12290,1.229024e+10
12291,1.229147e+10
12292,1.229280e+10
12293,1.229343e+10
12294,1.229411e+10
12295,1.229523e+10
12296,1.229682e+10
12297,1.229719e+10
12298,1.229857e+10
12299,1.229937e+10
12300,1.230079e+10
12301,1.230194e+10
12302,1.230269e+10
12303,1.230313e+10
12304,1.230400e+10
12305,1.230578e+10
12306,1.230654e+10
12307,1.230753e+10
12308,1.230806e+10
12309,1.230914e+10
12310,1.231069e+10
12311,1.231174e+10
12312,1.231263e+10
12313,1.231390e+10
12314,1.231467e+10
12315,1.231515e+10
12316,1.231697e+10
12317,1.231776e+10
12318,1.231874e+10
12319,1.231910e+10
12320,1.232032e+10
12321,1.232168e+10
12322,1.232263e+10
12323,1.232361e+10
12324,1.232414e+10
12325,1.232511e+10
12326,1.232643e+10
12327,1.232729e+10
12328,1.232861e+10
12329,1.232934e+10
12330,1.233031e+10
12331,1.233107e+10
12332,1.233252e+10
12333,1.233384e+10
12334,1.233452e+10
12335,1.233526e+10
12336,1.233635e+10
12337,1.233753e+10
12338,1.233800e+10
12339,1.233920e+10
12340,1.234041e+10
12341,1.234172e+10
12342,1.234214e+10
12343,1.234392e+10
12344,1.234460e+10
12345,1.234566e+10
12346,1.234646e+10
12347,1.234703e+10
12348,1.234886e+10
12349,1.234971e+10
12350,1.235022e+10
12351,1.235127e+10
12352,1.235282e+10
12353,1.235372e+10
12354,1.235447e+10
12355,1.235550e+10
12356,1.235626e+10
12357,1.235707e+10
12358,1.235863e+10
12359,1.235938e+10
12360,1.236069e+10
12361,1.236159e+10
12362,1.236281e+10
12363,1.236391e+10
12364,1.236419e+10
12365,1.236553e+10
12366,1.236642e+10
12367,1.236779e+10
12368,1.236875e+10
12369,1.236907e+10
12370,1.237091e+10
12371,1.237117e+10
12372,1.237211e+10
12373,1.237365e+10
12374,1.237417e+10
12375,1.237565e+10
12376,1.237615e+10
12377,1.237760e+10
12378,1.237892e+10
12379,1.237972e+10
12380,1.238006e+10
12381,1.238122e+10
12382,1.238227e+10
12383,1.238369e+10
12384,1.238439e+10
12385,1.238541e+10
12386,1.238647e+10
12387,1.238762e+10
12388,1.238849e+10
12389,1.238998e+10
12390,1.239067e+10
12391,1.239162e+10
12392,1.239276e+10
12393,1.239317e+10
12394,1.239483e+10
12395,1.239510e+10
12396,1.239646e+10
12397,1.239758e+10
12398,1.239827e+10
12399,1.239967e+10
12400,1.240077e+10
12401,1.240177e+10
12402,1.240238e+10
12403,1.240397e+10
12404,1.240481e+10
12405,1.240535e+10
12406,1.240662e+10
12407,1.240732e+10
12408,1.240804e+10
12409,1.240958e+10
12410,1.241029e+10
12411,1.241131e+10
12412,1.241202e+10
12413,1.241333e+10
12414,1.241490e+10
12415,1.241572e+10
12416,1.241686e+10
12417,1.241761e+10
12418,1.241900e+10
12419,1.241979e+10
12420,1.242085e+10
12421,1.242120e+10
12422,1.242245e+10
12423,1.242337e+10
12424,1.242463e+10
12425,1.242591e+10
12426,1.242693e+10
12427,1.242792e+10
12428,1.242835e+10
12429,1.242922e+10
12430,1.243003e+10
12431,1.243196e+10
12432,1.243240e+10
12433,1.243318e+10
12434,1.243426e+10
12435,1.243520e+10
12436,1.243638e+10
12437,1.243713e+10
12438,1.243880e+10
12439,1.243975e+10
12440,1.244023e+10
12441,1.244161e+10
12442,1.244219e+10
12443,1.244316e+10
12444,1.244422e+10
12445,1.244589e+10
12446,1.244612e+10
12447,1.244706e+10
12448,1.244830e+10
12449,1.244978e+10
12450,1.245098e+10
12451,1.245123e+10
12452,1.245244e+10
12453,1.245302e+10
12454,1.245483e+10
12455,1.245539e+10
12456,1.245657e+10
12457,1.245705e+10
12458,1.245817e+10
12459,1.245905e+10
12460,1.246097e+10
12461,1.246169e+10
12462,1.246212e+10
12463,1.246317e+10
12464,1.246404e+10
12465,1.246557e+10
12466,1.246651e+10
12467,1.246737e+10
12468,1.246814e+10
12469,1.246972e+10
12470,1.247014e+10
12471,1.247100e+10
12472,1.247261e+10
12473,1.247339e+10
12474,1.247421e+10
12475,1.247519e+10
12476,1.247632e+10
12477,1.247712e+10
12478,1.247822e+10
12479,1.247972e+10
12480,1.248011e+10
12481,1.248132e+10
12482,1.248237e+10
12483,1.248302e+10
12484,1.248489e+10
12485,1.248580e+10
12486,1.248693e+10
12487,1.248737e+10
12488,1.248887e+10
12489,1.248946e+10
12490,1.249032e+10
12491,1.249126e+10
12492,1.249236e+10
12493,1.249380e+10
12494,1.249491e+10
12495,1.249527e+10
12496,1.249625e+10
12497,1.249757e+10
12498,1.249849e+10
12499,1.249933e+10
12500,1.250047e+10
12501,1.250166e+10
12502,1.250262e+10
12503,1.250388e+10
12504,1.250448e+10
12505,1.250583e+10
12506,1.250609e+10
12507,1.250784e+10
12508,1.250851e+10
12509,1.250913e+10
12510,1.251018e+10
12511,1.251196e+10
12512,1.251292e+10
12513,1.251366e+10
12514,1.251419e+10
12515,1.251579e+10
12516,1.251689e+10
12517,1.251732e+10
12518,1.251890e+10
12519,1.251957e+10
12520,1.252065e+10
12521,1.252137e+10
12522,1.252203e+10
12523,1.252361e+10
12524,1.252443e+10
12525,1.252588e+10
12526,1.252655e+10
12527,1.252794e+10
12528,1.252816e+10
12529,1.252956e+10
12530,1.253012e+10
12531,1.253159e+10
12532,1.253227e+10
12533,1.253366e+10
12534,1.253469e+10
12535,1.253588e+10
12536,1.253668e+10
12537,1.253758e+10
12538,1.253811e+10
12539,1.253941e+10
12540,1.254005e+10
12541,1.254103e+10
12542,1.254270e+10
12543,1.254308e+10
12544,1.254480e+10
12545,1.254561e+10
12546,1.254615e+10
12547,1.254715e+10
12548,1.254827e+10
12549,1.254971e+10
12550,1.255000e+10
12551,1.255196e+10
12552,1.255231e+10
12553,1.255360e+10
12554,1.255454e+10
12555,1.255576e+10
12556,1.255663e+10
12557,1.255768e+10
12558,1.255846e+10
12559,1.255902e+10
12560,1.256040e+10
12561,1.256137e+10
12562,1.256273e+10
12563,1.256356e+10
12564,1.256496e+10
12565,1.256555e+10
12566,1.256666e+10
12567,1.256742e+10
12568,1.256852e+10
12569,1.256954e+10
12570,1.257075e+10
12571,1.257172e+10
12572,1.257265e+10
12573,1.257375e+10
12574,1.257495e+10
12575,1.257536e+10
12576,1.257633e+10
12577,1.257708e+10
12578,1.257839e+10
12579,1.257949e+10
12580,1.258099e+10
12581,1.258117e+10
12582,1.258270e+10
12583,1.258350e+10
12584,1.258421e+10
12585,1.258582e+10
12586,1.258668e+10
12587,1.258704e+10
12588,1.258869e+10
12589,1.258907e+10
12590,1.259069e+10
12591,1.259163e+10
12592,1.259258e+10
12593,1.259371e+10
12594,1.259445e+10
12595,1.259600e+10
12596,1.259631e+10
12597,1.259748e+10
12598,1.259848e+10
12599,1.259900e+10
12600,1.260084e+10
12601,1.260179e+10
12602,1.260250e+10
12603,1.260338e+10
12604,1.260469e+10
12605,1.260522e+10
12606,1.260604e+10
12607,1.260729e+10
12608,1.260816e+10
12609,1.260930e+10
12610,1.261018e+10
12611,1.261141e+10
12612,1.261225e+10
12613,1.261335e+10
12614,1.261417e+10
12615,1.261526e+10
12616,1.261691e+10
12617,1.261746e+10
12618,1.261845e+10
12619,1.261944e+10
12620,1.262053e+10
12621,1.262107e+10
12622,1.262244e+10
12623,1.262323e+10
12624,1.262414e+10
12625,1.262542e+10
12626,1.262634e+10
12627,1.262743e+10
12628,1.262824e+10
12629,1.262974e+10
12630,1.263016e+10
12631,1.263105e+10
12632,1.263258e+10
12633,1.263358e+10
12634,1.263449e+10
12635,1.263579e+10
12636,1.263621e+10
12637,1.263739e+10
12638,1.263833e+10
12639,1.263983e+10
12640,1.264026e+10
12641,1.264128e+10
12642,1.264273e+10
12643,1.264363e+10
12644,1.264469e+10
12645,1.264534e+10
12646,1.264677e+10
12647,1.264737e+10
12648,1.264870e+10
12649,1.264981e+10
12650,1.265057e+10
12651,1.265155e+10
12652,1.265263e+10
12653,1.265348e+10
12654,1.265498e+10
12655,1.265534e+10
12656,1.265685e+10
12657,1.265752e+10
12658,1.265885e+10
12659,1.265981e+10
12660,1.266073e+10
12661,1.266165e+10
12662,1.266278e+10
12663,1.266360e+10
12664,1.266413e+10
12665,1.266579e+10
12666,1.266664e+10
12667,1.266795e+10
12668,1.266850e+10
12669,1.266987e+10
12670,1.267012e+10
12671,1.267195e+10
12672,1.267251e+10
12673,1.267311e+10
12674,1.267406e+10
12675,1.267590e+10
12676,1.267680e+10
12677,1.267749e+10
12678,1.267849e+10
12679,1.267928e+10
12680,1.268096e+10
12681,1.268129e+10
12682,1.268235e+10
12683,1.268355e+10
12684,1.268427e+10
12685,1.268559e+10
12686,1.268631e+10
12687,1.268794e+10
12688,1.268883e+10
12689,1.268943e+10
12690,1.269058e+10
12691,1.269100e+10
12692,1.269274e+10
12693,1.269316e+10
12694,1.269434e+10
12695,1.269561e+10
12696,1.269632e+10
12697,1.269770e+10
12698,1.269801e+10
12699,1.269903e+10
12700,1.270025e+10
12701,1.270127e+10
12702,1.270299e+10
12703,1.270329e+10
12704,1.270437e+10
12705,1.270535e+10
12706,1.270606e+10
12707,1.270787e+10
12708,1.270833e+10
12709,1.270965e+10
12710,1.271009e+10
12711,1.271124e+10
12712,1.271226e+10
12713,1.271350e+10
12714,1.271415e+10
12715,1.271570e+10
12716,1.271610e+10
12717,1.271734e+10
12718,1.271828e+10
12719,1.271931e+10
12720,1.272056e+10
12721,1.272151e+10
12722,1.272242e+10
12723,1.272308e+10
12724,1.272406e+10
12725,1.272546e+10
12726,1.272629e+10
12727,1.272720e+10
12728,1.272876e+10
12729,1.272984e+10
12730,1.273032e+10
12731,1.273155e+10
12732,1.273247e+10
12733,1.273395e+10
12734,1.273478e+10
12735,1.273518e+10
12736,1.273650e+10
12737,1.273733e+10
12738,1.273837e+10
12739,1.273947e+10
12740,1.274085e+10
12741,1.274150e+10
12742,1.274247e+10
12743,1.274317e+10
12744,1.274437e+10
12745,1.274577e+10
12746,1.274658e+10
12747,1.274773e+10
12748,1.274824e+10
12749,1.274986e+10
12750,1.275042e+10
12751,1.275133e+10
12752,1.275255e+10
12753,1.275321e+10
12754,1.275452e+10
12755,1.275595e+10
12756,1.275642e+10
12757,1.275790e+10
12758,1.275849e+10
12759,1.275905e+10
12760,1.276095e+10
12761,1.276126e+10
12762,1.276215e+10
12763,1.276371e+10
12764,1.276463e+10
12765,1.276552e+10
12766,1.276668e+10
12767,1.276716e+10
12768,1.276825e+10
12769,1.276909e+10
12770,1.277016e+10
12771,1.277135e+10
12772,1.277224e+10
12773,1.277366e+10
12774,1.277418e+10
12775,1.277571e+10
12776,1.277653e+10
12777,1.277788e+10
12778,1.277897e+10
12779,1.277937e+10
12780,1.278014e+10
12781,1.278124e+10
12782,1.278233e+10
12783,1.278367e+10
12784,1.278482e+10
12785,1.278572e+10
12786,1.278600e+10
12787,1.278761e+10
12788,1.278864e+10
12789,1.278914e+10
12790,1.279074e+10
12791,1.279152e+10
12792,1.279221e+10
12793,1.279359e+10
12794,1.279438e+10
12795,1.279543e+10
12796,1.279606e+10
12797,1.279742e+10
12798,1.279840e+10
12799,1.279982e+10
12800,1.280025e+10
12801,1.280159e+10
12802,1.280286e+10
12803,1.280339e+10
12804,1.280452e+10
12805,1.280510e+10
12806,1.280660e+10
12807,1.280748e+10
12808,1.280878e+10
12809,1.280938e+10
12810,1.281092e+10
12811,1.281101e+10
12812,1.281278e+10
12813,1.281370e+10
12814,1.281431e+10
12815,1.281509e+10
12816,1.281622e+10
12817,1.281765e+10
12818,1.281899e+10
12819,1.281937e+10
12820,1.282019e+10
12821,1.282189e+10
12822,1.282268e+10
12823,1.282373e+10
12824,1.282423e+10
12825,1.282569e+10
12826,1.282686e+10
12827,1.282712e+10
12828,1.282840e+10
12829,1.282997e+10
12830,1.283054e+10
12831,1.283125e+10
12832,1.283221e+10
12833,1.283336e+10
12834,1.283443e+10
12835,1.283512e+10
12836,1.283661e+10
12837,1.283715e+10
12838,1.283857e+10
12839,1.283939e+10
12840,1.284018e+10
12841,1.284199e+10
12842,1.284299e+10
12843,1.284328e+10
12844,1.284459e+10
12845,1.284553e+10
12846,1.284656e+10
12847,1.284710e+10
12848,1.284812e+10
12849,1.284988e+10
12850,1.285085e+10
12851,1.285144e+10
12852,1.285265e+10
12853,1.285379e+10
12854,1.285416e+10
12855,1.285542e+10
12856,1.285670e+10
12857,1.285736e+10
12858,1.285883e+10
12859,1.285977e+10
12860,1.286092e+10
12861,1.286155e+10
12862,1.286224e+10
12863,1.286379e+10
12864,1.286425e+10
12865,1.286529e+10
12866,1.286645e+10
12867,1.286745e+10
12868,1.286804e+10
12869,1.286955e+10
12870,1.287017e+10
12871,1.287180e+10
12872,1.287234e+10
12873,1.287345e+10
12874,1.287482e+10
12875,1.287578e+10
12876,1.287676e+10
12877,1.287719e+10
12878,1.287894e+10
12879,1.287977e+10
12880,1.288027e+10
12881,1.288156e+10
12882,1.288280e+10
12883,1.288365e+10
12884,1.288494e+10
12885,1.288569e+10
12886,1.288661e+10
12887,1.288705e+10
12888,1.288836e+10
12889,1.288909e+10
12890,1.289096e+10
12891,1.289142e+10
12892,1.289258e+10
12893,1.289358e+10
12894,1.289403e+10
12895,1.289509e+10
12896,1.289700e+10
12897,1.289799e+10
12898,1.289846e+10
12899,1.289966e+10
12900,1.290070e+10
12901,1.290112e+10
12902,1.290290e+10
12903,1.290315e+10
12904,1.290480e+10
12905,1.290556e+10
12906,1.290696e+10
12907,1.290723e+10
12908,1.290853e+10
12909,1.290990e+10
12910,1.291060e+10
12911,1.291185e+10
12912,1.291287e+10
12913,1.291367e+10
12914,1.291492e+10
12915,1.291584e+10
12916,1.291637e+10
12917,1.291740e+10
12918,1.291861e+10
12919,1.291954e+10
12920,1.292036e+10
12921,1.292111e+10
12922,1.292219e+10
12923,1.292337e+10
12924,1.292462e+10
12925,1.292535e+10
12926,1.292601e+10
12927,1.292775e+10
12928,1.292873e+10
12929,1.292920e+10
12930,1.293041e+10
12931,1.293107e+10
12932,1.293278e+10
12933,1.293301e+10
12934,1.293425e+10
12935,1.293558e+10
12936,1.293612e+10
12937,1.293736e+10
12938,1.293844e+10
12939,1.293946e+10
12940,1.294005e+10
12941,1.294168e+10
12942,1.294230e+10
12943,1.294387e+10
12944,1.294437e+10
12945,1.294535e+10
12946,1.294623e+10
12947,1.294736e+10
12948,1.294833e+10
12949,1.294932e+10
12950,1.295043e+10
12951,1.295109e+10
12952,1.295223e+10
12953,1.295361e+10
12954,1.295451e+10
12955,1.295586e+10
12956,1.295686e+10
12957,1.295798e+10
12958,1.295800e+10
12959,1.295915e+10
12960,1.296021e+10
12961,1.296150e+10
12962,1.296234e+10
12963,1.296305e+10
12964,1.296455e+10
12965,1.296581e+10
12966,1.296632e+10
12967,1.296737e+10
12968,1.296846e+10
12969,1.296996e+10
12970,1.297057e+10
12971,1.297132e+10
12972,1.297269e+10
12973,1.297391e+10
12974,1.297479e+10
12975,1.297578e+10
12976,1.297659e+10
12977,1.297704e+10
12978,1.297850e+10
12979,1.297946e+10
12980,1.298003e+10
12981,1.298140e+10
12982,1.298294e+10
12983,1.298368e+10
12984,1.298445e+10
12985,1.298547e+10
12986,1.298632e+10
12987,1.298790e+10
12988,1.298813e+10
12989,1.298913e+10
12990,1.299010e+10
12991,1.299195e+10
12992,1.299293e+10
12993,1.299381e+10
12994,1.299431e+10
12995,1.299579e+10
12996,1.299645e+10
12997,1.299767e+10
12998,1.299878e+10
12999,1.299974e+10
13000,1.300062e+10
13001,1.300104e+10
13002,1.300288e+10
13003,1.300376e+10
13004,1.300490e+10
13005,1.300519e+10
13006,1.300651e+10
13007,1.300759e+10
13008,1.300899e+10
13009,1.300925e+10
13010,1.301047e+10
13011,1.301142e+10
13012,1.301290e+10
13013,1.301386e+10
13014,1.301472e+10
13015,1.301589e+10
13016,1.301613e+10
13017,1.301705e+10
13018,1.301827e+10
13019,1.301974e+10
13020,1.302050e+10
13021,1.302107e+10
13022,1.302234e+10
13023,1.302341e+10
13024,1.302410e+10
13025,1.302523e+10
13026,1.302651e+10
13027,1.302737e+10
13028,1.302830e+10
13029,1.302988e+10
13030,1.303093e+10
13031,1.303157e+10
13032,1.303230e+10
13033,1.303310e+10
13034,1.303422e+10
13035,1.303554e+10
13036,1.303632e+10
13037,1.303770e+10
13038,1.303830e+10
13039,1.303903e+10
13040,1.304095e+10
13041,1.304200e+10
13042,1.304281e+10
13043,1.304393e+10
13044,1.304400e+10
13045,1.304537e+10
13046,1.304671e+10
13047,1.304716e+10
13048,1.304883e+10
13049,1.304945e+10
13050,1.305064e+10
13051,1.305120e+10
13052,1.305280e+10
13053,1.305324e+10
13054,1.305431e+10
13055,1.305581e+10
13056,1.305655e+10
13057,1.305735e+10
13058,1.305838e+10
13059,1.305969e+10
13060,1.306005e+10
13061,1.306143e+10
13062,1.306295e+10
13063,1.306315e+10
13064,1.306470e+10
13065,1.306570e+10
13066,1.306646e+10
13067,1.306742e+10
13068,1.306810e+10
13069,1.306904e+10
13070,1.307044e+10
13071,1.307177e+10
13072,1.307244e+10
13073,1.307353e+10
13074,1.307497e+10
13075,1.307565e+10
13076,1.307640e+10
13077,1.307708e+10
13078,1.307891e+10
13079,1.307907e+10
13080,1.308036e+10
13081,1.308153e+10
13082,1.308274e+10
13083,1.308387e+10
13084,1.308421e+10
13085,1.308591e+10
13086,1.308658e+10
13087,1.308730e+10
13088,1.308840e+10
13089,1.308966e+10
13090,1.309088e+10
13091,1.309120e+10
13092,1.309274e+10
13093,1.309379e+10
13094,1.309436e+10
13095,1.309528e+10
13096,1.309646e+10
13097,1.309783e+10
13098,1.309817e+10
13099,1.309903e+10
13100,1.310022e+10
13101,1.310195e+10
13102,1.310266e+10
13103,1.310395e+10
13104,1.310410e+10
13105,1.310570e+10
13106,1.310657e+10
13107,1.310738e+10
13108,1.310840e+10
13109,1.310972e+10
13110,1.311051e+10
13111,1.311144e+10
13112,1.311293e+10
13113,1.311319e+10
13114,1.311433e+10
13115,1.311543e+10
13116,1.311683e+10
13117,1.311708e+10
13118,1.311897e+10
13119,1.311968e+10
13120,1.312026e+10
13121,1.312106e+10
13122,1.312290e+10
13123,1.312390e+10
13124,1.312404e+10
13125,1.312591e+10
13126,1.312610e+10
13127,1.312709e+10
13128,1.312820e+10
13129,1.312940e+10
13130,1.313068e+10
13131,1.313136e+10
13132,1.313282e+10
13133,1.313305e+10
13134,1.313482e+10
13135,1.313572e+10
13136,1.313613e+10
13137,1.313704e+10
13138,1.313872e+10
13139,1.313997e+10
13140,1.314029e+10
13141,1.314158e+10
13142,1.314275e+10
13143,1.314356e+10
13144,1.314462e+10
13145,1.314555e+10
13146,1.314681e+10
13147,1.314713e+10
13148,1.314806e+10
13149,1.314975e+10
13150,1.315028e+10
13151,1.315190e+10
13152,1.315291e+10
13153,1.315395e+10
13154,1.315427e+10
13155,1.315588e+10
13156,1.315629e+10
13157,1.315712e+10
13158,1.315811e+10
13159,1.315926e+10
13160,1.316016e+10
13161,1.316146e+10
13162,1.316257e+10
13163,1.316307e+10
13164,1.316493e+10
13165,1.316522e+10
13166,1.316697e+10
13167,1.316706e+10
13168,1.316829e+10
13169,1.316965e+10
13170,1.317035e+10
13171,1.317153e+10
13172,1.317209e+10
13173,1.317320e+10
13174,1.317486e+10
13175,1.317531e+10
13176,1.317643e+10
13177,1.317726e+10
13178,1.317858e+10
13179,1.317916e+10
13180,1.318090e+10
13181,1.318155e+10
13182,1.318234e+10
13183,1.318365e+10
13184,1.318433e+10
13185,1.318545e+10
13186,1.318649e+10
13187,1.318757e+10
13188,1.318809e+10
13189,1.318906e+10
13190,1.319077e+10
13191,1.319185e+10
13192,1.319244e+10
13193,1.319360e+10
13194,1.319448e+10
13195,1.319521e+10
13196,1.319607e+10
13197,1.319742e+10
13198,1.319891e+10
13199,1.319977e+10
13200,1.320037e+10
13201,1.320169e+10
13202,1.320207e+10
13203,1.320382e+10
13204,1.320474e+10
13205,1.320513e+10
13206,1.320691e+10
13207,1.320750e+10
13208,1.320885e+10
13209,1.320946e+10
13210,1.321096e+10
13211,1.321152e+10
13212,1.321238e+10
13213,1.321356e+10
13214,1.321475e+10
13215,1.321560e+10
13216,1.321664e+10
13217,1.321704e+10
13218,1.321829e+10
13219,1.321913e+10
13220,1.322033e+10
13221,1.322187e+10
13222,1.322252e+10
13223,1.322331e+10
13224,1.322450e+10
13225,1.322570e+10
13226,1.322629e+10
13227,1.322734e+10
13228,1.322876e+10
13229,1.322967e+10
13230,1.323000e+10
13231,1.323117e+10
13232,1.323252e+10
13233,1.323389e+10
13234,1.323468e+10
13235,1.323574e+10
13236,1.323617e+10
13237,1.323780e+10
13238,1.323847e+10
13239,1.323908e+10
13240,1.324043e+10
13241,1.324197e+10
13242,1.324200e+10
13243,1.324326e+10
13244,1.324486e+10
13245,1.324575e+10
13246,1.324677e+10
13247,1.324750e+10
13248,1.324877e+10
13249,1.324906e+10
13250,1.325065e+10
13251,1.325156e+10
13252,1.325270e+10
13253,1.325360e+10
13254,1.325477e+10
13255,1.325525e+10
13256,1.325642e+10
13257,1.325729e+10
13258,1.325861e+10
13259,1.325907e+10
13260,1.326080e+10
13261,1.326173e+10
13262,1.326298e+10
13263,1.326369e+10
13264,1.326484e+10
13265,1.326582e+10
13266,1.326642e+10
13267,1.326793e+10
13268,1.326899e+10
13269,1.326915e+10
13270,1.327051e+10
13271,1.327187e+10
13272,1.327261e+10
13273,1.327326e+10
13274,1.327489e+10
13275,1.327552e+10
13276,1.327686e+10
13277,1.327784e+10
13278,1.327850e+10
13279,1.327988e+10
13280,1.328029e+10
13281,1.328146e+10
13282,1.328226e+10
13283,1.328383e+10
13284,1.328466e+10
13285,1.328507e+10
13286,1.328626e+10
13287,1.328754e+10
13288,1.328880e+10
13289,1.328996e+10
13290,1.329079e+10
13291,1.329158e+10
13292,1.329213e+10
13293,1.329312e+10
13294,1.329497e+10
13295,1.329539e+10
13296,1.329699e+10
13297,1.329773e+10
13298,1.329833e+10
13299,1.329923e+10
13300,1.330034e+10
13301,1.330168e+10
13302,1.330274e+10
13303,1.330322e+10
13304,1.330434e+10
13305,1.330572e+10
13306,1.330641e+10
13307,1.330724e+10
13308,1.330856e+10
13309,1.330921e+10
13310,1.331024e+10
13311,1.331104e+10
13312,1.331220e+10
13313,1.331302e+10
13314,1.331442e+10
13315,1.331573e+10
13316,1.331659e+10
13317,1.331740e+10
13318,1.331886e+10
13319,1.331941e+10
13320,1.332061e+10
13321,1.332139e+10
13322,1.332283e+10
13323,1.332320e+10
13324,1.332466e+10
13325,1.332543e+10
13326,1.332609e+10
13327,1.332729e+10
13328,1.332866e+10
13329,1.332971e+10
13330,1.333046e+10
13331,1.333190e+10
13332,1.333222e+10
13333,1.333391e+10
13334,1.333400e+10
13335,1.333562e+10
13336,1.333640e+10
13337,1.333781e+10
13338,1.333872e+10
13339,1.333950e+10
13340,1.334011e+10
13341,1.334198e+10
13342,1.334246e+10
13343,1.334366e+10
13344,1.334461e+10
13345,1.334571e+10
13346,1.334667e+10
13347,1.334735e+10
13348,1.334880e+10
13349,1.334997e+10
13350,1.335018e+10
13351,1.335136e+10
13352,1.335207e+10
13353,1.335390e+10
13354,1.335472e+10
13355,1.335519e+10
13356,1.335635e+10
13357,1.335701e+10
13358,1.335897e+10
13359,1.335956e+10
13360,1.336081e+10
13361,1.336102e+10
13362,1.336299e+10
13363,1.336305e+10
13364,1.336450e+10
13365,1.336503e+10
13366,1.336680e+10
13367,1.336736e+10
13368,1.336833e+10
13369,1.336915e+10
13370,1.337001e+10
13371,1.337187e+10
13372,1.337246e+10
13373,1.337328e+10
13374,1.337442e+10
13375,1.337592e+10
13376,1.337650e+10
13377,1.337792e+10
13378,1.337832e+10
13379,1.337944e+10
13380,1.338099e+10
13381,1.338125e+10
13382,1.338298e+10
13383,1.338335e+10
13384,1.338499e+10
13385,1.338530e+10
13386,1.338666e+10
13387,1.338732e+10
13388,1.338849e+10
13389,1.338912e+10
13390,1.339003e+10
13391,1.339161e+10
13392,1.339263e+10
13393,1.339303e+10
13394,1.339434e+10
13395,1.339544e+10
13396,1.339630e+10
13397,1.339762e+10
13398,1.339891e+10
13399,1.339980e+10
13400,1.340013e+10
13401,1.340166e+10
13402,1.340212e+10
13403,1.340346e+10
13404,1.340425e+10
13405,1.340590e+10
13406,1.340608e+10
13407,1.340799e+10
13408,1.340859e+10
13409,1.340929e+10
13410,1.341011e+10
13411,1.341134e+10
13412,1.341205e+10
13413,1.341359e+10
13414,1.341463e+10
13415,1.341525e+10
13416,1.341675e+10
13417,1.341754e+10
13418,1.341854e+10
13419,1.341980e+10
13420,1.342058e+10
13421,1.342128e+10
13422,1.342201e+10
13423,1.342362e+10
13424,1.342460e+10
13425,1.342527e+10
13426,1.342673e+10
13427,1.342718e+10
13428,1.342892e+10
13429,1.342973e+10
13430,1.343069e+10
13431,1.343105e+10
13432,1.343233e+10
13433,1.343398e+10
13434,1.343426e+10
13435,1.343545e+10
13436,1.343622e+10
13437,1.343788e+10
13438,1.343818e+10
13439,1.343988e+10
13440,1.344073e+10
13441,1.344123e+10
13442,1.344234e+10
13443,1.344317e+10
13444,1.344466e+10
13445,1.344552e+10
13446,1.344696e+10
13447,1.344737e+10
13448,1.344804e+10
13449,1.344931e+10
13450,1.345004e+10
13451,1.345195e+10
13452,1.345282e+10
13453,1.345340e+10
13454,1.345478e+10
13455,1.345570e+10
13456,1.345626e+10
13457,1.345780e+10
13458,1.345860e+10
13459,1.345987e+10
13460,1.346048e+10
13461,1.346152e+10
13462,1.346218e+10
13463,1.346378e+10
13464,1.346483e+10
13465,1.346545e+10
13466,1.346635e+10
13467,1.346757e+10
13468,1.346841e+10
13469,1.346916e+10
13470,1.347073e+10
13471,1.347111e+10
13472,1.347296e+10
13473,1.347380e+10
13474,1.347429e+10
13475,1.347537e+10
13476,1.347617e+10
13477,1.347756e+10
13478,1.347885e+10
13479,1.347917e+10
13480,1.348097e+10
13481,1.348195e+10
13482,1.348231e+10
13483,1.348357e+10
13484,1.348413e+10
13485,1.348527e+10
13486,1.348628e+10
13487,1.348733e+10
13488,1.348880e+10
13489,1.348937e+10
13490,1.349009e+10
13491,1.349176e+10
13492,1.349269e+10
13493,1.349362e+10
13494,1.349408e+10
13495,1.349524e+10
13496,1.349606e+10
13497,1.349729e+10
13498,1.349854e+10
13499,1.349936e+10
13500,1.350084e+10
13501,1.350142e+10
13502,1.350253e+10
13503,1.350351e+10
13504,1.350499e+10
13505,1.350540e+10
13506,1.350619e+10
13507,1.350760e+10
13508,1.350819e+10
13509,1.350919e+10
13510,1.351078e+10
13511,1.351146e+10
13512,1.351229e+10
13513,1.351375e+10
13514,1.351407e+10
13515,1.351588e+10
13516,1.351645e+10
13517,1.351799e+10
13518,1.351886e+10
13519,1.351960e+10
13520,1.352046e+10
13521,1.352176e+10
13522,1.352270e+10
13523,1.352387e+10
13524,1.352409e+10
13525,1.352592e+10
13526,1.352605e+10
13527,1.352701e+10
13528,1.352829e+10
13529,1.352967e+10
13530,1.353065e+10
13531,1.353181e+10
13532,1.353228e+10
13533,1.353397e+10
13534,1.353456e+10
13535,1.353532e+10
13536,1.353651e+10
13537,1.353751e+10
13538,1.353838e+10
13539,1.353910e+10
13540,1.354002e+10
13541,1.354129e+10
13542,1.354296e+10
13543,1.354335e+10
13544,1.354468e+10
13545,1.354549e+10
13546,1.354649e+10
13547,1.354769e+10
13548,1.354865e+10
13549,1.354956e+10
13550,1.355096e+10
13551,1.355184e+10
13552,1.355249e+10
13553,1.355304e+10
13554,1.355448e+10
13555,1.355519e+10
13556,1.355654e+10
13557,1.355740e+10
13558,1.355881e+10
13559,1.355988e+10
13560,1.356008e+10
13561,1.356182e+10
13562,1.356203e+10
13563,1.356345e+10
13564,1.356484e+10
13565,1.356590e+10
13566,1.356670e+10
13567,1.356724e+10
13568,1.356803e+10
13569,1.356978e+10
13570,1.357064e+10
13571,1.357176e+10
13572,1.357291e+10
13573,1.357316e+10
13574,1.357471e+10
13575,1.357520e+10
13576,1.357611e+10
13577,1.357701e+10
13578,1.357813e+10
13579,1.357964e+10
13580,1.358033e+10
13581,1.358130e+10
13582,1.358223e+10
13583,1.358340e+10
13584,1.358416e+10
13585,1.358549e+10
13586,1.358672e+10
13587,1.358713e+10
13588,1.358844e+10
13589,1.358925e+10
13590,1.359005e+10
13591,1.359177e+10
13592,1.359275e+10
13593,1.359396e+10
13594,1.359448e+10
13595,1.359534e+10
13596,1.359692e+10
13597,1.359757e+10
13598,1.359827e+10
13599,1.359960e+10
13600,1.360075e+10
13601,1.360113e+10
13602,1.360222e+10
13603,1.360317e+10
13604,1.360414e+10
13605,1.360519e+10
13606,1.360666e+10
13607,1.360729e+10
13608,1.360818e+10
13609,1.360980e+10
13610,1.361020e+10
13611,1.361101e+10
13612,1.361215e+10
13613,1.361347e+10
13614,1.361486e+10
13615,1.361600e+10
13616,1.361657e+10
13617,1.361755e+10
13618,1.361840e+10
13619,1.361960e+10
13620,1.362062e+10
13621,1.362182e+10
13622,1.362297e+10
13623,1.362303e+10
13624,1.362453e+10
13625,1.362539e+10
13626,1.362601e+10
13627,1.362726e+10
13628,1.362838e+10
13629,1.362940e+10
13630,1.363007e+10
13631,1.363167e+10
13632,1.363253e+10
13633,1.363361e+10
13634,1.363404e+10
13635,1.363593e+10
13636,1.363626e+10
13637,1.363705e+10
13638,1.363803e+10
13639,1.363944e+10
13640,1.364046e+10
13641,1.364142e+10
13642,1.364276e+10
13643,1.364384e+10
13644,1.364495e+10
13645,1.364500e+10
13646,1.364642e+10
13647,1.364703e+10
13648,1.364830e+10
13649,1.364943e+10
13650,1.365022e+10
13651,1.365161e+10
13652,1.365287e+10
13653,1.365349e+10
13654,1.365427e+10
13655,1.365541e+10
13656,1.365650e+10
13657,1.365738e+10
13658,1.365839e+10
13659,1.365941e+10
13660,1.366031e+10
13661,1.366144e+10
13662,1.366264e+10
13663,1.366345e+10
13664,1.366431e+10
13665,1.366579e+10
13666,1.366628e+10
13667,1.366786e+10
13668,1.366816e+10
13669,1.366916e+10
13670,1.367068e+10
13671,1.367127e+10
13672,1.367282e+10
13673,1.367394e+10
13674,1.367432e+10
13675,1.367554e+10
13676,1.367627e+10
13677,1.367798e+10
13678,1.367895e+10
13679,1.367907e+10
13680,1.368082e+10
13681,1.368162e+10
13682,1.368209e+10
13683,1.368313e+10
13684,1.368451e+10
13685,1.368546e+10
13686,1.368607e+10
13687,1.368705e+10
13688,1.368868e+10
13689,1.368905e+10
13690,1.369100e+10
13691,1.369175e+10
13692,1.369262e+10
13693,1.369332e+10
13694,1.369485e+10
13695,1.369581e+10
13696,1.369684e+10
13697,1.369781e+10
13698,1.369860e+10
13699,1.369907e+10
13700,1.370083e+10
13701,1.370176e+10
13702,1.370238e+10
13703,1.370379e+10
13704,1.370465e+10
13705,1.370568e+10
13706,1.370609e+10
13707,1.370743e+10
13708,1.370829e+10
13709,1.370944e+10
13710,1.371099e+10
13711,1.371175e+10
13712,1.371247e+10
13713,1.371330e+10
13714,1.371408e+10
13715,1.371558e+10
13716,1.371642e+10
13717,1.371764e+10
13718,1.371854e+10
13719,1.371996e+10
13720,1.372077e+10
13721,1.372167e+10
13722,1.372298e+10
13723,1.372321e+10
13724,1.372442e+10
13725,1.372544e+10
13726,1.372650e+10
13727,1.372763e+10
13728,1.372870e+10
13729,1.372962e+10
13730,1.373033e+10
13731,1.373168e+10
13732,1.373257e+10
13733,1.373329e+10
13734,1.373484e+10
13735,1.373534e+10
13736,1.373635e+10
13737,1.373724e+10
13738,1.373800e+10
13739,1.373936e+10
13740,1.374097e+10
13741,1.374131e+10
13742,1.374249e+10
13743,1.374373e+10
13744,1.374460e+10
13745,1.374595e+10
13746,1.374619e+10
13747,1.374781e+10
13748,1.374802e+10
13749,1.374939e+10
13750,1.375003e+10
13751,1.375141e+10
13752,1.375278e+10
13753,1.375381e+10
13754,1.375491e+10
13755,1.375553e+10
13756,1.375683e+10
13757,1.375788e+10
13758,1.375877e+10
13759,1.375910e+10
13760,1.376061e+10
13761,1.376165e+10
13762,1.376294e+10
13763,1.376300e+10
13764,1.376411e+10
13765,1.376598e+10
13766,1.376681e+10
13767,1.376741e+10
13768,1.376898e+10
13769,1.376946e+10
13770,1.377069e+10
13771,1.377197e+10
13772,1.377206e+10
13773,1.377301e+10
13774,1.377480e+10
13775,1.377521e+10
13776,1.377699e+10
13777,1.377783e+10
13778,1.377884e+10
13779,1.377944e+10
13780,1.378056e+10
13781,1.378163e+10
13782,1.378265e+10
13783,1.378323e+10
13784,1.378457e+10
13785,1.378530e+10
13786,1.378611e+10
13787,1.378796e+10
13788,1.378899e+10
13789,1.378988e+10
13790,1.379052e+10
13791,1.379137e+10
13792,1.379283e+10
13793,1.379367e+10
13794,1.379461e+10
13795,1.379523e+10
13796,1.379665e+10
13797,1.379743e+10
13798,1.379884e+10
13799,1.379974e+10
13800,1.380062e+10
13801,1.380130e+10
13802,1.380300e+10
13803,1.380392e+10
13804,1.380415e+10
13805,1.380592e+10
13806,1.380659e+10
13807,1.380765e+10
13808,1.380877e+10
13809,1.380935e+10
13810,1.381076e+10
13811,1.381114e+10
13812,1.381207e+10
13813,1.381306e+10
13814,1.381491e+10
13815,1.381591e+10
13816,1.381658e+10
13817,1.381709e+10
13818,1.381865e+10
13819,1.381984e+10
13820,1.382061e+10
13821,1.382179e+10
13822,1.382216e+10
13823,1.382357e+10
13824,1.382404e+10
13825,1.382591e+10
13826,1.382633e+10
13827,1.382709e+10
13828,1.382848e+10
13829,1.382988e+10
13830,1.383082e+10
13831,1.383162e+10
13832,1.383228e+10
13833,1.383383e+10
13834,1.383452e+10
13835,1.383506e+10
13836,1.383698e+10
13837,1.383798e+10
13838,1.383822e+10
13839,1.383950e+10
13840,1.384029e+10
13841,1.384114e+10
13842,1.384206e+10
13843,1.384324e+10
13844,1.384447e+10
13845,1.384578e+10
13846,1.384691e+10
13847,1.384737e+10
13848,1.384897e+10
13849,1.384949e+10
13850,1.385012e+10
13851,1.385122e+10
13852,1.385274e+10
13853,1.385320e+10
13854,1.385434e+10
13855,1.385523e+10
13856,1.385620e+10
13857,1.385766e+10
13858,1.385840e+10
13859,1.385951e+10
13860,1.386034e+10
13861,1.386172e+10
13862,1.386272e+10
13863,1.386383e+10
13864,1.386476e+10
13865,1.386557e+10
13866,1.386604e+10
13867,1.386732e+10
13868,1.386872e+10
13869,1.386938e+10
13870,1.387010e+10
13871,1.387194e+10
13872,1.387207e+10
13873,1.387396e+10
13874,1.387499e+10
13875,1.387590e+10
13876,1.387628e+10
13877,1.387777e+10
13878,1.387817e+10
13879,1.387999e+10
13880,1.388055e+10
13881,1.388163e+10
13882,1.388294e+10
13883,1.388367e+10
13884,1.388497e+10
13885,1.388590e+10
13886,1.388618e+10
13887,1.388700e+10
13888,1.388860e+10
13889,1.388942e+10
13890,1.389068e+10
13891,1.389137e+10
13892,1.389218e+10
13893,1.389370e+10
13894,1.389488e+10
13895,1.389561e+10
13896,1.389615e+10
13897,1.389715e+10
13898,1.389809e+10
13899,1.389934e+10
13900,1.390076e+10
13901,1.390173e+10
13902,1.390269e+10
13903,1.390333e+10
13904,1.390454e+10
13905,1.390542e+10
13906,1.390613e+10
13907,1.390747e+10
13908,1.390823e+10
13909,1.390997e+10
13910,1.391024e+10
13911,1.391103e+10
13912,1.391217e+10
13913,1.391368e+10
13914,1.391427e+10
13915,1.391589e+10
13916,1.391660e+10
13917,1.391766e+10
13918,1.391819e+10
13919,1.391999e+10
13920,1.392007e+10
13921,1.392167e+10
13922,1.392242e+10
13923,1.392350e+10
13924,1.392489e+10
13925,1.392510e+10
13926,1.392691e+10
13927,1.392728e+10
13928,1.392882e+10
13929,1.392979e+10
13930,1.393032e+10
13931,1.393164e+10
13932,1.393265e+10
13933,1.393348e+10
13934,1.393449e+10
13935,1.393513e+10
13936,1.393631e+10
13937,1.393736e+10
13938,1.393894e+10
13939,1.393914e+10
13940,1.394012e+10
13941,1.394195e+10
13942,1.394291e+10
13943,1.394325e+10
13944,1.394468e+10
13945,1.394533e+10
13946,1.394692e+10
13947,1.394784e+10
13948,1.394844e+10
13949,1.394930e+10
13950,1.395035e+10
13951,1.395140e+10
13952,1.395258e+10
13953,1.395337e+10
13954,1.395405e+10
13955,1.395572e+10
13956,1.395603e+10
13957,1.395793e+10
13958,1.395873e+10
13959,1.395970e+10
13960,1.396040e+10
13961,1.396116e+10
13962,1.396225e+10
13963,1.396396e+10
13964,1.396444e+10
13965,1.396561e+10
13966,1.396630e+10
13967,1.396708e+10
13968,1.396843e+10
13969,1.396962e+10
13970,1.397037e+10
13971,1.397134e+10
13972,1.397218e+10
13973,1.397317e+10
13974,1.397437e+10
13975,1.397538e+10
13976,1.397640e+10
13977,1.397754e+10
13978,1.397823e+10
13979,1.397938e+10
13980,1.398070e+10
13981,1.398134e+10
13982,1.398207e+10
13983,1.398355e+10
13984,1.398495e+10
13985,1.398536e+10
13986,1.398638e+10
13987,1.398758e+10
13988,1.398821e+10
13989,1.398935e+10
13990,1.399057e+10
13991,1.399181e+10
13992,1.399208e+10
13993,1.399368e+10
13994,1.399474e+10
13995,1.399510e+10
13996,1.399626e+10
13997,1.399727e+10
13998,1.399831e+10
13999,1.399940e+10
14000,1.400061e+10
14001,1.400123e+10
14002,1.400270e+10
14003,1.400381e+10
14004,1.400465e+10
14005,1.400596e+10
14006,1.400670e+10
14007,1.400761e+10
14008,1.400835e+10
14009,1.400932e+10
14010,1.401001e+10
14011,1.401125e+10
14012,1.401228e+10
14013,1.401334e+10
14014,1.401474e+10
14015,1.401568e+10
14016,1.401697e+10
14017,1.401720e+10
14018,1.401805e+10
14019,1.401994e+10
14020,1.402049e+10
14021,1.402186e+10
14022,1.402296e+10
14023,1.402341e+10
14024,1.402480e+10
14025,1.402584e+10
14026,1.402653e+10
14027,1.402732e+10
14028,1.402867e+10
14029,1.402946e+10
14030,1.403012e+10
14031,1.403197e+10
14032,1.403268e+10
14033,1.403327e+10
14034,1.403452e+10
14035,1.403585e+10
14036,1.403644e+10
14037,1.403792e+10
14038,1.403830e+10
14039,1.403920e+10
14040,1.404014e+10
14041,1.404161e+10
14042,1.404248e+10
14043,1.404373e+10
14044,1.404450e+10
14045,1.404539e+10
14046,1.404626e+10
14047,1.404754e+10
14048,1.404821e+10
14049,1.404952e+10
14050,1.405023e+10
14051,1.405177e+10
14052,1.405209e+10
14053,1.405340e+10
14054,1.405412e+10
14055,1.405572e+10
14056,1.405671e+10
14057,1.405710e+10
14058,1.405860e+10
14059,1.405971e+10
14060,1.406028e+10
14061,1.406163e+10
14062,1.406260e+10
14063,1.406372e+10
14064,1.406422e+10
14065,1.406554e+10
14066,1.406690e+10
14067,1.406748e+10
14068,1.406830e+10
14069,1.406995e+10
14070,1.407094e+10
14071,1.407191e+10
14072,1.407269e+10
14073,1.407373e+10
14074,1.407431e+10
14075,1.407572e+10
14076,1.407611e+10
14077,1.407729e+10
14078,1.407840e+10
14079,1.407994e+10
14080,1.408042e+10
14081,1.408159e+10
14082,1.408267e+10
14083,1.408320e+10
14084,1.408425e+10
14085,1.408558e+10
14086,1.408691e+10
14087,1.408721e+10
14088,1.408852e+10
14089,1.408940e+10
14090,1.409044e+10
14091,1.409162e+10
14092,1.409223e+10
14093,1.409364e+10
14094,1.409476e+10
14095,1.409563e+10
14096,1.409624e+10
14097,1.409716e+10
14098,1.409836e+10
14099,1.409984e+10
14100,1.410048e+10
14101,1.410116e+10
14102,1.410293e+10
14103,1.410314e+10
14104,1.410441e+10
14105,1.410599e+10
14106,1.410640e+10
14107,1.410774e+10
14108,1.410899e+10
14109,1.410989e+10
14110,1.411035e+10
14111,1.411145e+10
14112,1.411233e+10
14113,1.411397e+10
14114,1.411444e+10
14115,1.411585e+10
14116,1.411626e+10
14117,1.411716e+10
14118,1.411867e+10
14119,1.411999e+10
14120,1.412077e+10
14121,1.412118e+10
14122,1.412275e+10
14123,1.412310e+10
14124,1.412480e+10
14125,1.412541e+10
14126,1.412698e+10
14127,1.412774e+10
14128,1.412877e+10
14129,1.412940e+10
14130,1.413088e+10
14131,1.413194e+10
14132,1.413279e+10
14133,1.413333e+10
14134,1.413428e+10
14135,1.413512e+10
14136,1.413651e+10
14137,1.413755e+10
14138,1.413889e+10
14139,1.413997e+10
14140,1.414080e+10
14141,1.414163e+10
14142,1.414205e+10
14143,1.414336e+10
14144,1.414489e+10
14145,1.414511e+10
14146,1.414696e+10
14147,1.414781e+10
14148,1.414888e+10
14149,1.414958e+10
14150,1.415020e+10
14151,1.415175e+10
14152,1.415241e+10
14153,1.415325e+10
14154,1.415450e+10
14155,1.415565e+10
14156,1.415636e+10
14157,1.415706e+10
14158,1.415866e+10
14159,1.415918e+10
14160,1.416082e+10
14161,1.416120e+10
14162,1.416243e+10
14163,1.416377e+10
14164,1.416441e+10
14165,1.416507e+10
14166,1.416632e+10
14167,1.416756e+10
14168,1.416801e+10
14169,1.416909e+10
14170,1.417079e+10
14171,1.417104e+10
14172,1.417245e+10
14173,1.417353e+10
14174,1.417479e+10
14175,1.417584e+10
14176,1.417613e+10
14177,1.417766e+10
14178,1.417852e+10
14179,1.417975e+10
14180,1.418077e+10
14181,1.418104e+10
14182,1.418220e+10
14183,1.418310e+10
14184,1.418464e+10
14185,1.418598e+10
14186,1.418696e+10
14187,1.418707e+10
14188,1.418851e+10
14189,1.418902e+10
14190,1.419098e+10
14191,1.419147e+10
14192,1.419253e+10
14193,1.419305e+10
14194,1.419442e+10
14195,1.419532e+10
14196,1.419634e+10
14197,1.419724e+10
14198,1.419854e+10
14199,1.419942e+10
14200,1.420025e+10
14201,1.420155e+10
14202,1.420243e+10
14203,1.420329e+10
14204,1.420455e+10
14205,1.420599e+10
14206,1.420649e+10
14207,1.420746e+10
14208,1.420841e+10
14209,1.420944e+10
14210,1.421084e+10
14211,1.421107e+10
14212,1.421270e+10
14213,1.421364e+10
14214,1.421463e+10
14215,1.421537e+10
14216,1.421608e+10
14217,1.421701e+10
14218,1.421829e+10
14219,1.421986e+10
14220,1.422070e+10
14221,1.422197e+10
14222,1.422240e+10
14223,1.422311e+10
14224,1.422469e+10
14225,1.422527e+10
14226,1.422605e+10
14227,1.422794e+10
14228,1.422845e+10
14229,1.422983e+10
14230,1.423085e+10
14231,1.423190e+10
14232,1.423295e+10
14233,1.423391e+10
14234,1.423495e+10
14235,1.423525e+10
14236,1.423684e+10
14237,1.423770e+10
14238,1.423866e+10
14239,1.423977e+10
14240,1.424099e+10
14241,1.424177e+10
14242,1.424223e+10
14243,1.424338e+10
14244,1.424466e+10
14245,1.424571e+10
14246,1.424646e+10
14247,1.424778e+10
14248,1.424867e+10
14249,1.424939e+10
14250,1.425060e+10
14251,1.425159e+10
14252,1.425273e+10
14253,1.425388e+10
14254,1.425454e+10
14255,1.425514e+10
14256,1.425615e+10
14257,1.425764e+10
14258,1.425849e+10
14259,1.425952e+10
14260,1.426017e+10
14261,1.426138e+10
14262,1.426233e+10
14263,1.426322e+10
14264,1.426471e+10
14265,1.426513e+10
14266,1.426661e+10
14267,1.426782e+10
14268,1.426811e+10
14269,1.426939e+10
14270,1.427005e+10
14271,1.427113e+10
14272,1.427274e+10
14273,1.427378e+10
14274,1.427429e+10
14275,1.427548e+10
14276,1.427685e+10
14277,1.427786e+10
14278,1.427895e+10
14279,1.427950e+10
14280,1.428008e+10
14281,1.428194e+10
14282,1.428280e+10
14283,1.428387e+10
14284,1.428491e+10
14285,1.428589e+10
14286,1.428655e+10
14287,1.428771e+10
14288,1.428831e+10
14289,1.428945e+10
14290,1.429083e+10
14291,1.429112e+10
14292,1.429261e+10
14293,1.429351e+10
14294,1.429410e+10
14295,1.429516e+10
14296,1.429637e+10
14297,1.429714e+10
14298,1.429850e+10
14299,1.429977e+10
14300,1.430029e+10
14301,1.430130e+10
14302,1.430262e+10
14303,1.430319e+10
14304,1.430414e+10
14305,1.430542e+10
14306,1.430643e+10
14307,1.430766e+10
14308,1.430878e+10
14309,1.430953e+10
14310,1.431043e+10
14311,1.431149e+10
14312,1.431298e+10
14313,1.431319e+10
14314,1.431430e+10
14315,1.431577e+10
14316,1.431650e+10
14317,1.431751e+10
14318,1.431864e+10
14319,1.431920e+10
14320,1.432095e+10
14321,1.432108e+10
14322,1.432286e+10
14323,1.432341e+10
14324,1.432500e+10
14325,1.432564e+10
14326,1.432646e+10
14327,1.432779e+10
14328,1.432862e+10
14329,1.432938e+10
14330,1.433055e+10
14331,1.433148e+10
14332,1.433207e+10
14333,1.433367e+10
14334,1.433414e+10
14335,1.433558e+10
14336,1.433625e+10
14337,1.433727e+10
14338,1.433839e+10
14339,1.433963e+10
14340,1.434002e+10
14341,1.434126e+10
14342,1.434288e+10
14343,1.434377e+10
14344,1.434419e+10
14345,1.434509e+10
14346,1.434665e+10
14347,1.434756e+10
14348,1.434847e+10
14349,1.434902e+10
14350,1.435053e+10
14351,1.435181e+10
14352,1.435272e+10
14353,1.435308e+10
14354,1.435469e+10
14355,1.435574e+10
14356,1.435681e+10
14357,1.435771e+10
14358,1.435839e+10
14359,1.435947e+10
14360,1.436085e+10
14361,1.436172e+10
14362,1.436276e+10
14363,1.436308e+10
14364,1.436404e+10
14365,1.436558e+10
14366,1.436636e+10
14367,1.436797e+10
14368,1.436873e+10
14369,1.436962e+10
14370,1.437021e+10
14371,1.437125e+10
14372,1.437255e+10
14373,1.437309e+10
14374,1.437403e+10
14375,1.437519e+10
14376,1.437620e+10
14377,1.437712e+10
14378,1.437874e+10
14379,1.437961e+10
14380,1.438063e+10
14381,1.438192e+10
14382,1.438216e+10
14383,1.438300e+10
14384,1.438419e+10
14385,1.438597e+10
14386,1.438620e+10
14387,1.438776e+10
14388,1.438806e+10
14389,1.438996e+10
14390,1.439052e+10
14391,1.439175e+10
14392,1.439288e+10
14393,1.439318e+10
14394,1.439404e+10
14395,1.439594e+10
14396,1.439637e+10
14397,1.439734e+10
14398,1.439859e+10
14399,1.439966e+10
14400,1.440046e+10
14401,1.440130e+10
14402,1.440214e+10
14403,1.440399e+10
14404,1.440432e+10
14405,1.440502e+10
14406,1.440621e+10
14407,1.440764e+10
14408,1.440881e+10
14409,1.440925e+10
14410,1.441029e+10
14411,1.441125e+10
14412,1.441285e+10
14413,1.441309e+10
14414,1.441403e+10
14415,1.441595e+10
14416,1.441610e+10
14417,1.441799e+10
14418,1.441855e+10
14419,1.441953e+10
14420,1.442072e+10
14421,1.442142e+10
14422,1.442233e+10
14423,1.442385e+10
14424,1.442426e+10
14425,1.442577e+10
14426,1.442624e+10
14427,1.442731e+10
14428,1.442860e+10
14429,1.442940e+10
14430,1.443038e+10
14431,1.443180e+10
14432,1.443227e+10
14433,1.443377e+10
14434,1.443423e+10
14435,1.443594e+10
14436,1.443661e+10
14437,1.443716e+10
14438,1.443825e+10
14439,1.443947e+10
14440,1.444026e+10
14441,1.444129e+10
14442,1.444292e+10
14443,1.444339e+10
14444,1.444424e+10
14445,1.444564e+10
14446,1.444613e+10
14447,1.444725e+10
14448,1.444804e+10
14449,1.444958e+10
14450,1.445003e+10
14451,1.445144e+10
14452,1.445237e+10
14453,1.445306e+10
14454,1.445475e+10
14455,1.445510e+10
14456,1.445615e+10
14457,1.445788e+10
14458,1.445877e+10
14459,1.445923e+10
14460,1.446046e+10
14461,1.446166e+10
14462,1.446201e+10
14463,1.446320e+10
14464,1.446481e+10
14465,1.446569e+10
14466,1.446692e+10
14467,1.446721e+10
14468,1.446860e+10
14469,1.446923e+10
14470,1.447026e+10
14471,1.447115e+10
14472,1.447233e+10
14473,1.447382e+10
14474,1.447494e+10
14475,1.447591e+10
14476,1.447624e+10
14477,1.447724e+10
14478,1.447823e+10
14479,1.447985e+10
14480,1.448029e+10
14481,1.448102e+10
14482,1.448273e+10
14483,1.448376e+10
14484,1.448467e+10
14485,1.448541e+10
14486,1.448626e+10
14487,1.448728e+10
14488,1.448857e+10
14489,1.448913e+10
14490,1.449037e+10
14491,1.449181e+10
14492,1.449215e+10
14493,1.449358e+10
14494,1.449429e+10
14495,1.449503e+10
14496,1.449620e+10
14497,1.449795e+10
14498,1.449866e+10
14499,1.449960e+10
14500,1.450095e+10
14501,1.450142e+10
14502,1.450254e+10
14503,1.450384e+10
14504,1.450452e+10
14505,1.450536e+10
14506,1.450672e+10
14507,1.450796e+10
14508,1.450814e+10
14509,1.450990e+10
14510,1.451067e+10
14511,1.451148e+10
14512,1.451248e+10
14513,1.451368e+10
14514,1.451499e+10
14515,1.451563e+10
14516,1.451622e+10
14517,1.451717e+10
14518,1.451843e+10
14519,1.451942e+10
14520,1.452100e+10
14521,1.452190e+10
14522,1.452212e+10
14523,1.452333e+10
14524,1.452464e+10
14525,1.452535e+10
14526,1.452684e+10
14527,1.452709e+10
14528,1.452844e+10
14529,1.452958e+10
14530,1.453056e+10
14531,1.453135e+10
14532,1.453216e+10
14533,1.453312e+10
14534,1.453412e+10
14535,1.453555e+10
14536,1.453680e+10
14537,1.453748e+10
14538,1.453801e+10
14539,1.453955e+10
14540,1.454062e+10
14541,1.454121e+10
14542,1.454279e+10
14543,1.454346e+10
14544,1.454427e+10
14545,1.454540e+10
14546,1.454663e+10
14547,1.454700e+10
14548,1.454835e+10
14549,1.454981e+10
14550,1.455055e+10
14551,1.455183e+10
14552,1.455253e+10
14553,1.455365e+10
14554,1.455440e+10
14555,1.455571e+10
14556,1.455689e+10
14557,1.455718e+10
14558,1.455840e+10
14559,1.455998e+10
14560,1.456057e+10
14561,1.456157e+10
14562,1.456262e+10
14563,1.456347e+10
14564,1.456433e+10
14565,1.456504e+10
14566,1.456693e+10
14567,1.456791e+10
14568,1.456836e+10
14569,1.456970e+10
14570,1.457058e+10
14571,1.457176e+10
14572,1.457289e+10
14573,1.457308e+10
14574,1.457449e+10
14575,1.457529e+10
14576,1.457667e+10
14577,1.457766e+10
14578,1.457829e+10
14579,1.457990e+10
14580,1.458076e+10
14581,1.458130e+10
14582,1.458258e+10
14583,1.458349e+10
14584,1.458418e+10
14585,1.458541e+10
14586,1.458667e+10
14587,1.458794e+10
14588,1.458873e+10
14589,1.458942e+10
14590,1.459039e+10
14591,1.459136e+10
14592,1.459272e+10
14593,1.459384e+10
14594,1.459402e+10
14595,1.459571e+10
14596,1.459645e+10
14597,1.459747e+10
14598,1.459884e+10
14599,1.459998e+10
14600,1.460080e+10
14601,1.460133e+10
14602,1.460275e+10
14603,1.460338e+10
14604,1.460433e+10
14605,1.460511e+10
14606,1.460628e+10
14607,1.460720e+10
14608,1.460838e+10
14609,1.460999e+10
14610,1.461095e+10
14611,1.461148e+10
14612,1.461227e+10
14613,1.461369e+10
14614,1.461431e+10
14615,1.461583e+10
14616,1.461691e+10
14617,1.461726e+10
14618,1.461825e+10
14619,1.461960e+10
14620,1.462045e+10
14621,1.462180e+10
14622,1.462288e+10
14623,1.462394e+10
14624,1.462494e+10
14625,1.462544e+10
14626,1.462696e+10
14627,1.462704e+10
14628,1.462827e+10
14629,1.462959e+10
14630,1.463021e+10
14631,1.463102e+10
14632,1.463265e+10
14633,1.463387e+10
14634,1.463442e+10
14635,1.463523e+10
14636,1.463648e+10
14637,1.463783e+10
14638,1.463863e+10
14639,1.463997e+10
14640,1.464072e+10
14641,1.464171e+10
14642,1.464216e+10
14643,1.464379e+10
14644,1.464471e+10
14645,1.464563e+10
14646,1.464659e+10
14647,1.464712e+10
14648,1.464889e+10
14649,1.464952e+10
14650,1.465060e+10
14651,1.465150e+10
14652,1.465229e+10
14653,1.465391e+10
14654,1.465480e+10
14655,1.465553e+10
14656,1.465643e+10
14657,1.465706e+10
14658,1.465846e+10
14659,1.465973e+10
14660,1.466032e+10
14661,1.466103e+10
14662,1.466203e+10
14663,1.466367e+10
14664,1.466482e+10
14665,1.466501e+10
14666,1.466633e+10
14667,1.466768e+10
14668,1.466805e+10
14669,1.466981e+10
14670,1.467029e+10
14671,1.467104e+10
14672,1.467298e+10
14673,1.467346e+10
14674,1.467410e+10
14675,1.467542e+10
14676,1.467686e+10
14677,1.467714e+10
14678,1.467807e+10
14679,1.467976e+10
14680,1.468065e+10
14681,1.468177e+10
14682,1.468207e+10
14683,1.468322e+10
14684,1.468460e+10
14685,1.468534e+10
14686,1.468601e+10
14687,1.468708e+10
14688,1.468831e+10
14689,1.468973e+10
14690,1.469021e+10
14691,1.469119e+10
14692,1.469214e+10
14693,1.469386e+10
14694,1.469477e+10
14695,1.469514e+10
14696,1.469652e+10
14697,1.469791e+10
14698,1.469892e+10
14699,1.469914e+10
14700,1.470029e+10
14701,1.470173e+10
14702,1.470279e+10
14703,1.470352e+10
14704,1.470418e+10
14705,1.470596e+10
14706,1.470624e+10
14707,1.470780e+10
14708,1.470812e+10
14709,1.470903e+10
14710,1.471033e+10
14711,1.471180e+10
14712,1.471287e+10
14713,1.471376e+10
14714,1.471468e+10
14715,1.471584e+10
14716,1.471623e+10
14717,1.471716e+10
14718,1.471836e+10
14719,1.471919e+10
14720,1.472051e+10
14721,1.472164e+10
14722,1.472208e+10
14723,1.472394e+10
14724,1.472448e+10
14725,1.472513e+10
14726,1.472606e+10
14727,1.472708e+10
14728,1.472809e+10
14729,1.472910e+10
14730,1.473072e+10
14731,1.473168e+10
14732,1.473296e+10
14733,1.473381e+10
14734,1.473400e+10
14735,1.473542e+10
14736,1.473688e+10
14737,1.473743e+10
14738,1.473808e+10
14739,1.473939e+10
14740,1.474081e+10
14741,1.474146e+10
14742,1.474264e+10
14743,1.474370e+10
14744,1.474450e+10
14745,1.474563e+10
14746,1.474637e+10
14747,1.474799e+10
14748,1.474873e+10
14749,1.474930e+10
14750,1.475030e+10
14751,1.475128e+10
14752,1.475252e+10
14753,1.475316e+10
14754,1.475448e+10
14755,1.475546e+10
14756,1.475664e+10
14757,1.475791e+10
14758,1.475817e+10
14759,1.475954e+10
14760,1.476014e+10
14761,1.476193e+10
14762,1.476221e+10
14763,1.476319e+10
14764,1.476433e+10
14765,1.476568e+10
14766,1.476668e+10
14767,1.476763e+10
14768,1.476811e+10
14769,1.476942e+10
14770,1.477063e+10
14771,1.477113e+10
14772,1.477224e+10
14773,1.477321e+10
14774,1.477413e+10
14775,1.477531e+10
14776,1.477603e+10
14777,1.477734e+10
14778,1.477864e+10
14779,1.477986e+10
14780,1.478048e+10
14781,1.478119e+10
14782,1.478223e+10
14783,1.478397e+10
14784,1.478446e+10
14785,1.478502e+10
14786,1.478610e+10
14787,1.478755e+10
14788,1.478802e+10
14789,1.478970e+10
14790,1.479062e+10
14791,1.479115e+10
14792,1.479229e+10
14793,1.479321e+10
14794,1.479489e+10
14795,1.479578e+10
14796,1.479629e+10
14797,1.479761e+10
14798,1.479846e+10
14799,1.479910e+10
14800,1.480079e+10
14801,1.480117e+10
14802,1.480265e+10
14803,1.480323e+10
14804,1.480442e+10
14805,1.480555e+10
14806,1.480602e+10
14807,1.480708e+10
14808,1.480870e+10
14809,1.480994e+10
14810,1.481007e+10
14811,1.481187e+10
14812,1.481296e+10
14813,1.481366e+10
14814,1.481464e+10
14815,1.481522e+10
14816,1.481653e+10
14817,1.481799e+10
14818,1.481817e+10
14819,1.481949e+10
14820,1.482032e+10
14821,1.482122e+10
14822,1.482202e+10
14823,1.482367e+10
14824,1.482410e+10
14825,1.482504e+10
14826,1.482682e+10
14827,1.482714e+10
14828,1.482882e+10
14829,1.482994e+10
14830,1.483064e+10
14831,1.483115e+10
14832,1.483271e+10
14833,1.483349e+10
14834,1.483400e+10
14835,1.483560e+10
14836,1.483627e+10
14837,1.483773e+10
14838,1.483884e+10
14839,1.483975e+10
14840,1.484074e+10
14841,1.484154e+10
14842,1.484202e+10
14843,1.484359e+10
14844,1.484494e+10
14845,1.484524e+10
14846,1.484646e+10
14847,1.484753e+10
14848,1.484831e+10
14849,1.484992e+10
14850,1.485019e+10
14851,1.485183e+10
14852,1.485261e+10
14853,1.485396e+10
14854,1.485490e+10
14855,1.485553e+10
14856,1.485614e+10
14857,1.485717e+10
14858,1.485857e+10
14859,1.485965e+10
14860,1.486051e+10
14861,1.486120e+10
14862,1.486272e+10
14863,1.486333e+10
14864,1.486445e+10
14865,1.486571e+10
14866,1.486692e+10
14867,1.486714e+10
14868,1.486818e+10
14869,1.486917e+10
14870,1.487040e+10
14871,1.487114e+10
14872,1.487254e+10
14873,1.487328e+10
14874,1.487438e+10
14875,1.487566e+10
14876,1.487676e+10
14877,1.487713e+10
14878,1.487833e+10
14879,1.487960e+10
14880,1.488017e+10
14881,1.488110e+10
14882,1.488278e+10
14883,1.488336e+10
14884,1.488412e+10
14885,1.488509e+10
14886,1.488615e+10
14887,1.488765e+10
14888,1.488819e+10
14889,1.488961e+10
14890,1.489092e+10
14891,1.489171e+10
14892,1.489284e+10
14893,1.489313e+10
14894,1.489473e+10
14895,1.489534e+10
14896,1.489600e+10
14897,1.489771e+10
14898,1.489867e+10
14899,1.489990e+10
14900,1.490096e+10
14901,1.490193e+10
14902,1.490274e+10
14903,1.490354e+10
14904,1.490431e+10
14905,1.490587e+10
14906,1.490683e+10
14907,1.490744e+10
14908,1.490808e+10
14909,1.490906e+10
14910,1.491005e+10
14911,1.491135e+10
14912,1.491256e+10
14913,1.491302e+10
14914,1.491460e+10
14915,1.491569e+10
14916,1.491673e+10
14917,1.491724e+10
14918,1.491840e+10
14919,1.491995e+10
14920,1.492024e+10
14921,1.492177e+10
14922,1.492246e+10
14923,1.492373e+10
14924,1.492478e+10
14925,1.492575e+10
14926,1.492632e+10
14927,1.492744e+10
14928,1.492856e+10
14929,1.492901e+10
14930,1.493099e+10
14931,1.493160e+10
14932,1.493270e+10
14933,1.493323e+10
14934,1.493424e+10
14935,1.493510e+10
14936,1.493603e+10
14937,1.493760e+10
14938,1.493873e+10
14939,1.493977e+10
14940,1.494024e+10
14941,1.494174e+10
14942,1.494224e+10
14943,1.494316e+10
14944,1.494405e+10
14945,1.494520e+10
14946,1.494600e+10
14947,1.494747e+10
14948,1.494876e+10
14949,1.494923e+10
14950,1.495087e+10
14951,1.495172e+10
14952,1.495246e+10
14953,1.495388e+10
14954,1.495437e+10
14955,1.495551e+10
14956,1.495607e+10
14957,1.495716e+10
14958,1.495862e+10
14959,1.495936e+10
14960,1.496053e+10
14961,1.496132e+10
14962,1.496226e+10
14963,1.496303e+10
14964,1.496434e+10
14965,1.496571e+10
14966,1.496678e+10
14967,1.496701e+10
14968,1.496861e+10
14969,1.496948e+10
14970,1.497064e+10
14971,1.497147e+10
14972,1.497232e+10
14973,1.497394e+10
14974,1.497484e+10
14975,1.497590e+10
14976,1.497670e+10
14977,1.497702e+10
14978,1.497886e+10
14979,1.497977e+10
14980,1.498004e+10
14981,1.498111e+10
14982,1.498215e+10
14983,1.498328e+10
14984,1.498497e+10
14985,1.498579e+10
14986,1.498665e+10
14987,1.498748e+10
14988,1.498858e+10
14989,1.498923e+10
14990,1.499037e+10
14991,1.499181e+10
14992,1.499255e+10
14993,1.499379e+10
14994,1.499489e+10
14995,1.499599e+10
14996,1.499686e+10
14997,1.499721e+10
14998,1.499857e+10
14999,1.499997e+10
15000,1.500080e+10
15001,1.500104e+10
15002,1.500205e+10
15003,1.500326e+10
15004,1.500500e+10
15005,1.500583e+10
15006,1.500641e+10
15007,1.500764e+10
15008,1.500837e+10
15009,1.500902e+10
15010,1.501049e+10
15011,1.501186e+10
15012,1.501241e+10
15013,1.501377e+10
15014,1.501451e+10
15015,1.501567e+10
15016,1.501643e+10
15017,1.501776e+10
15018,1.501888e+10
15019,1.501926e+10
15020,1.502093e+10
15021,1.502137e+10
15022,1.502274e+10
15023,1.502309e+10
15024,1.502403e+10
15025,1.502565e+10
15026,1.502603e+10
15027,1.502725e+10
15028,1.502844e+10
15029,1.502909e+10
15030,1.503025e+10
15031,1.503105e+10
15032,1.503285e+10
15033,1.503354e+10
15034,1.503457e+10
15035,1.503527e+10
15036,1.503697e+10
15037,1.503704e+10
15038,1.503842e+10
15039,1.503906e+10
15040,1.504096e+10
15041,1.504118e+10
15042,1.504241e+10
15043,1.504382e+10
15044,1.504411e+10
15045,1.504508e+10
15046,1.504653e+10
15047,1.504776e+10
15048,1.504801e+10
15049,1.504999e+10
15050,1.505091e+10
15051,1.505186e+10
15052,1.505274e+10
15053,1.505395e+10
15054,1.505491e+10
15055,1.505549e+10
15056,1.505630e+10
15057,1.505744e+10
15058,1.505831e+10
15059,1.505971e+10
15060,1.506031e+10
15061,1.506196e+10
15062,1.506285e+10
15063,1.506387e+10
15064,1.506470e+10
15065,1.506540e+10
15066,1.506629e+10
15067,1.506794e+10
15068,1.506805e+10
15069,1.506980e+10
15070,1.507056e+10
15071,1.507127e+10
15072,1.507283e+10
15073,1.507325e+10
15074,1.507452e+10
15075,1.507543e+10
15076,1.507698e+10
15077,1.507766e+10
15078,1.507809e+10
15079,1.507932e+10
15080,1.508060e+10
15081,1.508126e+10
15082,1.508224e+10
15083,1.508348e+10
15084,1.508401e+10
15085,1.508559e+10
15086,1.508609e+10
15087,1.508721e+10
15088,1.508807e+10
15089,1.508941e+10
15090,1.509020e+10
15091,1.509103e+10
15092,1.509275e+10
15093,1.509344e+10
15094,1.509452e+10
15095,1.509561e+10
15096,1.509623e+10
15097,1.509784e+10
15098,1.509839e+10
15099,1.509942e+10
15100,1.510025e+10
15101,1.510113e+10
15102,1.510224e+10
15103,1.510300e+10
15104,1.510492e+10
15105,1.510572e+10
15106,1.510606e+10
15107,1.510714e+10
15108,1.510802e+10
15109,1.510990e+10
15110,1.511012e+10
15111,1.511113e+10
15112,1.511260e+10
15113,1.511367e+10
15114,1.511431e+10
15115,1.511584e+10
15116,1.511650e+10
15117,1.511744e+10
15118,1.511835e+10
15119,1.511990e+10
15120,1.512021e+10
15121,1.512143e+10
15122,1.512234e+10
15123,1.512370e+10
15124,1.512455e+10
15125,1.512516e+10
15126,1.512625e+10
15127,1.512740e+10
15128,1.512844e+10
15129,1.512909e+10
15130,1.513097e+10
15131,1.513138e+10
15132,1.513283e+10
15133,1.513397e+10
15134,1.513432e+10
15135,1.513532e+10
15136,1.513627e+10
15137,1.513731e+10
15138,1.513819e+10
15139,1.513995e+10
15140,1.514009e+10
15141,1.514198e+10
15142,1.514286e+10
15143,1.514324e+10
15144,1.514453e+10
15145,1.514526e+10
15146,1.514658e+10
15147,1.514700e+10
15148,1.514800e+10
15149,1.514976e+10
15150,1.515012e+10
15151,1.515175e+10
15152,1.515210e+10
15153,1.515378e+10
15154,1.515496e+10
15155,1.515574e+10
15156,1.515686e+10
15157,1.515740e+10
15158,1.515820e+10
15159,1.515935e+10
15160,1.516066e+10
15161,1.516170e+10
15162,1.516262e+10
15163,1.516394e+10
15164,1.516450e+10
15165,1.516559e+10
15166,1.516691e+10
15167,1.516794e+10
15168,1.516821e+10
15169,1.516939e+10
15170,1.517076e+10
15171,1.517113e+10
15172,1.517225e+10
15173,1.517328e+10
15174,1.517487e+10
15175,1.517527e+10
15176,1.517657e+10
15177,1.517710e+10
15178,1.517827e+10
15179,1.517971e+10
15180,1.518086e+10
15181,1.518163e+10
15182,1.518239e+10
15183,1.518398e+10
15184,1.518401e+10
15185,1.518529e+10
15186,1.518605e+10
15187,1.518720e+10
15188,1.518889e+10
15189,1.518940e+10
15190,1.519020e+10
15191,1.519150e+10
15192,1.519247e+10
15193,1.519318e+10
15194,1.519416e+10
15195,1.519590e+10
15196,1.519644e+10
15197,1.519701e+10
15198,1.519889e+10
15199,1.519947e+10
15200,1.520023e+10
15201,1.520112e+10
15202,1.520220e+10
15203,1.520313e+10
15204,1.520452e+10
15205,1.520553e+10
15206,1.520649e+10
15207,1.520739e+10
15208,1.520873e+10
15209,1.520914e+10
15210,1.521037e+10
15211,1.521190e+10
15212,1.521210e+10
15213,1.521301e+10
15214,1.521416e+10
15215,1.521502e+10
15216,1.521612e+10
15217,1.521764e+10
15218,1.521869e+10
15219,1.521903e+10
15220,1.522029e+10
15221,1.522170e+10
15222,1.522293e+10
15223,1.522355e+10
15224,1.522446e+10
15225,1.522523e+10
15226,1.522672e+10
15227,1.522776e+10
15228,1.522826e+10
15229,1.522980e+10
15230,1.523054e+10
15231,1.523187e+10
15232,1.523272e+10
15233,1.523330e+10
15234,1.523467e+10
15235,1.523524e+10
15236,1.523694e+10
15237,1.523780e+10
15238,1.523894e+10
15239,1.523922e+10
15240,1.524019e+10
15241,1.524135e+10
15242,1.524230e+10
15243,1.524354e+10
15244,1.524476e+10
15245,1.524541e+10
15246,1.524660e+10
15247,1.524766e+10
15248,1.524871e+10
15249,1.524945e+10
15250,1.525021e+10
15251,1.525171e+10
15252,1.525237e+10
15253,1.525306e+10
15254,1.525491e+10
15255,1.525507e+10
15256,1.525629e+10
15257,1.525743e+10
15258,1.525876e+10
15259,1.525948e+10
15260,1.526025e+10
15261,1.526148e+10
15262,1.526299e+10
15263,1.526332e+10
15264,1.526478e+10
15265,1.526556e+10
15266,1.526659e+10
15267,1.526794e+10
15268,1.526845e+10
15269,1.526942e+10
15270,1.527070e+10
15271,1.527146e+10
15272,1.527294e+10
15273,1.527376e+10
15274,1.527440e+10
15275,1.527563e+10
15276,1.527655e+10
15277,1.527794e+10
15278,1.527849e+10
15279,1.527934e+10
15280,1.528075e+10
15281,1.528194e+10
15282,1.528259e+10
15283,1.528358e+10
15284,1.528481e+10
15285,1.528539e+10
15286,1.528638e+10
15287,1.528755e+10
15288,1.528875e+10
15289,1.528905e+10
15290,1.529061e+10
15291,1.529182e+10
15292,1.529271e+10
15293,1.529302e+10
15294,1.529483e+10
15295,1.529558e+10
15296,1.529693e+10
15297,1.529735e+10
15298,1.529882e+10
15299,1.529904e+10
15300,1.530000e+10
15301,1.530145e+10
15302,1.530238e+10
15303,1.530391e+10
15304,1.530421e+10
15305,1.530505e+10
15306,1.530655e+10
15307,1.530776e+10
15308,1.530850e+10
15309,1.530947e+10
15310,1.531039e+10
15311,1.531109e+10
15312,1.531267e+10
15313,1.531308e+10
15314,1.531426e+10
15315,1.531513e+10
15316,1.531664e+10
15317,1.531733e+10
15318,1.531874e+10
15319,1.531902e+10
15320,1.532079e+10
15321,1.532116e+10
15322,1.532261e+10
15323,1.532352e+10
15324,1.532404e+10
15325,1.532501e+10
15326,1.532647e+10
15327,1.532759e+10
15328,1.532804e+10
15329,1.532919e+10
15330,1.533070e+10
15331,1.533179e+10
15332,1.533240e+10
15333,1.533321e+10
15334,1.533477e+10
15335,1.533529e+10
15336,1.533615e+10
15337,1.533771e+10
15338,1.533804e+10
15339,1.533920e+10
15340,1.534085e+10
15341,1.534108e+10
15342,1.534269e+10
15343,1.534356e+10
15344,1.534420e+10
15345,1.534559e+10
15346,1.534691e+10
15347,1.534724e+10
15348,1.534811e+10
15349,1.534912e+10
15350,1.535081e+10
15351,1.535143e+10
15352,1.535267e+10
15353,1.535358e+10
15354,1.535485e+10
15355,1.535504e+10
15356,1.535678e+10
15357,1.535701e+10
15358,1.535858e+10
15359,1.535908e+10
15360,1.536079e+10
15361,1.536169e+10
15362,1.536292e+10
15363,1.536321e+10
15364,1.536462e+10
15365,1.536569e+10
15366,1.536614e+10
15367,1.536773e+10
15368,1.536891e+10
15369,1.536937e+10
15370,1.537012e+10
15371,1.537109e+10
15372,1.537239e+10
15373,1.537315e+10
15374,1.537437e+10
15375,1.537505e+10
15376,1.537635e+10
15377,1.537742e+10
15378,1.537813e+10
15379,1.537988e+10
15380,1.538050e+10
15381,1.538183e+10
15382,1.538254e+10
15383,1.538397e+10
15384,1.538446e+10
15385,1.538571e+10
15386,1.538641e+10
15387,1.538773e+10
15388,1.538805e+10
15389,1.538961e+10
15390,1.539065e+10
15391,1.539130e+10
15392,1.539215e+10
15393,1.539372e+10
15394,1.539490e+10
15395,1.539510e+10
15396,1.539647e+10
15397,1.539773e+10
15398,1.539843e+10
15399,1.539916e+10
15400,1.540010e+10
15401,1.540169e+10
15402,1.540293e+10
15403,1.540368e+10
15404,1.540451e+10
15405,1.540569e+10
15406,1.540611e+10
15407,1.540794e+10
15408,1.540899e+10
15409,1.540955e+10
15410,1.541043e+10
15411,1.541170e+10
15412,1.541263e+10
15413,1.541352e+10
15414,1.541466e+10
15415,1.541581e+10
15416,1.541612e+10
15417,1.541790e+10
15418,1.541800e+10
15419,1.541966e+10
15420,1.542003e+10
15421,1.542144e+10
15422,1.542245e+10
15423,1.542394e+10
15424,1.542464e+10
15425,1.542587e+10
15426,1.542672e+10
15427,1.542790e+10
15428,1.542819e+10
15429,1.542993e+10
15430,1.543082e+10
15431,1.543110e+10
15432,1.543257e+10
15433,1.543348e+10
15434,1.543444e+10
15435,1.543542e+10
15436,1.543610e+10
15437,1.543787e+10
15438,1.543836e+10
15439,1.543903e+10
15440,1.544046e+10
15441,1.544130e+10
15442,1.544247e+10
15443,1.544371e+10
15444,1.544499e+10
15445,1.544504e+10
15446,1.544622e+10
15447,1.544762e+10
15448,1.544869e+10
15449,1.544972e+10
15450,1.545087e+10
15451,1.545154e+10
15452,1.545298e+10
15453,1.545315e+10
15454,1.545500e+10
15455,1.545541e+10
15456,1.545681e+10
15457,1.545743e+10
15458,1.545806e+10
15459,1.545969e+10
15460,1.546094e+10
15461,1.546140e+10
15462,1.546285e+10
15463,1.546314e+10
15464,1.546493e+10
15465,1.546571e+10
15466,1.546658e+10
15467,1.546745e+10
15468,1.546861e+10
15469,1.547000e+10
15470,1.547029e+10
15471,1.547181e+10
15472,1.547247e+10
15473,1.547387e+10
15474,1.547410e+10
15475,1.547526e+10
15476,1.547604e+10
15477,1.547794e+10
15478,1.547800e+10
15479,1.547948e+10
15480,1.548052e+10
15481,1.548196e+10
15482,1.548222e+10
15483,1.548369e+10
15484,1.548458e+10
15485,1.548587e+10
15486,1.548686e+10
15487,1.548733e+10
15488,1.548895e+10
15489,1.548969e+10
15490,1.549058e+10
15491,1.549166e+10
15492,1.549282e+10
15493,1.549319e+10
15494,1.549439e+10
15495,1.549554e+10
15496,1.549606e+10
15497,1.549775e+10
15498,1.549819e+10
15499,1.549955e+10
15500,1.550088e+10
15501,1.550181e+10
15502,1.550291e+10
15503,1.550306e+10
15504,1.550498e+10
15505,1.550505e+10
15506,1.550648e+10
15507,1.550782e+10
15508,1.550802e+10
15509,1.550910e+10
15510,1.551010e+10
15511,1.551153e+10
15512,1.551211e+10
15513,1.551372e+10
15514,1.551483e+10
15515,1.551526e+10
15516,1.551671e+10
15517,1.551714e+10
15518,1.551843e+10
15519,1.551949e+10
15520,1.552092e+10
15521,1.552184e+10
15522,1.552237e+10
15523,1.552375e+10
15524,1.552454e+10
15525,1.552515e+10
15526,1.552697e+10
15527,1.552719e+10
15528,1.552801e+10
15529,1.552913e+10
15530,1.553015e+10
15531,1.553142e+10
15532,1.553210e+10
15533,1.553357e+10
15534,1.553484e+10
15535,1.553538e+10
15536,1.553670e+10
15537,1.553725e+10
15538,1.553808e+10
15539,1.553963e+10
15540,1.554089e+10
15541,1.554127e+10
15542,1.554259e+10
15543,1.554399e+10
15544,1.554463e+10
15545,1.554555e+10
15546,1.554685e+10
15547,1.554719e+10
15548,1.554888e+10
15549,1.554926e+10
15550,1.555056e+10
15551,1.555170e+10
15552,1.555215e+10
15553,1.555304e+10
15554,1.555491e+10
15555,1.555565e+10
15556,1.555698e+10
15557,1.555760e+10
15558,1.555816e+10
15559,1.555982e+10
15560,1.556093e+10
15561,1.556126e+10
15562,1.556271e+10
15563,1.556355e+10
15564,1.556456e+10
15565,1.556541e+10
15566,1.556622e+10
15567,1.556711e+10
15568,1.556828e+10
15569,1.556980e+10
15570,1.557070e+10
15571,1.557103e+10
15572,1.557287e+10
15573,1.557312e+10
15574,1.557455e+10
15575,1.557501e+10
15576,1.557628e+10
15577,1.557796e+10
15578,1.557843e+10
15579,1.557910e+10
15580,1.558097e+10
15581,1.558160e+10
15582,1.558209e+10
15583,1.558304e+10
15584,1.558471e+10
15585,1.558534e+10
15586,1.558677e+10
15587,1.558720e+10
15588,1.558802e+10
15589,1.558955e+10
15590,1.559099e+10
15591,1.559131e+10
15592,1.559249e+10
15593,1.559346e+10
15594,1.559497e+10
15595,1.559589e+10
15596,1.559679e+10
15597,1.559744e+10
15598,1.559862e+10
15599,1.559916e+10
15600,1.560078e+10
15601,1.560125e+10
15602,1.560256e+10
15603,1.560339e+10
15604,1.560460e+10
15605,1.560505e+10
15606,1.560669e+10
15607,1.560783e+10
15608,1.560859e+10
15609,1.560961e+10
15610,1.561023e+10
15611,1.561117e+10
15612,1.561263e+10
15613,1.561339e+10
15614,1.561495e+10
15615,1.561566e+10
15616,1.561649e+10
15617,1.561729e+10
15618,1.561816e+10
15619,1.561999e+10
15620,1.562014e+10
15621,1.562144e+10
15622,1.562226e+10
15623,1.562341e+10
15624,1.562476e+10
15625,1.562557e+10
15626,1.562690e+10
15627,1.562725e+10
15628,1.562858e+10
15629,1.562911e+10
15630,1.563094e+10
15631,1.563182e+10
15632,1.563234e+10
15633,1.563319e+10
15634,1.563407e+10
15635,1.563554e+10
15636,1.563673e+10
15637,1.563718e+10
15638,1.563855e+10
15639,1.563995e+10
15640,1.564003e+10
15641,1.564138e+10
15642,1.564274e+10
15643,1.564344e+10
15644,1.564472e+10
15645,1.564582e+10
15646,1.564691e+10
15647,1.564736e+10
15648,1.564836e+10
15649,1.564989e+10
15650,1.565009e+10
15651,1.565117e+10
15652,1.565231e+10
15653,1.565372e+10
15654,1.565443e+10
15655,1.565600e+10
15656,1.565670e+10
15657,1.565731e+10
15658,1.565882e+10
15659,1.565976e+10
15660,1.566018e+10
15661,1.566168e+10
15662,1.566230e+10
15663,1.566358e+10
15664,1.566419e+10
15665,1.566542e+10
15666,1.566674e+10
15667,1.566720e+10
15668,1.566874e+10
15669,1.566946e+10
15670,1.567088e+10
15671,1.567164e+10
15672,1.567217e+10
15673,1.567333e+10
15674,1.567461e+10
15675,1.567527e+10
15676,1.567661e+10
15677,1.567765e+10
15678,1.567870e+10
15679,1.567933e+10
15680,1.568070e+10
15681,1.568124e+10
15682,1.568256e+10
15683,1.568397e+10
15684,1.568487e+10
15685,1.568517e+10
15686,1.568606e+10
15687,1.568727e+10
15688,1.568888e+10
15689,1.568986e+10
15690,1.569070e+10
15691,1.569169e+10
15692,1.569238e+10
15693,1.569338e+10
15694,1.569434e+10
15695,1.569584e+10
15696,1.569636e+10
15697,1.569736e+10
15698,1.569840e+10
15699,1.569953e+10
15700,1.570006e+10
15701,1.570193e+10
15702,1.570295e+10
15703,1.570302e+10
15704,1.570491e+10
15705,1.570513e+10
15706,1.570612e+10
15707,1.570721e+10
15708,1.570827e+10
15709,1.570929e+10
15710,1.571038e+10
15711,1.571120e+10
15712,1.571243e+10
15713,1.571369e+10
15714,1.571469e+10
15715,1.571526e+10
15716,1.571671e+10
15717,1.571739e+10
15718,1.571891e+10
15719,1.571968e+10
15720,1.572059e+10
15721,1.572106e+10
15722,1.572237e+10
15723,1.572316e+10
15724,1.572453e+10
15725,1.572541e+10
15726,1.572632e+10
15727,1.572703e+10
15728,1.572819e+10
15729,1.572925e+10
15730,1.573000e+10
15731,1.573156e+10
15732,1.573254e+10
15733,1.573306e+10
15734,1.573454e+10
15735,1.573587e+10
15736,1.573648e+10
15737,1.573796e+10
15738,1.573845e+10
15739,1.573942e+10
15740,1.574061e+10
15741,1.574139e+10
15742,1.574206e+10
15743,1.574347e+10
15744,1.574403e+10
15745,1.574531e+10
15746,1.574670e+10
15747,1.574796e+10
15748,1.574844e+10
15749,1.574911e+10
15750,1.575073e+10
15751,1.575187e+10
15752,1.575247e+10
15753,1.575376e+10
15754,1.575409e+10
15755,1.575552e+10
15756,1.575669e+10
15757,1.575783e+10
15758,1.575844e+10
15759,1.575925e+10
15760,1.576006e+10
15761,1.576123e+10
15762,1.576249e+10
15763,1.576389e+10
15764,1.576480e+10
15765,1.576555e+10
15766,1.576657e+10
15767,1.576767e+10
15768,1.576889e+10
15769,1.576939e+10
15770,1.577057e+10
15771,1.577116e+10
15772,1.577243e+10
15773,1.577364e+10
15774,1.577458e+10
15775,1.577547e+10
15776,1.577670e+10
15777,1.577771e+10
15778,1.577853e+10
15779,1.577908e+10
15780,1.578042e+10
15781,1.578127e+10
15782,1.578253e+10
15783,1.578306e+10
15784,1.578472e+10
15785,1.578520e+10
15786,1.578692e+10
15787,1.578796e+10
15788,1.578851e+10
15789,1.578940e+10
15790,1.579088e+10
15791,1.579138e+10
15792,1.579298e+10
15793,1.579369e+10
15794,1.579431e+10
15795,1.579500e+10
15796,1.579651e+10
15797,1.579735e+10
15798,1.579809e+10
15799,1.579934e+10
15800,1.580090e+10
15801,1.580156e+10
15802,1.580216e+10
15803,1.580308e+10
15804,1.580470e+10
15805,1.580575e+10
15806,1.580639e+10
15807,1.580739e+10
15808,1.580801e+10
15809,1.580925e+10
15810,1.581072e+10
15811,1.581162e+10
15812,1.581250e+10
15813,1.581341e+10
15814,1.581410e+10
15815,1.581558e+10
15816,1.581656e+10
15817,1.581800e+10
15818,1.581831e+10
15819,1.581981e+10
15820,1.582008e+10
15821,1.582168e+10
15822,1.582280e+10
15823,1.582345e+10
15824,1.582491e+10
15825,1.582592e+10
15826,1.582639e+10
15827,1.582760e+10
15828,1.582877e+10
15829,1.582936e+10
15830,1.583064e+10
15831,1.583191e+10
15832,1.583263e+10
15833,1.583315e+10
15834,1.583441e+10
15835,1.583535e+10
15836,1.583673e+10
15837,1.583773e+10
15838,1.583854e+10
15839,1.583958e+10
15840,1.584087e+10
15841,1.584156e+10
15842,1.584278e+10
15843,1.584319e+10
15844,1.584454e+10
15845,1.584577e+10
15846,1.584667e+10
15847,1.584721e+10
15848,1.584891e+10
15849,1.584954e+10
15850,1.585044e+10
15851,1.585153e+10
15852,1.585224e+10
15853,1.585377e+10
15854,1.585487e+10
15855,1.585501e+10
15856,1.585610e+10
15857,1.585765e+10
15858,1.585842e+10
15859,1.585912e+10
15860,1.586094e+10
15861,1.586168e+10
15862,1.586227e+10
15863,1.586340e+10
15864,1.586401e+10
15865,1.586600e+10
15866,1.586631e+10
15867,1.586705e+10
15868,1.586867e+10
15869,1.586981e+10
15870,1.587048e+10
15871,1.587185e+10
15872,1.587275e+10
15873,1.587338e+10
15874,1.587409e+10
15875,1.587529e+10
15876,1.587686e+10
15877,1.587768e+10
15878,1.587889e+10
15879,1.587961e+10
15880,1.588060e+10
15881,1.588102e+10
15882,1.588213e+10
15883,1.588316e+10
15884,1.588500e+10
15885,1.588536e+10
15886,1.588640e+10
15887,1.588700e+10
15888,1.588893e+10
15889,1.588922e+10
15890,1.589072e+10
15891,1.589133e+10
15892,1.589283e+10
15893,1.589314e+10
15894,1.589404e+10
15895,1.589526e+10
15896,1.589637e+10
15897,1.589713e+10
15898,1.589837e+10
15899,1.589968e+10
15900,1.590021e+10
15901,1.590188e+10
15902,1.590241e+10
15903,1.590353e+10
15904,1.590430e+10
15905,1.590518e+10
15906,1.590677e+10
15907,1.590793e+10
15908,1.590802e+10
15909,1.590936e+10
15910,1.591074e+10
15911,1.591190e+10
15912,1.591205e+10
15913,1.591362e+10
15914,1.591437e+10
15915,1.591518e+10
15916,1.591606e+10
15917,1.591747e+10
15918,1.591873e+10
15919,1.591988e+10
15920,1.592052e+10
15921,1.592173e+10
15922,1.592300e+10
15923,1.592323e+10
15924,1.592463e+10
15925,1.592513e+10
15926,1.592679e+10
15927,1.592777e+10
15928,1.592879e+10
15929,1.592980e+10
15930,1.593024e+10
15931,1.593185e+10
15932,1.593252e+10
15933,1.593392e+10
15934,1.593431e+10
15935,1.593561e+10
15936,1.593668e+10
15937,1.593739e+10
15938,1.593844e+10
15939,1.593901e+10
15940,1.594024e+10
15941,1.594186e+10
15942,1.594244e+10
15943,1.594363e+10
15944,1.594428e+10
15945,1.594564e+10
15946,1.594634e+10
15947,1.594760e+10
15948,1.594821e+10
15949,1.594990e+10
15950,1.595020e+10
15951,1.595131e+10
15952,1.595295e+10
15953,1.595357e+10
15954,1.595491e+10
15955,1.595501e+10
15956,1.595687e+10
15957,1.595702e+10
15958,1.595864e+10
15959,1.595934e+10
15960,1.596077e+10
15961,1.596168e+10
15962,1.596205e+10
15963,1.596339e+10
15964,1.596473e+10
15965,1.596550e+10
15966,1.596626e+10
15967,1.596786e+10
15968,1.596829e+10
15969,1.596964e+10
15970,1.597027e+10
15971,1.597111e+10
15972,1.597261e+10
15973,1.597354e+10
15974,1.597437e+10
15975,1.597594e+10
15976,1.597635e+10
15977,1.597754e+10
15978,1.597836e+10
15979,1.597905e+10
15980,1.598005e+10
15981,1.598165e+10
15982,1.598282e+10
15983,1.598317e+10
15984,1.598425e+10
15985,1.598501e+10
15986,1.598639e+10
15987,1.598704e+10
15988,1.598895e+10
15989,1.598943e+10
15990,1.599095e+10
15991,1.599147e+10
15992,1.599261e+10
15993,1.599383e+10
15994,1.599473e+10
15995,1.599554e+10
15996,1.599647e+10
15997,1.599716e+10
15998,1.599899e+10
15999,1.599925e+10
16000,1.600091e+10
16001,1.600161e+10
16002,1.600251e+10
16003,1.600319e+10
16004,1.600459e+10
16005,1.600506e+10
16006,1.600621e+10
16007,1.600744e+10
16008,1.600847e+10
16009,1.600932e+10
16010,1.601073e+10
16011,1.601174e+10
16012,1.601254e+10
16013,1.601340e+10
16014,1.601413e+10
16015,1.601523e+10
16016,1.601638e+10
16017,1.601734e+10
16018,1.601897e+10
16019,1.601983e+10
16020,1.602003e+10
16021,1.602184e+10
16022,1.602245e+10
16023,1.602317e+10
16024,1.602402e+10
16025,1.602527e+10
16026,1.602602e+10
16027,1.602736e+10
16028,1.602879e+10
16029,1.602945e+10
16030,1.603083e+10
16031,1.603125e+10
16032,1.603268e+10
16033,1.603325e+10
16034,1.603470e+10
16035,1.603505e+10
16036,1.603692e+10
16037,1.603742e+10
16038,1.603848e+10
16039,1.603983e+10
16040,1.604077e+10
16041,1.604150e+10
16042,1.604274e+10
16043,1.604372e+10
16044,1.604480e+10
16045,1.604539e+10
16046,1.604667e+10
16047,1.604759e+10
16048,1.604882e+10
16049,1.605000e+10
16050,1.605073e+10
16051,1.605174e+10
16052,1.605242e+10
16053,1.605317e+10
16054,1.605422e+10
16055,1.605566e+10
16056,1.605664e+10
16057,1.605737e+10
16058,1.605862e+10
16059,1.605959e+10
16060,1.606069e+10
16061,1.606161e+10
16062,1.606212e+10
16063,1.606360e+10
16064,1.606427e+10
16065,1.606595e+10
16066,1.606694e+10
16067,1.606728e+10
16068,1.606814e+10
16069,1.606995e+10
16070,1.607023e+10
16071,1.607133e+10
16072,1.607210e+10
16073,1.607349e+10
16074,1.607473e+10
16075,1.607516e+10
16076,1.607648e+10
16077,1.607717e+10
16078,1.607856e+10
16079,1.607921e+10
16080,1.608024e+10
16081,1.608154e+10
16082,1.608286e+10
16083,1.608382e+10
16084,1.608442e+10
16085,1.608505e+10
16086,1.608604e+10
16087,1.608716e+10
16088,1.608879e+10
16089,1.608924e+10
16090,1.609040e+10
16091,1.609122e+10
16092,1.609268e+10
16093,1.609351e+10
16094,1.609428e+10
16095,1.609503e+10
16096,1.609667e+10
16097,1.609784e+10
16098,1.609802e+10
16099,1.609968e+10
16100,1.610068e+10
16101,1.610195e+10
16102,1.610264e+10
16103,1.610362e+10
16104,1.610486e+10
16105,1.610506e+10
16106,1.610614e+10
16107,1.610746e+10
16108,1.610811e+10
16109,1.610973e+10
16110,1.611028e+10
16111,1.611142e+10
16112,1.611275e+10
16113,1.611358e+10
16114,1.611434e+10
16115,1.611575e+10
16116,1.611674e+10
16117,1.611705e+10
16118,1.611849e+10
16119,1.611973e+10
16120,1.612003e+10
16121,1.612140e+10
16122,1.612221e+10
16123,1.612315e+10
16124,1.612440e+10
16125,1.612576e+10
16126,1.612666e+10
16127,1.612709e+10
16128,1.612888e+10
16129,1.612960e+10
16130,1.613095e+10
16131,1.613193e+10
16132,1.613244e+10
16133,1.613332e+10
16134,1.613401e+10
16135,1.613556e+10
16136,1.613694e+10
16137,1.613744e+10
16138,1.613875e+10
16139,1.613929e+10
16140,1.614034e+10
16141,1.614155e+10
16142,1.614241e+10
16143,1.614346e+10
16144,1.614483e+10
16145,1.614554e+10
16146,1.614694e+10
16147,1.614745e+10
16148,1.614826e+10
16149,1.615000e+10
16150,1.615026e+10
16151,1.615129e+10
16152,1.615233e+10
16153,1.615389e+10
16154,1.615453e+10
16155,1.615538e+10
16156,1.615640e+10
16157,1.615762e+10
16158,1.615894e+10
16159,1.615984e+10
16160,1.616098e+10
16161,1.616153e+10
16162,1.616239e+10
16163,1.616347e+10
16164,1.616494e+10
16165,1.616559e+10
16166,1.616604e+10
16167,1.616778e+10
16168,1.616855e+10
16169,1.616910e+10
16170,1.617097e+10
16171,1.617171e+10
16172,1.617208e+10
16173,1.617316e+10
16174,1.617451e+10
16175,1.617573e+10
16176,1.617616e+10
16177,1.617747e+10
16178,1.617843e+10
16179,1.617965e+10
16180,1.618058e+10
16181,1.618191e+10
16182,1.618232e+10
16183,1.618394e+10
16184,1.618403e+10
16185,1.618522e+10
16186,1.618682e+10
16187,1.618772e+10
16188,1.618865e+10
16189,1.618917e+10
16190,1.619016e+10
16191,1.619133e+10
16192,1.619241e+10
16193,1.619360e+10
16194,1.619459e+10
16195,1.619594e+10
16196,1.619604e+10
16197,1.619731e+10
16198,1.619838e+10
16199,1.619994e+10
16200,1.620082e+10
16201,1.620123e+10
16202,1.620296e+10
16203,1.620320e+10
16204,1.620415e+10
16205,1.620556e+10
16206,1.620659e+10
16207,1.620794e+10
16208,1.620889e+10
16209,1.620989e+10
16210,1.621054e+10
16211,1.621183e+10
16212,1.621238e+10
16213,1.621375e+10
16214,1.621450e+10
16215,1.621540e+10
16216,1.621631e+10
16217,1.621771e+10
16218,1.621833e+10
16219,1.621982e+10
16220,1.622030e+10
16221,1.622156e+10
16222,1.622271e+10
16223,1.622372e+10
16224,1.622477e+10
16225,1.622570e+10
16226,1.622647e+10
16227,1.622703e+10
16228,1.622864e+10
16229,1.622954e+10
16230,1.623022e+10
16231,1.623145e+10
16232,1.623205e+10
16233,1.623342e+10
16234,1.623461e+10
16235,1.623538e+10
16236,1.623688e+10
16237,1.623775e+10
16238,1.623894e+10
16239,1.623945e+10
16240,1.624006e+10
16241,1.624189e+10
16242,1.624280e+10
16243,1.624399e+10
16244,1.624481e+10
16245,1.624565e+10
16246,1.624620e+10
16247,1.624770e+10
16248,1.624868e+10
16249,1.624950e+10
16250,1.625048e+10
16251,1.625116e+10
16252,1.625227e+10
16253,1.625320e+10
16254,1.625480e+10
16255,1.625559e+10
16256,1.625623e+10
16257,1.625755e+10
16258,1.625883e+10
16259,1.625959e+10
16260,1.626007e+10
16261,1.626166e+10
16262,1.626205e+10
16263,1.626395e+10
16264,1.626448e+10
16265,1.626577e+10
16266,1.626621e+10
16267,1.626781e+10
16268,1.626859e+10
16269,1.626942e+10
16270,1.627005e+10
16271,1.627180e+10
16272,1.627287e+10
16273,1.627315e+10
16274,1.627422e+10
16275,1.627595e+10
16276,1.627672e+10
16277,1.627701e+10
16278,1.627898e+10
16279,1.627962e+10
16280,1.628045e+10
16281,1.628143e+10
16282,1.628207e+10
16283,1.628347e+10
16284,1.628500e+10
16285,1.628525e+10
16286,1.628636e+10
16287,1.628720e+10
16288,1.628811e+10
16289,1.628909e+10
16290,1.629080e+10
16291,1.629165e+10
16292,1.629222e+10
16293,1.629318e+10
16294,1.629423e+10
16295,1.629508e+10
16296,1.629638e+10
16297,1.629768e+10
16298,1.629864e+10
16299,1.629943e+10
16300,1.630006e+10
16301,1.630165e+10
16302,1.630286e+10
16303,1.630333e+10
16304,1.630401e+10
16305,1.630533e+10
16306,1.630668e+10
16307,1.630781e+10
16308,1.630835e+10
16309,1.630985e+10
16310,1.631034e+10
16311,1.631179e+10
16312,1.631203e+10
16313,1.631324e+10
16314,1.631429e+10
16315,1.631563e+10
16316,1.631686e+10
16317,1.631723e+10
16318,1.631881e+10
16319,1.631973e+10
16320,1.632044e+10
16321,1.632108e+10
16322,1.632289e+10
16323,1.632379e+10
16324,1.632472e+10
16325,1.632561e+10
16326,1.632668e+10
16327,1.632773e+10
16328,1.632895e+10
16329,1.632943e+10
16330,1.633096e+10
16331,1.633108e+10
16332,1.633276e+10
16333,1.633357e+10
16334,1.633486e+10
16335,1.633548e+10
16336,1.633607e+10
16337,1.633796e+10
16338,1.633825e+10
16339,1.633933e+10
16340,1.634030e+10
16341,1.634190e+10
16342,1.634287e+10
16343,1.634335e+10
16344,1.634432e+10
16345,1.634595e+10
16346,1.634661e+10
16347,1.634700e+10
16348,1.634829e+10
16349,1.634917e+10
16350,1.635043e+10
16351,1.635190e+10
16352,1.635231e+10
16353,1.635335e+10
16354,1.635428e+10
16355,1.635542e+10
16356,1.635691e+10
16357,1.635745e+10
16358,1.635843e+10
16359,1.635962e+10
16360,1.636054e+10
16361,1.636165e+10
16362,1.636204e+10
16363,1.636313e+10
16364,1.636426e+10
16365,1.636579e+10
16366,1.636668e+10
16367,1.636720e+10
16368,1.636878e+10
16369,1.636988e+10
16370,1.637031e+10
16371,1.637167e+10
16372,1.637285e+10
16373,1.637387e+10
16374,1.637411e+10
16375,1.637541e+10
16376,1.637634e+10
16377,1.637792e+10
16378,1.637898e+10
16379,1.637994e+10
16380,1.638060e+10
16381,1.638157e+10
16382,1.638246e+10
16383,1.638328e+10
16384,1.638450e+10
16385,1.638597e+10
16386,1.638625e+10
16387,1.638750e+10
16388,1.638822e+10
16389,1.638905e+10
16390,1.639038e+10
16391,1.639190e+10
16392,1.639264e+10
16393,1.639346e+10
16394,1.639491e+10
16395,1.639514e+10
16396,1.639644e+10
16397,1.639724e+10
16398,1.639850e+10
16399,1.639953e+10
16400,1.640079e+10
16401,1.640106e+10
16402,1.640248e+10
16403,1.640351e+10
16404,1.640471e+10
16405,1.640522e+10
16406,1.640692e+10
16407,1.640771e+10
16408,1.640847e+10
16409,1.640910e+10
16410,1.641003e+10
16411,1.641120e+10
16412,1.641205e+10
16413,1.641381e+10
16414,1.641496e+10
16415,1.641557e+10
16416,1.641602e+10
16417,1.641734e+10
16418,1.641840e+10
16419,1.641914e+10
16420,1.642096e+10
16421,1.642159e+10
16422,1.642228e+10
16423,1.642389e+10
16424,1.642475e+10
16425,1.642534e+10
16426,1.642671e+10
16427,1.642742e+10
16428,1.642878e+10
16429,1.642942e+10
16430,1.643039e+10
16431,1.643188e+10
16432,1.643247e+10
16433,1.643371e+10
16434,1.643404e+10
16435,1.643560e+10
16436,1.643643e+10
16437,1.643748e+10
16438,1.643890e+10
16439,1.643997e+10
16440,1.644037e+10
16441,1.644130e+10
16442,1.644221e+10
16443,1.644348e+10
16444,1.644467e+10
16445,1.644557e+10
16446,1.644629e+10
16447,1.644722e+10
16448,1.644869e+10
16449,1.644992e+10
16450,1.645002e+10
16451,1.645160e+10
16452,1.645234e+10
16453,1.645314e+10
16454,1.645484e+10
16455,1.645542e+10
16456,1.645636e+10
16457,1.645759e+10
16458,1.645852e+10
16459,1.645995e+10
16460,1.646061e+10
16461,1.646106e+10
16462,1.646215e+10
16463,1.646349e+10
16464,1.646498e+10
16465,1.646592e+10
16466,1.646634e+10
16467,1.646737e+10
16468,1.646893e+10
16469,1.646972e+10
16470,1.647058e+10
16471,1.647140e+10
16472,1.647245e+10
16473,1.647334e+10
16474,1.647485e+10
16475,1.647539e+10
16476,1.647617e+10
16477,1.647796e+10
16478,1.647888e+10
16479,1.647984e+10
16480,1.648089e+10
16481,1.648100e+10
16482,1.648221e+10
16483,1.648305e+10
16484,1.648433e+10
16485,1.648531e+10
16486,1.648667e+10
16487,1.648767e+10
16488,1.648897e+10
16489,1.648980e+10
16490,1.649026e+10
16491,1.649166e+10
16492,1.649278e+10
16493,1.649356e+10
16494,1.649455e+10
16495,1.649504e+10
16496,1.649700e+10
16497,1.649775e+10
16498,1.649886e+10
16499,1.649906e+10
16500,1.650031e+10
16501,1.650124e+10
16502,1.650273e+10
16503,1.650377e+10
16504,1.650425e+10
16505,1.650543e+10
16506,1.650626e+10
16507,1.650765e+10
16508,1.650836e+10
16509,1.650933e+10
16510,1.651084e+10
16511,1.651112e+10
16512,1.651218e+10
16513,1.651303e+10
16514,1.651455e+10
16515,1.651539e+10
16516,1.651632e+10
16517,1.651750e+10
16518,1.651878e+10
16519,1.651929e+10
16520,1.652026e+10
16521,1.652183e+10
16522,1.652243e+10
16523,1.652371e+10
16524,1.652490e+10
16525,1.652538e+10
16526,1.652662e+10
16527,1.652773e+10
16528,1.652831e+10
16529,1.652929e+10
16530,1.653020e+10
16531,1.653141e+10
16532,1.653269e+10
16533,1.653359e+10
16534,1.653402e+10
16535,1.653541e+10
16536,1.653610e+10
16537,1.653783e+10
16538,1.653837e+10
16539,1.653982e+10
16540,1.654042e+10
16541,1.654112e+10
16542,1.654270e+10
16543,1.654343e+10
16544,1.654480e+10
16545,1.654563e+10
16546,1.654699e+10
16547,1.654787e+10
16548,1.654824e+10
16549,1.654993e+10
16550,1.655021e+10
16551,1.655142e+10
16552,1.655274e+10
16553,1.655353e+10
16554,1.655449e+10
16555,1.655521e+10
16556,1.655676e+10
16557,1.655774e+10
16558,1.655876e+10
16559,1.655926e+10
16560,1.656021e+10
16561,1.656101e+10
16562,1.656253e+10
16563,1.656393e+10
16564,1.656485e+10
16565,1.656514e+10
16566,1.656636e+10
16567,1.656770e+10
16568,1.656812e+10
16569,1.657000e+10
16570,1.657090e+10
16571,1.657109e+10
16572,1.657229e+10
16573,1.657379e+10
16574,1.657471e+10
16575,1.657534e+10
16576,1.657649e+10
16577,1.657750e+10
16578,1.657838e+10
16579,1.657942e+10
16580,1.658072e+10
16581,1.658107e+10
16582,1.658276e+10
16583,1.658399e+10
16584,1.658413e+10
16585,1.658571e+10
16586,1.658667e+10
16587,1.658722e+10
16588,1.658816e+10
16589,1.658932e+10
16590,1.659090e+10
16591,1.659158e+10
16592,1.659275e+10
16593,1.659324e+10
16594,1.659493e+10
16595,1.659547e+10
16596,1.659694e+10
16597,1.659771e+10
16598,1.659806e+10
16599,1.659941e+10
16600,1.660030e+10
16601,1.660149e+10
16602,1.660283e+10
16603,1.660301e+10
16604,1.660418e+10
16605,1.660577e+10
16606,1.660613e+10
16607,1.660798e+10
16608,1.660821e+10
16609,1.660941e+10
16610,1.661082e+10
16611,1.661122e+10
16612,1.661208e+10
16613,1.661314e+10
16614,1.661461e+10
16615,1.661583e+10
16616,1.661628e+10
16617,1.661798e+10
16618,1.661801e+10
16619,1.661931e+10
16620,1.662083e+10
16621,1.662110e+10
16622,1.662296e+10
16623,1.662384e+10
16624,1.662455e+10
16625,1.662503e+10
16626,1.662623e+10
16627,1.662737e+10
16628,1.662811e+10
16629,1.662939e+10
16630,1.663097e+10
16631,1.663195e+10
16632,1.663280e+10
16633,1.663366e+10
16634,1.663441e+10
16635,1.663583e+10
16636,1.663691e+10
16637,1.663728e+10
16638,1.663840e+10
16639,1.663951e+10
16640,1.664091e+10
16641,1.664110e+10
16642,1.664246e+10
16643,1.664352e+10
16644,1.664413e+10
16645,1.664506e+10
16646,1.664660e+10
16647,1.664794e+10
16648,1.664872e+10
16649,1.664936e+10
16650,1.665077e+10
16651,1.665119e+10
16652,1.665299e+10
16653,1.665377e+10
16654,1.665499e+10
16655,1.665500e+10
16656,1.665692e+10
16657,1.665782e+10
16658,1.665829e+10
16659,1.665940e+10
16660,1.666008e+10
16661,1.666190e+10
16662,1.666293e+10
16663,1.666385e+10
16664,1.666435e+10
16665,1.666551e+10
16666,1.666646e+10
16667,1.666764e+10
16668,1.666813e+10
16669,1.666979e+10
16670,1.667047e+10
16671,1.667192e+10
16672,1.667297e+10
16673,1.667374e+10
16674,1.667498e+10
16675,1.667576e+10
16676,1.667603e+10
16677,1.667704e+10
16678,1.667866e+10
16679,1.667977e+10
16680,1.668050e+10
16681,1.668180e+10
16682,1.668247e+10
16683,1.668344e+10
16684,1.668427e+10
16685,1.668535e+10
16686,1.668610e+10
16687,1.668734e+10
16688,1.668885e+10
16689,1.668989e+10
16690,1.669084e+10
16691,1.669131e+10
16692,1.669205e+10
16693,1.669316e+10
16694,1.669476e+10
16695,1.669500e+10
16696,1.669683e+10
16697,1.669767e+10
16698,1.669862e+10
16699,1.669997e+10
16700,1.670097e+10
16701,1.670162e+10
16702,1.670270e+10
16703,1.670314e+10
16704,1.670435e+10
16705,1.670505e+10
16706,1.670616e+10
16707,1.670763e+10
16708,1.670881e+10
16709,1.670998e+10
16710,1.671048e+10
16711,1.671181e+10
16712,1.671299e+10
16713,1.671346e+10
16714,1.671493e+10
16715,1.671568e+10
16716,1.671638e+10
16717,1.671780e+10
16718,1.671817e+10
16719,1.671904e+10
16720,1.672031e+10
16721,1.672164e+10
16722,1.672290e+10
16723,1.672312e+10
16724,1.672478e+10
16725,1.672529e+10
16726,1.672632e+10
16727,1.672768e+10
16728,1.672862e+10
16729,1.672976e+10
16730,1.673017e+10
16731,1.673174e+10
16732,1.673243e+10
16733,1.673392e+10
16734,1.673448e+10
16735,1.673536e+10
16736,1.673636e+10
16737,1.673774e+10
16738,1.673826e+10
16739,1.673943e+10
16740,1.674041e+10
16741,1.674188e+10
16742,1.674259e+10
16743,1.674384e+10
16744,1.674413e+10
16745,1.674538e+10
16746,1.674676e+10
16747,1.674724e+10
16748,1.674809e+10
16749,1.674908e+10
16750,1.675020e+10
16751,1.675162e+10
16752,1.675206e+10
16753,1.675374e+10
16754,1.675498e+10
16755,1.675594e+10
16756,1.675682e+10
16757,1.675793e+10
16758,1.675830e+10
16759,1.675918e+10
16760,1.676083e+10
16761,1.676163e+10
16762,1.676213e+10
16763,1.676382e+10
16764,1.676408e+10
16765,1.676529e+10
16766,1.676683e+10
16767,1.676797e+10
16768,1.676801e+10
16769,1.676997e+10
16770,1.677061e+10
16771,1.677190e+10
16772,1.677266e+10
16773,1.677308e+10
16774,1.677471e+10
16775,1.677540e+10
16776,1.677683e+10
16777,1.677744e+10
16778,1.677817e+10
16779,1.677974e+10
16780,1.678091e+10
16781,1.678184e+10
16782,1.678225e+10
16783,1.678346e+10
16784,1.678476e+10
16785,1.678503e+10
16786,1.678641e+10
16787,1.678748e+10
16788,1.678884e+10
16789,1.678901e+10
16790,1.679024e+10
16791,1.679138e+10
16792,1.679284e+10
16793,1.679330e+10
16794,1.679463e+10
16795,1.679507e+10
16796,1.679602e+10
16797,1.679770e+10
16798,1.679817e+10
16799,1.679937e+10
16800,1.680004e+10
16801,1.680146e+10
16802,1.680280e+10
16803,1.680307e+10
16804,1.680418e+10
16805,1.680549e+10
16806,1.680626e+10
16807,1.680757e+10
16808,1.680848e+10
16809,1.680904e+10
16810,1.681064e+10
16811,1.681190e+10
16812,1.681282e+10
16813,1.681356e+10
16814,1.681454e+10
16815,1.681547e+10
16816,1.681658e+10
16817,1.681788e+10
16818,1.681813e+10
16819,1.681988e+10
16820,1.682003e+10
16821,1.682111e+10
16822,1.682203e+10
16823,1.682379e+10
16824,1.682492e+10
16825,1.682595e+10
16826,1.682629e+10
16827,1.682747e+10
16828,1.682814e+10
16829,1.682962e+10
16830,1.683000e+10
16831,1.683139e+10
16832,1.683278e+10
16833,1.683313e+10
16834,1.683400e+10
16835,1.683570e+10
16836,1.683605e+10
16837,1.683766e+10
16838,1.683897e+10
16839,1.683900e+10
16840,1.684060e+10
16841,1.684110e+10
16842,1.684299e+10
16843,1.684315e+10
16844,1.684430e+10
16845,1.684516e+10
16846,1.684687e+10
16847,1.684737e+10
16848,1.684877e+10
16849,1.684999e+10
16850,1.685035e+10
16851,1.685165e+10
16852,1.685232e+10
16853,1.685343e+10
16854,1.685424e+10
16855,1.685588e+10
16856,1.685657e+10
16857,1.685714e+10
16858,1.685865e+10
16859,1.685966e+10
16860,1.686069e+10
16861,1.686132e+10
16862,1.686292e+10
16863,1.686366e+10
16864,1.686424e+10
16865,1.686521e+10
16866,1.686625e+10
16867,1.686704e+10
16868,1.686872e+10
16869,1.686977e+10
16870,1.687035e+10
16871,1.687132e+10
16872,1.687260e+10
16873,1.687345e+10
16874,1.687497e+10
16875,1.687501e+10
16876,1.687600e+10
16877,1.687759e+10
16878,1.687851e+10
16879,1.687998e+10
16880,1.688089e+10
16881,1.688184e+10
16882,1.688252e+10
16883,1.688351e+10
16884,1.688450e+10
16885,1.688563e+10
16886,1.688628e+10
16887,1.688794e+10
16888,1.688842e+10
16889,1.688994e+10
16890,1.689013e+10
16891,1.689141e+10
16892,1.689278e+10
16893,1.689369e+10
16894,1.689426e+10
16895,1.689571e+10
16896,1.689630e+10
16897,1.689788e+10
16898,1.689872e+10
16899,1.689957e+10
16900,1.690084e+10
16901,1.690106e+10
16902,1.690240e+10
16903,1.690322e+10
16904,1.690468e+10
16905,1.690563e+10
16906,1.690682e+10
16907,1.690797e+10
16908,1.690891e+10
16909,1.690996e+10
16910,1.691100e+10
16911,1.691150e+10
16912,1.691291e+10
16913,1.691357e+10
16914,1.691454e+10
16915,1.691583e+10
16916,1.691657e+10
16917,1.691795e+10
16918,1.691854e+10
16919,1.691910e+10
16920,1.692011e+10
16921,1.692146e+10
16922,1.692285e+10
16923,1.692371e+10
16924,1.692447e+10
16925,1.692582e+10
16926,1.692648e+10
16927,1.692741e+10
16928,1.692823e+10
16929,1.692911e+10
16930,1.693035e+10
16931,1.693102e+10
16932,1.693269e+10
16933,1.693314e+10
16934,1.693403e+10
16935,1.693595e+10
16936,1.693700e+10
16937,1.693795e+10
16938,1.693862e+10
16939,1.693904e+10
16940,1.694058e+10
16941,1.694148e+10
16942,1.694271e+10
16943,1.694355e+10
16944,1.694449e+10
16945,1.694536e+10
16946,1.694630e+10
16947,1.694779e+10
16948,1.694890e+10
16949,1.694903e+10
16950,1.695028e+10
16951,1.695110e+10
16952,1.695208e+10
16953,1.695313e+10
16954,1.695497e+10
16955,1.695507e+10
16956,1.695643e+10
16957,1.695766e+10
16958,1.695882e+10
16959,1.695938e+10
16960,1.696033e+10
16961,1.696110e+10
16962,1.696263e+10
16963,1.696304e+10
16964,1.696411e+10
16965,1.696572e+10
16966,1.696676e+10
16967,1.696770e+10
16968,1.696810e+10
16969,1.696933e+10
16970,1.697058e+10
16971,1.697107e+10
16972,1.697267e+10
16973,1.697351e+10
16974,1.697414e+10
16975,1.697516e+10
16976,1.697632e+10
16977,1.697754e+10
16978,1.697869e+10
16979,1.697966e+10
16980,1.698084e+10
16981,1.698111e+10
16982,1.698230e+10
16983,1.698325e+10
16984,1.698491e+10
16985,1.698585e+10
16986,1.698646e+10
16987,1.698709e+10
16988,1.698876e+10
16989,1.698977e+10
16990,1.699097e+10
16991,1.699155e+10
16992,1.699234e+10
16993,1.699398e+10
16994,1.699422e+10
16995,1.699593e+10
16996,1.699643e+10
16997,1.699747e+10
16998,1.699832e+10
16999,1.699988e+10
17000,1.700060e+10
17001,1.700124e+10
17002,1.700276e+10
17003,1.700322e+10
17004,1.700487e+10
17005,1.700582e+10
17006,1.700644e+10
17007,1.700715e+10
17008,1.700807e+10
17009,1.700914e+10
17010,1.701099e+10
17011,1.701161e+10
17012,1.701263e+10
17013,1.701335e+10
17014,1.701482e+10
17015,1.701582e+10
17016,1.701686e+10
17017,1.701714e+10
17018,1.701860e+10
17019,1.701949e+10
17020,1.702081e+10
17021,1.702151e+10
17022,1.702232e+10
17023,1.702322e+10
17024,1.702497e+10
17025,1.702557e+10
17026,1.702607e+10
17027,1.702771e+10
17028,1.702826e+10
17029,1.702997e+10
17030,1.703098e+10
17031,1.703134e+10
17032,1.703276e+10
17033,1.703339e+10
17034,1.703495e+10
17035,1.703577e+10
17036,1.703676e+10
17037,1.703751e+10
17038,1.703893e+10
17039,1.703906e+10
17040,1.704002e+10
17041,1.704117e+10
17042,1.704244e+10
17043,1.704326e+10
17044,1.704489e+10
17045,1.704520e+10
17046,1.704667e+10
17047,1.704757e+10
17048,1.704879e+10
17049,1.704916e+10
17050,1.705082e+10
17051,1.705114e+10
17052,1.705272e+10
17053,1.705329e+10
17054,1.705413e+10
17055,1.705555e+10
17056,1.705609e+10
17057,1.705790e+10
17058,1.705802e+10
17059,1.705979e+10
17060,1.706009e+10
17061,1.706112e+10
17062,1.706276e+10
17063,1.706395e+10
17064,1.706410e+10
17065,1.706503e+10
17066,1.706614e+10
17067,1.706791e+10
17068,1.706871e+10
17069,1.706958e+10
17070,1.707043e+10
17071,1.707174e+10
17072,1.707233e+10
17073,1.707302e+10
17074,1.707435e+10
17075,1.707514e+10
17076,1.707664e+10
17077,1.707788e+10
17078,1.707872e+10
17079,1.707907e+10
17080,1.708097e+10
17081,1.708126e+10
17082,1.708227e+10
17083,1.708332e+10
17084,1.708479e+10
17085,1.708581e+10
17086,1.708679e+10
17087,1.708790e+10
17088,1.708866e+10
17089,1.708940e+10
17090,1.709008e+10
17091,1.709168e+10
17092,1.709263e+10
17093,1.709378e+10
17094,1.709490e+10
17095,1.709581e+10
17096,1.709613e+10
17097,1.709768e+10
17098,1.709801e+10
17099,1.709912e+10
17100,1.710014e+10
17101,1.710121e+10
17102,1.710284e+10
17103,1.710398e+10
17104,1.710405e+10
17105,1.710520e+10
17106,1.710632e+10
17107,1.710761e+10
17108,1.710885e+10
17109,1.710908e+10
17110,1.711028e+10
17111,1.711104e+10
17112,1.711230e+10
17113,1.711392e+10
17114,1.711405e+10
17115,1.711546e+10
17116,1.711626e+10
17117,1.711794e+10
17118,1.711846e+10
17119,1.711990e+10
17120,1.712006e+10
17121,1.712162e+10
17122,1.712214e+10
17123,1.712305e+10
17124,1.712412e+10
17125,1.712556e+10
17126,1.712625e+10
17127,1.712745e+10
17128,1.712813e+10
17129,1.712902e+10
17130,1.713032e+10
17131,1.713174e+10
17132,1.713282e+10
17133,1.713361e+10
17134,1.713445e+10
17135,1.713597e+10
17136,1.713665e+10
17137,1.713796e+10
17138,1.713841e+10
17139,1.713947e+10
17140,1.714001e+10
17141,1.714192e+10
17142,1.714211e+10
17143,1.714362e+10
17144,1.714494e+10
17145,1.714598e+10
17146,1.714633e+10
17147,1.714797e+10
17148,1.714809e+10
17149,1.714934e+10
17150,1.715000e+10
17151,1.715102e+10
17152,1.715262e+10
17153,1.715352e+10
17154,1.715446e+10
17155,1.715521e+10
17156,1.715662e+10
17157,1.715773e+10
17158,1.715813e+10
17159,1.715968e+10
17160,1.716094e+10
17161,1.716194e+10
17162,1.716203e+10
17163,1.716334e+10
17164,1.716424e+10
17165,1.716509e+10
17166,1.716662e+10
17167,1.716708e+10
17168,1.716877e+10
17169,1.716919e+10
17170,1.717030e+10
17171,1.717112e+10
17172,1.717279e+10
17173,1.717369e+10
17174,1.717444e+10
17175,1.717545e+10
17176,1.717662e+10
17177,1.717711e+10
17178,1.717886e+10
17179,1.717904e+10
17180,1.718064e+10
17181,1.718155e+10
17182,1.718267e+10
17183,1.718353e+10
17184,1.718407e+10
17185,1.718578e+10
17186,1.718617e+10
17187,1.718790e+10
17188,1.718875e+10
17189,1.718974e+10
17190,1.719025e+10
17191,1.719131e+10
17192,1.719270e+10
17193,1.719362e+10
17194,1.719415e+10
17195,1.719562e+10
17196,1.719676e+10
17197,1.719800e+10
17198,1.719825e+10
17199,1.719959e+10
17200,1.720095e+10
17201,1.720183e+10
17202,1.720253e+10
17203,1.720342e+10
17204,1.720435e+10
17205,1.720540e+10
17206,1.720635e+10
17207,1.720726e+10
17208,1.720835e+10
17209,1.720918e+10
17210,1.721098e+10
17211,1.721105e+10
17212,1.721282e+10
17213,1.721301e+10
17214,1.721475e+10
17215,1.721530e+10
17216,1.721608e+10
17217,1.721763e+10
17218,1.721815e+10
17219,1.721908e+10
17220,1.722003e+10
17221,1.722133e+10
17222,1.722286e+10
17223,1.722318e+10
17224,1.722475e+10
17225,1.722501e+10
17226,1.722618e+10
17227,1.722759e+10
17228,1.722808e+10
17229,1.722993e+10
17230,1.723056e+10
17231,1.723192e+10
17232,1.723299e+10
17233,1.723321e+10
17234,1.723463e+10
17235,1.723582e+10
17236,1.723620e+10
17237,1.723757e+10
17238,1.723804e+10
17239,1.723968e+10
17240,1.724029e+10
17241,1.724112e+10
17242,1.724217e+10
17243,1.724353e+10
17244,1.724418e+10
17245,1.724567e+10
17246,1.724619e+10
17247,1.724767e+10
17248,1.724803e+10
17249,1.724929e+10
17250,1.725021e+10
17251,1.725113e+10
17252,1.725206e+10
17253,1.725302e+10
17254,1.725405e+10
17255,1.725535e+10
17256,1.725693e+10
17257,1.725757e+10
17258,1.725880e+10
17259,1.725931e+10
17260,1.726074e+10
17261,1.726124e+10
17262,1.726292e+10
17263,1.726377e+10
17264,1.726464e+10
17265,1.726512e+10
17266,1.726699e+10
17267,1.726724e+10
17268,1.726889e+10
17269,1.726961e+10
17270,1.727073e+10
17271,1.727170e+10
17272,1.727257e+10
17273,1.727325e+10
17274,1.727444e+10
17275,1.727584e+10
17276,1.727666e+10
17277,1.727783e+10
17278,1.727883e+10
17279,1.727938e+10
17280,1.728066e+10
17281,1.728156e+10
17282,1.728295e+10
17283,1.728390e+10
17284,1.728480e+10
17285,1.728598e+10
17286,1.728644e+10
17287,1.728776e+10
17288,1.728866e+10
17289,1.728967e+10
17290,1.729093e+10
17291,1.729171e+10
17292,1.729274e+10
17293,1.729362e+10
17294,1.729408e+10
17295,1.729558e+10
17296,1.729655e+10
17297,1.729770e+10
17298,1.729857e+10
17299,1.729987e+10
17300,1.730065e+10
17301,1.730109e+10
17302,1.730293e+10
17303,1.730356e+10
17304,1.730459e+10
17305,1.730550e+10
17306,1.730688e+10
17307,1.730745e+10
17308,1.730803e+10
17309,1.730922e+10
17310,1.731020e+10
17311,1.731188e+10
17312,1.731271e+10
17313,1.731384e+10
17314,1.731476e+10
17315,1.731538e+10
17316,1.731675e+10
17317,1.731783e+10
17318,1.731857e+10
17319,1.731965e+10
17320,1.732032e+10
17321,1.732145e+10
17322,1.732245e+10
17323,1.732305e+10
17324,1.732406e+10
17325,1.732535e+10
17326,1.732647e+10
17327,1.732777e+10
17328,1.732834e+10
17329,1.732922e+10
17330,1.733034e+10
17331,1.733134e+10
17332,1.733222e+10
17333,1.733390e+10
17334,1.733411e+10
17335,1.733546e+10
17336,1.733696e+10
17337,1.733786e+10
17338,1.733803e+10
17339,1.733901e+10
17340,1.734082e+10
17341,1.734156e+10
17342,1.734267e+10
17343,1.734311e+10
17344,1.734473e+10
17345,1.734531e+10
17346,1.734696e+10
17347,1.734733e+10
17348,1.734815e+10
17349,1.734934e+10
17350,1.735083e+10
17351,1.735118e+10
17352,1.735283e+10
17353,1.735380e+10
17354,1.735467e+10
17355,1.735556e+10
17356,1.735677e+10
17357,1.735736e+10
17358,1.735883e+10
17359,1.735977e+10
17360,1.736087e+10
17361,1.736156e+10
17362,1.736202e+10
17363,1.736307e+10
17364,1.736464e+10
17365,1.736549e+10
17366,1.736616e+10
17367,1.736737e+10
17368,1.736811e+10
17369,1.736945e+10
17370,1.737080e+10
17371,1.737148e+10
17372,1.737255e+10
17373,1.737348e+10
17374,1.737447e+10
17375,1.737527e+10
17376,1.737668e+10
17377,1.737733e+10
17378,1.737848e+10
17379,1.737983e+10
17380,1.738044e+10
17381,1.738118e+10
17382,1.738203e+10
17383,1.738339e+10
17384,1.738450e+10
17385,1.738596e+10
17386,1.738611e+10
17387,1.738718e+10
17388,1.738886e+10
17389,1.738923e+10
17390,1.739063e+10
17391,1.739110e+10
17392,1.739267e+10
17393,1.739352e+10
17394,1.739461e+10
17395,1.739579e+10
17396,1.739618e+10
17397,1.739799e+10
17398,1.739841e+10
17399,1.739908e+10
17400,1.740005e+10
17401,1.740166e+10
17402,1.740236e+10
17403,1.740399e+10
17404,1.740417e+10
17405,1.740533e+10
17406,1.740669e+10
17407,1.740731e+10
17408,1.740831e+10
17409,1.740978e+10
17410,1.741029e+10
17411,1.741184e+10
17412,1.741220e+10
17413,1.741305e+10
17414,1.741488e+10
17415,1.741563e+10
17416,1.741614e+10
17417,1.741779e+10
17418,1.741828e+10
17419,1.741969e+10
17420,1.742029e+10
17421,1.742145e+10
17422,1.742296e+10
17423,1.742347e+10
17424,1.742494e+10
17425,1.742549e+10
17426,1.742638e+10
17427,1.742718e+10
17428,1.742866e+10
17429,1.742988e+10
17430,1.743062e+10
17431,1.743118e+10
17432,1.743245e+10
17433,1.743327e+10
17434,1.743467e+10
17435,1.743516e+10
17436,1.743640e+10
17437,1.743707e+10
17438,1.743815e+10
17439,1.743969e+10
17440,1.744018e+10
17441,1.744139e+10
17442,1.744299e+10
17443,1.744340e+10
17444,1.744461e+10
17445,1.744584e+10
17446,1.744664e+10
17447,1.744712e+10
17448,1.744850e+10
17449,1.744900e+10
17450,1.745025e+10
17451,1.745164e+10
17452,1.745248e+10
17453,1.745350e+10
17454,1.745446e+10
17455,1.745537e+10
17456,1.745615e+10
17457,1.745768e+10
17458,1.745897e+10
17459,1.745982e+10
17460,1.746073e+10
17461,1.746191e+10
17462,1.746261e+10
17463,1.746342e+10
17464,1.746412e+10
17465,1.746586e+10
17466,1.746608e+10
17467,1.746715e+10
17468,1.746890e+10
17469,1.746930e+10
17470,1.747044e+10
17471,1.747152e+10
17472,1.747266e+10
17473,1.747384e+10
17474,1.747480e+10
17475,1.747594e+10
17476,1.747613e+10
17477,1.747754e+10
17478,1.747828e+10
17479,1.747962e+10
17480,1.748053e+10
17481,1.748179e+10
17482,1.748264e+10
17483,1.748362e+10
17484,1.748405e+10
17485,1.748508e+10
17486,1.748636e+10
17487,1.748790e+10
17488,1.748863e+10
17489,1.748932e+10
17490,1.749023e+10
17491,1.749134e+10
17492,1.749205e+10
17493,1.749304e+10
17494,1.749463e+10
17495,1.749538e+10
17496,1.749657e+10
17497,1.749717e+10
17498,1.749887e+10
17499,1.749953e+10
17500,1.750048e+10
17501,1.750132e+10
17502,1.750200e+10
17503,1.750379e+10
17504,1.750415e+10
17505,1.750574e+10
17506,1.750668e+10
17507,1.750734e+10
17508,1.750866e+10
17509,1.750973e+10
17510,1.751054e+10
17511,1.751117e+10
17512,1.751255e+10
17513,1.751307e+10
17514,1.751404e+10
17515,1.751545e+10
17516,1.751627e+10
17517,1.751743e+10
17518,1.751808e+10
17519,1.751947e+10
17520,1.752005e+10
17521,1.752193e+10
17522,1.752273e+10
17523,1.752349e+10
17524,1.752427e+10
17525,1.752546e+10
17526,1.752626e+10
17527,1.752760e+10
17528,1.752896e+10
17529,1.752912e+10
17530,1.753020e+10
17531,1.753159e+10
17532,1.753293e+10
17533,1.753373e+10
17534,1.753489e+10
17535,1.753590e+10
17536,1.753656e+10
17537,1.753715e+10
17538,1.753852e+10
17539,1.753954e+10
17540,1.754099e+10
17541,1.754155e+10
17542,1.754292e+10
17543,1.754396e+10
17544,1.754451e+10
17545,1.754534e+10
17546,1.754655e+10
17547,1.754787e+10
17548,1.754866e+10
17549,1.754928e+10
17550,1.755021e+10
17551,1.755186e+10
17552,1.755298e+10
17553,1.755348e+10
17554,1.755404e+10
17555,1.755517e+10
17556,1.755616e+10
17557,1.755764e+10
17558,1.755871e+10
17559,1.755922e+10
17560,1.756091e+10
17561,1.756155e+10
17562,1.756223e+10
17563,1.756396e+10
17564,1.756423e+10
17565,1.756583e+10
17566,1.756699e+10
17567,1.756740e+10
17568,1.756838e+10
17569,1.756944e+10
17570,1.757060e+10
17571,1.757194e+10
17572,1.757203e+10
17573,1.757344e+10
17574,1.757454e+10
17575,1.757584e+10
17576,1.757682e+10
17577,1.757706e+10
17578,1.757803e+10
17579,1.757935e+10
17580,1.758026e+10
17581,1.758128e+10
17582,1.758293e+10
17583,1.758340e+10
17584,1.758457e+10
17585,1.758534e+10
17586,1.758616e+10
17587,1.758726e+10
17588,1.758842e+10
17589,1.758905e+10
17590,1.759016e+10
17591,1.759147e+10
17592,1.759280e+10
17593,1.759311e+10
17594,1.759481e+10
17595,1.759573e+10
17596,1.759636e+10
17597,1.759726e+10
17598,1.759860e+10
17599,1.759965e+10
17600,1.760043e+10
17601,1.760124e+10
17602,1.760257e+10
17603,1.760314e+10
17604,1.760414e+10
17605,1.760588e+10
17606,1.760617e+10
17607,1.760771e+10
17608,1.760844e+10
17609,1.760921e+10
17610,1.761002e+10
17611,1.761142e+10
17612,1.761280e+10
17613,1.761338e+10
17614,1.761412e+10
17615,1.761509e+10
17616,1.761660e+10
17617,1.761763e+10
17618,1.761856e+10
17619,1.761924e+10
17620,1.762020e+10
17621,1.762137e+10
17622,1.762227e+10
17623,1.762333e+10
17624,1.762440e+10
17625,1.762582e+10
17626,1.762642e+10
17627,1.762713e+10
17628,1.762811e+10
17629,1.762998e+10
17630,1.763051e+10
17631,1.763156e+10
17632,1.763207e+10
17633,1.763394e+10
17634,1.763432e+10
17635,1.763529e+10
17636,1.763624e+10
17637,1.763750e+10
17638,1.763871e+10
17639,1.763947e+10
17640,1.764052e+10
17641,1.764110e+10
17642,1.764262e+10
17643,1.764339e+10
17644,1.764477e+10
17645,1.764511e+10
17646,1.764646e+10
17647,1.764754e+10
17648,1.764896e+10
17649,1.764953e+10
17650,1.765067e+10
17651,1.765103e+10
17652,1.765229e+10
17653,1.765325e+10
17654,1.765458e+10
17655,1.765594e+10
17656,1.765675e+10
17657,1.765774e+10
17658,1.765845e+10
17659,1.765972e+10
17660,1.766073e+10
17661,1.766162e+10
17662,1.766246e+10
17663,1.766360e+10
17664,1.766430e+10
17665,1.766514e+10
17666,1.766673e+10
17667,1.766751e+10
17668,1.766816e+10
17669,1.766953e+10
17670,1.767028e+10
17671,1.767145e+10
17672,1.767250e+10
17673,1.767327e+10
17674,1.767439e+10
17675,1.767598e+10
17676,1.767601e+10
17677,1.767795e+10
17678,1.767879e+10
17679,1.767980e+10
17680,1.768099e+10
17681,1.768195e+10
17682,1.768257e+10
17683,1.768352e+10
17684,1.768451e+10
17685,1.768563e+10
17686,1.768636e+10
17687,1.768705e+10
17688,1.768813e+10
17689,1.768967e+10
17690,1.769015e+10
17691,1.769123e+10
17692,1.769297e+10
17693,1.769383e+10
17694,1.769455e+10
17695,1.769585e+10
17696,1.769659e+10
17697,1.769794e+10
17698,1.769895e+10
17699,1.769907e+10
17700,1.770037e+10
17701,1.770175e+10
17702,1.770224e+10
17703,1.770306e+10
17704,1.770465e+10
17705,1.770536e+10
17706,1.770601e+10
17707,1.770797e+10
17708,1.770895e+10
17709,1.770939e+10
17710,1.771023e+10
17711,1.771152e+10
17712,1.771271e+10
17713,1.771385e+10
17714,1.771413e+10
17715,1.771543e+10
17716,1.771649e+10
17717,1.771710e+10
17718,1.771848e+10
17719,1.771964e+10
17720,1.772022e+10
17721,1.772170e+10
17722,1.772268e+10
17723,1.772352e+10
17724,1.772447e+10
17725,1.772591e+10
17726,1.772657e+10
17727,1.772713e+10
17728,1.772827e+10
17729,1.772959e+10
17730,1.773074e+10
17731,1.773102e+10
17732,1.773225e+10
17733,1.773361e+10
17734,1.773454e+10
17735,1.773583e+10
17736,1.773687e+10
17737,1.773762e+10
17738,1.773882e+10
17739,1.773964e+10
17740,1.774046e+10
17741,1.774153e+10
17742,1.774227e+10
17743,1.774330e+10
17744,1.774435e+10
17745,1.774541e+10
17746,1.774675e+10
17747,1.774763e+10
17748,1.774894e+10
17749,1.774934e+10
17750,1.775042e+10
17751,1.775106e+10
17752,1.775232e+10
17753,1.775309e+10
17754,1.775423e+10
17755,1.775528e+10
17756,1.775691e+10
17757,1.775758e+10
17758,1.775840e+10
17759,1.775988e+10
17760,1.776087e+10
17761,1.776102e+10
17762,1.776221e+10
17763,1.776388e+10
17764,1.776467e+10
17765,1.776571e+10
17766,1.776678e+10
17767,1.776797e+10
17768,1.776854e+10
17769,1.776996e+10
17770,1.777085e+10
17771,1.777131e+10
17772,1.777290e+10
17773,1.777314e+10
17774,1.777435e+10
17775,1.777564e+10
17776,1.777627e+10
17777,1.777763e+10
17778,1.777815e+10
17779,1.777942e+10
17780,1.778015e+10
17781,1.778175e+10
17782,1.778248e+10
17783,1.778333e+10
17784,1.778478e+10
17785,1.778560e+10
17786,1.778650e+10
17787,1.778705e+10
17788,1.778860e+10
17789,1.778909e+10
17790,1.779089e+10
17791,1.779104e+10
17792,1.779221e+10
17793,1.779371e+10
17794,1.779444e+10
17795,1.779573e+10
17796,1.779633e+10
17797,1.779714e+10
17798,1.779821e+10
17799,1.779992e+10
17800,1.780095e+10
17801,1.780180e+10
17802,1.780269e+10
17803,1.780370e+10
17804,1.780464e+10
17805,1.780546e+10
17806,1.780687e+10
17807,1.780734e+10
17808,1.780896e+10
17809,1.780933e+10
17810,1.781044e+10
17811,1.781154e+10
17812,1.781243e+10
17813,1.781373e+10
17814,1.781496e+10
17815,1.781596e+10
17816,1.781661e+10
17817,1.781767e+10
17818,1.781865e+10
17819,1.781921e+10
17820,1.782095e+10
17821,1.782170e+10
17822,1.782209e+10
17823,1.782361e+10
17824,1.782475e+10
17825,1.782568e+10
17826,1.782666e+10
17827,1.782763e+10
17828,1.782852e+10
17829,1.782961e+10
17830,1.783023e+10
17831,1.783184e+10
17832,1.783254e+10
17833,1.783381e+10
17834,1.783429e+10
17835,1.783540e+10
17836,1.783607e+10
17837,1.783797e+10
17838,1.783805e+10
17839,1.783998e+10
17840,1.784078e+10
17841,1.784156e+10
17842,1.784234e+10
17843,1.784353e+10
17844,1.784479e+10
17845,1.784502e+10
17846,1.784608e+10
17847,1.784715e+10
17848,1.784895e+10
17849,1.784991e+10
17850,1.785014e+10
17851,1.785125e+10
17852,1.785246e+10
17853,1.785362e+10
17854,1.785448e+10
17855,1.785505e+10
17856,1.785641e+10
17857,1.785780e+10
17858,1.785812e+10
17859,1.785999e+10
17860,1.786073e+10
17861,1.786121e+10
17862,1.786287e+10
17863,1.786333e+10
17864,1.786441e+10
17865,1.786551e+10
17866,1.786677e+10
17867,1.786743e+10
17868,1.786847e+10
17869,1.786959e+10
17870,1.787034e+10
17871,1.787143e+10
17872,1.787233e+10
17873,1.787384e+10
17874,1.787494e+10
17875,1.787574e+10
17876,1.787699e+10
17877,1.787702e+10
17878,1.787856e+10
17879,1.787914e+10
17880,1.788019e+10
17881,1.788134e+10
17882,1.788265e+10
17883,1.788343e+10
17884,1.788468e+10
17885,1.788583e+10
17886,1.788635e+10
17887,1.788794e+10
17888,1.788884e+10
17889,1.788988e+10
17890,1.789079e+10
17891,1.789139e+10
17892,1.789266e+10
17893,1.789384e+10
17894,1.789457e+10
17895,1.789558e+10
17896,1.789619e+10
17897,1.789772e+10
17898,1.789895e+10
17899,1.789911e+10
17900,1.790044e+10
17901,1.790145e+10
17902,1.790215e+10
17903,1.790393e+10
17904,1.790415e+10
17905,1.790503e+10
17906,1.790605e+10
17907,1.790777e+10
17908,1.790867e+10
17909,1.790930e+10
17910,1.791054e+10
17911,1.791136e+10
17912,1.791231e+10
17913,1.791317e+10
17914,1.791413e+10
17915,1.791507e+10
17916,1.791670e+10
17917,1.791789e+10
17918,1.791823e+10
17919,1.791901e+10
17920,1.792008e+10
17921,1.792142e+10
17922,1.792246e+10
17923,1.792319e+10
17924,1.792441e+10
17925,1.792575e+10
17926,1.792608e+10
17927,1.792756e+10
17928,1.792894e+10
17929,1.792926e+10
17930,1.793029e+10
17931,1.793171e+10
17932,1.793265e+10
17933,1.793301e+10
17934,1.793418e+10
17935,1.793589e+10
17936,1.793638e+10
17937,1.793765e+10
17938,1.793885e+10
17939,1.793933e+10
17940,1.794064e+10
17941,1.794117e+10
17942,1.794252e+10
17943,1.794324e+10
17944,1.794442e+10
17945,1.794524e+10
17946,1.794617e+10
17947,1.794770e+10
17948,1.794800e+10
17949,1.794972e+10
17950,1.795043e+10
17951,1.795124e+10
17952,1.795293e+10
17953,1.795388e+10
17954,1.795401e+10
17955,1.795544e+10
17956,1.795660e+10
17957,1.795736e+10
17958,1.795874e+10
17959,1.795984e+10
17960,1.796027e+10
17961,1.796141e+10
17962,1.796251e+10
17963,1.796349e+10
17964,1.796441e+10
17965,1.796566e+10
17966,1.796686e+10
17967,1.796789e+10
17968,1.796888e+10
17969,1.796946e+10
17970,1.797071e+10
17971,1.797182e+10
17972,1.797228e+10
17973,1.797390e+10
17974,1.797471e+10
17975,1.797567e+10
17976,1.797605e+10
17977,1.797780e+10
17978,1.797870e+10
17979,1.797936e+10
17980,1.798045e+10
17981,1.798106e+10
17982,1.798294e+10
17983,1.798363e+10
17984,1.798441e+10
17985,1.798572e+10
17986,1.798642e+10
17987,1.798783e+10
17988,1.798873e+10
17989,1.798931e+10
17990,1.799011e+10
17991,1.799130e+10
17992,1.799246e+10
17993,1.799393e+10
17994,1.799407e+10
17995,1.799592e+10
17996,1.799661e+10
17997,1.799728e+10
17998,1.799894e+10
17999,1.799956e+10
18000,1.800061e+10
18001,1.800147e+10
18002,1.800268e+10
18003,1.800374e+10
18004,1.800499e+10
18005,1.800585e+10
18006,1.800662e+10
18007,1.800765e+10
18008,1.800893e+10
18009,1.800952e+10
18010,1.801022e+10
18011,1.801185e+10
18012,1.801241e+10
18013,1.801358e+10
18014,1.801473e+10
18015,1.801526e+10
18016,1.801630e+10
18017,1.801779e+10
18018,1.801864e+10
18019,1.801928e+10
18020,1.802096e+10
18021,1.802149e+10
18022,1.802287e+10
18023,1.802347e+10
18024,1.802408e+10
18025,1.802568e+10
18026,1.802698e+10
18027,1.802717e+10
18028,1.802849e+10
18029,1.802966e+10
18030,1.803048e+10
18031,1.803188e+10
18032,1.803292e+10
18033,1.803375e+10
18034,1.803442e+10
18035,1.803556e+10
18036,1.803669e+10
18037,1.803761e+10
18038,1.803875e+10
18039,1.803986e+10
18040,1.804010e+10
18041,1.804116e+10
18042,1.804242e+10
18043,1.804360e+10
18044,1.804474e+10
18045,1.804516e+10
18046,1.804656e+10
18047,1.804703e+10
18048,1.804802e+10
18049,1.804984e+10
18050,1.805053e+10
18051,1.805132e+10
18052,1.805292e+10
18053,1.805304e+10
18054,1.805469e+10
18055,1.805529e+10
18056,1.805696e+10
18057,1.805796e+10
18058,1.805829e+10
18059,1.805959e+10
18060,1.806071e+10
18061,1.806116e+10
18062,1.806238e+10
18063,1.806335e+10
18064,1.806404e+10
18065,1.806525e+10
18066,1.806624e+10
18067,1.806731e+10
18068,1.806839e+10
18069,1.806978e+10
18070,1.807068e+10
18071,1.807159e+10
18072,1.807210e+10
18073,1.807320e+10
18074,1.807408e+10
18075,1.807593e+10
18076,1.807621e+10
18077,1.807767e+10
18078,1.807880e+10
18079,1.807904e+10
18080,1.808044e+10
18081,1.808137e+10
18082,1.808271e+10
18083,1.808327e+10
18084,1.808424e+10
18085,1.808570e+10
18086,1.808642e+10
18087,1.808701e+10
18088,1.808857e+10
18089,1.808931e+10
18090,1.809012e+10
18091,1.809148e+10
18092,1.809204e+10
18093,1.809319e+10
18094,1.809465e+10
18095,1.809587e+10
18096,1.809632e+10
18097,1.809708e+10
18098,1.809813e+10
18099,1.809931e+10
18100,1.810003e+10
18101,1.810188e+10
18102,1.810201e+10
18103,1.810388e+10
18104,1.810435e+10
18105,1.810554e+10
18106,1.810653e+10
18107,1.810782e+10
18108,1.810819e+10
18109,1.810999e+10
18110,1.811089e+10
18111,1.811123e+10
18112,1.811237e+10
18113,1.811388e+10
18114,1.811454e+10
18115,1.811558e+10
18116,1.811629e+10
18117,1.811704e+10
18118,1.811841e+10
18119,1.811931e+10
18120,1.812069e+10
18121,1.812145e+10
18122,1.812279e+10
18123,1.812319e+10
18124,1.812440e+10
18125,1.812557e+10
18126,1.812629e+10
18127,1.812719e+10
18128,1.812856e+10
18129,1.812952e+10
18130,1.813077e+10
18131,1.813122e+10
18132,1.813288e+10
18133,1.813325e+10
18134,1.813492e+10
18135,1.813523e+10
18136,1.813630e+10
18137,1.813774e+10
18138,1.813868e+10
18139,1.813947e+10
18140,1.814058e+10
18141,1.814106e+10
18142,1.814201e+10
18143,1.814311e+10
18144,1.814456e+10
18145,1.814505e+10
18146,1.814659e+10
18147,1.814745e+10
18148,1.814870e+10
18149,1.814948e+10
18150,1.815098e+10
18151,1.815189e+10
18152,1.815250e+10
18153,1.815315e+10
18154,1.815486e+10
18155,1.815533e+10
18156,1.815666e+10
18157,1.815725e+10
18158,1.815813e+10
18159,1.815930e+10
18160,1.816050e+10
18161,1.816179e+10
18162,1.816256e+10
18163,1.816354e+10
18164,1.816437e+10
18165,1.816507e+10
18166,1.816630e+10
18167,1.816755e+10
18168,1.816876e+10
18169,1.816973e+10
18170,1.817031e+10
18171,1.817116e+10
18172,1.817293e+10
18173,1.817319e+10
18174,1.817434e+10
18175,1.817590e+10
18176,1.817639e+10
18177,1.817764e+10
18178,1.817832e+10
18179,1.817926e+10
18180,1.818021e+10
18181,1.818123e+10
18182,1.818216e+10
18183,1.818374e+10
18184,1.818490e+10
18185,1.818597e+10
18186,1.818616e+10
18187,1.818767e+10
18188,1.818857e+10
18189,1.818983e+10
18190,1.819087e+10
18191,1.819164e+10
18192,1.819213e+10
18193,1.819365e+10
18194,1.819474e+10
18195,1.819572e+10
18196,1.819618e+10
18197,1.819705e+10
18198,1.819853e+10
18199,1.819974e+10
18200,1.820055e+10
18201,1.820107e+10
18202,1.820278e+10
18203,1.820334e+10
18204,1.820421e+10
18205,1.820500e+10
18206,1.820633e+10
18207,1.820755e+10
18208,1.820829e+10
18209,1.820945e+10
18210,1.821072e+10
18211,1.821174e+10
18212,1.821210e+10
18213,1.821366e+10
18214,1.821414e+10
18215,1.821557e+10
18216,1.821604e+10
18217,1.821778e+10
18218,1.821820e+10
18219,1.821961e+10
18220,1.822056e+10
18221,1.822191e+10
18222,1.822261e+10
18223,1.822307e+10
18224,1.822458e+10
18225,1.822542e+10
18226,1.822652e+10
18227,1.822723e+10
18228,1.822845e+10
18229,1.822977e+10
18230,1.823083e+10
18231,1.823185e+10
18232,1.823206e+10
18233,1.823314e+10
18234,1.823493e+10
18235,1.823538e+10
18236,1.823696e+10
18237,1.823774e+10
18238,1.823805e+10
18239,1.823993e+10
18240,1.824066e+10
18241,1.824122e+10
18242,1.824271e+10
18243,1.824392e+10
18244,1.824401e+10
18245,1.824516e+10
18246,1.824649e+10
18247,1.824787e+10
18248,1.824887e+10
18249,1.824985e+10
18250,1.825087e+10
18251,1.825111e+10
18252,1.825281e+10
18253,1.825365e+10
18254,1.825474e+10
18255,1.825593e+10
18256,1.825631e+10
18257,1.825794e+10
18258,1.825808e+10
18259,1.825964e+10
18260,1.826067e+10
18261,1.826100e+10
18262,1.826280e+10
18263,1.826386e+10
18264,1.826431e+10
18265,1.826543e+10
18266,1.826625e+10
18267,1.826761e+10
18268,1.826846e+10
18269,1.826906e+10
18270,1.827061e+10
18271,1.827173e+10
18272,1.827201e+10
18273,1.827343e+10
18274,1.827481e+10
18275,1.827568e+10
18276,1.827624e+10
18277,1.827751e+10
18278,1.827896e+10
18279,1.827952e+10
18280,1.828078e+10
18281,1.828135e+10
18282,1.828261e+10
18283,1.828387e+10
18284,1.828441e+10
18285,1.828572e+10
18286,1.828651e+10
18287,1.828701e+10
18288,1.828803e+10
18289,1.828946e+10
18290,1.829006e+10
18291,1.829143e+10
18292,1.829259e+10
18293,1.829396e+10
18294,1.829449e+10
18295,1.829510e+10
18296,1.829606e+10
18297,1.829778e+10
18298,1.829863e+10
18299,1.829900e+10
18300,1.830004e+10
18301,1.830134e+10
18302,1.830281e+10
18303,1.830303e+10
18304,1.830404e+10
18305,1.830534e+10
18306,1.830631e+10
18307,1.830723e+10
18308,1.830888e+10
18309,1.830926e+10
18310,1.831064e+10
18311,1.831196e+10
18312,1.831270e+10
18313,1.831312e+10
18314,1.831406e+10
18315,1.831575e+10
18316,1.831636e+10
18317,1.831725e+10
18318,1.831808e+10
18319,1.831992e+10
18320,1.832074e+10
18321,1.832170e+10
18322,1.832297e+10
18323,1.832313e+10
18324,1.832409e+10
18325,1.832584e+10
18326,1.832663e+10
18327,1.832767e+10
18328,1.832809e+10
18329,1.832974e+10
18330,1.833045e+10
18331,1.833179e+10
18332,1.833298e+10
18333,1.833365e+10
18334,1.833412e+10
18335,1.833586e+10
18336,1.833623e+10
18337,1.833735e+10
18338,1.833816e+10
18339,1.833915e+10
18340,1.834028e+10
18341,1.834146e+10
18342,1.834253e+10
18343,1.834370e+10
18344,1.834420e+10
18345,1.834563e+10
18346,1.834685e+10
18347,1.834789e+10
18348,1.834801e+10
18349,1.834910e+10
18350,1.835023e+10
18351,1.835123e+10
18352,1.835279e+10
18353,1.835390e+10
18354,1.835474e+10
18355,1.835546e+10
18356,1.835692e+10
18357,1.835779e+10
18358,1.835859e+10
18359,1.835949e+10
18360,1.836048e+10
18361,1.836128e+10
18362,1.836275e+10
18363,1.836392e+10
18364,1.836412e+10
18365,1.836546e+10
18366,1.836625e+10
18367,1.836766e+10
18368,1.836831e+10
18369,1.836924e+10
18370,1.837074e+10
18371,1.837164e+10
18372,1.837205e+10
18373,1.837301e+10
18374,1.837481e+10
18375,1.837514e+10
18376,1.837656e+10
18377,1.837755e+10
18378,1.837886e+10
18379,1.837969e+10
18380,1.838011e+10
18381,1.838187e+10
18382,1.838245e+10
18383,1.838331e+10
18384,1.838407e+10
18385,1.838505e+10
18386,1.838636e+10
18387,1.838718e+10
18388,1.838834e+10
18389,1.838989e+10
18390,1.839018e+10
18391,1.839173e+10
18392,1.839220e+10
18393,1.839367e+10
18394,1.839405e+10
18395,1.839557e+10
18396,1.839645e+10
18397,1.839782e+10
18398,1.839822e+10
18399,1.839937e+10
18400,1.840024e+10
18401,1.840165e+10
18402,1.840229e+10
18403,1.840383e+10
18404,1.840443e+10
18405,1.840506e+10
18406,1.840667e+10
18407,1.840747e+10
18408,1.840858e+10
18409,1.840974e+10
18410,1.841029e+10
18411,1.841176e+10
18412,1.841256e+10
18413,1.841331e+10
18414,1.841479e+10
18415,1.841524e+10
18416,1.841658e+10
18417,1.841715e+10
18418,1.841861e+10
18419,1.841913e+10
18420,1.842024e+10
18421,1.842172e+10
18422,1.842238e+10
18423,1.842399e+10
18424,1.842472e+10
18425,1.842544e+10
18426,1.842606e+10
18427,1.842781e+10
18428,1.842808e+10
18429,1.842918e+10
18430,1.843063e+10
18431,1.843122e+10
18432,1.843292e+10
18433,1.843310e+10
18434,1.843408e+10
18435,1.843574e+10
18436,1.843680e+10
18437,1.843717e+10
18438,1.843898e+10
18439,1.843979e+10
18440,1.844023e+10
18441,1.844102e+10
18442,1.844219e+10
18443,1.844313e+10
18444,1.844494e+10
18445,1.844548e+10
18446,1.844626e+10
18447,1.844764e+10
18448,1.844890e+10
18449,1.844937e+10
18450,1.845020e+10
18451,1.845120e+10
18452,1.845289e+10
18453,1.845305e+10
18454,1.845403e+10
18455,1.845541e+10
18456,1.845697e+10
18457,1.845704e+10
18458,1.845880e+10
18459,1.845960e+10
18460,1.846075e+10
18461,1.846104e+10
18462,1.846271e+10
18463,1.846380e+10
18464,1.846473e+10
18465,1.846585e+10
18466,1.846674e+10
18467,1.846700e+10
18468,1.846881e+10
18469,1.846917e+10
18470,1.847099e+10
18471,1.847152e+10
18472,1.847208e+10
18473,1.847320e+10
18474,1.847438e+10
18475,1.847519e+10
18476,1.847631e+10
18477,1.847704e+10
18478,1.847877e+10
18479,1.847917e+10
18480,1.848078e+10
18481,1.848178e+10
18482,1.848258e+10
18483,1.848347e+10
18484,1.848403e+10
18485,1.848582e+10
18486,1.848634e+10
18487,1.848769e+10
18488,1.848836e+10
18489,1.848978e+10
18490,1.849036e+10
18491,1.849170e+10
18492,1.849294e+10
18493,1.849321e+10
18494,1.849481e+10
18495,1.849550e+10
18496,1.849664e+10
18497,1.849734e+10
18498,1.849814e+10
18499,1.849948e+10
18500,1.850043e+10
18501,1.850180e+10
18502,1.850231e+10
18503,1.850388e+10
18504,1.850428e+10
18505,1.850543e+10
18506,1.850664e+10
18507,1.850794e+10
18508,1.850864e+10
18509,1.850980e+10
18510,1.851039e+10
18511,1.851142e+10
18512,1.851254e+10
18513,1.851369e+10
18514,1.851475e+10
18515,1.851560e+10
18516,1.851651e+10
18517,1.851703e+10
18518,1.851898e+10
18519,1.851913e+10
18520,1.852018e+10
18521,1.852157e+10
18522,1.852265e+10
18523,1.852309e+10
18524,1.852416e+10
18525,1.852593e+10
18526,1.852672e+10
18527,1.852785e+10
18528,1.852838e+10
18529,1.852970e+10
18530,1.853057e+10
18531,1.853187e+10
18532,1.853293e+10
18533,1.853338e+10
18534,1.853411e+10
18535,1.853588e+10
18536,1.853639e+10
18537,1.853718e+10
18538,1.853862e+10
18539,1.853956e+10
18540,1.854084e+10
18541,1.854145e+10
18542,1.854220e+10
18543,1.854397e+10
18544,1.854445e+10
18545,1.854523e+10
18546,1.854623e+10
18547,1.854751e+10
18548,1.854826e+10
18549,1.854926e+10
18550,1.855018e+10
18551,1.855188e+10
18552,1.855217e+10
18553,1.855338e+10
18554,1.855461e+10
18555,1.855500e+10
18556,1.855681e+10
18557,1.855787e+10
18558,1.855836e+10
18559,1.855990e+10
18560,1.856067e+10
18561,1.856106e+10
18562,1.856227e+10
18563,1.856368e+10
18564,1.856468e+10
18565,1.856576e+10
18566,1.856612e+10
18567,1.856737e+10
18568,1.856825e+10
18569,1.856981e+10
18570,1.857072e+10
18571,1.857183e+10
18572,1.857238e+10
18573,1.857334e+10
18574,1.857467e+10
18575,1.857529e+10
18576,1.857632e+10
18577,1.857725e+10
18578,1.857805e+10
18579,1.857995e+10
18580,1.858084e+10
18581,1.858186e+10
18582,1.858260e+10
18583,1.858385e+10
18584,1.858486e+10
18585,1.858545e+10
18586,1.858620e+10
18587,1.858779e+10
18588,1.858820e+10
18589,1.858959e+10
18590,1.859042e+10
18591,1.859183e+10
18592,1.859240e+10
18593,1.859389e+10
18594,1.859465e+10
18595,1.859550e+10
18596,1.859644e+10
18597,1.859771e+10
18598,1.859853e+10
18599,1.859908e+10
18600,1.860075e+10
18601,1.860158e+10
18602,1.860257e+10
18603,1.860364e+10
18604,1.860428e+10
18605,1.860553e+10
18606,1.860660e+10
18607,1.860774e+10
18608,1.860805e+10
18609,1.860950e+10
18610,1.861090e+10
18611,1.861109e+10
18612,1.861221e+10
18613,1.861344e+10
18614,1.861411e+10
18615,1.861507e+10
18616,1.861627e+10
18617,1.861781e+10
18618,1.861802e+10
18619,1.861984e+10
18620,1.862009e+10
18621,1.862118e+10
18622,1.862249e+10
18623,1.862395e+10
18624,1.862492e+10
18625,1.862539e+10
18626,1.862668e+10
18627,1.862700e+10
18628,1.862895e+10
18629,1.862981e+10
18630,1.863085e+10
18631,1.863122e+10
18632,1.863264e+10
18633,1.863300e+10
18634,1.863437e+10
18635,1.863585e+10
18636,1.863675e+10
18637,1.863777e+10
18638,1.863896e+10
18639,1.863979e+10
18640,1.864060e+10
18641,1.864130e+10
18642,1.864281e+10
18643,1.864350e+10
18644,1.864491e+10
18645,1.864591e+10
18646,1.864648e+10
18647,1.864703e+10
18648,1.864810e+10
18649,1.864971e+10
18650,1.865099e+10
18651,1.865129e+10
18652,1.865265e+10
18653,1.865330e+10
18654,1.865481e+10
18655,1.865573e+10
18656,1.865679e+10
18657,1.865710e+10
18658,1.865834e+10
18659,1.865940e+10
18660,1.866062e+10
18661,1.866151e+10
18662,1.866236e+10
18663,1.866395e+10
18664,1.866480e+10
18665,1.866595e+10
18666,1.866698e+10
18667,1.866768e+10
18668,1.866808e+10
18669,1.866921e+10
18670,1.867086e+10
18671,1.867114e+10
18672,1.867266e+10
18673,1.867341e+10
18674,1.867431e+10
18675,1.867591e+10
18676,1.867697e+10
18677,1.867718e+10
18678,1.867865e+10
18679,1.867934e+10
18680,1.868041e+10
18681,1.868145e+10
18682,1.868246e+10
18683,1.868358e+10
18684,1.868428e+10
18685,1.868546e+10
18686,1.868627e+10
18687,1.868784e+10
18688,1.868817e+10
18689,1.868957e+10
18690,1.869012e+10
18691,1.869113e+10
18692,1.869255e+10
18693,1.869338e+10
18694,1.869448e+10
18695,1.869512e+10
18696,1.869694e+10
18697,1.869722e+10
18698,1.869875e+10
18699,1.869986e+10
18700,1.870053e+10
18701,1.870150e+10
18702,1.870244e+10
18703,1.870338e+10
18704,1.870495e+10
18705,1.870577e+10
18706,1.870672e+10
18707,1.870728e+10
18708,1.870826e+10
18709,1.870956e+10
18710,1.871000e+10
18711,1.871157e+10
18712,1.871298e+10
18713,1.871329e+10
18714,1.871415e+10
18715,1.871566e+10
18716,1.871697e+10
18717,1.871795e+10
18718,1.871899e+10
18719,1.871949e+10
18720,1.872030e+10
18721,1.872181e+10
18722,1.872268e+10
18723,1.872383e+10
18724,1.872432e+10
18725,1.872585e+10
18726,1.872667e+10
18727,1.872706e+10
18728,1.872814e+10
18729,1.872993e+10
18730,1.873096e+10
18731,1.873128e+10
18732,1.873240e+10
18733,1.873306e+10
18734,1.873459e+10
18735,1.873557e+10
18736,1.873611e+10
18737,1.873771e+10
18738,1.873880e+10
18739,1.873997e+10
18740,1.874080e+10
18741,1.874193e+10
18742,1.874213e+10
18743,1.874390e+10
18744,1.874430e+10
18745,1.874567e+10
18746,1.874685e+10
18747,1.874735e+10
18748,1.874858e+10
18749,1.874993e+10
18750,1.875053e+10
18751,1.875165e+10
18752,1.875269e+10
18753,1.875379e+10
18754,1.875453e+10
18755,1.875566e+10
18756,1.875653e+10
18757,1.875716e+10
18758,1.875815e+10
18759,1.875978e+10
18760,1.876051e+10
18761,1.876194e+10
18762,1.876257e+10
18763,1.876389e+10
18764,1.876414e+10
18765,1.876584e+10
18766,1.876690e+10
18767,1.876719e+10
18768,1.876822e+10
18769,1.876915e+10
18770,1.877073e+10
18771,1.877145e+10
18772,1.877239e+10
18773,1.877317e+10
18774,1.877451e+10
18775,1.877553e+10
18776,1.877657e+10
18777,1.877778e+10
18778,1.877853e+10
18779,1.877932e+10
18780,1.878087e+10
18781,1.878145e+10
18782,1.878276e+10
18783,1.878372e+10
18784,1.878408e+10
18785,1.878524e+10
18786,1.878625e+10
18787,1.878715e+10
18788,1.878844e+10
18789,1.878909e+10
18790,1.879001e+10
18791,1.879103e+10
18792,1.879218e+10
18793,1.879331e+10
18794,1.879489e+10
18795,1.879535e+10
18796,1.879695e+10
18797,1.879705e+10
18798,1.879835e+10
18799,1.879946e+10
18800,1.880072e+10
18801,1.880115e+10
18802,1.880279e+10
18803,1.880329e+10
18804,1.880455e+10
18805,1.880505e+10
18806,1.880637e+10
18807,1.880740e+10
18808,1.880864e+10
18809,1.880909e+10
18810,1.881068e+10
18811,1.881127e+10
18812,1.881290e+10
18813,1.881356e+10
18814,1.881402e+10
18815,1.881558e+10
18816,1.881641e+10
18817,1.881724e+10
18818,1.881808e+10
18819,1.881987e+10
18820,1.882018e+10
18821,1.882144e+10
18822,1.882295e+10
18823,1.882357e+10
18824,1.882455e+10
18825,1.882563e+10
18826,1.882615e+10
18827,1.882790e+10
18828,1.882829e+10
18829,1.882935e+10
18830,1.883005e+10
18831,1.883148e+10
18832,1.883226e+10
18833,1.883301e+10
18834,1.883414e+10
18835,1.883554e+10
18836,1.883635e+10
18837,1.883783e+10
18838,1.883857e+10
18839,1.883908e+10
18840,1.884070e+10
18841,1.884126e+10
18842,1.884263e+10
18843,1.884329e+10
18844,1.884472e+10
18845,1.884512e+10
18846,1.884679e+10
18847,1.884755e+10
18848,1.884875e+10
18849,1.884954e+10
18850,1.885061e+10
18851,1.885137e+10
18852,1.885230e+10
18853,1.885385e+10
18854,1.885403e+10
18855,1.885600e+10
18856,1.885609e+10
18857,1.885717e+10
18858,1.885854e+10
18859,1.885913e+10
18860,1.886085e+10
18861,1.886133e+10
18862,1.886212e+10
18863,1.886356e+10
18864,1.886485e+10
18865,1.886577e+10
18866,1.886640e+10
18867,1.886715e+10
18868,1.886849e+10
18869,1.886996e+10
18870,1.887036e+10
18871,1.887157e+10
18872,1.887239e+10
18873,1.887322e+10
18874,1.887435e+10
18875,1.887574e+10
18876,1.887622e+10
18877,1.887796e+10
18878,1.887854e+10
18879,1.887909e+10
18880,1.888007e+10
18881,1.888147e+10
18882,1.888235e+10
18883,1.888356e+10
18884,1.888458e+10
18885,1.888508e+10
18886,1.888645e+10
18887,1.888726e+10
18888,1.888830e+10
18889,1.888932e+10
18890,1.889079e+10
18891,1.889155e+10
18892,1.889270e+10
18893,1.889308e+10
18894,1.889466e+10
18895,1.889596e+10
18896,1.889617e+10
18897,1.889739e+10
18898,1.889879e+10
18899,1.889938e+10
18900,1.890057e+10
18901,1.890128e+10
18902,1.890274e+10
18903,1.890327e+10
18904,1.890479e+10
18905,1.890531e+10
18906,1.890676e+10
18907,1.890734e+10
18908,1.890878e+10
18909,1.890902e+10
18910,1.891009e+10
18911,1.891179e+10
18912,1.891260e+10
18913,1.891360e+10
18914,1.891496e+10
18915,1.891543e+10
18916,1.891616e+10
18917,1.891780e+10
18918,1.891829e+10
18919,1.891928e+10
18920,1.892021e+10
18921,1.892193e+10
18922,1.892286e+10
18923,1.892302e+10
18924,1.892412e+10
18925,1.892581e+10
18926,1.892643e+10
18927,1.892740e+10
18928,1.892855e+10
18929,1.892967e+10
18930,1.893016e+10
18931,1.893101e+10
18932,1.893224e+10
18933,1.893306e+10
18934,1.893430e+10
18935,1.893518e+10
18936,1.893638e+10
18937,1.893790e+10
18938,1.893813e+10
18939,1.893961e+10
18940,1.894097e+10
18941,1.894155e+10
18942,1.894209e+10
18943,1.894388e+10
18944,1.894429e+10
18945,1.894537e+10
18946,1.894653e+10
18947,1.894766e+10
18948,1.894864e+10
18949,1.894990e+10
18950,1.895096e+10
18951,1.895181e+10
18952,1.895233e+10
18953,1.895389e+10
18954,1.895490e+10
18955,1.895557e+10
18956,1.895660e+10
18957,1.895740e+10
18958,1.895822e+10
18959,1.895944e+10
18960,1.896003e+10
18961,1.896196e+10
18962,1.896254e+10
18963,1.896347e+10
18964,1.896445e+10
18965,1.896574e+10
18966,1.896660e+10
18967,1.896800e+10
18968,1.896828e+10
18969,1.896965e+10
18970,1.897073e+10
18971,1.897178e+10
18972,1.897274e+10
18973,1.897339e+10
18974,1.897494e+10
18975,1.897564e+10
18976,1.897618e+10
18977,1.897795e+10
18978,1.897867e+10
18979,1.897953e+10
18980,1.898057e+10
18981,1.898151e+10
18982,1.898217e+10
18983,1.898370e+10
18984,1.898492e+10
18985,1.898566e+10
18986,1.898639e+10
18987,1.898707e+10
18988,1.898853e+10
18989,1.898990e+10
18990,1.899030e+10
18991,1.899147e+10
18992,1.899236e+10
18993,1.899354e+10
18994,1.899444e+10
18995,1.899539e+10
18996,1.899620e+10
18997,1.899722e+10
18998,1.899802e+10
18999,1.899988e+10
19000,1.900038e+10
19001,1.900163e+10
19002,1.900205e+10
19003,1.900324e+10
19004,1.900474e+10
19005,1.900534e+10
19006,1.900660e+10
19007,1.900723e+10
19008,1.900825e+10
19009,1.900967e+10
19010,1.901084e+10
19011,1.901112e+10
19012,1.901248e+10
19013,1.901366e+10
19014,1.901500e+10
19015,1.901552e+10
19016,1.901679e+10
19017,1.901784e+10
19018,1.901816e+10
19019,1.901989e+10
19020,1.902021e+10
19021,1.902195e+10
19022,1.902240e+10
19023,1.902370e+10
19024,1.902456e+10
19025,1.902536e+10
19026,1.902631e+10
19027,1.902780e+10
19028,1.902874e+10
19029,1.902922e+10
19030,1.903001e+10
19031,1.903190e+10
19032,1.903202e+10
19033,1.903327e+10
19034,1.903439e+10
19035,1.903580e+10
19036,1.903614e+10
19037,1.903800e+10
19038,1.903837e+10
19039,1.903913e+10
19040,1.904009e+10
19041,1.904112e+10
19042,1.904243e+10
19043,1.904312e+10
19044,1.904464e+10
19045,1.904536e+10
19046,1.904651e+10
19047,1.904788e+10
19048,1.904820e+10
19049,1.904980e+10
19050,1.905067e+10
19051,1.905191e+10
19052,1.905208e+10
19053,1.905318e+10
19054,1.905431e+10
19055,1.905516e+10
19056,1.905668e+10
19057,1.905748e+10
19058,1.905828e+10
19059,1.905970e+10
19060,1.906025e+10
19061,1.906153e+10
19062,1.906261e+10
19063,1.906350e+10
19064,1.906483e+10
19065,1.906523e+10
19066,1.906699e+10
19067,1.906797e+10
19068,1.906866e+10
19069,1.906928e+10
19070,1.907043e+10
19071,1.907115e+10
19072,1.907285e+10
19073,1.907395e+10
19074,1.907464e+10
19075,1.907534e+10
19076,1.907609e+10
19077,1.907798e+10
19078,1.907834e+10
19079,1.907966e+10
19080,1.908089e+10
19081,1.908193e+10
19082,1.908294e+10
19083,1.908318e+10
19084,1.908407e+10
19085,1.908591e+10
19086,1.908682e+10
19087,1.908755e+10
19088,1.908872e+10
19089,1.908971e+10
19090,1.909076e+10
19091,1.909125e+10
19092,1.909209e+10
19093,1.909348e+10
19094,1.909463e+10
19095,1.909509e+10
19096,1.909662e+10
19097,1.909733e+10
19098,1.909891e+10
19099,1.909938e+10
19100,1.910003e+10
19101,1.910114e+10
19102,1.910225e+10
19103,1.910389e+10
19104,1.910402e+10
19105,1.910548e+10
19106,1.910642e+10
19107,1.910727e+10
19108,1.910876e+10
19109,1.910916e+10
19110,1.911056e+10
19111,1.911193e+10
19112,1.911210e+10
19113,1.911353e+10
19114,1.911493e+10
19115,1.911522e+10
19116,1.911672e+10
19117,1.911788e+10
19118,1.911826e+10
19119,1.911976e+10
19120,1.912068e+10
19121,1.912188e+10
19122,1.912218e+10
19123,1.912381e+10
19124,1.912453e+10
19125,1.912565e+10
19126,1.912603e+10
19127,1.912789e+10
19128,1.912806e+10
19129,1.912903e+10
19130,1.913023e+10
19131,1.913110e+10
19132,1.913219e+10
19133,1.913344e+10
19134,1.913439e+10
19135,1.913501e+10
19136,1.913685e+10
19137,1.913744e+10
19138,1.913854e+10
19139,1.913950e+10
19140,1.914009e+10
19141,1.914109e+10
19142,1.914283e+10
19143,1.914369e+10
19144,1.914477e+10
19145,1.914585e+10
19146,1.914670e+10
19147,1.914759e+10
19148,1.914844e+10
19149,1.914988e+10
19150,1.915026e+10
19151,1.915184e+10
19152,1.915286e+10
19153,1.915328e+10
19154,1.915469e+10
19155,1.915532e+10
19156,1.915617e+10
19157,1.915794e+10
19158,1.915851e+10
19159,1.915978e+10
19160,1.916072e+10
19161,1.916197e+10
19162,1.916277e+10
19163,1.916362e+10
19164,1.916461e+10
19165,1.916569e+10
19166,1.916632e+10
19167,1.916709e+10
19168,1.916840e+10
19169,1.916947e+10
19170,1.917077e+10
19171,1.917119e+10
19172,1.917201e+10
19173,1.917383e+10
19174,1.917408e+10
19175,1.917595e+10
19176,1.917612e+10
19177,1.917798e+10
19178,1.917883e+10
19179,1.917949e+10
19180,1.918085e+10
19181,1.918198e+10
19182,1.918250e+10
19183,1.918312e+10
19184,1.918434e+10
19185,1.918587e+10
19186,1.918623e+10
19187,1.918737e+10
19188,1.918837e+10
19189,1.918964e+10
19190,1.919047e+10
19191,1.919102e+10
19192,1.919213e+10
19193,1.919389e+10
19194,1.919469e+10
19195,1.919527e+10
19196,1.919631e+10
19197,1.919775e+10
19198,1.919863e+10
19199,1.919924e+10
19200,1.920078e+10
19201,1.920139e+10
19202,1.920291e+10
19203,1.920388e+10
19204,1.920426e+10
19205,1.920586e+10
19206,1.920651e+10
19207,1.920733e+10
19208,1.920816e+10
19209,1.920906e+10
19210,1.921069e+10
19211,1.921170e+10
19212,1.921226e+10
19213,1.921348e+10
19214,1.921436e+10
19215,1.921562e+10
19216,1.921642e+10
19217,1.921800e+10
19218,1.921844e+10
19219,1.921930e+10
19220,1.922006e+10
19221,1.922152e+10
19222,1.922278e+10
19223,1.922384e+10
19224,1.922411e+10
19225,1.922564e+10
19226,1.922645e+10
19227,1.922794e+10
19228,1.922888e+10
19229,1.922990e+10
19230,1.923026e+10
19231,1.923123e+10
19232,1.923237e+10
19233,1.923346e+10
19234,1.923424e+10
19235,1.923577e+10
19236,1.923649e+10
19237,1.923776e+10
19238,1.923800e+10
19239,1.923906e+10
19240,1.924040e+10
19241,1.924192e+10
19242,1.924297e+10
19243,1.924394e+10
19244,1.924479e+10
19245,1.924503e+10
19246,1.924610e+10
19247,1.924731e+10
19248,1.924872e+10
19249,1.924965e+10
19250,1.925055e+10
19251,1.925192e+10
19252,1.925273e+10
19253,1.925389e+10
19254,1.925498e+10
19255,1.925550e+10
19256,1.925680e+10
19257,1.925755e+10
19258,1.925849e+10
19259,1.925919e+10
19260,1.926060e+10
19261,1.926192e+10
19262,1.926297e+10
19263,1.926346e+10
19264,1.926431e+10
19265,1.926519e+10
19266,1.926676e+10
19267,1.926776e+10
19268,1.926813e+10
19269,1.926996e+10
19270,1.927085e+10
19271,1.927136e+10
19272,1.927208e+10
19273,1.927365e+10
19274,1.927422e+10
19275,1.927557e+10
19276,1.927607e+10
19277,1.927702e+10
19278,1.927847e+10
19279,1.927977e+10
19280,1.928079e+10
19281,1.928198e+10
19282,1.928247e+10
19283,1.928372e+10
19284,1.928494e+10
19285,1.928534e+10
19286,1.928667e+10
19287,1.928717e+10
19288,1.928863e+10
19289,1.928960e+10
19290,1.929053e+10
19291,1.929136e+10
19292,1.929228e+10
19293,1.929327e+10
19294,1.929462e+10
19295,1.929581e+10
19296,1.929623e+10
19297,1.929702e+10
19298,1.929897e+10
19299,1.929942e+10
19300,1.930046e+10
19301,1.930177e+10
19302,1.930255e+10
19303,1.930347e+10
19304,1.930456e+10
19305,1.930593e+10
19306,1.930659e+10
19307,1.930789e+10
19308,1.930847e+10
19309,1.930956e+10
19310,1.931048e+10
19311,1.931191e+10
19312,1.931210e+10
19313,1.931311e+10
19314,1.931434e+10
19315,1.931572e+10
19316,1.931627e+10
19317,1.931768e+10
19318,1.931844e+10
19319,1.931996e+10
19320,1.932012e+10
19321,1.932120e+10
19322,1.932263e+10
19323,1.932357e+10
19324,1.932420e+10
19325,1.932589e+10
19326,1.932669e+10
19327,1.932773e+10
19328,1.932845e+10
19329,1.933000e+10
19330,1.933014e+10
19331,1.933143e+10
19332,1.933255e+10
19333,1.933336e+10
19334,1.933408e+10
19335,1.933527e+10
19336,1.933616e+10
19337,1.933739e+10
19338,1.933829e+10
19339,1.933942e+10
19340,1.934028e+10
19341,1.934198e+10
19342,1.934275e+10
19343,1.934369e+10
19344,1.934418e+10
19345,1.934594e+10
19346,1.934664e+10
19347,1.934766e+10
19348,1.934874e+10
19349,1.934914e+10
19350,1.935053e+10
19351,1.935111e+10
19352,1.935261e+10
19353,1.935393e+10
19354,1.935462e+10
19355,1.935583e+10
19356,1.935682e+10
19357,1.935784e+10
19358,1.935805e+10
19359,1.935959e+10
19360,1.936087e+10
19361,1.936144e+10
19362,1.936267e+10
19363,1.936347e+10
19364,1.936411e+10
19365,1.936590e+10
19366,1.936631e+10
19367,1.936778e+10
19368,1.936824e+10
19369,1.936988e+10
19370,1.937017e+10
19371,1.937125e+10
19372,1.937251e+10
19373,1.937347e+10
19374,1.937453e+10
19375,1.937545e+10
19376,1.937696e+10
19377,1.937799e+10
19378,1.937845e+10
19379,1.937985e+10
19380,1.938076e+10
19381,1.938173e+10
19382,1.938299e+10
19383,1.938385e+10
19384,1.938450e+10
19385,1.938504e+10
19386,1.938634e+10
19387,1.938706e+10
19388,1.938893e+10
19389,1.938904e+10
19390,1.939095e+10
19391,1.939154e+10
19392,1.939236e+10
19393,1.939335e+10
19394,1.939458e+10
19395,1.939531e+10
19396,1.939641e+10
19397,1.939712e+10
19398,1.939870e+10
19399,1.939993e+10
19400,1.940043e+10
19401,1.940101e+10
19402,1.940269e+10
19403,1.940340e+10
19404,1.940471e+10
19405,1.940514e+10
19406,1.940662e+10
19407,1.940717e+10
19408,1.940852e+10
19409,1.940964e+10
19410,1.941094e+10
19411,1.941174e+10
19412,1.941238e+10
19413,1.941330e+10
19414,1.941453e+10
19415,1.941596e+10
19416,1.941679e+10
19417,1.941724e+10
19418,1.941811e+10
19419,1.941970e+10
19420,1.942019e+10
19421,1.942193e+10
19422,1.942281e+10
19423,1.942387e+10
19424,1.942495e+10
19425,1.942577e+10
19426,1.942654e+10
19427,1.942735e+10
19428,1.942895e+10
19429,1.942969e+10
19430,1.943090e+10
19431,1.943132e+10
19432,1.943272e+10
19433,1.943387e+10
19434,1.943453e+10
19435,1.943510e+10
19436,1.943681e+10
19437,1.943775e+10
19438,1.943895e+10
19439,1.943960e+10
19440,1.944040e+10
19441,1.944170e+10
19442,1.944253e+10
19443,1.944306e+10
19444,1.944476e+10
19445,1.944534e+10
19446,1.944654e+10
19447,1.944778e+10
19448,1.944847e+10
19449,1.944923e+10
19450,1.945024e+10
19451,1.945177e+10
19452,1.945295e+10
19453,1.945326e+10
19454,1.945457e+10
19455,1.945598e+10
19456,1.945685e+10
19457,1.945799e+10
19458,1.945826e+10
19459,1.945952e+10
19460,1.946083e+10
19461,1.946155e+10
19462,1.946291e+10
19463,1.946355e+10
19464,1.946488e+10
19465,1.946547e+10
19466,1.946619e+10
19467,1.946734e+10
19468,1.946859e+10
19469,1.946941e+10
19470,1.947081e+10
19471,1.947179e+10
19472,1.947239e+10
19473,1.947311e+10
19474,1.947466e+10
19475,1.947506e+10
19476,1.947660e+10
19477,1.947731e+10
19478,1.947897e+10
19479,1.947972e+10
19480,1.948033e+10
19481,1.948164e+10
19482,1.948292e+10
19483,1.948306e+10
19484,1.948410e+10
19485,1.948563e+10
19486,1.948653e+10
19487,1.948756e+10
19488,1.948810e+10
19489,1.948978e+10
19490,1.949031e+10
19491,1.949160e+10
19492,1.949284e+10
19493,1.949338e+10
19494,1.949481e+10
19495,1.949573e+10
19496,1.949616e+10
19497,1.949702e+10
19498,1.949820e+10
19499,1.949975e+10
19500,1.950076e+10
19501,1.950150e+10
19502,1.950237e+10
19503,1.950377e+10
19504,1.950469e+10
19505,1.950587e+10
19506,1.950608e+10
19507,1.950786e+10
19508,1.950896e+10
19509,1.950977e+10
19510,1.951032e+10
19511,1.951129e+10
19512,1.951228e+10
19513,1.951367e+10
19514,1.951404e+10
19515,1.951567e+10
19516,1.951699e+10
19517,1.951778e+10
19518,1.951817e+10
19519,1.951942e+10
19520,1.952095e+10
19521,1.952173e+10
19522,1.952294e+10
19523,1.952385e+10
19524,1.952419e+10
19525,1.952502e+10
19526,1.952689e+10
19527,1.952709e+10
19528,1.952813e+10
19529,1.952928e+10
19530,1.953092e+10
19531,1.953165e+10
19532,1.953268e+10
19533,1.953400e+10
19534,1.953489e+10
19535,1.953595e+10
19536,1.953668e+10
19537,1.953773e+10
19538,1.953841e+10
19539,1.953971e+10
19540,1.954069e+10
19541,1.954119e+10
19542,1.954256e+10
19543,1.954346e+10
19544,1.954427e+10
19545,1.954572e+10
19546,1.954618e+10
19547,1.954764e+10
19548,1.954814e+10
19549,1.954980e+10
19550,1.955016e+10
19551,1.955116e+10
19552,1.955268e+10
19553,1.955335e+10
19554,1.955491e+10
19555,1.955544e+10
19556,1.955633e+10
19557,1.955787e+10
19558,1.955877e+10
19559,1.955902e+10
19560,1.956046e+10
19561,1.956194e+10
19562,1.956219e+10
19563,1.956305e+10
19564,1.956479e+10
19565,1.956557e+10
19566,1.956684e+10
19567,1.956800e+10
19568,1.956828e+10
19569,1.956992e+10
19570,1.957083e+10
19571,1.957198e+10
19572,1.957247e+10
19573,1.957337e+10
19574,1.957404e+10
19575,1.957568e+10
19576,1.957629e+10
19577,1.957764e+10
19578,1.957888e+10
19579,1.957907e+10
19580,1.958018e+10
19581,1.958109e+10
19582,1.958296e+10
19583,1.958370e+10
19584,1.958495e+10
19585,1.958539e+10
19586,1.958684e+10
19587,1.958785e+10
19588,1.958856e+10
19589,1.958912e+10
19590,1.959090e+10
19591,1.959149e+10
19592,1.959292e+10
19593,1.959347e+10
19594,1.959460e+10
19595,1.959590e+10
19596,1.959669e+10
19597,1.959757e+10
19598,1.959822e+10
19599,1.959925e+10
19600,1.960019e+10
19601,1.960107e+10
19602,1.960251e+10
19603,1.960353e+10
19604,1.960496e+10
19605,1.960591e+10
19606,1.960665e+10
19607,1.960731e+10
19608,1.960884e+10
19609,1.960988e+10
19610,1.961054e+10
19611,1.961108e+10
19612,1.961207e+10
19613,1.961323e+10
19614,1.961428e+10
19615,1.961529e+10
19616,1.961651e+10
19617,1.961758e+10
19618,1.961896e+10
19619,1.961985e+10
19620,1.962072e+10
19621,1.962152e+10
19622,1.962257e+10
19623,1.962377e+10
19624,1.962431e+10
19625,1.962589e+10
19626,1.962634e+10
19627,1.962736e+10
19628,1.962852e+10
19629,1.962979e+10
19630,1.963008e+10
19631,1.963133e+10
19632,1.963212e+10
19633,1.963334e+10
19634,1.963490e+10
19635,1.963572e+10
19636,1.963691e+10
19637,1.963788e+10
19638,1.963809e+10
19639,1.963984e+10
19640,1.964049e+10
19641,1.964193e+10
19642,1.964279e+10
19643,1.964320e+10
19644,1.964450e+10
19645,1.964531e+10
19646,1.964696e+10
19647,1.964770e+10
19648,1.964805e+10
19649,1.964956e+10
19650,1.965031e+10
19651,1.965191e+10
19652,1.965298e+10
19653,1.965344e+10
19654,1.965412e+10
19655,1.965538e+10
19656,1.965637e+10
19657,1.965785e+10
19658,1.965838e+10
19659,1.965965e+10
19660,1.966061e+10
19661,1.966149e+10
19662,1.966242e+10
19663,1.966371e+10
19664,1.966410e+10
19665,1.966577e+10
19666,1.966649e+10
19667,1.966796e+10
19668,1.966814e+10
19669,1.966986e+10
19670,1.967006e+10
19671,1.967127e+10
19672,1.967209e+10
19673,1.967309e+10
19674,1.967425e+10
19675,1.967563e+10
19676,1.967687e+10
19677,1.967731e+10
19678,1.967890e+10
19679,1.967915e+10
19680,1.968021e+10
19681,1.968132e+10
19682,1.968219e+10
19683,1.968369e+10
19684,1.968492e+10
19685,1.968579e+10
19686,1.968646e+10
19687,1.968743e+10
19688,1.968811e+10
19689,1.968976e+10
19690,1.969028e+10
19691,1.969131e+10
19692,1.969207e+10
19693,1.969318e+10
19694,1.969474e+10
19695,1.969521e+10
19696,1.969607e+10
19697,1.969736e+10
19698,1.969841e+10
19699,1.969941e+10
19700,1.970010e+10
19701,1.970174e+10
19702,1.970263e+10
19703,1.970301e+10
19704,1.970411e+10
19705,1.970551e+10
19706,1.970643e+10
19707,1.970777e+10
19708,1.970881e+10
19709,1.970976e+10
19710,1.971065e+10
19711,1.971169e+10
19712,1.971227e+10
19713,1.971348e+10
19714,1.971408e+10
19715,1.971535e+10
19716,1.971645e+10
19717,1.971800e+10
19718,1.971844e+10
19719,1.971998e+10
19720,1.972087e+10
19721,1.972197e+10
19722,1.972243e+10
19723,1.972302e+10
19724,1.972458e+10
19725,1.972547e+10
19726,1.972633e+10
19727,1.972711e+10
19728,1.972893e+10
19729,1.972914e+10
19730,1.973081e+10
19731,1.973188e+10
19732,1.973263e+10
19733,1.973309e+10
19734,1.973483e+10
19735,1.973568e+10
19736,1.973623e+10
19737,1.973781e+10
19738,1.973813e+10
19739,1.973949e+10
19740,1.974020e+10
19741,1.974134e+10
19742,1.974273e+10
19743,1.974371e+10
19744,1.974499e+10
19745,1.974551e+10
19746,1.974634e+10
19747,1.974708e+10
19748,1.974896e+10
19749,1.974914e+10
19750,1.975037e+10
19751,1.975191e+10
19752,1.975249e+10
19753,1.975316e+10
19754,1.975475e+10
19755,1.975574e+10
19756,1.975672e+10
19757,1.975754e+10
19758,1.975895e+10
19759,1.975993e+10
19760,1.976090e+10
19761,1.976159e+10
19762,1.976223e+10
19763,1.976345e+10
19764,1.976483e+10
19765,1.976521e+10
19766,1.976679e+10
19767,1.976799e+10
19768,1.976829e+10
19769,1.976908e+10
19770,1.977040e+10
19771,1.977147e+10
19772,1.977249e+10
19773,1.977363e+10
19774,1.977414e+10
19775,1.977550e+10
19776,1.977665e+10
19777,1.977731e+10
19778,1.977846e+10
19779,1.977909e+10
19780,1.978096e+10
19781,1.978176e+10
19782,1.978201e+10
19783,1.978339e+10
19784,1.978471e+10
19785,1.978509e+10
19786,1.978613e+10
19787,1.978730e+10
19788,1.978894e+10
19789,1.978938e+10
19790,1.979061e+10
19791,1.979185e+10
19792,1.979278e+10
19793,1.979315e+10
19794,1.979482e+10
19795,1.979582e+10
19796,1.979646e+10
19797,1.979711e+10
19798,1.979810e+10
19799,1.979982e+10
19800,1.980034e+10
19801,1.980164e+10
19802,1.980225e+10
19803,1.980383e+10
19804,1.980418e+10
19805,1.980523e+10
19806,1.980650e+10
19807,1.980712e+10
19808,1.980876e+10
19809,1.980990e+10
19810,1.981045e+10
19811,1.981198e+10
19812,1.981251e+10
19813,1.981368e+10
19814,1.981414e+10
19815,1.981508e+10
19816,1.981640e+10
19817,1.981761e+10
19818,1.981830e+10
19819,1.981927e+10
19820,1.982078e+10
19821,1.982126e+10
19822,1.982275e+10
19823,1.982343e+10
19824,1.982407e+10
19825,1.982597e+10
19826,1.982643e+10
19827,1.982733e+10
19828,1.982855e+10
19829,1.982902e+10
19830,1.983052e+10
19831,1.983162e+10
19832,1.983298e+10
19833,1.983398e+10
19834,1.983408e+10
19835,1.983532e+10
19836,1.983641e+10
19837,1.983746e+10
19838,1.983860e+10
19839,1.983959e+10
19840,1.984053e+10
19841,1.984136e+10
19842,1.984213e+10
19843,1.984378e+10
19844,1.984416e+10
19845,1.984570e+10
19846,1.984664e+10
19847,1.984774e+10
19848,1.984806e+10
19849,1.984905e+10
19850,1.985086e+10
19851,1.985141e+10
19852,1.985242e+10
19853,1.985374e+10
19854,1.985475e+10
19855,1.985578e+10
19856,1.985696e+10
19857,1.985738e+10
19858,1.985805e+10
19859,1.985989e+10
19860,1.986016e+10
19861,1.986151e+10
19862,1.986252e+10
19863,1.986321e+10
19864,1.986491e+10
19865,1.986514e+10
19866,1.986632e+10
19867,1.986746e+10
19868,1.986856e+10
19869,1.986993e+10
19870,1.987060e+10
19871,1.987148e+10
19872,1.987235e+10
19873,1.987348e+10
19874,1.987451e+10
19875,1.987534e+10
19876,1.987608e+10
19877,1.987787e+10
19878,1.987850e+10
19879,1.987920e+10
19880,1.988036e+10
19881,1.988172e+10
19882,1.988229e+10
19883,1.988366e+10
19884,1.988423e+10
19885,1.988503e+10
19886,1.988644e+10
19887,1.988732e+10
19888,1.988890e+10
19889,1.988953e+10
19890,1.989055e+10
19891,1.989106e+10
19892,1.989226e+10
19893,1.989322e+10
19894,1.989475e+10
19895,1.989561e+10
19896,1.989605e+10
19897,1.989774e+10
19898,1.989803e+10
19899,1.989997e+10
19900,1.990085e+10
19901,1.990190e+10
19902,1.990267e+10
19903,1.990387e+10
19904,1.990437e+10
19905,1.990513e+10
19906,1.990659e+10
19907,1.990751e+10
19908,1.990857e+10
19909,1.990945e+10
19910,1.991074e+10
19911,1.991175e+10
19912,1.991246e+10
19913,1.991339e+10
19914,1.991446e+10
19915,1.991588e+10
19916,1.991674e+10
19917,1.991735e+10
19918,1.991854e+10
19919,1.991907e+10
19920,1.992047e+10
19921,1.992107e+10
19922,1.992271e+10
19923,1.992387e+10
19924,1.992487e+10
19925,1.992533e+10
19926,1.992608e+10
19927,1.992723e+10
19928,1.992895e+10
19929,1.992928e+10
19930,1.993025e+10
19931,1.993134e+10
19932,1.993288e+10
19933,1.993390e+10
19934,1.993459e+10
19935,1.993558e+10
19936,1.993610e+10
19937,1.993704e+10
19938,1.993889e+10
19939,1.993978e+10
19940,1.994041e+10
19941,1.994129e+10
19942,1.994289e+10
19943,1.994344e+10
19944,1.994419e+10
19945,1.994538e+10
19946,1.994649e+10
19947,1.994718e+10
19948,1.994866e+10
19949,1.994923e+10
19950,1.995083e+10
19951,1.995154e+10
19952,1.995242e+10
19953,1.995321e+10
19954,1.995483e+10
19955,1.995505e+10
19956,1.995637e+10
19957,1.995748e+10
19958,1.995824e+10
19959,1.995947e+10
19960,1.996019e+10
19961,1.996128e+10
19962,1.996225e+10
19963,1.996393e+10
19964,1.996426e+10
19965,1.996534e+10
19966,1.996660e+10
19967,1.996734e+10
19968,1.996830e+10
19969,1.996914e+10
19970,1.997051e+10
19971,1.997134e+10
19972,1.997275e+10
19973,1.997356e+10
19974,1.997422e+10
19975,1.997583e+10
19976,1.997634e+10
19977,1.997783e+10
19978,1.997830e+10
19979,1.998000e+10
19980,1.998017e+10
19981,1.998140e+10
19982,1.998265e+10
19983,1.998305e+10
19984,1.998441e+10
19985,1.998593e+10
19986,1.998635e+10
19987,1.998777e+10
19988,1.998811e+10
19989,1.998948e+10
19990,1.999088e+10
19991,1.999109e+10
19992,1.999281e+10
19993,1.999327e+10
19994,1.999460e+10
19995,1.999511e+10
19996,1.999615e+10
19997,1.999784e+10
19998,1.999818e+10
19999,1.999929e+10
20000,2.000016e+10
20001,2.000121e+10
20002,2.000227e+10
20003,2.000310e+10
20004,2.000407e+10
20005,2.000598e+10
20006,2.000607e+10
20007,2.000770e+10
20008,2.000897e+10
20009,2.000960e+10
20010,2.001010e+10
20011,2.001161e+10
20012,2.001200e+10
20013,2.001385e+10
20014,2.001442e+10
20015,2.001505e+10
20016,2.001607e+10
20017,2.001714e+10
20018,2.001841e+10
20019,2.001902e+10
20020,2.002075e+10
20021,2.002124e+10
20022,2.002242e+10
20023,2.002328e+10
20024,2.002410e+10
20025,2.002560e+10
20026,2.002624e+10
20027,2.002764e+10
20028,2.002804e+10
20029,2.002962e+10
20030,2.003069e+10
20031,2.003126e+10
20032,2.003204e+10
20033,2.003317e+10
20034,2.003456e+10
20035,2.003557e+10
20036,2.003675e+10
20037,2.003732e+10
20038,2.003825e+10
20039,2.003922e+10
20040,2.004084e+10
20041,2.004147e+10
20042,2.004243e+10
20043,2.004328e+10
20044,2.004484e+10
20045,2.004504e+10
20046,2.004615e+10
20047,2.004776e+10
20048,2.004896e+10
20049,2.004921e+10
20050,2.005064e+10
20051,2.005121e+10
20052,2.005285e+10
20053,2.005381e+10
20054,2.005438e+10
20055,2.005555e+10
20056,2.005649e+10
20057,2.005711e+10
20058,2.005811e+10
20059,2.005973e+10
20060,2.006029e+10
20061,2.006122e+10
20062,2.006263e+10
20063,2.006330e+10
20064,2.006498e+10
20065,2.006572e+10
20066,2.006671e+10
20067,2.006782e+10
20068,2.006877e+10
20069,2.006900e+10
20070,2.007052e+10
20071,2.007150e+10
20072,2.007264e+10
20073,2.007374e+10
20074,2.007446e+10
20075,2.007561e+10
20076,2.007657e+10
20077,2.007719e+10
20078,2.007815e+10
20079,2.007989e+10
20080,2.008077e+10
20081,2.008124e+10
20082,2.008205e+10
20083,2.008315e+10
20084,2.008413e+10
20085,2.008522e+10
20086,2.008678e+10
20087,2.008778e+10
20088,2.008868e+10
20089,2.008944e+10
20090,2.009033e+10
20091,2.009152e+10
20092,2.009282e+10
20093,2.009358e+10
20094,2.009461e+10
20095,2.009557e+10
20096,2.009628e+10
20097,2.009749e+10
20098,2.009847e+10
20099,2.009950e+10
20100,2.010078e+10
20101,2.010178e+10
20102,2.010228e+10
20103,2.010348e+10
20104,2.010474e+10
20105,2.010588e+10
20106,2.010625e+10
20107,2.010723e+10
20108,2.010809e+10
20109,2.010992e+10
20110,2.011098e+10
20111,2.011145e+10
20112,2.011264e+10
20113,2.011392e+10
20114,2.011459e+10
20115,2.011523e+10
20116,2.011620e+10
20117,2.011768e+10
20118,2.011843e+10
20119,2.011988e+10
20120,2.012033e+10
20121,2.012139e+10
20122,2.012262e+10
20123,2.012379e+10
20124,2.012404e+10
20125,2.012556e+10
20126,2.012666e+10
20127,2.012703e+10
20128,2.012832e+10
20129,2.012966e+10
20130,2.013031e+10
20131,2.013136e+10
20132,2.013279e+10
20133,2.013323e+10
20134,2.013452e+10
20135,2.013551e+10
20136,2.013603e+10
20137,2.013778e+10
20138,2.013807e+10
20139,2.013915e+10
20140,2.014071e+10
20141,2.014197e+10
20142,2.014266e+10
20143,2.014330e+10
20144,2.014401e+10
20145,2.014539e+10
20146,2.014643e+10
20147,2.014718e+10
20148,2.014861e+10
20149,2.014916e+10
20150,2.015060e+10
20151,2.015150e+10
20152,2.015243e+10
20153,2.015337e+10
20154,2.015429e+10
20155,2.015576e+10
20156,2.015661e+10
20157,2.015707e+10
20158,2.015836e+10
20159,2.015933e+10
20160,2.016020e+10
20161,2.016135e+10
20162,2.016266e+10
20163,2.016363e+10
20164,2.016426e+10
20165,2.016559e+10
20166,2.016672e+10
20167,2.016707e+10
20168,2.016834e+10
20169,2.016972e+10
20170,2.017096e+10
20171,2.017193e+10
20172,2.017288e+10
20173,2.017358e+10
20174,2.017475e+10
20175,2.017593e+10
20176,2.017631e+10
20177,2.017753e+10
20178,2.017846e+10
20179,2.017969e+10
20180,2.018045e+10
20181,2.018135e+10
20182,2.018251e+10
20183,2.018381e+10
20184,2.018462e+10
20185,2.018594e+10
20186,2.018625e+10
20187,2.018756e+10
20188,2.018839e+10
20189,2.018960e+10
20190,2.019002e+10
20191,2.019169e+10
20192,2.019261e+10
20193,2.019334e+10
20194,2.019485e+10
20195,2.019526e+10
20196,2.019646e+10
20197,2.019702e+10
20198,2.019876e+10
20199,2.019929e+10
20200,2.020016e+10
20201,2.020200e+10
20202,2.020212e+10
20203,2.020326e+10
20204,2.020490e+10
20205,2.020507e+10
20206,2.020611e+10
20207,2.020788e+10
20208,2.020820e+10
20209,2.020910e+10
20210,2.021049e+10
20211,2.021166e+10
20212,2.021208e+10
20213,2.021310e+10
20214,2.021494e+10
20215,2.021579e+10
20216,2.021647e+10
20217,2.021769e+10
20218,2.021808e+10
20219,2.021927e+10
20220,2.022009e+10
20221,2.022131e+10
20222,2.022287e+10
20223,2.022355e+10
20224,2.022458e+10
20225,2.022554e+10
20226,2.022663e+10
20227,2.022719e+10
20228,2.022849e+10
20229,2.022984e+10
20230,2.023081e+10
20231,2.023183e+10
20232,2.023270e+10
20233,2.023395e+10
20234,2.023476e+10
20235,2.023546e+10
20236,2.023694e+10
20237,2.023715e+10
20238,2.023844e+10
20239,2.023920e+10
20240,2.024010e+10
20241,2.024120e+10
20242,2.024289e+10
20243,2.024322e+10
20244,2.024448e+10
20245,2.024521e+10
20246,2.024662e+10
20247,2.024757e+10
20248,2.024814e+10
20249,2.024905e+10
20250,2.025017e+10
20251,2.025108e+10
20252,2.025234e+10
20253,2.025362e+10
20254,2.025468e+10
20255,2.025519e+10
20256,2.025667e+10
20257,2.025796e+10
20258,2.025864e+10
20259,2.025949e+10
20260,2.026013e+10
20261,2.026110e+10
20262,2.026291e+10
20263,2.026332e+10
20264,2.026473e+10
20265,2.026561e+10
20266,2.026608e+10
20267,2.026702e+10
20268,2.026842e+10
20269,2.026996e+10
20270,2.027066e+10
20271,2.027102e+10
20272,2.027201e+10
20273,2.027392e+10
20274,2.027446e+10
20275,2.027581e+10
20276,2.027626e+10
20277,2.027709e+10
20278,2.027882e+10
20279,2.027903e+10
20280,2.028007e+10
20281,2.028132e+10
20282,2.028233e+10
20283,2.028346e+10
20284,2.028443e+10
20285,2.028549e+10
20286,2.028620e+10
20287,2.028748e+10
20288,2.028845e+10
20289,2.028931e+10
20290,2.029011e+10
20291,2.029112e+10
20292,2.029254e+10
20293,2.029301e+10
20294,2.029428e+10
20295,2.029588e+10
20296,2.029643e+10
20297,2.029778e+10
20298,2.029859e+10
20299,2.029993e+10
20300,2.030044e+10
20301,2.030180e+10
20302,2.030220e+10
20303,2.030311e+10
20304,2.030495e+10
20305,2.030551e+10
20306,2.030665e+10
20307,2.030733e+10
20308,2.030887e+10
20309,2.030915e+10
20310,2.031033e+10
20311,2.031199e+10
20312,2.031274e+10
20313,2.031333e+10
20314,2.031409e+10
20315,2.031578e+10
20316,2.031664e+10
20317,2.031714e+10
20318,2.031870e+10
20319,2.031964e+10
20320,2.032086e+10
20321,2.032114e+10
20322,2.032273e+10
20323,2.032339e+10
20324,2.032491e+10
20325,2.032579e+10
20326,2.032635e+10
20327,2.032741e+10
20328,2.032833e+10
20329,2.032964e+10
20330,2.033084e+10
20331,2.033172e+10
20332,2.033228e+10
20333,2.033304e+10
20334,2.033438e+10
20335,2.033513e+10
20336,2.033654e+10
20337,2.033710e+10
20338,2.033828e+10
20339,2.033954e+10
20340,2.034003e+10
20341,2.034110e+10
20342,2.034279e+10
20343,2.034331e+10
20344,2.034469e+10
20345,2.034595e+10
20346,2.034605e+10
20347,2.034749e+10
20348,2.034813e+10
20349,2.034951e+10
20350,2.035018e+10
20351,2.035175e+10
20352,2.035209e+10
20353,2.035361e+10
20354,2.035498e+10
20355,2.035517e+10
20356,2.035670e+10
20357,2.035729e+10
20358,2.035816e+10
20359,2.035903e+10
20360,2.036049e+10
20361,2.036195e+10
20362,2.036221e+10
20363,2.036321e+10
20364,2.036442e+10
20365,2.036523e+10
20366,2.036653e+10
20367,2.036763e+10
20368,2.036805e+10
20369,2.036995e+10
20370,2.037086e+10
20371,2.037153e+10
20372,2.037290e+10
20373,2.037351e+10
20374,2.037443e+10
20375,2.037569e+10
20376,2.037660e+10
20377,2.037774e+10
20378,2.037894e+10
20379,2.037935e+10
20380,2.038049e+10
20381,2.038156e+10
20382,2.038245e+10
20383,2.038392e+10
20384,2.038470e+10
20385,2.038504e+10
20386,2.038622e+10
20387,2.038731e+10
20388,2.038893e+10
20389,2.038967e+10
20390,2.039060e+10
20391,2.039133e+10
20392,2.039236e+10
20393,2.039320e+10
20394,2.039496e+10
20395,2.039505e+10
20396,2.039695e+10
20397,2.039736e+10
20398,2.039861e+10
20399,2.039937e+10
20400,2.040080e+10
20401,2.040157e+10
20402,2.040276e+10
20403,2.040330e+10
20404,2.040453e+10
20405,2.040526e+10
20406,2.040648e+10
20407,2.040750e+10
20408,2.040813e+10
20409,2.040955e+10
20410,2.041029e+10
20411,2.041140e+10
20412,2.041214e+10
20413,2.041396e+10
20414,2.041410e+10
20415,2.041509e+10
20416,2.041609e+10
20417,2.041706e+10
20418,2.041854e+10
20419,2.041959e+10
20420,2.042081e+10
20421,2.042153e+10
20422,2.042270e+10
20423,2.042389e+10
20424,2.042401e+10
20425,2.042505e+10
20426,2.042698e+10
20427,2.042800e+10
20428,2.042853e+10
20429,2.042946e+10
20430,2.043005e+10
20431,2.043102e+10
20432,2.043248e+10
20433,2.043342e+10
20434,2.043453e+10
20435,2.043560e+10
20436,2.043692e+10
20437,2.043769e+10
20438,2.043894e+10
20439,2.043974e+10
20440,2.044019e+10
20441,2.044127e+10
20442,2.044217e+10
20443,2.044380e+10
20444,2.044480e+10
20445,2.044562e+10
20446,2.044696e+10
20447,2.044776e+10
20448,2.044807e+10
20449,2.044933e+10
20450,2.045043e+10
20451,2.045143e+10
20452,2.045223e+10
20453,2.045307e+10
20454,2.045413e+10
20455,2.045509e+10
20456,2.045650e+10
20457,2.045712e+10
20458,2.045831e+10
20459,2.045944e+10
20460,2.046034e+10
20461,2.046164e+10
20462,2.046285e+10
20463,2.046312e+10
20464,2.046497e+10
20465,2.046543e+10
20466,2.046634e+10
20467,2.046797e+10
20468,2.046831e+10
20469,2.046993e+10
20470,2.047073e+10
20471,2.047162e+10
20472,2.047283e+10
20473,2.047329e+10
20474,2.047469e+10
20475,2.047573e+10
20476,2.047604e+10
20477,2.047763e+10
20478,2.047892e+10
20479,2.047993e+10
20480,2.048095e+10
20481,2.048128e+10
20482,2.048274e+10
20483,2.048355e+10
20484,2.048412e+10
20485,2.048584e+10
20486,2.048687e+10
20487,2.048796e+10
20488,2.048855e+10
20489,2.048950e+10
20490,2.049032e+10
20491,2.049153e+10
20492,2.049251e+10
20493,2.049380e+10
20494,2.049446e+10
20495,2.049534e+10
20496,2.049666e+10
20497,2.049701e+10
20498,2.049891e+10
20499,2.049982e+10
20500,2.050016e+10
20501,2.050104e+10
20502,2.050272e+10
20503,2.050392e+10
20504,2.050408e+10
20505,2.050575e+10
20506,2.050640e+10
20507,2.050785e+10
20508,2.050815e+10
20509,2.050984e+10
20510,2.051019e+10
20511,2.051114e+10
20512,2.051257e+10
20513,2.051321e+10
20514,2.051409e+10
20515,2.051530e+10
20516,2.051646e+10
20517,2.051785e+10
20518,2.051847e+10
20519,2.051918e+10
20520,2.052035e+10
20521,2.052184e+10
20522,2.052221e+10
20523,2.052319e+10
20524,2.052415e+10
20525,2.052554e+10
20526,2.052656e+10
20527,2.052740e+10
20528,2.052872e+10
20529,2.052989e+10
20530,2.053068e+10
20531,2.053140e+10
20532,2.053229e+10
20533,2.053392e+10
20534,2.053460e+10
20535,2.053519e+10
20536,2.053628e+10
20537,2.053781e+10
20538,2.053828e+10
20539,2.053979e+10
20540,2.054043e+10
20541,2.054192e+10
20542,2.054254e+10
20543,2.054397e+10
20544,2.054484e+10
20545,2.054571e+10
20546,2.054643e+10
20547,2.054724e+10
20548,2.054885e+10
20549,2.054945e+10
20550,2.055057e+10
20551,2.055113e+10
20552,2.055285e+10
20553,2.055360e+10
20554,2.055411e+10
20555,2.055543e+10
20556,2.055606e+10
20557,2.055792e+10
20558,2.055868e+10
20559,2.055953e+10
20560,2.056050e+10
20561,2.056154e+10
20562,2.056211e+10
20563,2.056396e+10
20564,2.056467e+10
20565,2.056519e+10
20566,2.056663e+10
20567,2.056769e+10
20568,2.056833e+10
20569,2.056940e+10
20570,2.057069e+10
20571,2.057124e+10
20572,2.057252e+10
20573,2.057384e+10
20574,2.057409e+10
20575,2.057524e+10
20576,2.057682e+10
20577,2.057753e+10
20578,2.057860e+10
20579,2.057984e+10
20580,2.058015e+10
20581,2.058114e+10
20582,2.058226e+10
20583,2.058396e+10
20584,2.058430e+10
20585,2.058548e+10
20586,2.058616e+10
20587,2.058779e+10
20588,2.058844e+10
20589,2.058956e+10
20590,2.059029e+10
20591,2.059138e+10
20592,2.059201e+10
20593,2.059308e+10
20594,2.059482e+10
20595,2.059504e+10
20596,2.059633e+10
20597,2.059791e+10
20598,2.059868e+10
20599,2.059901e+10
20600,2.060080e+10
20601,2.060177e+10
20602,2.060276e+10
20603,2.060381e+10
20604,2.060444e+10
20605,2.060567e+10
20606,2.060605e+10
20607,2.060767e+10
20608,2.060851e+10
20609,2.060969e+10
20610,2.061013e+10
20611,2.061167e+10
20612,2.061247e+10
20613,2.061396e+10
20614,2.061429e+10
20615,2.061505e+10
20616,2.061689e+10
20617,2.061760e+10
20618,2.061872e+10
20619,2.061951e+10
20620,2.062034e+10
20621,2.062187e+10
20622,2.062210e+10
20623,2.062368e+10
20624,2.062450e+10
20625,2.062516e+10
20626,2.062619e+10
20627,2.062726e+10
20628,2.062816e+10
20629,2.062954e+10
20630,2.063088e+10
20631,2.063169e+10
20632,2.063233e+10
20633,2.063330e+10
20634,2.063470e+10
20635,2.063573e+10
20636,2.063659e+10
20637,2.063788e+10
20638,2.063856e+10
20639,2.063951e+10
20640,2.064068e+10
20641,2.064106e+10
20642,2.064203e+10
20643,2.064388e+10
20644,2.064473e+10
20645,2.064522e+10
20646,2.064699e+10
20647,2.064786e+10
20648,2.064883e+10
20649,2.064998e+10
20650,2.065049e+10
20651,2.065198e+10
20652,2.065251e+10
20653,2.065393e+10
20654,2.065491e+10
20655,2.065532e+10
20656,2.065656e+10
20657,2.065735e+10
20658,2.065874e+10
20659,2.065951e+10
20660,2.066079e+10
20661,2.066183e+10
20662,2.066258e+10
20663,2.066367e+10
20664,2.066405e+10
20665,2.066533e+10
20666,2.066640e+10
20667,2.066707e+10
20668,2.066891e+10
20669,2.066940e+10
20670,2.067011e+10
20671,2.067157e+10
20672,2.067225e+10
20673,2.067333e+10
20674,2.067413e+10
20675,2.067533e+10
20676,2.067669e+10
20677,2.067769e+10
20678,2.067812e+10
20679,2.067960e+10
20680,2.068000e+10
20681,2.068194e+10
20682,2.068206e+10
20683,2.068346e+10
20684,2.068418e+10
20685,2.068532e+10
20686,2.068618e+10
20687,2.068773e+10
20688,2.068851e+10
20689,2.068974e+10
20690,2.069030e+10
20691,2.069179e+10
20692,2.069241e+10
20693,2.069335e+10
20694,2.069409e+10
20695,2.069586e+10
20696,2.069606e+10
20697,2.069701e+10
20698,2.069831e+10
20699,2.069988e+10
20700,2.070099e+10
20701,2.070126e+10
20702,2.070253e+10
20703,2.070310e+10
20704,2.070487e+10
20705,2.070519e+10
20706,2.070630e+10
20707,2.070732e+10
20708,2.070835e+10
20709,2.070957e+10
20710,2.071028e+10
20711,2.071141e+10
20712,2.071210e+10
20713,2.071332e+10
20714,2.071462e+10
20715,2.071550e+10
20716,2.071682e+10
20717,2.071782e+10
20718,2.071801e+10
20719,2.071959e+10
20720,2.072011e+10
20721,2.072179e+10
20722,2.072228e+10
20723,2.072355e+10
20724,2.072470e+10
20725,2.072576e+10
20726,2.072618e+10
20727,2.072766e+10
20728,2.072868e+10
20729,2.072988e+10
20730,2.073047e+10
20731,2.073106e+10
20732,2.073286e+10
20733,2.073393e+10
20734,2.073410e+10
20735,2.073530e+10
20736,2.073677e+10
20737,2.073738e+10
20738,2.073807e+10
20739,2.073937e+10
20740,2.074085e+10
20741,2.074139e+10
20742,2.074288e+10
20743,2.074384e+10
20744,2.074432e+10
20745,2.074575e+10
20746,2.074665e+10
20747,2.074748e+10
20748,2.074815e+10
20749,2.074933e+10
20750,2.075008e+10
20751,2.075165e+10
20752,2.075285e+10
20753,2.075381e+10
20754,2.075468e+10
20755,2.075589e+10
20756,2.075626e+10
20757,2.075784e+10
20758,2.075895e+10
20759,2.075954e+10
20760,2.076019e+10
20761,2.076111e+10
20762,2.076254e+10
20763,2.076365e+10
20764,2.076462e+10
20765,2.076528e+10
20766,2.076634e+10
20767,2.076701e+10
20768,2.076850e+10
20769,2.076969e+10
20770,2.077002e+10
20771,2.077197e+10
20772,2.077202e+10
20773,2.077334e+10
20774,2.077494e+10
20775,2.077504e+10
20776,2.077666e+10
20777,2.077731e+10
20778,2.077888e+10
20779,2.077993e+10
20780,2.078099e+10
20781,2.078165e+10
20782,2.078295e+10
20783,2.078319e+10
20784,2.078476e+10
20785,2.078533e+10
20786,2.078648e+10
20787,2.078784e+10
20788,2.078849e+10
20789,2.078909e+10
20790,2.079064e+10
20791,2.079184e+10
20792,2.079227e+10
20793,2.079311e+10
20794,2.079446e+10
20795,2.079555e+10
20796,2.079637e+10
20797,2.079757e+10
20798,2.079854e+10
20799,2.079907e+10
20800,2.080052e+10
20801,2.080115e+10
20802,2.080216e+10
20803,2.080359e+10
20804,2.080424e+10
20805,2.080588e+10
20806,2.080642e+10
20807,2.080740e+10
20808,2.080834e+10
20809,2.080907e+10
20810,2.081083e+10
20811,2.081132e+10
20812,2.081214e+10
20813,2.081366e+10
20814,2.081401e+10
20815,2.081542e+10
20816,2.081609e+10
20817,2.081740e+10
20818,2.081824e+10
20819,2.081940e+10
20820,2.082022e+10
20821,2.082105e+10
20822,2.082229e+10
20823,2.082336e+10
20824,2.082406e+10
20825,2.082559e+10
20826,2.082632e+10
20827,2.082727e+10
20828,2.082834e+10
20829,2.082941e+10
20830,2.083033e+10
20831,2.083153e+10
20832,2.083222e+10
20833,2.083330e+10
20834,2.083438e+10
20835,2.083512e+10
20836,2.083649e+10
20837,2.083749e+10
20838,2.083889e+10
20839,2.083948e+10
20840,2.084098e+10
20841,2.084163e+10
20842,2.084292e+10
20843,2.084320e+10
20844,2.084403e+10
20845,2.084504e+10
20846,2.084680e+10
20847,2.084784e+10
20848,2.084873e+10
20849,2.084908e+10
20850,2.085065e+10
20851,2.085146e+10
20852,2.085258e+10
20853,2.085313e+10
20854,2.085477e+10
20855,2.085570e+10
20856,2.085660e+10
20857,2.085701e+10
20858,2.085824e+10
20859,2.085986e+10
20860,2.086089e+10
20861,2.086152e+10
20862,2.086245e+10
20863,2.086342e+10
20864,2.086487e+10
20865,2.086550e+10
20866,2.086652e+10
20867,2.086788e+10
20868,2.086803e+10
20869,2.086983e+10
20870,2.087075e+10
20871,2.087149e+10
20872,2.087209e+10
20873,2.087308e+10
20874,2.087429e+10
20875,2.087526e+10
20876,2.087648e+10
20877,2.087714e+10
20878,2.087892e+10
20879,2.087902e+10
20880,2.088095e+10
20881,2.088180e+10
20882,2.088218e+10
20883,2.088341e+10
20884,2.088411e+10
20885,2.088534e+10
20886,2.088614e+10
20887,2.088730e+10
20888,2.088889e+10
20889,2.088967e+10
20890,2.089065e+10
20891,2.089129e+10
20892,2.089231e+10
20893,2.089320e+10
20894,2.089403e+10
20895,2.089579e+10
20896,2.089699e+10
20897,2.089745e+10
20898,2.089843e+10
20899,2.089958e+10
20900,2.090072e+10
20901,2.090124e+10
20902,2.090288e+10
20903,2.090399e+10
20904,2.090485e+10
20905,2.090596e+10
20906,2.090661e+10
20907,2.090727e+10
20908,2.090828e+10
20909,2.090930e+10
20910,2.091049e+10
20911,2.091195e+10
20912,2.091232e+10
20913,2.091380e+10
20914,2.091414e+10
20915,2.091585e+10
20916,2.091663e+10
20917,2.091754e+10
20918,2.091827e+10
20919,2.091911e+10
20920,2.092023e+10
20921,2.092138e+10
20922,2.092266e+10
20923,2.092387e+10
20924,2.092496e+10
20925,2.092584e+10
20926,2.092647e+10
20927,2.092752e+10
20928,2.092887e+10
20929,2.092980e+10
20930,2.093021e+10
20931,2.093106e+10
20932,2.093276e+10
20933,2.093328e+10
20934,2.093449e+10
20935,2.093567e+10
20936,2.093604e+10
20937,2.093704e+10
20938,2.093857e+10
20939,2.093913e+10
20940,2.094034e+10
20941,2.094114e+10
20942,2.094238e+10
20943,2.094391e+10
20944,2.094403e+10
20945,2.094522e+10
20946,2.094697e+10
20947,2.094708e+10
20948,2.094827e+10
20949,2.094957e+10
20950,2.095040e+10
20951,2.095180e+10
20952,2.095272e+10
20953,2.095353e+10
20954,2.095478e+10
20955,2.095566e+10
20956,2.095610e+10
20957,2.095765e+10
20958,2.095812e+10
20959,2.095901e+10
20960,2.096058e+10
20961,2.096129e+10
20962,2.096269e+10
20963,2.096361e+10
20964,2.096432e+10
20965,2.096574e+10
20966,2.096679e+10
20967,2.096734e+10
20968,2.096896e+10
20969,2.096973e+10
20970,2.097042e+10
20971,2.097111e+10
20972,2.097268e+10
20973,2.097398e+10
20974,2.097454e+10
20975,2.097563e+10
20976,2.097660e+10
20977,2.097742e+10
20978,2.097895e+10
20979,2.097951e+10
20980,2.098019e+10
20981,2.098154e+10
20982,2.098300e+10
20983,2.098336e+10
20984,2.098468e+10
20985,2.098548e+10
20986,2.098687e+10
20987,2.098728e+10
20988,2.098892e+10
20989,2.098947e+10
20990,2.099039e+10
20991,2.099118e+10
20992,2.099227e+10
20993,2.099395e+10
20994,2.099429e+10
20995,2.099553e+10
20996,2.099657e+10
20997,2.099736e+10
20998,2.099841e+10
20999,2.099993e+10
21000,2.100055e+10
21001,2.100121e+10
21002,2.100297e+10
21003,2.100398e+10
21004,2.100492e+10
21005,2.100593e+10
21006,2.100673e+10
21007,2.100786e+10
21008,2.100883e+10
21009,2.100978e+10
21010,2.101017e+10
21011,2.101188e+10
21012,2.101298e+10
21013,2.101392e+10
21014,2.101427e+10
21015,2.101546e+10
21016,2.101620e+10
21017,2.101734e+10
21018,2.101858e+10
21019,2.101904e+10
21020,2.102008e+10
21021,2.102189e+10
21022,2.102223e+10
21023,2.102369e+10
21024,2.102453e+10
21025,2.102566e+10
21026,2.102654e+10
21027,2.102769e+10
21028,2.102831e+10
21029,2.102983e+10
21030,2.103096e+10
21031,2.103117e+10
21032,2.103263e+10
21033,2.103318e+10
21034,2.103442e+10
21035,2.103550e+10
21036,2.103662e+10
21037,2.103771e+10
21038,2.103824e+10
21039,2.103980e+10
21040,2.104017e+10
21041,2.104154e+10
21042,2.104231e+10
21043,2.104388e+10
21044,2.104460e+10
21045,2.104574e+10
21046,2.104637e+10
21047,2.104725e+10
21048,2.104893e+10
21049,2.104939e+10
21050,2.105010e+10
21051,2.105169e+10
21052,2.105225e+10
21053,2.105354e+10
21054,2.105446e+10
21055,2.105554e+10
21056,2.105645e+10
21057,2.105785e+10
21058,2.105800e+10
21059,2.105975e+10
21060,2.106040e+10
21061,2.106187e+10
21062,2.106296e+10
21063,2.106336e+10
21064,2.106416e+10
21065,2.106583e+10
21066,2.106621e+10
21067,2.106719e+10
21068,2.106862e+10
21069,2.106995e+10
21070,2.107028e+10
21071,2.107200e+10
21072,2.107248e+10
21073,2.107382e+10
21074,2.107473e+10
21075,2.107544e+10
21076,2.107650e+10
21077,2.107748e+10
21078,2.107839e+10
21079,2.107932e+10
21080,2.108100e+10
21081,2.108191e+10
21082,2.108269e+10
21083,2.108389e+10
21084,2.108494e+10
21085,2.108525e+10
21086,2.108600e+10
21087,2.108760e+10
21088,2.108829e+10
21089,2.108948e+10
21090,2.109065e+10
21091,2.109194e+10
21092,2.109222e+10
21093,2.109348e+10
21094,2.109491e+10
21095,2.109545e+10
21096,2.109678e+10
21097,2.109777e+10
21098,2.109890e+10
21099,2.109995e+10
21100,2.110029e+10
21101,2.110156e+10
21102,2.110274e+10
21103,2.110391e+10
21104,2.110470e+10
21105,2.110547e+10
21106,2.110605e+10
21107,2.110765e+10
21108,2.110820e+10
21109,2.110964e+10
21110,2.111061e+10
21111,2.111179e+10
21112,2.111241e+10
21113,2.111384e+10
21114,2.111410e+10
21115,2.111519e+10
21116,2.111631e+10
21117,2.111769e+10
21118,2.111803e+10
21119,2.111993e+10
21120,2.112011e+10
21121,2.112139e+10
21122,2.112249e+10
21123,2.112397e+10
21124,2.112479e+10
21125,2.112533e+10
21126,2.112693e+10
21127,2.112775e+10
21128,2.112900e+10
21129,2.112984e+10
21130,2.113068e+10
21131,2.113148e+10
21132,2.113234e+10
21133,2.113303e+10
21134,2.113480e+10
21135,2.113584e+10
21136,2.113639e+10
21137,2.113784e+10
21138,2.113884e+10
21139,2.113923e+10
21140,2.114005e+10
21141,2.114185e+10
21142,2.114284e+10
21143,2.114330e+10
21144,2.114406e+10
21145,2.114514e+10
21146,2.114686e+10
21147,2.114731e+10
21148,2.114861e+10
21149,2.114929e+10
21150,2.115076e+10
21151,2.115145e+10
21152,2.115236e+10
21153,2.115381e+10
21154,2.115498e+10
21155,2.115504e+10
21156,2.115613e+10
21157,2.115784e+10
21158,2.115811e+10
21159,2.115931e+10
21160,2.116003e+10
21161,2.116157e+10
21162,2.116280e+10
21163,2.116326e+10
21164,2.116461e+10
21165,2.116511e+10
21166,2.116628e+10
21167,2.116746e+10
21168,2.116845e+10
21169,2.116951e+10
21170,2.117081e+10
21171,2.117198e+10
21172,2.117280e+10
21173,2.117397e+10
21174,2.117481e+10
21175,2.117575e+10
21176,2.117620e+10
21177,2.117759e+10
21178,2.117877e+10
21179,2.117940e+10
21180,2.118087e+10
21181,2.118193e+10
21182,2.118244e+10
21183,2.118316e+10
21184,2.118450e+10
21185,2.118554e+10
21186,2.118641e+10
21187,2.118757e+10
21188,2.118895e+10
21189,2.118999e+10
21190,2.119070e+10
21191,2.119129e+10
21192,2.119286e+10
21193,2.119342e+10
21194,2.119489e+10
21195,2.119501e+10
21196,2.119693e+10
21197,2.119758e+10
21198,2.119885e+10
21199,2.119998e+10
21200,2.120010e+10
21201,2.120141e+10
21202,2.120293e+10
21203,2.120397e+10
21204,2.120468e+10
21205,2.120576e+10
21206,2.120610e+10
21207,2.120737e+10
21208,2.120899e+10
21209,2.120904e+10
21210,2.121065e+10
21211,2.121173e+10
21212,2.121206e+10
21213,2.121323e+10
21214,2.121497e+10
21215,2.121546e+10
21216,2.121617e+10
21217,2.121787e+10
21218,2.121880e+10
21219,2.121938e+10
21220,2.122086e+10
21221,2.122173e+10
21222,2.122210e+10
21223,2.122381e+10
21224,2.122402e+10
21225,2.122557e+10
21226,2.122629e+10
21227,2.122759e+10
21228,2.122832e+10
21229,2.122937e+10
21230,2.123061e+10
21231,2.123199e+10
21232,2.123258e+10
21233,2.123309e+10
21234,2.123442e+10
21235,2.123579e+10
21236,2.123610e+10
21237,2.123733e+10
21238,2.123846e+10
21239,2.123978e+10
21240,2.124044e+10
21241,2.124132e+10
21242,2.124223e+10
21243,2.124315e+10
21244,2.124447e+10
21245,2.124542e+10
21246,2.124641e+10
21247,2.124735e+10
21248,2.124815e+10
21249,2.124991e+10
21250,2.125094e+10
21251,2.125116e+10
21252,2.125231e+10
21253,2.125317e+10
21254,2.125417e+10
21255,2.125547e+10
21256,2.125696e+10
21257,2.125782e+10
21258,2.125871e+10
21259,2.125989e+10
21260,2.126087e+10
21261,2.126115e+10
21262,2.126259e+10
21263,2.126324e+10
21264,2.126474e+10
21265,2.126599e+10
21266,2.126629e+10
21267,2.126783e+10
21268,2.126854e+10
21269,2.126914e+10
21270,2.127028e+10
21271,2.127119e+10
21272,2.127217e+10
21273,2.127374e+10
21274,2.127476e+10
21275,2.127507e+10
21276,2.127640e+10
21277,2.127718e+10
21278,2.127897e+10
21279,2.127930e+10
21280,2.128018e+10
21281,2.128108e+10
21282,2.128263e+10
21283,2.128370e+10
21284,2.128462e+10
21285,2.128569e+10
21286,2.128681e+10
21287,2.128772e+10
21288,2.128835e+10
21289,2.128910e+10
21290,2.129035e+10
21291,2.129108e+10
21292,2.129242e+10
21293,2.129305e+10
21294,2.129439e+10
21295,2.129591e+10
21296,2.129677e+10
21297,2.129779e+10
21298,2.129899e+10
21299,2.129939e+10
21300,2.130025e+10
21301,2.130130e+10
21302,2.130260e+10
21303,2.130372e+10
21304,2.130468e+10
21305,2.130522e+10
21306,2.130667e+10
21307,2.130756e+10
21308,2.130828e+10
21309,2.130933e+10
21310,2.131006e+10
21311,2.131151e+10
21312,2.131300e+10
21313,2.131316e+10
21314,2.131415e+10
21315,2.131506e+10
21316,2.131698e+10
21317,2.131737e+10
21318,2.131821e+10
21319,2.131970e+10
21320,2.132017e+10
21321,2.132178e+10
21322,2.132297e+10
21323,2.132325e+10
21324,2.132485e+10
21325,2.132599e+10
21326,2.132634e+10
21327,2.132770e+10
21328,2.132844e+10
21329,2.132984e+10
21330,2.133025e+10
21331,2.133200e+10
21332,2.133284e+10
21333,2.133387e+10
21334,2.133434e+10
21335,2.133578e+10
21336,2.133695e+10
21337,2.133729e+10
21338,2.133821e+10
21339,2.133948e+10
21340,2.134025e+10
21341,2.134111e+10
21342,2.134216e+10
21343,2.134363e+10
21344,2.134401e+10
21345,2.134584e+10
21346,2.134660e+10
21347,2.134700e+10
21348,2.134848e+10
21349,2.134982e+10
21350,2.135083e+10
21351,2.135146e+10
21352,2.135207e+10
21353,2.135390e+10
21354,2.135493e+10
21355,2.135592e+10
21356,2.135677e+10
21357,2.135750e+10
21358,2.135869e+10
21359,2.135945e+10
21360,2.136064e+10
21361,2.136185e+10
21362,2.136206e+10
21363,2.136398e+10
21364,2.136452e+10
21365,2.136579e+10
21366,2.136670e+10
21367,2.136769e+10
21368,2.136874e+10
21369,2.136966e+10
21370,2.137028e+10
21371,2.137189e+10
21372,2.137256e+10
21373,2.137303e+10
21374,2.137439e+10
21375,2.137593e+10
21376,2.137607e+10
21377,2.137712e+10
21378,2.137847e+10
21379,2.137942e+10
21380,2.138092e+10
21381,2.138129e+10
21382,2.138267e+10
21383,2.138374e+10
21384,2.138469e+10
21385,2.138594e+10
21386,2.138643e+10
21387,2.138748e+10
21388,2.138839e+10
21389,2.138948e+10
21390,2.139020e+10
21391,2.139146e+10
21392,2.139269e+10
21393,2.139326e+10
21394,2.139420e+10
21395,2.139541e+10
21396,2.139697e+10
21397,2.139704e+10
21398,2.139813e+10
21399,2.139985e+10
21400,2.140025e+10
21401,2.140122e+10
21402,2.140294e+10
21403,2.140322e+10
21404,2.140480e+10
21405,2.140529e+10
21406,2.140640e+10
21407,2.140763e+10
21408,2.140879e+10
21409,2.140999e+10
21410,2.141016e+10
21411,2.141193e+10
21412,2.141293e+10
21413,2.141363e+10
21414,2.141474e+10
21415,2.141516e+10
21416,2.141677e+10
21417,2.141755e+10
21418,2.141828e+10
21419,2.141968e+10
21420,2.142095e+10
21421,2.142119e+10
21422,2.142252e+10
21423,2.142378e+10
21424,2.142457e+10
21425,2.142570e+10
21426,2.142649e+10
21427,2.142715e+10
21428,2.142801e+10
21429,2.142992e+10
21430,2.143025e+10
21431,2.143196e+10
21432,2.143209e+10
21433,2.143317e+10
21434,2.143422e+10
21435,2.143513e+10
21436,2.143696e+10
21437,2.143794e+10
21438,2.143847e+10
21439,2.143937e+10
21440,2.144037e+10
21441,2.144150e+10
21442,2.144279e+10
21443,2.144340e+10
21444,2.144435e+10
21445,2.144515e+10
21446,2.144646e+10
21447,2.144758e+10
21448,2.144810e+10
21449,2.145000e+10
21450,2.145013e+10
21451,2.145197e+10
21452,2.145209e+10
21453,2.145313e+10
21454,2.145405e+10
21455,2.145550e+10
21456,2.145659e+10
21457,2.145737e+10
21458,2.145844e+10
21459,2.145953e+10
21460,2.146057e+10
21461,2.146164e+10
21462,2.146228e+10
21463,2.146301e+10
21464,2.146435e+10
21465,2.146560e+10
21466,2.146693e+10
21467,2.146770e+10
21468,2.146894e+10
21469,2.146989e+10
21470,2.147091e+10
21471,2.147118e+10
21472,2.147248e+10
21473,2.147328e+10
21474,2.147404e+10
21475,2.147588e+10
21476,2.147643e+10
21477,2.147741e+10
21478,2.147899e+10
21479,2.147961e+10
21480,2.148032e+10
21481,2.148138e+10
21482,2.148248e+10
21483,2.148381e+10
21484,2.148403e+10
21485,2.148585e+10
21486,2.148634e+10
21487,2.148759e+10
21488,2.148828e+10
21489,2.148997e+10
21490,2.149016e+10
21491,2.149133e+10
21492,2.149255e+10
21493,2.149354e+10
21494,2.149459e+10
21495,2.149549e+10
21496,2.149624e+10
21497,2.149740e+10
21498,2.149868e+10
21499,2.149982e+10
21500,2.150067e+10
21501,2.150167e+10
21502,2.150234e+10
21503,2.150374e+10
21504,2.150438e+10
21505,2.150505e+10
21506,2.150697e+10
21507,2.150773e+10
21508,2.150896e+10
21509,2.150952e+10
21510,2.151096e+10
21511,2.151154e+10
21512,2.151204e+10
21513,2.151322e+10
21514,2.151457e+10
21515,2.151530e+10
21516,2.151680e+10
21517,2.151718e+10
21518,2.151885e+10
21519,2.151922e+10
21520,2.152093e+10
21521,2.152185e+10
21522,2.152275e+10
21523,2.152334e+10
21524,2.152447e+10
21525,2.152555e+10
21526,2.152681e+10
21527,2.152720e+10
21528,2.152824e+10
21529,2.152938e+10
21530,2.153038e+10
21531,2.153121e+10
21532,2.153229e+10
21533,2.153325e+10
21534,2.153481e+10
21535,2.153503e+10
21536,2.153675e+10
21537,2.153786e+10
21538,2.153873e+10
21539,2.153930e+10
21540,2.154002e+10
21541,2.154162e+10
21542,2.154236e+10
21543,2.154373e+10
21544,2.154429e+10
21545,2.154587e+10
21546,2.154630e+10
21547,2.154732e+10
21548,2.154805e+10
21549,2.154956e+10
21550,2.155091e+10
21551,2.155100e+10
21552,2.155255e+10
21553,2.155362e+10
21554,2.155437e+10
21555,2.155586e+10
21556,2.155626e+10
21557,2.155736e+10
21558,2.155895e+10
21559,2.155918e+10
21560,2.156022e+10
21561,2.156132e+10
21562,2.156250e+10
21563,2.156389e+10
21564,2.156468e+10
21565,2.156532e+10
21566,2.156644e+10
21567,2.156758e+10
21568,2.156878e+10
21569,2.156924e+10
21570,2.157046e+10
21571,2.157136e+10
21572,2.157225e+10
21573,2.157321e+10
21574,2.157480e+10
21575,2.157556e+10
21576,2.157649e+10
21577,2.157715e+10
21578,2.157855e+10
21579,2.157907e+10
21580,2.158016e+10
21581,2.158132e+10
21582,2.158221e+10
21583,2.158388e+10
21584,2.158410e+10
21585,2.158519e+10
21586,2.158672e+10
21587,2.158743e+10
21588,2.158823e+10
21589,2.158920e+10
21590,2.159030e+10
21591,2.159192e+10
21592,2.159252e+10
21593,2.159379e+10
21594,2.159478e+10
21595,2.159523e+10
21596,2.159610e+10
21597,2.159725e+10
21598,2.159860e+10
21599,2.159937e+10
21600,2.160006e+10
21601,2.160170e+10
21602,2.160265e+10
21603,2.160361e+10
21604,2.160435e+10
21605,2.160551e+10
21606,2.160640e+10
21607,2.160741e+10
21608,2.160842e+10
21609,2.160972e+10
21610,2.161088e+10
21611,2.161189e+10
21612,2.161248e+10
21613,2.161357e+10
21614,2.161402e+10
21615,2.161553e+10
21616,2.161667e+10
21617,2.161738e+10
21618,2.161863e+10
21619,2.161923e+10
21620,2.162020e+10
21621,2.162121e+10
21622,2.162221e+10
21623,2.162362e+10
21624,2.162410e+10
21625,2.162549e+10
21626,2.162691e+10
21627,2.162770e+10
21628,2.162805e+10
21629,2.162916e+10
21630,2.163006e+10
21631,2.163153e+10
21632,2.163200e+10
21633,2.163355e+10
21634,2.163403e+10
21635,2.163548e+10
21636,2.163648e+10
21637,2.163760e+10
21638,2.163861e+10
21639,2.163904e+10
21640,2.164086e+10
21641,2.164127e+10
21642,2.164267e+10
21643,2.164311e+10
21644,2.164419e+10
21645,2.164583e+10
21646,2.164639e+10
21647,2.164709e+10
21648,2.164810e+10
21649,2.164985e+10
21650,2.165050e+10
21651,2.165191e+10
21652,2.165211e+10
21653,2.165337e+10
21654,2.165424e+10
21655,2.165579e+10
21656,2.165652e+10
21657,2.165783e+10
21658,2.165862e+10
21659,2.165998e+10
21660,2.166060e+10
21661,2.166101e+10
21662,2.166245e+10
21663,2.166311e+10
21664,2.166459e+10
21665,2.166540e+10
21666,2.166670e+10
21667,2.166754e+10
21668,2.166856e+10
21669,2.166931e+10
21670,2.167005e+10
21671,2.167176e+10
21672,2.167238e+10
21673,2.167399e+10
21674,2.167480e+10
21675,2.167504e+10
21676,2.167692e+10
21677,2.167734e+10
21678,2.167897e+10
21679,2.167997e+10
21680,2.168084e+10
21681,2.168144e+10
21682,2.168200e+10
21683,2.168327e+10
21684,2.168457e+10
21685,2.168571e+10
21686,2.168624e+10
21687,2.168788e+10
21688,2.168800e+10
21689,2.168923e+10
21690,2.169011e+10
21691,2.169153e+10
21692,2.169291e+10
21693,2.169329e+10
21694,2.169410e+10
21695,2.169557e+10
21696,2.169603e+10
21697,2.169781e+10
21698,2.169842e+10
21699,2.169920e+10
21700,2.170091e+10
21701,2.170118e+10
21702,2.170217e+10
21703,2.170317e+10
21704,2.170477e+10
21705,2.170513e+10
21706,2.170673e+10
21707,2.170709e+10
21708,2.170869e+10
21709,2.170994e+10
21710,2.171082e+10
21711,2.171112e+10
21712,2.171258e+10
21713,2.171325e+10
21714,2.171477e+10
21715,2.171513e+10
21716,2.171602e+10
21717,2.171744e+10
21718,2.171837e+10
21719,2.171907e+10
21720,2.172024e+10
21721,2.172154e+10
21722,2.172249e+10
21723,2.172388e+10
21724,2.172445e+10
21725,2.172502e+10
21726,2.172695e+10
21727,2.172723e+10
21728,2.172810e+10
21729,2.172940e+10
21730,2.173024e+10
21731,2.173171e+10
21732,2.173216e+10
21733,2.173304e+10
21734,2.173464e+10
21735,2.173554e+10
21736,2.173607e+10
21737,2.173712e+10
21738,2.173884e+10
21739,2.173991e+10
21740,2.174097e+10
21741,2.174136e+10
21742,2.174283e+10
21743,2.174360e+10
21744,2.174424e+10
21745,2.174507e+10
21746,2.174627e+10
21747,2.174721e+10
21748,2.174873e+10
21749,2.174985e+10
21750,2.175027e+10
21751,2.175196e+10
21752,2.175211e+10
21753,2.175399e+10
21754,2.175412e+10
21755,2.175596e+10
21756,2.175666e+10
21757,2.175731e+10
21758,2.175877e+10
21759,2.175976e+10
21760,2.176050e+10
21761,2.176122e+10
21762,2.176291e+10
21763,2.176367e+10
21764,2.176481e+10
21765,2.176503e+10
21766,2.176641e+10
21767,2.176722e+10
21768,2.176890e+10
21769,2.176931e+10
21770,2.177005e+10
21771,2.177141e+10
21772,2.177293e+10
21773,2.177344e+10
21774,2.177469e+10
21775,2.177518e+10
21776,2.177651e+10
21777,2.177712e+10
21778,2.177832e+10
21779,2.177980e+10
21780,2.178047e+10
21781,2.178187e+10
21782,2.178251e+10
21783,2.178304e+10
21784,2.178443e+10
21785,2.178515e+10
21786,2.178609e+10
21787,2.178707e+10
21788,2.178892e+10
21789,2.178922e+10
21790,2.179089e+10
21791,2.179116e+10
21792,2.179248e+10
21793,2.179394e+10
21794,2.179401e+10
21795,2.179503e+10
21796,2.179691e+10
21797,2.179739e+10
21798,2.179805e+10
21799,2.179994e+10
21800,2.180047e+10
21801,2.180198e+10
21802,2.180256e+10
21803,2.180374e+10
21804,2.180408e+10
21805,2.180569e+10
21806,2.180623e+10
21807,2.180738e+10
21808,2.180842e+10
21809,2.180942e+10
21810,2.181046e+10
21811,2.181119e+10
21812,2.181249e+10
21813,2.181322e+10
21814,2.181415e+10
21815,2.181552e+10
21816,2.181619e+10
21817,2.181731e+10
21818,2.181810e+10
21819,2.181917e+10
21820,2.182044e+10
21821,2.182110e+10
21822,2.182247e+10
21823,2.182312e+10
21824,2.182483e+10
21825,2.182522e+10
21826,2.182690e+10
21827,2.182718e+10
21828,2.182886e+10
21829,2.182928e+10
21830,2.183099e+10
21831,2.183164e+10
21832,2.183262e+10
21833,2.183336e+10
21834,2.183419e+10
21835,2.183554e+10
21836,2.183661e+10
21837,2.183702e+10
21838,2.183882e+10
21839,2.183925e+10
21840,2.184042e+10
21841,2.184199e+10
21842,2.184246e+10
21843,2.184344e+10
21844,2.184440e+10
21845,2.184568e+10
21846,2.184653e+10
21847,2.184766e+10
21848,2.184889e+10
21849,2.184925e+10
21850,2.185029e+10
21851,2.185136e+10
21852,2.185202e+10
21853,2.185361e+10
21854,2.185413e+10
21855,2.185504e+10
21856,2.185637e+10
21857,2.185712e+10
21858,2.185897e+10
21859,2.185960e+10
21860,2.186095e+10
21861,2.186102e+10
21862,2.186223e+10
21863,2.186356e+10
21864,2.186421e+10
21865,2.186580e+10
21866,2.186641e+10
21867,2.186765e+10
21868,2.186858e+10
21869,2.186984e+10
21870,2.187016e+10
21871,2.187164e+10
21872,2.187265e+10
21873,2.187335e+10
21874,2.187463e+10
21875,2.187520e+10
21876,2.187605e+10
21877,2.187713e+10
21878,2.187859e+10
21879,2.187922e+10
21880,2.188034e+10
21881,2.188191e+10
21882,2.188258e+10
21883,2.188371e+10
21884,2.188497e+10
21885,2.188594e+10
21886,2.188643e+10
21887,2.188769e+10
21888,2.188832e+10
21889,2.188990e+10
21890,2.189030e+10
21891,2.189181e+10
21892,2.189230e+10
21893,2.189364e+10
21894,2.189494e+10
21895,2.189545e+10
21896,2.189676e+10
21897,2.189703e+10
21898,2.189883e+10
21899,2.189936e+10
21900,2.190079e+10
21901,2.190159e+10
21902,2.190236e+10
21903,2.190317e+10
21904,2.190401e+10
21905,2.190513e+10
21906,2.190612e+10
21907,2.190706e+10
21908,2.190806e+10
21909,2.190939e+10
21910,2.191088e+10
21911,2.191193e+10
21912,2.191231e+10
21913,2.191384e+10
21914,2.191444e+10
21915,2.191524e+10
21916,2.191687e+10
21917,2.191724e+10
21918,2.191810e+10
21919,2.191928e+10
21920,2.192058e+10
21921,2.192197e+10
21922,2.192266e+10
21923,2.192329e+10
21924,2.192405e+10
21925,2.192530e+10
21926,2.192645e+10
21927,2.192718e+10
21928,2.192817e+10
21929,2.192974e+10
21930,2.193100e+10
21931,2.193145e+10
21932,2.193282e+10
21933,2.193337e+10
21934,2.193492e+10
21935,2.193531e+10
21936,2.193661e+10
21937,2.193726e+10
21938,2.193858e+10
21939,2.193963e+10
21940,2.194009e+10
21941,2.194194e+10
21942,2.194297e+10
21943,2.194354e+10
21944,2.194490e+10
21945,2.194519e+10
21946,2.194663e+10
21947,2.194725e+10
21948,2.194896e+10
21949,2.194935e+10
21950,2.195087e+10
21951,2.195189e+10
21952,2.195214e+10
21953,2.195306e+10
21954,2.195433e+10
21955,2.195560e+10
21956,2.195692e+10
21957,2.195755e+10
21958,2.195875e+10
21959,2.195947e+10
21960,2.196000e+10
21961,2.196142e+10
21962,2.196226e+10
21963,2.196323e+10
21964,2.196483e+10
21965,2.196541e+10
21966,2.196609e+10
21967,2.196735e+10
21968,2.196879e+10
21969,2.196996e+10
21970,2.197074e+10
21971,2.197102e+10
21972,2.197244e+10
21973,2.197349e+10
21974,2.197461e+10
21975,2.197534e+10
21976,2.197635e+10
21977,2.197769e+10
21978,2.197822e+10
21979,2.197934e+10
21980,2.198046e+10
21981,2.198150e+10
21982,2.198225e+10
21983,2.198347e+10
21984,2.198427e+10
21985,2.198504e+10
21986,2.198669e+10
21987,2.198723e+10
21988,2.198880e+10
21989,2.198946e+10
21990,2.199008e+10
21991,2.199123e+10
21992,2.199211e+10
21993,2.199375e+10
21994,2.199422e+10
21995,2.199542e+10
21996,2.199663e+10
21997,2.199702e+10
21998,2.199819e+10
21999,2.199918e+10
22000,2.200072e+10
22001,2.200188e+10
22002,2.200264e+10
22003,2.200352e+10
22004,2.200430e+10
22005,2.200553e+10
22006,2.200604e+10
22007,2.200722e+10
22008,2.200827e+10
22009,2.200947e+10
22010,2.201034e+10
22011,2.201176e+10
22012,2.201260e+10
22013,2.201326e+10
22014,2.201484e+10
22015,2.201567e+10
22016,2.201644e+10
22017,2.201759e+10
22018,2.201837e+10
22019,2.201958e+10
22020,2.202083e+10
22021,2.202180e+10
22022,2.202237e+10
22023,2.202361e+10
22024,2.202437e+10
22025,2.202561e+10
22026,2.202639e+10
22027,2.202771e+10
22028,2.202843e+10
22029,2.202996e+10
22030,2.203048e+10
22031,2.203121e+10
22032,2.203296e+10
22033,2.203348e+10
22034,2.203428e+10
22035,2.203569e+10
22036,2.203664e+10
22037,2.203721e+10
22038,2.203875e+10
22039,2.203917e+10
22040,2.204050e+10
22041,2.204111e+10
22042,2.204243e+10
22043,2.204342e+10
22044,2.204402e+10
22045,2.204508e+10
22046,2.204656e+10
22047,2.204800e+10
22048,2.204853e+10
22049,2.204967e+10
22050,2.205033e+10
22051,2.205160e+10
22052,2.205211e+10
22053,2.205398e+10
22054,2.205431e+10
22055,2.205590e+10
22056,2.205667e+10
22057,2.205703e+10
22058,2.205896e+10
22059,2.205902e+10
22060,2.206051e+10
22061,2.206190e+10
22062,2.206263e+10
22063,2.206397e+10
22064,2.206499e+10
22065,2.206530e+10
22066,2.206600e+10
22067,2.206705e+10
22068,2.206836e+10
22069,2.206925e+10
22070,2.207063e+10
22071,2.207114e+10
22072,2.207293e+10
22073,2.207349e+10
22074,2.207414e+10
22075,2.207521e+10
22076,2.207671e+10
22077,2.207729e+10
22078,2.207872e+10
22079,2.207962e+10
22080,2.208026e+10
22081,2.208131e+10
22082,2.208217e+10
22083,2.208356e+10
22084,2.208498e+10
22085,2.208561e+10
22086,2.208631e+10
22087,2.208727e+10
22088,2.208883e+10
22089,2.208908e+10
22090,2.209093e+10
22091,2.209173e+10
22092,2.209287e+10
22093,2.209378e+10
22094,2.209496e+10
22095,2.209521e+10
22096,2.209638e+10
22097,2.209730e+10
22098,2.209889e+10
22099,2.209950e+10
22100,2.210010e+10
22101,2.210172e+10
22102,2.210202e+10
22103,2.210309e+10
22104,2.210499e+10
22105,2.210547e+10
22106,2.210651e+10
22107,2.210744e+10
22108,2.210822e+10
22109,2.210935e+10
22110,2.211050e+10
22111,2.211109e+10
22112,2.211285e+10
22113,2.211369e+10
22114,2.211410e+10
22115,2.211588e+10
22116,2.211684e+10
22117,2.211779e+10
22118,2.211867e+10
22119,2.211987e+10
22120,2.212075e+10
22121,2.212184e+10
22122,2.212201e+10
22123,2.212384e+10
22124,2.212455e+10
22125,2.212504e+10
22126,2.212603e+10
22127,2.212756e+10
22128,2.212820e+10
22129,2.212922e+10
22130,2.213024e+10
22131,2.213170e+10
22132,2.213271e+10
22133,2.213399e+10
22134,2.213456e+10
22135,2.213556e+10
22136,2.213661e+10
22137,2.213713e+10
22138,2.213876e+10
22139,2.213929e+10
22140,2.214059e+10
22141,2.214137e+10
22142,2.214271e+10
22143,2.214309e+10
22144,2.214417e+10
22145,2.214534e+10
22146,2.214684e+10
22147,2.214748e+10
22148,2.214867e+10
22149,2.214917e+10
22150,2.215012e+10
22151,2.215158e+10
22152,2.215200e+10
22153,2.215326e+10
22154,2.215472e+10
22155,2.215519e+10
22156,2.215611e+10
22157,2.215710e+10
22158,2.215900e+10
22159,2.215929e+10
22160,2.216049e+10
22161,2.216199e+10
22162,2.216275e+10
22163,2.216378e+10
22164,2.216492e+10
22165,2.216504e+10
22166,2.216621e+10
22167,2.216737e+10
22168,2.216821e+10
22169,2.216939e+10
22170,2.217006e+10
22171,2.217105e+10
22172,2.217244e+10
22173,2.217332e+10
22174,2.217404e+10
22175,2.217590e+10
22176,2.217622e+10
22177,2.217716e+10
22178,2.217859e+10
22179,2.217954e+10
22180,2.218072e+10
22181,2.218184e+10
22182,2.218211e+10
22183,2.218319e+10
22184,2.218493e+10
22185,2.218570e+10
22186,2.218658e+10
22187,2.218730e+10
22188,2.218880e+10
22189,2.218979e+10
22190,2.219055e+10
22191,2.219106e+10
22192,2.219205e+10
22193,2.219307e+10
22194,2.219466e+10
22195,2.219592e+10
22196,2.219630e+10
22197,2.219766e+10
22198,2.219877e+10
22199,2.219934e+10
22200,2.220074e+10
22201,2.220154e+10
22202,2.220274e+10
22203,2.220308e+10
22204,2.220431e+10
22205,2.220568e+10
22206,2.220668e+10
22207,2.220767e+10
22208,2.220899e+10
22209,2.220993e+10
22210,2.221045e+10
22211,2.221174e+10
22212,2.221259e+10
22213,2.221359e+10
22214,2.221420e+10
22215,2.221546e+10
22216,2.221693e+10
22217,2.221730e+10
22218,2.221870e+10
22219,2.221943e+10
22220,2.222067e+10
22221,2.222102e+10
22222,2.222231e+10
22223,2.222320e+10
22224,2.222492e+10
22225,2.222581e+10
22226,2.222608e+10
22227,2.222792e+10
22228,2.222819e+10
22229,2.222931e+10
22230,2.223043e+10
22231,2.223107e+10
22232,2.223228e+10
22233,2.223360e+10
22234,2.223415e+10
22235,2.223597e+10
22236,2.223604e+10
22237,2.223780e+10
22238,2.223873e+10
22239,2.223996e+10
22240,2.224057e+10
22241,2.224169e+10
22242,2.224218e+10
22243,2.224391e+10
22244,2.224470e+10
22245,2.224510e+10
22246,2.224610e+10
22247,2.224764e+10
22248,2.224841e+10
22249,2.224964e+10
22250,2.225039e+10
22251,2.225129e+10
22252,2.225282e+10
22253,2.225340e+10
22254,2.225435e+10
22255,2.225541e+10
22256,2.225695e+10
22257,2.225707e+10
22258,2.225886e+10
22259,2.225944e+10
22260,2.226037e+10
22261,2.226123e+10
22262,2.226261e+10
22263,2.226367e+10
22264,2.226434e+10
22265,2.226536e+10
22266,2.226677e+10
22267,2.226771e+10
22268,2.226883e+10
22269,2.226916e+10
22270,2.227055e+10
22271,2.227162e+10
22272,2.227233e+10
22273,2.227307e+10
22274,2.227460e+10
22275,2.227547e+10
22276,2.227610e+10
22277,2.227787e+10
22278,2.227853e+10
22279,2.227991e+10
22280,2.228095e+10
22281,2.228192e+10
22282,2.228275e+10
22283,2.228313e+10
22284,2.228403e+10
22285,2.228518e+10
22286,2.228666e+10
22287,2.228732e+10
22288,2.228885e+10
22289,2.228976e+10
22290,2.229051e+10
22291,2.229172e+10
22292,2.229224e+10
22293,2.229317e+10
22294,2.229462e+10
22295,2.229554e+10
22296,2.229638e+10
22297,2.229744e+10
22298,2.229815e+10
22299,2.229908e+10
22300,2.230029e+10
22301,2.230169e+10
22302,2.230243e+10
22303,2.230327e+10
22304,2.230496e+10
22305,2.230509e+10
22306,2.230694e+10
22307,2.230726e+10
22308,2.230875e+10
22309,2.230995e+10
22310,2.231088e+10
22311,2.231117e+10
22312,2.231249e+10
22313,2.231340e+10
22314,2.231432e+10
22315,2.231587e+10
22316,2.231665e+10
22317,2.231748e+10
22318,2.231876e+10
22319,2.231984e+10
22320,2.232091e+10
22321,2.232194e+10
22322,2.232250e+10
22323,2.232339e+10
22324,2.232431e+10
22325,2.232574e+10
22326,2.232669e+10
22327,2.232778e+10
22328,2.232878e+10
22329,2.232936e+10
22330,2.233035e+10
22331,2.233142e+10
22332,2.233256e+10
22333,2.233306e+10
22334,2.233461e+10
22335,2.233593e+10
22336,2.233653e+10
22337,2.233752e+10
22338,2.233891e+10
22339,2.233935e+10
22340,2.234020e+10
22341,2.234148e+10
22342,2.234229e+10
22343,2.234314e+10
22344,2.234422e+10
22345,2.234564e+10
22346,2.234683e+10
22347,2.234739e+10
22348,2.234881e+10
22349,2.234962e+10
22350,2.235047e+10
22351,2.235148e+10
22352,2.235292e+10
22353,2.235357e+10
22354,2.235449e+10
22355,2.235530e+10
22356,2.235658e+10
22357,2.235797e+10
22358,2.235839e+10
22359,2.235971e+10
22360,2.236061e+10
22361,2.236189e+10
22362,2.236243e+10
22363,2.236303e+10
22364,2.236493e+10
22365,2.236583e+10
22366,2.236661e+10
22367,2.236758e+10
22368,2.236890e+10
22369,2.236935e+10
22370,2.237094e+10
22371,2.237135e+10
22372,2.237225e+10
22373,2.237311e+10
22374,2.237474e+10
22375,2.237586e+10
22376,2.237621e+10
22377,2.237714e+10
22378,2.237804e+10
22379,2.237992e+10
22380,2.238035e+10
22381,2.238194e+10
22382,2.238274e+10
22383,2.238321e+10
22384,2.238456e+10
22385,2.238571e+10
22386,2.238678e+10
22387,2.238741e+10
22388,2.238837e+10
22389,2.238904e+10
22390,2.239082e+10
22391,2.239103e+10
22392,2.239258e+10
22393,2.239363e+10
22394,2.239456e+10
22395,2.239595e+10
22396,2.239625e+10
22397,2.239730e+10
22398,2.239888e+10
22399,2.239953e+10
22400,2.240056e+10
22401,2.240192e+10
22402,2.240234e+10
22403,2.240384e+10
22404,2.240407e+10
22405,2.240588e+10
22406,2.240672e+10
22407,2.240705e+10
22408,2.240875e+10
22409,2.240947e+10
22410,2.241062e+10
22411,2.241164e+10
22412,2.241245e+10
22413,2.241305e+10
22414,2.241441e+10
22415,2.241574e+10
22416,2.241649e+10
22417,2.241750e+10
22418,2.241864e+10
22419,2.241993e+10
22420,2.242094e+10
22421,2.242171e+10
22422,2.242299e+10
22423,2.242362e+10
22424,2.242407e+10
22425,2.242521e+10
22426,2.242699e+10
22427,2.242738e+10
22428,2.242831e+10
22429,2.242974e+10
22430,2.243027e+10
22431,2.243190e+10
22432,2.243240e+10
22433,2.243383e+10
22434,2.243437e+10
22435,2.243505e+10
22436,2.243609e+10
22437,2.243733e+10
22438,2.243813e+10
22439,2.243925e+10
22440,2.244081e+10
22441,2.244186e+10
22442,2.244253e+10
22443,2.244314e+10
22444,2.244497e+10
22445,2.244589e+10
22446,2.244646e+10
22447,2.244763e+10
22448,2.244861e+10
22449,2.244917e+10
22450,2.245060e+10
22451,2.245187e+10
22452,2.245212e+10
22453,2.245359e+10
22454,2.245427e+10
22455,2.245551e+10
22456,2.245682e+10
22457,2.245701e+10
22458,2.245835e+10
22459,2.245968e+10
22460,2.246094e+10
22461,2.246199e+10
22462,2.246202e+10
22463,2.246309e+10
22464,2.246401e+10
22465,2.246508e+10
22466,2.246684e+10
22467,2.246745e+10
22468,2.246863e+10
22469,2.246958e+10
22470,2.247023e+10
22471,2.247112e+10
22472,2.247287e+10
22473,2.247310e+10
22474,2.247427e+10
22475,2.247580e+10
22476,2.247634e+10
22477,2.247786e+10
22478,2.247844e+10
22479,2.247932e+10
22480,2.248072e+10
22481,2.248137e+10
22482,2.248241e+10
22483,2.248388e+10
22484,2.248484e+10
22485,2.248508e+10
22486,2.248615e+10
22487,2.248729e+10
22488,2.248841e+10
22489,2.248971e+10
22490,2.249052e+10
22491,2.249180e+10
22492,2.249279e+10
22493,2.249392e+10
22494,2.249480e+10
22495,2.249509e+10
22496,2.249665e+10
22497,2.249721e+10
22498,2.249813e+10
22499,2.249990e+10
22500,2.250082e+10
22501,2.250149e+10
22502,2.250286e+10
22503,2.250389e+10
22504,2.250413e+10
22505,2.250547e+10
22506,2.250605e+10
22507,2.250765e+10
22508,2.250823e+10
22509,2.250923e+10
22510,2.251073e+10
22511,2.251158e+10
22512,2.251285e+10
22513,2.251344e+10
22514,2.251436e+10
22515,2.251522e+10
22516,2.251698e+10
22517,2.251710e+10
22518,2.251862e+10
22519,2.251997e+10
22520,2.252015e+10
22521,2.252138e+10
22522,2.252222e+10
22523,2.252317e+10
22524,2.252432e+10
22525,2.252542e+10
22526,2.252700e+10
22527,2.252732e+10
22528,2.252874e+10
22529,2.252939e+10
22530,2.253020e+10
22531,2.253137e+10
22532,2.253294e+10
22533,2.253303e+10
22534,2.253469e+10
22535,2.253506e+10
22536,2.253687e+10
22537,2.253771e+10
22538,2.253880e+10
22539,2.253930e+10
22540,2.254032e+10
22541,2.254155e+10
22542,2.254223e+10
22543,2.254345e+10
22544,2.254450e+10
22545,2.254569e+10
22546,2.254694e+10
22547,2.254728e+10
22548,2.254870e+10
22549,2.254928e+10
22550,2.255004e+10
22551,2.255157e+10
22552,2.255201e+10
22553,2.255363e+10
22554,2.255453e+10
22555,2.255552e+10
22556,2.255613e+10
22557,2.255788e+10
22558,2.255875e+10
22559,2.255926e+10
22560,2.256049e+10
22561,2.256142e+10
22562,2.256201e+10
22563,2.256398e+10
22564,2.256404e+10
22565,2.256542e+10
22566,2.256645e+10
22567,2.256772e+10
22568,2.256801e+10
22569,2.256925e+10
22570,2.257010e+10
22571,2.257184e+10
22572,2.257200e+10
22573,2.257326e+10
22574,2.257405e+10
22575,2.257510e+10
22576,2.257633e+10
22577,2.257713e+10
22578,2.257880e+10
22579,2.257927e+10
22580,2.258098e+10
22581,2.258159e+10
22582,2.258208e+10
22583,2.258311e+10
22584,2.258473e+10
22585,2.258526e+10
22586,2.258642e+10
22587,2.258748e+10
22588,2.258885e+10
22589,2.258933e+10
22590,2.259052e+10
22591,2.259153e+10
22592,2.259251e+10
22593,2.259343e+10
22594,2.259486e+10
22595,2.259520e+10
22596,2.259673e+10
22597,2.259789e+10
22598,2.259853e+10
22599,2.259910e+10
22600,2.260063e+10
22601,2.260142e+10
22602,2.260205e+10
22603,2.260325e+10
22604,2.260463e+10
22605,2.260564e+10
22606,2.260622e+10
22607,2.260783e+10
22608,2.260830e+10
22609,2.260994e+10
22610,2.261039e+10
22611,2.261143e+10
22612,2.261235e+10
22613,2.261332e+10
22614,2.261416e+10
22615,2.261596e+10
22616,2.261699e+10
22617,2.261787e+10
22618,2.261814e+10
22619,2.261976e+10
22620,2.262096e+10
22621,2.262130e+10
22622,2.262262e+10
22623,2.262328e+10
22624,2.262417e+10
22625,2.262564e+10
22626,2.262627e+10
22627,2.262792e+10
22628,2.262812e+10
22629,2.262980e+10
22630,2.263033e+10
22631,2.263115e+10
22632,2.263243e+10
22633,2.263343e+10
22634,2.263498e+10
22635,2.263569e+10
22636,2.263675e+10
22637,2.263722e+10
22638,2.263834e+10
22639,2.263910e+10
22640,2.264083e+10
22641,2.264128e+10
22642,2.264228e+10
22643,2.264384e+10
22644,2.264429e+10
22645,2.264595e+10
22646,2.264634e+10
22647,2.264709e+10
22648,2.264895e+10
22649,2.264918e+10
22650,2.265056e+10
22651,2.265182e+10
22652,2.265223e+10
22653,2.265373e+10
22654,2.265439e+10
22655,2.265529e+10
22656,2.265638e+10
22657,2.265753e+10
22658,2.265855e+10
22659,2.265963e+10
22660,2.266020e+10
22661,2.266133e+10
22662,2.266258e+10
22663,2.266322e+10
22664,2.266411e+10
22665,2.266556e+10
22666,2.266628e+10
22667,2.266715e+10
22668,2.266867e+10
22669,2.266958e+10
22670,2.267049e+10
22671,2.267149e+10
22672,2.267271e+10
22673,2.267343e+10
22674,2.267434e+10
22675,2.267518e+10
22676,2.267603e+10
22677,2.267787e+10
22678,2.267840e+10
22679,2.267961e+10
22680,2.268068e+10
22681,2.268165e+10
22682,2.268241e+10
22683,2.268377e+10
22684,2.268404e+10
22685,2.268580e+10
22686,2.268651e+10
22687,2.268769e+10
22688,2.268868e+10
22689,2.268924e+10
22690,2.269082e+10
22691,2.269187e+10
22692,2.269202e+10
22693,2.269322e+10
22694,2.269490e+10
22695,2.269505e+10
22696,2.269615e+10
22697,2.269794e+10
22698,2.269824e+10
22699,2.269998e+10
22700,2.270023e+10
22701,2.270150e+10
22702,2.270288e+10
22703,2.270370e+10
22704,2.270474e+10
22705,2.270541e+10
22706,2.270626e+10
22707,2.270745e+10
22708,2.270822e+10
22709,2.270938e+10
22710,2.271098e+10
22711,2.271172e+10
22712,2.271212e+10
22713,2.271344e+10
22714,2.271437e+10
22715,2.271582e+10
22716,2.271632e+10
22717,2.271728e+10
22718,2.271858e+10
22719,2.271927e+10
22720,2.272048e+10
22721,2.272200e+10
22722,2.272268e+10
22723,2.272310e+10
22724,2.272402e+10
22725,2.272515e+10
22726,2.272607e+10
22727,2.272799e+10
22728,2.272847e+10
22729,2.272913e+10
22730,2.273096e+10
22731,2.273113e+10
22732,2.273238e+10
22733,2.273316e+10
22734,2.273409e+10
22735,2.273584e+10
22736,2.273671e+10
22737,2.273730e+10
22738,2.273827e+10
22739,2.273906e+10
22740,2.274054e+10
22741,2.274169e+10
22742,2.274251e+10
22743,2.274395e+10
22744,2.274457e+10
22745,2.274506e+10
22746,2.274652e+10
22747,2.274746e+10
22748,2.274860e+10
22749,2.274940e+10
22750,2.275092e+10
22751,2.275140e+10
22752,2.275296e+10
22753,2.275377e+10
22754,2.275474e+10
22755,2.275556e+10
22756,2.275679e+10
22757,2.275706e+10
22758,2.275872e+10
22759,2.275944e+10
22760,2.276032e+10
22761,2.276162e+10
22762,2.276287e+10
22763,2.276302e+10
22764,2.276483e+10
22765,2.276528e+10
22766,2.276621e+10
22767,2.276747e+10
22768,2.276839e+10
22769,2.276968e+10
22770,2.277076e+10
22771,2.277102e+10
22772,2.277265e+10
22773,2.277319e+10
22774,2.277418e+10
22775,2.277519e+10
22776,2.277601e+10
22777,2.277706e+10
22778,2.277818e+10
22779,2.277912e+10
22780,2.278081e+10
22781,2.278154e+10
22782,2.278277e+10
22783,2.278309e+10
22784,2.278477e+10
22785,2.278533e+10
22786,2.278621e+10
22787,2.278776e+10
22788,2.278898e+10
22789,2.278996e+10
22790,2.279034e+10
22791,2.279199e+10
22792,2.279290e+10
22793,2.279384e+10
22794,2.279472e+10
22795,2.279512e+10
22796,2.279692e+10
22797,2.279711e+10
22798,2.279889e+10
22799,2.279918e+10
22800,2.280026e+10
22801,2.280114e+10
22802,2.280226e+10
22803,2.280316e+10
22804,2.280469e+10
22805,2.280582e+10
22806,2.280633e+10
22807,2.280719e+10
22808,2.280891e+10
22809,2.280921e+10
22810,2.281014e+10
22811,2.281162e+10
22812,2.281225e+10
22813,2.281341e+10
22814,2.281492e+10
22815,2.281537e+10
22816,2.281611e+10
22817,2.281753e+10
22818,2.281815e+10
22819,2.281939e+10
22820,2.282024e+10
22821,2.282150e+10
22822,2.282215e+10
22823,2.282328e+10
22824,2.282423e+10
22825,2.282562e+10
22826,2.282632e+10
22827,2.282768e+10
22828,2.282850e+10
22829,2.282998e+10
22830,2.283070e+10
22831,2.283156e+10
22832,2.283203e+10
22833,2.283369e+10
22834,2.283493e+10
22835,2.283533e+10
22836,2.283622e+10
22837,2.283790e+10
22838,2.283829e+10
22839,2.283901e+10
22840,2.284034e+10
22841,2.284126e+10
22842,2.284258e+10
22843,2.284385e+10
22844,2.284409e+10
22845,2.284508e+10
22846,2.284682e+10
22847,2.284734e+10
22848,2.284842e+10
22849,2.284904e+10
22850,2.285048e+10
22851,2.285106e+10
22852,2.285229e+10
22853,2.285303e+10
22854,2.285458e+10
22855,2.285555e+10
22856,2.285607e+10
22857,2.285775e+10
22858,2.285802e+10
22859,2.285992e+10
22860,2.286035e+10
22861,2.286198e+10
22862,2.286276e+10
22863,2.286314e+10
22864,2.286445e+10
22865,2.286534e+10
22866,2.286639e+10
22867,2.286712e+10
22868,2.286801e+10
22869,2.286900e+10
22870,2.287043e+10
22871,2.287111e+10
22872,2.287251e+10
22873,2.287366e+10
22874,2.287478e+10
22875,2.287592e+10
22876,2.287685e+10
22877,2.287733e+10
22878,2.287821e+10
22879,2.287950e+10
22880,2.288014e+10
22881,2.288184e+10
22882,2.288228e+10
22883,2.288384e+10
22884,2.288425e+10
22885,2.288557e+10
22886,2.288658e+10
22887,2.288798e+10
22888,2.288878e+10
22889,2.288907e+10
22890,2.289012e+10
22891,2.289181e+10
22892,2.289281e+10
22893,2.289366e+10
22894,2.289401e+10
22895,2.289578e+10
22896,2.289627e+10
22897,2.289792e+10
22898,2.289875e+10
22899,2.289909e+10
22900,2.290014e+10
22901,2.290136e+10
22902,2.290227e+10
22903,2.290388e+10
22904,2.290437e+10
22905,2.290540e+10
22906,2.290613e+10
22907,2.290781e+10
22908,2.290826e+10
22909,2.290957e+10
22910,2.291062e+10
22911,2.291118e+10
22912,2.291202e+10
22913,2.291306e+10
22914,2.291477e+10
22915,2.291577e+10
22916,2.291658e+10
22917,2.291739e+10
22918,2.291809e+10
22919,2.291951e+10
22920,2.292053e+10
22921,2.292172e+10
22922,2.292256e+10
22923,2.292340e+10
22924,2.292483e+10
22925,2.292592e+10
22926,2.292617e+10
22927,2.292765e+10
22928,2.292822e+10
22929,2.292926e+10
22930,2.293083e+10
22931,2.293136e+10
22932,2.293226e+10
22933,2.293313e+10
22934,2.293467e+10
22935,2.293508e+10
22936,2.293655e+10
22937,2.293785e+10
22938,2.293833e+10
22939,2.293957e+10
22940,2.294048e+10
22941,2.294190e+10
22942,2.294227e+10
22943,2.294356e+10
22944,2.294468e+10
22945,2.294583e+10
22946,2.294664e+10
22947,2.294756e+10
22948,2.294818e+10
22949,2.294951e+10
22950,2.295016e+10
22951,2.295181e+10
22952,2.295298e+10
22953,2.295374e+10
22954,2.295482e+10
22955,2.295564e+10
22956,2.295679e+10
22957,2.295732e+10
22958,2.295862e+10
22959,2.295990e+10
22960,2.296015e+10
22961,2.296155e+10
22962,2.296257e+10
22963,2.296385e+10
22964,2.296432e+10
22965,2.296516e+10
22966,2.296692e+10
22967,2.296781e+10
22968,2.296823e+10
22969,2.296929e+10
22970,2.297014e+10
22971,2.297102e+10
22972,2.297243e+10
22973,2.297317e+10
22974,2.297488e+10
22975,2.297549e+10
22976,2.297619e+10
22977,2.297708e+10
22978,2.297848e+10
22979,2.297977e+10
22980,2.298056e+10
22981,2.298140e+10
22982,2.298279e+10
22983,2.298386e+10
22984,2.298400e+10
22985,2.298574e+10
22986,2.298618e+10
22987,2.298767e+10
22988,2.298878e+10
22989,2.298970e+10
22990,2.299023e+10
22991,2.299155e+10
22992,2.299244e+10
22993,2.299389e+10
22994,2.299416e+10
22995,2.299588e+10
22996,2.299674e+10
22997,2.299750e+10
22998,2.299839e+10
22999,2.299906e+10
23000,2.300098e+10
23001,2.300156e+10
23002,2.300210e+10
23003,2.300300e+10
23004,2.300473e+10
23005,2.300536e+10
23006,2.300621e+10
23007,2.300785e+10
23008,2.300826e+10
23009,2.300926e+10
23010,2.301023e+10
23011,2.301109e+10
23012,2.301295e+10
23013,2.301384e+10
23014,2.301458e+10
23015,2.301553e+10
23016,2.301613e+10
23017,2.301778e+10
23018,2.301824e+10
23019,2.301993e+10
23020,2.302061e+10
23021,2.302170e+10
23022,2.302230e+10
23023,2.302389e+10
23024,2.302405e+10
23025,2.302539e+10
23026,2.302694e+10
23027,2.302799e+10
23028,2.302873e+10
23029,2.302948e+10
23030,2.303035e+10
23031,2.303139e+10
23032,2.303234e+10
23033,2.303340e+10
23034,2.303468e+10
23035,2.303523e+10
23036,2.303607e+10
23037,2.303755e+10
23038,2.303832e+10
23039,2.303942e+10
23040,2.304090e+10
23041,2.304197e+10
23042,2.304212e+10
23043,2.304376e+10
23044,2.304436e+10
23045,2.304561e+10
23046,2.304683e+10
23047,2.304705e+10
23048,2.304852e+10
23049,2.304961e+10
23050,2.305063e+10
23051,2.305119e+10
23052,2.305235e+10
23053,2.305337e+10
23054,2.305460e+10
23055,2.305564e+10
23056,2.305632e+10
23057,2.305773e+10
23058,2.305814e+10
23059,2.305902e+10
23060,2.306049e+10
23061,2.306138e+10
23062,2.306252e+10
23063,2.306340e+10
23064,2.306404e+10
23065,2.306582e+10
23066,2.306630e+10
23067,2.306752e+10
23068,2.306800e+10
23069,2.306972e+10
23070,2.307074e+10
23071,2.307126e+10
23072,2.307212e+10
23073,2.307345e+10
23074,2.307481e+10
23075,2.307569e+10
23076,2.307620e+10
23077,2.307703e+10
23078,2.307806e+10
23079,2.307916e+10
23080,2.308010e+10
23081,2.308135e+10
23082,2.308284e+10
23083,2.308337e+10
23084,2.308472e+10
23085,2.308521e+10
23086,2.308654e+10
23087,2.308796e+10
23088,2.308820e+10
23089,2.308923e+10
23090,2.309020e+10
23091,2.309151e+10
23092,2.309277e+10
23093,2.309373e+10
23094,2.309403e+10
23095,2.309555e+10
23096,2.309601e+10
23097,2.309794e+10
23098,2.309855e+10
23099,2.309936e+10
23100,2.310063e+10
23101,2.310176e+10
23102,2.310278e+10
23103,2.310334e+10
23104,2.310481e+10
23105,2.310506e+10
23106,2.310689e+10
23107,2.310715e+10
23108,2.310833e+10
23109,2.310935e+10
23110,2.311036e+10
23111,2.311149e+10
23112,2.311209e+10
23113,2.311370e+10
23114,2.311404e+10
23115,2.311568e+10
23116,2.311700e+10
23117,2.311738e+10
23118,2.311807e+10
23119,2.311952e+10
23120,2.312020e+10
23121,2.312145e+10
23122,2.312279e+10
23123,2.312323e+10
23124,2.312407e+10
23125,2.312587e+10
23126,2.312611e+10
23127,2.312774e+10
23128,2.312871e+10
23129,2.312982e+10
23130,2.313059e+10
23131,2.313114e+10
23132,2.313214e+10
23133,2.313308e+10
23134,2.313413e+10
23135,2.313535e+10
23136,2.313678e+10
23137,2.313759e+10
23138,2.313840e+10
23139,2.313922e+10
23140,2.314032e+10
23141,2.314113e+10
23142,2.314260e+10
23143,2.314354e+10
23144,2.314414e+10
23145,2.314566e+10
23146,2.314694e+10
23147,2.314780e+10
23148,2.314833e+10
23149,2.314939e+10
23150,2.315019e+10
23151,2.315152e+10
23152,2.315232e+10
23153,2.315377e+10
23154,2.315404e+10
23155,2.315500e+10
23156,2.315631e+10
23157,2.315781e+10
23158,2.315873e+10
23159,2.315948e+10
23160,2.316099e+10
23161,2.316140e+10
23162,2.316250e+10
23163,2.316317e+10
23164,2.316405e+10
23165,2.316506e+10
23166,2.316689e+10
23167,2.316760e+10
23168,2.316844e+10
23169,2.316998e+10
23170,2.317100e+10
23171,2.317121e+10
23172,2.317204e+10
23173,2.317347e+10
23174,2.317401e+10
23175,2.317594e+10
23176,2.317611e+10
23177,2.317783e+10
23178,2.317818e+10
23179,2.317953e+10
23180,2.318097e+10
23181,2.318127e+10
23182,2.318270e+10
23183,2.318313e+10
23184,2.318408e+10
23185,2.318527e+10
23186,2.318615e+10
23187,2.318711e+10
23188,2.318809e+10
23189,2.318999e+10
23190,2.319082e+10
23191,2.319183e+10
23192,2.319251e+10
23193,2.319332e+10
23194,2.319444e+10
23195,2.319528e+10
23196,2.319635e+10
23197,2.319771e+10
23198,2.319839e+10
23199,2.319999e+10
23200,2.320078e+10
23201,2.320173e+10
23202,2.320229e+10
23203,2.320304e+10
23204,2.320408e+10
23205,2.320550e+10
23206,2.320609e+10
23207,2.320750e+10
23208,2.320817e+10
23209,2.320927e+10
23210,2.321083e+10
23211,2.321180e+10
23212,2.321268e+10
23213,2.321400e+10
23214,2.321489e+10
23215,2.321512e+10
23216,2.321673e+10
23217,2.321751e+10
23218,2.321816e+10
23219,2.321929e+10
23220,2.322100e+10
23221,2.322198e+10
23222,2.322270e+10
23223,2.322352e+10
23224,2.322454e+10
23225,2.322577e+10
23226,2.322671e+10
23227,2.322749e+10
23228,2.322897e+10
23229,2.322968e+10
23230,2.323040e+10
23231,2.323193e+10
23232,2.323205e+10
23233,2.323301e+10
23234,2.323406e+10
23235,2.323563e+10
23236,2.323664e+10
23237,2.323796e+10
23238,2.323897e+10
23239,2.323908e+10
23240,2.324068e+10
23241,2.324115e+10
23242,2.324280e+10
23243,2.324301e+10
23244,2.324435e+10
23245,2.324581e+10
23246,2.324682e+10
23247,2.324749e+10
23248,2.324825e+10
23249,2.324972e+10
23250,2.325081e+10
23251,2.325150e+10
23252,2.325209e+10
23253,2.325328e+10
23254,2.325433e+10
23255,2.325584e+10
23256,2.325667e+10
23257,2.325701e+10
23258,2.325848e+10
23259,2.325900e+10
23260,2.326097e+10
23261,2.326106e+10
23262,2.326204e+10
23263,2.326388e+10
23264,2.326447e+10
23265,2.326512e+10
23266,2.326624e+10
23267,2.326752e+10
23268,2.326871e+10
23269,2.326958e+10
23270,2.327052e+10
23271,2.327177e+10
