idx,status,is_error
0,200,false
1,200,false
2,200,false
3,200,false
4,200,false
5,200,false
6,200,false
7,200,false
8,200,false
9,200,false
10,200,false
11,200,false
12,200,false
13,200,false
14,200,false
15,200,false
16,200,false
17,200,false
18,200,false
19,200,false
20,200,false
21,200,false
22,200,false
23,200,false
24,200,false
25,200,false
26,200,false
27,200,false
28,200,false
29,200,false
30,200,false
31,200,false
32,200,false
33,200,false
34,200,false
35,200,false
36,200,false
37,200,false
38,200,false
39,200,false
40,200,false
41,200,false
42,200,false
43,200,false
44,200,false
45,200,false
46,200,false
47,200,false
48,200,false
49,200,false
50,200,false
51,200,false
52,200,false
53,200,false
54,200,false
55,200,false
56,200,false
57,200,false
58,200,false
59,200,false
60,200,false
61,200,false
62,200,false
63,200,false
64,200,false
65,200,false
66,200,false
67,200,false
68,200,false
69,200,false
70,200,false
71,200,false
72,200,false
73,200,false
74,200,false
75,200,false
76,200,false
77,200,false
78,200,false
79,200,false
80,200,false
81,200,false
82,200,false
83,200,false
84,200,false
85,200,false
86,200,false
87,200,false
88,200,false
89,200,false
90,200,false
91,200,false
92,200,false
93,200,false
94,200,false
95,200,false
96,200,false
97,200,false
98,200,false
99,200,false
100,200,false
101,200,false
102,200,false
103,200,false
104,200,false
105,200,false
106,200,false
107,200,false
108,200,false
109,200,false
110,200,false
111,200,false
112,200,false
113,200,false
114,200,false
115,200,false
116,200,false
117,200,false
118,200,false
119,200,false
120,200,false
121,200,false
122,200,false
123,200,false
124,200,false
125,200,false
126,200,false
127,200,false
128,200,false
129,200,false
130,200,false
131,200,false
132,200,false
133,200,false
134,200,false
135,200,false
136,200,false
137,200,false
138,200,false
139,200,false
140,200,false
141,200,false
142,200,false
143,200,false
144,200,false
145,200,false
146,200,false
147,200,false
148,200,false
149,200,false
150,200,false
151,200,false
152,200,false
153,200,false
154,200,false
155,200,false
156,200,false
157,200,false
158,200,false
159,200,false
160,200,false
161,200,false
162,200,false
163,200,false
164,200,false
165,200,false
166,200,false
167,200,false
168,200,false
169,200,false
170,200,false
171,200,false
172,200,false
173,200,false
174,200,false
175,200,false
176,200,false
177,200,false
178,200,false
179,200,false
180,200,false
181,200,false
182,200,false
183,200,false
184,200,false
185,200,false
186,200,false
187,200,false
188,200,false
189,200,false
190,200,false
191,200,false
192,200,false
193,200,false
194,200,false
195,200,false
196,200,false
197,200,false
198,200,false
199,200,false
200,200,false
201,200,false
202,200,false
203,200,false
204,200,false
205,200,false
206,200,false
207,200,false
208,200,false
209,200,false
210,200,false
211,200,false
212,200,false
213,200,false
214,200,false
215,200,false
216,200,false
217,200,false
218,200,false
219,500,true
220,500,true
221,500,true
222,500,true
223,500,true
224,500,true
225,500,true
226,500,true
227,500,true
228,500,true
229,500,true
230,500,true
231,500,true
232,500,true
233,500,true
234,500,true
235,500,true
236,500,true
237,500,true
238,500,true
239,500,true
240,500,true
241,500,true
242,500,true
243,500,true
244,500,true
245,500,true
246,500,true
247,500,true
248,500,true
249,500,true
250,500,true
251,500,true
252,500,true
253,500,true
254,500,true
255,500,true
256,500,true
257,500,true
258,500,true
259,500,true
260,500,true
261,500,true
262,500,true
263,500,true
264,500,true
265,500,true
266,500,true
267,500,true
268,500,true
269,500,true
270,500,true
271,500,true
272,500,true
273,500,true
274,500,true
275,500,true
276,500,true
277,500,true
278,500,true
279,500,true
280,500,true
281,500,true
282,500,true
283,500,true
284,500,true
285,500,true
286,500,true
287,500,true
288,500,true
289,500,true
290,500,true
291,500,true
292,404,true
293,404,true
294,404,true
295,404,true
296,404,true
297,404,true
298,404,true
299,404,true
300,404,true
301,404,true
302,404,true
303,404,true
304,404,true
305,404,true
306,404,true
307,404,true
308,404,true
309,404,true
310,404,true
311,404,true
312,404,true
313,404,true
314,404,true
315,404,true
316,404,true
317,404,true
318,404,true
319,404,true
320,404,true
321,404,true
322,404,true
323,404,true
324,404,true
325,404,true
326,404,true
327,404,true
328,404,true
329,404,true
330,404,true
331,404,true
332,404,true
333,404,true
334,404,true
335,404,true
336,404,true
337,404,true
338,404,true
339,404,true
340,404,true
341,404,true
342,404,true
343,404,true
344,404,true
345,404,true
346,404,true
347,404,true
348,404,true
349,404,true
350,404,true
351,404,true
352,404,true
353,404,true
354,404,true
355,404,true
356,404,true
357,404,true
358,404,true
359,404,true
360,404,true
361,404,true
362,404,true
363,404,true
364,404,true
365,200,false
366,200,false
367,200,false
368,200,false
369,200,false
370,200,false
371,200,false
372,200,false
373,200,false
374,200,false
375,200,false
376,200,false
377,200,false
378,200,false
379,200,false
380,200,false
381,200,false
382,200,false
383,200,false
384,200,false
385,200,false
386,200,false
387,200,false
388,200,false
389,200,false
390,200,false
391,200,false
392,200,false
393,200,false
394,200,false
395,200,false
396,200,false
397,200,false
398,200,false
399,200,false
400,200,false
401,200,false
402,200,false
403,200,false
404,200,false
405,200,false
406,200,false
407,200,false
408,200,false
409,200,false
410,200,false
411,200,false
412,200,false
413,200,false
414,200,false
415,200,false
416,200,false
417,200,false
418,200,false
419,200,false
420,200,false
421,200,false
422,200,false
423,200,false
424,200,false
425,200,false
426,200,false
427,200,false
428,200,false
429,200,false
430,200,false
431,200,false
432,200,false
433,200,false
434,200,false
435,200,false
436,200,false
437,200,false
438,200,false
439,200,false
440,200,false
441,200,false
442,200,false
443,200,false
444,200,false
445,200,false
446,200,false
447,200,false
448,200,false
449,200,false
450,200,false
451,200,false
452,200,false
453,200,false
454,200,false
455,200,false
456,200,false
457,200,false
458,200,false
459,200,false
460,200,false
461,200,false
462,200,false
463,200,false
464,200,false
465,200,false
466,200,false
467,200,false
468,200,false
469,200,false
470,200,false
471,200,false
472,200,false
473,200,false
474,200,false
475,200,false
476,200,false
477,200,false
478,200,false
479,200,false
480,200,false
481,200,false
482,200,false
483,200,false
484,200,false
485,200,false
486,200,false
487,200,false
488,200,false
489,200,false
490,200,false
491,200,false
492,200,false
493,200,false
494,200,false
495,200,false
496,200,false
497,200,false
498,200,false
499,200,false
500,200,false
501,200,false
502,200,false
503,200,false
504,200,false
505,200,false
506,200,false
507,200,false
508,200,false
509,200,false
510,200,false
511,200,false
512,200,false
513,200,false
514,200,false
515,200,false
516,200,false
517,200,false
518,200,false
519,200,false
520,200,false
521,200,false
522,200,false
523,200,false
524,200,false
525,200,false
526,200,false
527,200,false
528,200,false
529,200,false
530,200,false
531,200,false
532,200,false
533,200,false
534,200,false
535,200,false
536,200,false
537,200,false
538,200,false
539,200,false
540,200,false
541,200,false
542,200,false
543,200,false
544,200,false
545,200,false
546,200,false
547,200,false
548,200,false
549,200,false
550,200,false
551,200,false
552,200,false
553,200,false
554,200,false
555,200,false
556,200,false
557,200,false
558,200,false
559,200,false
560,200,false
561,200,false
562,200,false
563,200,false
564,200,false
565,200,false
566,200,false
567,200,false
568,200,false
569,200,false
570,200,false
571,200,false
572,200,false
573,200,false
574,200,false
575,200,false
576,200,false
577,200,false
578,200,false
579,200,false
580,200,false
581,200,false
582,200,false
583,200,false
584,200,false
585,200,false
586,200,false
587,200,false
588,200,false
589,200,false
590,200,false
591,200,false
592,200,false
593,200,false
594,200,false
595,200,false
596,200,false
597,200,false
598,200,false
599,200,false
600,200,false
601,200,false
602,200,false
603,200,false
604,200,false
605,200,false
606,200,false
607,200,false
608,200,false
609,200,false
610,200,false
611,200,false
612,200,false
613,200,false
614,200,false
615,200,false
616,200,false
617,200,false
618,200,false
619,200,false
620,200,false
621,200,false
622,200,false
623,200,false
624,200,false
625,200,false
626,200,false
627,200,false
628,200,false
629,200,false
630,200,false
631,200,false
632,200,false
633,200,false
634,200,false
635,200,false
636,200,false
637,200,false
638,200,false
639,200,false
640,200,false
641,200,false
642,200,false
643,200,false
644,200,false
645,200,false
646,200,false
647,200,false
648,200,false
649,200,false
650,200,false
651,200,false
652,200,false
653,200,false
654,200,false
655,200,false
656,200,false
657,200,false
658,200,false
659,200,false
660,200,false
661,200,false
662,200,false
663,200,false
664,200,false
665,200,false
666,200,false
667,200,false
668,200,false
669,200,false
670,200,false
671,200,false
672,200,false
673,200,false
674,200,false
675,200,false
676,200,false
677,200,false
678,200,false
679,200,false
680,200,false
681,200,false
682,200,false
683,200,false
684,200,false
685,200,false
686,200,false
687,200,false
688,200,false
689,200,false
690,200,false
691,200,false
692,200,false
693,200,false
694,200,false
695,200,false
696,200,false
697,200,false
698,200,false
699,200,false
700,200,false
701,200,false
702,200,false
703,200,false
704,200,false
705,200,false
706,200,false
707,200,false
708,200,false
709,200,false
710,200,false
711,200,false
712,200,false
713,200,false
714,200,false
715,200,false
716,200,false
717,200,false
718,200,false
719,200,false
720,200,false
721,200,false
722,200,false
723,200,false
724,200,false
725,200,false
726,200,false
727,200,false
728,200,false
729,200,false
730,200,false
731,200,false
732,200,false
733,200,false
734,200,false
735,200,false
736,200,false
737,200,false
738,200,false
739,200,false
740,200,false
741,200,false
742,200,false
743,200,false
744,200,false
745,200,false
746,200,false
747,200,false
748,200,false
749,200,false
750,200,false
751,200,false
752,200,false
753,200,false
754,200,false
755,200,false
756,200,false
757,200,false
758,200,false
759,200,false
760,200,false
761,200,false
762,200,false
763,200,false
764,200,false
765,200,false
766,200,false
767,200,false
768,200,false
769,200,false
770,200,false
771,200,false
772,200,false
773,200,false
774,200,false
775,200,false
776,200,false
777,200,false
778,200,false
779,200,false
780,200,false
781,200,false
782,200,false
783,200,false
784,200,false
785,200,false
786,200,false
787,200,false
788,200,false
789,200,false
790,200,false
791,200,false
792,200,false
793,200,false
794,200,false
795,200,false
796,200,false
797,200,false
798,200,false
799,200,false
800,200,false
801,200,false
802,200,false
803,200,false
804,200,false
805,200,false
806,200,false
807,200,false
808,200,false
809,200,false
810,200,false
811,200,false
812,200,false
813,200,false
814,200,false
815,200,false
816,200,false
817,200,false
818,200,false
819,200,false
820,200,false
821,200,false
822,200,false
823,200,false
824,200,false
825,200,false
826,200,false
827,200,false
828,200,false
829,200,false
830,200,false
831,200,false
832,200,false
833,200,false
834,200,false
835,200,false
836,200,false
837,200,false
838,200,false
839,200,false
840,200,false
841,200,false
842,200,false
843,200,false
844,200,false
845,200,false
846,200,false
847,200,false
848,200,false
849,200,false
850,200,false
851,200,false
852,200,false
853,200,false
854,200,false
855,200,false
856,200,false
857,200,false
858,200,false
859,200,false
860,200,false
861,200,false
862,200,false
863,200,false
864,200,false
865,200,false
866,200,false
867,200,false
868,200,false
869,200,false
870,200,false
871,200,false
872,200,false
873,200,false
874,200,false
875,200,false
876,200,false
877,200,false
878,200,false
879,200,false
880,200,false
881,200,false
882,200,false
883,200,false
884,200,false
885,200,false
886,200,false
887,200,false
888,200,false
889,200,false
890,200,false
891,200,false
892,200,false
893,200,false
894,200,false
895,200,false
896,200,false
897,200,false
898,200,false
899,200,false
900,200,false
901,200,false
902,200,false
903,200,false
904,200,false
905,200,false
906,200,false
907,200,false
908,200,false
909,200,false
910,200,false
911,200,false
912,200,false
913,200,false
914,200,false
915,200,false
916,200,false
917,200,false
918,200,false
919,200,false
920,200,false
921,200,false
922,200,false
923,200,false
924,200,false
925,200,false
926,200,false
927,200,false
928,200,false
929,200,false
930,200,false
931,200,false
932,200,false
933,200,false
934,200,false
935,200,false
936,200,false
937,200,false
938,200,false
939,200,false
940,200,false
941,200,false
942,200,false
943,200,false
944,200,false
945,200,false
946,200,false
947,200,false
948,200,false
949,500,true
950,500,true
951,500,true
952,500,true
953,500,true
954,500,true
955,500,true
956,500,true
957,500,true
958,500,true
959,500,true
960,500,true
961,500,true
962,500,true
963,500,true
964,500,true
965,500,true
966,500,true
967,500,true
968,500,true
969,500,true
970,500,true
971,500,true
972,500,true
973,500,true
974,500,true
975,500,true
976,500,true
977,500,true
978,500,true
979,500,true
980,500,true
981,500,true
982,500,true
983,500,true
984,500,true
985,500,true
986,500,true
987,500,true
988,500,true
989,500,true
990,500,true
991,500,true
992,500,true
993,500,true
994,500,true
995,500,true
996,500,true
997,500,true
998,500,true
999,500,true
1000,500,true
1001,500,true
1002,500,true
1003,500,true
1004,500,true
1005,500,true
1006,500,true
1007,500,true
1008,500,true
1009,500,true
1010,500,true
1011,500,true
1012,500,true
1013,500,true
1014,500,true
1015,500,true
1016,500,true
1017,500,true
1018,500,true
1019,500,true
1020,500,true
1021,500,true
1022,200,false
1023,200,false
1024,200,false
1025,200,false
1026,200,false
1027,200,false
1028,200,false
1029,200,false
1030,200,false
1031,200,false
1032,200,false
1033,200,false
1034,200,false
1035,200,false
1036,200,false
1037,200,false
1038,200,false
1039,200,false
1040,200,false
1041,200,false
1042,200,false
1043,200,false
1044,200,false
1045,200,false
1046,200,false
1047,200,false
1048,200,false
1049,200,false
1050,200,false
1051,200,false
1052,200,false
1053,200,false
1054,200,false
1055,200,false
1056,200,false
1057,200,false
1058,200,false
1059,200,false
1060,200,false
1061,200,false
1062,200,false
1063,200,false
1064,200,false
1065,200,false
1066,200,false
1067,200,false
1068,200,false
1069,200,false
1070,200,false
1071,200,false
1072,200,false
1073,200,false
1074,200,false
1075,200,false
1076,200,false
1077,200,false
1078,200,false
1079,200,false
1080,200,false
1081,200,false
1082,200,false
1083,200,false
1084,200,false
1085,200,false
1086,200,false
1087,200,false
1088,200,false
1089,200,false
1090,200,false
1091,200,false
1092,200,false
1093,200,false
1094,200,false
1095,500,true
1096,500,true
1097,500,true
1098,500,true
1099,500,true
1100,500,true
1101,500,true
1102,500,true
1103,500,true
1104,500,true
1105,500,true
1106,500,true
1107,500,true
1108,500,true
1109,500,true
1110,500,true
1111,500,true
1112,500,true
1113,500,true
1114,500,true
1115,500,true
1116,500,true
1117,500,true
1118,500,true
1119,500,true
1120,500,true
1121,500,true
1122,500,true
1123,500,true
1124,500,true
1125,500,true
1126,500,true
1127,500,true
1128,500,true
1129,500,true
1130,500,true
1131,500,true
1132,500,true
1133,500,true
1134,500,true
1135,500,true
1136,500,true
1137,500,true
1138,500,true
1139,500,true
1140,500,true
1141,500,true
1142,500,true
1143,500,true
1144,500,true
1145,500,true
1146,500,true
1147,500,true
1148,500,true
1149,500,true
1150,500,true
1151,500,true
1152,500,true
1153,500,true
1154,500,true
1155,500,true
1156,500,true
1157,500,true
1158,500,true
1159,500,true
1160,500,true
1161,500,true
1162,500,true
1163,500,true
1164,500,true
1165,500,true
1166,500,true
1167,500,true
1168,404,true
1169,404,true
1170,404,true
1171,404,true
1172,404,true
1173,404,true
1174,404,true
1175,404,true
1176,404,true
1177,404,true
1178,404,true
1179,404,true
1180,404,true
1181,404,true
1182,404,true
1183,404,true
1184,404,true
1185,404,true
1186,404,true
1187,404,true
1188,404,true
1189,404,true
1190,404,true
1191,404,true
1192,404,true
1193,404,true
1194,404,true
1195,404,true
1196,404,true
1197,404,true
1198,404,true
1199,404,true
1200,404,true
1201,404,true
1202,404,true
1203,404,true
1204,404,true
1205,404,true
1206,404,true
1207,404,true
1208,404,true
1209,404,true
1210,404,true
1211,404,true
1212,404,true
1213,404,true
1214,404,true
1215,404,true
1216,404,true
1217,404,true
1218,404,true
1219,404,true
1220,404,true
1221,404,true
1222,404,true
1223,404,true
1224,404,true
1225,404,true
1226,404,true
1227,404,true
1228,404,true
1229,404,true
1230,404,true
1231,404,true
1232,404,true
1233,404,true
1234,404,true
1235,404,true
1236,404,true
1237,404,true
1238,404,true
1239,404,true
1240,404,true
1241,200,false
1242,200,false
1243,200,false
1244,200,false
1245,200,false
1246,200,false
1247,200,false
1248,200,false
1249,200,false
1250,200,false
1251,200,false
1252,200,false
1253,200,false
1254,200,false
1255,200,false
1256,200,false
1257,200,false
1258,200,false
1259,200,false
1260,200,false
1261,200,false
1262,200,false
1263,200,false
1264,200,false
1265,200,false
1266,200,false
1267,200,false
1268,200,false
1269,200,false
1270,200,false
1271,200,false
1272,200,false
1273,200,false
1274,200,false
1275,200,false
1276,200,false
1277,200,false
1278,200,false
1279,200,false
1280,200,false
1281,200,false
1282,200,false
1283,200,false
1284,200,false
1285,200,false
1286,200,false
1287,200,false
1288,200,false
1289,200,false
1290,200,false
1291,200,false
1292,200,false
1293,200,false
1294,200,false
1295,200,false
1296,200,false
1297,200,false
1298,200,false
1299,200,false
1300,200,false
1301,200,false
1302,200,false
1303,200,false
1304,200,false
1305,200,false
1306,200,false
1307,200,false
1308,200,false
1309,200,false
1310,200,false
1311,200,false
1312,200,false
1313,200,false
1314,500,true
1315,500,true
1316,500,true
1317,500,true
1318,500,true
1319,500,true
1320,500,true
1321,500,true
1322,500,true
1323,500,true
1324,500,true
1325,500,true
1326,500,true
1327,500,true
1328,500,true
1329,500,true
1330,500,true
1331,500,true
1332,500,true
1333,500,true
1334,500,true
1335,500,true
1336,500,true
1337,500,true
1338,500,true
1339,500,true
1340,500,true
1341,500,true
1342,500,true
1343,500,true
1344,500,true
1345,500,true
1346,500,true
1347,500,true
1348,500,true
1349,500,true
1350,500,true
1351,500,true
1352,500,true
1353,500,true
1354,500,true
1355,500,true
1356,500,true
1357,500,true
1358,500,true
1359,500,true
1360,500,true
1361,500,true
1362,500,true
1363,500,true
1364,500,true
1365,500,true
1366,500,true
1367,500,true
1368,500,true
1369,500,true
1370,500,true
1371,500,true
1372,500,true
1373,500,true
1374,500,true
1375,500,true
1376,500,true
1377,500,true
1378,500,true
1379,500,true
1380,500,true
1381,500,true
1382,500,true
1383,500,true
1384,500,true
1385,500,true
1386,500,true
1387,200,false
1388,200,false
1389,200,false
1390,200,false
1391,200,false
1392,200,false
1393,200,false
1394,200,false
1395,200,false
1396,200,false
1397,200,false
1398,200,false
1399,200,false
1400,200,false
1401,200,false
1402,200,false
1403,200,false
1404,200,false
1405,200,false
1406,200,false
1407,200,false
1408,200,false
1409,200,false
1410,200,false
1411,200,false
1412,200,false
1413,200,false
1414,200,false
1415,200,false
1416,200,false
1417,200,false
1418,200,false
1419,200,false
1420,200,false
1421,200,false
1422,200,false
1423,200,false
1424,200,false
1425,200,false
1426,200,false
1427,200,false
1428,200,false
1429,200,false
1430,200,false
1431,200,false
1432,200,false
1433,200,false
1434,200,false
1435,200,false
1436,200,false
1437,200,false
1438,200,false
1439,200,false
1440,200,false
1441,200,false
1442,200,false
1443,200,false
1444,200,false
1445,200,false
1446,200,false
1447,200,false
1448,200,false
1449,200,false
1450,200,false
1451,200,false
1452,200,false
1453,200,false
1454,200,false
1455,200,false
1456,200,false
1457,200,false
1458,200,false
1459,200,false
1460,500,true
1461,500,true
1462,500,true
1463,500,true
1464,500,true
1465,500,true
1466,500,true
1467,500,true
1468,500,true
1469,500,true
1470,500,true
1471,500,true
1472,500,true
1473,500,true
1474,500,true
1475,500,true
1476,500,true
1477,500,true
1478,500,true
1479,500,true
1480,500,true
1481,500,true
1482,500,true
1483,500,true
1484,500,true
1485,500,true
1486,500,true
1487,500,true
1488,500,true
1489,500,true
1490,500,true
1491,500,true
1492,500,true
1493,500,true
1494,500,true
1495,500,true
1496,500,true
1497,500,true
1498,500,true
1499,500,true
1500,500,true
1501,500,true
1502,500,true
1503,500,true
1504,500,true
1505,500,true
1506,500,true
1507,500,true
1508,500,true
1509,500,true
1510,500,true
1511,500,true
1512,500,true
1513,500,true
1514,500,true
1515,500,true
1516,500,true
1517,500,true
1518,500,true
1519,500,true
1520,500,true
1521,500,true
1522,500,true
1523,500,true
1524,500,true
1525,500,true
1526,500,true
1527,500,true
1528,500,true
1529,500,true
1530,500,true
1531,500,true
1532,500,true
1533,200,false
1534,200,false
1535,200,false
1536,200,false
1537,200,false
1538,200,false
1539,200,false
1540,200,false
1541,200,false
1542,200,false
1543,200,false
1544,200,false
1545,200,false
1546,200,false
1547,200,false
1548,200,false
1549,200,false
1550,200,false
1551,200,false
1552,200,false
1553,200,false
1554,200,false
1555,200,false
1556,200,false
1557,200,false
1558,200,false
1559,200,false
1560,200,false
1561,200,false
1562,200,false
1563,200,false
1564,200,false
1565,200,false
1566,200,false
1567,200,false
1568,200,false
1569,200,false
1570,200,false
1571,200,false
1572,200,false
1573,200,false
1574,200,false
1575,200,false
1576,200,false
1577,200,false
1578,200,false
1579,200,false
1580,200,false
1581,200,false
1582,200,false
1583,200,false
1584,200,false
1585,200,false
1586,200,false
1587,200,false
1588,200,false
1589,200,false
1590,200,false
1591,200,false
1592,200,false
1593,200,false
1594,200,false
1595,200,false
1596,200,false
1597,200,false
1598,200,false
1599,200,false
1600,200,false
1601,200,false
1602,200,false
1603,200,false
1604,200,false
1605,200,false
1606,200,false
1607,200,false
1608,200,false
1609,200,false
1610,200,false
1611,200,false
1612,200,false
1613,200,false
1614,200,false
1615,200,false
1616,200,false
1617,200,false
1618,200,false
1619,200,false
1620,200,false
1621,200,false
1622,200,false
1623,200,false
1624,200,false
1625,200,false
1626,200,false
1627,200,false
1628,200,false
1629,200,false
1630,200,false
1631,200,false
1632,200,false
1633,200,false
1634,200,false
1635,200,false
1636,200,false
1637,200,false
1638,200,false
1639,200,false
1640,200,false
1641,200,false
1642,200,false
1643,200,false
1644,200,false
1645,200,false
1646,200,false
1647,200,false
1648,200,false
1649,200,false
1650,200,false
1651,200,false
1652,200,false
1653,200,false
1654,200,false
1655,200,false
1656,200,false
1657,200,false
1658,200,false
1659,200,false
1660,200,false
1661,200,false
1662,200,false
1663,200,false
1664,200,false
1665,200,false
1666,200,false
1667,200,false
1668,200,false
1669,200,false
1670,200,false
1671,200,false
1672,200,false
1673,200,false
1674,200,false
1675,200,false
1676,200,false
1677,200,false
1678,200,false
1679,404,true
1680,404,true
1681,404,true
1682,404,true
1683,404,true
1684,404,true
1685,404,true
1686,404,true
1687,404,true
1688,404,true
1689,404,true
1690,404,true
1691,404,true
1692,404,true
1693,404,true
1694,404,true
1695,404,true
1696,404,true
1697,404,true
1698,404,true
1699,404,true
1700,404,true
1701,404,true
1702,404,true
1703,404,true
1704,404,true
1705,404,true
1706,404,true
1707,404,true
1708,404,true
1709,404,true
1710,404,true
1711,404,true
1712,404,true
1713,404,true
1714,404,true
1715,404,true
1716,404,true
1717,404,true
1718,404,true
1719,404,true
1720,404,true
1721,404,true
1722,404,true
1723,404,true
1724,404,true
1725,404,true
1726,404,true
1727,404,true
1728,404,true
1729,404,true
1730,404,true
1731,404,true
1732,404,true
1733,404,true
1734,404,true
1735,404,true
1736,404,true
1737,404,true
1738,404,true
1739,404,true
1740,404,true
1741,404,true
1742,404,true
1743,404,true
1744,404,true
1745,404,true
1746,404,true
1747,404,true
1748,404,true
1749,404,true
1750,404,true
1751,404,true
1752,200,false
1753,200,false
1754,200,false
1755,200,false
1756,200,false
1757,200,false
1758,200,false
1759,200,false
1760,200,false
1761,200,false
1762,200,false
1763,200,false
1764,200,false
1765,200,false
1766,200,false
1767,200,false
1768,200,false
1769,200,false
1770,200,false
1771,200,false
1772,200,false
1773,200,false
1774,200,false
1775,200,false
1776,200,false
1777,200,false
1778,200,false
1779,200,false
1780,200,false
1781,200,false
1782,200,false
1783,200,false
1784,200,false
1785,200,false
1786,200,false
1787,200,false
1788,200,false
1789,200,false
1790,200,false
1791,200,false
1792,200,false
1793,200,false
1794,200,false
1795,200,false
1796,200,false
1797,200,false
1798,200,false
1799,200,false
1800,200,false
1801,200,false
1802,200,false
1803,200,false
1804,200,false
1805,200,false
1806,200,false
1807,200,false
1808,200,false
1809,200,false
1810,200,false
1811,200,false
1812,200,false
1813,200,false
1814,200,false
1815,200,false
1816,200,false
1817,200,false
1818,200,false
1819,200,false
1820,200,false
1821,200,false
1822,200,false
1823,200,false
1824,200,false
1825,200,false
1826,200,false
1827,200,false
1828,200,false
1829,200,false
1830,200,false
1831,200,false
1832,200,false
1833,200,false
1834,200,false
1835,200,false
1836,200,false
1837,200,false
1838,200,false
1839,200,false
1840,200,false
1841,200,false
1842,200,false
1843,200,false
1844,200,false
1845,200,false
1846,200,false
1847,200,false
1848,200,false
1849,200,false
1850,200,false
1851,200,false
1852,200,false
1853,200,false
1854,200,false
1855,200,false
1856,200,false
1857,200,false
1858,200,false
1859,200,false
1860,200,false
1861,200,false
1862,200,false
1863,200,false
1864,200,false
1865,200,false
1866,200,false
1867,200,false
1868,200,false
1869,200,false
1870,200,false
1871,200,false
1872,200,false
1873,200,false
1874,200,false
1875,200,false
1876,200,false
1877,200,false
1878,200,false
1879,200,false
1880,200,false
1881,200,false
1882,200,false
1883,200,false
1884,200,false
1885,200,false
1886,200,false
1887,200,false
1888,200,false
1889,200,false
1890,200,false
1891,200,false
1892,200,false
1893,200,false
1894,200,false
1895,200,false
1896,200,false
1897,200,false
1898,200,false
1899,200,false
1900,200,false
1901,200,false
1902,200,false
1903,200,false
1904,200,false
1905,200,false
1906,200,false
1907,200,false
1908,200,false
1909,200,false
1910,200,false
1911,200,false
1912,200,false
1913,200,false
1914,200,false
1915,200,false
1916,200,false
1917,200,false
1918,200,false
1919,200,false
1920,200,false
1921,200,false
1922,200,false
1923,200,false
1924,200,false
1925,200,false
1926,200,false
1927,200,false
1928,200,false
1929,200,false
1930,200,false
1931,200,false
1932,200,false
1933,200,false
1934,200,false
1935,200,false
1936,200,false
1937,200,false
1938,200,false
1939,200,false
1940,200,false
1941,200,false
1942,200,false
1943,200,false
1944,200,false
1945,200,false
1946,200,false
1947,200,false
1948,200,false
1949,200,false
1950,200,false
1951,200,false
1952,200,false
1953,200,false
1954,200,false
1955,200,false
1956,200,false
1957,200,false
1958,200,false
1959,200,false
1960,200,false
1961,200,false
1962,200,false
1963,200,false
1964,200,false
1965,200,false
1966,200,false
1967,200,false
1968,200,false
1969,200,false
1970,200,false
1971,500,true
1972,500,true
1973,500,true
1974,500,true
1975,500,true
1976,500,true
1977,500,true
1978,500,true
1979,500,true
1980,500,true
1981,500,true
1982,500,true
1983,500,true
1984,500,true
1985,500,true
1986,500,true
1987,500,true
1988,500,true
1989,500,true
1990,500,true
1991,500,true
1992,500,true
1993,500,true
1994,500,true
1995,500,true
1996,500,true
1997,500,true
1998,500,true
1999,500,true
2000,500,true
2001,500,true
2002,500,true
2003,500,true
2004,500,true
2005,500,true
2006,500,true
2007,500,true
2008,500,true
2009,500,true
2010,500,true
2011,500,true
2012,500,true
2013,500,true
2014,500,true
2015,500,true
2016,500,true
2017,500,true
2018,500,true
2019,500,true
2020,500,true
2021,500,true
2022,500,true
2023,500,true
2024,500,true
2025,500,true
2026,500,true
2027,500,true
2028,500,true
2029,500,true
2030,500,true
2031,500,true
2032,500,true
2033,500,true
2034,500,true
2035,500,true
2036,500,true
2037,500,true
2038,500,true
2039,500,true
2040,500,true
2041,500,true
2042,500,true
2043,500,true
2044,500,true
2045,500,true
2046,500,true
2047,500,true
2048,500,true
2049,500,true
2050,500,true
2051,500,true
2052,500,true
2053,500,true
2054,500,true
2055,500,true
2056,500,true
2057,500,true
2058,500,true
2059,500,true
2060,500,true
2061,500,true
2062,500,true
2063,500,true
2064,500,true
2065,500,true
2066,500,true
2067,500,true
2068,500,true
2069,500,true
2070,500,true
2071,500,true
2072,500,true
2073,500,true
2074,500,true
2075,500,true
2076,500,true
2077,500,true
2078,500,true
2079,500,true
2080,500,true
2081,500,true
2082,500,true
2083,500,true
2084,500,true
2085,500,true
2086,500,true
2087,500,true
2088,500,true
2089,500,true
2090,500,true
2091,500,true
2092,500,true
2093,500,true
2094,500,true
2095,500,true
2096,500,true
2097,500,true
2098,500,true
2099,500,true
2100,500,true
2101,500,true
2102,500,true
2103,500,true
2104,500,true
2105,500,true
2106,500,true
2107,500,true
2108,500,true
2109,500,true
2110,500,true
2111,500,true
2112,500,true
2113,500,true
2114,500,true
2115,500,true
2116,500,true
2117,500,true
2118,500,true
2119,500,true
2120,500,true
2121,500,true
2122,500,true
2123,500,true
2124,500,true
2125,500,true
2126,500,true
2127,500,true
2128,500,true
2129,500,true
2130,500,true
2131,500,true
2132,500,true
2133,500,true
2134,500,true
2135,500,true
2136,500,true
2137,500,true
2138,500,true
2139,500,true
2140,500,true
2141,500,true
2142,500,true
2143,500,true
2144,500,true
2145,500,true
2146,500,true
2147,500,true
2148,500,true
2149,500,true
2150,500,true
2151,500,true
2152,500,true
2153,500,true
2154,500,true
2155,500,true
2156,500,true
2157,500,true
2158,500,true
2159,500,true
2160,500,true
2161,500,true
2162,500,true
2163,500,true
2164,500,true
2165,500,true
2166,500,true
2167,500,true
2168,500,true
2169,500,true
2170,500,true
2171,500,true
2172,500,true
2173,500,true
2174,500,true
2175,500,true
2176,500,true
2177,500,true
2178,500,true
2179,500,true
2180,500,true
2181,500,true
2182,500,true
2183,500,true
2184,500,true
2185,500,true
2186,500,true
2187,500,true
2188,500,true
2189,500,true
2190,200,false
2191,200,false
2192,200,false
2193,200,false
2194,200,false
2195,200,false
2196,200,false
2197,200,false
2198,200,false
2199,200,false
2200,200,false
2201,200,false
2202,200,false
2203,200,false
2204,200,false
2205,200,false
2206,200,false
2207,200,false
2208,200,false
2209,200,false
2210,200,false
2211,200,false
2212,200,false
2213,200,false
2214,200,false
2215,200,false
2216,200,false
2217,200,false
2218,200,false
2219,200,false
2220,200,false
2221,200,false
2222,200,false
2223,200,false
2224,200,false
2225,200,false
2226,200,false
2227,200,false
2228,200,false
2229,200,false
2230,200,false
2231,200,false
2232,200,false
2233,200,false
2234,200,false
2235,200,false
2236,200,false
2237,200,false
2238,200,false
2239,200,false
2240,200,false
2241,200,false
2242,200,false
2243,200,false
2244,200,false
2245,200,false
2246,200,false
2247,200,false
2248,200,false
2249,200,false
2250,200,false
2251,200,false
2252,200,false
2253,200,false
2254,200,false
2255,200,false
2256,200,false
2257,200,false
2258,200,false
2259,200,false
2260,200,false
2261,200,false
2262,200,false
2263,200,false
2264,200,false
2265,200,false
2266,200,false
2267,200,false
2268,200,false
2269,200,false
2270,200,false
2271,200,false
2272,200,false
2273,200,false
2274,200,false
2275,200,false
2276,200,false
2277,200,false
2278,200,false
2279,200,false
2280,200,false
2281,200,false
2282,200,false
2283,200,false
2284,200,false
2285,200,false
2286,200,false
2287,200,false
2288,200,false
2289,200,false
2290,200,false
2291,200,false
2292,200,false
2293,200,false
2294,200,false
2295,200,false
2296,200,false
2297,200,false
2298,200,false
2299,200,false
2300,200,false
2301,200,false
2302,200,false
2303,200,false
2304,200,false
2305,200,false
2306,200,false
2307,200,false
2308,200,false
2309,200,false
2310,200,false
2311,200,false
2312,200,false
2313,200,false
2314,200,false
2315,200,false
2316,200,false
2317,200,false
2318,200,false
2319,200,false
2320,200,false
2321,200,false
2322,200,false
2323,200,false
2324,200,false
2325,200,false
2326,200,false
2327,200,false
2328,200,false
2329,200,false
2330,200,false
2331,200,false
2332,200,false
2333,200,false
2334,200,false
2335,200,false
2336,500,true
2337,500,true
2338,500,true
2339,500,true
2340,500,true
2341,500,true
2342,500,true
2343,500,true
2344,500,true
2345,500,true
2346,500,true
2347,500,true
2348,500,true
2349,500,true
2350,500,true
2351,500,true
2352,500,true
2353,500,true
2354,500,true
2355,500,true
2356,500,true
2357,500,true
2358,500,true
2359,500,true
2360,500,true
2361,500,true
2362,500,true
2363,500,true
2364,500,true
2365,500,true
2366,500,true
2367,500,true
2368,500,true
2369,500,true
2370,500,true
2371,500,true
2372,500,true
2373,500,true
2374,500,true
2375,500,true
2376,500,true
2377,500,true
2378,500,true
2379,500,true
2380,500,true
2381,500,true
2382,500,true
2383,500,true
2384,500,true
2385,500,true
2386,500,true
2387,500,true
2388,500,true
2389,500,true
2390,500,true
2391,500,true
2392,500,true
2393,500,true
2394,500,true
2395,500,true
2396,500,true
2397,500,true
2398,500,true
2399,500,true
2400,500,true
2401,500,true
2402,500,true
2403,500,true
2404,500,true
2405,500,true
2406,500,true
2407,500,true
2408,500,true
2409,200,false
2410,200,false
2411,200,false
2412,200,false
2413,200,false
2414,200,false
2415,200,false
2416,200,false
2417,200,false
2418,200,false
2419,200,false
2420,200,false
2421,200,false
2422,200,false
2423,200,false
2424,200,false
2425,200,false
2426,200,false
2427,200,false
2428,200,false
2429,200,false
2430,200,false
2431,200,false
2432,200,false
2433,200,false
2434,200,false
2435,200,false
2436,200,false
2437,200,false
2438,200,false
2439,200,false
2440,200,false
2441,200,false
2442,200,false
2443,200,false
2444,200,false
2445,200,false
2446,200,false
2447,200,false
2448,200,false
2449,200,false
2450,200,false
2451,200,false
2452,200,false
2453,200,false
2454,200,false
2455,200,false
2456,200,false
2457,200,false
2458,200,false
2459,200,false
2460,200,false
2461,200,false
2462,200,false
2463,200,false
2464,200,false
2465,200,false
2466,200,false
2467,200,false
2468,200,false
2469,200,false
2470,200,false
2471,200,false
2472,200,false
2473,200,false
2474,200,false
2475,200,false
2476,200,false
2477,200,false
2478,200,false
2479,200,false
2480,200,false
2481,200,false
2482,200,false
2483,200,false
2484,200,false
2485,200,false
2486,200,false
2487,200,false
2488,200,false
2489,200,false
2490,200,false
2491,200,false
2492,200,false
2493,200,false
2494,200,false
2495,200,false
2496,200,false
2497,200,false
2498,200,false
2499,200,false
2500,200,false
2501,200,false
2502,200,false
2503,200,false
2504,200,false
2505,200,false
2506,200,false
2507,200,false
2508,200,false
2509,200,false
2510,200,false
2511,200,false
2512,200,false
2513,200,false
2514,200,false
2515,200,false
2516,200,false
2517,200,false
2518,200,false
2519,200,false
2520,200,false
2521,200,false
2522,200,false
2523,200,false
2524,200,false
2525,200,false
2526,200,false
2527,200,false
2528,200,false
2529,200,false
2530,200,false
2531,200,false
2532,200,false
2533,200,false
2534,200,false
2535,200,false
2536,200,false
2537,200,false
2538,200,false
2539,200,false
2540,200,false
2541,200,false
2542,200,false
2543,200,false
2544,200,false
2545,200,false
2546,200,false
2547,200,false
2548,200,false
2549,200,false
2550,200,false
2551,200,false
2552,200,false
2553,200,false
2554,200,false
2555,200,false
2556,200,false
2557,200,false
2558,200,false
2559,200,false
2560,200,false
2561,200,false
2562,200,false
2563,200,false
2564,200,false
2565,200,false
2566,200,false
2567,200,false
2568,200,false
2569,200,false
2570,200,false
2571,200,false
2572,200,false
2573,200,false
2574,200,false
2575,200,false
2576,200,false
2577,200,false
2578,200,false
2579,200,false
2580,200,false
2581,200,false
2582,200,false
2583,200,false
2584,200,false
2585,200,false
2586,200,false
2587,200,false
2588,200,false
2589,200,false
2590,200,false
2591,200,false
2592,200,false
2593,200,false
2594,200,false
2595,200,false
2596,200,false
2597,200,false
2598,200,false
2599,200,false
2600,200,false
2601,200,false
2602,200,false
2603,200,false
2604,200,false
2605,200,false
2606,200,false
2607,200,false
2608,200,false
2609,200,false
2610,200,false
2611,200,false
2612,200,false
2613,200,false
2614,200,false
2615,200,false
2616,200,false
2617,200,false
2618,200,false
2619,200,false
2620,200,false
2621,200,false
2622,200,false
2623,200,false
2624,200,false
2625,200,false
2626,200,false
2627,200,false
2628,404,true
2629,404,true
2630,404,true
2631,404,true
2632,404,true
2633,404,true
2634,404,true
2635,404,true
2636,404,true
2637,404,true
2638,404,true
2639,404,true
2640,404,true
2641,404,true
2642,404,true
2643,404,true
2644,404,true
2645,404,true
2646,404,true
2647,404,true
2648,404,true
2649,404,true
2650,404,true
2651,404,true
2652,404,true
2653,404,true
2654,404,true
2655,404,true
2656,404,true
2657,404,true
2658,404,true
2659,404,true
2660,404,true
2661,404,true
2662,404,true
2663,404,true
2664,404,true
2665,404,true
2666,404,true
2667,404,true
2668,404,true
2669,404,true
2670,404,true
2671,404,true
2672,404,true
2673,404,true
2674,404,true
2675,404,true
2676,404,true
2677,404,true
2678,404,true
2679,404,true
2680,404,true
2681,404,true
2682,404,true
2683,404,true
2684,404,true
2685,404,true
2686,404,true
2687,404,true
2688,404,true
2689,404,true
2690,404,true
2691,404,true
2692,404,true
2693,404,true
2694,404,true
2695,404,true
2696,404,true
2697,404,true
2698,404,true
2699,404,true
2700,404,true
2701,200,false
2702,200,false
2703,200,false
2704,200,false
2705,200,false
2706,200,false
2707,200,false
2708,200,false
2709,200,false
2710,200,false
2711,200,false
2712,200,false
2713,200,false
2714,200,false
2715,200,false
2716,200,false
2717,200,false
2718,200,false
2719,200,false
2720,200,false
2721,200,false
2722,200,false
2723,200,false
2724,200,false
2725,200,false
2726,200,false
2727,200,false
2728,200,false
2729,200,false
2730,200,false
2731,200,false
2732,200,false
2733,200,false
2734,200,false
2735,200,false
2736,200,false
2737,200,false
2738,200,false
2739,200,false
2740,200,false
2741,200,false
2742,200,false
2743,200,false
2744,200,false
2745,200,false
2746,200,false
2747,200,false
2748,200,false
2749,200,false
2750,200,false
2751,200,false
2752,200,false
2753,200,false
2754,200,false
2755,200,false
2756,200,false
2757,200,false
2758,200,false
2759,200,false
2760,200,false
2761,200,false
2762,200,false
2763,200,false
2764,200,false
2765,200,false
2766,200,false
2767,200,false
2768,200,false
2769,200,false
2770,200,false
2771,200,false
2772,200,false
2773,200,false
2774,500,true
2775,500,true
2776,500,true
2777,500,true
2778,500,true
2779,500,true
2780,500,true
2781,500,true
2782,500,true
2783,500,true
2784,500,true
2785,500,true
2786,500,true
2787,500,true
2788,500,true
2789,500,true
2790,500,true
2791,500,true
2792,500,true
2793,500,true
2794,500,true
2795,500,true
2796,500,true
2797,500,true
2798,500,true
2799,500,true
2800,500,true
2801,500,true
2802,500,true
2803,500,true
2804,500,true
2805,500,true
2806,500,true
2807,500,true
2808,500,true
2809,500,true
2810,500,true
2811,500,true
2812,500,true
2813,500,true
2814,500,true
2815,500,true
2816,500,true
2817,500,true
2818,500,true
2819,500,true
2820,500,true
2821,500,true
2822,500,true
2823,500,true
2824,500,true
2825,500,true
2826,500,true
2827,500,true
2828,500,true
2829,500,true
2830,500,true
2831,500,true
2832,500,true
2833,500,true
2834,500,true
2835,500,true
2836,500,true
2837,500,true
2838,500,true
2839,500,true
2840,500,true
2841,500,true
2842,500,true
2843,500,true
2844,500,true
2845,500,true
2846,500,true
2847,200,false
2848,200,false
2849,200,false
2850,200,false
2851,200,false
2852,200,false
2853,200,false
2854,200,false
2855,200,false
2856,200,false
2857,200,false
2858,200,false
2859,200,false
2860,200,false
2861,200,false
2862,200,false
2863,200,false
2864,200,false
2865,200,false
2866,200,false
2867,200,false
2868,200,false
2869,200,false
2870,200,false
2871,200,false
2872,200,false
2873,200,false
2874,200,false
2875,200,false
2876,200,false
2877,200,false
2878,200,false
2879,200,false
2880,200,false
2881,200,false
2882,200,false
2883,200,false
2884,200,false
2885,200,false
2886,200,false
2887,200,false
2888,200,false
2889,200,false
2890,200,false
2891,200,false
2892,200,false
2893,200,false
2894,200,false
2895,200,false
2896,200,false
2897,200,false
2898,200,false
2899,200,false
2900,200,false
2901,200,false
2902,200,false
2903,200,false
2904,200,false
2905,200,false
2906,200,false
2907,200,false
2908,200,false
2909,200,false
2910,200,false
2911,200,false
2912,200,false
2913,200,false
2914,200,false
2915,200,false
2916,200,false
2917,200,false
2918,200,false
2919,200,false
2920,200,false
2921,200,false
2922,200,false
2923,200,false
2924,200,false
2925,200,false
2926,200,false
2927,200,false
2928,200,false
2929,200,false
2930,200,false
2931,200,false
2932,200,false
2933,200,false
2934,200,false
2935,200,false
2936,200,false
2937,200,false
2938,200,false
2939,200,false
2940,200,false
2941,200,false
2942,200,false
2943,200,false
2944,200,false
2945,200,false
2946,200,false
2947,200,false
2948,200,false
2949,200,false
2950,200,false
2951,200,false
2952,200,false
2953,200,false
2954,200,false
2955,200,false
2956,200,false
2957,200,false
2958,200,false
2959,200,false
2960,200,false
2961,200,false
2962,200,false
2963,200,false
2964,200,false
2965,200,false
2966,200,false
2967,200,false
2968,200,false
2969,200,false
2970,200,false
2971,200,false
2972,200,false
2973,200,false
2974,200,false
2975,200,false
2976,200,false
2977,200,false
2978,200,false
2979,200,false
2980,200,false
2981,200,false
2982,200,false
2983,200,false
2984,200,false
2985,200,false
2986,200,false
2987,200,false
2988,200,false
2989,200,false
2990,200,false
2991,200,false
2992,200,false
2993,200,false
2994,200,false
2995,200,false
2996,200,false
2997,200,false
2998,200,false
2999,200,false
3000,200,false
3001,200,false
3002,200,false
3003,200,false
3004,200,false
3005,200,false
3006,200,false
3007,200,false
3008,200,false
3009,200,false
3010,200,false
3011,200,false
3012,200,false
3013,200,false
3014,200,false
3015,200,false
3016,200,false
3017,200,false
3018,200,false
3019,200,false
3020,200,false
3021,200,false
3022,200,false
3023,200,false
3024,200,false
3025,200,false
3026,200,false
3027,200,false
3028,200,false
3029,200,false
3030,200,false
3031,200,false
3032,200,false
3033,200,false
3034,200,false
3035,200,false
3036,200,false
3037,200,false
3038,200,false
3039,200,false
3040,200,false
3041,200,false
3042,200,false
3043,200,false
3044,200,false
3045,200,false
3046,200,false
3047,200,false
3048,200,false
3049,200,false
3050,200,false
3051,200,false
3052,200,false
3053,200,false
3054,200,false
3055,200,false
3056,200,false
3057,200,false
3058,200,false
3059,200,false
3060,200,false
3061,200,false
3062,200,false
3063,200,false
3064,200,false
3065,200,false
3066,200,false
3067,200,false
3068,200,false
3069,200,false
3070,200,false
3071,200,false
3072,200,false
3073,200,false
3074,200,false
3075,200,false
3076,200,false
3077,200,false
3078,200,false
3079,200,false
3080,200,false
3081,200,false
3082,200,false
3083,200,false
3084,200,false
3085,200,false
3086,200,false
3087,200,false
3088,200,false
3089,200,false
3090,200,false
3091,200,false
3092,200,false
3093,200,false
3094,200,false
3095,200,false
3096,200,false
3097,200,false
3098,200,false
3099,200,false
3100,200,false
3101,200,false
3102,200,false
3103,200,false
3104,200,false
3105,200,false
3106,200,false
3107,200,false
3108,200,false
3109,200,false
3110,200,false
3111,200,false
3112,200,false
3113,200,false
3114,200,false
3115,200,false
3116,200,false
3117,200,false
3118,200,false
3119,200,false
3120,200,false
3121,200,false
3122,200,false
3123,200,false
3124,200,false
3125,200,false
3126,200,false
3127,200,false
3128,200,false
3129,200,false
3130,200,false
3131,200,false
3132,200,false
3133,200,false
3134,200,false
3135,200,false
3136,200,false
3137,200,false
3138,200,false
3139,404,true
3140,404,true
3141,404,true
3142,404,true
3143,404,true
3144,404,true
3145,404,true
3146,404,true
3147,404,true
3148,404,true
3149,404,true
3150,404,true
3151,404,true
3152,404,true
3153,404,true
3154,404,true
3155,404,true
3156,404,true
3157,404,true
3158,404,true
3159,404,true
3160,404,true
3161,404,true
3162,404,true
3163,404,true
3164,404,true
3165,404,true
3166,404,true
3167,404,true
3168,404,true
3169,404,true
3170,404,true
3171,404,true
3172,404,true
3173,404,true
3174,404,true
3175,404,true
3176,404,true
3177,404,true
3178,404,true
3179,404,true
3180,404,true
3181,404,true
3182,404,true
3183,404,true
3184,404,true
3185,404,true
3186,404,true
3187,404,true
3188,404,true
3189,404,true
3190,404,true
3191,404,true
3192,404,true
3193,404,true
3194,404,true
3195,404,true
3196,404,true
3197,404,true
3198,404,true
3199,404,true
3200,404,true
3201,404,true
3202,404,true
3203,404,true
3204,404,true
3205,404,true
3206,404,true
3207,404,true
3208,404,true
3209,404,true
3210,404,true
3211,404,true
3212,200,false
3213,200,false
3214,200,false
3215,200,false
3216,200,false
3217,200,false
3218,200,false
3219,200,false
3220,200,false
3221,200,false
3222,200,false
3223,200,false
3224,200,false
3225,200,false
3226,200,false
3227,200,false
3228,200,false
3229,200,false
3230,200,false
3231,200,false
3232,200,false
3233,200,false
3234,200,false
3235,200,false
3236,200,false
3237,200,false
3238,200,false
3239,200,false
3240,200,false
3241,200,false
3242,200,false
3243,200,false
3244,200,false
3245,200,false
3246,200,false
3247,200,false
3248,200,false
3249,200,false
3250,200,false
3251,200,false
3252,200,false
3253,200,false
3254,200,false
3255,200,false
3256,200,false
3257,200,false
3258,200,false
3259,200,false
3260,200,false
3261,200,false
3262,200,false
3263,200,false
3264,200,false
3265,200,false
3266,200,false
3267,200,false
3268,200,false
3269,200,false
3270,200,false
3271,200,false
3272,200,false
3273,200,false
3274,200,false
3275,200,false
3276,200,false
3277,200,false
3278,200,false
3279,200,false
3280,200,false
3281,200,false
3282,200,false
3283,200,false
3284,200,false
3285,200,false
3286,200,false
3287,200,false
3288,200,false
3289,200,false
3290,200,false
3291,200,false
3292,200,false
3293,200,false
3294,200,false
3295,200,false
3296,200,false
3297,200,false
3298,200,false
3299,200,false
3300,200,false
3301,200,false
3302,200,false
3303,200,false
3304,200,false
3305,200,false
3306,200,false
3307,200,false
3308,200,false
3309,200,false
3310,200,false
3311,200,false
3312,200,false
3313,200,false
3314,200,false
3315,200,false
3316,200,false
3317,200,false
3318,200,false
3319,200,false
3320,200,false
3321,200,false
3322,200,false
3323,200,false
3324,200,false
3325,200,false
3326,200,false
3327,200,false
3328,200,false
3329,200,false
3330,200,false
3331,200,false
3332,200,false
3333,200,false
3334,200,false
3335,200,false
3336,200,false
3337,200,false
3338,200,false
3339,200,false
3340,200,false
3341,200,false
3342,200,false
3343,200,false
3344,200,false
3345,200,false
3346,200,false
3347,200,false
3348,200,false
3349,200,false
3350,200,false
3351,200,false
3352,200,false
3353,200,false
3354,200,false
3355,200,false
3356,200,false
3357,200,false
3358,500,true
3359,500,true
3360,500,true
3361,500,true
3362,500,true
3363,500,true
3364,500,true
3365,500,true
3366,500,true
3367,500,true
3368,500,true
3369,500,true
3370,500,true
3371,500,true
3372,500,true
3373,500,true
3374,500,true
3375,500,true
3376,500,true
3377,500,true
3378,500,true
3379,500,true
3380,500,true
3381,500,true
3382,500,true
3383,500,true
3384,500,true
3385,500,true
3386,500,true
3387,500,true
3388,500,true
3389,500,true
3390,500,true
3391,500,true
3392,500,true
3393,500,true
3394,500,true
3395,500,true
3396,500,true
3397,500,true
3398,500,true
3399,500,true
3400,500,true
3401,500,true
3402,500,true
3403,500,true
3404,500,true
3405,500,true
3406,500,true
3407,500,true
3408,500,true
3409,500,true
3410,500,true
3411,500,true
3412,500,true
3413,500,true
3414,500,true
3415,500,true
3416,500,true
3417,500,true
3418,500,true
3419,500,true
3420,500,true
3421,500,true
3422,500,true
3423,500,true
3424,500,true
3425,500,true
3426,500,true
3427,500,true
3428,500,true
3429,500,true
3430,500,true
3431,200,false
3432,200,false
3433,200,false
3434,200,false
3435,200,false
3436,200,false
3437,200,false
3438,200,false
3439,200,false
3440,200,false
3441,200,false
3442,200,false
3443,200,false
3444,200,false
3445,200,false
3446,200,false
3447,200,false
3448,200,false
3449,200,false
3450,200,false
3451,200,false
3452,200,false
3453,200,false
3454,200,false
3455,200,false
3456,200,false
3457,200,false
3458,200,false
3459,200,false
3460,200,false
3461,200,false
3462,200,false
3463,200,false
3464,200,false
3465,200,false
3466,200,false
3467,200,false
3468,200,false
3469,200,false
3470,200,false
3471,200,false
3472,200,false
3473,200,false
3474,200,false
3475,200,false
3476,200,false
3477,200,false
3478,200,false
3479,200,false
3480,200,false
3481,200,false
3482,200,false
3483,200,false
3484,200,false
3485,200,false
3486,200,false
3487,200,false
3488,200,false
3489,200,false
3490,200,false
3491,200,false
3492,200,false
3493,200,false
3494,200,false
3495,200,false
3496,200,false
3497,200,false
3498,200,false
3499,200,false
3500,200,false
3501,200,false
3502,200,false
3503,200,false
3504,404,true
3505,404,true
3506,404,true
3507,404,true
3508,404,true
3509,404,true
3510,404,true
3511,404,true
3512,404,true
3513,404,true
3514,404,true
3515,404,true
3516,404,true
3517,404,true
3518,404,true
3519,404,true
3520,404,true
3521,404,true
3522,404,true
3523,404,true
3524,404,true
3525,404,true
3526,404,true
3527,404,true
3528,404,true
3529,404,true
3530,404,true
3531,404,true
3532,404,true
3533,404,true
3534,404,true
3535,404,true
3536,404,true
3537,404,true
3538,404,true
3539,404,true
3540,404,true
3541,404,true
3542,404,true
3543,404,true
3544,404,true
3545,404,true
3546,404,true
3547,404,true
3548,404,true
3549,404,true
3550,404,true
3551,404,true
3552,404,true
3553,404,true
3554,404,true
3555,404,true
3556,404,true
3557,404,true
3558,404,true
3559,404,true
3560,404,true
3561,404,true
3562,404,true
3563,404,true
3564,404,true
3565,404,true
3566,404,true
3567,404,true
3568,404,true
3569,404,true
3570,404,true
3571,404,true
3572,404,true
3573,404,true
3574,404,true
3575,404,true
3576,404,true
3577,200,false
3578,200,false
3579,200,false
3580,200,false
3581,200,false
3582,200,false
3583,200,false
3584,200,false
3585,200,false
3586,200,false
3587,200,false
3588,200,false
3589,200,false
3590,200,false
3591,200,false
3592,200,false
3593,200,false
3594,200,false
3595,200,false
3596,200,false
3597,200,false
3598,200,false
3599,200,false
3600,200,false
3601,200,false
3602,200,false
3603,200,false
3604,200,false
3605,200,false
3606,200,false
3607,200,false
3608,200,false
3609,200,false
3610,200,false
3611,200,false
3612,200,false
3613,200,false
3614,200,false
3615,200,false
3616,200,false
3617,200,false
3618,200,false
3619,200,false
3620,200,false
3621,200,false
3622,200,false
3623,200,false
3624,200,false
3625,200,false
3626,200,false
3627,200,false
3628,200,false
3629,200,false
3630,200,false
3631,200,false
3632,200,false
3633,200,false
3634,200,false
3635,200,false
3636,200,false
3637,200,false
3638,200,false
3639,200,false
3640,200,false
3641,200,false
3642,200,false
3643,200,false
3644,200,false
3645,200,false
3646,200,false
3647,200,false
3648,200,false
3649,200,false
3650,500,true
3651,500,true
3652,500,true
3653,500,true
3654,500,true
3655,500,true
3656,500,true
3657,500,true
3658,500,true
3659,500,true
3660,500,true
3661,500,true
3662,500,true
3663,500,true
3664,500,true
3665,500,true
3666,500,true
3667,500,true
3668,500,true
3669,500,true
3670,500,true
3671,500,true
3672,500,true
3673,500,true
3674,500,true
3675,500,true
3676,500,true
3677,500,true
3678,500,true
3679,500,true
3680,500,true
3681,500,true
3682,500,true
3683,500,true
3684,500,true
3685,500,true
3686,500,true
3687,500,true
3688,500,true
3689,500,true
3690,500,true
3691,500,true
3692,500,true
3693,500,true
3694,500,true
3695,500,true
3696,500,true
3697,500,true
3698,500,true
3699,500,true
3700,500,true
3701,500,true
3702,500,true
3703,500,true
3704,500,true
3705,500,true
3706,500,true
3707,500,true
3708,500,true
3709,500,true
3710,500,true
3711,500,true
3712,500,true
3713,500,true
3714,500,true
3715,500,true
3716,500,true
3717,500,true
3718,500,true
3719,500,true
3720,500,true
3721,500,true
3722,500,true
3723,200,false
3724,200,false
3725,200,false
3726,200,false
3727,200,false
3728,200,false
3729,200,false
3730,200,false
3731,200,false
3732,200,false
3733,200,false
3734,200,false
3735,200,false
3736,200,false
3737,200,false
3738,200,false
3739,200,false
3740,200,false
3741,200,false
3742,200,false
3743,200,false
3744,200,false
3745,200,false
3746,200,false
3747,200,false
3748,200,false
3749,200,false
3750,200,false
3751,200,false
3752,200,false
3753,200,false
3754,200,false
3755,200,false
3756,200,false
3757,200,false
3758,200,false
3759,200,false
3760,200,false
3761,200,false
3762,200,false
3763,200,false
3764,200,false
3765,200,false
3766,200,false
3767,200,false
3768,200,false
3769,200,false
3770,200,false
3771,200,false
3772,200,false
3773,200,false
3774,200,false
3775,200,false
3776,200,false
3777,200,false
3778,200,false
3779,200,false
3780,200,false
3781,200,false
3782,200,false
3783,200,false
3784,200,false
3785,200,false
3786,200,false
3787,200,false
3788,200,false
3789,200,false
3790,200,false
3791,200,false
3792,200,false
3793,200,false
3794,200,false
3795,200,false
3796,500,true
3797,500,true
3798,500,true
3799,500,true
3800,500,true
3801,500,true
3802,500,true
3803,500,true
3804,500,true
3805,500,true
3806,500,true
3807,500,true
3808,500,true
3809,500,true
3810,500,true
3811,500,true
3812,500,true
3813,500,true
3814,500,true
3815,500,true
3816,500,true
3817,500,true
3818,500,true
3819,500,true
3820,500,true
3821,500,true
3822,500,true
3823,500,true
3824,500,true
3825,500,true
3826,500,true
3827,500,true
3828,500,true
3829,500,true
3830,500,true
3831,500,true
3832,500,true
3833,500,true
3834,500,true
3835,500,true
3836,500,true
3837,500,true
3838,500,true
3839,500,true
3840,500,true
3841,500,true
3842,500,true
3843,500,true
3844,500,true
3845,500,true
3846,500,true
3847,500,true
3848,500,true
3849,500,true
3850,500,true
3851,500,true
3852,500,true
3853,500,true
3854,500,true
3855,500,true
3856,500,true
3857,500,true
3858,500,true
3859,500,true
3860,500,true
3861,500,true
3862,500,true
3863,500,true
3864,500,true
3865,500,true
3866,500,true
3867,500,true
3868,500,true
3869,404,true
3870,404,true
3871,404,true
3872,404,true
3873,404,true
3874,404,true
3875,404,true
3876,404,true
3877,404,true
3878,404,true
3879,404,true
3880,404,true
3881,404,true
3882,404,true
3883,404,true
3884,404,true
3885,404,true
3886,404,true
3887,404,true
3888,404,true
3889,404,true
3890,404,true
3891,404,true
3892,404,true
3893,404,true
3894,404,true
3895,404,true
3896,404,true
3897,404,true
3898,404,true
3899,404,true
3900,404,true
3901,404,true
3902,404,true
3903,404,true
3904,404,true
3905,404,true
3906,404,true
3907,404,true
3908,404,true
3909,404,true
3910,404,true
3911,404,true
3912,404,true
3913,404,true
3914,404,true
3915,404,true
3916,404,true
3917,404,true
3918,404,true
3919,404,true
3920,404,true
3921,404,true
3922,404,true
3923,404,true
3924,404,true
3925,404,true
3926,404,true
3927,404,true
3928,404,true
3929,404,true
3930,404,true
3931,404,true
3932,404,true
3933,404,true
3934,404,true
3935,404,true
3936,404,true
3937,404,true
3938,404,true
3939,404,true
3940,404,true
3941,404,true
3942,404,true
3943,404,true
3944,404,true
3945,404,true
3946,404,true
3947,404,true
3948,404,true
3949,404,true
3950,404,true
3951,404,true
3952,404,true
3953,404,true
3954,404,true
3955,404,true
3956,404,true
3957,404,true
3958,404,true
3959,404,true
3960,404,true
3961,404,true
3962,404,true
3963,404,true
3964,404,true
3965,404,true
3966,404,true
3967,404,true
3968,404,true
3969,404,true
3970,404,true
3971,404,true
3972,404,true
3973,404,true
3974,404,true
3975,404,true
3976,404,true
3977,404,true
3978,404,true
3979,404,true
3980,404,true
3981,404,true
3982,404,true
3983,404,true
3984,404,true
3985,404,true
3986,404,true
3987,404,true
3988,404,true
3989,404,true
3990,404,true
3991,404,true
3992,404,true
3993,404,true
3994,404,true
3995,404,true
3996,404,true
3997,404,true
3998,404,true
3999,404,true
4000,404,true
4001,404,true
4002,404,true
4003,404,true
4004,404,true
4005,404,true
4006,404,true
4007,404,true
4008,404,true
4009,404,true
4010,404,true
4011,404,true
4012,404,true
4013,404,true
4014,404,true
4015,200,false
4016,200,false
4017,200,false
4018,200,false
4019,200,false
4020,200,false
4021,200,false
4022,200,false
4023,200,false
4024,200,false
4025,200,false
4026,200,false
4027,200,false
4028,200,false
4029,200,false
4030,200,false
4031,200,false
4032,200,false
4033,200,false
4034,200,false
4035,200,false
4036,200,false
4037,200,false
4038,200,false
4039,200,false
4040,200,false
4041,200,false
4042,200,false
4043,200,false
4044,200,false
4045,200,false
4046,200,false
4047,200,false
4048,200,false
4049,200,false
4050,200,false
4051,200,false
4052,200,false
4053,200,false
4054,200,false
4055,200,false
4056,200,false
4057,200,false
4058,200,false
4059,200,false
4060,200,false
4061,200,false
4062,200,false
4063,200,false
4064,200,false
4065,200,false
4066,200,false
4067,200,false
4068,200,false
4069,200,false
4070,200,false
4071,200,false
4072,200,false
4073,200,false
4074,200,false
4075,200,false
4076,200,false
4077,200,false
4078,200,false
4079,200,false
4080,200,false
4081,200,false
4082,200,false
4083,200,false
4084,200,false
4085,200,false
4086,200,false
4087,200,false
4088,200,false
4089,200,false
4090,200,false
4091,200,false
4092,200,false
4093,200,false
4094,200,false
4095,200,false
4096,200,false
4097,200,false
4098,200,false
4099,200,false
4100,200,false
4101,200,false
4102,200,false
4103,200,false
4104,200,false
4105,200,false
4106,200,false
4107,200,false
4108,200,false
4109,200,false
4110,200,false
4111,200,false
4112,200,false
4113,200,false
4114,200,false
4115,200,false
4116,200,false
4117,200,false
4118,200,false
4119,200,false
4120,200,false
4121,200,false
4122,200,false
4123,200,false
4124,200,false
4125,200,false
4126,200,false
4127,200,false
4128,200,false
4129,200,false
4130,200,false
4131,200,false
4132,200,false
4133,200,false
4134,200,false
4135,200,false
4136,200,false
4137,200,false
4138,200,false
4139,200,false
4140,200,false
4141,200,false
4142,200,false
4143,200,false
4144,200,false
4145,200,false
4146,200,false
4147,200,false
4148,200,false
4149,200,false
4150,200,false
4151,200,false
4152,200,false
4153,200,false
4154,200,false
4155,200,false
4156,200,false
4157,200,false
4158,200,false
4159,200,false
4160,200,false
4161,500,true
4162,500,true
4163,500,true
4164,500,true
4165,500,true
4166,500,true
4167,500,true
4168,500,true
4169,500,true
4170,500,true
4171,500,true
4172,500,true
4173,500,true
4174,500,true
4175,500,true
4176,500,true
4177,500,true
4178,500,true
4179,500,true
4180,500,true
4181,500,true
4182,500,true
4183,500,true
4184,500,true
4185,500,true
4186,500,true
4187,500,true
4188,500,true
4189,500,true
4190,500,true
4191,500,true
4192,500,true
4193,500,true
4194,500,true
4195,500,true
4196,500,true
4197,500,true
4198,500,true
4199,500,true
4200,500,true
4201,500,true
4202,500,true
4203,500,true
4204,500,true
4205,500,true
4206,500,true
4207,500,true
4208,500,true
4209,500,true
4210,500,true
4211,500,true
4212,500,true
4213,500,true
4214,500,true
4215,500,true
4216,500,true
4217,500,true
4218,500,true
4219,500,true
4220,500,true
4221,500,true
4222,500,true
4223,500,true
4224,500,true
4225,500,true
4226,500,true
4227,500,true
4228,500,true
4229,500,true
4230,500,true
4231,500,true
4232,500,true
4233,500,true
4234,200,false
4235,200,false
4236,200,false
4237,200,false
4238,200,false
4239,200,false
4240,200,false
4241,200,false
4242,200,false
4243,200,false
4244,200,false
4245,200,false
4246,200,false
4247,200,false
4248,200,false
4249,200,false
4250,200,false
4251,200,false
4252,200,false
4253,200,false
4254,200,false
4255,200,false
4256,200,false
4257,200,false
4258,200,false
4259,200,false
4260,200,false
4261,200,false
4262,200,false
4263,200,false
4264,200,false
4265,200,false
4266,200,false
4267,200,false
4268,200,false
4269,200,false
4270,200,false
4271,200,false
4272,200,false
4273,200,false
4274,200,false
4275,200,false
4276,200,false
4277,200,false
4278,200,false
4279,200,false
4280,200,false
4281,200,false
4282,200,false
4283,200,false
4284,200,false
4285,200,false
4286,200,false
4287,200,false
4288,200,false
4289,200,false
4290,200,false
4291,200,false
4292,200,false
4293,200,false
4294,200,false
4295,200,false
4296,200,false
4297,200,false
4298,200,false
4299,200,false
4300,200,false
4301,200,false
4302,200,false
4303,200,false
4304,200,false
4305,200,false
4306,200,false
4307,404,true
4308,404,true
4309,404,true
4310,404,true
4311,404,true
4312,404,true
4313,404,true
4314,404,true
4315,404,true
4316,404,true
4317,404,true
4318,404,true
4319,404,true
4320,404,true
4321,404,true
4322,404,true
4323,404,true
4324,404,true
4325,404,true
4326,404,true
4327,404,true
4328,404,true
4329,404,true
4330,404,true
4331,404,true
4332,404,true
4333,404,true
4334,404,true
4335,404,true
4336,404,true
4337,404,true
4338,404,true
4339,404,true
4340,404,true
4341,404,true
4342,404,true
4343,404,true
4344,404,true
4345,404,true
4346,404,true
4347,404,true
4348,404,true
4349,404,true
4350,404,true
4351,404,true
4352,404,true
4353,404,true
4354,404,true
4355,404,true
4356,404,true
4357,404,true
4358,404,true
4359,404,true
4360,404,true
4361,404,true
4362,404,true
4363,404,true
4364,404,true
4365,404,true
4366,404,true
4367,404,true
4368,404,true
4369,404,true
4370,404,true
4371,404,true
4372,404,true
4373,404,true
4374,404,true
4375,404,true
4376,404,true
4377,404,true
4378,404,true
4379,404,true
4380,500,true
4381,500,true
4382,500,true
4383,500,true
4384,500,true
4385,500,true
4386,500,true
4387,500,true
4388,500,true
4389,500,true
4390,500,true
4391,500,true
4392,500,true
4393,500,true
4394,500,true
4395,500,true
4396,500,true
4397,500,true
4398,500,true
4399,500,true
4400,500,true
4401,500,true
4402,500,true
4403,500,true
4404,500,true
4405,500,true
4406,500,true
4407,500,true
4408,500,true
4409,500,true
4410,500,true
4411,500,true
4412,500,true
4413,500,true
4414,500,true
4415,500,true
4416,500,true
4417,500,true
4418,500,true
4419,500,true
4420,500,true
4421,500,true
4422,500,true
4423,500,true
4424,500,true
4425,500,true
4426,500,true
4427,500,true
4428,500,true
4429,500,true
4430,500,true
4431,500,true
4432,500,true
4433,500,true
4434,500,true
4435,500,true
4436,500,true
4437,500,true
4438,500,true
4439,500,true
4440,500,true
4441,500,true
4442,500,true
4443,500,true
4444,500,true
4445,500,true
4446,500,true
4447,500,true
4448,500,true
4449,500,true
4450,500,true
4451,500,true
4452,500,true
4453,200,false
4454,200,false
4455,200,false
4456,200,false
4457,200,false
4458,200,false
4459,200,false
4460,200,false
4461,200,false
4462,200,false
4463,200,false
4464,200,false
4465,200,false
4466,200,false
4467,200,false
4468,200,false
4469,200,false
4470,200,false
4471,200,false
4472,200,false
4473,200,false
4474,200,false
4475,200,false
4476,200,false
4477,200,false
4478,200,false
4479,200,false
4480,200,false
4481,200,false
4482,200,false
4483,200,false
4484,200,false
4485,200,false
4486,200,false
4487,200,false
4488,200,false
4489,200,false
4490,200,false
4491,200,false
4492,200,false
4493,200,false
4494,200,false
4495,200,false
4496,200,false
4497,200,false
4498,200,false
4499,200,false
4500,200,false
4501,200,false
4502,200,false
4503,200,false
4504,200,false
4505,200,false
4506,200,false
4507,200,false
4508,200,false
4509,200,false
4510,200,false
4511,200,false
4512,200,false
4513,200,false
4514,200,false
4515,200,false
4516,200,false
4517,200,false
4518,200,false
4519,200,false
4520,200,false
4521,200,false
4522,200,false
4523,200,false
4524,200,false
4525,200,false
4526,200,false
4527,200,false
4528,200,false
4529,200,false
4530,200,false
4531,200,false
4532,200,false
4533,200,false
4534,200,false
4535,200,false
4536,200,false
4537,200,false
4538,200,false
4539,200,false
4540,200,false
4541,200,false
4542,200,false
4543,200,false
4544,200,false
4545,200,false
4546,200,false
4547,200,false
4548,200,false
4549,200,false
4550,200,false
4551,200,false
4552,200,false
4553,200,false
4554,200,false
4555,200,false
4556,200,false
4557,200,false
4558,200,false
4559,200,false
4560,200,false
4561,200,false
4562,200,false
4563,200,false
4564,200,false
4565,200,false
4566,200,false
4567,200,false
4568,200,false
4569,200,false
4570,200,false
4571,200,false
4572,200,false
4573,200,false
4574,200,false
4575,200,false
4576,200,false
4577,200,false
4578,200,false
4579,200,false
4580,200,false
4581,200,false
4582,200,false
4583,200,false
4584,200,false
4585,200,false
4586,200,false
4587,200,false
4588,200,false
4589,200,false
4590,200,false
4591,200,false
4592,200,false
4593,200,false
4594,200,false
4595,200,false
4596,200,false
4597,200,false
4598,200,false
4599,500,true
4600,500,true
4601,500,true
4602,500,true
4603,500,true
4604,500,true
4605,500,true
4606,500,true
4607,500,true
4608,500,true
4609,500,true
4610,500,true
4611,500,true
4612,500,true
4613,500,true
4614,500,true
4615,500,true
4616,500,true
4617,500,true
4618,500,true
4619,500,true
4620,500,true
4621,500,true
4622,500,true
4623,500,true
4624,500,true
4625,500,true
4626,500,true
4627,500,true
4628,500,true
4629,500,true
4630,500,true
4631,500,true
4632,500,true
4633,500,true
4634,500,true
4635,500,true
4636,500,true
4637,500,true
4638,500,true
4639,500,true
4640,500,true
4641,500,true
4642,500,true
4643,500,true
4644,500,true
4645,500,true
4646,500,true
4647,500,true
4648,500,true
4649,500,true
4650,500,true
4651,500,true
4652,500,true
4653,500,true
4654,500,true
4655,500,true
4656,500,true
4657,500,true
4658,500,true
4659,500,true
4660,500,true
4661,500,true
4662,500,true
4663,500,true
4664,500,true
4665,500,true
4666,500,true
4667,500,true
4668,500,true
4669,500,true
4670,500,true
4671,500,true
4672,500,true
4673,500,true
4674,500,true
4675,500,true
4676,500,true
4677,500,true
4678,500,true
4679,500,true
4680,500,true
4681,500,true
4682,500,true
4683,500,true
4684,500,true
4685,500,true
4686,500,true
4687,500,true
4688,500,true
4689,500,true
4690,500,true
4691,500,true
4692,500,true
4693,500,true
4694,500,true
4695,500,true
4696,500,true
4697,500,true
4698,500,true
4699,500,true
4700,500,true
4701,500,true
4702,500,true
4703,500,true
4704,500,true
4705,500,true
4706,500,true
4707,500,true
4708,500,true
4709,500,true
4710,500,true
4711,500,true
4712,500,true
4713,500,true
4714,500,true
4715,500,true
4716,500,true
4717,500,true
4718,500,true
4719,500,true
4720,500,true
4721,500,true
4722,500,true
4723,500,true
4724,500,true
4725,500,true
4726,500,true
4727,500,true
4728,500,true
4729,500,true
4730,500,true
4731,500,true
4732,500,true
4733,500,true
4734,500,true
4735,500,true
4736,500,true
4737,500,true
4738,500,true
4739,500,true
4740,500,true
4741,500,true
4742,500,true
4743,500,true
4744,500,true
4745,500,true
4746,500,true
4747,500,true
4748,500,true
4749,500,true
4750,500,true
4751,500,true
4752,500,true
4753,500,true
4754,500,true
4755,500,true
4756,500,true
4757,500,true
4758,500,true
4759,500,true
4760,500,true
4761,500,true
4762,500,true
4763,500,true
4764,500,true
4765,500,true
4766,500,true
4767,500,true
4768,500,true
4769,500,true
4770,500,true
4771,500,true
4772,500,true
4773,500,true
4774,500,true
4775,500,true
4776,500,true
4777,500,true
4778,500,true
4779,500,true
4780,500,true
4781,500,true
4782,500,true
4783,500,true
4784,500,true
4785,500,true
4786,500,true
4787,500,true
4788,500,true
4789,500,true
4790,500,true
4791,500,true
4792,500,true
4793,500,true
4794,500,true
4795,500,true
4796,500,true
4797,500,true
4798,500,true
4799,500,true
4800,500,true
4801,500,true
4802,500,true
4803,500,true
4804,500,true
4805,500,true
4806,500,true
4807,500,true
4808,500,true
4809,500,true
4810,500,true
4811,500,true
4812,500,true
4813,500,true
4814,500,true
4815,500,true
4816,500,true
4817,500,true
4818,500,true
4819,500,true
4820,500,true
4821,500,true
4822,500,true
4823,500,true
4824,500,true
4825,500,true
4826,500,true
4827,500,true
4828,500,true
4829,500,true
4830,500,true
4831,500,true
4832,500,true
4833,500,true
4834,500,true
4835,500,true
4836,500,true
4837,500,true
4838,500,true
4839,500,true
4840,500,true
4841,500,true
4842,500,true
4843,500,true
4844,500,true
4845,500,true
4846,500,true
4847,500,true
4848,500,true
4849,500,true
4850,500,true
4851,500,true
4852,500,true
4853,500,true
4854,500,true
4855,500,true
4856,500,true
4857,500,true
4858,500,true
4859,500,true
4860,500,true
4861,500,true
4862,500,true
4863,500,true
4864,500,true
4865,500,true
4866,500,true
4867,500,true
4868,500,true
4869,500,true
4870,500,true
4871,500,true
4872,500,true
4873,500,true
4874,500,true
4875,500,true
4876,500,true
4877,500,true
4878,500,true
4879,500,true
4880,500,true
4881,500,true
4882,500,true
4883,500,true
4884,500,true
4885,500,true
4886,500,true
4887,500,true
4888,500,true
4889,500,true
4890,500,true
4891,500,true
4892,500,true
4893,500,true
4894,500,true
4895,500,true
4896,500,true
4897,500,true
4898,500,true
4899,500,true
4900,500,true
4901,500,true
4902,500,true
4903,500,true
4904,500,true
4905,500,true
4906,500,true
4907,500,true
4908,500,true
4909,500,true
4910,500,true
4911,500,true
4912,500,true
4913,500,true
4914,500,true
4915,500,true
4916,500,true
4917,500,true
4918,500,true
4919,500,true
4920,500,true
4921,500,true
4922,500,true
4923,500,true
4924,500,true
4925,500,true
4926,500,true
4927,500,true
4928,500,true
4929,500,true
4930,500,true
4931,500,true
4932,500,true
4933,500,true
4934,500,true
4935,500,true
4936,500,true
4937,500,true
4938,500,true
4939,500,true
4940,500,true
4941,500,true
4942,500,true
4943,500,true
4944,500,true
4945,500,true
4946,500,true
4947,500,true
4948,500,true
4949,500,true
4950,500,true
4951,500,true
4952,500,true
4953,500,true
4954,500,true
4955,500,true
4956,500,true
4957,500,true
4958,500,true
4959,500,true
4960,500,true
4961,500,true
4962,500,true
4963,500,true
4964,404,true
4965,404,true
4966,404,true
4967,404,true
4968,404,true
4969,404,true
4970,404,true
4971,404,true
4972,404,true
4973,404,true
4974,404,true
4975,404,true
4976,404,true
4977,404,true
4978,404,true
4979,404,true
4980,404,true
4981,404,true
4982,404,true
4983,404,true
4984,404,true
4985,404,true
4986,404,true
4987,404,true
4988,404,true
4989,404,true
4990,404,true
4991,404,true
4992,404,true
4993,404,true
4994,404,true
4995,404,true
4996,404,true
4997,404,true
4998,404,true
4999,404,true
5000,404,true
5001,404,true
5002,404,true
5003,404,true
5004,404,true
5005,404,true
5006,404,true
5007,404,true
5008,404,true
5009,404,true
5010,404,true
5011,404,true
5012,404,true
5013,404,true
5014,404,true
5015,404,true
5016,404,true
5017,404,true
5018,404,true
5019,404,true
5020,404,true
5021,404,true
5022,404,true
5023,404,true
5024,404,true
5025,404,true
5026,404,true
5027,404,true
5028,404,true
5029,404,true
5030,404,true
5031,404,true
5032,404,true
5033,404,true
5034,404,true
5035,404,true
5036,404,true
5037,500,true
5038,500,true
5039,500,true
5040,500,true
5041,500,true
5042,500,true
5043,500,true
5044,500,true
5045,500,true
5046,500,true
5047,500,true
5048,500,true
5049,500,true
5050,500,true
5051,500,true
5052,500,true
5053,500,true
5054,500,true
5055,500,true
5056,500,true
5057,500,true
5058,500,true
5059,500,true
5060,500,true
5061,500,true
5062,500,true
5063,500,true
5064,500,true
5065,500,true
5066,500,true
5067,500,true
5068,500,true
5069,500,true
5070,500,true
5071,500,true
5072,500,true
5073,500,true
5074,500,true
5075,500,true
5076,500,true
5077,500,true
5078,500,true
5079,500,true
5080,500,true
5081,500,true
5082,500,true
5083,500,true
5084,500,true
5085,500,true
5086,500,true
5087,500,true
5088,500,true
5089,500,true
5090,500,true
5091,500,true
5092,500,true
5093,500,true
5094,500,true
5095,500,true
5096,500,true
5097,500,true
5098,500,true
5099,500,true
5100,500,true
5101,500,true
5102,500,true
5103,500,true
5104,500,true
5105,500,true
5106,500,true
5107,500,true
5108,500,true
5109,500,true
5110,404,true
5111,404,true
5112,404,true
5113,404,true
5114,404,true
5115,404,true
5116,404,true
5117,404,true
5118,404,true
5119,404,true
5120,404,true
5121,404,true
5122,404,true
5123,404,true
5124,404,true
5125,404,true
5126,404,true
5127,404,true
5128,404,true
5129,404,true
5130,404,true
5131,404,true
5132,404,true
5133,404,true
5134,404,true
5135,404,true
5136,404,true
5137,404,true
5138,404,true
5139,404,true
5140,404,true
5141,404,true
5142,404,true
5143,404,true
5144,404,true
5145,404,true
5146,404,true
5147,404,true
5148,404,true
5149,404,true
5150,404,true
5151,404,true
5152,404,true
5153,404,true
5154,404,true
5155,404,true
5156,404,true
5157,404,true
5158,404,true
5159,404,true
5160,404,true
5161,404,true
5162,404,true
5163,404,true
5164,404,true
5165,404,true
5166,404,true
5167,404,true
5168,404,true
5169,404,true
5170,404,true
5171,404,true
5172,404,true
5173,404,true
5174,404,true
5175,404,true
5176,404,true
5177,404,true
5178,404,true
5179,404,true
5180,404,true
5181,404,true
5182,404,true
5183,200,false
5184,200,false
5185,200,false
5186,200,false
5187,200,false
5188,200,false
5189,200,false
5190,200,false
5191,200,false
5192,200,false
5193,200,false
5194,200,false
5195,200,false
5196,200,false
5197,200,false
5198,200,false
5199,200,false
5200,200,false
5201,200,false
5202,200,false
5203,200,false
5204,200,false
5205,200,false
5206,200,false
5207,200,false
5208,200,false
5209,200,false
5210,200,false
5211,200,false
5212,200,false
5213,200,false
5214,200,false
5215,200,false
5216,200,false
5217,200,false
5218,200,false
5219,200,false
5220,200,false
5221,200,false
5222,200,false
5223,200,false
5224,200,false
5225,200,false
5226,200,false
5227,200,false
5228,200,false
5229,200,false
5230,200,false
5231,200,false
5232,200,false
5233,200,false
5234,200,false
5235,200,false
5236,200,false
5237,200,false
5238,200,false
5239,200,false
5240,200,false
5241,200,false
5242,200,false
5243,200,false
5244,200,false
5245,200,false
5246,200,false
5247,200,false
5248,200,false
5249,200,false
5250,200,false
5251,200,false
5252,200,false
5253,200,false
5254,200,false
5255,200,false
5256,200,false
5257,200,false
5258,200,false
5259,200,false
5260,200,false
5261,200,false
5262,200,false
5263,200,false
5264,200,false
5265,200,false
5266,200,false
5267,200,false
5268,200,false
5269,200,false
5270,200,false
5271,200,false
5272,200,false
5273,200,false
5274,200,false
5275,200,false
5276,200,false
5277,200,false
5278,200,false
5279,200,false
5280,200,false
5281,200,false
5282,200,false
5283,200,false
5284,200,false
5285,200,false
5286,200,false
5287,200,false
5288,200,false
5289,200,false
5290,200,false
5291,200,false
5292,200,false
5293,200,false
5294,200,false
5295,200,false
5296,200,false
5297,200,false
5298,200,false
5299,200,false
5300,200,false
5301,200,false
5302,200,false
5303,200,false
5304,200,false
5305,200,false
5306,200,false
5307,200,false
5308,200,false
5309,200,false
5310,200,false
5311,200,false
5312,200,false
5313,200,false
5314,200,false
5315,200,false
5316,200,false
5317,200,false
5318,200,false
5319,200,false
5320,200,false
5321,200,false
5322,200,false
5323,200,false
5324,200,false
5325,200,false
5326,200,false
5327,200,false
5328,200,false
5329,404,true
5330,404,true
5331,404,true
5332,404,true
5333,404,true
5334,404,true
5335,404,true
5336,404,true
5337,404,true
5338,404,true
5339,404,true
5340,404,true
5341,404,true
5342,404,true
5343,404,true
5344,404,true
5345,404,true
5346,404,true
5347,404,true
5348,404,true
5349,404,true
5350,404,true
5351,404,true
5352,404,true
5353,404,true
5354,404,true
5355,404,true
5356,404,true
5357,404,true
5358,404,true
5359,404,true
5360,404,true
5361,404,true
5362,404,true
5363,404,true
5364,404,true
5365,404,true
5366,404,true
5367,404,true
5368,404,true
5369,404,true
5370,404,true
5371,404,true
5372,404,true
5373,404,true
5374,404,true
5375,404,true
5376,404,true
5377,404,true
5378,404,true
5379,404,true
5380,404,true
5381,404,true
5382,404,true
5383,404,true
5384,404,true
5385,404,true
5386,404,true
5387,404,true
5388,404,true
5389,404,true
5390,404,true
5391,404,true
5392,404,true
5393,404,true
5394,404,true
5395,404,true
5396,404,true
5397,404,true
5398,404,true
5399,404,true
5400,404,true
5401,404,true
5402,200,false
5403,200,false
5404,200,false
5405,200,false
5406,200,false
5407,200,false
5408,200,false
5409,200,false
5410,200,false
5411,200,false
5412,200,false
5413,200,false
5414,200,false
5415,200,false
5416,200,false
5417,200,false
5418,200,false
5419,200,false
5420,200,false
5421,200,false
5422,200,false
5423,200,false
5424,200,false
5425,200,false
5426,200,false
5427,200,false
5428,200,false
5429,200,false
5430,200,false
5431,200,false
5432,200,false
5433,200,false
5434,200,false
5435,200,false
5436,200,false
5437,200,false
5438,200,false
5439,200,false
5440,200,false
5441,200,false
5442,200,false
5443,200,false
5444,200,false
5445,200,false
5446,200,false
5447,200,false
5448,200,false
5449,200,false
5450,200,false
5451,200,false
5452,200,false
5453,200,false
5454,200,false
5455,200,false
5456,200,false
5457,200,false
5458,200,false
5459,200,false
5460,200,false
5461,200,false
5462,200,false
5463,200,false
5464,200,false
5465,200,false
5466,200,false
5467,200,false
5468,200,false
5469,200,false
5470,200,false
5471,200,false
5472,200,false
5473,200,false
5474,200,false
5475,200,false
5476,200,false
5477,200,false
5478,200,false
5479,200,false
5480,200,false
5481,200,false
5482,200,false
5483,200,false
5484,200,false
5485,200,false
5486,200,false
5487,200,false
5488,200,false
5489,200,false
5490,200,false
5491,200,false
5492,200,false
5493,200,false
5494,200,false
5495,200,false
5496,200,false
5497,200,false
5498,200,false
5499,200,false
5500,200,false
5501,200,false
5502,200,false
5503,200,false
5504,200,false
5505,200,false
5506,200,false
5507,200,false
5508,200,false
5509,200,false
5510,200,false
5511,200,false
5512,200,false
5513,200,false
5514,200,false
5515,200,false
5516,200,false
5517,200,false
5518,200,false
5519,200,false
5520,200,false
5521,200,false
5522,200,false
5523,200,false
5524,200,false
5525,200,false
5526,200,false
5527,200,false
5528,200,false
5529,200,false
5530,200,false
5531,200,false
5532,200,false
5533,200,false
5534,200,false
5535,200,false
5536,200,false
5537,200,false
5538,200,false
5539,200,false
5540,200,false
5541,200,false
5542,200,false
5543,200,false
5544,200,false
5545,200,false
5546,200,false
5547,200,false
5548,404,true
5549,404,true
5550,404,true
5551,404,true
5552,404,true
5553,404,true
5554,404,true
5555,404,true
5556,404,true
5557,404,true
5558,404,true
5559,404,true
5560,404,true
5561,404,true
5562,404,true
5563,404,true
5564,404,true
5565,404,true
5566,404,true
5567,404,true
5568,404,true
5569,404,true
5570,404,true
5571,404,true
5572,404,true
5573,404,true
5574,404,true
5575,404,true
5576,404,true
5577,404,true
5578,404,true
5579,404,true
5580,404,true
5581,404,true
5582,404,true
5583,404,true
5584,404,true
5585,404,true
5586,404,true
5587,404,true
5588,404,true
5589,404,true
5590,404,true
5591,404,true
5592,404,true
5593,404,true
5594,404,true
5595,404,true
5596,404,true
5597,404,true
5598,404,true
5599,404,true
5600,404,true
5601,404,true
5602,404,true
5603,404,true
5604,404,true
5605,404,true
5606,404,true
5607,404,true
5608,404,true
5609,404,true
5610,404,true
5611,404,true
5612,404,true
5613,404,true
5614,404,true
5615,404,true
5616,404,true
5617,404,true
5618,404,true
5619,404,true
5620,404,true
5621,404,true
5622,404,true
5623,404,true
5624,404,true
5625,404,true
5626,404,true
5627,404,true
5628,404,true
5629,404,true
5630,404,true
5631,404,true
5632,404,true
5633,404,true
5634,404,true
5635,404,true
5636,404,true
5637,404,true
5638,404,true
5639,404,true
5640,404,true
5641,404,true
5642,404,true
5643,404,true
5644,404,true
5645,404,true
5646,404,true
5647,404,true
5648,404,true
5649,404,true
5650,404,true
5651,404,true
5652,404,true
5653,404,true
5654,404,true
5655,404,true
5656,404,true
5657,404,true
5658,404,true
5659,404,true
5660,404,true
5661,404,true
5662,404,true
5663,404,true
5664,404,true
5665,404,true
5666,404,true
5667,404,true
5668,404,true
5669,404,true
5670,404,true
5671,404,true
5672,404,true
5673,404,true
5674,404,true
5675,404,true
5676,404,true
5677,404,true
5678,404,true
5679,404,true
5680,404,true
5681,404,true
5682,404,true
5683,404,true
5684,404,true
5685,404,true
5686,404,true
5687,404,true
5688,404,true
5689,404,true
5690,404,true
5691,404,true
5692,404,true
5693,404,true
5694,200,false
5695,200,false
5696,200,false
5697,200,false
5698,200,false
5699,200,false
5700,200,false
5701,200,false
5702,200,false
5703,200,false
5704,200,false
5705,200,false
5706,200,false
5707,200,false
5708,200,false
5709,200,false
5710,200,false
5711,200,false
5712,200,false
5713,200,false
5714,200,false
5715,200,false
5716,200,false
5717,200,false
5718,200,false
5719,200,false
5720,200,false
5721,200,false
5722,200,false
5723,200,false
5724,200,false
5725,200,false
5726,200,false
5727,200,false
5728,200,false
5729,200,false
5730,200,false
5731,200,false
5732,200,false
5733,200,false
5734,200,false
5735,200,false
5736,200,false
5737,200,false
5738,200,false
5739,200,false
5740,200,false
5741,200,false
5742,200,false
5743,200,false
5744,200,false
5745,200,false
5746,200,false
5747,200,false
5748,200,false
5749,200,false
5750,200,false
5751,200,false
5752,200,false
5753,200,false
5754,200,false
5755,200,false
5756,200,false
5757,200,false
5758,200,false
5759,200,false
5760,200,false
5761,200,false
5762,200,false
5763,200,false
5764,200,false
5765,200,false
5766,200,false
5767,200,false
5768,200,false
5769,200,false
5770,200,false
5771,200,false
5772,200,false
5773,200,false
5774,200,false
5775,200,false
5776,200,false
5777,200,false
5778,200,false
5779,200,false
5780,200,false
5781,200,false
5782,200,false
5783,200,false
5784,200,false
5785,200,false
5786,200,false
5787,200,false
5788,200,false
5789,200,false
5790,200,false
5791,200,false
5792,200,false
5793,200,false
5794,200,false
5795,200,false
5796,200,false
5797,200,false
5798,200,false
5799,200,false
5800,200,false
5801,200,false
5802,200,false
5803,200,false
5804,200,false
5805,200,false
5806,200,false
5807,200,false
5808,200,false
5809,200,false
5810,200,false
5811,200,false
5812,200,false
5813,200,false
5814,200,false
5815,200,false
5816,200,false
5817,200,false
5818,200,false
5819,200,false
5820,200,false
5821,200,false
5822,200,false
5823,200,false
5824,200,false
5825,200,false
5826,200,false
5827,200,false
5828,200,false
5829,200,false
5830,200,false
5831,200,false
5832,200,false
5833,200,false
5834,200,false
5835,200,false
5836,200,false
5837,200,false
5838,200,false
5839,200,false
5840,500,true
5841,500,true
5842,500,true
5843,500,true
5844,500,true
5845,500,true
5846,500,true
5847,500,true
5848,500,true
5849,500,true
5850,500,true
5851,500,true
5852,500,true
5853,500,true
5854,500,true
5855,500,true
5856,500,true
5857,500,true
5858,500,true
5859,500,true
5860,500,true
5861,500,true
5862,500,true
5863,500,true
5864,500,true
5865,500,true
5866,500,true
5867,500,true
5868,500,true
5869,500,true
5870,500,true
5871,500,true
5872,500,true
5873,500,true
5874,500,true
5875,500,true
5876,500,true
5877,500,true
5878,500,true
5879,500,true
5880,500,true
5881,500,true
5882,500,true
5883,500,true
5884,500,true
5885,500,true
5886,500,true
5887,500,true
5888,500,true
5889,500,true
5890,500,true
5891,500,true
5892,500,true
5893,500,true
5894,500,true
5895,500,true
5896,500,true
5897,500,true
5898,500,true
5899,500,true
5900,500,true
5901,500,true
5902,500,true
5903,500,true
5904,500,true
5905,500,true
5906,500,true
5907,500,true
5908,500,true
5909,500,true
5910,500,true
5911,500,true
5912,500,true
5913,200,false
5914,200,false
5915,200,false
5916,200,false
5917,200,false
5918,200,false
5919,200,false
5920,200,false
5921,200,false
5922,200,false
5923,200,false
5924,200,false
5925,200,false
5926,200,false
5927,200,false
5928,200,false
5929,200,false
5930,200,false
5931,200,false
5932,200,false
5933,200,false
5934,200,false
5935,200,false
5936,200,false
5937,200,false
5938,200,false
5939,200,false
5940,200,false
5941,200,false
5942,200,false
5943,200,false
5944,200,false
5945,200,false
5946,200,false
5947,200,false
5948,200,false
5949,200,false
5950,200,false
5951,200,false
5952,200,false
5953,200,false
5954,200,false
5955,200,false
5956,200,false
5957,200,false
5958,200,false
5959,200,false
5960,200,false
5961,200,false
5962,200,false
5963,200,false
5964,200,false
5965,200,false
5966,200,false
5967,200,false
5968,200,false
5969,200,false
5970,200,false
5971,200,false
5972,200,false
5973,200,false
5974,200,false
5975,200,false
5976,200,false
5977,200,false
5978,200,false
5979,200,false
5980,200,false
5981,200,false
5982,200,false
5983,200,false
5984,200,false
5985,200,false
5986,404,true
5987,404,true
5988,404,true
5989,404,true
5990,404,true
5991,404,true
5992,404,true
5993,404,true
5994,404,true
5995,404,true
5996,404,true
5997,404,true
5998,404,true
5999,404,true
6000,404,true
6001,404,true
6002,404,true
6003,404,true
6004,404,true
6005,404,true
6006,404,true
6007,404,true
6008,404,true
6009,404,true
6010,404,true
6011,404,true
6012,404,true
6013,404,true
6014,404,true
6015,404,true
6016,404,true
6017,404,true
6018,404,true
6019,404,true
6020,404,true
6021,404,true
6022,404,true
6023,404,true
6024,404,true
6025,404,true
6026,404,true
6027,404,true
6028,404,true
6029,404,true
6030,404,true
6031,404,true
6032,404,true
6033,404,true
6034,404,true
6035,404,true
6036,404,true
6037,404,true
6038,404,true
6039,404,true
6040,404,true
6041,404,true
6042,404,true
6043,404,true
6044,404,true
6045,404,true
6046,404,true
6047,404,true
6048,404,true
6049,404,true
6050,404,true
6051,404,true
6052,404,true
6053,404,true
6054,404,true
6055,404,true
6056,404,true
6057,404,true
6058,404,true
6059,200,false
6060,200,false
6061,200,false
6062,200,false
6063,200,false
6064,200,false
6065,200,false
6066,200,false
6067,200,false
6068,200,false
6069,200,false
6070,200,false
6071,200,false
6072,200,false
6073,200,false
6074,200,false
6075,200,false
6076,200,false
6077,200,false
6078,200,false
6079,200,false
6080,200,false
6081,200,false
6082,200,false
6083,200,false
6084,200,false
6085,200,false
6086,200,false
6087,200,false
6088,200,false
6089,200,false
6090,200,false
6091,200,false
6092,200,false
6093,200,false
6094,200,false
6095,200,false
6096,200,false
6097,200,false
6098,200,false
6099,200,false
6100,200,false
6101,200,false
6102,200,false
6103,200,false
6104,200,false
6105,200,false
6106,200,false
6107,200,false
6108,200,false
6109,200,false
6110,200,false
6111,200,false
6112,200,false
6113,200,false
6114,200,false
6115,200,false
6116,200,false
6117,200,false
6118,200,false
6119,200,false
6120,200,false
6121,200,false
6122,200,false
6123,200,false
6124,200,false
6125,200,false
6126,200,false
6127,200,false
6128,200,false
6129,200,false
6130,200,false
6131,200,false
6132,200,false
6133,200,false
6134,200,false
6135,200,false
6136,200,false
6137,200,false
6138,200,false
6139,200,false
6140,200,false
6141,200,false
6142,200,false
6143,200,false
6144,200,false
6145,200,false
6146,200,false
6147,200,false
6148,200,false
6149,200,false
6150,200,false
6151,200,false
6152,200,false
6153,200,false
6154,200,false
6155,200,false
6156,200,false
6157,200,false
6158,200,false
6159,200,false
6160,200,false
6161,200,false
6162,200,false
6163,200,false
6164,200,false
6165,200,false
6166,200,false
6167,200,false
6168,200,false
6169,200,false
6170,200,false
6171,200,false
6172,200,false
6173,200,false
6174,200,false
6175,200,false
6176,200,false
6177,200,false
6178,200,false
6179,200,false
6180,200,false
6181,200,false
6182,200,false
6183,200,false
6184,200,false
6185,200,false
6186,200,false
6187,200,false
6188,200,false
6189,200,false
6190,200,false
6191,200,false
6192,200,false
6193,200,false
6194,200,false
6195,200,false
6196,200,false
6197,200,false
6198,200,false
6199,200,false
6200,200,false
6201,200,false
6202,200,false
6203,200,false
6204,200,false
6205,404,true
6206,404,true
6207,404,true
6208,404,true
6209,404,true
6210,404,true
6211,404,true
6212,404,true
6213,404,true
6214,404,true
6215,404,true
6216,404,true
6217,404,true
6218,404,true
6219,404,true
6220,404,true
6221,404,true
6222,404,true
6223,404,true
6224,404,true
6225,404,true
6226,404,true
6227,404,true
6228,404,true
6229,404,true
6230,404,true
6231,404,true
6232,404,true
6233,404,true
6234,404,true
6235,404,true
6236,404,true
6237,404,true
6238,404,true
6239,404,true
6240,404,true
6241,404,true
6242,404,true
6243,404,true
6244,404,true
6245,404,true
6246,404,true
6247,404,true
6248,404,true
6249,404,true
6250,404,true
6251,404,true
6252,404,true
6253,404,true
6254,404,true
6255,404,true
6256,404,true
6257,404,true
6258,404,true
6259,404,true
6260,404,true
6261,404,true
6262,404,true
6263,404,true
6264,404,true
6265,404,true
6266,404,true
6267,404,true
6268,404,true
6269,404,true
6270,404,true
6271,404,true
6272,404,true
6273,404,true
6274,404,true
6275,404,true
6276,404,true
6277,404,true
6278,200,false
6279,200,false
6280,200,false
6281,200,false
6282,200,false
6283,200,false
6284,200,false
6285,200,false
6286,200,false
6287,200,false
6288,200,false
6289,200,false
6290,200,false
6291,200,false
6292,200,false
6293,200,false
6294,200,false
6295,200,false
6296,200,false
6297,200,false
6298,200,false
6299,200,false
6300,200,false
6301,200,false
6302,200,false
6303,200,false
6304,200,false
6305,200,false
6306,200,false
6307,200,false
6308,200,false
6309,200,false
6310,200,false
6311,200,false
6312,200,false
6313,200,false
6314,200,false
6315,200,false
6316,200,false
6317,200,false
6318,200,false
6319,200,false
6320,200,false
6321,200,false
6322,200,false
6323,200,false
6324,200,false
6325,200,false
6326,200,false
6327,200,false
6328,200,false
6329,200,false
6330,200,false
6331,200,false
6332,200,false
6333,200,false
6334,200,false
6335,200,false
6336,200,false
6337,200,false
6338,200,false
6339,200,false
6340,200,false
6341,200,false
6342,200,false
6343,200,false
6344,200,false
6345,200,false
6346,200,false
6347,200,false
6348,200,false
6349,200,false
6350,200,false
6351,200,false
6352,200,false
6353,200,false
6354,200,false
6355,200,false
6356,200,false
6357,200,false
6358,200,false
6359,200,false
6360,200,false
6361,200,false
6362,200,false
6363,200,false
6364,200,false
6365,200,false
6366,200,false
6367,200,false
6368,200,false
6369,200,false
6370,200,false
6371,200,false
6372,200,false
6373,200,false
6374,200,false
6375,200,false
6376,200,false
6377,200,false
6378,200,false
6379,200,false
6380,200,false
6381,200,false
6382,200,false
6383,200,false
6384,200,false
6385,200,false
6386,200,false
6387,200,false
6388,200,false
6389,200,false
6390,200,false
6391,200,false
6392,200,false
6393,200,false
6394,200,false
6395,200,false
6396,200,false
6397,200,false
6398,200,false
6399,200,false
6400,200,false
6401,200,false
6402,200,false
6403,200,false
6404,200,false
6405,200,false
6406,200,false
6407,200,false
6408,200,false
6409,200,false
6410,200,false
6411,200,false
6412,200,false
6413,200,false
6414,200,false
6415,200,false
6416,200,false
6417,200,false
6418,200,false
6419,200,false
6420,200,false
6421,200,false
6422,200,false
6423,200,false
6424,200,false
6425,200,false
6426,200,false
6427,200,false
6428,200,false
6429,200,false
6430,200,false
6431,200,false
6432,200,false
6433,200,false
6434,200,false
6435,200,false
6436,200,false
6437,200,false
6438,200,false
6439,200,false
6440,200,false
6441,200,false
6442,200,false
6443,200,false
6444,200,false
6445,200,false
6446,200,false
6447,200,false
6448,200,false
6449,200,false
6450,200,false
6451,200,false
6452,200,false
6453,200,false
6454,200,false
6455,200,false
6456,200,false
6457,200,false
6458,200,false
6459,200,false
6460,200,false
6461,200,false
6462,200,false
6463,200,false
6464,200,false
6465,200,false
6466,200,false
6467,200,false
6468,200,false
6469,200,false
6470,200,false
6471,200,false
6472,200,false
6473,200,false
6474,200,false
6475,200,false
6476,200,false
6477,200,false
6478,200,false
6479,200,false
6480,200,false
6481,200,false
6482,200,false
6483,200,false
6484,200,false
6485,200,false
6486,200,false
6487,200,false
6488,200,false
6489,200,false
6490,200,false
6491,200,false
6492,200,false
6493,200,false
6494,200,false
6495,200,false
6496,200,false
6497,500,true
6498,500,true
6499,500,true
6500,500,true
6501,500,true
6502,500,true
6503,500,true
6504,500,true
6505,500,true
6506,500,true
6507,500,true
6508,500,true
6509,500,true
6510,500,true
6511,500,true
6512,500,true
6513,500,true
6514,500,true
6515,500,true
6516,500,true
6517,500,true
6518,500,true
6519,500,true
6520,500,true
6521,500,true
6522,500,true
6523,500,true
6524,500,true
6525,500,true
6526,500,true
6527,500,true
6528,500,true
6529,500,true
6530,500,true
6531,500,true
6532,500,true
6533,500,true
6534,500,true
6535,500,true
6536,500,true
6537,500,true
6538,500,true
6539,500,true
6540,500,true
6541,500,true
6542,500,true
6543,500,true
6544,500,true
6545,500,true
6546,500,true
6547,500,true
6548,500,true
6549,500,true
6550,500,true
6551,500,true
6552,500,true
6553,500,true
6554,500,true
6555,500,true
6556,500,true
6557,500,true
6558,500,true
6559,500,true
6560,500,true
6561,500,true
6562,500,true
6563,500,true
6564,500,true
6565,500,true
6566,500,true
6567,500,true
6568,500,true
6569,500,true
6570,404,true
6571,404,true
6572,404,true
6573,404,true
6574,404,true
6575,404,true
6576,404,true
6577,404,true
6578,404,true
6579,404,true
6580,404,true
6581,404,true
6582,404,true
6583,404,true
6584,404,true
6585,404,true
6586,404,true
6587,404,true
6588,404,true
6589,404,true
6590,404,true
6591,404,true
6592,404,true
6593,404,true
6594,404,true
6595,404,true
6596,404,true
6597,404,true
6598,404,true
6599,404,true
6600,404,true
6601,404,true
6602,404,true
6603,404,true
6604,404,true
6605,404,true
6606,404,true
6607,404,true
6608,404,true
6609,404,true
6610,404,true
6611,404,true
6612,404,true
6613,404,true
6614,404,true
6615,404,true
6616,404,true
6617,404,true
6618,404,true
6619,404,true
6620,404,true
6621,404,true
6622,404,true
6623,404,true
6624,404,true
6625,404,true
6626,404,true
6627,404,true
6628,404,true
6629,404,true
6630,404,true
6631,404,true
6632,404,true
6633,404,true
6634,404,true
6635,404,true
6636,404,true
6637,404,true
6638,404,true
6639,404,true
6640,404,true
6641,404,true
6642,404,true
6643,200,false
6644,200,false
6645,200,false
6646,200,false
6647,200,false
6648,200,false
6649,200,false
6650,200,false
6651,200,false
6652,200,false
6653,200,false
6654,200,false
6655,200,false
6656,200,false
6657,200,false
6658,200,false
6659,200,false
6660,200,false
6661,200,false
6662,200,false
6663,200,false
6664,200,false
6665,200,false
6666,200,false
6667,200,false
6668,200,false
6669,200,false
6670,200,false
6671,200,false
6672,200,false
6673,200,false
6674,200,false
6675,200,false
6676,200,false
6677,200,false
6678,200,false
6679,200,false
6680,200,false
6681,200,false
6682,200,false
6683,200,false
6684,200,false
6685,200,false
6686,200,false
6687,200,false
6688,200,false
6689,200,false
6690,200,false
6691,200,false
6692,200,false
6693,200,false
6694,200,false
6695,200,false
6696,200,false
6697,200,false
6698,200,false
6699,200,false
6700,200,false
6701,200,false
6702,200,false
6703,200,false
6704,200,false
6705,200,false
6706,200,false
6707,200,false
6708,200,false
6709,200,false
6710,200,false
6711,200,false
6712,200,false
6713,200,false
6714,200,false
6715,200,false
6716,200,false
6717,200,false
6718,200,false
6719,200,false
6720,200,false
6721,200,false
6722,200,false
6723,200,false
6724,200,false
6725,200,false
6726,200,false
6727,200,false
6728,200,false
6729,200,false
6730,200,false
6731,200,false
6732,200,false
6733,200,false
6734,200,false
6735,200,false
6736,200,false
6737,200,false
6738,200,false
6739,200,false
6740,200,false
6741,200,false
6742,200,false
6743,200,false
6744,200,false
6745,200,false
6746,200,false
6747,200,false
6748,200,false
6749,200,false
6750,200,false
6751,200,false
6752,200,false
6753,200,false
6754,200,false
6755,200,false
6756,200,false
6757,200,false
6758,200,false
6759,200,false
6760,200,false
6761,200,false
6762,200,false
6763,200,false
6764,200,false
6765,200,false
6766,200,false
6767,200,false
6768,200,false
6769,200,false
6770,200,false
6771,200,false
6772,200,false
6773,200,false
6774,200,false
6775,200,false
6776,200,false
6777,200,false
6778,200,false
6779,200,false
6780,200,false
6781,200,false
6782,200,false
6783,200,false
6784,200,false
6785,200,false
6786,200,false
6787,200,false
6788,200,false
6789,200,false
6790,200,false
6791,200,false
6792,200,false
6793,200,false
6794,200,false
6795,200,false
6796,200,false
6797,200,false
6798,200,false
6799,200,false
6800,200,false
6801,200,false
6802,200,false
6803,200,false
6804,200,false
6805,200,false
6806,200,false
6807,200,false
6808,200,false
6809,200,false
6810,200,false
6811,200,false
6812,200,false
6813,200,false
6814,200,false
6815,200,false
6816,200,false
6817,200,false
6818,200,false
6819,200,false
6820,200,false
6821,200,false
6822,200,false
6823,200,false
6824,200,false
6825,200,false
6826,200,false
6827,200,false
6828,200,false
6829,200,false
6830,200,false
6831,200,false
6832,200,false
6833,200,false
6834,200,false
6835,200,false
6836,200,false
6837,200,false
6838,200,false
6839,200,false
6840,200,false
6841,200,false
6842,200,false
6843,200,false
6844,200,false
6845,200,false
6846,200,false
6847,200,false
6848,200,false
6849,200,false
6850,200,false
6851,200,false
6852,200,false
6853,200,false
6854,200,false
6855,200,false
6856,200,false
6857,200,false
6858,200,false
6859,200,false
6860,200,false
6861,200,false
6862,200,false
6863,200,false
6864,200,false
6865,200,false
6866,200,false
6867,200,false
6868,200,false
6869,200,false
6870,200,false
6871,200,false
6872,200,false
6873,200,false
6874,200,false
6875,200,false
6876,200,false
6877,200,false
6878,200,false
6879,200,false
6880,200,false
6881,200,false
6882,200,false
6883,200,false
6884,200,false
6885,200,false
6886,200,false
6887,200,false
6888,200,false
6889,200,false
6890,200,false
6891,200,false
6892,200,false
6893,200,false
6894,200,false
6895,200,false
6896,200,false
6897,200,false
6898,200,false
6899,200,false
6900,200,false
6901,200,false
6902,200,false
6903,200,false
6904,200,false
6905,200,false
6906,200,false
6907,200,false
6908,200,false
6909,200,false
6910,200,false
6911,200,false
6912,200,false
6913,200,false
6914,200,false
6915,200,false
6916,200,false
6917,200,false
6918,200,false
6919,200,false
6920,200,false
6921,200,false
6922,200,false
6923,200,false
6924,200,false
6925,200,false
6926,200,false
6927,200,false
6928,200,false
6929,200,false
6930,200,false
6931,200,false
6932,200,false
6933,200,false
6934,200,false
6935,200,false
6936,200,false
6937,200,false
6938,200,false
6939,200,false
6940,200,false
6941,200,false
6942,200,false
6943,200,false
6944,200,false
6945,200,false
6946,200,false
6947,200,false
6948,200,false
6949,200,false
6950,200,false
6951,200,false
6952,200,false
6953,200,false
6954,200,false
6955,200,false
6956,200,false
6957,200,false
6958,200,false
6959,200,false
6960,200,false
6961,200,false
6962,200,false
6963,200,false
6964,200,false
6965,200,false
6966,200,false
6967,200,false
6968,200,false
6969,200,false
6970,200,false
6971,200,false
6972,200,false
6973,200,false
6974,200,false
6975,200,false
6976,200,false
6977,200,false
6978,200,false
6979,200,false
6980,200,false
6981,200,false
6982,200,false
6983,200,false
6984,200,false
6985,200,false
6986,200,false
6987,200,false
6988,200,false
6989,200,false
6990,200,false
6991,200,false
6992,200,false
6993,200,false
6994,200,false
6995,200,false
6996,200,false
6997,200,false
6998,200,false
6999,200,false
7000,200,false
7001,200,false
7002,200,false
7003,200,false
7004,200,false
7005,200,false
7006,200,false
7007,200,false
7008,404,true
7009,404,true
7010,404,true
7011,404,true
7012,404,true
7013,404,true
7014,404,true
7015,404,true
7016,404,true
7017,404,true
7018,404,true
7019,404,true
7020,404,true
7021,404,true
7022,404,true
7023,404,true
7024,404,true
7025,404,true
7026,404,true
7027,404,true
7028,404,true
7029,404,true
7030,404,true
7031,404,true
7032,404,true
7033,404,true
7034,404,true
7035,404,true
7036,404,true
7037,404,true
7038,404,true
7039,404,true
7040,404,true
7041,404,true
7042,404,true
7043,404,true
7044,404,true
7045,404,true
7046,404,true
7047,404,true
7048,404,true
7049,404,true
7050,404,true
7051,404,true
7052,404,true
7053,404,true
7054,404,true
7055,404,true
7056,404,true
7057,404,true
7058,404,true
7059,404,true
7060,404,true
7061,404,true
7062,404,true
7063,404,true
7064,404,true
7065,404,true
7066,404,true
7067,404,true
7068,404,true
7069,404,true
7070,404,true
7071,404,true
7072,404,true
7073,404,true
7074,404,true
7075,404,true
7076,404,true
7077,404,true
7078,404,true
7079,404,true
7080,404,true
7081,200,false
7082,200,false
7083,200,false
7084,200,false
7085,200,false
7086,200,false
7087,200,false
7088,200,false
7089,200,false
7090,200,false
7091,200,false
7092,200,false
7093,200,false
7094,200,false
7095,200,false
7096,200,false
7097,200,false
7098,200,false
7099,200,false
7100,200,false
7101,200,false
7102,200,false
7103,200,false
7104,200,false
7105,200,false
7106,200,false
7107,200,false
7108,200,false
7109,200,false
7110,200,false
7111,200,false
7112,200,false
7113,200,false
7114,200,false
7115,200,false
7116,200,false
7117,200,false
7118,200,false
7119,200,false
7120,200,false
7121,200,false
7122,200,false
7123,200,false
7124,200,false
7125,200,false
7126,200,false
7127,200,false
7128,200,false
7129,200,false
7130,200,false
7131,200,false
7132,200,false
7133,200,false
7134,200,false
7135,200,false
7136,200,false
7137,200,false
7138,200,false
7139,200,false
7140,200,false
7141,200,false
7142,200,false
7143,200,false
7144,200,false
7145,200,false
7146,200,false
7147,200,false
7148,200,false
7149,200,false
7150,200,false
7151,200,false
7152,200,false
7153,200,false
7154,200,false
7155,200,false
7156,200,false
7157,200,false
7158,200,false
7159,200,false
7160,200,false
7161,200,false
7162,200,false
7163,200,false
7164,200,false
7165,200,false
7166,200,false
7167,200,false
7168,200,false
7169,200,false
7170,200,false
7171,200,false
7172,200,false
7173,200,false
7174,200,false
7175,200,false
7176,200,false
7177,200,false
7178,200,false
7179,200,false
7180,200,false
7181,200,false
7182,200,false
7183,200,false
7184,200,false
7185,200,false
7186,200,false
7187,200,false
7188,200,false
7189,200,false
7190,200,false
7191,200,false
7192,200,false
7193,200,false
7194,200,false
7195,200,false
7196,200,false
7197,200,false
7198,200,false
7199,200,false
7200,200,false
7201,200,false
7202,200,false
7203,200,false
7204,200,false
7205,200,false
7206,200,false
7207,200,false
7208,200,false
7209,200,false
7210,200,false
7211,200,false
7212,200,false
7213,200,false
7214,200,false
7215,200,false
7216,200,false
7217,200,false
7218,200,false
7219,200,false
7220,200,false
7221,200,false
7222,200,false
7223,200,false
7224,200,false
7225,200,false
7226,200,false
7227,500,true
7228,500,true
7229,500,true
7230,500,true
7231,500,true
7232,500,true
7233,500,true
7234,500,true
7235,500,true
7236,500,true
7237,500,true
7238,500,true
7239,500,true
7240,500,true
7241,500,true
7242,500,true
7243,500,true
7244,500,true
7245,500,true
7246,500,true
7247,500,true
7248,500,true
7249,500,true
7250,500,true
7251,500,true
7252,500,true
7253,500,true
7254,500,true
7255,500,true
7256,500,true
7257,500,true
7258,500,true
7259,500,true
7260,500,true
7261,500,true
7262,500,true
7263,500,true
7264,500,true
7265,500,true
7266,500,true
7267,500,true
7268,500,true
7269,500,true
7270,500,true
7271,500,true
7272,500,true
7273,500,true
7274,500,true
7275,500,true
7276,500,true
7277,500,true
7278,500,true
7279,500,true
7280,500,true
7281,500,true
7282,500,true
7283,500,true
7284,500,true
7285,500,true
7286,500,true
7287,500,true
7288,500,true
7289,500,true
7290,500,true
7291,500,true
7292,500,true
7293,500,true
7294,500,true
7295,500,true
7296,500,true
7297,500,true
7298,500,true
7299,500,true
7300,200,false
7301,200,false
7302,200,false
7303,200,false
7304,200,false
7305,200,false
7306,200,false
7307,200,false
7308,200,false
7309,200,false
7310,200,false
7311,200,false
7312,200,false
7313,200,false
