idx,c0
0,137
1,210
2,283
3,356
4,429
5,502
6,575
7,648
8,721
9,794
10,867
11,940
12,1013
13,1086
14,1159
15,1232
16,1305
17,1378
18,1451
19,1524
20,1597
21,1670
22,1743
23,1816
24,1889
25,1962
26,2035
27,2108
28,2181
29,2254
30,2327
31,2400
32,2473
33,2546
34,2619
35,2692
36,2765
37,2838
38,2911
39,2984
40,3057
41,3130
42,3203
43,3276
44,3349
45,3422
46,3495
47,3568
48,3641
49,3714
50,3787
51,3860
52,3933
53,4006
54,4079
55,4152
56,4225
57,4298
58,4371
59,4444
60,4517
61,4590
62,4663
63,4736
64,4809
65,4882
66,4955
67,5028
68,5101
69,5174
70,5247
71,5320
72,5393
73,5466
74,5539
75,5612
76,5685
77,5758
78,5831
79,5904
80,5977
81,6050
82,6123
83,6196
84,6269
85,6342
86,6415
87,6488
88,6561
89,6634
90,6707
91,6780
92,6853
93,6926
94,6999
95,7072
96,7145
97,7218
98,7291
99,7364
100,7437
101,7510
102,7583
103,7656
104,7729
105,7802
106,7875
107,7948
108,8021
109,8094
110,8167
111,8240
112,8313
113,8386
114,8459
115,8532
116,8605
117,8678
118,8751
119,8824
120,8897
121,8970
122,9043
123,9116
124,9189
125,9262
126,9335
127,9408
128,9481
129,9554
130,9627
131,9700
132,9773
133,9846
134,9919
135,9992
136,10065
137,10138
138,10211
139,10284
140,10357
141,10430
142,10503
143,10576
144,10649
145,10722
146,10795
147,10868
148,10941
149,11014
150,11087
151,11160
152,11233
153,11306
154,11379
155,11452
156,11525
157,11598
158,11671
159,11744
160,11817
161,11890
162,11963
163,12036
164,12109
165,12182
166,12255
167,12328
168,12401
169,12474
170,12547
171,12620
172,12693
173,12766
174,12839
175,12912
176,12985
177,13058
178,13131
179,13204
180,13277
181,13350
182,13423
183,13496
184,13569
185,13642
186,13715
187,13788
188,13861
189,13934
190,14007
191,14080
192,14153
193,14226
194,14299
195,14372
196,14445
197,14518
198,14591
199,14664
200,14737
201,14810
202,14883
203,14956
204,15029
205,15102
206,15175
207,15248
208,15321
209,15394
210,15467
211,15540
212,15613
213,15686
214,15759
215,15832
216,15905
217,15978
218,16051
219,16124
220,16197
221,16270
222,16343
223,16416
224,16489
225,16562
226,16635
227,16708
228,16781
229,16854
230,16927
231,17000
232,17073
233,17146
234,17219
235,17292
236,17365
237,17438
238,17511
239,17584
240,17657
241,17730
242,17803
243,17876
244,17949
245,18022
246,18095
247,18168
248,18241
249,18314
250,18387
251,18460
252,18533
253,18606
254,18679
255,18752
256,18825
257,18898
258,18971
259,19044
260,19117
261,19190
262,19263
263,19336
264,19409
265,19482
266,19555
267,19628
268,19701
269,19774
270,19847
271,19920
272,19993
273,20066
274,20139
275,20212
276,20285
277,20358
278,20431
279,20504
280,20577
281,20650
282,20723
283,20796
284,20869
285,20942
286,21015
287,21088
288,21161
289,21234
290,21307
291,21380
292,21453
293,21526
294,21599
295,21672
296,21745
297,21818
298,21891
299,21964
300,22037
301,22110
302,22183
303,22256
304,22329
305,22402
306,22475
307,22548
308,22621
309,22694
310,22767
311,22840
312,22913
313,22986
314,23059
315,23132
316,23205
317,23278
318,23351
319,23424
320,23497
321,23570
322,23643
323,23716
324,23789
325,23862
326,23935
327,24008
328,24081
329,24154
330,24227
331,24300
332,24373
333,24446
334,24519
335,24592
336,24665
337,24738
338,24811
339,24884
340,24957
341,25030
342,25103
343,25176
344,25249
345,25322
346,25395
347,25468
348,25541
349,25614
350,25687
351,25760
352,25833
353,25906
354,25979
355,26052
356,26125
357,26198
358,26271
359,26344
360,26417
361,26490
362,26563
363,26636
364,26709
365,26782
366,26855
367,26928
368,27001
369,27074
370,27147
371,27220
372,27293
373,27366
374,27439
375,27512
376,27585
377,27658
378,27731
379,27804
380,27877
381,27950
382,28023
383,28096
384,28169
385,28242
386,28315
387,28388
388,28461
389,28534
390,28607
391,28680
392,28753
393,28826
394,28899
395,28972
396,29045
397,29118
398,29191
399,29264
400,29337
401,29410
402,29483
403,29556
404,29629
405,29702
406,29775
407,29848
408,29921
409,29994
410,30067
411,30140
412,30213
413,30286
414,30359
415,30432
416,30505
417,30578
418,30651
419,30724
420,30797
421,30870
422,30943
423,31016
424,31089
425,31162
426,31235
427,31308
428,31381
429,31454
430,31527
431,31600
432,31673
433,31746
434,31819
435,31892
436,31965
437,32038
438,32111
439,32184
440,32257
441,32330
442,32403
443,32476
444,32549
445,32622
446,32695
447,32768
448,32841
449,32914
450,32987
451,33060
452,33133
453,33206
454,33279
455,33352
456,33425
457,33498
458,33571
459,33644
460,33717
461,33790
462,33863
463,33936
464,34009
465,34082
466,34155
467,34228
468,34301
469,34374
470,34447
471,34520
472,34593
473,34666
474,34739
475,34812
476,34885
477,34958
478,35031
479,35104
480,35177
481,35250
482,35323
483,35396
484,35469
485,35542
486,35615
487,35688
488,35761
489,35834
490,35907
491,35980
492,36053
493,36126
494,36199
495,36272
496,36345
497,36418
498,36491
499,36564
500,36637
501,36710
502,36783
503,36856
504,36929
505,37002
506,37075
507,37148
508,37221
509,37294
510,37367
511,37440
512,37513
513,37586
514,37659
515,37732
516,37805
517,37878
518,37951
519,38024
520,38097
521,38170
522,38243
523,38316
524,38389
525,38462
526,38535
527,38608
528,38681
529,38754
530,38827
531,38900
532,38973
533,39046
534,39119
535,39192
536,39265
537,39338
538,39411
539,39484
540,39557
541,39630
542,39703
543,39776
544,39849
545,39922
546,39995
547,40068
548,40141
549,40214
550,40287
551,40360
552,40433
553,40506
554,40579
555,40652
556,40725
557,40798
558,40871
559,40944
560,41017
561,41090
562,41163
563,41236
564,41309
565,41382
566,41455
567,41528
568,41601
569,41674
570,41747
571,41820
572,41893
573,41966
574,42039
575,42112
576,42185
577,42258
578,42331
579,42404
580,42477
581,42550
582,42623
583,42696
584,42769
585,42842
586,42915
587,42988
588,43061
589,43134
590,43207
591,43280
592,43353
593,43426
594,43499
595,43572
596,43645
597,43718
598,43791
599,43864
600,43937
601,44010
602,44083
603,44156
604,44229
605,44302
606,44375
607,44448
608,44521
609,44594
610,44667
611,44740
612,44813
613,44886
614,44959
615,45032
616,45105
617,45178
618,45251
619,45324
620,45397
621,45470
622,45543
623,45616
624,45689
625,45762
626,45835
627,45908
628,45981
629,46054
630,46127
631,46200
632,46273
633,46346
634,46419
635,46492
636,46565
637,46638
638,46711
639,46784
640,46857
641,46930
642,47003
643,47076
644,47149
645,47222
646,47295
647,47368
648,47441
649,47514
650,47587
651,47660
652,47733
653,47806
654,47879
655,47952
656,48025
657,48098
658,48171
659,48244
660,48317
661,48390
662,48463
663,48536
664,48609
665,48682
666,48755
667,48828
668,48901
669,48974
670,49047
671,49120
672,49193
673,49266
674,49339
675,49412
676,49485
677,49558
678,49631
679,49704
680,49777
681,49850
682,49923
683,49996
684,50069
685,50142
686,50215
687,50288
688,50361
689,50434
690,50507
691,50580
692,50653
693,50726
694,50799
695,50872
696,50945
697,51018
698,51091
699,51164
700,51237
701,51310
702,51383
703,51456
704,51529
705,51602
706,51675
707,51748
708,51821
709,51894
710,51967
711,52040
712,52113
713,52186
714,52259
715,52332
716,52405
717,52478
718,52551
719,52624
720,52697
721,52770
722,52843
723,52916
724,52989
725,53062
726,53135
727,53208
728,53281
729,53354
730,53427
731,53500
732,53573
733,53646
734,53719
735,53792
736,53865
737,53938
738,54011
739,54084
740,54157
741,54230
742,54303
743,54376
744,54449
745,54522
746,54595
747,54668
748,54741
749,54814
750,54887
751,54960
752,55033
753,55106
754,55179
755,55252
756,55325
757,55398
758,55471
759,55544
760,55617
761,55690
762,55763
763,55836
764,55909
765,55982
766,56055
767,56128
768,56201
769,56274
770,56347
771,56420
772,56493
773,56566
774,56639
775,56712
776,56785
777,56858
778,56931
779,57004
780,57077
781,57150
782,57223
783,57296
784,57369
785,57442
786,57515
787,57588
788,57661
789,57734
790,57807
791,57880
792,57953
793,58026
794,58099
795,58172
796,58245
797,58318
798,58391
799,58464
800,58537
801,58610
802,58683
803,58756
804,58829
805,58902
806,58975
807,59048
808,59121
809,59194
810,59267
811,59340
812,59413
813,59486
814,59559
815,59632
816,59705
817,59778
818,59851
819,59924
820,59997
821,60070
822,60143
823,60216
824,60289
825,60362
826,60435
827,60508
828,60581
829,60654
830,60727
831,60800
832,60873
833,60946
834,61019
835,61092
836,61165
837,61238
838,61311
839,61384
840,61457
841,61530
842,61603
843,61676
844,61749
845,61822
846,61895
847,61968
848,62041
849,62114
850,62187
851,62260
852,62333
853,62406
854,62479
855,62552
856,62625
857,62698
858,62771
859,62844
860,62917
861,62990
862,63063
863,63136
864,63209
865,63282
866,63355
867,63428
868,63501
869,63574
870,63647
871,63720
872,63793
873,63866
874,63939
875,64012
876,64085
877,64158
878,64231
879,64304
880,64377
881,64450
882,64523
883,64596
884,64669
885,64742
886,64815
887,64888
888,64961
889,65034
890,65107
891,65180
892,65253
893,65326
894,65399
895,65472
896,65545
897,65618
898,65691
899,65764
900,65837
901,65910
902,65983
903,66056
904,66129
905,66202
906,66275
907,66348
908,66421
909,66494
910,66567
911,66640
912,66713
913,66786
914,66859
915,66932
916,67005
917,67078
918,67151
919,67224
920,67297
921,67370
922,67443
923,67516
924,67589
925,67662
926,67735
927,67808
928,67881
929,67954
930,68027
931,68100
932,68173
933,68246
934,68319
935,68392
936,68465
937,68538
938,68611
939,68684
940,68757
941,68830
942,68903
943,68976
944,69049
945,69122
946,69195
947,69268
948,69341
949,69414
950,69487
951,69560
952,69633
953,69706
954,69779
955,69852
956,69925
957,69998
958,70071
959,70144
960,70217
961,70290
962,70363
963,70436
964,70509
965,70582
966,70655
967,70728
968,70801
969,70874
970,70947
971,71020
972,71093
973,71166
974,71239
975,71312
976,71385
977,71458
978,71531
979,71604
980,71677
981,71750
982,71823
983,71896
984,71969
985,72042
986,72115
987,72188
988,72261
989,72334
990,72407
991,72480
992,72553
993,72626
994,72699
995,72772
996,72845
997,72918
998,72991
999,73064
1000,73137
1001,73210
1002,73283
1003,73356
1004,73429
1005,73502
1006,73575
1007,73648
1008,73721
1009,73794
1010,73867
1011,73940
1012,74013
1013,74086
1014,74159
1015,74232
1016,74305
1017,74378
1018,74451
1019,74524
1020,74597
1021,74670
1022,74743
1023,74816
1024,74889
1025,74962
1026,75035
1027,75108
1028,75181
1029,75254
1030,75327
1031,75400
1032,75473
1033,75546
1034,75619
1035,75692
1036,75765
1037,75838
1038,75911
1039,75984
1040,76057
1041,76130
1042,76203
1043,76276
1044,76349
1045,76422
1046,76495
1047,76568
1048,76641
1049,76714
1050,76787
1051,76860
1052,76933
1053,77006
1054,77079
1055,77152
1056,77225
1057,77298
1058,77371
1059,77444
1060,77517
1061,77590
1062,77663
1063,77736
1064,77809
1065,77882
1066,77955
1067,78028
1068,78101
1069,78174
1070,78247
1071,78320
1072,78393
1073,78466
1074,78539
1075,78612
1076,78685
1077,78758
1078,78831
1079,78904
1080,78977
1081,79050
1082,79123
1083,79196
1084,79269
1085,79342
1086,79415
1087,79488
1088,79561
1089,79634
1090,79707
1091,79780
1092,79853
1093,79926
1094,79999
1095,80072
1096,80145
1097,80218
1098,80291
1099,80364
1100,80437
1101,80510
1102,80583
1103,80656
1104,80729
1105,80802
1106,80875
1107,80948
1108,81021
1109,81094
1110,81167
1111,81240
1112,81313
1113,81386
1114,81459
1115,81532
1116,81605
1117,81678
1118,81751
1119,81824
1120,81897
1121,81970
1122,82043
1123,82116
1124,82189
1125,82262
1126,82335
1127,82408
1128,82481
1129,82554
1130,82627
1131,82700
1132,82773
1133,82846
1134,82919
1135,82992
1136,83065
1137,83138
1138,83211
1139,83284
1140,83357
1141,83430
1142,83503
1143,83576
1144,83649
1145,83722
1146,83795
1147,83868
1148,83941
1149,84014
1150,84087
1151,84160
1152,84233
1153,84306
1154,84379
1155,84452
1156,84525
1157,84598
1158,84671
1159,84744
1160,84817
1161,84890
1162,84963
1163,85036
1164,85109
1165,85182
1166,85255
1167,85328
1168,85401
1169,85474
1170,85547
1171,85620
1172,85693
1173,85766
1174,85839
1175,85912
1176,85985
1177,86058
1178,86131
1179,86204
1180,86277
1181,86350
1182,86423
1183,86496
1184,86569
1185,86642
1186,86715
1187,86788
1188,86861
1189,86934
1190,87007
1191,87080
1192,87153
1193,87226
1194,87299
1195,87372
1196,87445
1197,87518
1198,87591
1199,87664
1200,87737
1201,87810
1202,87883
1203,87956
1204,88029
1205,88102
1206,88175
1207,88248
1208,88321
1209,88394
1210,88467
1211,88540
1212,88613
1213,88686
1214,88759
1215,88832
1216,88905
1217,88978
1218,89051
1219,89124
1220,89197
1221,89270
1222,89343
1223,89416
1224,89489
1225,89562
1226,89635
1227,89708
1228,89781
1229,89854
1230,89927
1231,90000
1232,90073
1233,90146
1234,90219
1235,90292
1236,90365
1237,90438
1238,90511
1239,90584
1240,90657
1241,90730
1242,90803
1243,90876
1244,90949
1245,91022
1246,91095
1247,91168
1248,91241
1249,91314
1250,91387
1251,91460
1252,91533
1253,91606
1254,91679
1255,91752
1256,91825
1257,91898
1258,91971
1259,92044
1260,92117
1261,92190
1262,92263
1263,92336
1264,92409
1265,92482
1266,92555
1267,92628
1268,92701
1269,92774
1270,92847
1271,92920
1272,92993
1273,93066
1274,93139
1275,93212
1276,93285
1277,93358
1278,93431
1279,93504
1280,93577
1281,93650
1282,93723
1283,93796
1284,93869
1285,93942
1286,94015
1287,94088
1288,94161
1289,94234
1290,94307
1291,94380
1292,94453
1293,94526
1294,94599
1295,94672
1296,94745
1297,94818
1298,94891
1299,94964
1300,95037
1301,95110
1302,95183
1303,95256
1304,95329
1305,95402
1306,95475
1307,95548
1308,95621
1309,95694
1310,95767
1311,95840
1312,95913
1313,95986
1314,96059
1315,96132
1316,96205
1317,96278
1318,96351
1319,96424
1320,96497
1321,96570
1322,96643
1323,96716
1324,96789
1325,96862
1326,96935
1327,97008
1328,97081
1329,97154
1330,97227
1331,97300
1332,97373
1333,97446
1334,97519
1335,97592
1336,97665
1337,97738
1338,97811
1339,97884
1340,97957
1341,98030
1342,98103
1343,98176
1344,98249
1345,98322
1346,98395
1347,98468
1348,98541
1349,98614
1350,98687
1351,98760
1352,98833
1353,98906
1354,98979
1355,99052
1356,99125
1357,99198
1358,99271
1359,99344
1360,99417
1361,99490
1362,99563
1363,99636
1364,99709
1365,99782
1366,99855
1367,99928
1368,100001
1369,100074
1370,100147
1371,100220
1372,100293
1373,100366
1374,100439
1375,100512
1376,100585
1377,100658
1378,100731
1379,100804
1380,100877
1381,100950
1382,101023
1383,101096
1384,101169
1385,101242
1386,101315
1387,101388
1388,101461
1389,101534
1390,101607
1391,101680
1392,101753
1393,101826
1394,101899
1395,101972
1396,102045
1397,102118
1398,102191
1399,102264
1400,102337
1401,102410
1402,102483
1403,102556
1404,102629
1405,102702
1406,102775
1407,102848
1408,102921
1409,102994
1410,103067
1411,103140
1412,103213
1413,103286
1414,103359
1415,103432
1416,103505
1417,103578
1418,103651
1419,103724
1420,103797
1421,103870
1422,103943
1423,104016
1424,104089
1425,104162
1426,104235
1427,104308
1428,104381
1429,104454
1430,104527
1431,104600
1432,104673
1433,104746
1434,104819
1435,104892
1436,104965
1437,105038
1438,105111
1439,105184
1440,105257
1441,105330
1442,105403
1443,105476
1444,105549
1445,105622
1446,105695
1447,105768
1448,105841
1449,105914
1450,105987
1451,106060
1452,106133
1453,106206
1454,106279
1455,106352
1456,106425
1457,106498
1458,106571
1459,106644
1460,106717
1461,106790
1462,106863
1463,106936
1464,107009
1465,107082
1466,107155
1467,107228
1468,107301
1469,107374
1470,107447
1471,107520
1472,107593
1473,107666
1474,107739
1475,107812
1476,107885
1477,107958
1478,108031
1479,108104
1480,108177
1481,108250
1482,108323
1483,108396
1484,108469
1485,108542
1486,108615
1487,108688
1488,108761
1489,108834
1490,108907
1491,108980
1492,109053
1493,109126
1494,109199
1495,109272
1496,109345
1497,109418
1498,109491
1499,109564
1500,109637
1501,109710
1502,109783
1503,109856
1504,109929
1505,110002
1506,110075
1507,110148
1508,110221
1509,110294
1510,110367
1511,110440
1512,110513
1513,110586
1514,110659
1515,110732
1516,110805
1517,110878
1518,110951
1519,111024
1520,111097
1521,111170
1522,111243
1523,111316
1524,111389
1525,111462
1526,111535
1527,111608
1528,111681
1529,111754
1530,111827
1531,111900
1532,111973
1533,112046
1534,112119
1535,112192
1536,112265
1537,112338
1538,112411
1539,112484
1540,112557
1541,112630
1542,112703
1543,112776
1544,112849
1545,112922
1546,112995
1547,113068
1548,113141
1549,113214
1550,113287
1551,113360
1552,113433
1553,113506
1554,113579
1555,113652
1556,113725
1557,113798
1558,113871
1559,113944
1560,114017
1561,114090
1562,114163
1563,114236
1564,114309
1565,114382
1566,114455
1567,114528
1568,114601
1569,114674
1570,114747
1571,114820
1572,114893
1573,114966
1574,115039
1575,115112
1576,115185
1577,115258
1578,115331
1579,115404
1580,115477
1581,115550
1582,115623
1583,115696
1584,115769
1585,115842
1586,115915
1587,115988
1588,116061
1589,116134
1590,116207
1591,116280
1592,116353
1593,116426
1594,116499
1595,116572
1596,116645
1597,116718
1598,116791
1599,116864
1600,116937
1601,117010
1602,117083
1603,117156
1604,117229
1605,117302
1606,117375
1607,117448
1608,117521
1609,117594
1610,117667
1611,117740
1612,117813
1613,117886
1614,117959
1615,118032
1616,118105
1617,118178
1618,118251
1619,118324
1620,118397
1621,118470
1622,118543
1623,118616
1624,118689
1625,118762
1626,118835
1627,118908
1628,118981
1629,119054
1630,119127
1631,119200
1632,119273
1633,119346
1634,119419
1635,119492
1636,119565
1637,119638
1638,119711
1639,119784
1640,119857
1641,119930
1642,120003
1643,120076
1644,120149
1645,120222
1646,120295
1647,120368
1648,120441
1649,120514
1650,120587
1651,120660
1652,120733
1653,120806
1654,120879
1655,120952
1656,121025
1657,121098
1658,121171
1659,121244
1660,121317
1661,121390
1662,121463
1663,121536
1664,121609
1665,121682
1666,121755
1667,121828
1668,121901
1669,121974
1670,122047
1671,122120
1672,122193
1673,122266
1674,122339
1675,122412
1676,122485
1677,122558
1678,122631
1679,122704
1680,122777
1681,122850
1682,122923
1683,122996
1684,123069
1685,123142
1686,123215
1687,123288
1688,123361
1689,123434
1690,123507
1691,123580
1692,123653
1693,123726
1694,123799
1695,123872
1696,123945
1697,124018
1698,124091
1699,124164
1700,124237
1701,124310
1702,124383
1703,124456
1704,124529
1705,124602
1706,124675
1707,124748
1708,124821
1709,124894
1710,124967
1711,125040
1712,125113
1713,125186
1714,125259
1715,125332
1716,125405
1717,125478
1718,125551
1719,125624
1720,125697
1721,125770
1722,125843
1723,125916
1724,125989
1725,126062
1726,126135
1727,126208
1728,126281
1729,126354
1730,126427
1731,126500
1732,126573
1733,126646
1734,126719
1735,126792
1736,126865
1737,126938
1738,127011
1739,127084
1740,127157
1741,127230
1742,127303
1743,127376
1744,127449
1745,127522
1746,127595
1747,127668
1748,127741
1749,127814
1750,127887
1751,127960
1752,128033
1753,128106
1754,128179
1755,128252
1756,128325
1757,128398
1758,128471
1759,128544
1760,128617
1761,128690
1762,128763
1763,128836
1764,128909
1765,128982
1766,129055
1767,129128
1768,129201
1769,129274
1770,129347
1771,129420
1772,129493
1773,129566
1774,129639
1775,129712
1776,129785
1777,129858
1778,129931
1779,130004
1780,130077
1781,130150
1782,130223
1783,130296
1784,130369
1785,130442
1786,130515
1787,130588
1788,130661
1789,130734
1790,130807
1791,130880
1792,130953
1793,131026
1794,131099
1795,131172
1796,131245
1797,131318
1798,131391
1799,131464
1800,131537
1801,131610
1802,131683
1803,131756
1804,131829
1805,131902
1806,131975
1807,132048
1808,132121
1809,132194
1810,132267
1811,132340
1812,132413
1813,132486
1814,132559
1815,132632
1816,132705
1817,132778
1818,132851
1819,132924
1820,132997
1821,133070
1822,133143
1823,133216
1824,133289
1825,133362
1826,133435
1827,133508
1828,133581
1829,133654
1830,133727
1831,133800
1832,133873
1833,133946
1834,134019
1835,134092
1836,134165
1837,134238
1838,134311
1839,134384
1840,134457
1841,134530
1842,134603
1843,134676
1844,134749
1845,134822
1846,134895
1847,134968
1848,135041
1849,135114
1850,135187
1851,135260
1852,135333
1853,135406
1854,135479
1855,135552
1856,135625
1857,135698
1858,135771
1859,135844
1860,135917
1861,135990
1862,136063
1863,136136
1864,136209
1865,136282
1866,136355
1867,136428
1868,136501
1869,136574
1870,136647
1871,136720
1872,136793
1873,136866
1874,136939
1875,137012
1876,137085
1877,137158
1878,137231
1879,137304
1880,137377
1881,137450
1882,137523
1883,137596
1884,137669
1885,137742
1886,137815
1887,137888
1888,137961
1889,138034
1890,138107
1891,138180
1892,138253
1893,138326
1894,138399
1895,138472
1896,138545
1897,138618
1898,138691
1899,138764
1900,138837
1901,138910
1902,138983
1903,139056
1904,139129
1905,139202
1906,139275
1907,139348
1908,139421
1909,139494
1910,139567
1911,139640
1912,139713
1913,139786
1914,139859
1915,139932
1916,140005
1917,140078
1918,140151
1919,140224
1920,140297
1921,140370
1922,140443
1923,140516
1924,140589
1925,140662
1926,140735
1927,140808
1928,140881
1929,140954
1930,141027
1931,141100
1932,141173
1933,141246
1934,141319
1935,141392
1936,141465
1937,141538
1938,141611
1939,141684
1940,141757
1941,141830
1942,141903
1943,141976
1944,142049
1945,142122
1946,142195
1947,142268
1948,142341
1949,142414
1950,142487
1951,142560
1952,142633
1953,142706
1954,142779
1955,142852
1956,142925
1957,142998
1958,143071
1959,143144
1960,143217
1961,143290
1962,143363
1963,143436
1964,143509
1965,143582
1966,143655
1967,143728
1968,143801
1969,143874
1970,143947
1971,144020
1972,144093
1973,144166
1974,144239
1975,144312
1976,144385
1977,144458
1978,144531
1979,144604
1980,144677
1981,144750
1982,144823
1983,144896
1984,144969
1985,145042
1986,145115
1987,145188
1988,145261
1989,145334
1990,145407
1991,145480
1992,145553
1993,145626
1994,145699
1995,145772
1996,145845
1997,145918
1998,145991
1999,146064
2000,146137
2001,146210
2002,146283
2003,146356
2004,146429
2005,146502
2006,146575
2007,146648
2008,146721
2009,146794
2010,146867
2011,146940
2012,147013
2013,147086
2014,147159
2015,147232
2016,147305
2017,147378
2018,147451
2019,147524
2020,147597
2021,147670
2022,147743
2023,147816
2024,147889
2025,147962
2026,148035
2027,148108
2028,148181
2029,148254
2030,148327
2031,148400
2032,148473
2033,148546
2034,148619
2035,148692
2036,148765
2037,148838
2038,148911
2039,148984
2040,149057
2041,149130
2042,149203
2043,149276
2044,149349
2045,149422
2046,149495
2047,149568
2048,149641
2049,149714
2050,149787
2051,149860
2052,149933
2053,150006
2054,150079
2055,150152
2056,150225
2057,150298
2058,150371
2059,150444
2060,150517
2061,150590
2062,150663
2063,150736
2064,150809
2065,150882
2066,150955
2067,151028
2068,151101
2069,151174
2070,151247
2071,151320
2072,151393
2073,151466
2074,151539
2075,151612
2076,151685
2077,151758
2078,151831
2079,151904
2080,151977
2081,152050
2082,152123
2083,152196
2084,152269
2085,152342
2086,152415
2087,152488
2088,152561
2089,152634
2090,152707
2091,152780
2092,152853
2093,152926
2094,152999
2095,153072
2096,153145
2097,153218
2098,153291
2099,153364
2100,153437
2101,153510
2102,153583
2103,153656
2104,153729
2105,153802
2106,153875
2107,153948
2108,154021
2109,154094
2110,154167
2111,154240
2112,154313
2113,154386
2114,154459
2115,154532
2116,154605
2117,154678
2118,154751
2119,154824
2120,154897
2121,154970
2122,155043
2123,155116
2124,155189
2125,155262
2126,155335
2127,155408
2128,155481
2129,155554
2130,155627
2131,155700
2132,155773
2133,155846
2134,155919
2135,155992
2136,156065
2137,156138
2138,156211
2139,156284
2140,156357
2141,156430
2142,156503
2143,156576
2144,156649
2145,156722
2146,156795
2147,156868
2148,156941
2149,157014
2150,157087
2151,157160
2152,157233
2153,157306
2154,157379
2155,157452
2156,157525
2157,157598
2158,157671
2159,157744
2160,157817
2161,157890
2162,157963
2163,158036
2164,158109
2165,158182
2166,158255
2167,158328
2168,158401
2169,158474
2170,158547
2171,158620
2172,158693
2173,158766
2174,158839
2175,158912
2176,158985
2177,159058
2178,159131
2179,159204
2180,159277
2181,159350
2182,159423
2183,159496
2184,159569
2185,159642
2186,159715
2187,159788
2188,159861
2189,159934
2190,160007
2191,160080
2192,160153
2193,160226
2194,160299
2195,160372
2196,160445
2197,160518
2198,160591
2199,160664
2200,160737
2201,160810
2202,160883
2203,160956
2204,161029
2205,161102
2206,161175
2207,161248
2208,161321
2209,161394
2210,161467
2211,161540
2212,161613
2213,161686
2214,161759
2215,161832
2216,161905
2217,161978
2218,162051
2219,162124
2220,162197
2221,162270
2222,162343
2223,162416
2224,162489
2225,162562
2226,162635
2227,162708
2228,162781
2229,162854
2230,162927
2231,163000
2232,163073
2233,163146
2234,163219
2235,163292
2236,163365
2237,163438
2238,163511
2239,163584
2240,163657
2241,163730
2242,163803
2243,163876
2244,163949
2245,164022
2246,164095
2247,164168
2248,164241
2249,164314
2250,164387
2251,164460
2252,164533
2253,164606
2254,164679
2255,164752
2256,164825
2257,164898
2258,164971
2259,165044
2260,165117
2261,165190
2262,165263
2263,165336
2264,165409
2265,165482
2266,165555
2267,165628
2268,165701
2269,165774
2270,165847
2271,165920
2272,165993
2273,166066
2274,166139
2275,166212
2276,166285
2277,166358
2278,166431
2279,166504
2280,166577
2281,166650
2282,166723
2283,166796
2284,166869
2285,166942
2286,167015
2287,167088
2288,167161
2289,167234
2290,167307
2291,167380
2292,167453
2293,167526
2294,167599
2295,167672
2296,167745
2297,167818
2298,167891
2299,167964
2300,168037
2301,168110
2302,168183
2303,168256
2304,168329
2305,168402
2306,168475
2307,168548
2308,168621
2309,168694
2310,168767
2311,168840
2312,168913
2313,168986
2314,169059
2315,169132
2316,169205
2317,169278
2318,169351
2319,169424
2320,169497
2321,169570
2322,169643
2323,169716
2324,169789
2325,169862
2326,169935
2327,170008
2328,170081
2329,170154
2330,170227
2331,170300
2332,170373
2333,170446
2334,170519
2335,170592
2336,170665
2337,170738
2338,170811
2339,170884
2340,170957
2341,171030
2342,171103
2343,171176
2344,171249
2345,171322
2346,171395
2347,171468
2348,171541
2349,171614
2350,171687
2351,171760
2352,171833
2353,171906
2354,171979
2355,172052
2356,172125
2357,172198
2358,172271
2359,172344
2360,172417
2361,172490
2362,172563
2363,172636
2364,172709
2365,172782
2366,172855
2367,172928
2368,173001
2369,173074
2370,173147
2371,173220
2372,173293
2373,173366
2374,173439
2375,173512
2376,173585
2377,173658
2378,173731
2379,173804
2380,173877
2381,173950
2382,174023
2383,174096
2384,174169
2385,174242
2386,174315
2387,174388
2388,174461
2389,174534
2390,174607
2391,174680
2392,174753
2393,174826
2394,174899
2395,174972
2396,175045
2397,175118
2398,175191
2399,175264
2400,175337
2401,175410
2402,175483
2403,175556
2404,175629
2405,175702
2406,175775
2407,175848
2408,175921
2409,175994
2410,176067
2411,176140
2412,176213
2413,176286
2414,176359
2415,176432
2416,176505
2417,176578
2418,176651
2419,176724
2420,176797
2421,176870
2422,176943
2423,177016
2424,177089
2425,177162
2426,177235
2427,177308
2428,177381
2429,177454
2430,177527
2431,177600
2432,177673
2433,177746
2434,177819
2435,177892
2436,177965
2437,178038
2438,178111
2439,178184
2440,178257
2441,178330
2442,178403
2443,178476
2444,178549
2445,178622
2446,178695
2447,178768
2448,178841
2449,178914
2450,178987
2451,179060
2452,179133
2453,179206
2454,179279
2455,179352
2456,179425
2457,179498
2458,179571
2459,179644
2460,179717
2461,179790
2462,179863
2463,179936
2464,180009
2465,180082
2466,180155
2467,180228
2468,180301
2469,180374
2470,180447
2471,180520
2472,180593
2473,180666
2474,180739
2475,180812
2476,180885
2477,180958
2478,181031
2479,181104
2480,181177
2481,181250
2482,181323
2483,181396
2484,181469
2485,181542
2486,181615
2487,181688
2488,181761
2489,181834
2490,181907
2491,181980
2492,182053
2493,182126
2494,182199
2495,182272
2496,182345
2497,182418
2498,182491
2499,182564
2500,182637
2501,182710
2502,182783
2503,182856
2504,182929
2505,183002
2506,183075
2507,183148
2508,183221
2509,183294
2510,183367
2511,183440
2512,183513
2513,183586
2514,183659
2515,183732
2516,183805
2517,183878
2518,183951
2519,184024
2520,184097
2521,184170
2522,184243
2523,184316
2524,184389
2525,184462
2526,184535
2527,184608
2528,184681
2529,184754
2530,184827
2531,184900
2532,184973
2533,185046
2534,185119
2535,185192
2536,185265
2537,185338
2538,185411
2539,185484
2540,185557
2541,185630
2542,185703
2543,185776
2544,185849
2545,185922
2546,185995
2547,186068
2548,186141
2549,186214
2550,186287
2551,186360
2552,186433
2553,186506
2554,186579
2555,186652
2556,186725
2557,186798
2558,186871
2559,186944
2560,187017
2561,187090
2562,187163
2563,187236
2564,187309
2565,187382
2566,187455
2567,187528
2568,187601
2569,187674
2570,187747
2571,187820
2572,187893
2573,187966
2574,188039
2575,188112
2576,188185
2577,188258
2578,188331
2579,188404
2580,188477
2581,188550
2582,188623
2583,188696
2584,188769
2585,188842
2586,188915
2587,188988
2588,189061
2589,189134
2590,189207
2591,189280
2592,189353
2593,189426
2594,189499
2595,189572
2596,189645
2597,189718
2598,189791
2599,189864
2600,189937
2601,190010
2602,190083
2603,190156
2604,190229
2605,190302
2606,190375
2607,190448
2608,190521
2609,190594
2610,190667
2611,190740
2612,190813
2613,190886
2614,190959
2615,191032
2616,191105
2617,191178
2618,191251
2619,191324
2620,191397
2621,191470
2622,191543
2623,191616
2624,191689
2625,191762
2626,191835
2627,191908
2628,191981
2629,192054
2630,192127
2631,192200
2632,192273
2633,192346
2634,192419
2635,192492
2636,192565
2637,192638
2638,192711
2639,192784
2640,192857
2641,192930
2642,193003
2643,193076
2644,193149
2645,193222
2646,193295
2647,193368
2648,193441
2649,193514
2650,193587
2651,193660
2652,193733
2653,193806
2654,193879
2655,193952
2656,194025
2657,194098
2658,194171
2659,194244
2660,194317
2661,194390
2662,194463
2663,194536
2664,194609
2665,194682
2666,194755
2667,194828
2668,194901
2669,194974
2670,195047
2671,195120
2672,195193
2673,195266
2674,195339
2675,195412
2676,195485
2677,195558
2678,195631
2679,195704
2680,195777
2681,195850
2682,195923
2683,195996
2684,196069
2685,196142
2686,196215
2687,196288
2688,196361
2689,196434
2690,196507
2691,196580
2692,196653
2693,196726
2694,196799
2695,196872
2696,196945
2697,197018
2698,197091
2699,197164
2700,197237
2701,197310
2702,197383
2703,197456
2704,197529
2705,197602
2706,197675
2707,197748
2708,197821
2709,197894
2710,197967
2711,198040
2712,198113
2713,198186
2714,198259
2715,198332
2716,198405
2717,198478
2718,198551
2719,198624
2720,198697
2721,198770
2722,198843
2723,198916
2724,198989
2725,199062
2726,199135
2727,199208
2728,199281
2729,199354
2730,199427
2731,199500
2732,199573
2733,199646
2734,199719
2735,199792
2736,199865
2737,199938
2738,200011
2739,200084
2740,200157
2741,200230
2742,200303
2743,200376
2744,200449
2745,200522
2746,200595
2747,200668
2748,200741
2749,200814
2750,200887
2751,200960
2752,201033
2753,201106
2754,201179
2755,201252
2756,201325
2757,201398
2758,201471
2759,201544
2760,201617
2761,201690
2762,201763
2763,201836
2764,201909
2765,201982
2766,202055
2767,202128
2768,202201
2769,202274
2770,202347
2771,202420
2772,202493
2773,202566
2774,202639
2775,202712
2776,202785
2777,202858
2778,202931
2779,203004
2780,203077
2781,203150
2782,203223
2783,203296
2784,203369
2785,203442
2786,203515
2787,203588
2788,203661
2789,203734
2790,203807
2791,203880
2792,203953
2793,204026
2794,204099
2795,204172
2796,204245
2797,204318
2798,204391
2799,204464
2800,204537
2801,204610
2802,204683
2803,204756
2804,204829
2805,204902
2806,204975
2807,205048
2808,205121
2809,205194
2810,205267
2811,205340
2812,205413
2813,205486
2814,205559
2815,205632
2816,205705
2817,205778
2818,205851
2819,205924
2820,205997
2821,206070
2822,206143
2823,206216
2824,206289
2825,206362
2826,206435
2827,206508
2828,206581
2829,206654
2830,206727
2831,206800
2832,206873
2833,206946
2834,207019
2835,207092
2836,207165
2837,207238
2838,207311
2839,207384
2840,207457
2841,207530
2842,207603
2843,207676
2844,207749
2845,207822
2846,207895
2847,207968
2848,208041
2849,208114
2850,208187
2851,208260
2852,208333
2853,208406
2854,208479
2855,208552
2856,208625
2857,208698
2858,208771
2859,208844
2860,208917
2861,208990
2862,209063
2863,209136
2864,209209
2865,209282
2866,209355
2867,209428
2868,209501
2869,209574
2870,209647
2871,209720
2872,209793
2873,209866
2874,209939
2875,210012
2876,210085
2877,210158
2878,210231
2879,210304
2880,210377
2881,210450
2882,210523
2883,210596
2884,210669
2885,210742
2886,210815
2887,210888
2888,210961
2889,211034
2890,211107
2891,211180
2892,211253
2893,211326
2894,211399
2895,211472
2896,211545
2897,211618
2898,211691
2899,211764
2900,211837
2901,211910
2902,211983
2903,212056
2904,212129
2905,212202
2906,212275
2907,212348
2908,212421
2909,212494
2910,212567
2911,212640
2912,212713
2913,212786
2914,212859
2915,212932
2916,213005
2917,213078
2918,213151
2919,213224
2920,213297
2921,213370
2922,213443
2923,213516
2924,213589
2925,213662
2926,213735
2927,213808
2928,213881
2929,213954
2930,214027
2931,214100
2932,214173
2933,214246
2934,214319
2935,214392
2936,214465
2937,214538
2938,214611
2939,214684
2940,214757
2941,214830
2942,214903
2943,214976
2944,215049
2945,215122
2946,215195
2947,215268
2948,215341
2949,215414
2950,215487
2951,215560
2952,215633
2953,215706
2954,215779
2955,215852
2956,215925
2957,215998
2958,216071
2959,216144
2960,216217
2961,216290
2962,216363
2963,216436
2964,216509
2965,216582
2966,216655
2967,216728
2968,216801
2969,216874
2970,216947
2971,217020
2972,217093
2973,217166
2974,217239
2975,217312
2976,217385
2977,217458
2978,217531
2979,217604
2980,217677
2981,217750
2982,217823
2983,217896
2984,217969
2985,218042
2986,218115
2987,218188
2988,218261
2989,218334
2990,218407
2991,218480
2992,218553
2993,218626
2994,218699
2995,218772
2996,218845
2997,218918
2998,218991
2999,219064
3000,219137
3001,219210
3002,219283
3003,219356
3004,219429
3005,219502
3006,219575
3007,219648
3008,219721
3009,219794
3010,219867
3011,219940
3012,220013
3013,220086
3014,220159
3015,220232
3016,220305
3017,220378
3018,220451
3019,220524
3020,220597
3021,220670
3022,220743
3023,220816
3024,220889
3025,220962
3026,221035
3027,221108
3028,221181
3029,221254
3030,221327
3031,221400
3032,221473
3033,221546
3034,221619
3035,221692
3036,221765
3037,221838
3038,221911
3039,221984
3040,222057
3041,222130
3042,222203
3043,222276
3044,222349
3045,222422
3046,222495
3047,222568
3048,222641
3049,222714
3050,222787
3051,222860
3052,222933
3053,223006
3054,223079
3055,223152
3056,223225
3057,223298
3058,223371
3059,223444
3060,223517
3061,223590
3062,223663
3063,223736
3064,223809
3065,223882
3066,223955
3067,224028
3068,224101
3069,224174
3070,224247
3071,224320
3072,224393
3073,224466
3074,224539
3075,224612
3076,224685
3077,224758
3078,224831
3079,224904
3080,224977
3081,225050
3082,225123
3083,225196
3084,225269
3085,225342
3086,225415
3087,225488
3088,225561
3089,225634
3090,225707
3091,225780
3092,225853
3093,225926
3094,225999
3095,226072
3096,226145
3097,226218
3098,226291
3099,226364
3100,226437
3101,226510
3102,226583
3103,226656
3104,226729
3105,226802
3106,226875
3107,226948
3108,227021
3109,227094
3110,227167
3111,227240
3112,227313
3113,227386
3114,227459
3115,227532
3116,227605
3117,227678
3118,227751
3119,227824
3120,227897
3121,227970
3122,228043
3123,228116
3124,228189
3125,228262
3126,228335
3127,228408
3128,228481
3129,228554
3130,228627
3131,228700
3132,228773
3133,228846
3134,228919
3135,228992
3136,229065
3137,229138
3138,229211
3139,229284
3140,229357
3141,229430
3142,229503
3143,229576
3144,229649
3145,229722
3146,229795
3147,229868
3148,229941
3149,230014
3150,230087
3151,230160
3152,230233
3153,230306
3154,230379
3155,230452
3156,230525
3157,230598
3158,230671
3159,230744
3160,230817
3161,230890
3162,230963
3163,231036
3164,231109
3165,231182
3166,231255
3167,231328
3168,231401
3169,231474
3170,231547
3171,231620
3172,231693
3173,231766
3174,231839
3175,231912
3176,231985
3177,232058
3178,232131
3179,232204
3180,232277
3181,232350
3182,232423
3183,232496
3184,232569
3185,232642
3186,232715
3187,232788
3188,232861
3189,232934
3190,233007
3191,233080
3192,233153
3193,233226
3194,233299
3195,233372
3196,233445
3197,233518
3198,233591
3199,233664
3200,233737
3201,233810
3202,233883
3203,233956
3204,234029
3205,234102
3206,234175
3207,234248
3208,234321
3209,234394
3210,234467
3211,234540
3212,234613
3213,234686
3214,234759
3215,234832
3216,234905
3217,234978
3218,235051
3219,235124
3220,235197
3221,235270
3222,235343
3223,235416
3224,235489
3225,235562
3226,235635
3227,235708
3228,235781
3229,235854
3230,235927
3231,236000
3232,236073
3233,236146
3234,236219
3235,236292
3236,236365
3237,236438
3238,236511
3239,236584
3240,236657
3241,236730
3242,236803
3243,236876
3244,236949
3245,237022
3246,237095
3247,237168
3248,237241
3249,237314
3250,237387
3251,237460
3252,237533
3253,237606
3254,237679
3255,237752
3256,237825
3257,237898
3258,237971
3259,238044
3260,238117
3261,238190
3262,238263
3263,238336
3264,238409
3265,238482
3266,238555
3267,238628
3268,238701
3269,238774
3270,238847
3271,238920
3272,238993
3273,239066
3274,239139
3275,239212
3276,239285
3277,239358
3278,239431
3279,239504
3280,239577
3281,239650
3282,239723
3283,239796
3284,239869
3285,239942
3286,240015
3287,240088
3288,240161
3289,240234
3290,240307
3291,240380
3292,240453
3293,240526
3294,240599
3295,240672
3296,240745
3297,240818
3298,240891
3299,240964
3300,241037
3301,241110
3302,241183
3303,241256
3304,241329
3305,241402
3306,241475
3307,241548
3308,241621
3309,241694
3310,241767
3311,241840
3312,241913
3313,241986
3314,242059
3315,242132
3316,242205
3317,242278
3318,242351
3319,242424
3320,242497
3321,242570
3322,242643
3323,242716
3324,242789
3325,242862
3326,242935
3327,243008
3328,243081
3329,243154
3330,243227
3331,243300
3332,243373
3333,243446
3334,243519
3335,243592
3336,243665
3337,243738
3338,243811
3339,243884
3340,243957
3341,244030
3342,244103
3343,244176
3344,244249
3345,244322
3346,244395
3347,244468
3348,244541
3349,244614
3350,244687
3351,244760
3352,244833
3353,244906
3354,244979
3355,245052
3356,245125
3357,245198
3358,245271
3359,245344
3360,245417
3361,245490
3362,245563
3363,245636
3364,245709
3365,245782
3366,245855
3367,245928
3368,246001
3369,246074
3370,246147
3371,246220
3372,246293
3373,246366
3374,246439
3375,246512
3376,246585
3377,246658
3378,246731
3379,246804
3380,246877
3381,246950
3382,247023
3383,247096
3384,247169
3385,247242
3386,247315
3387,247388
3388,247461
3389,247534
3390,247607
3391,247680
3392,247753
3393,247826
3394,247899
3395,247972
3396,248045
3397,248118
3398,248191
3399,248264
3400,248337
3401,248410
3402,248483
3403,248556
3404,248629
3405,248702
3406,248775
3407,248848
3408,248921
3409,248994
3410,249067
3411,249140
3412,249213
3413,249286
3414,249359
3415,249432
3416,249505
3417,249578
3418,249651
3419,249724
3420,249797
3421,249870
3422,249943
3423,250016
3424,250089
3425,250162
3426,250235
3427,250308
3428,250381
3429,250454
3430,250527
3431,250600
3432,250673
3433,250746
3434,250819
3435,250892
3436,250965
3437,251038
3438,251111
3439,251184
3440,251257
3441,251330
3442,251403
3443,251476
3444,251549
3445,251622
3446,251695
3447,251768
3448,251841
3449,251914
3450,251987
3451,252060
3452,252133
3453,252206
3454,252279
3455,252352
3456,252425
3457,252498
3458,252571
3459,252644
3460,252717
3461,252790
3462,252863
3463,252936
3464,253009
3465,253082
3466,253155
3467,253228
3468,253301
3469,253374
3470,253447
3471,253520
3472,253593
3473,253666
3474,253739
3475,253812
3476,253885
3477,253958
3478,254031
3479,254104
3480,254177
3481,254250
3482,254323
3483,254396
3484,254469
3485,254542
3486,254615
3487,254688
3488,254761
3489,254834
3490,254907
3491,254980
3492,255053
3493,255126
3494,255199
3495,255272
3496,255345
3497,255418
3498,255491
3499,255564
3500,255637
3501,255710
3502,255783
3503,255856
3504,255929
3505,256002
3506,256075
3507,256148
3508,256221
3509,256294
3510,256367
3511,256440
3512,256513
3513,256586
3514,256659
3515,256732
3516,256805
3517,256878
3518,256951
3519,257024
3520,257097
3521,257170
3522,257243
3523,257316
3524,257389
3525,257462
3526,257535
3527,257608
3528,257681
3529,257754
3530,257827
3531,257900
3532,257973
3533,258046
3534,258119
3535,258192
3536,258265
3537,258338
3538,258411
3539,258484
3540,258557
3541,258630
3542,258703
3543,258776
3544,258849
3545,258922
3546,258995
3547,259068
3548,259141
3549,259214
3550,259287
3551,259360
3552,259433
3553,259506
3554,259579
3555,259652
3556,259725
3557,259798
3558,259871
3559,259944
3560,260017
3561,260090
3562,260163
3563,260236
3564,260309
3565,260382
3566,260455
3567,260528
3568,260601
3569,260674
3570,260747
3571,260820
3572,260893
3573,260966
3574,261039
3575,261112
3576,261185
3577,261258
3578,261331
3579,261404
3580,261477
3581,261550
3582,261623
3583,261696
3584,261769
3585,261842
3586,261915
3587,261988
3588,262061
3589,262134
3590,262207
3591,262280
3592,262353
3593,262426
3594,262499
3595,262572
3596,262645
3597,262718
3598,262791
3599,262864
3600,262937
3601,263010
3602,263083
3603,263156
3604,263229
3605,263302
3606,263375
3607,263448
3608,263521
3609,263594
3610,263667
3611,263740
3612,263813
3613,263886
3614,263959
3615,264032
3616,264105
3617,264178
3618,264251
3619,264324
3620,264397
3621,264470
3622,264543
3623,264616
3624,264689
3625,264762
3626,264835
3627,264908
3628,264981
3629,265054
3630,265127
3631,265200
3632,265273
3633,265346
3634,265419
3635,265492
3636,265565
3637,265638
3638,265711
3639,265784
3640,265857
3641,265930
3642,266003
3643,266076
3644,266149
3645,266222
3646,266295
3647,266368
3648,266441
3649,266514
3650,266587
3651,266660
3652,266733
3653,266806
3654,266879
3655,266952
3656,267025
3657,267098
3658,267171
3659,267244
3660,267317
3661,267390
3662,267463
3663,267536
3664,267609
3665,267682
3666,267755
3667,267828
3668,267901
3669,267974
3670,268047
3671,268120
3672,268193
3673,268266
3674,268339
3675,268412
3676,268485
3677,268558
3678,268631
3679,268704
3680,268777
3681,268850
3682,268923
3683,268996
3684,269069
3685,269142
3686,269215
3687,269288
3688,269361
3689,269434
3690,269507
3691,269580
3692,269653
3693,269726
3694,269799
3695,269872
3696,269945
3697,270018
3698,270091
3699,270164
3700,270237
3701,270310
3702,270383
3703,270456
3704,270529
3705,270602
3706,270675
3707,270748
3708,270821
3709,270894
3710,270967
3711,271040
3712,271113
3713,271186
3714,271259
3715,271332
3716,271405
3717,271478
3718,271551
3719,271624
3720,271697
3721,271770
3722,271843
3723,271916
3724,271989
3725,272062
3726,272135
3727,272208
3728,272281
3729,272354
3730,272427
3731,272500
3732,272573
3733,272646
3734,272719
3735,272792
3736,272865
3737,272938
3738,273011
3739,273084
3740,273157
3741,273230
3742,273303
3743,273376
3744,273449
3745,273522
3746,273595
3747,273668
3748,273741
3749,273814
3750,273887
3751,273960
3752,274033
3753,274106
3754,274179
3755,274252
3756,274325
3757,274398
3758,274471
3759,274544
3760,274617
3761,274690
3762,274763
3763,274836
3764,274909
3765,274982
3766,275055
3767,275128
3768,275201
3769,275274
3770,275347
3771,275420
3772,275493
3773,275566
3774,275639
3775,275712
3776,275785
3777,275858
3778,275931
3779,276004
3780,276077
3781,276150
3782,276223
3783,276296
3784,276369
3785,276442
3786,276515
3787,276588
3788,276661
3789,276734
3790,276807
3791,276880
3792,276953
3793,277026
3794,277099
3795,277172
3796,277245
3797,277318
3798,277391
3799,277464
3800,277537
3801,277610
3802,277683
3803,277756
3804,277829
3805,277902
3806,277975
3807,278048
3808,278121
3809,278194
3810,278267
3811,278340
3812,278413
3813,278486
3814,278559
3815,278632
3816,278705
3817,278778
3818,278851
3819,278924
3820,278997
3821,279070
3822,279143
3823,279216
3824,279289
3825,279362
3826,279435
3827,279508
3828,279581
3829,279654
3830,279727
3831,279800
3832,279873
3833,279946
3834,280019
3835,280092
3836,280165
3837,280238
3838,280311
3839,280384
3840,280457
3841,280530
3842,280603
3843,280676
3844,280749
3845,280822
3846,280895
3847,280968
3848,281041
3849,281114
3850,281187
3851,281260
3852,281333
3853,281406
3854,281479
3855,281552
3856,281625
3857,281698
3858,281771
3859,281844
3860,281917
3861,281990
3862,282063
3863,282136
3864,282209
3865,282282
3866,282355
3867,282428
3868,282501
3869,282574
3870,282647
3871,282720
3872,282793
3873,282866
3874,282939
3875,283012
3876,283085
3877,283158
3878,283231
3879,283304
3880,283377
3881,283450
3882,283523
3883,283596
3884,283669
3885,283742
3886,283815
3887,283888
3888,283961
3889,284034
3890,284107
3891,284180
3892,284253
3893,284326
3894,284399
3895,284472
3896,284545
3897,284618
3898,284691
3899,284764
3900,284837
3901,284910
3902,284983
3903,285056
3904,285129
3905,285202
3906,285275
3907,285348
3908,285421
3909,285494
3910,285567
3911,285640
3912,285713
3913,285786
3914,285859
3915,285932
3916,286005
3917,286078
3918,286151
3919,286224
3920,286297
3921,286370
3922,286443
3923,286516
3924,286589
3925,286662
3926,286735
3927,286808
3928,286881
3929,286954
3930,287027
3931,287100
3932,287173
3933,287246
3934,287319
3935,287392
3936,287465
3937,287538
3938,287611
3939,287684
3940,287757
3941,287830
3942,287903
3943,287976
3944,288049
3945,288122
3946,288195
3947,288268
3948,288341
3949,288414
3950,288487
3951,288560
3952,288633
3953,288706
3954,288779
3955,288852
3956,288925
3957,288998
3958,289071
3959,289144
3960,289217
3961,289290
3962,289363
3963,289436
3964,289509
3965,289582
3966,289655
3967,289728
3968,289801
3969,289874
3970,289947
3971,290020
3972,290093
3973,290166
3974,290239
3975,290312
3976,290385
3977,290458
3978,290531
3979,290604
3980,290677
3981,290750
3982,290823
3983,290896
3984,290969
3985,291042
3986,291115
3987,291188
3988,291261
3989,291334
3990,291407
3991,291480
3992,291553
3993,291626
3994,291699
3995,291772
3996,291845
3997,291918
3998,291991
3999,292064
4000,292137
4001,292210
4002,292283
4003,292356
4004,292429
4005,292502
4006,292575
4007,292648
4008,292721
4009,292794
4010,292867
4011,292940
4012,293013
4013,293086
4014,293159
4015,293232
4016,293305
4017,293378
4018,293451
4019,293524
4020,293597
4021,293670
4022,293743
4023,293816
4024,293889
4025,293962
4026,294035
4027,294108
4028,294181
4029,294254
4030,294327
4031,294400
4032,294473
4033,294546
4034,294619
4035,294692
4036,294765
4037,294838
4038,294911
4039,294984
4040,295057
4041,295130
4042,295203
4043,295276
4044,295349
4045,295422
4046,295495
4047,295568
4048,295641
4049,295714
4050,295787
4051,295860
4052,295933
4053,296006
4054,296079
4055,296152
4056,296225
4057,296298
4058,296371
4059,296444
4060,296517
4061,296590
4062,296663
4063,296736
4064,296809
4065,296882
4066,296955
4067,297028
4068,297101
4069,297174
4070,297247
4071,297320
4072,297393
4073,297466
4074,297539
4075,297612
4076,297685
4077,297758
4078,297831
4079,297904
4080,297977
4081,298050
4082,298123
4083,298196
4084,298269
4085,298342
4086,298415
4087,298488
4088,298561
4089,298634
4090,298707
4091,298780
4092,298853
4093,298926
4094,298999
4095,299072
4096,299145
4097,299218
4098,299291
4099,299364
4100,299437
4101,299510
4102,299583
4103,299656
4104,299729
4105,299802
4106,299875
4107,299948
4108,300021
4109,300094
4110,300167
4111,300240
4112,300313
4113,300386
4114,300459
4115,300532
4116,300605
4117,300678
4118,300751
4119,300824
4120,300897
4121,300970
4122,301043
4123,301116
4124,301189
4125,301262
4126,301335
4127,301408
4128,301481
4129,301554
4130,301627
4131,301700
4132,301773
4133,301846
4134,301919
4135,301992
4136,302065
4137,302138
4138,302211
4139,302284
4140,302357
4141,302430
4142,302503
4143,302576
4144,302649
4145,302722
4146,302795
4147,302868
4148,302941
4149,303014
4150,303087
4151,303160
4152,303233
4153,303306
4154,303379
4155,303452
4156,303525
4157,303598
4158,303671
4159,303744
4160,303817
4161,303890
4162,303963
4163,304036
4164,304109
4165,304182
4166,304255
4167,304328
4168,304401
4169,304474
4170,304547
4171,304620
4172,304693
4173,304766
4174,304839
4175,304912
4176,304985
4177,305058
4178,305131
4179,305204
4180,305277
4181,305350
4182,305423
4183,305496
4184,305569
4185,305642
4186,305715
4187,305788
4188,305861
4189,305934
4190,306007
4191,306080
4192,306153
4193,306226
4194,306299
4195,306372
4196,306445
4197,306518
4198,306591
4199,306664
4200,306737
4201,306810
4202,306883
4203,306956
4204,307029
4205,307102
4206,307175
4207,307248
4208,307321
4209,307394
4210,307467
4211,307540
4212,307613
4213,307686
4214,307759
4215,307832
4216,307905
4217,307978
4218,308051
4219,308124
4220,308197
4221,308270
4222,308343
4223,308416
4224,308489
4225,308562
4226,308635
4227,308708
4228,308781
4229,308854
4230,308927
4231,309000
4232,309073
4233,309146
4234,309219
4235,309292
4236,309365
4237,309438
4238,309511
4239,309584
4240,309657
4241,309730
4242,309803
4243,309876
4244,309949
4245,310022
4246,310095
4247,310168
4248,310241
4249,310314
4250,310387
4251,310460
4252,310533
4253,310606
4254,310679
4255,310752
4256,310825
4257,310898
4258,310971
4259,311044
4260,311117
4261,311190
4262,311263
4263,311336
4264,311409
4265,311482
4266,311555
4267,311628
4268,311701
4269,311774
4270,311847
4271,311920
4272,311993
4273,312066
4274,312139
4275,312212
4276,312285
4277,312358
4278,312431
4279,312504
4280,312577
4281,312650
4282,312723
4283,312796
4284,312869
4285,312942
4286,313015
4287,313088
4288,313161
4289,313234
4290,313307
4291,313380
4292,313453
4293,313526
4294,313599
4295,313672
4296,313745
4297,313818
4298,313891
4299,313964
4300,314037
4301,314110
4302,314183
4303,314256
4304,314329
4305,314402
4306,314475
4307,314548
4308,314621
4309,314694
4310,314767
4311,314840
4312,314913
4313,314986
4314,315059
4315,315132
4316,315205
4317,315278
4318,315351
4319,315424
4320,315497
4321,315570
4322,315643
4323,315716
4324,315789
4325,315862
4326,315935
4327,316008
4328,316081
4329,316154
4330,316227
4331,316300
4332,316373
4333,316446
4334,316519
4335,316592
4336,316665
4337,316738
4338,316811
4339,316884
4340,316957
4341,317030
4342,317103
4343,317176
4344,317249
4345,317322
4346,317395
4347,317468
4348,317541
4349,317614
4350,317687
4351,317760
4352,317833
4353,317906
4354,317979
4355,318052
4356,318125
4357,318198
4358,318271
4359,318344
4360,318417
4361,318490
4362,318563
4363,318636
4364,318709
4365,318782
4366,318855
4367,318928
4368,319001
4369,319074
4370,319147
4371,319220
4372,319293
4373,319366
4374,319439
4375,319512
4376,319585
4377,319658
4378,319731
4379,319804
4380,319877
4381,319950
4382,320023
4383,320096
4384,320169
4385,320242
4386,320315
4387,320388
4388,320461
4389,320534
4390,320607
4391,320680
4392,320753
4393,320826
4394,320899
4395,320972
4396,321045
4397,321118
4398,321191
4399,321264
4400,321337
4401,321410
4402,321483
4403,321556
4404,321629
4405,321702
4406,321775
4407,321848
4408,321921
4409,321994
4410,322067
4411,322140
4412,322213
4413,322286
4414,322359
4415,322432
4416,322505
4417,322578
4418,322651
4419,322724
4420,322797
4421,322870
4422,322943
4423,323016
4424,323089
4425,323162
4426,323235
4427,323308
4428,323381
4429,323454
4430,323527
4431,323600
4432,323673
4433,323746
4434,323819
4435,323892
4436,323965
4437,324038
4438,324111
4439,324184
4440,324257
4441,324330
4442,324403
4443,324476
4444,324549
4445,324622
4446,324695
4447,324768
4448,324841
4449,324914
4450,324987
4451,325060
4452,325133
4453,325206
4454,325279
4455,325352
4456,325425
4457,325498
4458,325571
4459,325644
4460,325717
4461,325790
4462,325863
4463,325936
4464,326009
4465,326082
4466,326155
4467,326228
4468,326301
4469,326374
4470,326447
4471,326520
4472,326593
4473,326666
4474,326739
4475,326812
4476,326885
4477,326958
4478,327031
4479,327104
4480,327177
4481,327250
4482,327323
4483,327396
4484,327469
4485,327542
4486,327615
4487,327688
4488,327761
4489,327834
4490,327907
4491,327980
4492,328053
4493,328126
4494,328199
4495,328272
4496,328345
4497,328418
4498,328491
4499,328564
4500,328637
4501,328710
4502,328783
4503,328856
4504,328929
4505,329002
4506,329075
4507,329148
4508,329221
4509,329294
4510,329367
4511,329440
4512,329513
4513,329586
4514,329659
4515,329732
4516,329805
4517,329878
4518,329951
4519,330024
4520,330097
4521,330170
4522,330243
4523,330316
4524,330389
4525,330462
4526,330535
4527,330608
4528,330681
4529,330754
4530,330827
4531,330900
4532,330973
4533,331046
4534,331119
4535,331192
4536,331265
4537,331338
4538,331411
4539,331484
4540,331557
4541,331630
4542,331703
4543,331776
4544,331849
4545,331922
4546,331995
4547,332068
4548,332141
4549,332214
4550,332287
4551,332360
4552,332433
4553,332506
4554,332579
4555,332652
4556,332725
4557,332798
4558,332871
4559,332944
4560,333017
4561,333090
4562,333163
4563,333236
4564,333309
4565,333382
4566,333455
4567,333528
4568,333601
4569,333674
4570,333747
4571,333820
4572,333893
4573,333966
4574,334039
4575,334112
4576,334185
4577,334258
4578,334331
4579,334404
4580,334477
4581,334550
4582,334623
4583,334696
4584,334769
4585,334842
4586,334915
4587,334988
4588,335061
4589,335134
4590,335207
4591,335280
4592,335353
4593,335426
4594,335499
4595,335572
4596,335645
4597,335718
4598,335791
4599,335864
4600,335937
4601,336010
4602,336083
4603,336156
4604,336229
4605,336302
4606,336375
4607,336448
4608,336521
4609,336594
4610,336667
4611,336740
4612,336813
4613,336886
4614,336959
4615,337032
4616,337105
4617,337178
4618,337251
4619,337324
4620,337397
4621,337470
4622,337543
4623,337616
4624,337689
4625,337762
4626,337835
4627,337908
4628,337981
4629,338054
4630,338127
4631,338200
4632,338273
4633,338346
4634,338419
4635,338492
4636,338565
4637,338638
4638,338711
4639,338784
4640,338857
4641,338930
4642,339003
4643,339076
4644,339149
4645,339222
4646,339295
4647,339368
4648,339441
4649,339514
4650,339587
4651,339660
4652,339733
4653,339806
4654,339879
4655,339952
4656,340025
4657,340098
4658,340171
4659,340244
4660,340317
4661,340390
4662,340463
4663,340536
4664,340609
4665,340682
4666,340755
4667,340828
4668,340901
4669,340974
4670,341047
4671,341120
4672,341193
4673,341266
4674,341339
4675,341412
4676,341485
4677,341558
4678,341631
4679,341704
4680,341777
4681,341850
4682,341923
4683,341996
4684,342069
4685,342142
4686,342215
4687,342288
4688,342361
4689,342434
4690,342507
4691,342580
4692,342653
4693,342726
4694,342799
4695,342872
4696,342945
4697,343018
4698,343091
4699,343164
4700,343237
4701,343310
4702,343383
4703,343456
4704,343529
4705,343602
4706,343675
4707,343748
4708,343821
4709,343894
4710,343967
4711,344040
4712,344113
4713,344186
4714,344259
4715,344332
4716,344405
4717,344478
4718,344551
4719,344624
4720,344697
4721,344770
4722,344843
4723,344916
4724,344989
4725,345062
4726,345135
4727,345208
4728,345281
4729,345354
4730,345427
4731,345500
4732,345573
4733,345646
4734,345719
4735,345792
4736,345865
4737,345938
4738,346011
4739,346084
4740,346157
4741,346230
4742,346303
4743,346376
4744,346449
4745,346522
4746,346595
4747,346668
4748,346741
4749,346814
4750,346887
4751,346960
4752,347033
4753,347106
4754,347179
4755,347252
4756,347325
4757,347398
4758,347471
4759,347544
4760,347617
4761,347690
4762,347763
4763,347836
4764,347909
4765,347982
4766,348055
4767,348128
4768,348201
4769,348274
4770,348347
4771,348420
4772,348493
4773,348566
4774,348639
4775,348712
4776,348785
4777,348858
4778,348931
4779,349004
4780,349077
4781,349150
4782,349223
4783,349296
4784,349369
4785,349442
4786,349515
4787,349588
4788,349661
4789,349734
4790,349807
4791,349880
4792,349953
4793,350026
4794,350099
4795,350172
4796,350245
4797,350318
4798,350391
4799,350464
4800,350537
4801,350610
4802,350683
4803,350756
4804,350829
4805,350902
4806,350975
4807,351048
4808,351121
4809,351194
4810,351267
4811,351340
4812,351413
4813,351486
4814,351559
4815,351632
4816,351705
4817,351778
4818,351851
4819,351924
4820,351997
4821,352070
4822,352143
4823,352216
4824,352289
4825,352362
4826,352435
4827,352508
4828,352581
4829,352654
4830,352727
4831,352800
4832,352873
4833,352946
4834,353019
4835,353092
4836,353165
4837,353238
4838,353311
4839,353384
4840,353457
4841,353530
4842,353603
4843,353676
4844,353749
4845,353822
4846,353895
4847,353968
4848,354041
4849,354114
4850,354187
4851,354260
4852,354333
4853,354406
4854,354479
4855,354552
4856,354625
4857,354698
4858,354771
4859,354844
4860,354917
4861,354990
4862,355063
4863,355136
4864,355209
4865,355282
4866,355355
4867,355428
4868,355501
4869,355574
4870,355647
4871,355720
4872,355793
4873,355866
4874,355939
4875,356012
4876,356085
4877,356158
4878,356231
4879,356304
4880,356377
4881,356450
4882,356523
4883,356596
4884,356669
4885,356742
4886,356815
4887,356888
4888,356961
4889,357034
4890,357107
4891,357180
4892,357253
4893,357326
4894,357399
4895,357472
4896,357545
4897,357618
4898,357691
4899,357764
4900,357837
4901,357910
4902,357983
4903,358056
4904,358129
4905,358202
4906,358275
4907,358348
4908,358421
4909,358494
4910,358567
4911,358640
4912,358713
4913,358786
4914,358859
4915,358932
4916,359005
4917,359078
4918,359151
4919,359224
4920,359297
4921,359370
4922,359443
4923,359516
4924,359589
4925,359662
4926,359735
4927,359808
4928,359881
4929,359954
4930,360027
4931,360100
4932,360173
4933,360246
4934,360319
4935,360392
4936,360465
4937,360538
4938,360611
4939,360684
4940,360757
4941,360830
4942,360903
4943,360976
4944,361049
4945,361122
4946,361195
4947,361268
4948,361341
4949,361414
4950,361487
4951,361560
4952,361633
4953,361706
4954,361779
4955,361852
4956,361925
4957,361998
4958,362071
4959,362144
4960,362217
4961,362290
4962,362363
4963,362436
4964,362509
4965,362582
4966,362655
4967,362728
4968,362801
4969,362874
4970,362947
4971,363020
4972,363093
4973,363166
4974,363239
4975,363312
4976,363385
4977,363458
4978,363531
4979,363604
4980,363677
4981,363750
4982,363823
4983,363896
4984,363969
4985,364042
4986,364115
4987,364188
4988,364261
4989,364334
4990,364407
4991,364480
4992,364553
4993,364626
4994,364699
4995,364772
4996,364845
4997,364918
4998,364991
4999,365064
5000,365137
5001,365210
5002,365283
5003,365356
5004,365429
5005,365502
5006,365575
5007,365648
5008,365721
5009,365794
5010,365867
5011,365940
5012,366013
5013,366086
5014,366159
5015,366232
5016,366305
5017,366378
5018,366451
5019,366524
5020,366597
5021,366670
5022,366743
5023,366816
5024,366889
5025,366962
5026,367035
5027,367108
5028,367181
5029,367254
5030,367327
5031,367400
5032,367473
5033,367546
5034,367619
5035,367692
5036,367765
5037,367838
5038,367911
5039,367984
5040,368057
5041,368130
5042,368203
5043,368276
5044,368349
5045,368422
5046,368495
5047,368568
5048,368641
5049,368714
5050,368787
5051,368860
5052,368933
5053,369006
5054,369079
5055,369152
5056,369225
5057,369298
5058,369371
5059,369444
5060,369517
5061,369590
5062,369663
5063,369736
5064,369809
5065,369882
5066,369955
5067,370028
5068,370101
5069,370174
5070,370247
5071,370320
5072,370393
5073,370466
5074,370539
5075,370612
5076,370685
5077,370758
5078,370831
5079,370904
5080,370977
5081,371050
5082,371123
5083,371196
5084,371269
5085,371342
5086,371415
5087,371488
5088,371561
5089,371634
5090,371707
5091,371780
5092,371853
5093,371926
5094,371999
5095,372072
5096,372145
5097,372218
5098,372291
5099,372364
5100,372437
5101,372510
5102,372583
5103,372656
5104,372729
5105,372802
5106,372875
5107,372948
5108,373021
5109,373094
5110,373167
5111,373240
5112,373313
5113,373386
5114,373459
5115,373532
5116,373605
5117,373678
5118,373751
5119,373824
5120,373897
5121,373970
5122,374043
5123,374116
5124,374189
5125,374262
5126,374335
5127,374408
5128,374481
5129,374554
5130,374627
5131,374700
5132,374773
5133,374846
5134,374919
5135,374992
5136,375065
5137,375138
5138,375211
5139,375284
5140,375357
5141,375430
5142,375503
5143,375576
5144,375649
5145,375722
5146,375795
5147,375868
5148,375941
5149,376014
5150,376087
5151,376160
5152,376233
5153,376306
5154,376379
5155,376452
5156,376525
5157,376598
5158,376671
5159,376744
5160,376817
5161,376890
5162,376963
5163,377036
5164,377109
5165,377182
5166,377255
5167,377328
5168,377401
5169,377474
5170,377547
5171,377620
5172,377693
5173,377766
5174,377839
5175,377912
5176,377985
5177,378058
5178,378131
5179,378204
5180,378277
5181,378350
5182,378423
5183,378496
5184,378569
5185,378642
5186,378715
5187,378788
5188,378861
5189,378934
5190,379007
5191,379080
5192,379153
5193,379226
5194,379299
5195,379372
5196,379445
5197,379518
5198,379591
5199,379664
5200,379737
5201,379810
5202,379883
5203,379956
5204,380029
5205,380102
5206,380175
5207,380248
5208,380321
5209,380394
5210,380467
5211,380540
5212,380613
5213,380686
5214,380759
5215,380832
5216,380905
5217,380978
5218,381051
5219,381124
5220,381197
5221,381270
5222,381343
5223,381416
5224,381489
5225,381562
5226,381635
5227,381708
5228,381781
5229,381854
5230,381927
5231,382000
5232,382073
5233,382146
5234,382219
5235,382292
5236,382365
5237,382438
5238,382511
5239,382584
5240,382657
5241,382730
5242,382803
5243,382876
5244,382949
5245,383022
5246,383095
5247,383168
5248,383241
5249,383314
5250,383387
5251,383460
5252,383533
5253,383606
5254,383679
5255,383752
5256,383825
5257,383898
5258,383971
5259,384044
5260,384117
5261,384190
5262,384263
5263,384336
5264,384409
5265,384482
5266,384555
5267,384628
5268,384701
5269,384774
5270,384847
5271,384920
5272,384993
5273,385066
5274,385139
5275,385212
5276,385285
5277,385358
5278,385431
5279,385504
5280,385577
5281,385650
5282,385723
5283,385796
5284,385869
5285,385942
5286,386015
5287,386088
5288,386161
5289,386234
5290,386307
5291,386380
5292,386453
5293,386526
5294,386599
5295,386672
5296,386745
5297,386818
5298,386891
5299,386964
5300,387037
5301,387110
5302,387183
5303,387256
5304,387329
5305,387402
5306,387475
5307,387548
5308,387621
5309,387694
5310,387767
5311,387840
5312,387913
5313,387986
5314,388059
5315,388132
5316,388205
5317,388278
5318,388351
5319,388424
5320,388497
5321,388570
5322,388643
5323,388716
5324,388789
5325,388862
5326,388935
5327,389008
5328,389081
5329,389154
5330,389227
5331,389300
5332,389373
5333,389446
5334,389519
5335,389592
5336,389665
5337,389738
5338,389811
5339,389884
5340,389957
5341,390030
5342,390103
5343,390176
5344,390249
5345,390322
5346,390395
5347,390468
5348,390541
5349,390614
5350,390687
5351,390760
5352,390833
5353,390906
5354,390979
5355,391052
5356,391125
5357,391198
5358,391271
5359,391344
5360,391417
5361,391490
5362,391563
5363,391636
5364,391709
5365,391782
5366,391855
5367,391928
5368,392001
5369,392074
5370,392147
5371,392220
5372,392293
5373,392366
5374,392439
5375,392512
5376,392585
5377,392658
5378,392731
5379,392804
5380,392877
5381,392950
5382,393023
5383,393096
5384,393169
5385,393242
5386,393315
5387,393388
5388,393461
5389,393534
5390,393607
5391,393680
5392,393753
5393,393826
5394,393899
5395,393972
5396,394045
5397,394118
5398,394191
5399,394264
5400,394337
5401,394410
5402,394483
5403,394556
5404,394629
5405,394702
5406,394775
5407,394848
5408,394921
5409,394994
5410,395067
5411,395140
5412,395213
5413,395286
5414,395359
5415,395432
5416,395505
5417,395578
5418,395651
5419,395724
5420,395797
5421,395870
5422,395943
5423,396016
5424,396089
5425,396162
5426,396235
5427,396308
5428,396381
5429,396454
5430,396527
5431,396600
5432,396673
5433,396746
5434,396819
5435,396892
5436,396965
5437,397038
5438,397111
5439,397184
5440,397257
5441,397330
5442,397403
5443,397476
5444,397549
5445,397622
5446,397695
5447,397768
5448,397841
5449,397914
5450,397987
5451,398060
5452,398133
5453,398206
5454,398279
5455,398352
5456,398425
5457,398498
5458,398571
5459,398644
5460,398717
5461,398790
5462,398863
5463,398936
5464,399009
5465,399082
5466,399155
5467,399228
5468,399301
5469,399374
5470,399447
5471,399520
5472,399593
5473,399666
5474,399739
5475,399812
5476,399885
5477,399958
5478,400031
5479,400104
5480,400177
5481,400250
5482,400323
5483,400396
5484,400469
5485,400542
5486,400615
5487,400688
5488,400761
5489,400834
5490,400907
5491,400980
5492,401053
5493,401126
5494,401199
5495,401272
5496,401345
5497,401418
5498,401491
5499,401564
5500,401637
5501,401710
5502,401783
5503,401856
5504,401929
5505,402002
5506,402075
5507,402148
5508,402221
5509,402294
5510,402367
5511,402440
5512,402513
5513,402586
5514,402659
5515,402732
5516,402805
5517,402878
5518,402951
5519,403024
5520,403097
5521,403170
5522,403243
5523,403316
5524,403389
5525,403462
5526,403535
5527,403608
5528,403681
5529,403754
5530,403827
5531,403900
5532,403973
5533,404046
5534,404119
5535,404192
5536,404265
5537,404338
5538,404411
5539,404484
5540,404557
5541,404630
5542,404703
5543,404776
5544,404849
5545,404922
5546,404995
5547,405068
5548,405141
5549,405214
5550,405287
5551,405360
5552,405433
5553,405506
5554,405579
5555,405652
5556,405725
5557,405798
5558,405871
5559,405944
5560,406017
5561,406090
5562,406163
5563,406236
5564,406309
5565,406382
5566,406455
5567,406528
5568,406601
5569,406674
5570,406747
5571,406820
5572,406893
5573,406966
5574,407039
5575,407112
5576,407185
5577,407258
5578,407331
5579,407404
5580,407477
5581,407550
5582,407623
5583,407696
5584,407769
5585,407842
5586,407915
5587,407988
5588,408061
5589,408134
5590,408207
5591,408280
5592,408353
5593,408426
5594,408499
5595,408572
5596,408645
5597,408718
5598,408791
5599,408864
5600,408937
5601,409010
5602,409083
5603,409156
5604,409229
5605,409302
5606,409375
5607,409448
5608,409521
5609,409594
5610,409667
5611,409740
5612,409813
5613,409886
5614,409959
5615,410032
5616,410105
5617,410178
5618,410251
5619,410324
5620,410397
5621,410470
5622,410543
5623,410616
5624,410689
5625,410762
5626,410835
5627,410908
5628,410981
5629,411054
5630,411127
5631,411200
5632,411273
5633,411346
5634,411419
5635,411492
5636,411565
5637,411638
5638,411711
5639,411784
5640,411857
5641,411930
5642,412003
5643,412076
5644,412149
5645,412222
5646,412295
5647,412368
5648,412441
5649,412514
5650,412587
5651,412660
5652,412733
5653,412806
5654,412879
5655,412952
5656,413025
5657,413098
5658,413171
5659,413244
5660,413317
5661,413390
5662,413463
5663,413536
5664,413609
5665,413682
5666,413755
5667,413828
5668,413901
5669,413974
5670,414047
5671,414120
5672,414193
5673,414266
5674,414339
5675,414412
5676,414485
5677,414558
5678,414631
5679,414704
5680,414777
5681,414850
5682,414923
5683,414996
5684,415069
5685,415142
5686,415215
5687,415288
5688,415361
5689,415434
5690,415507
5691,415580
5692,415653
5693,415726
5694,415799
5695,415872
5696,415945
5697,416018
5698,416091
5699,416164
5700,416237
5701,416310
5702,416383
5703,416456
5704,416529
5705,416602
5706,416675
5707,416748
5708,416821
5709,416894
5710,416967
5711,417040
5712,417113
5713,417186
5714,417259
5715,417332
5716,417405
5717,417478
5718,417551
5719,417624
5720,417697
5721,417770
5722,417843
5723,417916
5724,417989
5725,418062
5726,418135
5727,418208
5728,418281
5729,418354
5730,418427
5731,418500
5732,418573
5733,418646
5734,418719
5735,418792
5736,418865
5737,418938
5738,419011
5739,419084
5740,419157
5741,419230
5742,419303
5743,419376
5744,419449
5745,419522
5746,419595
5747,419668
5748,419741
5749,419814
5750,419887
5751,419960
5752,420033
5753,420106
5754,420179
5755,420252
5756,420325
5757,420398
5758,420471
5759,420544
5760,420617
5761,420690
5762,420763
5763,420836
5764,420909
5765,420982
5766,421055
5767,421128
5768,421201
5769,421274
5770,421347
5771,421420
5772,421493
5773,421566
5774,421639
5775,421712
5776,421785
5777,421858
5778,421931
5779,422004
5780,422077
5781,422150
5782,422223
5783,422296
5784,422369
5785,422442
5786,422515
5787,422588
5788,422661
5789,422734
5790,422807
5791,422880
5792,422953
5793,423026
5794,423099
5795,423172
5796,423245
5797,423318
5798,423391
5799,423464
5800,423537
5801,423610
5802,423683
5803,423756
5804,423829
5805,423902
5806,423975
5807,424048
5808,424121
5809,424194
5810,424267
5811,424340
5812,424413
5813,424486
5814,424559
5815,424632
5816,424705
5817,424778
5818,424851
5819,424924
5820,424997
5821,425070
5822,425143
5823,425216
5824,425289
5825,425362
5826,425435
5827,425508
5828,425581
5829,425654
5830,425727
5831,425800
5832,425873
5833,425946
5834,426019
5835,426092
5836,426165
5837,426238
5838,426311
5839,426384
5840,426457
5841,426530
5842,426603
5843,426676
5844,426749
5845,426822
5846,426895
5847,426968
5848,427041
5849,427114
5850,427187
5851,427260
5852,427333
5853,427406
5854,427479
5855,427552
5856,427625
5857,427698
5858,427771
5859,427844
5860,427917
5861,427990
5862,428063
5863,428136
5864,428209
5865,428282
5866,428355
5867,428428
5868,428501
5869,428574
5870,428647
5871,428720
5872,428793
5873,428866
5874,428939
5875,429012
5876,429085
5877,429158
5878,429231
5879,429304
5880,429377
5881,429450
5882,429523
5883,429596
5884,429669
5885,429742
5886,429815
5887,429888
5888,429961
5889,430034
5890,430107
5891,430180
5892,430253
5893,430326
5894,430399
5895,430472
5896,430545
5897,430618
5898,430691
5899,430764
5900,430837
5901,430910
5902,430983
5903,431056
5904,431129
5905,431202
5906,431275
5907,431348
5908,431421
5909,431494
5910,431567
5911,431640
5912,431713
5913,431786
5914,431859
5915,431932
5916,432005
5917,432078
5918,432151
5919,432224
5920,432297
5921,432370
5922,432443
5923,432516
5924,432589
5925,432662
5926,432735
5927,432808
5928,432881
5929,432954
5930,433027
5931,433100
5932,433173
5933,433246
5934,433319
5935,433392
5936,433465
5937,433538
5938,433611
5939,433684
5940,433757
5941,433830
5942,433903
5943,433976
5944,434049
5945,434122
5946,434195
5947,434268
5948,434341
5949,434414
5950,434487
5951,434560
5952,434633
5953,434706
5954,434779
5955,434852
5956,434925
5957,434998
5958,435071
5959,435144
5960,435217
5961,435290
5962,435363
5963,435436
5964,435509
5965,435582
5966,435655
5967,435728
5968,435801
5969,435874
5970,435947
5971,436020
5972,436093
5973,436166
5974,436239
5975,436312
5976,436385
5977,436458
5978,436531
5979,436604
5980,436677
5981,436750
5982,436823
5983,436896
5984,436969
5985,437042
5986,437115
5987,437188
5988,437261
5989,437334
5990,437407
5991,437480
5992,437553
5993,437626
5994,437699
5995,437772
5996,437845
5997,437918
5998,437991
5999,438064
6000,438137
6001,438210
6002,438283
6003,438356
6004,438429
6005,438502
6006,438575
6007,438648
6008,438721
6009,438794
6010,438867
6011,438940
6012,439013
6013,439086
6014,439159
6015,439232
6016,439305
6017,439378
6018,439451
6019,439524
6020,439597
6021,439670
6022,439743
6023,439816
6024,439889
6025,439962
6026,440035
6027,440108
6028,440181
6029,440254
6030,440327
6031,440400
6032,440473
6033,440546
6034,440619
6035,440692
6036,440765
6037,440838
6038,440911
6039,440984
6040,441057
6041,441130
6042,441203
6043,441276
6044,441349
6045,441422
6046,441495
6047,441568
6048,441641
6049,441714
6050,441787
6051,441860
6052,441933
6053,442006
6054,442079
6055,442152
6056,442225
6057,442298
6058,442371
6059,442444
6060,442517
6061,442590
6062,442663
6063,442736
6064,442809
6065,442882
6066,442955
6067,443028
6068,443101
6069,443174
6070,443247
6071,443320
6072,443393
6073,443466
6074,443539
6075,443612
6076,443685
6077,443758
6078,443831
6079,443904
6080,443977
6081,444050
6082,444123
6083,444196
6084,444269
6085,444342
6086,444415
6087,444488
6088,444561
6089,444634
6090,444707
6091,444780
6092,444853
6093,444926
6094,444999
6095,445072
6096,445145
6097,445218
6098,445291
6099,445364
6100,445437
6101,445510
6102,445583
6103,445656
6104,445729
6105,445802
6106,445875
6107,445948
6108,446021
6109,446094
6110,446167
6111,446240
6112,446313
6113,446386
6114,446459
6115,446532
6116,446605
6117,446678
6118,446751
6119,446824
6120,446897
6121,446970
6122,447043
6123,447116
6124,447189
6125,447262
6126,447335
6127,447408
6128,447481
6129,447554
6130,447627
6131,447700
6132,447773
6133,447846
6134,447919
6135,447992
6136,448065
6137,448138
6138,448211
6139,448284
6140,448357
6141,448430
6142,448503
6143,448576
6144,448649
6145,448722
6146,448795
6147,448868
6148,448941
6149,449014
6150,449087
6151,449160
6152,449233
6153,449306
6154,449379
6155,449452
6156,449525
6157,449598
6158,449671
6159,449744
6160,449817
6161,449890
6162,449963
6163,450036
6164,450109
6165,450182
6166,450255
6167,450328
6168,450401
6169,450474
6170,450547
6171,450620
6172,450693
6173,450766
6174,450839
6175,450912
6176,450985
6177,451058
6178,451131
6179,451204
6180,451277
6181,451350
6182,451423
6183,451496
6184,451569
6185,451642
6186,451715
6187,451788
6188,451861
6189,451934
6190,452007
6191,452080
6192,452153
6193,452226
6194,452299
6195,452372
6196,452445
6197,452518
6198,452591
6199,452664
6200,452737
6201,452810
6202,452883
6203,452956
6204,453029
6205,453102
6206,453175
6207,453248
6208,453321
6209,453394
6210,453467
6211,453540
6212,453613
6213,453686
6214,453759
6215,453832
6216,453905
6217,453978
6218,454051
6219,454124
6220,454197
6221,454270
6222,454343
6223,454416
6224,454489
6225,454562
6226,454635
6227,454708
6228,454781
6229,454854
6230,454927
6231,455000
6232,455073
6233,455146
6234,455219
6235,455292
6236,455365
6237,455438
6238,455511
6239,455584
6240,455657
6241,455730
6242,455803
6243,455876
6244,455949
6245,456022
6246,456095
6247,456168
6248,456241
6249,456314
6250,456387
6251,456460
6252,456533
6253,456606
6254,456679
6255,456752
6256,456825
6257,456898
6258,456971
6259,457044
6260,457117
6261,457190
6262,457263
6263,457336
6264,457409
6265,457482
6266,457555
6267,457628
6268,457701
6269,457774
6270,457847
6271,457920
6272,457993
6273,458066
6274,458139
6275,458212
6276,458285
6277,458358
6278,458431
6279,458504
6280,458577
6281,458650
6282,458723
6283,458796
6284,458869
6285,458942
6286,459015
6287,459088
6288,459161
6289,459234
6290,459307
6291,459380
6292,459453
6293,459526
6294,459599
6295,459672
6296,459745
6297,459818
6298,459891
6299,459964
6300,460037
6301,460110
6302,460183
6303,460256
6304,460329
6305,460402
6306,460475
6307,460548
6308,460621
6309,460694
6310,460767
6311,460840
6312,460913
6313,460986
6314,461059
6315,461132
6316,461205
6317,461278
6318,461351
6319,461424
6320,461497
6321,461570
6322,461643
6323,461716
6324,461789
6325,461862
6326,461935
6327,462008
6328,462081
6329,462154
6330,462227
6331,462300
6332,462373
6333,462446
6334,462519
6335,462592
6336,462665
6337,462738
6338,462811
6339,462884
6340,462957
6341,463030
6342,463103
6343,463176
6344,463249
6345,463322
6346,463395
6347,463468
6348,463541
6349,463614
6350,463687
6351,463760
6352,463833
6353,463906
6354,463979
6355,464052
6356,464125
6357,464198
6358,464271
6359,464344
6360,464417
6361,464490
6362,464563
6363,464636
6364,464709
6365,464782
6366,464855
6367,464928
6368,465001
6369,465074
6370,465147
6371,465220
6372,465293
6373,465366
6374,465439
6375,465512
6376,465585
6377,465658
6378,465731
6379,465804
6380,465877
6381,465950
6382,466023
6383,466096
6384,466169
6385,466242
6386,466315
6387,466388
6388,466461
6389,466534
6390,466607
6391,466680
6392,466753
6393,466826
6394,466899
6395,466972
6396,467045
6397,467118
6398,467191
6399,467264
6400,467337
6401,467410
6402,467483
6403,467556
6404,467629
6405,467702
6406,467775
6407,467848
6408,467921
6409,467994
6410,468067
6411,468140
6412,468213
6413,468286
6414,468359
6415,468432
6416,468505
6417,468578
6418,468651
6419,468724
6420,468797
6421,468870
6422,468943
6423,469016
6424,469089
6425,469162
6426,469235
6427,469308
6428,469381
6429,469454
6430,469527
6431,469600
6432,469673
6433,469746
6434,469819
6435,469892
6436,469965
6437,470038
6438,470111
6439,470184
6440,470257
6441,470330
6442,470403
6443,470476
6444,470549
6445,470622
6446,470695
6447,470768
6448,470841
6449,470914
6450,470987
6451,471060
6452,471133
6453,471206
6454,471279
6455,471352
6456,471425
6457,471498
6458,471571
6459,471644
6460,471717
6461,471790
6462,471863
6463,471936
6464,472009
6465,472082
6466,472155
6467,472228
6468,472301
6469,472374
6470,472447
6471,472520
6472,472593
6473,472666
6474,472739
6475,472812
6476,472885
6477,472958
6478,473031
6479,473104
6480,473177
6481,473250
6482,473323
6483,473396
6484,473469
6485,473542
6486,473615
6487,473688
6488,473761
6489,473834
6490,473907
6491,473980
6492,474053
6493,474126
6494,474199
6495,474272
6496,474345
6497,474418
6498,474491
6499,474564
6500,474637
6501,474710
6502,474783
6503,474856
6504,474929
6505,475002
6506,475075
6507,475148
6508,475221
6509,475294
6510,475367
6511,475440
6512,475513
6513,475586
6514,475659
6515,475732
6516,475805
6517,475878
6518,475951
6519,476024
6520,476097
6521,476170
6522,476243
6523,476316
6524,476389
6525,476462
6526,476535
6527,476608
6528,476681
6529,476754
6530,476827
6531,476900
6532,476973
6533,477046
6534,477119
6535,477192
6536,477265
6537,477338
6538,477411
6539,477484
6540,477557
6541,477630
6542,477703
6543,477776
6544,477849
6545,477922
6546,477995
6547,478068
6548,478141
6549,478214
6550,478287
6551,478360
6552,478433
6553,478506
6554,478579
6555,478652
6556,478725
6557,478798
6558,478871
6559,478944
6560,479017
6561,479090
6562,479163
6563,479236
6564,479309
6565,479382
6566,479455
6567,479528
6568,479601
6569,479674
6570,479747
6571,479820
6572,479893
6573,479966
6574,480039
6575,480112
6576,480185
6577,480258
6578,480331
6579,480404
6580,480477
6581,480550
6582,480623
6583,480696
6584,480769
6585,480842
6586,480915
6587,480988
6588,481061
6589,481134
6590,481207
6591,481280
6592,481353
6593,481426
6594,481499
6595,481572
6596,481645
6597,481718
6598,481791
6599,481864
6600,481937
6601,482010
6602,482083
6603,482156
6604,482229
6605,482302
6606,482375
6607,482448
6608,482521
6609,482594
6610,482667
6611,482740
6612,482813
6613,482886
6614,482959
6615,483032
6616,483105
6617,483178
6618,483251
6619,483324
6620,483397
6621,483470
6622,483543
6623,483616
6624,483689
6625,483762
6626,483835
6627,483908
6628,483981
6629,484054
6630,484127
6631,484200
6632,484273
6633,484346
6634,484419
6635,484492
6636,484565
6637,484638
6638,484711
6639,484784
6640,484857
6641,484930
6642,485003
6643,485076
6644,485149
6645,485222
6646,485295
6647,485368
6648,485441
6649,485514
6650,485587
6651,485660
6652,485733
6653,485806
6654,485879
6655,485952
6656,486025
6657,486098
6658,486171
6659,486244
6660,486317
6661,486390
6662,486463
6663,486536
6664,486609
6665,486682
6666,486755
6667,486828
6668,486901
6669,486974
6670,487047
6671,487120
6672,487193
6673,487266
6674,487339
6675,487412
6676,487485
6677,487558
6678,487631
6679,487704
6680,487777
6681,487850
6682,487923
6683,487996
6684,488069
6685,488142
6686,488215
6687,488288
6688,488361
6689,488434
6690,488507
6691,488580
6692,488653
6693,488726
6694,488799
6695,488872
6696,488945
6697,489018
6698,489091
6699,489164
6700,489237
6701,489310
6702,489383
6703,489456
6704,489529
6705,489602
6706,489675
6707,489748
6708,489821
6709,489894
6710,489967
6711,490040
6712,490113
6713,490186
6714,490259
6715,490332
6716,490405
6717,490478
6718,490551
6719,490624
6720,490697
6721,490770
6722,490843
6723,490916
6724,490989
6725,491062
6726,491135
6727,491208
6728,491281
6729,491354
6730,491427
6731,491500
6732,491573
6733,491646
6734,491719
6735,491792
6736,491865
6737,491938
6738,492011
6739,492084
6740,492157
6741,492230
6742,492303
6743,492376
6744,492449
6745,492522
6746,492595
6747,492668
6748,492741
6749,492814
6750,492887
6751,492960
6752,493033
6753,493106
6754,493179
6755,493252
6756,493325
6757,493398
6758,493471
6759,493544
6760,493617
6761,493690
6762,493763
6763,493836
6764,493909
6765,493982
6766,494055
6767,494128
6768,494201
6769,494274
6770,494347
6771,494420
6772,494493
6773,494566
6774,494639
6775,494712
6776,494785
6777,494858
6778,494931
6779,495004
6780,495077
6781,495150
6782,495223
6783,495296
6784,495369
6785,495442
6786,495515
6787,495588
6788,495661
6789,495734
6790,495807
6791,495880
6792,495953
6793,496026
6794,496099
6795,496172
6796,496245
6797,496318
6798,496391
6799,496464
6800,496537
6801,496610
6802,496683
6803,496756
6804,496829
6805,496902
6806,496975
6807,497048
6808,497121
6809,497194
6810,497267
6811,497340
6812,497413
6813,497486
6814,497559
6815,497632
6816,497705
6817,497778
6818,497851
6819,497924
6820,497997
6821,498070
6822,498143
6823,498216
6824,498289
6825,498362
6826,498435
6827,498508
6828,498581
6829,498654
6830,498727
6831,498800
6832,498873
6833,498946
6834,499019
6835,499092
6836,499165
6837,499238
6838,499311
6839,499384
6840,499457
6841,499530
6842,499603
6843,499676
6844,499749
6845,499822
6846,499895
6847,499968
6848,500041
6849,500114
6850,500187
6851,500260
6852,500333
6853,500406
6854,500479
6855,500552
6856,500625
6857,500698
6858,500771
6859,500844
6860,500917
6861,500990
6862,501063
6863,501136
6864,501209
6865,501282
6866,501355
6867,501428
6868,501501
6869,501574
6870,501647
6871,501720
6872,501793
6873,501866
6874,501939
6875,502012
6876,502085
6877,502158
6878,502231
6879,502304
6880,502377
6881,502450
6882,502523
6883,502596
6884,502669
6885,502742
6886,502815
6887,502888
6888,502961
6889,503034
6890,503107
6891,503180
6892,503253
6893,503326
6894,503399
6895,503472
6896,503545
6897,503618
6898,503691
6899,503764
6900,503837
6901,503910
6902,503983
6903,504056
6904,504129
6905,504202
6906,504275
6907,504348
6908,504421
6909,504494
6910,504567
6911,504640
6912,504713
6913,504786
6914,504859
6915,504932
6916,505005
6917,505078
6918,505151
6919,505224
6920,505297
6921,505370
6922,505443
6923,505516
6924,505589
6925,505662
6926,505735
6927,505808
6928,505881
6929,505954
6930,506027
6931,506100
6932,506173
6933,506246
6934,506319
6935,506392
6936,506465
6937,506538
6938,506611
6939,506684
6940,506757
6941,506830
6942,506903
6943,506976
6944,507049
6945,507122
6946,507195
6947,507268
6948,507341
6949,507414
6950,507487
6951,507560
6952,507633
6953,507706
6954,507779
6955,507852
6956,507925
6957,507998
6958,508071
6959,508144
6960,508217
6961,508290
6962,508363
6963,508436
6964,508509
6965,508582
6966,508655
6967,508728
6968,508801
6969,508874
6970,508947
6971,509020
6972,509093
6973,509166
6974,509239
6975,509312
6976,509385
6977,509458
6978,509531
6979,509604
6980,509677
6981,509750
6982,509823
6983,509896
6984,509969
6985,510042
6986,510115
6987,510188
6988,510261
6989,510334
6990,510407
6991,510480
6992,510553
6993,510626
6994,510699
6995,510772
6996,510845
6997,510918
6998,510991
6999,511064
7000,511137
7001,511210
7002,511283
7003,511356
7004,511429
7005,511502
7006,511575
7007,511648
7008,511721
7009,511794
7010,511867
7011,511940
7012,512013
7013,512086
7014,512159
7015,512232
7016,512305
7017,512378
7018,512451
7019,512524
7020,512597
7021,512670
7022,512743
7023,512816
7024,512889
7025,512962
7026,513035
7027,513108
7028,513181
7029,513254
7030,513327
7031,513400
7032,513473
7033,513546
7034,513619
7035,513692
7036,513765
7037,513838
7038,513911
7039,513984
7040,514057
7041,514130
7042,514203
7043,514276
7044,514349
7045,514422
7046,514495
7047,514568
7048,514641
7049,514714
7050,514787
7051,514860
7052,514933
7053,515006
7054,515079
7055,515152
7056,515225
7057,515298
7058,515371
7059,515444
7060,515517
7061,515590
7062,515663
7063,515736
7064,515809
7065,515882
7066,515955
7067,516028
7068,516101
7069,516174
7070,516247
7071,516320
7072,516393
7073,516466
7074,516539
7075,516612
7076,516685
7077,516758
7078,516831
7079,516904
7080,516977
7081,517050
7082,517123
7083,517196
7084,517269
7085,517342
7086,517415
7087,517488
7088,517561
7089,517634
7090,517707
7091,517780
7092,517853
7093,517926
7094,517999
7095,518072
7096,518145
7097,518218
7098,518291
7099,518364
7100,518437
7101,518510
7102,518583
7103,518656
7104,518729
7105,518802
7106,518875
7107,518948
7108,519021
7109,519094
7110,519167
7111,519240
7112,519313
7113,519386
7114,519459
7115,519532
7116,519605
7117,519678
7118,519751
7119,519824
7120,519897
7121,519970
7122,520043
7123,520116
7124,520189
7125,520262
7126,520335
7127,520408
7128,520481
7129,520554
7130,520627
7131,520700
7132,520773
7133,520846
7134,520919
7135,520992
7136,521065
7137,521138
7138,521211
7139,521284
7140,521357
7141,521430
7142,521503
7143,521576
7144,521649
7145,521722
7146,521795
7147,521868
7148,521941
7149,522014
7150,522087
7151,522160
7152,522233
7153,522306
7154,522379
7155,522452
7156,522525
7157,522598
7158,522671
7159,522744
7160,522817
7161,522890
7162,522963
7163,523036
7164,523109
7165,523182
7166,523255
7167,523328
7168,523401
7169,523474
7170,523547
7171,523620
7172,523693
7173,523766
7174,523839
7175,523912
7176,523985
7177,524058
7178,524131
7179,524204
7180,524277
7181,524350
7182,524423
7183,524496
7184,524569
7185,524642
7186,524715
7187,524788
7188,524861
7189,524934
7190,525007
7191,525080
7192,525153
7193,525226
7194,525299
7195,525372
7196,525445
7197,525518
7198,525591
7199,525664
7200,525737
7201,525810
7202,525883
7203,525956
7204,526029
7205,526102
7206,526175
7207,526248
7208,526321
7209,526394
7210,526467
7211,526540
7212,526613
7213,526686
7214,526759
7215,526832
7216,526905
7217,526978
7218,527051
7219,527124
7220,527197
7221,527270
7222,527343
7223,527416
7224,527489
7225,527562
7226,527635
7227,527708
7228,527781
7229,527854
7230,527927
7231,528000
7232,528073
7233,528146
7234,528219
7235,528292
7236,528365
7237,528438
7238,528511
7239,528584
7240,528657
7241,528730
7242,528803
7243,528876
7244,528949
7245,529022
7246,529095
7247,529168
7248,529241
7249,529314
7250,529387
7251,529460
7252,529533
7253,529606
7254,529679
7255,529752
7256,529825
7257,529898
7258,529971
7259,530044
7260,530117
7261,530190
7262,530263
7263,530336
7264,530409
7265,530482
7266,530555
7267,530628
7268,530701
7269,530774
7270,530847
7271,530920
7272,530993
7273,531066
7274,531139
7275,531212
7276,531285
7277,531358
7278,531431
7279,531504
7280,531577
7281,531650
7282,531723
7283,531796
7284,531869
7285,531942
7286,532015
7287,532088
7288,532161
7289,532234
7290,532307
7291,532380
7292,532453
7293,532526
7294,532599
7295,532672
7296,532745
7297,532818
7298,532891
7299,532964
7300,533037
7301,533110
7302,533183
7303,533256
7304,533329
7305,533402
7306,533475
7307,533548
7308,533621
7309,533694
7310,533767
7311,533840
7312,533913
7313,533986
7314,534059
7315,534132
7316,534205
7317,534278
7318,534351
7319,534424
7320,534497
7321,534570
7322,534643
7323,534716
7324,534789
7325,534862
7326,534935
7327,535008
7328,535081
7329,535154
7330,535227
7331,535300
7332,535373
7333,535446
7334,535519
7335,535592
7336,535665
7337,535738
7338,535811
7339,535884
7340,535957
7341,536030
7342,536103
7343,536176
7344,536249
7345,536322
7346,536395
7347,536468
7348,536541
7349,536614
7350,536687
7351,536760
7352,536833
7353,536906
7354,536979
7355,537052
7356,537125
7357,537198
7358,537271
7359,537344
7360,537417
7361,537490
7362,537563
7363,537636
7364,537709
7365,537782
7366,537855
7367,537928
7368,538001
7369,538074
7370,538147
7371,538220
7372,538293
7373,538366
7374,538439
7375,538512
7376,538585
7377,538658
7378,538731
7379,538804
7380,538877
7381,538950
7382,539023
7383,539096
7384,539169
7385,539242
7386,539315
7387,539388
7388,539461
7389,539534
7390,539607
7391,539680
7392,539753
7393,539826
7394,539899
7395,539972
7396,540045
7397,540118
7398,540191
7399,540264
7400,540337
7401,540410
7402,540483
7403,540556
7404,540629
7405,540702
7406,540775
7407,540848
7408,540921
7409,540994
7410,541067
7411,541140
7412,541213
7413,541286
7414,541359
7415,541432
7416,541505
7417,541578
7418,541651
7419,541724
7420,541797
7421,541870
7422,541943
7423,542016
7424,542089
7425,542162
7426,542235
7427,542308
7428,542381
7429,542454
7430,542527
7431,542600
7432,542673
7433,542746
7434,542819
7435,542892
7436,542965
7437,543038
7438,543111
7439,543184
7440,543257
7441,543330
7442,543403
7443,543476
7444,543549
7445,543622
7446,543695
7447,543768
7448,543841
7449,543914
7450,543987
7451,544060
7452,544133
7453,544206
7454,544279
7455,544352
7456,544425
7457,544498
7458,544571
7459,544644
7460,544717
7461,544790
7462,544863
7463,544936
7464,545009
7465,545082
7466,545155
7467,545228
7468,545301
7469,545374
7470,545447
7471,545520
7472,545593
7473,545666
7474,545739
7475,545812
7476,545885
7477,545958
7478,546031
7479,546104
7480,546177
7481,546250
7482,546323
7483,546396
7484,546469
7485,546542
7486,546615
7487,546688
7488,546761
7489,546834
7490,546907
7491,546980
7492,547053
7493,547126
7494,547199
7495,547272
7496,547345
7497,547418
7498,547491
7499,547564
7500,547637
7501,547710
7502,547783
7503,547856
7504,547929
7505,548002
7506,548075
7507,548148
7508,548221
7509,548294
7510,548367
7511,548440
7512,548513
7513,548586
7514,548659
7515,548732
7516,548805
7517,548878
7518,548951
7519,549024
7520,549097
7521,549170
7522,549243
7523,549316
7524,549389
7525,549462
7526,549535
7527,549608
7528,549681
7529,549754
7530,549827
7531,549900
7532,549973
7533,550046
7534,550119
7535,550192
7536,550265
7537,550338
7538,550411
7539,550484
7540,550557
7541,550630
7542,550703
7543,550776
7544,550849
7545,550922
7546,550995
7547,551068
7548,551141
7549,551214
7550,551287
7551,551360
7552,551433
7553,551506
7554,551579
7555,551652
7556,551725
7557,551798
7558,551871
7559,551944
7560,552017
7561,552090
7562,552163
7563,552236
7564,552309
7565,552382
7566,552455
7567,552528
7568,552601
7569,552674
7570,552747
7571,552820
7572,552893
7573,552966
7574,553039
7575,553112
7576,553185
7577,553258
7578,553331
7579,553404
7580,553477
7581,553550
7582,553623
7583,553696
7584,553769
7585,553842
7586,553915
7587,553988
7588,554061
7589,554134
7590,554207
7591,554280
7592,554353
7593,554426
7594,554499
7595,554572
7596,554645
7597,554718
7598,554791
7599,554864
7600,554937
7601,555010
7602,555083
7603,555156
7604,555229
7605,555302
7606,555375
7607,555448
7608,555521
7609,555594
7610,555667
7611,555740
7612,555813
7613,555886
7614,555959
7615,556032
7616,556105
7617,556178
7618,556251
7619,556324
7620,556397
7621,556470
7622,556543
7623,556616
7624,556689
7625,556762
7626,556835
7627,556908
7628,556981
7629,557054
7630,557127
7631,557200
7632,557273
7633,557346
7634,557419
7635,557492
7636,557565
7637,557638
7638,557711
7639,557784
7640,557857
7641,557930
7642,558003
7643,558076
7644,558149
7645,558222
7646,558295
7647,558368
7648,558441
7649,558514
7650,558587
7651,558660
7652,558733
7653,558806
7654,558879
7655,558952
7656,559025
7657,559098
7658,559171
7659,559244
7660,559317
7661,559390
7662,559463
7663,559536
7664,559609
7665,559682
7666,559755
7667,559828
7668,559901
7669,559974
7670,560047
7671,560120
7672,560193
7673,560266
7674,560339
7675,560412
7676,560485
7677,560558
7678,560631
7679,560704
7680,560777
7681,560850
7682,560923
7683,560996
7684,561069
7685,561142
7686,561215
7687,561288
7688,561361
7689,561434
7690,561507
7691,561580
7692,561653
7693,561726
7694,561799
7695,561872
7696,561945
7697,562018
7698,562091
7699,562164
7700,562237
7701,562310
7702,562383
7703,562456
7704,562529
7705,562602
7706,562675
7707,562748
7708,562821
7709,562894
7710,562967
7711,563040
7712,563113
7713,563186
7714,563259
7715,563332
7716,563405
7717,563478
7718,563551
7719,563624
7720,563697
7721,563770
7722,563843
7723,563916
7724,563989
7725,564062
7726,564135
7727,564208
7728,564281
7729,564354
7730,564427
7731,564500
7732,564573
7733,564646
7734,564719
7735,564792
7736,564865
7737,564938
7738,565011
7739,565084
7740,565157
7741,565230
7742,565303
7743,565376
7744,565449
7745,565522
7746,565595
7747,565668
7748,565741
7749,565814
7750,565887
7751,565960
7752,566033
7753,566106
7754,566179
7755,566252
7756,566325
7757,566398
7758,566471
7759,566544
7760,566617
7761,566690
7762,566763
7763,566836
7764,566909
7765,566982
7766,567055
7767,567128
7768,567201
7769,567274
7770,567347
7771,567420
7772,567493
7773,567566
7774,567639
7775,567712
7776,567785
7777,567858
7778,567931
7779,568004
7780,568077
7781,568150
7782,568223
7783,568296
7784,568369
7785,568442
7786,568515
7787,568588
7788,568661
7789,568734
7790,568807
7791,568880
7792,568953
7793,569026
7794,569099
7795,569172
7796,569245
7797,569318
7798,569391
7799,569464
7800,569537
7801,569610
7802,569683
7803,569756
7804,569829
7805,569902
7806,569975
7807,570048
7808,570121
7809,570194
7810,570267
7811,570340
7812,570413
7813,570486
7814,570559
7815,570632
7816,570705
7817,570778
7818,570851
7819,570924
7820,570997
7821,571070
7822,571143
7823,571216
7824,571289
7825,571362
7826,571435
7827,571508
7828,571581
7829,571654
7830,571727
7831,571800
7832,571873
7833,571946
7834,572019
7835,572092
7836,572165
7837,572238
7838,572311
7839,572384
7840,572457
7841,572530
7842,572603
7843,572676
7844,572749
7845,572822
7846,572895
7847,572968
7848,573041
7849,573114
7850,573187
7851,573260
7852,573333
7853,573406
7854,573479
7855,573552
7856,573625
7857,573698
7858,573771
7859,573844
7860,573917
7861,573990
7862,574063
7863,574136
7864,574209
7865,574282
7866,574355
7867,574428
7868,574501
7869,574574
7870,574647
7871,574720
7872,574793
7873,574866
7874,574939
7875,575012
7876,575085
7877,575158
7878,575231
7879,575304
7880,575377
7881,575450
7882,575523
7883,575596
7884,575669
7885,575742
7886,575815
7887,575888
7888,575961
7889,576034
7890,576107
7891,576180
7892,576253
7893,576326
7894,576399
7895,576472
7896,576545
7897,576618
7898,576691
7899,576764
7900,576837
7901,576910
7902,576983
7903,577056
7904,577129
7905,577202
7906,577275
7907,577348
7908,577421
7909,577494
7910,577567
7911,577640
7912,577713
7913,577786
7914,577859
7915,577932
7916,578005
7917,578078
7918,578151
7919,578224
7920,578297
7921,578370
7922,578443
7923,578516
7924,578589
7925,578662
7926,578735
7927,578808
7928,578881
7929,578954
7930,579027
7931,579100
7932,579173
7933,579246
7934,579319
7935,579392
7936,579465
7937,579538
7938,579611
7939,579684
7940,579757
7941,579830
7942,579903
7943,579976
7944,580049
7945,580122
7946,580195
7947,580268
7948,580341
7949,580414
7950,580487
7951,580560
7952,580633
7953,580706
7954,580779
7955,580852
7956,580925
7957,580998
7958,581071
7959,581144
7960,581217
7961,581290
7962,581363
7963,581436
7964,581509
7965,581582
7966,581655
7967,581728
7968,581801
7969,581874
7970,581947
7971,582020
7972,582093
7973,582166
7974,582239
7975,582312
7976,582385
7977,582458
7978,582531
7979,582604
7980,582677
7981,582750
7982,582823
7983,582896
7984,582969
7985,583042
7986,583115
7987,583188
7988,583261
7989,583334
7990,583407
7991,583480
7992,583553
7993,583626
7994,583699
7995,583772
7996,583845
7997,583918
7998,583991
7999,584064
8000,584137
8001,584210
8002,584283
8003,584356
8004,584429
8005,584502
8006,584575
8007,584648
8008,584721
8009,584794
8010,584867
8011,584940
8012,585013
8013,585086
8014,585159
8015,585232
8016,585305
8017,585378
8018,585451
8019,585524
8020,585597
8021,585670
8022,585743
8023,585816
8024,585889
8025,585962
8026,586035
8027,586108
8028,586181
8029,586254
8030,586327
8031,586400
8032,586473
8033,586546
8034,586619
8035,586692
8036,586765
8037,586838
8038,586911
8039,586984
8040,587057
8041,587130
8042,587203
8043,587276
8044,587349
8045,587422
8046,587495
8047,587568
8048,587641
8049,587714
8050,587787
8051,587860
8052,587933
8053,588006
8054,588079
8055,588152
8056,588225
8057,588298
8058,588371
8059,588444
8060,588517
8061,588590
8062,588663
8063,588736
8064,588809
8065,588882
8066,588955
8067,589028
8068,589101
8069,589174
8070,589247
8071,589320
8072,589393
8073,589466
8074,589539
8075,589612
8076,589685
8077,589758
8078,589831
8079,589904
8080,589977
8081,590050
8082,590123
8083,590196
8084,590269
8085,590342
8086,590415
8087,590488
8088,590561
8089,590634
8090,590707
8091,590780
8092,590853
8093,590926
8094,590999
8095,591072
8096,591145
8097,591218
8098,591291
8099,591364
8100,591437
8101,591510
8102,591583
8103,591656
8104,591729
8105,591802
8106,591875
8107,591948
8108,592021
8109,592094
8110,592167
8111,592240
8112,592313
8113,592386
8114,592459
8115,592532
8116,592605
8117,592678
8118,592751
8119,592824
8120,592897
8121,592970
8122,593043
8123,593116
8124,593189
8125,593262
8126,593335
8127,593408
8128,593481
8129,593554
8130,593627
8131,593700
8132,593773
8133,593846
8134,593919
8135,593992
8136,594065
8137,594138
8138,594211
8139,594284
8140,594357
8141,594430
8142,594503
8143,594576
8144,594649
8145,594722
8146,594795
8147,594868
8148,594941
8149,595014
8150,595087
8151,595160
8152,595233
8153,595306
8154,595379
8155,595452
8156,595525
8157,595598
8158,595671
8159,595744
8160,595817
8161,595890
8162,595963
8163,596036
8164,596109
8165,596182
8166,596255
8167,596328
8168,596401
8169,596474
8170,596547
8171,596620
8172,596693
8173,596766
8174,596839
8175,596912
8176,596985
8177,597058
8178,597131
8179,597204
8180,597277
8181,597350
8182,597423
8183,597496
8184,597569
8185,597642
8186,597715
8187,597788
8188,597861
8189,597934
8190,598007
8191,598080
8192,598153
8193,598226
8194,598299
8195,598372
8196,598445
8197,598518
8198,598591
8199,598664
8200,598737
8201,598810
8202,598883
8203,598956
8204,599029
8205,599102
8206,599175
8207,599248
8208,599321
8209,599394
8210,599467
8211,599540
8212,599613
8213,599686
8214,599759
8215,599832
8216,599905
8217,599978
8218,600051
8219,600124
8220,600197
8221,600270
8222,600343
8223,600416
8224,600489
8225,600562
8226,600635
8227,600708
8228,600781
8229,600854
8230,600927
8231,601000
8232,601073
8233,601146
8234,601219
8235,601292
8236,601365
8237,601438
8238,601511
8239,601584
8240,601657
8241,601730
8242,601803
8243,601876
8244,601949
8245,602022
8246,602095
8247,602168
8248,602241
8249,602314
8250,602387
8251,602460
8252,602533
8253,602606
8254,602679
8255,602752
8256,602825
8257,602898
8258,602971
8259,603044
8260,603117
8261,603190
8262,603263
8263,603336
8264,603409
8265,603482
8266,603555
8267,603628
8268,603701
8269,603774
8270,603847
8271,603920
8272,603993
8273,604066
8274,604139
8275,604212
8276,604285
8277,604358
8278,604431
8279,604504
8280,604577
8281,604650
8282,604723
8283,604796
8284,604869
8285,604942
8286,605015
8287,605088
8288,605161
8289,605234
8290,605307
8291,605380
8292,605453
8293,605526
8294,605599
8295,605672
8296,605745
8297,605818
8298,605891
8299,605964
8300,606037
8301,606110
8302,606183
8303,606256
8304,606329
8305,606402
8306,606475
8307,606548
8308,606621
8309,606694
8310,606767
8311,606840
8312,606913
8313,606986
8314,607059
8315,607132
8316,607205
8317,607278
8318,607351
8319,607424
8320,607497
8321,607570
8322,607643
8323,607716
8324,607789
8325,607862
8326,607935
8327,608008
8328,608081
8329,608154
8330,608227
8331,608300
8332,608373
8333,608446
8334,608519
8335,608592
8336,608665
8337,608738
8338,608811
8339,608884
8340,608957
8341,609030
8342,609103
8343,609176
8344,609249
8345,609322
8346,609395
8347,609468
8348,609541
8349,609614
8350,609687
8351,609760
8352,609833
8353,609906
8354,609979
8355,610052
8356,610125
8357,610198
8358,610271
8359,610344
8360,610417
8361,610490
8362,610563
8363,610636
8364,610709
8365,610782
8366,610855
8367,610928
8368,611001
8369,611074
8370,611147
8371,611220
8372,611293
8373,611366
8374,611439
8375,611512
8376,611585
8377,611658
8378,611731
8379,611804
8380,611877
8381,611950
8382,612023
8383,612096
8384,612169
8385,612242
8386,612315
8387,612388
8388,612461
8389,612534
8390,612607
8391,612680
8392,612753
8393,612826
8394,612899
8395,612972
8396,613045
8397,613118
8398,613191
8399,613264
8400,613337
8401,613410
8402,613483
8403,613556
8404,613629
8405,613702
8406,613775
8407,613848
8408,613921
8409,613994
8410,614067
8411,614140
8412,614213
8413,614286
8414,614359
8415,614432
8416,614505
8417,614578
8418,614651
8419,614724
8420,614797
8421,614870
8422,614943
8423,615016
8424,615089
8425,615162
8426,615235
8427,615308
8428,615381
8429,615454
8430,615527
8431,615600
8432,615673
8433,615746
8434,615819
8435,615892
8436,615965
8437,616038
8438,616111
8439,616184
8440,616257
8441,616330
8442,616403
8443,616476
8444,616549
8445,616622
8446,616695
8447,616768
8448,616841
8449,616914
8450,616987
8451,617060
8452,617133
8453,617206
8454,617279
8455,617352
8456,617425
8457,617498
8458,617571
8459,617644
8460,617717
8461,617790
8462,617863
8463,617936
8464,618009
8465,618082
8466,618155
8467,618228
8468,618301
8469,618374
8470,618447
8471,618520
8472,618593
8473,618666
8474,618739
8475,618812
8476,618885
8477,618958
8478,619031
8479,619104
8480,619177
8481,619250
8482,619323
8483,619396
8484,619469
8485,619542
8486,619615
8487,619688
8488,619761
8489,619834
8490,619907
8491,619980
8492,620053
8493,620126
8494,620199
8495,620272
8496,620345
8497,620418
8498,620491
8499,620564
8500,620637
8501,620710
8502,620783
8503,620856
8504,620929
8505,621002
8506,621075
8507,621148
8508,621221
8509,621294
8510,621367
8511,621440
8512,621513
8513,621586
8514,621659
8515,621732
8516,621805
8517,621878
8518,621951
8519,622024
8520,622097
8521,622170
8522,622243
8523,622316
8524,622389
8525,622462
8526,622535
8527,622608
8528,622681
8529,622754
8530,622827
8531,622900
8532,622973
8533,623046
8534,623119
8535,623192
8536,623265
8537,623338
8538,623411
8539,623484
8540,623557
8541,623630
8542,623703
8543,623776
8544,623849
8545,623922
8546,623995
8547,624068
8548,624141
8549,624214
8550,624287
8551,624360
8552,624433
8553,624506
8554,624579
8555,624652
8556,624725
8557,624798
8558,624871
8559,624944
8560,625017
8561,625090
8562,625163
8563,625236
8564,625309
8565,625382
8566,625455
8567,625528
8568,625601
8569,625674
8570,625747
8571,625820
8572,625893
8573,625966
8574,626039
8575,626112
8576,626185
8577,626258
8578,626331
8579,626404
8580,626477
8581,626550
8582,626623
8583,626696
8584,626769
8585,626842
8586,626915
8587,626988
8588,627061
8589,627134
8590,627207
8591,627280
8592,627353
8593,627426
8594,627499
8595,627572
8596,627645
8597,627718
8598,627791
8599,627864
8600,627937
8601,628010
8602,628083
8603,628156
8604,628229
8605,628302
8606,628375
8607,628448
8608,628521
8609,628594
8610,628667
8611,628740
8612,628813
8613,628886
8614,628959
8615,629032
8616,629105
8617,629178
8618,629251
8619,629324
8620,629397
8621,629470
8622,629543
8623,629616
8624,629689
8625,629762
8626,629835
8627,629908
8628,629981
8629,630054
8630,630127
8631,630200
8632,630273
8633,630346
8634,630419
8635,630492
8636,630565
8637,630638
8638,630711
8639,630784
8640,630857
8641,630930
8642,631003
8643,631076
8644,631149
8645,631222
8646,631295
8647,631368
8648,631441
8649,631514
8650,631587
8651,631660
8652,631733
8653,631806
8654,631879
8655,631952
8656,632025
8657,632098
8658,632171
8659,632244
8660,632317
8661,632390
8662,632463
8663,632536
8664,632609
8665,632682
8666,632755
8667,632828
8668,632901
8669,632974
8670,633047
8671,633120
8672,633193
8673,633266
8674,633339
8675,633412
8676,633485
8677,633558
8678,633631
8679,633704
8680,633777
8681,633850
8682,633923
8683,633996
8684,634069
8685,634142
8686,634215
8687,634288
8688,634361
8689,634434
8690,634507
8691,634580
8692,634653
8693,634726
8694,634799
8695,634872
8696,634945
8697,635018
8698,635091
8699,635164
8700,635237
8701,635310
8702,635383
8703,635456
8704,635529
8705,635602
8706,635675
8707,635748
8708,635821
8709,635894
8710,635967
8711,636040
8712,636113
8713,636186
8714,636259
8715,636332
8716,636405
8717,636478
8718,636551
8719,636624
8720,636697
8721,636770
8722,636843
8723,636916
8724,636989
8725,637062
8726,637135
8727,637208
8728,637281
8729,637354
8730,637427
8731,637500
8732,637573
8733,637646
8734,637719
8735,637792
8736,637865
8737,637938
8738,638011
8739,638084
8740,638157
8741,638230
8742,638303
8743,638376
8744,638449
8745,638522
8746,638595
8747,638668
8748,638741
8749,638814
8750,638887
8751,638960
8752,639033
8753,639106
8754,639179
8755,639252
8756,639325
8757,639398
8758,639471
8759,639544
8760,639617
8761,639690
8762,639763
8763,639836
8764,639909
8765,639982
8766,640055
8767,640128
8768,640201
8769,640274
8770,640347
8771,640420
8772,640493
8773,640566
8774,640639
8775,640712
8776,640785
8777,640858
8778,640931
8779,641004
8780,641077
8781,641150
8782,641223
8783,641296
8784,641369
8785,641442
8786,641515
8787,641588
8788,641661
8789,641734
8790,641807
8791,641880
8792,641953
8793,642026
8794,642099
8795,642172
8796,642245
8797,642318
8798,642391
8799,642464
8800,642537
8801,642610
8802,642683
8803,642756
8804,642829
8805,642902
8806,642975
8807,643048
8808,643121
8809,643194
8810,643267
8811,643340
8812,643413
8813,643486
8814,643559
8815,643632
8816,643705
8817,643778
8818,643851
8819,643924
8820,643997
8821,644070
8822,644143
8823,644216
8824,644289
8825,644362
8826,644435
8827,644508
8828,644581
8829,644654
8830,644727
8831,644800
8832,644873
8833,644946
8834,645019
8835,645092
8836,645165
8837,645238
8838,645311
8839,645384
8840,645457
8841,645530
8842,645603
8843,645676
8844,645749
8845,645822
8846,645895
8847,645968
8848,646041
8849,646114
8850,646187
8851,646260
8852,646333
8853,646406
8854,646479
8855,646552
8856,646625
8857,646698
8858,646771
8859,646844
8860,646917
8861,646990
8862,647063
8863,647136
8864,647209
8865,647282
8866,647355
8867,647428
8868,647501
8869,647574
8870,647647
8871,647720
8872,647793
8873,647866
8874,647939
8875,648012
8876,648085
8877,648158
8878,648231
8879,648304
8880,648377
8881,648450
8882,648523
8883,648596
8884,648669
8885,648742
8886,648815
8887,648888
8888,648961
8889,649034
8890,649107
8891,649180
8892,649253
8893,649326
8894,649399
8895,649472
8896,649545
8897,649618
8898,649691
8899,649764
8900,649837
8901,649910
8902,649983
8903,650056
8904,650129
8905,650202
8906,650275
8907,650348
8908,650421
8909,650494
8910,650567
8911,650640
8912,650713
8913,650786
8914,650859
8915,650932
8916,651005
8917,651078
8918,651151
8919,651224
8920,651297
8921,651370
8922,651443
8923,651516
8924,651589
8925,651662
8926,651735
8927,651808
8928,651881
8929,651954
8930,652027
8931,652100
8932,652173
8933,652246
8934,652319
8935,652392
8936,652465
8937,652538
8938,652611
8939,652684
8940,652757
8941,652830
8942,652903
8943,652976
8944,653049
8945,653122
8946,653195
8947,653268
8948,653341
8949,653414
8950,653487
8951,653560
8952,653633
8953,653706
8954,653779
8955,653852
8956,653925
8957,653998
8958,654071
8959,654144
8960,654217
8961,654290
8962,654363
8963,654436
8964,654509
8965,654582
8966,654655
8967,654728
8968,654801
8969,654874
8970,654947
8971,655020
8972,655093
8973,655166
8974,655239
8975,655312
8976,655385
8977,655458
8978,655531
8979,655604
8980,655677
8981,655750
8982,655823
8983,655896
8984,655969
8985,656042
8986,656115
8987,656188
8988,656261
8989,656334
8990,656407
8991,656480
8992,656553
8993,656626
8994,656699
8995,656772
8996,656845
8997,656918
8998,656991
8999,657064
9000,657137
9001,657210
9002,657283
9003,657356
9004,657429
9005,657502
9006,657575
9007,657648
9008,657721
9009,657794
9010,657867
9011,657940
9012,658013
9013,658086
9014,658159
9015,658232
9016,658305
9017,658378
9018,658451
9019,658524
9020,658597
9021,658670
9022,658743
9023,658816
9024,658889
9025,658962
9026,659035
9027,659108
9028,659181
9029,659254
9030,659327
9031,659400
9032,659473
9033,659546
9034,659619
9035,659692
9036,659765
9037,659838
9038,659911
9039,659984
9040,660057
9041,660130
9042,660203
9043,660276
9044,660349
9045,660422
9046,660495
9047,660568
9048,660641
9049,660714
9050,660787
9051,660860
9052,660933
9053,661006
9054,661079
9055,661152
9056,661225
9057,661298
9058,661371
9059,661444
9060,661517
9061,661590
9062,661663
9063,661736
9064,661809
9065,661882
9066,661955
9067,662028
9068,662101
9069,662174
9070,662247
9071,662320
9072,662393
9073,662466
9074,662539
9075,662612
9076,662685
9077,662758
9078,662831
9079,662904
9080,662977
9081,663050
9082,663123
9083,663196
9084,663269
9085,663342
9086,663415
9087,663488
9088,663561
9089,663634
9090,663707
9091,663780
9092,663853
9093,663926
9094,663999
9095,664072
9096,664145
9097,664218
9098,664291
9099,664364
9100,664437
9101,664510
9102,664583
9103,664656
9104,664729
9105,664802
9106,664875
9107,664948
9108,665021
9109,665094
9110,665167
9111,665240
9112,665313
9113,665386
9114,665459
9115,665532
9116,665605
9117,665678
9118,665751
9119,665824
9120,665897
9121,665970
9122,666043
9123,666116
9124,666189
9125,666262
9126,666335
9127,666408
9128,666481
9129,666554
9130,666627
9131,666700
9132,666773
9133,666846
9134,666919
9135,666992
9136,667065
9137,667138
9138,667211
9139,667284
9140,667357
9141,667430
9142,667503
9143,667576
9144,667649
9145,667722
9146,667795
9147,667868
9148,667941
9149,668014
9150,668087
9151,668160
9152,668233
9153,668306
9154,668379
9155,668452
9156,668525
9157,668598
9158,668671
9159,668744
9160,668817
9161,668890
9162,668963
9163,669036
9164,669109
9165,669182
9166,669255
9167,669328
9168,669401
9169,669474
9170,669547
9171,669620
9172,669693
9173,669766
9174,669839
9175,669912
9176,669985
9177,670058
9178,670131
9179,670204
9180,670277
9181,670350
9182,670423
9183,670496
9184,670569
9185,670642
9186,670715
9187,670788
9188,670861
9189,670934
9190,671007
9191,671080
9192,671153
9193,671226
9194,671299
9195,671372
9196,671445
9197,671518
9198,671591
9199,671664
9200,671737
9201,671810
9202,671883
9203,671956
9204,672029
9205,672102
9206,672175
9207,672248
9208,672321
9209,672394
9210,672467
9211,672540
9212,672613
9213,672686
9214,672759
9215,672832
9216,672905
9217,672978
9218,673051
9219,673124
9220,673197
9221,673270
9222,673343
9223,673416
9224,673489
9225,673562
9226,673635
9227,673708
9228,673781
9229,673854
9230,673927
9231,674000
9232,674073
9233,674146
9234,674219
9235,674292
9236,674365
9237,674438
9238,674511
9239,674584
9240,674657
9241,674730
9242,674803
9243,674876
9244,674949
9245,675022
9246,675095
9247,675168
9248,675241
9249,675314
9250,675387
9251,675460
9252,675533
9253,675606
9254,675679
9255,675752
9256,675825
9257,675898
9258,675971
9259,676044
9260,676117
9261,676190
9262,676263
9263,676336
9264,676409
9265,676482
9266,676555
9267,676628
9268,676701
9269,676774
9270,676847
9271,676920
9272,676993
9273,677066
9274,677139
9275,677212
9276,677285
9277,677358
9278,677431
9279,677504
9280,677577
9281,677650
9282,677723
9283,677796
9284,677869
9285,677942
9286,678015
9287,678088
9288,678161
9289,678234
9290,678307
9291,678380
9292,678453
9293,678526
9294,678599
9295,678672
9296,678745
9297,678818
9298,678891
9299,678964
9300,679037
9301,679110
9302,679183
9303,679256
9304,679329
9305,679402
9306,679475
9307,679548
9308,679621
9309,679694
9310,679767
9311,679840
9312,679913
9313,679986
9314,680059
9315,680132
9316,680205
9317,680278
9318,680351
9319,680424
9320,680497
9321,680570
9322,680643
9323,680716
9324,680789
9325,680862
9326,680935
9327,681008
9328,681081
9329,681154
9330,681227
9331,681300
9332,681373
9333,681446
9334,681519
9335,681592
9336,681665
9337,681738
9338,681811
9339,681884
9340,681957
9341,682030
9342,682103
9343,682176
9344,682249
9345,682322
9346,682395
9347,682468
9348,682541
9349,682614
9350,682687
9351,682760
9352,682833
9353,682906
9354,682979
9355,683052
9356,683125
9357,683198
9358,683271
9359,683344
9360,683417
9361,683490
9362,683563
9363,683636
9364,683709
9365,683782
9366,683855
9367,683928
9368,684001
9369,684074
9370,684147
9371,684220
9372,684293
9373,684366
9374,684439
9375,684512
9376,684585
9377,684658
9378,684731
9379,684804
9380,684877
9381,684950
9382,685023
9383,685096
9384,685169
9385,685242
9386,685315
9387,685388
9388,685461
9389,685534
9390,685607
9391,685680
9392,685753
9393,685826
9394,685899
9395,685972
9396,686045
9397,686118
9398,686191
9399,686264
9400,686337
9401,686410
9402,686483
9403,686556
9404,686629
9405,686702
9406,686775
9407,686848
9408,686921
9409,686994
9410,687067
9411,687140
9412,687213
9413,687286
9414,687359
9415,687432
9416,687505
9417,687578
9418,687651
9419,687724
9420,687797
9421,687870
9422,687943
9423,688016
9424,688089
9425,688162
9426,688235
9427,688308
9428,688381
9429,688454
9430,688527
9431,688600
9432,688673
9433,688746
9434,688819
9435,688892
9436,688965
9437,689038
9438,689111
9439,689184
9440,689257
9441,689330
9442,689403
9443,689476
9444,689549
9445,689622
9446,689695
9447,689768
9448,689841
9449,689914
9450,689987
9451,690060
9452,690133
9453,690206
9454,690279
9455,690352
9456,690425
9457,690498
9458,690571
9459,690644
9460,690717
9461,690790
9462,690863
9463,690936
9464,691009
9465,691082
9466,691155
9467,691228
9468,691301
9469,691374
9470,691447
9471,691520
9472,691593
9473,691666
9474,691739
9475,691812
9476,691885
9477,691958
9478,692031
9479,692104
9480,692177
9481,692250
9482,692323
9483,692396
9484,692469
9485,692542
9486,692615
9487,692688
9488,692761
9489,692834
9490,692907
9491,692980
9492,693053
9493,693126
9494,693199
9495,693272
9496,693345
9497,693418
9498,693491
9499,693564
9500,693637
9501,693710
9502,693783
9503,693856
9504,693929
9505,694002
9506,694075
9507,694148
9508,694221
9509,694294
9510,694367
9511,694440
9512,694513
9513,694586
9514,694659
9515,694732
9516,694805
9517,694878
9518,694951
9519,695024
9520,695097
9521,695170
9522,695243
9523,695316
9524,695389
9525,695462
9526,695535
9527,695608
9528,695681
9529,695754
9530,695827
9531,695900
9532,695973
9533,696046
9534,696119
9535,696192
9536,696265
9537,696338
9538,696411
9539,696484
9540,696557
9541,696630
9542,696703
9543,696776
9544,696849
9545,696922
9546,696995
9547,697068
9548,697141
9549,697214
9550,697287
9551,697360
9552,697433
9553,697506
9554,697579
9555,697652
9556,697725
9557,697798
9558,697871
9559,697944
9560,698017
9561,698090
9562,698163
9563,698236
9564,698309
9565,698382
9566,698455
9567,698528
9568,698601
9569,698674
9570,698747
9571,698820
9572,698893
9573,698966
9574,699039
9575,699112
9576,699185
9577,699258
9578,699331
9579,699404
9580,699477
9581,699550
9582,699623
9583,699696
9584,699769
9585,699842
9586,699915
9587,699988
9588,700061
9589,700134
9590,700207
9591,700280
9592,700353
9593,700426
9594,700499
9595,700572
9596,700645
9597,700718
9598,700791
9599,700864
9600,700937
9601,701010
9602,701083
9603,701156
9604,701229
9605,701302
9606,701375
9607,701448
9608,701521
9609,701594
9610,701667
9611,701740
9612,701813
9613,701886
9614,701959
9615,702032
9616,702105
9617,702178
9618,702251
9619,702324
9620,702397
9621,702470
9622,702543
9623,702616
9624,702689
9625,702762
9626,702835
9627,702908
9628,702981
9629,703054
9630,703127
9631,703200
9632,703273
9633,703346
9634,703419
9635,703492
9636,703565
9637,703638
9638,703711
9639,703784
9640,703857
9641,703930
9642,704003
9643,704076
9644,704149
9645,704222
9646,704295
9647,704368
9648,704441
9649,704514
9650,704587
9651,704660
9652,704733
9653,704806
9654,704879
9655,704952
9656,705025
9657,705098
9658,705171
9659,705244
9660,705317
9661,705390
9662,705463
9663,705536
9664,705609
9665,705682
9666,705755
9667,705828
9668,705901
9669,705974
9670,706047
9671,706120
9672,706193
9673,706266
9674,706339
9675,706412
9676,706485
9677,706558
9678,706631
9679,706704
9680,706777
9681,706850
9682,706923
9683,706996
9684,707069
9685,707142
9686,707215
9687,707288
9688,707361
9689,707434
9690,707507
9691,707580
9692,707653
9693,707726
9694,707799
9695,707872
9696,707945
9697,708018
9698,708091
9699,708164
9700,708237
9701,708310
9702,708383
9703,708456
9704,708529
9705,708602
9706,708675
9707,708748
9708,708821
9709,708894
9710,708967
9711,709040
9712,709113
9713,709186
9714,709259
9715,709332
9716,709405
9717,709478
9718,709551
9719,709624
9720,709697
9721,709770
9722,709843
9723,709916
9724,709989
9725,710062
9726,710135
9727,710208
9728,710281
9729,710354
9730,710427
9731,710500
9732,710573
9733,710646
9734,710719
9735,710792
9736,710865
9737,710938
9738,711011
9739,711084
9740,711157
9741,711230
9742,711303
9743,711376
9744,711449
9745,711522
9746,711595
9747,711668
9748,711741
9749,711814
9750,711887
9751,711960
9752,712033
9753,712106
9754,712179
9755,712252
9756,712325
9757,712398
9758,712471
9759,712544
9760,712617
9761,712690
9762,712763
9763,712836
9764,712909
9765,712982
9766,713055
9767,713128
9768,713201
9769,713274
9770,713347
9771,713420
9772,713493
9773,713566
9774,713639
9775,713712
9776,713785
9777,713858
9778,713931
9779,714004
9780,714077
9781,714150
9782,714223
9783,714296
9784,714369
9785,714442
9786,714515
9787,714588
9788,714661
9789,714734
9790,714807
9791,714880
9792,714953
9793,715026
9794,715099
9795,715172
9796,715245
9797,715318
9798,715391
9799,715464
9800,715537
9801,715610
9802,715683
9803,715756
9804,715829
9805,715902
9806,715975
9807,716048
9808,716121
9809,716194
9810,716267
9811,716340
9812,716413
9813,716486
9814,716559
9815,716632
9816,716705
9817,716778
9818,716851
9819,716924
9820,716997
9821,717070
9822,717143
9823,717216
9824,717289
9825,717362
9826,717435
9827,717508
9828,717581
9829,717654
9830,717727
9831,717800
9832,717873
9833,717946
9834,718019
9835,718092
9836,718165
9837,718238
9838,718311
9839,718384
9840,718457
9841,718530
9842,718603
9843,718676
9844,718749
9845,718822
9846,718895
9847,718968
9848,719041
9849,719114
9850,719187
9851,719260
9852,719333
9853,719406
9854,719479
9855,719552
9856,719625
9857,719698
9858,719771
9859,719844
9860,719917
9861,719990
9862,720063
9863,720136
9864,720209
9865,720282
9866,720355
9867,720428
9868,720501
9869,720574
9870,720647
9871,720720
9872,720793
9873,720866
9874,720939
9875,721012
9876,721085
9877,721158
9878,721231
9879,721304
9880,721377
9881,721450
9882,721523
9883,721596
9884,721669
9885,721742
9886,721815
9887,721888
9888,721961
9889,722034
9890,722107
9891,722180
9892,722253
9893,722326
9894,722399
9895,722472
9896,722545
9897,722618
9898,722691
9899,722764
9900,722837
9901,722910
9902,722983
9903,723056
9904,723129
9905,723202
9906,723275
9907,723348
9908,723421
9909,723494
9910,723567
9911,723640
9912,723713
9913,723786
9914,723859
9915,723932
9916,724005
9917,724078
9918,724151
9919,724224
9920,724297
9921,724370
9922,724443
9923,724516
9924,724589
9925,724662
9926,724735
9927,724808
9928,724881
9929,724954
9930,725027
9931,725100
9932,725173
9933,725246
9934,725319
9935,725392
9936,725465
9937,725538
9938,725611
9939,725684
9940,725757
9941,725830
9942,725903
9943,725976
9944,726049
9945,726122
9946,726195
9947,726268
9948,726341
9949,726414
9950,726487
9951,726560
9952,726633
9953,726706
9954,726779
9955,726852
9956,726925
9957,726998
9958,727071
9959,727144
9960,727217
9961,727290
9962,727363
9963,727436
9964,727509
9965,727582
9966,727655
9967,727728
9968,727801
9969,727874
9970,727947
9971,728020
9972,728093
9973,728166
9974,728239
9975,728312
9976,728385
9977,728458
9978,728531
9979,728604
9980,728677
9981,728750
9982,728823
9983,728896
9984,728969
9985,729042
9986,729115
9987,729188
9988,729261
9989,729334
9990,729407
9991,729480
9992,729553
9993,729626
9994,729699
9995,729772
9996,729845
9997,729918
9998,729991
9999,730064
10000,730137
10001,730210
10002,730283
10003,730356
10004,730429
10005,730502
10006,730575
10007,730648
10008,730721
10009,730794
10010,730867
10011,730940
10012,731013
10013,731086
10014,731159
10015,731232
10016,731305
10017,731378
10018,731451
10019,731524
10020,731597
10021,731670
10022,731743
10023,731816
10024,731889
10025,731962
10026,732035
10027,732108
10028,732181
10029,732254
10030,732327
10031,732400
10032,732473
10033,732546
10034,732619
10035,732692
10036,732765
10037,732838
10038,732911
10039,732984
10040,733057
10041,733130
10042,733203
10043,733276
10044,733349
10045,733422
10046,733495
10047,733568
10048,733641
10049,733714
10050,733787
10051,733860
10052,733933
10053,734006
10054,734079
10055,734152
10056,734225
10057,734298
10058,734371
10059,734444
10060,734517
10061,734590
10062,734663
10063,734736
10064,734809
10065,734882
10066,734955
10067,735028
10068,735101
10069,735174
10070,735247
10071,735320
10072,735393
10073,735466
10074,735539
10075,735612
10076,735685
10077,735758
10078,735831
10079,735904
10080,735977
10081,736050
10082,736123
10083,736196
10084,736269
10085,736342
10086,736415
10087,736488
10088,736561
10089,736634
10090,736707
10091,736780
10092,736853
10093,736926
10094,736999
10095,737072
10096,737145
10097,737218
10098,737291
10099,737364
10100,737437
10101,737510
10102,737583
10103,737656
10104,737729
10105,737802
10106,737875
10107,737948
10108,738021
10109,738094
10110,738167
10111,738240
10112,738313
10113,738386
10114,738459
10115,738532
10116,738605
10117,738678
10118,738751
10119,738824
10120,738897
10121,738970
10122,739043
10123,739116
10124,739189
10125,739262
10126,739335
10127,739408
10128,739481
10129,739554
10130,739627
10131,739700
10132,739773
10133,739846
10134,739919
10135,739992
10136,740065
10137,740138
10138,740211
10139,740284
10140,740357
10141,740430
10142,740503
10143,740576
10144,740649
10145,740722
10146,740795
10147,740868
10148,740941
10149,741014
10150,741087
10151,741160
10152,741233
10153,741306
10154,741379
10155,741452
10156,741525
10157,741598
10158,741671
10159,741744
10160,741817
10161,741890
10162,741963
10163,742036
10164,742109
10165,742182
10166,742255
10167,742328
10168,742401
10169,742474
10170,742547
10171,742620
10172,742693
10173,742766
10174,742839
10175,742912
10176,742985
10177,743058
10178,743131
10179,743204
10180,743277
10181,743350
10182,743423
10183,743496
10184,743569
10185,743642
10186,743715
10187,743788
10188,743861
10189,743934
10190,744007
10191,744080
10192,744153
10193,744226
10194,744299
10195,744372
10196,744445
10197,744518
10198,744591
10199,744664
10200,744737
10201,744810
10202,744883
10203,744956
10204,745029
10205,745102
10206,745175
10207,745248
10208,745321
10209,745394
10210,745467
10211,745540
10212,745613
10213,745686
10214,745759
10215,745832
10216,745905
10217,745978
10218,746051
10219,746124
10220,746197
10221,746270
10222,746343
10223,746416
10224,746489
10225,746562
10226,746635
10227,746708
10228,746781
10229,746854
10230,746927
10231,747000
10232,747073
10233,747146
10234,747219
10235,747292
10236,747365
10237,747438
10238,747511
10239,747584
10240,747657
10241,747730
10242,747803
10243,747876
10244,747949
10245,748022
10246,748095
10247,748168
10248,748241
10249,748314
10250,748387
10251,748460
10252,748533
10253,748606
10254,748679
10255,748752
10256,748825
10257,748898
10258,748971
10259,749044
10260,749117
10261,749190
10262,749263
10263,749336
10264,749409
10265,749482
10266,749555
10267,749628
10268,749701
10269,749774
10270,749847
10271,749920
10272,749993
10273,750066
10274,750139
10275,750212
10276,750285
10277,750358
10278,750431
10279,750504
10280,750577
10281,750650
10282,750723
10283,750796
10284,750869
10285,750942
10286,751015
10287,751088
10288,751161
10289,751234
10290,751307
10291,751380
10292,751453
10293,751526
10294,751599
10295,751672
10296,751745
10297,751818
10298,751891
10299,751964
10300,752037
10301,752110
10302,752183
10303,752256
10304,752329
10305,752402
10306,752475
10307,752548
10308,752621
10309,752694
10310,752767
10311,752840
10312,752913
10313,752986
10314,753059
10315,753132
10316,753205
10317,753278
10318,753351
10319,753424
10320,753497
10321,753570
10322,753643
10323,753716
10324,753789
10325,753862
10326,753935
10327,754008
10328,754081
10329,754154
10330,754227
10331,754300
10332,754373
10333,754446
10334,754519
10335,754592
10336,754665
10337,754738
10338,754811
10339,754884
10340,754957
10341,755030
10342,755103
10343,755176
10344,755249
10345,755322
10346,755395
10347,755468
10348,755541
10349,755614
10350,755687
10351,755760
10352,755833
10353,755906
10354,755979
10355,756052
10356,756125
10357,756198
10358,756271
10359,756344
10360,756417
10361,756490
10362,756563
10363,756636
10364,756709
10365,756782
10366,756855
10367,756928
10368,757001
10369,757074
10370,757147
10371,757220
10372,757293
10373,757366
10374,757439
10375,757512
10376,757585
10377,757658
10378,757731
10379,757804
10380,757877
10381,757950
10382,758023
10383,758096
10384,758169
10385,758242
10386,758315
10387,758388
10388,758461
10389,758534
10390,758607
10391,758680
10392,758753
10393,758826
10394,758899
10395,758972
10396,759045
10397,759118
10398,759191
10399,759264
10400,759337
10401,759410
10402,759483
10403,759556
10404,759629
10405,759702
10406,759775
10407,759848
10408,759921
10409,759994
10410,760067
10411,760140
10412,760213
10413,760286
10414,760359
10415,760432
10416,760505
10417,760578
10418,760651
10419,760724
10420,760797
10421,760870
10422,760943
10423,761016
10424,761089
10425,761162
10426,761235
10427,761308
10428,761381
10429,761454
10430,761527
10431,761600
10432,761673
10433,761746
10434,761819
10435,761892
10436,761965
10437,762038
10438,762111
10439,762184
10440,762257
10441,762330
10442,762403
10443,762476
10444,762549
10445,762622
10446,762695
10447,762768
10448,762841
10449,762914
10450,762987
10451,763060
10452,763133
10453,763206
10454,763279
10455,763352
10456,763425
10457,763498
10458,763571
10459,763644
10460,763717
10461,763790
10462,763863
10463,763936
10464,764009
10465,764082
10466,764155
10467,764228
10468,764301
10469,764374
10470,764447
10471,764520
10472,764593
10473,764666
10474,764739
10475,764812
10476,764885
10477,764958
10478,765031
10479,765104
10480,765177
10481,765250
10482,765323
10483,765396
10484,765469
10485,765542
10486,765615
10487,765688
10488,765761
10489,765834
10490,765907
10491,765980
10492,766053
10493,766126
10494,766199
10495,766272
10496,766345
10497,766418
10498,766491
10499,766564
10500,766637
10501,766710
10502,766783
10503,766856
10504,766929
10505,767002
10506,767075
10507,767148
10508,767221
10509,767294
10510,767367
10511,767440
10512,767513
10513,767586
10514,767659
10515,767732
10516,767805
10517,767878
10518,767951
10519,768024
10520,768097
10521,768170
10522,768243
10523,768316
10524,768389
10525,768462
10526,768535
10527,768608
10528,768681
10529,768754
10530,768827
10531,768900
10532,768973
10533,769046
10534,769119
10535,769192
10536,769265
10537,769338
10538,769411
10539,769484
10540,769557
10541,769630
10542,769703
10543,769776
10544,769849
10545,769922
10546,769995
10547,770068
10548,770141
10549,770214
10550,770287
10551,770360
10552,770433
10553,770506
10554,770579
10555,770652
10556,770725
10557,770798
10558,770871
10559,770944
10560,771017
10561,771090
10562,771163
10563,771236
10564,771309
10565,771382
10566,771455
10567,771528
10568,771601
10569,771674
10570,771747
10571,771820
10572,771893
10573,771966
10574,772039
10575,772112
10576,772185
10577,772258
10578,772331
10579,772404
10580,772477
10581,772550
10582,772623
10583,772696
10584,772769
10585,772842
10586,772915
10587,772988
10588,773061
10589,773134
10590,773207
10591,773280
10592,773353
10593,773426
10594,773499
10595,773572
10596,773645
10597,773718
10598,773791
10599,773864
10600,773937
10601,774010
10602,774083
10603,774156
10604,774229
10605,774302
10606,774375
10607,774448
10608,774521
10609,774594
10610,774667
10611,774740
10612,774813
10613,774886
10614,774959
10615,775032
10616,775105
10617,775178
10618,775251
10619,775324
10620,775397
10621,775470
10622,775543
10623,775616
10624,775689
10625,775762
10626,775835
10627,775908
10628,775981
10629,776054
10630,776127
10631,776200
10632,776273
10633,776346
10634,776419
10635,776492
10636,776565
10637,776638
10638,776711
10639,776784
10640,776857
10641,776930
10642,777003
10643,777076
10644,777149
10645,777222
10646,777295
10647,777368
10648,777441
10649,777514
10650,777587
10651,777660
10652,777733
10653,777806
10654,777879
10655,777952
10656,778025
10657,778098
10658,778171
10659,778244
10660,778317
10661,778390
10662,778463
10663,778536
10664,778609
10665,778682
10666,778755
10667,778828
10668,778901
10669,778974
10670,779047
10671,779120
10672,779193
10673,779266
10674,779339
10675,779412
10676,779485
10677,779558
10678,779631
10679,779704
10680,779777
10681,779850
10682,779923
10683,779996
10684,780069
10685,780142
10686,780215
10687,780288
10688,780361
10689,780434
10690,780507
10691,780580
10692,780653
10693,780726
10694,780799
10695,780872
10696,780945
10697,781018
10698,781091
10699,781164
10700,781237
10701,781310
10702,781383
10703,781456
10704,781529
10705,781602
10706,781675
10707,781748
10708,781821
10709,781894
10710,781967
10711,782040
10712,782113
10713,782186
10714,782259
10715,782332
10716,782405
10717,782478
10718,782551
10719,782624
10720,782697
10721,782770
10722,782843
10723,782916
10724,782989
10725,783062
10726,783135
10727,783208
10728,783281
10729,783354
10730,783427
10731,783500
10732,783573
10733,783646
10734,783719
10735,783792
10736,783865
10737,783938
10738,784011
10739,784084
10740,784157
10741,784230
10742,784303
10743,784376
10744,784449
10745,784522
10746,784595
10747,784668
10748,784741
10749,784814
10750,784887
10751,784960
10752,785033
10753,785106
10754,785179
10755,785252
10756,785325
10757,785398
10758,785471
10759,785544
10760,785617
10761,785690
10762,785763
10763,785836
10764,785909
10765,785982
10766,786055
10767,786128
10768,786201
10769,786274
10770,786347
10771,786420
10772,786493
10773,786566
10774,786639
10775,786712
10776,786785
10777,786858
10778,786931
10779,787004
10780,787077
10781,787150
10782,787223
10783,787296
10784,787369
10785,787442
10786,787515
10787,787588
10788,787661
10789,787734
10790,787807
10791,787880
10792,787953
10793,788026
10794,788099
10795,788172
10796,788245
10797,788318
10798,788391
10799,788464
10800,788537
10801,788610
10802,788683
10803,788756
10804,788829
10805,788902
10806,788975
10807,789048
10808,789121
10809,789194
10810,789267
10811,789340
10812,789413
10813,789486
10814,789559
10815,789632
10816,789705
10817,789778
10818,789851
10819,789924
10820,789997
10821,790070
10822,790143
10823,790216
10824,790289
10825,790362
10826,790435
10827,790508
10828,790581
10829,790654
10830,790727
10831,790800
10832,790873
10833,790946
10834,791019
10835,791092
10836,791165
10837,791238
10838,791311
10839,791384
10840,791457
10841,791530
10842,791603
10843,791676
10844,791749
10845,791822
10846,791895
10847,791968
10848,792041
10849,792114
10850,792187
10851,792260
10852,792333
10853,792406
10854,792479
10855,792552
10856,792625
10857,792698
10858,792771
10859,792844
10860,792917
10861,792990
10862,793063
10863,793136
10864,793209
10865,793282
10866,793355
10867,793428
10868,793501
10869,793574
10870,793647
10871,793720
10872,793793
10873,793866
10874,793939
10875,794012
10876,794085
10877,794158
10878,794231
10879,794304
10880,794377
10881,794450
10882,794523
10883,794596
10884,794669
10885,794742
10886,794815
10887,794888
10888,794961
10889,795034
10890,795107
10891,795180
10892,795253
10893,795326
10894,795399
10895,795472
10896,795545
10897,795618
10898,795691
10899,795764
10900,795837
10901,795910
10902,795983
10903,796056
10904,796129
10905,796202
10906,796275
10907,796348
10908,796421
10909,796494
10910,796567
10911,796640
10912,796713
10913,796786
10914,796859
10915,796932
10916,797005
10917,797078
10918,797151
10919,797224
10920,797297
10921,797370
10922,797443
10923,797516
10924,797589
10925,797662
10926,797735
10927,797808
10928,797881
10929,797954
10930,798027
10931,798100
10932,798173
10933,798246
10934,798319
10935,798392
10936,798465
10937,798538
10938,798611
10939,798684
10940,798757
10941,798830
10942,798903
10943,798976
10944,799049
10945,799122
10946,799195
10947,799268
10948,799341
10949,799414
10950,799487
10951,799560
10952,799633
10953,799706
10954,799779
10955,799852
10956,799925
10957,799998
10958,800071
10959,800144
10960,800217
10961,800290
10962,800363
10963,800436
10964,800509
10965,800582
10966,800655
10967,800728
10968,800801
10969,800874
10970,800947
10971,801020
10972,801093
10973,801166
10974,801239
10975,801312
10976,801385
10977,801458
10978,801531
10979,801604
10980,801677
10981,801750
10982,801823
10983,801896
10984,801969
10985,802042
10986,802115
10987,802188
10988,802261
10989,802334
10990,802407
10991,802480
10992,802553
10993,802626
10994,802699
10995,802772
10996,802845
10997,802918
10998,802991
10999,803064
11000,803137
11001,803210
11002,803283
11003,803356
11004,803429
11005,803502
11006,803575
11007,803648
11008,803721
11009,803794
11010,803867
11011,803940
11012,804013
11013,804086
11014,804159
11015,804232
11016,804305
11017,804378
11018,804451
11019,804524
11020,804597
11021,804670
11022,804743
11023,804816
11024,804889
11025,804962
11026,805035
11027,805108
11028,805181
11029,805254
11030,805327
11031,805400
11032,805473
11033,805546
11034,805619
11035,805692
11036,805765
11037,805838
11038,805911
11039,805984
11040,806057
11041,806130
11042,806203
11043,806276
11044,806349
11045,806422
11046,806495
11047,806568
11048,806641
11049,806714
11050,806787
11051,806860
11052,806933
11053,807006
11054,807079
11055,807152
11056,807225
11057,807298
11058,807371
11059,807444
11060,807517
11061,807590
11062,807663
11063,807736
11064,807809
11065,807882
11066,807955
11067,808028
11068,808101
11069,808174
11070,808247
11071,808320
11072,808393
11073,808466
11074,808539
11075,808612
11076,808685
11077,808758
11078,808831
11079,808904
11080,808977
11081,809050
11082,809123
11083,809196
11084,809269
11085,809342
11086,809415
11087,809488
11088,809561
11089,809634
11090,809707
11091,809780
11092,809853
11093,809926
11094,809999
11095,810072
11096,810145
11097,810218
11098,810291
11099,810364
11100,810437
11101,810510
11102,810583
11103,810656
11104,810729
11105,810802
11106,810875
11107,810948
11108,811021
11109,811094
11110,811167
11111,811240
11112,811313
11113,811386
11114,811459
11115,811532
11116,811605
11117,811678
11118,811751
11119,811824
11120,811897
11121,811970
11122,812043
11123,812116
11124,812189
11125,812262
11126,812335
11127,812408
11128,812481
11129,812554
11130,812627
11131,812700
11132,812773
11133,812846
11134,812919
11135,812992
11136,813065
11137,813138
11138,813211
11139,813284
11140,813357
11141,813430
11142,813503
11143,813576
11144,813649
11145,813722
11146,813795
11147,813868
11148,813941
11149,814014
11150,814087
11151,814160
11152,814233
11153,814306
11154,814379
11155,814452
11156,814525
11157,814598
11158,814671
11159,814744
11160,814817
11161,814890
11162,814963
11163,815036
11164,815109
11165,815182
11166,815255
11167,815328
11168,815401
11169,815474
11170,815547
11171,815620
11172,815693
11173,815766
11174,815839
11175,815912
11176,815985
11177,816058
11178,816131
11179,816204
11180,816277
11181,816350
11182,816423
11183,816496
11184,816569
11185,816642
11186,816715
11187,816788
11188,816861
11189,816934
11190,817007
11191,817080
11192,817153
11193,817226
11194,817299
11195,817372
11196,817445
11197,817518
11198,817591
11199,817664
11200,817737
11201,817810
11202,817883
11203,817956
11204,818029
11205,818102
11206,818175
11207,818248
11208,818321
11209,818394
11210,818467
11211,818540
11212,818613
11213,818686
11214,818759
11215,818832
11216,818905
11217,818978
11218,819051
11219,819124
11220,819197
11221,819270
11222,819343
11223,819416
11224,819489
11225,819562
11226,819635
11227,819708
11228,819781
11229,819854
11230,819927
11231,820000
11232,820073
11233,820146
11234,820219
11235,820292
11236,820365
11237,820438
11238,820511
11239,820584
11240,820657
11241,820730
11242,820803
11243,820876
11244,820949
11245,821022
11246,821095
11247,821168
11248,821241
11249,821314
11250,821387
11251,821460
11252,821533
11253,821606
11254,821679
11255,821752
11256,821825
11257,821898
11258,821971
11259,822044
11260,822117
11261,822190
11262,822263
11263,822336
11264,822409
11265,822482
11266,822555
11267,822628
11268,822701
11269,822774
11270,822847
11271,822920
11272,822993
11273,823066
11274,823139
11275,823212
11276,823285
11277,823358
11278,823431
11279,823504
11280,823577
11281,823650
11282,823723
11283,823796
11284,823869
11285,823942
11286,824015
11287,824088
11288,824161
11289,824234
11290,824307
11291,824380
11292,824453
11293,824526
11294,824599
11295,824672
11296,824745
11297,824818
11298,824891
11299,824964
11300,825037
11301,825110
11302,825183
11303,825256
11304,825329
11305,825402
11306,825475
11307,825548
11308,825621
11309,825694
11310,825767
11311,825840
11312,825913
11313,825986
11314,826059
11315,826132
11316,826205
11317,826278
11318,826351
11319,826424
11320,826497
11321,826570
11322,826643
11323,826716
11324,826789
11325,826862
11326,826935
11327,827008
11328,827081
11329,827154
11330,827227
11331,827300
11332,827373
11333,827446
11334,827519
11335,827592
11336,827665
11337,827738
11338,827811
11339,827884
11340,827957
11341,828030
11342,828103
11343,828176
11344,828249
11345,828322
11346,828395
11347,828468
11348,828541
11349,828614
11350,828687
11351,828760
11352,828833
11353,828906
11354,828979
11355,829052
11356,829125
11357,829198
11358,829271
11359,829344
11360,829417
11361,829490
11362,829563
11363,829636
11364,829709
11365,829782
11366,829855
11367,829928
11368,830001
11369,830074
11370,830147
11371,830220
11372,830293
11373,830366
11374,830439
11375,830512
11376,830585
11377,830658
11378,830731
11379,830804
11380,830877
11381,830950
11382,831023
11383,831096
11384,831169
11385,831242
11386,831315
11387,831388
11388,831461
11389,831534
11390,831607
11391,831680
11392,831753
11393,831826
11394,831899
11395,831972
11396,832045
11397,832118
11398,832191
11399,832264
11400,832337
11401,832410
11402,832483
11403,832556
11404,832629
11405,832702
11406,832775
11407,832848
11408,832921
11409,832994
11410,833067
11411,833140
11412,833213
11413,833286
11414,833359
11415,833432
11416,833505
11417,833578
11418,833651
11419,833724
11420,833797
11421,833870
11422,833943
11423,834016
11424,834089
11425,834162
11426,834235
11427,834308
11428,834381
11429,834454
11430,834527
11431,834600
11432,834673
11433,834746
11434,834819
11435,834892
11436,834965
11437,835038
11438,835111
11439,835184
11440,835257
11441,835330
11442,835403
11443,835476
11444,835549
11445,835622
11446,835695
11447,835768
11448,835841
11449,835914
11450,835987
11451,836060
11452,836133
11453,836206
11454,836279
11455,836352
11456,836425
11457,836498
11458,836571
11459,836644
11460,836717
11461,836790
11462,836863
11463,836936
11464,837009
11465,837082
11466,837155
11467,837228
11468,837301
11469,837374
11470,837447
11471,837520
11472,837593
11473,837666
11474,837739
11475,837812
11476,837885
11477,837958
11478,838031
11479,838104
11480,838177
11481,838250
11482,838323
11483,838396
11484,838469
11485,838542
11486,838615
11487,838688
11488,838761
11489,838834
11490,838907
11491,838980
11492,839053
11493,839126
11494,839199
11495,839272
11496,839345
11497,839418
11498,839491
11499,839564
11500,839637
11501,839710
11502,839783
11503,839856
11504,839929
11505,840002
11506,840075
11507,840148
11508,840221
11509,840294
11510,840367
11511,840440
11512,840513
11513,840586
11514,840659
11515,840732
11516,840805
11517,840878
11518,840951
11519,841024
11520,841097
11521,841170
11522,841243
11523,841316
11524,841389
11525,841462
11526,841535
11527,841608
11528,841681
11529,841754
11530,841827
11531,841900
11532,841973
11533,842046
11534,842119
11535,842192
11536,842265
11537,842338
11538,842411
11539,842484
11540,842557
11541,842630
11542,842703
11543,842776
11544,842849
11545,842922
11546,842995
11547,843068
11548,843141
11549,843214
11550,843287
11551,843360
11552,843433
11553,843506
11554,843579
11555,843652
11556,843725
11557,843798
11558,843871
11559,843944
11560,844017
11561,844090
11562,844163
11563,844236
11564,844309
11565,844382
11566,844455
11567,844528
11568,844601
11569,844674
11570,844747
11571,844820
11572,844893
11573,844966
11574,845039
11575,845112
11576,845185
11577,845258
11578,845331
11579,845404
11580,845477
11581,845550
11582,845623
11583,845696
11584,845769
11585,845842
11586,845915
11587,845988
11588,846061
11589,846134
11590,846207
11591,846280
11592,846353
11593,846426
11594,846499
11595,846572
11596,846645
11597,846718
11598,846791
11599,846864
11600,846937
11601,847010
11602,847083
11603,847156
11604,847229
11605,847302
11606,847375
11607,847448
11608,847521
11609,847594
11610,847667
11611,847740
11612,847813
11613,847886
11614,847959
11615,848032
11616,848105
11617,848178
11618,848251
11619,848324
11620,848397
11621,848470
11622,848543
11623,848616
11624,848689
11625,848762
11626,848835
11627,848908
11628,848981
11629,849054
11630,849127
11631,849200
11632,849273
11633,849346
11634,849419
11635,849492
11636,849565
11637,849638
11638,849711
11639,849784
11640,849857
11641,849930
11642,850003
11643,850076
11644,850149
11645,850222
11646,850295
11647,850368
11648,850441
11649,850514
11650,850587
11651,850660
11652,850733
11653,850806
11654,850879
11655,850952
11656,851025
11657,851098
11658,851171
11659,851244
11660,851317
11661,851390
11662,851463
11663,851536
11664,851609
11665,851682
11666,851755
11667,851828
11668,851901
11669,851974
11670,852047
11671,852120
11672,852193
11673,852266
11674,852339
11675,852412
11676,852485
11677,852558
11678,852631
11679,852704
11680,852777
11681,852850
11682,852923
11683,852996
11684,853069
11685,853142
11686,853215
11687,853288
11688,853361
11689,853434
11690,853507
11691,853580
11692,853653
11693,853726
11694,853799
11695,853872
11696,853945
11697,854018
11698,854091
11699,854164
11700,854237
11701,854310
11702,854383
11703,854456
11704,854529
11705,854602
11706,854675
11707,854748
11708,854821
11709,854894
11710,854967
11711,855040
11712,855113
11713,855186
11714,855259
11715,855332
11716,855405
11717,855478
11718,855551
11719,855624
11720,855697
11721,855770
11722,855843
11723,855916
11724,855989
11725,856062
11726,856135
11727,856208
11728,856281
11729,856354
11730,856427
11731,856500
11732,856573
11733,856646
11734,856719
11735,856792
11736,856865
11737,856938
11738,857011
11739,857084
11740,857157
11741,857230
11742,857303
11743,857376
11744,857449
11745,857522
11746,857595
11747,857668
11748,857741
11749,857814
11750,857887
11751,857960
11752,858033
11753,858106
11754,858179
11755,858252
11756,858325
11757,858398
11758,858471
11759,858544
11760,858617
11761,858690
11762,858763
11763,858836
11764,858909
11765,858982
11766,859055
11767,859128
11768,859201
11769,859274
11770,859347
11771,859420
11772,859493
11773,859566
11774,859639
11775,859712
11776,859785
11777,859858
11778,859931
11779,860004
11780,860077
11781,860150
11782,860223
11783,860296
11784,860369
11785,860442
11786,860515
11787,860588
11788,860661
11789,860734
11790,860807
11791,860880
11792,860953
11793,861026
11794,861099
11795,861172
11796,861245
11797,861318
11798,861391
11799,861464
11800,861537
11801,861610
11802,861683
11803,861756
11804,861829
11805,861902
11806,861975
11807,862048
11808,862121
11809,862194
11810,862267
11811,862340
11812,862413
11813,862486
11814,862559
11815,862632
11816,862705
11817,862778
11818,862851
11819,862924
11820,862997
11821,863070
11822,863143
11823,863216
11824,863289
11825,863362
11826,863435
11827,863508
11828,863581
11829,863654
11830,863727
11831,863800
11832,863873
11833,863946
11834,864019
11835,864092
11836,864165
11837,864238
11838,864311
11839,864384
11840,864457
11841,864530
11842,864603
11843,864676
11844,864749
11845,864822
11846,864895
11847,864968
11848,865041
11849,865114
11850,865187
11851,865260
11852,865333
11853,865406
11854,865479
11855,865552
11856,865625
11857,865698
11858,865771
11859,865844
11860,865917
11861,865990
11862,866063
11863,866136
11864,866209
11865,866282
11866,866355
11867,866428
11868,866501
11869,866574
11870,866647
11871,866720
11872,866793
11873,866866
11874,866939
11875,867012
11876,867085
11877,867158
11878,867231
11879,867304
11880,867377
11881,867450
11882,867523
11883,867596
11884,867669
11885,867742
11886,867815
11887,867888
11888,867961
11889,868034
11890,868107
11891,868180
11892,868253
11893,868326
11894,868399
11895,868472
11896,868545
11897,868618
11898,868691
11899,868764
11900,868837
11901,868910
11902,868983
11903,869056
11904,869129
11905,869202
11906,869275
11907,869348
11908,869421
11909,869494
11910,869567
11911,869640
11912,869713
11913,869786
11914,869859
11915,869932
11916,870005
11917,870078
11918,870151
11919,870224
11920,870297
11921,870370
11922,870443
11923,870516
11924,870589
11925,870662
11926,870735
11927,870808
11928,870881
11929,870954
11930,871027
11931,871100
11932,871173
11933,871246
11934,871319
11935,871392
11936,871465
11937,871538
11938,871611
11939,871684
11940,871757
11941,871830
11942,871903
11943,871976
11944,872049
11945,872122
11946,872195
11947,872268
11948,872341
11949,872414
11950,872487
11951,872560
11952,872633
11953,872706
11954,872779
11955,872852
11956,872925
11957,872998
11958,873071
11959,873144
11960,873217
11961,873290
11962,873363
11963,873436
11964,873509
11965,873582
11966,873655
11967,873728
11968,873801
11969,873874
11970,873947
11971,874020
11972,874093
11973,874166
11974,874239
11975,874312
11976,874385
11977,874458
11978,874531
11979,874604
11980,874677
11981,874750
11982,874823
11983,874896
11984,874969
11985,875042
11986,875115
11987,875188
11988,875261
11989,875334
11990,875407
11991,875480
11992,875553
11993,875626
11994,875699
11995,875772
11996,875845
11997,875918
11998,875991
11999,876064
12000,876137
12001,876210
12002,876283
12003,876356
12004,876429
12005,876502
12006,876575
12007,876648
12008,876721
12009,876794
12010,876867
12011,876940
12012,877013
12013,877086
12014,877159
12015,877232
12016,877305
12017,877378
12018,877451
12019,877524
12020,877597
12021,877670
12022,877743
12023,877816
12024,877889
12025,877962
12026,878035
12027,878108
12028,878181
12029,878254
12030,878327
12031,878400
12032,878473
12033,878546
12034,878619
12035,878692
12036,878765
12037,878838
12038,878911
12039,878984
12040,879057
12041,879130
12042,879203
12043,879276
12044,879349
12045,879422
12046,879495
12047,879568
12048,879641
12049,879714
12050,879787
12051,879860
12052,879933
12053,880006
12054,880079
12055,880152
12056,880225
12057,880298
12058,880371
12059,880444
12060,880517
12061,880590
12062,880663
12063,880736
12064,880809
12065,880882
12066,880955
12067,881028
12068,881101
12069,881174
12070,881247
12071,881320
12072,881393
12073,881466
12074,881539
12075,881612
12076,881685
12077,881758
12078,881831
12079,881904
12080,881977
12081,882050
12082,882123
12083,882196
12084,882269
12085,882342
12086,882415
12087,882488
12088,882561
12089,882634
12090,882707
12091,882780
12092,882853
12093,882926
12094,882999
12095,883072
12096,883145
12097,883218
12098,883291
12099,883364
12100,883437
12101,883510
12102,883583
12103,883656
12104,883729
12105,883802
12106,883875
12107,883948
12108,884021
12109,884094
12110,884167
12111,884240
12112,884313
12113,884386
12114,884459
12115,884532
12116,884605
12117,884678
12118,884751
12119,884824
12120,884897
12121,884970
12122,885043
12123,885116
12124,885189
12125,885262
12126,885335
12127,885408
12128,885481
12129,885554
12130,885627
12131,885700
12132,885773
12133,885846
12134,885919
12135,885992
12136,886065
12137,886138
12138,886211
12139,886284
12140,886357
12141,886430
12142,886503
12143,886576
12144,886649
12145,886722
12146,886795
12147,886868
12148,886941
12149,887014
12150,887087
12151,887160
12152,887233
12153,887306
12154,887379
12155,887452
12156,887525
12157,887598
12158,887671
12159,887744
12160,887817
12161,887890
12162,887963
12163,888036
12164,888109
12165,888182
12166,888255
12167,888328
12168,888401
12169,888474
12170,888547
12171,888620
12172,888693
12173,888766
12174,888839
12175,888912
12176,888985
12177,889058
12178,889131
12179,889204
12180,889277
12181,889350
12182,889423
12183,889496
12184,889569
12185,889642
12186,889715
12187,889788
12188,889861
12189,889934
12190,890007
12191,890080
12192,890153
12193,890226
12194,890299
12195,890372
12196,890445
12197,890518
12198,890591
12199,890664
12200,890737
12201,890810
12202,890883
12203,890956
12204,891029
12205,891102
12206,891175
12207,891248
12208,891321
12209,891394
12210,891467
12211,891540
12212,891613
12213,891686
12214,891759
12215,891832
12216,891905
12217,891978
12218,892051
12219,892124
12220,892197
12221,892270
12222,892343
12223,892416
12224,892489
12225,892562
12226,892635
12227,892708
12228,892781
12229,892854
12230,892927
12231,893000
12232,893073
12233,893146
12234,893219
12235,893292
12236,893365
12237,893438
12238,893511
12239,893584
12240,893657
12241,893730
12242,893803
12243,893876
12244,893949
12245,894022
12246,894095
12247,894168
12248,894241
12249,894314
12250,894387
12251,894460
12252,894533
12253,894606
12254,894679
12255,894752
12256,894825
12257,894898
12258,894971
12259,895044
12260,895117
12261,895190
12262,895263
12263,895336
12264,895409
12265,895482
12266,895555
12267,895628
12268,895701
12269,895774
12270,895847
12271,895920
12272,895993
12273,896066
12274,896139
12275,896212
12276,896285
12277,896358
12278,896431
12279,896504
12280,896577
12281,896650
12282,896723
12283,896796
12284,896869
12285,896942
12286,897015
12287,897088
12288,897161
12289,897234
12290,897307
12291,897380
12292,897453
12293,897526
12294,897599
12295,897672
12296,897745
12297,897818
12298,897891
12299,897964
12300,898037
12301,898110
12302,898183
12303,898256
12304,898329
12305,898402
12306,898475
12307,898548
12308,898621
12309,898694
12310,898767
12311,898840
12312,898913
12313,898986
12314,899059
12315,899132
12316,899205
12317,899278
12318,899351
12319,899424
12320,899497
12321,899570
12322,899643
12323,899716
12324,899789
12325,899862
12326,899935
12327,900008
12328,900081
12329,900154
12330,900227
12331,900300
12332,900373
12333,900446
12334,900519
12335,900592
12336,900665
12337,900738
12338,900811
12339,900884
12340,900957
12341,901030
12342,901103
12343,901176
12344,901249
12345,901322
12346,901395
12347,901468
12348,901541
12349,901614
12350,901687
12351,901760
12352,901833
12353,901906
12354,901979
12355,902052
12356,902125
12357,902198
12358,902271
12359,902344
12360,902417
12361,902490
12362,902563
12363,902636
12364,902709
12365,902782
12366,902855
12367,902928
12368,903001
12369,903074
12370,903147
12371,903220
12372,903293
12373,903366
12374,903439
12375,903512
12376,903585
12377,903658
12378,903731
12379,903804
12380,903877
12381,903950
12382,904023
12383,904096
12384,904169
12385,904242
12386,904315
12387,904388
12388,904461
12389,904534
12390,904607
12391,904680
12392,904753
12393,904826
12394,904899
12395,904972
12396,905045
12397,905118
12398,905191
12399,905264
12400,905337
12401,905410
12402,905483
12403,905556
12404,905629
12405,905702
12406,905775
12407,905848
12408,905921
12409,905994
12410,906067
12411,906140
12412,906213
12413,906286
12414,906359
12415,906432
12416,906505
12417,906578
12418,906651
12419,906724
12420,906797
12421,906870
12422,906943
12423,907016
12424,907089
12425,907162
12426,907235
12427,907308
12428,907381
12429,907454
12430,907527
12431,907600
12432,907673
12433,907746
12434,907819
12435,907892
12436,907965
12437,908038
12438,908111
12439,908184
12440,908257
12441,908330
12442,908403
12443,908476
12444,908549
12445,908622
12446,908695
12447,908768
12448,908841
12449,908914
12450,908987
12451,909060
12452,909133
12453,909206
12454,909279
12455,909352
12456,909425
12457,909498
12458,909571
12459,909644
12460,909717
12461,909790
12462,909863
12463,909936
12464,910009
12465,910082
12466,910155
12467,910228
12468,910301
12469,910374
12470,910447
12471,910520
12472,910593
12473,910666
12474,910739
12475,910812
12476,910885
12477,910958
12478,911031
12479,911104
12480,911177
12481,911250
12482,911323
12483,911396
12484,911469
12485,911542
12486,911615
12487,911688
12488,911761
12489,911834
12490,911907
12491,911980
12492,912053
12493,912126
12494,912199
12495,912272
12496,912345
12497,912418
12498,912491
12499,912564
12500,912637
12501,912710
12502,912783
12503,912856
12504,912929
12505,913002
12506,913075
12507,913148
12508,913221
12509,913294
12510,913367
12511,913440
12512,913513
12513,913586
12514,913659
12515,913732
12516,913805
12517,913878
12518,913951
12519,914024
12520,914097
12521,914170
12522,914243
12523,914316
12524,914389
12525,914462
12526,914535
12527,914608
12528,914681
12529,914754
12530,914827
12531,914900
12532,914973
12533,915046
12534,915119
12535,915192
12536,915265
12537,915338
12538,915411
12539,915484
12540,915557
12541,915630
12542,915703
12543,915776
12544,915849
12545,915922
12546,915995
12547,916068
12548,916141
12549,916214
12550,916287
12551,916360
12552,916433
12553,916506
12554,916579
12555,916652
12556,916725
12557,916798
12558,916871
12559,916944
12560,917017
12561,917090
12562,917163
12563,917236
12564,917309
12565,917382
12566,917455
12567,917528
12568,917601
12569,917674
12570,917747
12571,917820
12572,917893
12573,917966
12574,918039
12575,918112
12576,918185
12577,918258
12578,918331
12579,918404
12580,918477
12581,918550
12582,918623
12583,918696
12584,918769
12585,918842
12586,918915
12587,918988
12588,919061
12589,919134
12590,919207
12591,919280
12592,919353
12593,919426
12594,919499
12595,919572
12596,919645
12597,919718
12598,919791
12599,919864
12600,919937
12601,920010
12602,920083
12603,920156
12604,920229
12605,920302
12606,920375
12607,920448
12608,920521
12609,920594
12610,920667
12611,920740
12612,920813
12613,920886
12614,920959
12615,921032
12616,921105
12617,921178
12618,921251
12619,921324
12620,921397
12621,921470
12622,921543
12623,921616
12624,921689
12625,921762
12626,921835
12627,921908
12628,921981
12629,922054
12630,922127
12631,922200
12632,922273
12633,922346
12634,922419
12635,922492
12636,922565
12637,922638
12638,922711
12639,922784
12640,922857
12641,922930
12642,923003
12643,923076
12644,923149
12645,923222
12646,923295
12647,923368
12648,923441
12649,923514
12650,923587
12651,923660
12652,923733
12653,923806
12654,923879
12655,923952
12656,924025
12657,924098
12658,924171
12659,924244
12660,924317
12661,924390
12662,924463
12663,924536
12664,924609
12665,924682
12666,924755
12667,924828
12668,924901
12669,924974
12670,925047
12671,925120
12672,925193
12673,925266
12674,925339
12675,925412
12676,925485
12677,925558
12678,925631
12679,925704
12680,925777
12681,925850
12682,925923
12683,925996
12684,926069
12685,926142
12686,926215
12687,926288
12688,926361
12689,926434
12690,926507
12691,926580
12692,926653
12693,926726
12694,926799
12695,926872
12696,926945
12697,927018
12698,927091
12699,927164
12700,927237
12701,927310
12702,927383
12703,927456
12704,927529
12705,927602
12706,927675
12707,927748
12708,927821
12709,927894
12710,927967
12711,928040
12712,928113
12713,928186
12714,928259
12715,928332
12716,928405
12717,928478
12718,928551
12719,928624
12720,928697
12721,928770
12722,928843
12723,928916
12724,928989
12725,929062
12726,929135
12727,929208
12728,929281
12729,929354
12730,929427
12731,929500
12732,929573
12733,929646
12734,929719
12735,929792
12736,929865
12737,929938
12738,930011
12739,930084
12740,930157
12741,930230
12742,930303
12743,930376
12744,930449
12745,930522
12746,930595
12747,930668
12748,930741
12749,930814
12750,930887
12751,930960
12752,931033
12753,931106
12754,931179
12755,931252
12756,931325
12757,931398
12758,931471
12759,931544
12760,931617
12761,931690
12762,931763
12763,931836
12764,931909
12765,931982
12766,932055
12767,932128
12768,932201
12769,932274
12770,932347
12771,932420
12772,932493
12773,932566
12774,932639
12775,932712
12776,932785
12777,932858
12778,932931
12779,933004
12780,933077
12781,933150
12782,933223
12783,933296
12784,933369
12785,933442
12786,933515
12787,933588
12788,933661
12789,933734
12790,933807
12791,933880
12792,933953
12793,934026
12794,934099
12795,934172
12796,934245
12797,934318
12798,934391
12799,934464
12800,934537
12801,934610
12802,934683
12803,934756
12804,934829
12805,934902
12806,934975
12807,935048
12808,935121
12809,935194
12810,935267
12811,935340
12812,935413
12813,935486
12814,935559
12815,935632
12816,935705
12817,935778
12818,935851
12819,935924
12820,935997
12821,936070
12822,936143
12823,936216
12824,936289
12825,936362
12826,936435
12827,936508
12828,936581
12829,936654
12830,936727
12831,936800
12832,936873
12833,936946
12834,937019
12835,937092
12836,937165
12837,937238
12838,937311
12839,937384
12840,937457
12841,937530
12842,937603
12843,937676
12844,937749
12845,937822
12846,937895
12847,937968
12848,938041
12849,938114
12850,938187
12851,938260
12852,938333
12853,938406
12854,938479
12855,938552
12856,938625
12857,938698
12858,938771
12859,938844
12860,938917
12861,938990
12862,939063
12863,939136
12864,939209
12865,939282
12866,939355
12867,939428
12868,939501
12869,939574
12870,939647
12871,939720
12872,939793
12873,939866
12874,939939
12875,940012
12876,940085
12877,940158
12878,940231
12879,940304
12880,940377
12881,940450
12882,940523
12883,940596
12884,940669
12885,940742
12886,940815
12887,940888
12888,940961
12889,941034
12890,941107
12891,941180
12892,941253
12893,941326
12894,941399
12895,941472
12896,941545
12897,941618
12898,941691
12899,941764
12900,941837
12901,941910
12902,941983
12903,942056
12904,942129
12905,942202
12906,942275
12907,942348
12908,942421
12909,942494
12910,942567
12911,942640
12912,942713
12913,942786
12914,942859
12915,942932
12916,943005
12917,943078
12918,943151
12919,943224
12920,943297
12921,943370
12922,943443
12923,943516
12924,943589
12925,943662
12926,943735
12927,943808
12928,943881
12929,943954
12930,944027
12931,944100
12932,944173
12933,944246
12934,944319
12935,944392
12936,944465
12937,944538
12938,944611
12939,944684
12940,944757
12941,944830
12942,944903
12943,944976
12944,945049
12945,945122
12946,945195
12947,945268
12948,945341
12949,945414
12950,945487
12951,945560
12952,945633
12953,945706
12954,945779
12955,945852
12956,945925
12957,945998
12958,946071
12959,946144
12960,946217
12961,946290
12962,946363
12963,946436
12964,946509
12965,946582
12966,946655
12967,946728
12968,946801
12969,946874
12970,946947
12971,947020
12972,947093
12973,947166
12974,947239
12975,947312
12976,947385
12977,947458
12978,947531
12979,947604
12980,947677
12981,947750
12982,947823
12983,947896
12984,947969
12985,948042
12986,948115
12987,948188
12988,948261
12989,948334
12990,948407
12991,948480
12992,948553
12993,948626
12994,948699
12995,948772
12996,948845
12997,948918
12998,948991
12999,949064
13000,949137
13001,949210
13002,949283
13003,949356
13004,949429
13005,949502
13006,949575
13007,949648
13008,949721
13009,949794
13010,949867
13011,949940
13012,950013
13013,950086
13014,950159
13015,950232
13016,950305
13017,950378
13018,950451
13019,950524
13020,950597
13021,950670
13022,950743
13023,950816
13024,950889
13025,950962
13026,951035
13027,951108
13028,951181
13029,951254
13030,951327
13031,951400
13032,951473
13033,951546
13034,951619
13035,951692
13036,951765
13037,951838
13038,951911
13039,951984
13040,952057
13041,952130
13042,952203
13043,952276
13044,952349
13045,952422
13046,952495
13047,952568
13048,952641
13049,952714
13050,952787
13051,952860
13052,952933
13053,953006
13054,953079
13055,953152
13056,953225
13057,953298
13058,953371
13059,953444
13060,953517
13061,953590
13062,953663
13063,953736
13064,953809
13065,953882
13066,953955
13067,954028
13068,954101
13069,954174
13070,954247
13071,954320
13072,954393
13073,954466
13074,954539
13075,954612
13076,954685
13077,954758
13078,954831
13079,954904
13080,954977
13081,955050
13082,955123
13083,955196
13084,955269
13085,955342
13086,955415
13087,955488
13088,955561
13089,955634
13090,955707
13091,955780
13092,955853
13093,955926
13094,955999
13095,956072
13096,956145
13097,956218
13098,956291
13099,956364
13100,956437
13101,956510
13102,956583
13103,956656
13104,956729
13105,956802
13106,956875
13107,956948
13108,957021
13109,957094
13110,957167
13111,957240
13112,957313
13113,957386
13114,957459
13115,957532
13116,957605
13117,957678
13118,957751
13119,957824
13120,957897
13121,957970
13122,958043
13123,958116
13124,958189
13125,958262
13126,958335
13127,958408
13128,958481
13129,958554
13130,958627
13131,958700
13132,958773
13133,958846
13134,958919
13135,958992
13136,959065
13137,959138
13138,959211
13139,959284
13140,959357
13141,959430
13142,959503
13143,959576
13144,959649
13145,959722
13146,959795
13147,959868
13148,959941
13149,960014
13150,960087
13151,960160
13152,960233
13153,960306
13154,960379
13155,960452
13156,960525
13157,960598
13158,960671
13159,960744
13160,960817
13161,960890
13162,960963
13163,961036
13164,961109
13165,961182
13166,961255
13167,961328
13168,961401
13169,961474
13170,961547
13171,961620
13172,961693
13173,961766
13174,961839
13175,961912
13176,961985
13177,962058
13178,962131
13179,962204
13180,962277
13181,962350
13182,962423
13183,962496
13184,962569
13185,962642
13186,962715
13187,962788
13188,962861
13189,962934
13190,963007
13191,963080
13192,963153
13193,963226
13194,963299
13195,963372
13196,963445
13197,963518
13198,963591
13199,963664
13200,963737
13201,963810
13202,963883
13203,963956
13204,964029
13205,964102
13206,964175
13207,964248
13208,964321
13209,964394
13210,964467
13211,964540
13212,964613
13213,964686
13214,964759
13215,964832
13216,964905
13217,964978
13218,965051
13219,965124
13220,965197
13221,965270
13222,965343
13223,965416
13224,965489
13225,965562
13226,965635
13227,965708
13228,965781
13229,965854
13230,965927
13231,966000
13232,966073
13233,966146
13234,966219
13235,966292
13236,966365
13237,966438
13238,966511
13239,966584
13240,966657
13241,966730
13242,966803
13243,966876
13244,966949
13245,967022
13246,967095
13247,967168
13248,967241
13249,967314
13250,967387
13251,967460
13252,967533
13253,967606
13254,967679
13255,967752
13256,967825
13257,967898
13258,967971
13259,968044
13260,968117
13261,968190
13262,968263
13263,968336
13264,968409
13265,968482
13266,968555
13267,968628
13268,968701
13269,968774
13270,968847
13271,968920
13272,968993
13273,969066
13274,969139
13275,969212
13276,969285
13277,969358
13278,969431
13279,969504
13280,969577
13281,969650
13282,969723
13283,969796
13284,969869
13285,969942
13286,970015
13287,970088
13288,970161
13289,970234
13290,970307
13291,970380
13292,970453
13293,970526
13294,970599
13295,970672
13296,970745
13297,970818
13298,970891
13299,970964
13300,971037
13301,971110
13302,971183
13303,971256
13304,971329
13305,971402
13306,971475
13307,971548
13308,971621
13309,971694
13310,971767
13311,971840
13312,971913
13313,971986
13314,972059
13315,972132
13316,972205
13317,972278
13318,972351
13319,972424
13320,972497
13321,972570
13322,972643
13323,972716
13324,972789
13325,972862
13326,972935
13327,973008
13328,973081
13329,973154
13330,973227
13331,973300
13332,973373
13333,973446
13334,973519
13335,973592
13336,973665
13337,973738
13338,973811
13339,973884
13340,973957
13341,974030
13342,974103
13343,974176
13344,974249
13345,974322
13346,974395
13347,974468
13348,974541
13349,974614
13350,974687
13351,974760
13352,974833
13353,974906
13354,974979
13355,975052
13356,975125
13357,975198
13358,975271
13359,975344
13360,975417
13361,975490
13362,975563
13363,975636
13364,975709
13365,975782
13366,975855
13367,975928
13368,976001
13369,976074
13370,976147
13371,976220
13372,976293
13373,976366
13374,976439
13375,976512
13376,976585
13377,976658
13378,976731
13379,976804
13380,976877
13381,976950
13382,977023
13383,977096
13384,977169
13385,977242
13386,977315
13387,977388
13388,977461
13389,977534
13390,977607
13391,977680
13392,977753
13393,977826
13394,977899
13395,977972
13396,978045
13397,978118
13398,978191
13399,978264
13400,978337
13401,978410
13402,978483
13403,978556
13404,978629
13405,978702
13406,978775
13407,978848
13408,978921
13409,978994
13410,979067
13411,979140
13412,979213
13413,979286
13414,979359
13415,979432
13416,979505
13417,979578
13418,979651
13419,979724
13420,979797
13421,979870
13422,979943
13423,980016
13424,980089
13425,980162
13426,980235
13427,980308
13428,980381
13429,980454
13430,980527
13431,980600
13432,980673
13433,980746
13434,980819
13435,980892
13436,980965
13437,981038
13438,981111
13439,981184
13440,981257
13441,981330
13442,981403
13443,981476
13444,981549
13445,981622
13446,981695
13447,981768
13448,981841
13449,981914
13450,981987
13451,982060
13452,982133
13453,982206
13454,982279
13455,982352
13456,982425
13457,982498
13458,982571
13459,982644
13460,982717
13461,982790
13462,982863
13463,982936
13464,983009
13465,983082
13466,983155
13467,983228
13468,983301
13469,983374
13470,983447
13471,983520
13472,983593
13473,983666
13474,983739
13475,983812
13476,983885
13477,983958
13478,984031
13479,984104
13480,984177
13481,984250
13482,984323
13483,984396
13484,984469
13485,984542
13486,984615
13487,984688
13488,984761
13489,984834
13490,984907
13491,984980
13492,985053
13493,985126
13494,985199
13495,985272
13496,985345
13497,985418
13498,985491
13499,985564
13500,985637
13501,985710
13502,985783
13503,985856
13504,985929
13505,986002
13506,986075
13507,986148
13508,986221
13509,986294
13510,986367
13511,986440
13512,986513
13513,986586
13514,986659
13515,986732
13516,986805
13517,986878
13518,986951
13519,987024
13520,987097
13521,987170
13522,987243
13523,987316
13524,987389
13525,987462
13526,987535
13527,987608
13528,987681
13529,987754
13530,987827
13531,987900
13532,987973
13533,988046
13534,988119
13535,988192
13536,988265
13537,988338
13538,988411
13539,988484
13540,988557
13541,988630
13542,988703
13543,988776
13544,988849
13545,988922
13546,988995
13547,989068
13548,989141
13549,989214
13550,989287
13551,989360
13552,989433
13553,989506
13554,989579
13555,989652
13556,989725
13557,989798
13558,989871
13559,989944
13560,990017
13561,990090
13562,990163
13563,990236
13564,990309
13565,990382
13566,990455
13567,990528
13568,990601
13569,990674
13570,990747
13571,990820
13572,990893
13573,990966
13574,991039
13575,991112
13576,991185
13577,991258
13578,991331
13579,991404
13580,991477
13581,991550
13582,991623
13583,991696
13584,991769
13585,991842
13586,991915
13587,991988
13588,992061
13589,992134
13590,992207
13591,992280
13592,992353
13593,992426
13594,992499
13595,992572
13596,992645
13597,992718
13598,992791
13599,992864
13600,992937
13601,993010
13602,993083
13603,993156
13604,993229
13605,993302
13606,993375
13607,993448
13608,993521
13609,993594
13610,993667
13611,993740
13612,993813
13613,993886
13614,993959
13615,994032
13616,994105
13617,994178
13618,994251
13619,994324
13620,994397
13621,994470
13622,994543
13623,994616
13624,994689
13625,994762
13626,994835
13627,994908
13628,994981
13629,995054
13630,995127
13631,995200
13632,995273
13633,995346
13634,995419
13635,995492
13636,995565
13637,995638
13638,995711
13639,995784
13640,995857
13641,995930
13642,996003
13643,996076
13644,996149
13645,996222
13646,996295
13647,996368
13648,996441
13649,996514
13650,996587
13651,996660
13652,996733
13653,996806
13654,996879
13655,996952
13656,997025
13657,997098
13658,997171
13659,997244
13660,997317
13661,997390
13662,997463
13663,997536
13664,997609
13665,997682
13666,997755
13667,997828
13668,997901
13669,997974
13670,998047
13671,998120
13672,998193
13673,998266
13674,998339
13675,998412
13676,998485
13677,998558
13678,998631
13679,998704
13680,998777
13681,998850
13682,998923
13683,998996
13684,999069
13685,999142
13686,999215
13687,999288
13688,999361
13689,999434
13690,999507
13691,999580
13692,999653
13693,999726
13694,999799
13695,999872
13696,999945
13697,1000018
13698,1000091
13699,1000164
13700,1000237
13701,1000310
13702,1000383
13703,1000456
13704,1000529
13705,1000602
13706,1000675
13707,1000748
13708,1000821
13709,1000894
13710,1000967
13711,1001040
13712,1001113
13713,1001186
13714,1001259
13715,1001332
13716,1001405
13717,1001478
13718,1001551
13719,1001624
13720,1001697
13721,1001770
13722,1001843
13723,1001916
13724,1001989
13725,1002062
13726,1002135
13727,1002208
13728,1002281
13729,1002354
13730,1002427
13731,1002500
13732,1002573
13733,1002646
13734,1002719
13735,1002792
13736,1002865
13737,1002938
13738,1003011
13739,1003084
13740,1003157
13741,1003230
13742,1003303
13743,1003376
13744,1003449
13745,1003522
13746,1003595
13747,1003668
13748,1003741
13749,1003814
13750,1003887
13751,1003960
13752,1004033
13753,1004106
13754,1004179
13755,1004252
13756,1004325
13757,1004398
13758,1004471
13759,1004544
13760,1004617
13761,1004690
13762,1004763
13763,1004836
13764,1004909
13765,1004982
13766,1005055
13767,1005128
13768,1005201
13769,1005274
13770,1005347
13771,1005420
13772,1005493
13773,1005566
13774,1005639
13775,1005712
13776,1005785
13777,1005858
13778,1005931
13779,1006004
13780,1006077
13781,1006150
13782,1006223
13783,1006296
13784,1006369
13785,1006442
13786,1006515
13787,1006588
13788,1006661
13789,1006734
13790,1006807
13791,1006880
13792,1006953
13793,1007026
13794,1007099
13795,1007172
13796,1007245
13797,1007318
13798,1007391
13799,1007464
13800,1007537
13801,1007610
13802,1007683
13803,1007756
13804,1007829
13805,1007902
13806,1007975
13807,1008048
13808,1008121
13809,1008194
13810,1008267
13811,1008340
13812,1008413
13813,1008486
13814,1008559
13815,1008632
13816,1008705
13817,1008778
13818,1008851
13819,1008924
13820,1008997
13821,1009070
13822,1009143
13823,1009216
13824,1009289
13825,1009362
13826,1009435
13827,1009508
13828,1009581
13829,1009654
13830,1009727
13831,1009800
13832,1009873
13833,1009946
13834,1010019
13835,1010092
13836,1010165
13837,1010238
13838,1010311
13839,1010384
13840,1010457
13841,1010530
13842,1010603
13843,1010676
13844,1010749
13845,1010822
13846,1010895
13847,1010968
13848,1011041
13849,1011114
13850,1011187
13851,1011260
13852,1011333
13853,1011406
13854,1011479
13855,1011552
13856,1011625
13857,1011698
13858,1011771
13859,1011844
13860,1011917
13861,1011990
13862,1012063
13863,1012136
13864,1012209
13865,1012282
13866,1012355
13867,1012428
13868,1012501
13869,1012574
13870,1012647
13871,1012720
13872,1012793
13873,1012866
13874,1012939
13875,1013012
13876,1013085
13877,1013158
13878,1013231
13879,1013304
13880,1013377
13881,1013450
13882,1013523
13883,1013596
13884,1013669
13885,1013742
13886,1013815
13887,1013888
13888,1013961
13889,1014034
13890,1014107
13891,1014180
13892,1014253
13893,1014326
13894,1014399
13895,1014472
13896,1014545
13897,1014618
13898,1014691
13899,1014764
13900,1014837
13901,1014910
13902,1014983
13903,1015056
13904,1015129
13905,1015202
13906,1015275
13907,1015348
13908,1015421
13909,1015494
13910,1015567
13911,1015640
13912,1015713
13913,1015786
13914,1015859
13915,1015932
13916,1016005
13917,1016078
13918,1016151
13919,1016224
13920,1016297
13921,1016370
13922,1016443
13923,1016516
13924,1016589
13925,1016662
13926,1016735
13927,1016808
13928,1016881
13929,1016954
13930,1017027
13931,1017100
13932,1017173
13933,1017246
13934,1017319
13935,1017392
13936,1017465
13937,1017538
13938,1017611
13939,1017684
13940,1017757
13941,1017830
13942,1017903
13943,1017976
13944,1018049
13945,1018122
13946,1018195
13947,1018268
13948,1018341
13949,1018414
13950,1018487
13951,1018560
13952,1018633
13953,1018706
13954,1018779
13955,1018852
13956,1018925
13957,1018998
13958,1019071
13959,1019144
13960,1019217
13961,1019290
13962,1019363
13963,1019436
13964,1019509
13965,1019582
13966,1019655
13967,1019728
13968,1019801
13969,1019874
13970,1019947
13971,1020020
13972,1020093
13973,1020166
13974,1020239
13975,1020312
13976,1020385
13977,1020458
13978,1020531
13979,1020604
13980,1020677
13981,1020750
13982,1020823
13983,1020896
13984,1020969
13985,1021042
13986,1021115
13987,1021188
13988,1021261
13989,1021334
13990,1021407
13991,1021480
13992,1021553
13993,1021626
13994,1021699
13995,1021772
13996,1021845
13997,1021918
13998,1021991
13999,1022064
14000,1022137
14001,1022210
14002,1022283
14003,1022356
14004,1022429
14005,1022502
14006,1022575
14007,1022648
14008,1022721
14009,1022794
14010,1022867
14011,1022940
14012,1023013
14013,1023086
14014,1023159
14015,1023232
14016,1023305
14017,1023378
14018,1023451
14019,1023524
14020,1023597
14021,1023670
14022,1023743
14023,1023816
14024,1023889
14025,1023962
14026,1024035
14027,1024108
14028,1024181
14029,1024254
14030,1024327
14031,1024400
14032,1024473
14033,1024546
14034,1024619
14035,1024692
14036,1024765
14037,1024838
14038,1024911
14039,1024984
14040,1025057
14041,1025130
14042,1025203
14043,1025276
14044,1025349
14045,1025422
14046,1025495
14047,1025568
14048,1025641
14049,1025714
14050,1025787
14051,1025860
14052,1025933
14053,1026006
14054,1026079
14055,1026152
14056,1026225
14057,1026298
14058,1026371
14059,1026444
14060,1026517
14061,1026590
14062,1026663
14063,1026736
14064,1026809
14065,1026882
14066,1026955
14067,1027028
14068,1027101
14069,1027174
14070,1027247
14071,1027320
14072,1027393
14073,1027466
14074,1027539
14075,1027612
14076,1027685
14077,1027758
14078,1027831
14079,1027904
14080,1027977
14081,1028050
14082,1028123
14083,1028196
14084,1028269
14085,1028342
14086,1028415
14087,1028488
14088,1028561
14089,1028634
14090,1028707
14091,1028780
14092,1028853
14093,1028926
14094,1028999
14095,1029072
14096,1029145
14097,1029218
14098,1029291
14099,1029364
14100,1029437
14101,1029510
14102,1029583
14103,1029656
14104,1029729
14105,1029802
14106,1029875
14107,1029948
14108,1030021
14109,1030094
14110,1030167
14111,1030240
14112,1030313
14113,1030386
14114,1030459
14115,1030532
14116,1030605
14117,1030678
14118,1030751
14119,1030824
14120,1030897
14121,1030970
14122,1031043
14123,1031116
14124,1031189
14125,1031262
14126,1031335
14127,1031408
14128,1031481
14129,1031554
14130,1031627
14131,1031700
14132,1031773
14133,1031846
14134,1031919
14135,1031992
14136,1032065
14137,1032138
14138,1032211
14139,1032284
14140,1032357
14141,1032430
14142,1032503
14143,1032576
14144,1032649
14145,1032722
14146,1032795
14147,1032868
14148,1032941
14149,1033014
14150,1033087
14151,1033160
14152,1033233
14153,1033306
14154,1033379
14155,1033452
14156,1033525
14157,1033598
14158,1033671
14159,1033744
14160,1033817
14161,1033890
14162,1033963
14163,1034036
14164,1034109
14165,1034182
14166,1034255
14167,1034328
14168,1034401
14169,1034474
14170,1034547
14171,1034620
14172,1034693
14173,1034766
14174,1034839
14175,1034912
14176,1034985
14177,1035058
14178,1035131
14179,1035204
14180,1035277
14181,1035350
14182,1035423
14183,1035496
14184,1035569
14185,1035642
14186,1035715
14187,1035788
14188,1035861
14189,1035934
14190,1036007
14191,1036080
14192,1036153
14193,1036226
14194,1036299
14195,1036372
14196,1036445
14197,1036518
14198,1036591
14199,1036664
14200,1036737
14201,1036810
14202,1036883
14203,1036956
14204,1037029
14205,1037102
14206,1037175
14207,1037248
14208,1037321
14209,1037394
14210,1037467
14211,1037540
14212,1037613
14213,1037686
14214,1037759
14215,1037832
14216,1037905
14217,1037978
14218,1038051
14219,1038124
14220,1038197
14221,1038270
14222,1038343
14223,1038416
14224,1038489
14225,1038562
14226,1038635
14227,1038708
14228,1038781
14229,1038854
14230,1038927
14231,1039000
14232,1039073
14233,1039146
14234,1039219
14235,1039292
14236,1039365
14237,1039438
14238,1039511
14239,1039584
14240,1039657
14241,1039730
14242,1039803
14243,1039876
14244,1039949
14245,1040022
14246,1040095
14247,1040168
14248,1040241
14249,1040314
14250,1040387
14251,1040460
14252,1040533
14253,1040606
14254,1040679
14255,1040752
14256,1040825
14257,1040898
14258,1040971
14259,1041044
14260,1041117
14261,1041190
14262,1041263
14263,1041336
14264,1041409
14265,1041482
14266,1041555
14267,1041628
14268,1041701
14269,1041774
14270,1041847
14271,1041920
14272,1041993
14273,1042066
14274,1042139
14275,1042212
14276,1042285
14277,1042358
14278,1042431
14279,1042504
14280,1042577
14281,1042650
14282,1042723
14283,1042796
14284,1042869
14285,1042942
14286,1043015
14287,1043088
14288,1043161
14289,1043234
14290,1043307
14291,1043380
14292,1043453
14293,1043526
14294,1043599
14295,1043672
14296,1043745
14297,1043818
14298,1043891
14299,1043964
14300,1044037
14301,1044110
14302,1044183
14303,1044256
14304,1044329
14305,1044402
14306,1044475
14307,1044548
14308,1044621
14309,1044694
14310,1044767
14311,1044840
14312,1044913
14313,1044986
14314,1045059
14315,1045132
14316,1045205
14317,1045278
14318,1045351
14319,1045424
14320,1045497
14321,1045570
14322,1045643
14323,1045716
14324,1045789
14325,1045862
14326,1045935
14327,1046008
14328,1046081
14329,1046154
14330,1046227
14331,1046300
14332,1046373
14333,1046446
14334,1046519
14335,1046592
14336,1046665
14337,1046738
14338,1046811
14339,1046884
14340,1046957
14341,1047030
14342,1047103
14343,1047176
14344,1047249
14345,1047322
14346,1047395
14347,1047468
14348,1047541
14349,1047614
14350,1047687
14351,1047760
14352,1047833
14353,1047906
14354,1047979
14355,1048052
14356,1048125
14357,1048198
14358,1048271
14359,1048344
14360,1048417
14361,1048490
14362,1048563
14363,1048636
14364,1048709
14365,1048782
14366,1048855
14367,1048928
14368,1049001
14369,1049074
14370,1049147
14371,1049220
14372,1049293
14373,1049366
14374,1049439
14375,1049512
14376,1049585
14377,1049658
14378,1049731
14379,1049804
14380,1049877
14381,1049950
14382,1050023
14383,1050096
14384,1050169
14385,1050242
14386,1050315
14387,1050388
14388,1050461
14389,1050534
14390,1050607
14391,1050680
14392,1050753
14393,1050826
14394,1050899
14395,1050972
14396,1051045
14397,1051118
14398,1051191
14399,1051264
14400,1051337
14401,1051410
14402,1051483
14403,1051556
14404,1051629
14405,1051702
14406,1051775
14407,1051848
14408,1051921
14409,1051994
14410,1052067
14411,1052140
14412,1052213
14413,1052286
14414,1052359
14415,1052432
14416,1052505
14417,1052578
14418,1052651
14419,1052724
14420,1052797
14421,1052870
14422,1052943
14423,1053016
14424,1053089
14425,1053162
14426,1053235
14427,1053308
14428,1053381
14429,1053454
14430,1053527
14431,1053600
14432,1053673
14433,1053746
14434,1053819
14435,1053892
14436,1053965
14437,1054038
14438,1054111
14439,1054184
14440,1054257
14441,1054330
14442,1054403
14443,1054476
14444,1054549
14445,1054622
14446,1054695
14447,1054768
14448,1054841
14449,1054914
14450,1054987
14451,1055060
14452,1055133
14453,1055206
14454,1055279
14455,1055352
14456,1055425
14457,1055498
14458,1055571
14459,1055644
14460,1055717
14461,1055790
14462,1055863
14463,1055936
14464,1056009
14465,1056082
14466,1056155
14467,1056228
14468,1056301
14469,1056374
14470,1056447
14471,1056520
14472,1056593
14473,1056666
14474,1056739
14475,1056812
14476,1056885
14477,1056958
14478,1057031
14479,1057104
14480,1057177
14481,1057250
14482,1057323
14483,1057396
14484,1057469
14485,1057542
14486,1057615
14487,1057688
14488,1057761
14489,1057834
14490,1057907
14491,1057980
14492,1058053
14493,1058126
14494,1058199
14495,1058272
14496,1058345
14497,1058418
14498,1058491
14499,1058564
14500,1058637
14501,1058710
14502,1058783
14503,1058856
14504,1058929
14505,1059002
14506,1059075
14507,1059148
14508,1059221
14509,1059294
14510,1059367
14511,1059440
14512,1059513
14513,1059586
14514,1059659
14515,1059732
14516,1059805
14517,1059878
14518,1059951
14519,1060024
14520,1060097
14521,1060170
14522,1060243
14523,1060316
14524,1060389
14525,1060462
14526,1060535
14527,1060608
14528,1060681
14529,1060754
14530,1060827
14531,1060900
14532,1060973
14533,1061046
14534,1061119
14535,1061192
14536,1061265
14537,1061338
14538,1061411
14539,1061484
14540,1061557
14541,1061630
14542,1061703
14543,1061776
14544,1061849
14545,1061922
14546,1061995
14547,1062068
14548,1062141
14549,1062214
14550,1062287
14551,1062360
14552,1062433
14553,1062506
14554,1062579
14555,1062652
14556,1062725
14557,1062798
14558,1062871
14559,1062944
14560,1063017
14561,1063090
14562,1063163
14563,1063236
14564,1063309
14565,1063382
14566,1063455
14567,1063528
14568,1063601
14569,1063674
14570,1063747
14571,1063820
14572,1063893
14573,1063966
14574,1064039
14575,1064112
14576,1064185
14577,1064258
14578,1064331
14579,1064404
14580,1064477
14581,1064550
14582,1064623
14583,1064696
14584,1064769
14585,1064842
14586,1064915
14587,1064988
14588,1065061
14589,1065134
14590,1065207
14591,1065280
14592,1065353
14593,1065426
14594,1065499
14595,1065572
14596,1065645
14597,1065718
14598,1065791
14599,1065864
14600,1065937
14601,1066010
14602,1066083
14603,1066156
14604,1066229
14605,1066302
14606,1066375
14607,1066448
14608,1066521
14609,1066594
14610,1066667
14611,1066740
14612,1066813
14613,1066886
14614,1066959
14615,1067032
14616,1067105
14617,1067178
14618,1067251
14619,1067324
14620,1067397
14621,1067470
14622,1067543
14623,1067616
14624,1067689
14625,1067762
14626,1067835
14627,1067908
14628,1067981
14629,1068054
14630,1068127
14631,1068200
14632,1068273
14633,1068346
14634,1068419
14635,1068492
14636,1068565
14637,1068638
14638,1068711
14639,1068784
14640,1068857
14641,1068930
14642,1069003
14643,1069076
14644,1069149
14645,1069222
14646,1069295
14647,1069368
14648,1069441
14649,1069514
14650,1069587
14651,1069660
14652,1069733
14653,1069806
14654,1069879
14655,1069952
14656,1070025
14657,1070098
14658,1070171
14659,1070244
14660,1070317
14661,1070390
14662,1070463
14663,1070536
14664,1070609
14665,1070682
14666,1070755
14667,1070828
14668,1070901
14669,1070974
14670,1071047
14671,1071120
14672,1071193
14673,1071266
14674,1071339
14675,1071412
14676,1071485
14677,1071558
14678,1071631
14679,1071704
14680,1071777
14681,1071850
14682,1071923
14683,1071996
14684,1072069
14685,1072142
14686,1072215
14687,1072288
14688,1072361
14689,1072434
14690,1072507
14691,1072580
14692,1072653
14693,1072726
14694,1072799
14695,1072872
14696,1072945
14697,1073018
14698,1073091
14699,1073164
14700,1073237
14701,1073310
14702,1073383
14703,1073456
14704,1073529
14705,1073602
14706,1073675
14707,1073748
14708,1073821
14709,1073894
14710,1073967
14711,1074040
14712,1074113
14713,1074186
14714,1074259
14715,1074332
14716,1074405
14717,1074478
14718,1074551
14719,1074624
14720,1074697
14721,1074770
14722,1074843
14723,1074916
14724,1074989
14725,1075062
14726,1075135
14727,1075208
14728,1075281
14729,1075354
14730,1075427
14731,1075500
14732,1075573
14733,1075646
14734,1075719
14735,1075792
14736,1075865
14737,1075938
14738,1076011
14739,1076084
14740,1076157
14741,1076230
14742,1076303
14743,1076376
14744,1076449
14745,1076522
14746,1076595
14747,1076668
14748,1076741
14749,1076814
14750,1076887
14751,1076960
14752,1077033
14753,1077106
14754,1077179
14755,1077252
14756,1077325
14757,1077398
14758,1077471
14759,1077544
14760,1077617
14761,1077690
14762,1077763
14763,1077836
14764,1077909
14765,1077982
14766,1078055
14767,1078128
14768,1078201
14769,1078274
14770,1078347
14771,1078420
14772,1078493
14773,1078566
14774,1078639
14775,1078712
14776,1078785
14777,1078858
14778,1078931
14779,1079004
14780,1079077
14781,1079150
14782,1079223
14783,1079296
14784,1079369
14785,1079442
14786,1079515
14787,1079588
14788,1079661
14789,1079734
14790,1079807
14791,1079880
14792,1079953
14793,1080026
14794,1080099
14795,1080172
14796,1080245
14797,1080318
14798,1080391
14799,1080464
14800,1080537
14801,1080610
14802,1080683
14803,1080756
14804,1080829
14805,1080902
14806,1080975
14807,1081048
14808,1081121
14809,1081194
14810,1081267
14811,1081340
14812,1081413
14813,1081486
14814,1081559
14815,1081632
14816,1081705
14817,1081778
14818,1081851
14819,1081924
14820,1081997
14821,1082070
14822,1082143
14823,1082216
14824,1082289
14825,1082362
14826,1082435
14827,1082508
14828,1082581
14829,1082654
14830,1082727
14831,1082800
14832,1082873
14833,1082946
14834,1083019
14835,1083092
14836,1083165
14837,1083238
14838,1083311
14839,1083384
14840,1083457
14841,1083530
14842,1083603
14843,1083676
14844,1083749
14845,1083822
14846,1083895
14847,1083968
14848,1084041
14849,1084114
14850,1084187
14851,1084260
14852,1084333
14853,1084406
14854,1084479
14855,1084552
14856,1084625
14857,1084698
14858,1084771
14859,1084844
14860,1084917
14861,1084990
14862,1085063
14863,1085136
14864,1085209
14865,1085282
14866,1085355
14867,1085428
14868,1085501
14869,1085574
14870,1085647
14871,1085720
14872,1085793
14873,1085866
14874,1085939
14875,1086012
14876,1086085
14877,1086158
14878,1086231
14879,1086304
14880,1086377
14881,1086450
14882,1086523
14883,1086596
14884,1086669
14885,1086742
14886,1086815
14887,1086888
14888,1086961
14889,1087034
14890,1087107
14891,1087180
14892,1087253
14893,1087326
14894,1087399
14895,1087472
14896,1087545
14897,1087618
14898,1087691
14899,1087764
14900,1087837
14901,1087910
14902,1087983
14903,1088056
14904,1088129
14905,1088202
14906,1088275
14907,1088348
14908,1088421
14909,1088494
14910,1088567
14911,1088640
14912,1088713
14913,1088786
14914,1088859
14915,1088932
14916,1089005
14917,1089078
14918,1089151
14919,1089224
14920,1089297
14921,1089370
14922,1089443
14923,1089516
14924,1089589
14925,1089662
14926,1089735
14927,1089808
14928,1089881
14929,1089954
14930,1090027
14931,1090100
14932,1090173
14933,1090246
14934,1090319
14935,1090392
14936,1090465
14937,1090538
14938,1090611
14939,1090684
14940,1090757
14941,1090830
14942,1090903
14943,1090976
14944,1091049
14945,1091122
14946,1091195
14947,1091268
14948,1091341
14949,1091414
14950,1091487
14951,1091560
14952,1091633
14953,1091706
14954,1091779
14955,1091852
14956,1091925
14957,1091998
14958,1092071
14959,1092144
14960,1092217
14961,1092290
14962,1092363
14963,1092436
14964,1092509
14965,1092582
14966,1092655
14967,1092728
14968,1092801
14969,1092874
14970,1092947
14971,1093020
14972,1093093
14973,1093166
14974,1093239
14975,1093312
14976,1093385
14977,1093458
14978,1093531
14979,1093604
14980,1093677
14981,1093750
14982,1093823
14983,1093896
14984,1093969
14985,1094042
14986,1094115
14987,1094188
14988,1094261
14989,1094334
14990,1094407
14991,1094480
14992,1094553
14993,1094626
14994,1094699
14995,1094772
14996,1094845
14997,1094918
14998,1094991
14999,1095064
15000,1095137
15001,1095210
15002,1095283
15003,1095356
15004,1095429
15005,1095502
15006,1095575
15007,1095648
15008,1095721
15009,1095794
15010,1095867
15011,1095940
15012,1096013
15013,1096086
15014,1096159
15015,1096232
15016,1096305
15017,1096378
15018,1096451
15019,1096524
15020,1096597
15021,1096670
15022,1096743
15023,1096816
15024,1096889
15025,1096962
15026,1097035
15027,1097108
15028,1097181
15029,1097254
15030,1097327
15031,1097400
15032,1097473
15033,1097546
15034,1097619
15035,1097692
15036,1097765
15037,1097838
15038,1097911
15039,1097984
15040,1098057
15041,1098130
15042,1098203
15043,1098276
15044,1098349
15045,1098422
15046,1098495
15047,1098568
15048,1098641
15049,1098714
15050,1098787
15051,1098860
15052,1098933
15053,1099006
15054,1099079
15055,1099152
15056,1099225
15057,1099298
15058,1099371
15059,1099444
15060,1099517
15061,1099590
15062,1099663
15063,1099736
15064,1099809
15065,1099882
15066,1099955
15067,1100028
15068,1100101
15069,1100174
15070,1100247
15071,1100320
15072,1100393
15073,1100466
15074,1100539
15075,1100612
15076,1100685
15077,1100758
15078,1100831
15079,1100904
15080,1100977
15081,1101050
15082,1101123
15083,1101196
15084,1101269
15085,1101342
15086,1101415
15087,1101488
15088,1101561
15089,1101634
15090,1101707
15091,1101780
15092,1101853
15093,1101926
15094,1101999
15095,1102072
15096,1102145
15097,1102218
15098,1102291
15099,1102364
15100,1102437
15101,1102510
15102,1102583
15103,1102656
15104,1102729
15105,1102802
15106,1102875
15107,1102948
15108,1103021
15109,1103094
15110,1103167
15111,1103240
15112,1103313
15113,1103386
15114,1103459
15115,1103532
15116,1103605
15117,1103678
15118,1103751
15119,1103824
15120,1103897
15121,1103970
15122,1104043
15123,1104116
15124,1104189
15125,1104262
15126,1104335
15127,1104408
15128,1104481
15129,1104554
15130,1104627
15131,1104700
15132,1104773
15133,1104846
15134,1104919
15135,1104992
15136,1105065
15137,1105138
15138,1105211
15139,1105284
15140,1105357
15141,1105430
15142,1105503
15143,1105576
15144,1105649
15145,1105722
15146,1105795
15147,1105868
15148,1105941
15149,1106014
15150,1106087
15151,1106160
15152,1106233
15153,1106306
15154,1106379
15155,1106452
15156,1106525
15157,1106598
15158,1106671
15159,1106744
15160,1106817
15161,1106890
15162,1106963
15163,1107036
15164,1107109
15165,1107182
15166,1107255
15167,1107328
15168,1107401
15169,1107474
15170,1107547
15171,1107620
15172,1107693
15173,1107766
15174,1107839
15175,1107912
15176,1107985
15177,1108058
15178,1108131
15179,1108204
15180,1108277
15181,1108350
15182,1108423
15183,1108496
15184,1108569
15185,1108642
15186,1108715
15187,1108788
15188,1108861
15189,1108934
15190,1109007
15191,1109080
15192,1109153
15193,1109226
15194,1109299
15195,1109372
15196,1109445
15197,1109518
15198,1109591
15199,1109664
15200,1109737
15201,1109810
15202,1109883
15203,1109956
15204,1110029
15205,1110102
15206,1110175
15207,1110248
15208,1110321
15209,1110394
15210,1110467
15211,1110540
15212,1110613
15213,1110686
15214,1110759
15215,1110832
15216,1110905
15217,1110978
15218,1111051
15219,1111124
15220,1111197
15221,1111270
15222,1111343
15223,1111416
15224,1111489
15225,1111562
15226,1111635
15227,1111708
15228,1111781
15229,1111854
15230,1111927
15231,1112000
15232,1112073
15233,1112146
15234,1112219
15235,1112292
15236,1112365
15237,1112438
15238,1112511
15239,1112584
15240,1112657
15241,1112730
15242,1112803
15243,1112876
15244,1112949
15245,1113022
15246,1113095
15247,1113168
15248,1113241
15249,1113314
15250,1113387
15251,1113460
15252,1113533
15253,1113606
15254,1113679
15255,1113752
15256,1113825
15257,1113898
15258,1113971
15259,1114044
15260,1114117
15261,1114190
15262,1114263
15263,1114336
15264,1114409
15265,1114482
15266,1114555
15267,1114628
15268,1114701
15269,1114774
15270,1114847
15271,1114920
15272,1114993
15273,1115066
15274,1115139
15275,1115212
15276,1115285
15277,1115358
15278,1115431
15279,1115504
15280,1115577
15281,1115650
15282,1115723
15283,1115796
15284,1115869
15285,1115942
15286,1116015
15287,1116088
15288,1116161
15289,1116234
15290,1116307
15291,1116380
15292,1116453
15293,1116526
15294,1116599
15295,1116672
15296,1116745
15297,1116818
15298,1116891
15299,1116964
15300,1117037
15301,1117110
15302,1117183
15303,1117256
15304,1117329
15305,1117402
15306,1117475
15307,1117548
15308,1117621
15309,1117694
15310,1117767
15311,1117840
15312,1117913
15313,1117986
15314,1118059
15315,1118132
15316,1118205
15317,1118278
15318,1118351
15319,1118424
15320,1118497
15321,1118570
15322,1118643
15323,1118716
15324,1118789
15325,1118862
15326,1118935
15327,1119008
15328,1119081
15329,1119154
15330,1119227
15331,1119300
15332,1119373
15333,1119446
15334,1119519
15335,1119592
15336,1119665
15337,1119738
15338,1119811
15339,1119884
15340,1119957
15341,1120030
15342,1120103
15343,1120176
15344,1120249
15345,1120322
15346,1120395
15347,1120468
15348,1120541
15349,1120614
15350,1120687
15351,1120760
15352,1120833
15353,1120906
15354,1120979
15355,1121052
15356,1121125
15357,1121198
15358,1121271
15359,1121344
15360,1121417
15361,1121490
15362,1121563
15363,1121636
15364,1121709
15365,1121782
15366,1121855
15367,1121928
15368,1122001
15369,1122074
15370,1122147
15371,1122220
15372,1122293
15373,1122366
15374,1122439
15375,1122512
15376,1122585
15377,1122658
15378,1122731
15379,1122804
15380,1122877
15381,1122950
15382,1123023
15383,1123096
15384,1123169
15385,1123242
15386,1123315
15387,1123388
15388,1123461
15389,1123534
15390,1123607
15391,1123680
15392,1123753
15393,1123826
15394,1123899
15395,1123972
15396,1124045
15397,1124118
15398,1124191
15399,1124264
15400,1124337
15401,1124410
15402,1124483
15403,1124556
15404,1124629
15405,1124702
15406,1124775
15407,1124848
15408,1124921
15409,1124994
15410,1125067
15411,1125140
15412,1125213
15413,1125286
15414,1125359
15415,1125432
15416,1125505
15417,1125578
15418,1125651
15419,1125724
15420,1125797
15421,1125870
15422,1125943
15423,1126016
15424,1126089
15425,1126162
15426,1126235
15427,1126308
15428,1126381
15429,1126454
15430,1126527
15431,1126600
15432,1126673
15433,1126746
15434,1126819
15435,1126892
15436,1126965
15437,1127038
15438,1127111
15439,1127184
15440,1127257
15441,1127330
15442,1127403
15443,1127476
15444,1127549
15445,1127622
15446,1127695
15447,1127768
15448,1127841
15449,1127914
15450,1127987
15451,1128060
15452,1128133
15453,1128206
15454,1128279
15455,1128352
15456,1128425
15457,1128498
15458,1128571
15459,1128644
15460,1128717
15461,1128790
15462,1128863
15463,1128936
15464,1129009
15465,1129082
15466,1129155
15467,1129228
15468,1129301
15469,1129374
15470,1129447
15471,1129520
15472,1129593
15473,1129666
15474,1129739
15475,1129812
15476,1129885
15477,1129958
15478,1130031
15479,1130104
15480,1130177
15481,1130250
15482,1130323
15483,1130396
15484,1130469
15485,1130542
15486,1130615
15487,1130688
15488,1130761
15489,1130834
15490,1130907
15491,1130980
15492,1131053
15493,1131126
15494,1131199
15495,1131272
15496,1131345
15497,1131418
15498,1131491
15499,1131564
15500,1131637
15501,1131710
15502,1131783
15503,1131856
15504,1131929
15505,1132002
15506,1132075
15507,1132148
15508,1132221
15509,1132294
15510,1132367
15511,1132440
15512,1132513
15513,1132586
15514,1132659
15515,1132732
15516,1132805
15517,1132878
15518,1132951
15519,1133024
15520,1133097
15521,1133170
15522,1133243
15523,1133316
15524,1133389
15525,1133462
15526,1133535
15527,1133608
15528,1133681
15529,1133754
15530,1133827
15531,1133900
15532,1133973
15533,1134046
15534,1134119
15535,1134192
15536,1134265
15537,1134338
15538,1134411
15539,1134484
15540,1134557
15541,1134630
15542,1134703
15543,1134776
15544,1134849
15545,1134922
15546,1134995
15547,1135068
15548,1135141
15549,1135214
15550,1135287
15551,1135360
15552,1135433
15553,1135506
15554,1135579
15555,1135652
15556,1135725
15557,1135798
15558,1135871
15559,1135944
15560,1136017
15561,1136090
15562,1136163
15563,1136236
15564,1136309
15565,1136382
15566,1136455
15567,1136528
15568,1136601
15569,1136674
15570,1136747
15571,1136820
15572,1136893
15573,1136966
15574,1137039
15575,1137112
15576,1137185
15577,1137258
15578,1137331
15579,1137404
15580,1137477
15581,1137550
15582,1137623
15583,1137696
15584,1137769
15585,1137842
15586,1137915
15587,1137988
15588,1138061
15589,1138134
15590,1138207
15591,1138280
15592,1138353
15593,1138426
15594,1138499
15595,1138572
15596,1138645
15597,1138718
15598,1138791
15599,1138864
15600,1138937
15601,1139010
15602,1139083
15603,1139156
15604,1139229
15605,1139302
15606,1139375
15607,1139448
15608,1139521
15609,1139594
15610,1139667
15611,1139740
15612,1139813
15613,1139886
15614,1139959
15615,1140032
15616,1140105
15617,1140178
15618,1140251
15619,1140324
15620,1140397
15621,1140470
15622,1140543
15623,1140616
15624,1140689
15625,1140762
15626,1140835
15627,1140908
15628,1140981
15629,1141054
15630,1141127
15631,1141200
15632,1141273
15633,1141346
15634,1141419
15635,1141492
15636,1141565
15637,1141638
15638,1141711
15639,1141784
15640,1141857
15641,1141930
15642,1142003
15643,1142076
15644,1142149
15645,1142222
15646,1142295
15647,1142368
15648,1142441
15649,1142514
15650,1142587
15651,1142660
15652,1142733
15653,1142806
15654,1142879
15655,1142952
15656,1143025
15657,1143098
15658,1143171
15659,1143244
15660,1143317
15661,1143390
15662,1143463
15663,1143536
15664,1143609
15665,1143682
15666,1143755
15667,1143828
15668,1143901
15669,1143974
15670,1144047
15671,1144120
15672,1144193
15673,1144266
15674,1144339
15675,1144412
15676,1144485
15677,1144558
15678,1144631
15679,1144704
15680,1144777
15681,1144850
15682,1144923
15683,1144996
15684,1145069
15685,1145142
15686,1145215
15687,1145288
15688,1145361
15689,1145434
15690,1145507
15691,1145580
15692,1145653
15693,1145726
15694,1145799
15695,1145872
15696,1145945
15697,1146018
15698,1146091
15699,1146164
15700,1146237
15701,1146310
15702,1146383
15703,1146456
15704,1146529
15705,1146602
15706,1146675
15707,1146748
15708,1146821
15709,1146894
15710,1146967
15711,1147040
15712,1147113
15713,1147186
15714,1147259
15715,1147332
15716,1147405
15717,1147478
15718,1147551
15719,1147624
15720,1147697
15721,1147770
15722,1147843
15723,1147916
15724,1147989
15725,1148062
15726,1148135
15727,1148208
15728,1148281
15729,1148354
15730,1148427
15731,1148500
15732,1148573
15733,1148646
15734,1148719
15735,1148792
15736,1148865
15737,1148938
15738,1149011
15739,1149084
15740,1149157
15741,1149230
15742,1149303
15743,1149376
15744,1149449
15745,1149522
15746,1149595
15747,1149668
15748,1149741
15749,1149814
15750,1149887
15751,1149960
15752,1150033
15753,1150106
15754,1150179
15755,1150252
15756,1150325
15757,1150398
15758,1150471
15759,1150544
15760,1150617
15761,1150690
15762,1150763
15763,1150836
15764,1150909
15765,1150982
15766,1151055
15767,1151128
15768,1151201
15769,1151274
15770,1151347
15771,1151420
15772,1151493
15773,1151566
15774,1151639
15775,1151712
15776,1151785
15777,1151858
15778,1151931
15779,1152004
15780,1152077
15781,1152150
15782,1152223
15783,1152296
15784,1152369
15785,1152442
15786,1152515
15787,1152588
15788,1152661
15789,1152734
15790,1152807
15791,1152880
15792,1152953
15793,1153026
15794,1153099
15795,1153172
15796,1153245
15797,1153318
15798,1153391
15799,1153464
15800,1153537
15801,1153610
15802,1153683
15803,1153756
15804,1153829
15805,1153902
15806,1153975
15807,1154048
15808,1154121
15809,1154194
15810,1154267
15811,1154340
15812,1154413
15813,1154486
15814,1154559
15815,1154632
15816,1154705
15817,1154778
15818,1154851
15819,1154924
15820,1154997
15821,1155070
15822,1155143
15823,1155216
15824,1155289
15825,1155362
15826,1155435
15827,1155508
15828,1155581
15829,1155654
15830,1155727
15831,1155800
15832,1155873
15833,1155946
15834,1156019
15835,1156092
15836,1156165
15837,1156238
15838,1156311
15839,1156384
15840,1156457
15841,1156530
15842,1156603
15843,1156676
15844,1156749
15845,1156822
15846,1156895
15847,1156968
15848,1157041
15849,1157114
15850,1157187
15851,1157260
15852,1157333
15853,1157406
15854,1157479
15855,1157552
15856,1157625
15857,1157698
15858,1157771
15859,1157844
15860,1157917
15861,1157990
15862,1158063
15863,1158136
15864,1158209
15865,1158282
15866,1158355
15867,1158428
15868,1158501
15869,1158574
15870,1158647
15871,1158720
15872,1158793
15873,1158866
15874,1158939
15875,1159012
15876,1159085
15877,1159158
15878,1159231
15879,1159304
15880,1159377
15881,1159450
15882,1159523
15883,1159596
15884,1159669
15885,1159742
15886,1159815
15887,1159888
15888,1159961
15889,1160034
15890,1160107
15891,1160180
15892,1160253
15893,1160326
15894,1160399
15895,1160472
15896,1160545
15897,1160618
15898,1160691
15899,1160764
15900,1160837
15901,1160910
15902,1160983
15903,1161056
15904,1161129
15905,1161202
15906,1161275
15907,1161348
15908,1161421
15909,1161494
15910,1161567
15911,1161640
15912,1161713
15913,1161786
15914,1161859
15915,1161932
15916,1162005
15917,1162078
15918,1162151
15919,1162224
15920,1162297
15921,1162370
15922,1162443
15923,1162516
15924,1162589
15925,1162662
15926,1162735
15927,1162808
15928,1162881
15929,1162954
15930,1163027
15931,1163100
15932,1163173
15933,1163246
15934,1163319
15935,1163392
15936,1163465
15937,1163538
15938,1163611
15939,1163684
15940,1163757
15941,1163830
15942,1163903
15943,1163976
15944,1164049
15945,1164122
15946,1164195
15947,1164268
15948,1164341
15949,1164414
15950,1164487
15951,1164560
15952,1164633
15953,1164706
15954,1164779
15955,1164852
15956,1164925
15957,1164998
15958,1165071
15959,1165144
15960,1165217
15961,1165290
15962,1165363
15963,1165436
15964,1165509
15965,1165582
15966,1165655
15967,1165728
15968,1165801
15969,1165874
15970,1165947
15971,1166020
15972,1166093
15973,1166166
15974,1166239
15975,1166312
15976,1166385
15977,1166458
15978,1166531
15979,1166604
15980,1166677
15981,1166750
15982,1166823
15983,1166896
15984,1166969
15985,1167042
15986,1167115
15987,1167188
15988,1167261
15989,1167334
15990,1167407
15991,1167480
15992,1167553
15993,1167626
15994,1167699
15995,1167772
15996,1167845
15997,1167918
15998,1167991
15999,1168064
16000,1168137
16001,1168210
16002,1168283
16003,1168356
16004,1168429
16005,1168502
16006,1168575
16007,1168648
16008,1168721
16009,1168794
16010,1168867
16011,1168940
16012,1169013
16013,1169086
16014,1169159
16015,1169232
16016,1169305
16017,1169378
16018,1169451
16019,1169524
16020,1169597
16021,1169670
16022,1169743
16023,1169816
16024,1169889
16025,1169962
16026,1170035
16027,1170108
16028,1170181
16029,1170254
16030,1170327
16031,1170400
16032,1170473
16033,1170546
16034,1170619
16035,1170692
16036,1170765
16037,1170838
16038,1170911
16039,1170984
16040,1171057
16041,1171130
16042,1171203
16043,1171276
16044,1171349
16045,1171422
16046,1171495
16047,1171568
16048,1171641
16049,1171714
16050,1171787
16051,1171860
16052,1171933
16053,1172006
16054,1172079
16055,1172152
16056,1172225
16057,1172298
16058,1172371
16059,1172444
16060,1172517
16061,1172590
16062,1172663
16063,1172736
16064,1172809
16065,1172882
16066,1172955
16067,1173028
16068,1173101
16069,1173174
16070,1173247
16071,1173320
16072,1173393
16073,1173466
16074,1173539
16075,1173612
16076,1173685
16077,1173758
16078,1173831
16079,1173904
16080,1173977
16081,1174050
16082,1174123
16083,1174196
16084,1174269
16085,1174342
16086,1174415
16087,1174488
16088,1174561
16089,1174634
16090,1174707
16091,1174780
16092,1174853
16093,1174926
16094,1174999
16095,1175072
16096,1175145
16097,1175218
16098,1175291
16099,1175364
16100,1175437
16101,1175510
16102,1175583
16103,1175656
16104,1175729
16105,1175802
16106,1175875
16107,1175948
16108,1176021
16109,1176094
16110,1176167
16111,1176240
16112,1176313
16113,1176386
16114,1176459
16115,1176532
16116,1176605
16117,1176678
16118,1176751
16119,1176824
16120,1176897
16121,1176970
16122,1177043
16123,1177116
16124,1177189
16125,1177262
16126,1177335
16127,1177408
16128,1177481
16129,1177554
16130,1177627
16131,1177700
16132,1177773
16133,1177846
16134,1177919
16135,1177992
16136,1178065
16137,1178138
16138,1178211
16139,1178284
16140,1178357
16141,1178430
16142,1178503
16143,1178576
16144,1178649
16145,1178722
16146,1178795
16147,1178868
16148,1178941
16149,1179014
16150,1179087
16151,1179160
16152,1179233
16153,1179306
16154,1179379
16155,1179452
16156,1179525
16157,1179598
16158,1179671
16159,1179744
16160,1179817
16161,1179890
16162,1179963
16163,1180036
16164,1180109
16165,1180182
16166,1180255
16167,1180328
16168,1180401
16169,1180474
16170,1180547
16171,1180620
16172,1180693
16173,1180766
16174,1180839
16175,1180912
16176,1180985
16177,1181058
16178,1181131
16179,1181204
16180,1181277
16181,1181350
16182,1181423
16183,1181496
16184,1181569
16185,1181642
16186,1181715
16187,1181788
16188,1181861
16189,1181934
16190,1182007
16191,1182080
16192,1182153
16193,1182226
16194,1182299
16195,1182372
16196,1182445
16197,1182518
16198,1182591
16199,1182664
16200,1182737
16201,1182810
16202,1182883
16203,1182956
16204,1183029
16205,1183102
16206,1183175
16207,1183248
16208,1183321
16209,1183394
16210,1183467
16211,1183540
16212,1183613
16213,1183686
16214,1183759
16215,1183832
16216,1183905
16217,1183978
16218,1184051
16219,1184124
16220,1184197
16221,1184270
16222,1184343
16223,1184416
16224,1184489
16225,1184562
16226,1184635
16227,1184708
16228,1184781
16229,1184854
16230,1184927
16231,1185000
16232,1185073
16233,1185146
16234,1185219
16235,1185292
16236,1185365
16237,1185438
16238,1185511
16239,1185584
16240,1185657
16241,1185730
16242,1185803
16243,1185876
16244,1185949
16245,1186022
16246,1186095
16247,1186168
16248,1186241
16249,1186314
16250,1186387
16251,1186460
16252,1186533
16253,1186606
16254,1186679
16255,1186752
16256,1186825
16257,1186898
16258,1186971
16259,1187044
16260,1187117
16261,1187190
16262,1187263
16263,1187336
16264,1187409
16265,1187482
16266,1187555
16267,1187628
16268,1187701
16269,1187774
16270,1187847
16271,1187920
16272,1187993
16273,1188066
16274,1188139
16275,1188212
16276,1188285
16277,1188358
16278,1188431
16279,1188504
16280,1188577
16281,1188650
16282,1188723
16283,1188796
16284,1188869
16285,1188942
16286,1189015
16287,1189088
16288,1189161
16289,1189234
16290,1189307
16291,1189380
16292,1189453
16293,1189526
16294,1189599
16295,1189672
16296,1189745
16297,1189818
16298,1189891
16299,1189964
16300,1190037
16301,1190110
16302,1190183
16303,1190256
16304,1190329
16305,1190402
16306,1190475
16307,1190548
16308,1190621
16309,1190694
16310,1190767
16311,1190840
16312,1190913
16313,1190986
16314,1191059
16315,1191132
16316,1191205
16317,1191278
16318,1191351
16319,1191424
16320,1191497
16321,1191570
16322,1191643
16323,1191716
16324,1191789
16325,1191862
16326,1191935
16327,1192008
16328,1192081
16329,1192154
16330,1192227
16331,1192300
16332,1192373
16333,1192446
16334,1192519
16335,1192592
16336,1192665
16337,1192738
16338,1192811
16339,1192884
16340,1192957
16341,1193030
16342,1193103
16343,1193176
16344,1193249
16345,1193322
16346,1193395
16347,1193468
16348,1193541
16349,1193614
16350,1193687
16351,1193760
16352,1193833
16353,1193906
16354,1193979
16355,1194052
16356,1194125
16357,1194198
16358,1194271
16359,1194344
16360,1194417
16361,1194490
16362,1194563
16363,1194636
16364,1194709
16365,1194782
16366,1194855
16367,1194928
16368,1195001
16369,1195074
16370,1195147
16371,1195220
16372,1195293
16373,1195366
16374,1195439
16375,1195512
16376,1195585
16377,1195658
16378,1195731
16379,1195804
16380,1195877
16381,1195950
16382,1196023
16383,1196096
16384,1196169
16385,1196242
16386,1196315
16387,1196388
16388,1196461
16389,1196534
16390,1196607
16391,1196680
16392,1196753
16393,1196826
16394,1196899
16395,1196972
16396,1197045
16397,1197118
16398,1197191
16399,1197264
16400,1197337
16401,1197410
16402,1197483
16403,1197556
16404,1197629
16405,1197702
16406,1197775
16407,1197848
16408,1197921
16409,1197994
16410,1198067
16411,1198140
16412,1198213
16413,1198286
16414,1198359
16415,1198432
16416,1198505
16417,1198578
16418,1198651
16419,1198724
16420,1198797
16421,1198870
16422,1198943
16423,1199016
16424,1199089
16425,1199162
16426,1199235
16427,1199308
16428,1199381
16429,1199454
16430,1199527
16431,1199600
16432,1199673
16433,1199746
16434,1199819
16435,1199892
16436,1199965
16437,1200038
16438,1200111
16439,1200184
16440,1200257
16441,1200330
16442,1200403
16443,1200476
16444,1200549
16445,1200622
16446,1200695
16447,1200768
16448,1200841
16449,1200914
16450,1200987
16451,1201060
16452,1201133
16453,1201206
16454,1201279
16455,1201352
16456,1201425
16457,1201498
16458,1201571
16459,1201644
16460,1201717
16461,1201790
16462,1201863
16463,1201936
16464,1202009
16465,1202082
16466,1202155
16467,1202228
16468,1202301
16469,1202374
16470,1202447
16471,1202520
16472,1202593
16473,1202666
16474,1202739
16475,1202812
16476,1202885
16477,1202958
16478,1203031
16479,1203104
16480,1203177
16481,1203250
16482,1203323
16483,1203396
16484,1203469
16485,1203542
16486,1203615
16487,1203688
16488,1203761
16489,1203834
16490,1203907
16491,1203980
16492,1204053
16493,1204126
16494,1204199
16495,1204272
16496,1204345
16497,1204418
16498,1204491
16499,1204564
16500,1204637
16501,1204710
16502,1204783
16503,1204856
16504,1204929
16505,1205002
16506,1205075
16507,1205148
16508,1205221
16509,1205294
16510,1205367
16511,1205440
16512,1205513
16513,1205586
16514,1205659
16515,1205732
16516,1205805
16517,1205878
16518,1205951
16519,1206024
16520,1206097
16521,1206170
16522,1206243
16523,1206316
16524,1206389
16525,1206462
16526,1206535
16527,1206608
16528,1206681
16529,1206754
16530,1206827
16531,1206900
16532,1206973
16533,1207046
16534,1207119
16535,1207192
16536,1207265
16537,1207338
16538,1207411
16539,1207484
16540,1207557
16541,1207630
16542,1207703
16543,1207776
16544,1207849
16545,1207922
16546,1207995
16547,1208068
16548,1208141
16549,1208214
16550,1208287
16551,1208360
16552,1208433
16553,1208506
16554,1208579
16555,1208652
16556,1208725
16557,1208798
16558,1208871
16559,1208944
16560,1209017
16561,1209090
16562,1209163
16563,1209236
16564,1209309
16565,1209382
16566,1209455
16567,1209528
16568,1209601
16569,1209674
16570,1209747
16571,1209820
16572,1209893
16573,1209966
16574,1210039
16575,1210112
16576,1210185
16577,1210258
16578,1210331
16579,1210404
16580,1210477
16581,1210550
16582,1210623
16583,1210696
16584,1210769
16585,1210842
16586,1210915
16587,1210988
16588,1211061
16589,1211134
16590,1211207
16591,1211280
16592,1211353
16593,1211426
16594,1211499
16595,1211572
16596,1211645
16597,1211718
16598,1211791
16599,1211864
16600,1211937
16601,1212010
16602,1212083
16603,1212156
16604,1212229
16605,1212302
16606,1212375
16607,1212448
16608,1212521
16609,1212594
16610,1212667
16611,1212740
16612,1212813
16613,1212886
16614,1212959
16615,1213032
16616,1213105
16617,1213178
16618,1213251
16619,1213324
16620,1213397
16621,1213470
16622,1213543
16623,1213616
16624,1213689
16625,1213762
16626,1213835
16627,1213908
16628,1213981
16629,1214054
16630,1214127
16631,1214200
16632,1214273
16633,1214346
16634,1214419
16635,1214492
16636,1214565
16637,1214638
16638,1214711
16639,1214784
16640,1214857
16641,1214930
16642,1215003
16643,1215076
16644,1215149
16645,1215222
16646,1215295
16647,1215368
16648,1215441
16649,1215514
16650,1215587
16651,1215660
16652,1215733
16653,1215806
16654,1215879
16655,1215952
16656,1216025
16657,1216098
16658,1216171
16659,1216244
16660,1216317
16661,1216390
16662,1216463
16663,1216536
16664,1216609
16665,1216682
16666,1216755
16667,1216828
16668,1216901
16669,1216974
16670,1217047
16671,1217120
16672,1217193
16673,1217266
16674,1217339
16675,1217412
16676,1217485
16677,1217558
16678,1217631
16679,1217704
16680,1217777
16681,1217850
16682,1217923
16683,1217996
16684,1218069
16685,1218142
16686,1218215
16687,1218288
16688,1218361
16689,1218434
16690,1218507
16691,1218580
16692,1218653
16693,1218726
16694,1218799
16695,1218872
16696,1218945
16697,1219018
16698,1219091
16699,1219164
16700,1219237
16701,1219310
16702,1219383
16703,1219456
16704,1219529
16705,1219602
16706,1219675
16707,1219748
16708,1219821
16709,1219894
16710,1219967
16711,1220040
16712,1220113
16713,1220186
16714,1220259
16715,1220332
16716,1220405
16717,1220478
16718,1220551
16719,1220624
16720,1220697
16721,1220770
16722,1220843
16723,1220916
16724,1220989
16725,1221062
16726,1221135
16727,1221208
16728,1221281
16729,1221354
16730,1221427
16731,1221500
16732,1221573
16733,1221646
16734,1221719
16735,1221792
16736,1221865
16737,1221938
16738,1222011
16739,1222084
16740,1222157
16741,1222230
16742,1222303
16743,1222376
16744,1222449
16745,1222522
16746,1222595
16747,1222668
16748,1222741
16749,1222814
16750,1222887
16751,1222960
16752,1223033
16753,1223106
16754,1223179
16755,1223252
16756,1223325
16757,1223398
16758,1223471
16759,1223544
16760,1223617
16761,1223690
16762,1223763
16763,1223836
16764,1223909
16765,1223982
16766,1224055
16767,1224128
16768,1224201
16769,1224274
16770,1224347
16771,1224420
16772,1224493
16773,1224566
16774,1224639
16775,1224712
16776,1224785
16777,1224858
16778,1224931
16779,1225004
16780,1225077
16781,1225150
16782,1225223
16783,1225296
16784,1225369
16785,1225442
16786,1225515
16787,1225588
16788,1225661
16789,1225734
16790,1225807
16791,1225880
16792,1225953
16793,1226026
16794,1226099
16795,1226172
16796,1226245
16797,1226318
16798,1226391
16799,1226464
16800,1226537
16801,1226610
16802,1226683
16803,1226756
16804,1226829
16805,1226902
16806,1226975
16807,1227048
16808,1227121
16809,1227194
16810,1227267
16811,1227340
16812,1227413
16813,1227486
16814,1227559
16815,1227632
16816,1227705
16817,1227778
16818,1227851
16819,1227924
16820,1227997
16821,1228070
16822,1228143
16823,1228216
16824,1228289
16825,1228362
16826,1228435
16827,1228508
16828,1228581
16829,1228654
16830,1228727
16831,1228800
16832,1228873
16833,1228946
16834,1229019
16835,1229092
16836,1229165
16837,1229238
16838,1229311
16839,1229384
16840,1229457
16841,1229530
16842,1229603
16843,1229676
16844,1229749
16845,1229822
16846,1229895
16847,1229968
16848,1230041
16849,1230114
16850,1230187
16851,1230260
16852,1230333
16853,1230406
16854,1230479
16855,1230552
16856,1230625
16857,1230698
16858,1230771
16859,1230844
16860,1230917
16861,1230990
16862,1231063
16863,1231136
16864,1231209
16865,1231282
16866,1231355
16867,1231428
16868,1231501
16869,1231574
16870,1231647
16871,1231720
16872,1231793
16873,1231866
16874,1231939
16875,1232012
16876,1232085
16877,1232158
16878,1232231
16879,1232304
16880,1232377
16881,1232450
16882,1232523
16883,1232596
16884,1232669
16885,1232742
16886,1232815
16887,1232888
16888,1232961
16889,1233034
16890,1233107
16891,1233180
16892,1233253
16893,1233326
16894,1233399
16895,1233472
16896,1233545
16897,1233618
16898,1233691
16899,1233764
16900,1233837
16901,1233910
16902,1233983
16903,1234056
16904,1234129
16905,1234202
16906,1234275
16907,1234348
16908,1234421
16909,1234494
16910,1234567
16911,1234640
16912,1234713
16913,1234786
16914,1234859
16915,1234932
16916,1235005
16917,1235078
16918,1235151
16919,1235224
16920,1235297
16921,1235370
16922,1235443
16923,1235516
16924,1235589
16925,1235662
16926,1235735
16927,1235808
16928,1235881
16929,1235954
16930,1236027
16931,1236100
16932,1236173
16933,1236246
16934,1236319
16935,1236392
16936,1236465
16937,1236538
16938,1236611
16939,1236684
16940,1236757
16941,1236830
16942,1236903
16943,1236976
16944,1237049
16945,1237122
16946,1237195
16947,1237268
16948,1237341
16949,1237414
16950,1237487
16951,1237560
16952,1237633
16953,1237706
16954,1237779
16955,1237852
16956,1237925
16957,1237998
16958,1238071
16959,1238144
16960,1238217
16961,1238290
16962,1238363
16963,1238436
16964,1238509
16965,1238582
16966,1238655
16967,1238728
16968,1238801
16969,1238874
16970,1238947
16971,1239020
16972,1239093
16973,1239166
16974,1239239
16975,1239312
16976,1239385
16977,1239458
16978,1239531
16979,1239604
16980,1239677
16981,1239750
16982,1239823
16983,1239896
16984,1239969
16985,1240042
16986,1240115
16987,1240188
16988,1240261
16989,1240334
16990,1240407
16991,1240480
16992,1240553
16993,1240626
16994,1240699
16995,1240772
16996,1240845
16997,1240918
16998,1240991
16999,1241064
17000,1241137
17001,1241210
17002,1241283
17003,1241356
17004,1241429
17005,1241502
17006,1241575
17007,1241648
17008,1241721
17009,1241794
17010,1241867
17011,1241940
17012,1242013
17013,1242086
17014,1242159
17015,1242232
17016,1242305
17017,1242378
17018,1242451
17019,1242524
17020,1242597
17021,1242670
17022,1242743
17023,1242816
17024,1242889
17025,1242962
17026,1243035
17027,1243108
17028,1243181
17029,1243254
17030,1243327
17031,1243400
17032,1243473
17033,1243546
17034,1243619
17035,1243692
17036,1243765
17037,1243838
17038,1243911
17039,1243984
17040,1244057
17041,1244130
17042,1244203
17043,1244276
17044,1244349
17045,1244422
17046,1244495
17047,1244568
17048,1244641
17049,1244714
17050,1244787
17051,1244860
17052,1244933
17053,1245006
17054,1245079
17055,1245152
17056,1245225
17057,1245298
17058,1245371
17059,1245444
17060,1245517
17061,1245590
17062,1245663
17063,1245736
17064,1245809
17065,1245882
17066,1245955
17067,1246028
17068,1246101
17069,1246174
17070,1246247
17071,1246320
17072,1246393
17073,1246466
17074,1246539
17075,1246612
17076,1246685
17077,1246758
17078,1246831
17079,1246904
17080,1246977
17081,1247050
17082,1247123
17083,1247196
17084,1247269
17085,1247342
17086,1247415
17087,1247488
17088,1247561
17089,1247634
17090,1247707
17091,1247780
17092,1247853
17093,1247926
17094,1247999
17095,1248072
17096,1248145
17097,1248218
17098,1248291
17099,1248364
17100,1248437
17101,1248510
17102,1248583
17103,1248656
17104,1248729
17105,1248802
17106,1248875
17107,1248948
17108,1249021
17109,1249094
17110,1249167
17111,1249240
17112,1249313
17113,1249386
17114,1249459
17115,1249532
17116,1249605
17117,1249678
17118,1249751
17119,1249824
17120,1249897
17121,1249970
17122,1250043
17123,1250116
17124,1250189
17125,1250262
17126,1250335
17127,1250408
17128,1250481
17129,1250554
17130,1250627
17131,1250700
17132,1250773
17133,1250846
17134,1250919
17135,1250992
17136,1251065
17137,1251138
17138,1251211
17139,1251284
17140,1251357
17141,1251430
17142,1251503
17143,1251576
17144,1251649
17145,1251722
17146,1251795
17147,1251868
17148,1251941
17149,1252014
17150,1252087
17151,1252160
17152,1252233
17153,1252306
17154,1252379
17155,1252452
17156,1252525
17157,1252598
17158,1252671
17159,1252744
17160,1252817
17161,1252890
17162,1252963
17163,1253036
17164,1253109
17165,1253182
17166,1253255
17167,1253328
17168,1253401
17169,1253474
17170,1253547
17171,1253620
17172,1253693
17173,1253766
17174,1253839
17175,1253912
17176,1253985
17177,1254058
17178,1254131
17179,1254204
17180,1254277
17181,1254350
17182,1254423
17183,1254496
17184,1254569
17185,1254642
17186,1254715
17187,1254788
17188,1254861
17189,1254934
17190,1255007
17191,1255080
17192,1255153
17193,1255226
17194,1255299
17195,1255372
17196,1255445
17197,1255518
17198,1255591
17199,1255664
17200,1255737
17201,1255810
17202,1255883
17203,1255956
17204,1256029
17205,1256102
17206,1256175
17207,1256248
17208,1256321
17209,1256394
17210,1256467
17211,1256540
17212,1256613
17213,1256686
17214,1256759
17215,1256832
17216,1256905
17217,1256978
17218,1257051
17219,1257124
17220,1257197
17221,1257270
17222,1257343
17223,1257416
17224,1257489
17225,1257562
17226,1257635
17227,1257708
17228,1257781
17229,1257854
17230,1257927
17231,1258000
17232,1258073
17233,1258146
17234,1258219
17235,1258292
17236,1258365
17237,1258438
17238,1258511
17239,1258584
17240,1258657
17241,1258730
17242,1258803
17243,1258876
17244,1258949
17245,1259022
17246,1259095
17247,1259168
17248,1259241
17249,1259314
17250,1259387
17251,1259460
17252,1259533
17253,1259606
17254,1259679
17255,1259752
17256,1259825
17257,1259898
17258,1259971
17259,1260044
17260,1260117
17261,1260190
17262,1260263
17263,1260336
17264,1260409
17265,1260482
17266,1260555
17267,1260628
17268,1260701
17269,1260774
17270,1260847
17271,1260920
17272,1260993
17273,1261066
17274,1261139
17275,1261212
17276,1261285
17277,1261358
17278,1261431
17279,1261504
17280,1261577
17281,1261650
17282,1261723
17283,1261796
17284,1261869
17285,1261942
17286,1262015
17287,1262088
17288,1262161
17289,1262234
17290,1262307
17291,1262380
17292,1262453
17293,1262526
17294,1262599
17295,1262672
17296,1262745
17297,1262818
17298,1262891
17299,1262964
17300,1263037
17301,1263110
17302,1263183
17303,1263256
17304,1263329
17305,1263402
17306,1263475
17307,1263548
17308,1263621
17309,1263694
17310,1263767
17311,1263840
17312,1263913
17313,1263986
17314,1264059
17315,1264132
17316,1264205
17317,1264278
17318,1264351
17319,1264424
17320,1264497
17321,1264570
17322,1264643
17323,1264716
17324,1264789
17325,1264862
17326,1264935
17327,1265008
17328,1265081
17329,1265154
17330,1265227
17331,1265300
17332,1265373
17333,1265446
17334,1265519
17335,1265592
17336,1265665
17337,1265738
17338,1265811
17339,1265884
17340,1265957
17341,1266030
17342,1266103
17343,1266176
17344,1266249
17345,1266322
17346,1266395
17347,1266468
17348,1266541
17349,1266614
17350,1266687
17351,1266760
17352,1266833
17353,1266906
17354,1266979
17355,1267052
17356,1267125
17357,1267198
17358,1267271
17359,1267344
17360,1267417
17361,1267490
17362,1267563
17363,1267636
17364,1267709
17365,1267782
17366,1267855
17367,1267928
17368,1268001
17369,1268074
17370,1268147
17371,1268220
17372,1268293
17373,1268366
17374,1268439
17375,1268512
17376,1268585
17377,1268658
17378,1268731
17379,1268804
17380,1268877
17381,1268950
17382,1269023
17383,1269096
17384,1269169
17385,1269242
17386,1269315
17387,1269388
17388,1269461
17389,1269534
17390,1269607
17391,1269680
17392,1269753
17393,1269826
17394,1269899
17395,1269972
17396,1270045
17397,1270118
17398,1270191
17399,1270264
17400,1270337
17401,1270410
17402,1270483
17403,1270556
17404,1270629
17405,1270702
17406,1270775
17407,1270848
17408,1270921
17409,1270994
17410,1271067
17411,1271140
17412,1271213
17413,1271286
17414,1271359
17415,1271432
17416,1271505
17417,1271578
17418,1271651
17419,1271724
17420,1271797
17421,1271870
17422,1271943
17423,1272016
17424,1272089
17425,1272162
17426,1272235
17427,1272308
17428,1272381
17429,1272454
17430,1272527
17431,1272600
17432,1272673
17433,1272746
17434,1272819
17435,1272892
17436,1272965
17437,1273038
17438,1273111
17439,1273184
17440,1273257
17441,1273330
17442,1273403
17443,1273476
17444,1273549
17445,1273622
17446,1273695
17447,1273768
17448,1273841
17449,1273914
17450,1273987
17451,1274060
17452,1274133
17453,1274206
17454,1274279
17455,1274352
17456,1274425
17457,1274498
17458,1274571
17459,1274644
17460,1274717
17461,1274790
17462,1274863
17463,1274936
17464,1275009
17465,1275082
17466,1275155
17467,1275228
17468,1275301
17469,1275374
17470,1275447
17471,1275520
17472,1275593
17473,1275666
17474,1275739
17475,1275812
17476,1275885
17477,1275958
17478,1276031
17479,1276104
17480,1276177
17481,1276250
17482,1276323
17483,1276396
17484,1276469
17485,1276542
17486,1276615
17487,1276688
17488,1276761
17489,1276834
17490,1276907
17491,1276980
17492,1277053
17493,1277126
17494,1277199
17495,1277272
17496,1277345
17497,1277418
17498,1277491
17499,1277564
17500,1277637
17501,1277710
17502,1277783
17503,1277856
17504,1277929
17505,1278002
17506,1278075
17507,1278148
17508,1278221
17509,1278294
17510,1278367
17511,1278440
17512,1278513
17513,1278586
17514,1278659
17515,1278732
17516,1278805
17517,1278878
17518,1278951
17519,1279024
17520,1279097
17521,1279170
17522,1279243
17523,1279316
17524,1279389
17525,1279462
17526,1279535
17527,1279608
17528,1279681
17529,1279754
17530,1279827
17531,1279900
17532,1279973
17533,1280046
17534,1280119
17535,1280192
17536,1280265
17537,1280338
17538,1280411
17539,1280484
17540,1280557
17541,1280630
17542,1280703
17543,1280776
17544,1280849
17545,1280922
17546,1280995
17547,1281068
17548,1281141
17549,1281214
17550,1281287
17551,1281360
17552,1281433
17553,1281506
17554,1281579
17555,1281652
17556,1281725
17557,1281798
17558,1281871
17559,1281944
17560,1282017
17561,1282090
17562,1282163
17563,1282236
17564,1282309
17565,1282382
17566,1282455
17567,1282528
17568,1282601
17569,1282674
17570,1282747
17571,1282820
17572,1282893
17573,1282966
17574,1283039
17575,1283112
17576,1283185
17577,1283258
17578,1283331
17579,1283404
17580,1283477
17581,1283550
17582,1283623
17583,1283696
17584,1283769
17585,1283842
17586,1283915
17587,1283988
17588,1284061
17589,1284134
17590,1284207
17591,1284280
17592,1284353
17593,1284426
17594,1284499
17595,1284572
17596,1284645
17597,1284718
17598,1284791
17599,1284864
17600,1284937
17601,1285010
17602,1285083
17603,1285156
17604,1285229
17605,1285302
17606,1285375
17607,1285448
17608,1285521
17609,1285594
17610,1285667
17611,1285740
17612,1285813
17613,1285886
17614,1285959
17615,1286032
17616,1286105
17617,1286178
17618,1286251
17619,1286324
17620,1286397
17621,1286470
17622,1286543
17623,1286616
17624,1286689
17625,1286762
17626,1286835
17627,1286908
17628,1286981
17629,1287054
17630,1287127
17631,1287200
17632,1287273
17633,1287346
17634,1287419
17635,1287492
17636,1287565
17637,1287638
17638,1287711
17639,1287784
17640,1287857
17641,1287930
17642,1288003
17643,1288076
17644,1288149
17645,1288222
17646,1288295
17647,1288368
17648,1288441
17649,1288514
17650,1288587
17651,1288660
17652,1288733
17653,1288806
17654,1288879
17655,1288952
17656,1289025
17657,1289098
17658,1289171
17659,1289244
17660,1289317
17661,1289390
17662,1289463
17663,1289536
17664,1289609
17665,1289682
17666,1289755
17667,1289828
17668,1289901
17669,1289974
17670,1290047
17671,1290120
17672,1290193
17673,1290266
17674,1290339
17675,1290412
17676,1290485
17677,1290558
17678,1290631
17679,1290704
17680,1290777
17681,1290850
17682,1290923
17683,1290996
17684,1291069
17685,1291142
17686,1291215
17687,1291288
17688,1291361
17689,1291434
17690,1291507
17691,1291580
17692,1291653
17693,1291726
17694,1291799
17695,1291872
17696,1291945
17697,1292018
17698,1292091
17699,1292164
17700,1292237
17701,1292310
17702,1292383
17703,1292456
17704,1292529
17705,1292602
17706,1292675
17707,1292748
17708,1292821
17709,1292894
17710,1292967
17711,1293040
17712,1293113
17713,1293186
17714,1293259
17715,1293332
17716,1293405
17717,1293478
17718,1293551
17719,1293624
17720,1293697
17721,1293770
17722,1293843
17723,1293916
17724,1293989
17725,1294062
17726,1294135
17727,1294208
17728,1294281
17729,1294354
17730,1294427
17731,1294500
17732,1294573
17733,1294646
17734,1294719
17735,1294792
17736,1294865
17737,1294938
17738,1295011
17739,1295084
17740,1295157
17741,1295230
17742,1295303
17743,1295376
17744,1295449
17745,1295522
17746,1295595
17747,1295668
17748,1295741
17749,1295814
17750,1295887
17751,1295960
17752,1296033
17753,1296106
17754,1296179
17755,1296252
17756,1296325
17757,1296398
17758,1296471
17759,1296544
17760,1296617
17761,1296690
17762,1296763
17763,1296836
17764,1296909
17765,1296982
17766,1297055
17767,1297128
17768,1297201
17769,1297274
17770,1297347
17771,1297420
17772,1297493
17773,1297566
17774,1297639
17775,1297712
17776,1297785
17777,1297858
17778,1297931
17779,1298004
17780,1298077
17781,1298150
17782,1298223
17783,1298296
17784,1298369
17785,1298442
17786,1298515
17787,1298588
17788,1298661
17789,1298734
17790,1298807
17791,1298880
17792,1298953
17793,1299026
17794,1299099
17795,1299172
17796,1299245
17797,1299318
17798,1299391
17799,1299464
17800,1299537
17801,1299610
17802,1299683
17803,1299756
17804,1299829
17805,1299902
17806,1299975
17807,1300048
17808,1300121
17809,1300194
17810,1300267
17811,1300340
17812,1300413
17813,1300486
17814,1300559
17815,1300632
17816,1300705
17817,1300778
17818,1300851
17819,1300924
17820,1300997
17821,1301070
17822,1301143
17823,1301216
17824,1301289
17825,1301362
17826,1301435
17827,1301508
17828,1301581
17829,1301654
17830,1301727
17831,1301800
17832,1301873
17833,1301946
17834,1302019
17835,1302092
17836,1302165
17837,1302238
17838,1302311
17839,1302384
17840,1302457
17841,1302530
17842,1302603
17843,1302676
17844,1302749
17845,1302822
17846,1302895
17847,1302968
17848,1303041
17849,1303114
17850,1303187
17851,1303260
17852,1303333
17853,1303406
17854,1303479
17855,1303552
17856,1303625
17857,1303698
17858,1303771
17859,1303844
17860,1303917
17861,1303990
17862,1304063
17863,1304136
17864,1304209
17865,1304282
17866,1304355
17867,1304428
17868,1304501
17869,1304574
17870,1304647
17871,1304720
17872,1304793
17873,1304866
17874,1304939
17875,1305012
17876,1305085
17877,1305158
17878,1305231
17879,1305304
17880,1305377
17881,1305450
17882,1305523
17883,1305596
17884,1305669
17885,1305742
17886,1305815
17887,1305888
17888,1305961
17889,1306034
17890,1306107
17891,1306180
17892,1306253
17893,1306326
17894,1306399
17895,1306472
17896,1306545
17897,1306618
17898,1306691
17899,1306764
17900,1306837
17901,1306910
17902,1306983
17903,1307056
17904,1307129
17905,1307202
17906,1307275
17907,1307348
17908,1307421
17909,1307494
17910,1307567
17911,1307640
17912,1307713
17913,1307786
17914,1307859
17915,1307932
17916,1308005
17917,1308078
17918,1308151
17919,1308224
17920,1308297
17921,1308370
17922,1308443
17923,1308516
17924,1308589
17925,1308662
17926,1308735
17927,1308808
17928,1308881
17929,1308954
17930,1309027
17931,1309100
17932,1309173
17933,1309246
17934,1309319
17935,1309392
17936,1309465
17937,1309538
17938,1309611
17939,1309684
17940,1309757
17941,1309830
17942,1309903
17943,1309976
17944,1310049
17945,1310122
17946,1310195
17947,1310268
17948,1310341
17949,1310414
17950,1310487
17951,1310560
17952,1310633
17953,1310706
17954,1310779
17955,1310852
17956,1310925
17957,1310998
17958,1311071
17959,1311144
17960,1311217
17961,1311290
17962,1311363
17963,1311436
17964,1311509
17965,1311582
17966,1311655
17967,1311728
17968,1311801
17969,1311874
17970,1311947
17971,1312020
17972,1312093
17973,1312166
17974,1312239
17975,1312312
17976,1312385
17977,1312458
17978,1312531
17979,1312604
17980,1312677
17981,1312750
17982,1312823
17983,1312896
17984,1312969
17985,1313042
17986,1313115
17987,1313188
17988,1313261
17989,1313334
17990,1313407
17991,1313480
17992,1313553
17993,1313626
17994,1313699
17995,1313772
17996,1313845
17997,1313918
17998,1313991
17999,1314064
18000,1314137
18001,1314210
18002,1314283
18003,1314356
18004,1314429
18005,1314502
18006,1314575
18007,1314648
18008,1314721
18009,1314794
18010,1314867
18011,1314940
18012,1315013
18013,1315086
18014,1315159
18015,1315232
18016,1315305
18017,1315378
18018,1315451
18019,1315524
18020,1315597
18021,1315670
18022,1315743
18023,1315816
18024,1315889
18025,1315962
18026,1316035
18027,1316108
18028,1316181
18029,1316254
18030,1316327
18031,1316400
18032,1316473
18033,1316546
18034,1316619
18035,1316692
18036,1316765
18037,1316838
18038,1316911
18039,1316984
18040,1317057
18041,1317130
18042,1317203
18043,1317276
18044,1317349
18045,1317422
18046,1317495
18047,1317568
18048,1317641
18049,1317714
18050,1317787
18051,1317860
18052,1317933
18053,1318006
18054,1318079
18055,1318152
18056,1318225
18057,1318298
18058,1318371
18059,1318444
18060,1318517
18061,1318590
18062,1318663
18063,1318736
18064,1318809
18065,1318882
18066,1318955
18067,1319028
18068,1319101
18069,1319174
18070,1319247
18071,1319320
18072,1319393
18073,1319466
18074,1319539
18075,1319612
18076,1319685
18077,1319758
18078,1319831
18079,1319904
18080,1319977
18081,1320050
18082,1320123
18083,1320196
18084,1320269
18085,1320342
18086,1320415
18087,1320488
18088,1320561
18089,1320634
18090,1320707
18091,1320780
18092,1320853
18093,1320926
18094,1320999
18095,1321072
18096,1321145
18097,1321218
18098,1321291
18099,1321364
18100,1321437
18101,1321510
18102,1321583
18103,1321656
18104,1321729
18105,1321802
18106,1321875
18107,1321948
18108,1322021
18109,1322094
18110,1322167
18111,1322240
18112,1322313
18113,1322386
18114,1322459
18115,1322532
18116,1322605
18117,1322678
18118,1322751
18119,1322824
18120,1322897
18121,1322970
18122,1323043
18123,1323116
18124,1323189
18125,1323262
18126,1323335
18127,1323408
18128,1323481
18129,1323554
18130,1323627
18131,1323700
18132,1323773
18133,1323846
18134,1323919
18135,1323992
18136,1324065
18137,1324138
18138,1324211
18139,1324284
18140,1324357
18141,1324430
18142,1324503
18143,1324576
18144,1324649
18145,1324722
18146,1324795
18147,1324868
18148,1324941
18149,1325014
18150,1325087
18151,1325160
18152,1325233
18153,1325306
18154,1325379
18155,1325452
18156,1325525
18157,1325598
18158,1325671
18159,1325744
18160,1325817
18161,1325890
18162,1325963
18163,1326036
18164,1326109
18165,1326182
18166,1326255
18167,1326328
18168,1326401
18169,1326474
18170,1326547
18171,1326620
18172,1326693
18173,1326766
18174,1326839
18175,1326912
18176,1326985
18177,1327058
18178,1327131
18179,1327204
18180,1327277
18181,1327350
18182,1327423
18183,1327496
18184,1327569
18185,1327642
18186,1327715
18187,1327788
18188,1327861
18189,1327934
18190,1328007
18191,1328080
18192,1328153
18193,1328226
18194,1328299
18195,1328372
18196,1328445
18197,1328518
18198,1328591
18199,1328664
18200,1328737
18201,1328810
18202,1328883
18203,1328956
18204,1329029
18205,1329102
18206,1329175
18207,1329248
18208,1329321
18209,1329394
18210,1329467
18211,1329540
18212,1329613
18213,1329686
18214,1329759
18215,1329832
18216,1329905
18217,1329978
18218,1330051
18219,1330124
18220,1330197
18221,1330270
18222,1330343
18223,1330416
18224,1330489
18225,1330562
18226,1330635
18227,1330708
18228,1330781
18229,1330854
18230,1330927
18231,1331000
18232,1331073
18233,1331146
18234,1331219
18235,1331292
18236,1331365
18237,1331438
18238,1331511
18239,1331584
18240,1331657
18241,1331730
18242,1331803
18243,1331876
18244,1331949
18245,1332022
18246,1332095
18247,1332168
18248,1332241
18249,1332314
18250,1332387
18251,1332460
18252,1332533
18253,1332606
18254,1332679
18255,1332752
18256,1332825
18257,1332898
18258,1332971
18259,1333044
18260,1333117
18261,1333190
18262,1333263
18263,1333336
18264,1333409
18265,1333482
18266,1333555
18267,1333628
18268,1333701
18269,1333774
18270,1333847
18271,1333920
18272,1333993
18273,1334066
18274,1334139
18275,1334212
18276,1334285
18277,1334358
18278,1334431
18279,1334504
18280,1334577
18281,1334650
18282,1334723
18283,1334796
18284,1334869
18285,1334942
18286,1335015
18287,1335088
18288,1335161
18289,1335234
18290,1335307
18291,1335380
18292,1335453
18293,1335526
18294,1335599
18295,1335672
18296,1335745
18297,1335818
18298,1335891
18299,1335964
18300,1336037
18301,1336110
18302,1336183
18303,1336256
18304,1336329
18305,1336402
18306,1336475
18307,1336548
18308,1336621
18309,1336694
18310,1336767
18311,1336840
18312,1336913
18313,1336986
18314,1337059
18315,1337132
18316,1337205
18317,1337278
18318,1337351
18319,1337424
18320,1337497
18321,1337570
18322,1337643
18323,1337716
18324,1337789
18325,1337862
18326,1337935
18327,1338008
18328,1338081
18329,1338154
18330,1338227
18331,1338300
18332,1338373
18333,1338446
18334,1338519
18335,1338592
18336,1338665
18337,1338738
18338,1338811
18339,1338884
18340,1338957
18341,1339030
18342,1339103
18343,1339176
18344,1339249
18345,1339322
18346,1339395
18347,1339468
18348,1339541
18349,1339614
18350,1339687
18351,1339760
18352,1339833
18353,1339906
18354,1339979
18355,1340052
18356,1340125
18357,1340198
18358,1340271
18359,1340344
18360,1340417
18361,1340490
18362,1340563
18363,1340636
18364,1340709
18365,1340782
18366,1340855
18367,1340928
18368,1341001
18369,1341074
18370,1341147
18371,1341220
18372,1341293
18373,1341366
18374,1341439
18375,1341512
18376,1341585
18377,1341658
18378,1341731
18379,1341804
18380,1341877
18381,1341950
18382,1342023
18383,1342096
18384,1342169
18385,1342242
18386,1342315
18387,1342388
18388,1342461
18389,1342534
18390,1342607
18391,1342680
18392,1342753
18393,1342826
18394,1342899
18395,1342972
18396,1343045
18397,1343118
18398,1343191
18399,1343264
18400,1343337
18401,1343410
18402,1343483
18403,1343556
18404,1343629
18405,1343702
18406,1343775
18407,1343848
18408,1343921
18409,1343994
18410,1344067
18411,1344140
18412,1344213
18413,1344286
18414,1344359
18415,1344432
18416,1344505
18417,1344578
18418,1344651
18419,1344724
18420,1344797
18421,1344870
18422,1344943
18423,1345016
18424,1345089
18425,1345162
18426,1345235
18427,1345308
18428,1345381
18429,1345454
18430,1345527
18431,1345600
18432,1345673
18433,1345746
18434,1345819
18435,1345892
18436,1345965
18437,1346038
18438,1346111
18439,1346184
18440,1346257
18441,1346330
18442,1346403
18443,1346476
18444,1346549
18445,1346622
18446,1346695
18447,1346768
18448,1346841
18449,1346914
18450,1346987
18451,1347060
18452,1347133
18453,1347206
18454,1347279
18455,1347352
18456,1347425
18457,1347498
18458,1347571
18459,1347644
18460,1347717
18461,1347790
18462,1347863
18463,1347936
18464,1348009
18465,1348082
18466,1348155
18467,1348228
18468,1348301
18469,1348374
18470,1348447
18471,1348520
18472,1348593
18473,1348666
18474,1348739
18475,1348812
18476,1348885
18477,1348958
18478,1349031
18479,1349104
18480,1349177
18481,1349250
18482,1349323
18483,1349396
18484,1349469
18485,1349542
18486,1349615
18487,1349688
18488,1349761
18489,1349834
18490,1349907
18491,1349980
18492,1350053
18493,1350126
18494,1350199
18495,1350272
18496,1350345
18497,1350418
18498,1350491
18499,1350564
18500,1350637
18501,1350710
18502,1350783
18503,1350856
18504,1350929
18505,1351002
18506,1351075
18507,1351148
18508,1351221
18509,1351294
18510,1351367
18511,1351440
18512,1351513
18513,1351586
18514,1351659
18515,1351732
18516,1351805
18517,1351878
18518,1351951
18519,1352024
18520,1352097
18521,1352170
18522,1352243
18523,1352316
18524,1352389
18525,1352462
18526,1352535
18527,1352608
18528,1352681
18529,1352754
18530,1352827
18531,1352900
18532,1352973
18533,1353046
18534,1353119
18535,1353192
18536,1353265
18537,1353338
18538,1353411
18539,1353484
18540,1353557
18541,1353630
18542,1353703
18543,1353776
18544,1353849
18545,1353922
18546,1353995
18547,1354068
18548,1354141
18549,1354214
18550,1354287
18551,1354360
18552,1354433
18553,1354506
18554,1354579
18555,1354652
18556,1354725
18557,1354798
18558,1354871
18559,1354944
18560,1355017
18561,1355090
18562,1355163
18563,1355236
18564,1355309
18565,1355382
18566,1355455
18567,1355528
18568,1355601
18569,1355674
18570,1355747
18571,1355820
18572,1355893
18573,1355966
18574,1356039
18575,1356112
18576,1356185
18577,1356258
18578,1356331
18579,1356404
18580,1356477
18581,1356550
18582,1356623
18583,1356696
18584,1356769
18585,1356842
18586,1356915
18587,1356988
18588,1357061
18589,1357134
18590,1357207
18591,1357280
18592,1357353
18593,1357426
18594,1357499
18595,1357572
18596,1357645
18597,1357718
18598,1357791
18599,1357864
18600,1357937
18601,1358010
18602,1358083
18603,1358156
18604,1358229
18605,1358302
18606,1358375
18607,1358448
18608,1358521
18609,1358594
18610,1358667
18611,1358740
18612,1358813
18613,1358886
18614,1358959
18615,1359032
18616,1359105
18617,1359178
18618,1359251
18619,1359324
18620,1359397
18621,1359470
18622,1359543
18623,1359616
18624,1359689
18625,1359762
18626,1359835
18627,1359908
18628,1359981
18629,1360054
18630,1360127
18631,1360200
18632,1360273
18633,1360346
18634,1360419
18635,1360492
18636,1360565
18637,1360638
18638,1360711
18639,1360784
18640,1360857
18641,1360930
18642,1361003
18643,1361076
18644,1361149
18645,1361222
18646,1361295
18647,1361368
18648,1361441
18649,1361514
18650,1361587
18651,1361660
18652,1361733
18653,1361806
18654,1361879
18655,1361952
18656,1362025
18657,1362098
18658,1362171
18659,1362244
18660,1362317
18661,1362390
18662,1362463
18663,1362536
18664,1362609
18665,1362682
18666,1362755
18667,1362828
18668,1362901
18669,1362974
18670,1363047
18671,1363120
18672,1363193
18673,1363266
18674,1363339
18675,1363412
18676,1363485
18677,1363558
18678,1363631
18679,1363704
18680,1363777
18681,1363850
18682,1363923
18683,1363996
18684,1364069
18685,1364142
18686,1364215
18687,1364288
18688,1364361
18689,1364434
18690,1364507
18691,1364580
18692,1364653
18693,1364726
18694,1364799
18695,1364872
18696,1364945
18697,1365018
18698,1365091
18699,1365164
18700,1365237
18701,1365310
18702,1365383
18703,1365456
18704,1365529
18705,1365602
18706,1365675
18707,1365748
18708,1365821
18709,1365894
18710,1365967
18711,1366040
18712,1366113
18713,1366186
18714,1366259
18715,1366332
18716,1366405
18717,1366478
18718,1366551
18719,1366624
18720,1366697
18721,1366770
18722,1366843
18723,1366916
18724,1366989
18725,1367062
18726,1367135
18727,1367208
18728,1367281
18729,1367354
18730,1367427
18731,1367500
18732,1367573
18733,1367646
18734,1367719
18735,1367792
18736,1367865
18737,1367938
18738,1368011
18739,1368084
18740,1368157
18741,1368230
18742,1368303
18743,1368376
18744,1368449
18745,1368522
18746,1368595
18747,1368668
18748,1368741
18749,1368814
18750,1368887
18751,1368960
18752,1369033
18753,1369106
18754,1369179
18755,1369252
18756,1369325
18757,1369398
18758,1369471
18759,1369544
18760,1369617
18761,1369690
18762,1369763
18763,1369836
18764,1369909
18765,1369982
18766,1370055
18767,1370128
18768,1370201
18769,1370274
18770,1370347
18771,1370420
18772,1370493
18773,1370566
18774,1370639
18775,1370712
18776,1370785
18777,1370858
18778,1370931
18779,1371004
18780,1371077
18781,1371150
18782,1371223
18783,1371296
18784,1371369
18785,1371442
18786,1371515
18787,1371588
18788,1371661
18789,1371734
18790,1371807
18791,1371880
18792,1371953
18793,1372026
18794,1372099
18795,1372172
18796,1372245
18797,1372318
18798,1372391
18799,1372464
18800,1372537
18801,1372610
18802,1372683
18803,1372756
18804,1372829
18805,1372902
18806,1372975
18807,1373048
18808,1373121
18809,1373194
18810,1373267
18811,1373340
18812,1373413
18813,1373486
18814,1373559
18815,1373632
18816,1373705
18817,1373778
18818,1373851
18819,1373924
18820,1373997
18821,1374070
18822,1374143
18823,1374216
18824,1374289
18825,1374362
18826,1374435
18827,1374508
18828,1374581
18829,1374654
18830,1374727
18831,1374800
18832,1374873
18833,1374946
18834,1375019
18835,1375092
18836,1375165
18837,1375238
18838,1375311
18839,1375384
18840,1375457
18841,1375530
18842,1375603
18843,1375676
18844,1375749
18845,1375822
18846,1375895
18847,1375968
18848,1376041
18849,1376114
18850,1376187
18851,1376260
18852,1376333
18853,1376406
18854,1376479
18855,1376552
18856,1376625
18857,1376698
18858,1376771
18859,1376844
18860,1376917
18861,1376990
18862,1377063
18863,1377136
18864,1377209
18865,1377282
18866,1377355
18867,1377428
18868,1377501
18869,1377574
18870,1377647
18871,1377720
18872,1377793
18873,1377866
18874,1377939
18875,1378012
18876,1378085
18877,1378158
18878,1378231
18879,1378304
18880,1378377
18881,1378450
18882,1378523
18883,1378596
18884,1378669
18885,1378742
18886,1378815
18887,1378888
18888,1378961
18889,1379034
18890,1379107
18891,1379180
18892,1379253
18893,1379326
18894,1379399
18895,1379472
18896,1379545
18897,1379618
18898,1379691
18899,1379764
18900,1379837
18901,1379910
18902,1379983
18903,1380056
18904,1380129
18905,1380202
18906,1380275
18907,1380348
18908,1380421
18909,1380494
18910,1380567
18911,1380640
18912,1380713
18913,1380786
18914,1380859
18915,1380932
18916,1381005
18917,1381078
18918,1381151
18919,1381224
18920,1381297
18921,1381370
18922,1381443
18923,1381516
18924,1381589
18925,1381662
18926,1381735
18927,1381808
18928,1381881
18929,1381954
18930,1382027
18931,1382100
18932,1382173
18933,1382246
18934,1382319
18935,1382392
18936,1382465
18937,1382538
18938,1382611
18939,1382684
18940,1382757
18941,1382830
18942,1382903
18943,1382976
18944,1383049
18945,1383122
18946,1383195
18947,1383268
18948,1383341
18949,1383414
18950,1383487
18951,1383560
18952,1383633
18953,1383706
18954,1383779
18955,1383852
18956,1383925
18957,1383998
18958,1384071
18959,1384144
18960,1384217
18961,1384290
18962,1384363
18963,1384436
18964,1384509
18965,1384582
18966,1384655
18967,1384728
18968,1384801
18969,1384874
18970,1384947
18971,1385020
18972,1385093
18973,1385166
18974,1385239
18975,1385312
18976,1385385
18977,1385458
18978,1385531
18979,1385604
18980,1385677
18981,1385750
18982,1385823
18983,1385896
18984,1385969
18985,1386042
18986,1386115
18987,1386188
18988,1386261
18989,1386334
18990,1386407
18991,1386480
18992,1386553
18993,1386626
18994,1386699
18995,1386772
18996,1386845
18997,1386918
18998,1386991
18999,1387064
19000,1387137
19001,1387210
19002,1387283
19003,1387356
19004,1387429
19005,1387502
19006,1387575
19007,1387648
19008,1387721
19009,1387794
19010,1387867
19011,1387940
19012,1388013
19013,1388086
19014,1388159
19015,1388232
19016,1388305
19017,1388378
19018,1388451
19019,1388524
19020,1388597
19021,1388670
19022,1388743
19023,1388816
19024,1388889
19025,1388962
19026,1389035
19027,1389108
19028,1389181
19029,1389254
19030,1389327
19031,1389400
19032,1389473
19033,1389546
19034,1389619
19035,1389692
19036,1389765
19037,1389838
19038,1389911
19039,1389984
19040,1390057
19041,1390130
19042,1390203
19043,1390276
19044,1390349
19045,1390422
19046,1390495
19047,1390568
19048,1390641
19049,1390714
19050,1390787
19051,1390860
19052,1390933
19053,1391006
19054,1391079
19055,1391152
19056,1391225
19057,1391298
19058,1391371
19059,1391444
19060,1391517
19061,1391590
19062,1391663
19063,1391736
19064,1391809
19065,1391882
19066,1391955
19067,1392028
19068,1392101
19069,1392174
19070,1392247
19071,1392320
19072,1392393
19073,1392466
19074,1392539
19075,1392612
19076,1392685
19077,1392758
19078,1392831
19079,1392904
19080,1392977
19081,1393050
19082,1393123
19083,1393196
19084,1393269
19085,1393342
19086,1393415
19087,1393488
19088,1393561
19089,1393634
19090,1393707
19091,1393780
19092,1393853
19093,1393926
19094,1393999
19095,1394072
19096,1394145
19097,1394218
19098,1394291
19099,1394364
19100,1394437
19101,1394510
19102,1394583
19103,1394656
19104,1394729
19105,1394802
19106,1394875
19107,1394948
19108,1395021
19109,1395094
19110,1395167
19111,1395240
19112,1395313
19113,1395386
19114,1395459
19115,1395532
19116,1395605
19117,1395678
19118,1395751
19119,1395824
19120,1395897
19121,1395970
19122,1396043
19123,1396116
19124,1396189
19125,1396262
19126,1396335
19127,1396408
19128,1396481
19129,1396554
19130,1396627
19131,1396700
19132,1396773
19133,1396846
19134,1396919
19135,1396992
19136,1397065
19137,1397138
19138,1397211
19139,1397284
19140,1397357
19141,1397430
19142,1397503
19143,1397576
19144,1397649
19145,1397722
19146,1397795
19147,1397868
19148,1397941
19149,1398014
19150,1398087
19151,1398160
19152,1398233
19153,1398306
19154,1398379
19155,1398452
19156,1398525
19157,1398598
19158,1398671
19159,1398744
19160,1398817
19161,1398890
19162,1398963
19163,1399036
19164,1399109
19165,1399182
19166,1399255
19167,1399328
19168,1399401
19169,1399474
19170,1399547
19171,1399620
19172,1399693
19173,1399766
19174,1399839
19175,1399912
19176,1399985
19177,1400058
19178,1400131
19179,1400204
19180,1400277
19181,1400350
19182,1400423
19183,1400496
19184,1400569
19185,1400642
19186,1400715
19187,1400788
19188,1400861
19189,1400934
19190,1401007
19191,1401080
19192,1401153
19193,1401226
19194,1401299
19195,1401372
19196,1401445
19197,1401518
19198,1401591
19199,1401664
19200,1401737
19201,1401810
19202,1401883
19203,1401956
19204,1402029
19205,1402102
19206,1402175
19207,1402248
19208,1402321
19209,1402394
19210,1402467
19211,1402540
19212,1402613
19213,1402686
19214,1402759
19215,1402832
19216,1402905
19217,1402978
19218,1403051
19219,1403124
19220,1403197
19221,1403270
19222,1403343
19223,1403416
19224,1403489
19225,1403562
19226,1403635
19227,1403708
19228,1403781
19229,1403854
19230,1403927
19231,1404000
19232,1404073
19233,1404146
19234,1404219
19235,1404292
19236,1404365
19237,1404438
19238,1404511
19239,1404584
19240,1404657
19241,1404730
19242,1404803
19243,1404876
19244,1404949
19245,1405022
19246,1405095
19247,1405168
19248,1405241
19249,1405314
19250,1405387
19251,1405460
19252,1405533
19253,1405606
19254,1405679
19255,1405752
19256,1405825
19257,1405898
19258,1405971
19259,1406044
19260,1406117
19261,1406190
19262,1406263
19263,1406336
19264,1406409
19265,1406482
19266,1406555
19267,1406628
19268,1406701
19269,1406774
19270,1406847
19271,1406920
19272,1406993
19273,1407066
19274,1407139
19275,1407212
19276,1407285
19277,1407358
19278,1407431
19279,1407504
19280,1407577
19281,1407650
19282,1407723
19283,1407796
19284,1407869
19285,1407942
19286,1408015
19287,1408088
19288,1408161
19289,1408234
19290,1408307
19291,1408380
19292,1408453
19293,1408526
19294,1408599
19295,1408672
19296,1408745
19297,1408818
19298,1408891
19299,1408964
19300,1409037
19301,1409110
19302,1409183
19303,1409256
19304,1409329
19305,1409402
19306,1409475
19307,1409548
19308,1409621
19309,1409694
19310,1409767
19311,1409840
19312,1409913
19313,1409986
19314,1410059
19315,1410132
19316,1410205
19317,1410278
19318,1410351
19319,1410424
19320,1410497
19321,1410570
19322,1410643
19323,1410716
19324,1410789
19325,1410862
19326,1410935
19327,1411008
19328,1411081
19329,1411154
19330,1411227
19331,1411300
19332,1411373
19333,1411446
19334,1411519
19335,1411592
19336,1411665
19337,1411738
19338,1411811
19339,1411884
19340,1411957
19341,1412030
19342,1412103
19343,1412176
19344,1412249
19345,1412322
19346,1412395
19347,1412468
19348,1412541
19349,1412614
19350,1412687
19351,1412760
19352,1412833
19353,1412906
19354,1412979
19355,1413052
19356,1413125
19357,1413198
19358,1413271
19359,1413344
19360,1413417
19361,1413490
19362,1413563
19363,1413636
19364,1413709
19365,1413782
19366,1413855
19367,1413928
19368,1414001
19369,1414074
19370,1414147
19371,1414220
19372,1414293
19373,1414366
19374,1414439
19375,1414512
19376,1414585
19377,1414658
19378,1414731
19379,1414804
19380,1414877
19381,1414950
19382,1415023
19383,1415096
19384,1415169
19385,1415242
19386,1415315
19387,1415388
19388,1415461
19389,1415534
19390,1415607
19391,1415680
19392,1415753
19393,1415826
19394,1415899
19395,1415972
19396,1416045
19397,1416118
19398,1416191
19399,1416264
19400,1416337
19401,1416410
19402,1416483
19403,1416556
19404,1416629
19405,1416702
19406,1416775
19407,1416848
19408,1416921
19409,1416994
19410,1417067
19411,1417140
19412,1417213
19413,1417286
19414,1417359
19415,1417432
19416,1417505
19417,1417578
19418,1417651
19419,1417724
19420,1417797
19421,1417870
19422,1417943
19423,1418016
19424,1418089
19425,1418162
19426,1418235
19427,1418308
19428,1418381
19429,1418454
19430,1418527
19431,1418600
19432,1418673
19433,1418746
19434,1418819
19435,1418892
19436,1418965
19437,1419038
19438,1419111
19439,1419184
19440,1419257
19441,1419330
19442,1419403
19443,1419476
19444,1419549
19445,1419622
19446,1419695
19447,1419768
19448,1419841
19449,1419914
19450,1419987
19451,1420060
19452,1420133
19453,1420206
19454,1420279
19455,1420352
19456,1420425
19457,1420498
19458,1420571
19459,1420644
19460,1420717
19461,1420790
19462,1420863
19463,1420936
19464,1421009
19465,1421082
19466,1421155
19467,1421228
19468,1421301
19469,1421374
19470,1421447
19471,1421520
19472,1421593
19473,1421666
19474,1421739
19475,1421812
19476,1421885
19477,1421958
19478,1422031
19479,1422104
19480,1422177
19481,1422250
19482,1422323
19483,1422396
19484,1422469
19485,1422542
19486,1422615
19487,1422688
19488,1422761
19489,1422834
19490,1422907
19491,1422980
19492,1423053
19493,1423126
19494,1423199
19495,1423272
19496,1423345
19497,1423418
19498,1423491
19499,1423564
19500,1423637
19501,1423710
19502,1423783
19503,1423856
19504,1423929
19505,1424002
19506,1424075
19507,1424148
19508,1424221
19509,1424294
19510,1424367
19511,1424440
19512,1424513
19513,1424586
19514,1424659
19515,1424732
19516,1424805
19517,1424878
19518,1424951
19519,1425024
19520,1425097
19521,1425170
19522,1425243
19523,1425316
19524,1425389
19525,1425462
19526,1425535
19527,1425608
19528,1425681
19529,1425754
19530,1425827
19531,1425900
19532,1425973
19533,1426046
19534,1426119
19535,1426192
19536,1426265
19537,1426338
19538,1426411
19539,1426484
19540,1426557
19541,1426630
19542,1426703
19543,1426776
19544,1426849
19545,1426922
19546,1426995
19547,1427068
19548,1427141
19549,1427214
19550,1427287
19551,1427360
19552,1427433
19553,1427506
19554,1427579
19555,1427652
19556,1427725
19557,1427798
19558,1427871
19559,1427944
19560,1428017
19561,1428090
19562,1428163
19563,1428236
19564,1428309
19565,1428382
19566,1428455
19567,1428528
19568,1428601
19569,1428674
19570,1428747
19571,1428820
19572,1428893
19573,1428966
19574,1429039
19575,1429112
19576,1429185
19577,1429258
19578,1429331
19579,1429404
19580,1429477
19581,1429550
19582,1429623
19583,1429696
19584,1429769
19585,1429842
19586,1429915
19587,1429988
19588,1430061
19589,1430134
19590,1430207
19591,1430280
19592,1430353
19593,1430426
19594,1430499
19595,1430572
19596,1430645
19597,1430718
19598,1430791
19599,1430864
19600,1430937
19601,1431010
19602,1431083
19603,1431156
19604,1431229
19605,1431302
19606,1431375
19607,1431448
19608,1431521
19609,1431594
19610,1431667
19611,1431740
19612,1431813
19613,1431886
19614,1431959
19615,1432032
19616,1432105
19617,1432178
19618,1432251
19619,1432324
19620,1432397
19621,1432470
19622,1432543
19623,1432616
19624,1432689
19625,1432762
19626,1432835
19627,1432908
19628,1432981
19629,1433054
19630,1433127
19631,1433200
19632,1433273
19633,1433346
19634,1433419
19635,1433492
19636,1433565
19637,1433638
19638,1433711
19639,1433784
19640,1433857
19641,1433930
19642,1434003
19643,1434076
19644,1434149
19645,1434222
19646,1434295
19647,1434368
19648,1434441
19649,1434514
19650,1434587
19651,1434660
19652,1434733
19653,1434806
19654,1434879
19655,1434952
19656,1435025
19657,1435098
19658,1435171
19659,1435244
19660,1435317
19661,1435390
19662,1435463
19663,1435536
19664,1435609
19665,1435682
19666,1435755
19667,1435828
19668,1435901
19669,1435974
19670,1436047
19671,1436120
19672,1436193
19673,1436266
19674,1436339
19675,1436412
19676,1436485
19677,1436558
19678,1436631
19679,1436704
19680,1436777
19681,1436850
19682,1436923
19683,1436996
19684,1437069
19685,1437142
19686,1437215
19687,1437288
19688,1437361
19689,1437434
19690,1437507
19691,1437580
19692,1437653
19693,1437726
19694,1437799
19695,1437872
19696,1437945
19697,1438018
19698,1438091
19699,1438164
19700,1438237
19701,1438310
19702,1438383
19703,1438456
19704,1438529
19705,1438602
19706,1438675
19707,1438748
19708,1438821
19709,1438894
19710,1438967
19711,1439040
19712,1439113
19713,1439186
19714,1439259
19715,1439332
19716,1439405
19717,1439478
19718,1439551
19719,1439624
19720,1439697
19721,1439770
19722,1439843
19723,1439916
19724,1439989
19725,1440062
19726,1440135
19727,1440208
19728,1440281
19729,1440354
19730,1440427
19731,1440500
19732,1440573
19733,1440646
19734,1440719
19735,1440792
19736,1440865
19737,1440938
19738,1441011
19739,1441084
19740,1441157
19741,1441230
19742,1441303
19743,1441376
19744,1441449
19745,1441522
19746,1441595
19747,1441668
19748,1441741
19749,1441814
19750,1441887
19751,1441960
19752,1442033
19753,1442106
19754,1442179
19755,1442252
19756,1442325
19757,1442398
19758,1442471
19759,1442544
19760,1442617
19761,1442690
19762,1442763
19763,1442836
19764,1442909
19765,1442982
19766,1443055
19767,1443128
19768,1443201
19769,1443274
19770,1443347
19771,1443420
19772,1443493
19773,1443566
19774,1443639
19775,1443712
19776,1443785
19777,1443858
19778,1443931
19779,1444004
19780,1444077
19781,1444150
19782,1444223
19783,1444296
19784,1444369
19785,1444442
19786,1444515
19787,1444588
19788,1444661
19789,1444734
19790,1444807
19791,1444880
19792,1444953
19793,1445026
19794,1445099
19795,1445172
19796,1445245
19797,1445318
19798,1445391
19799,1445464
19800,1445537
19801,1445610
19802,1445683
19803,1445756
19804,1445829
19805,1445902
19806,1445975
19807,1446048
19808,1446121
19809,1446194
19810,1446267
19811,1446340
19812,1446413
19813,1446486
19814,1446559
19815,1446632
19816,1446705
19817,1446778
19818,1446851
19819,1446924
19820,1446997
19821,1447070
19822,1447143
19823,1447216
19824,1447289
19825,1447362
19826,1447435
19827,1447508
19828,1447581
19829,1447654
19830,1447727
19831,1447800
19832,1447873
19833,1447946
19834,1448019
19835,1448092
19836,1448165
19837,1448238
19838,1448311
19839,1448384
19840,1448457
19841,1448530
19842,1448603
19843,1448676
19844,1448749
19845,1448822
19846,1448895
19847,1448968
19848,1449041
19849,1449114
19850,1449187
19851,1449260
19852,1449333
19853,1449406
19854,1449479
19855,1449552
19856,1449625
19857,1449698
19858,1449771
19859,1449844
19860,1449917
19861,1449990
19862,1450063
19863,1450136
19864,1450209
19865,1450282
19866,1450355
19867,1450428
19868,1450501
19869,1450574
19870,1450647
19871,1450720
19872,1450793
19873,1450866
19874,1450939
19875,1451012
19876,1451085
19877,1451158
19878,1451231
19879,1451304
19880,1451377
19881,1451450
19882,1451523
19883,1451596
19884,1451669
19885,1451742
19886,1451815
19887,1451888
19888,1451961
19889,1452034
19890,1452107
19891,1452180
19892,1452253
19893,1452326
19894,1452399
19895,1452472
19896,1452545
19897,1452618
19898,1452691
19899,1452764
19900,1452837
19901,1452910
19902,1452983
19903,1453056
19904,1453129
19905,1453202
19906,1453275
19907,1453348
19908,1453421
19909,1453494
19910,1453567
19911,1453640
19912,1453713
19913,1453786
19914,1453859
19915,1453932
19916,1454005
19917,1454078
19918,1454151
19919,1454224
19920,1454297
19921,1454370
19922,1454443
19923,1454516
19924,1454589
19925,1454662
19926,1454735
19927,1454808
19928,1454881
19929,1454954
19930,1455027
19931,1455100
19932,1455173
19933,1455246
19934,1455319
19935,1455392
19936,1455465
19937,1455538
19938,1455611
19939,1455684
19940,1455757
19941,1455830
19942,1455903
19943,1455976
19944,1456049
19945,1456122
19946,1456195
19947,1456268
19948,1456341
19949,1456414
19950,1456487
19951,1456560
19952,1456633
19953,1456706
19954,1456779
19955,1456852
19956,1456925
19957,1456998
19958,1457071
19959,1457144
19960,1457217
19961,1457290
19962,1457363
19963,1457436
19964,1457509
19965,1457582
19966,1457655
19967,1457728
19968,1457801
19969,1457874
19970,1457947
19971,1458020
19972,1458093
19973,1458166
19974,1458239
19975,1458312
19976,1458385
19977,1458458
19978,1458531
19979,1458604
19980,1458677
19981,1458750
19982,1458823
19983,1458896
19984,1458969
19985,1459042
19986,1459115
19987,1459188
19988,1459261
19989,1459334
19990,1459407
19991,1459480
19992,1459553
19993,1459626
19994,1459699
19995,1459772
19996,1459845
19997,1459918
19998,1459991
19999,1460064
20000,1460137
20001,1460210
20002,1460283
20003,1460356
20004,1460429
20005,1460502
20006,1460575
20007,1460648
20008,1460721
20009,1460794
20010,1460867
20011,1460940
20012,1461013
20013,1461086
20014,1461159
20015,1461232
20016,1461305
20017,1461378
20018,1461451
20019,1461524
20020,1461597
20021,1461670
20022,1461743
20023,1461816
20024,1461889
20025,1461962
20026,1462035
20027,1462108
20028,1462181
20029,1462254
20030,1462327
20031,1462400
20032,1462473
20033,1462546
20034,1462619
20035,1462692
20036,1462765
20037,1462838
20038,1462911
20039,1462984
20040,1463057
20041,1463130
20042,1463203
20043,1463276
20044,1463349
20045,1463422
20046,1463495
20047,1463568
20048,1463641
20049,1463714
20050,1463787
20051,1463860
20052,1463933
20053,1464006
20054,1464079
20055,1464152
20056,1464225
20057,1464298
20058,1464371
20059,1464444
20060,1464517
20061,1464590
20062,1464663
20063,1464736
20064,1464809
20065,1464882
20066,1464955
20067,1465028
20068,1465101
20069,1465174
20070,1465247
20071,1465320
20072,1465393
20073,1465466
20074,1465539
20075,1465612
20076,1465685
20077,1465758
20078,1465831
20079,1465904
20080,1465977
20081,1466050
20082,1466123
20083,1466196
20084,1466269
20085,1466342
20086,1466415
20087,1466488
20088,1466561
20089,1466634
20090,1466707
20091,1466780
20092,1466853
20093,1466926
20094,1466999
20095,1467072
20096,1467145
20097,1467218
20098,1467291
20099,1467364
20100,1467437
20101,1467510
20102,1467583
20103,1467656
20104,1467729
20105,1467802
20106,1467875
20107,1467948
20108,1468021
20109,1468094
20110,1468167
20111,1468240
20112,1468313
20113,1468386
20114,1468459
20115,1468532
20116,1468605
20117,1468678
20118,1468751
20119,1468824
20120,1468897
20121,1468970
20122,1469043
20123,1469116
20124,1469189
20125,1469262
20126,1469335
20127,1469408
20128,1469481
20129,1469554
20130,1469627
20131,1469700
20132,1469773
20133,1469846
20134,1469919
20135,1469992
20136,1470065
20137,1470138
20138,1470211
20139,1470284
20140,1470357
20141,1470430
20142,1470503
20143,1470576
20144,1470649
20145,1470722
20146,1470795
20147,1470868
20148,1470941
20149,1471014
20150,1471087
20151,1471160
20152,1471233
20153,1471306
20154,1471379
20155,1471452
20156,1471525
20157,1471598
20158,1471671
20159,1471744
20160,1471817
20161,1471890
20162,1471963
20163,1472036
20164,1472109
20165,1472182
20166,1472255
20167,1472328
20168,1472401
20169,1472474
20170,1472547
20171,1472620
20172,1472693
20173,1472766
20174,1472839
20175,1472912
20176,1472985
20177,1473058
20178,1473131
20179,1473204
20180,1473277
20181,1473350
20182,1473423
20183,1473496
20184,1473569
20185,1473642
20186,1473715
20187,1473788
20188,1473861
20189,1473934
20190,1474007
20191,1474080
20192,1474153
20193,1474226
20194,1474299
20195,1474372
20196,1474445
20197,1474518
20198,1474591
20199,1474664
20200,1474737
20201,1474810
20202,1474883
20203,1474956
20204,1475029
20205,1475102
20206,1475175
20207,1475248
20208,1475321
20209,1475394
20210,1475467
20211,1475540
20212,1475613
20213,1475686
20214,1475759
20215,1475832
20216,1475905
20217,1475978
20218,1476051
20219,1476124
20220,1476197
20221,1476270
20222,1476343
20223,1476416
20224,1476489
20225,1476562
20226,1476635
20227,1476708
20228,1476781
20229,1476854
20230,1476927
20231,1477000
20232,1477073
20233,1477146
20234,1477219
20235,1477292
20236,1477365
20237,1477438
20238,1477511
20239,1477584
20240,1477657
20241,1477730
20242,1477803
20243,1477876
20244,1477949
20245,1478022
20246,1478095
20247,1478168
20248,1478241
20249,1478314
20250,1478387
20251,1478460
20252,1478533
20253,1478606
20254,1478679
20255,1478752
20256,1478825
20257,1478898
20258,1478971
20259,1479044
20260,1479117
20261,1479190
20262,1479263
20263,1479336
20264,1479409
20265,1479482
20266,1479555
20267,1479628
20268,1479701
20269,1479774
20270,1479847
20271,1479920
20272,1479993
20273,1480066
20274,1480139
20275,1480212
20276,1480285
20277,1480358
20278,1480431
20279,1480504
20280,1480577
20281,1480650
20282,1480723
20283,1480796
20284,1480869
20285,1480942
20286,1481015
20287,1481088
20288,1481161
20289,1481234
20290,1481307
20291,1481380
20292,1481453
20293,1481526
20294,1481599
20295,1481672
20296,1481745
20297,1481818
20298,1481891
20299,1481964
20300,1482037
20301,1482110
20302,1482183
20303,1482256
20304,1482329
20305,1482402
20306,1482475
20307,1482548
20308,1482621
20309,1482694
20310,1482767
20311,1482840
20312,1482913
20313,1482986
20314,1483059
20315,1483132
20316,1483205
20317,1483278
20318,1483351
20319,1483424
20320,1483497
20321,1483570
20322,1483643
20323,1483716
20324,1483789
20325,1483862
20326,1483935
20327,1484008
20328,1484081
20329,1484154
20330,1484227
20331,1484300
20332,1484373
20333,1484446
20334,1484519
20335,1484592
20336,1484665
20337,1484738
20338,1484811
20339,1484884
20340,1484957
20341,1485030
20342,1485103
20343,1485176
20344,1485249
20345,1485322
20346,1485395
20347,1485468
20348,1485541
20349,1485614
20350,1485687
20351,1485760
20352,1485833
20353,1485906
20354,1485979
20355,1486052
20356,1486125
20357,1486198
20358,1486271
20359,1486344
20360,1486417
20361,1486490
20362,1486563
20363,1486636
20364,1486709
20365,1486782
20366,1486855
20367,1486928
20368,1487001
20369,1487074
20370,1487147
20371,1487220
20372,1487293
20373,1487366
20374,1487439
20375,1487512
20376,1487585
20377,1487658
20378,1487731
20379,1487804
20380,1487877
20381,1487950
20382,1488023
20383,1488096
20384,1488169
20385,1488242
20386,1488315
20387,1488388
20388,1488461
20389,1488534
20390,1488607
20391,1488680
20392,1488753
20393,1488826
20394,1488899
20395,1488972
20396,1489045
20397,1489118
20398,1489191
20399,1489264
20400,1489337
20401,1489410
20402,1489483
20403,1489556
20404,1489629
20405,1489702
20406,1489775
20407,1489848
20408,1489921
20409,1489994
20410,1490067
20411,1490140
20412,1490213
20413,1490286
20414,1490359
20415,1490432
20416,1490505
20417,1490578
20418,1490651
20419,1490724
20420,1490797
20421,1490870
20422,1490943
20423,1491016
20424,1491089
20425,1491162
20426,1491235
20427,1491308
20428,1491381
20429,1491454
20430,1491527
20431,1491600
20432,1491673
20433,1491746
20434,1491819
20435,1491892
20436,1491965
20437,1492038
20438,1492111
20439,1492184
20440,1492257
20441,1492330
20442,1492403
20443,1492476
20444,1492549
20445,1492622
20446,1492695
20447,1492768
20448,1492841
20449,1492914
20450,1492987
20451,1493060
20452,1493133
20453,1493206
20454,1493279
20455,1493352
20456,1493425
20457,1493498
20458,1493571
20459,1493644
20460,1493717
20461,1493790
20462,1493863
20463,1493936
20464,1494009
20465,1494082
20466,1494155
20467,1494228
20468,1494301
20469,1494374
20470,1494447
20471,1494520
20472,1494593
20473,1494666
20474,1494739
20475,1494812
20476,1494885
20477,1494958
20478,1495031
20479,1495104
20480,1495177
20481,1495250
20482,1495323
20483,1495396
20484,1495469
20485,1495542
20486,1495615
20487,1495688
20488,1495761
20489,1495834
20490,1495907
20491,1495980
20492,1496053
20493,1496126
20494,1496199
20495,1496272
20496,1496345
20497,1496418
20498,1496491
20499,1496564
20500,1496637
20501,1496710
20502,1496783
20503,1496856
20504,1496929
20505,1497002
20506,1497075
20507,1497148
20508,1497221
20509,1497294
20510,1497367
20511,1497440
20512,1497513
20513,1497586
20514,1497659
20515,1497732
20516,1497805
20517,1497878
20518,1497951
20519,1498024
20520,1498097
20521,1498170
20522,1498243
20523,1498316
20524,1498389
20525,1498462
20526,1498535
20527,1498608
20528,1498681
20529,1498754
20530,1498827
20531,1498900
20532,1498973
20533,1499046
20534,1499119
20535,1499192
20536,1499265
20537,1499338
20538,1499411
20539,1499484
20540,1499557
20541,1499630
20542,1499703
20543,1499776
20544,1499849
20545,1499922
20546,1499995
20547,1500068
20548,1500141
20549,1500214
20550,1500287
20551,1500360
20552,1500433
20553,1500506
20554,1500579
20555,1500652
20556,1500725
20557,1500798
20558,1500871
20559,1500944
20560,1501017
20561,1501090
20562,1501163
20563,1501236
20564,1501309
20565,1501382
20566,1501455
20567,1501528
20568,1501601
20569,1501674
20570,1501747
20571,1501820
20572,1501893
20573,1501966
20574,1502039
20575,1502112
20576,1502185
20577,1502258
20578,1502331
20579,1502404
20580,1502477
20581,1502550
20582,1502623
20583,1502696
20584,1502769
20585,1502842
20586,1502915
20587,1502988
20588,1503061
20589,1503134
20590,1503207
20591,1503280
20592,1503353
20593,1503426
20594,1503499
20595,1503572
20596,1503645
20597,1503718
20598,1503791
20599,1503864
20600,1503937
20601,1504010
20602,1504083
20603,1504156
20604,1504229
20605,1504302
20606,1504375
20607,1504448
20608,1504521
20609,1504594
20610,1504667
20611,1504740
20612,1504813
20613,1504886
20614,1504959
20615,1505032
20616,1505105
20617,1505178
20618,1505251
20619,1505324
20620,1505397
20621,1505470
20622,1505543
20623,1505616
20624,1505689
20625,1505762
20626,1505835
20627,1505908
20628,1505981
20629,1506054
20630,1506127
20631,1506200
20632,1506273
20633,1506346
20634,1506419
20635,1506492
20636,1506565
20637,1506638
20638,1506711
20639,1506784
20640,1506857
20641,1506930
20642,1507003
20643,1507076
20644,1507149
20645,1507222
20646,1507295
20647,1507368
20648,1507441
20649,1507514
20650,1507587
20651,1507660
20652,1507733
20653,1507806
20654,1507879
20655,1507952
20656,1508025
20657,1508098
20658,1508171
20659,1508244
20660,1508317
20661,1508390
20662,1508463
20663,1508536
20664,1508609
20665,1508682
20666,1508755
20667,1508828
20668,1508901
20669,1508974
20670,1509047
20671,1509120
20672,1509193
20673,1509266
20674,1509339
20675,1509412
20676,1509485
20677,1509558
20678,1509631
20679,1509704
20680,1509777
20681,1509850
20682,1509923
20683,1509996
20684,1510069
20685,1510142
20686,1510215
20687,1510288
20688,1510361
20689,1510434
20690,1510507
20691,1510580
20692,1510653
20693,1510726
20694,1510799
20695,1510872
20696,1510945
20697,1511018
20698,1511091
20699,1511164
20700,1511237
20701,1511310
20702,1511383
20703,1511456
20704,1511529
20705,1511602
20706,1511675
20707,1511748
20708,1511821
20709,1511894
20710,1511967
20711,1512040
20712,1512113
20713,1512186
20714,1512259
20715,1512332
20716,1512405
20717,1512478
20718,1512551
20719,1512624
20720,1512697
20721,1512770
20722,1512843
20723,1512916
20724,1512989
20725,1513062
20726,1513135
20727,1513208
20728,1513281
20729,1513354
20730,1513427
20731,1513500
20732,1513573
20733,1513646
20734,1513719
20735,1513792
20736,1513865
20737,1513938
20738,1514011
20739,1514084
20740,1514157
20741,1514230
20742,1514303
20743,1514376
20744,1514449
20745,1514522
20746,1514595
20747,1514668
20748,1514741
20749,1514814
20750,1514887
20751,1514960
20752,1515033
20753,1515106
20754,1515179
20755,1515252
20756,1515325
20757,1515398
20758,1515471
20759,1515544
20760,1515617
20761,1515690
20762,1515763
20763,1515836
20764,1515909
20765,1515982
20766,1516055
20767,1516128
20768,1516201
20769,1516274
20770,1516347
20771,1516420
20772,1516493
20773,1516566
20774,1516639
20775,1516712
20776,1516785
20777,1516858
20778,1516931
20779,1517004
20780,1517077
20781,1517150
20782,1517223
20783,1517296
20784,1517369
20785,1517442
20786,1517515
20787,1517588
20788,1517661
20789,1517734
20790,1517807
20791,1517880
20792,1517953
20793,1518026
20794,1518099
20795,1518172
20796,1518245
20797,1518318
20798,1518391
20799,1518464
20800,1518537
20801,1518610
20802,1518683
20803,1518756
20804,1518829
20805,1518902
20806,1518975
20807,1519048
20808,1519121
20809,1519194
20810,1519267
20811,1519340
20812,1519413
20813,1519486
20814,1519559
20815,1519632
20816,1519705
20817,1519778
20818,1519851
20819,1519924
20820,1519997
20821,1520070
20822,1520143
20823,1520216
20824,1520289
20825,1520362
20826,1520435
20827,1520508
20828,1520581
20829,1520654
20830,1520727
20831,1520800
20832,1520873
20833,1520946
20834,1521019
20835,1521092
20836,1521165
20837,1521238
20838,1521311
20839,1521384
20840,1521457
20841,1521530
20842,1521603
20843,1521676
20844,1521749
20845,1521822
20846,1521895
20847,1521968
20848,1522041
20849,1522114
20850,1522187
20851,1522260
20852,1522333
20853,1522406
20854,1522479
20855,1522552
20856,1522625
20857,1522698
20858,1522771
20859,1522844
20860,1522917
20861,1522990
20862,1523063
20863,1523136
20864,1523209
20865,1523282
20866,1523355
20867,1523428
20868,1523501
20869,1523574
20870,1523647
20871,1523720
20872,1523793
20873,1523866
20874,1523939
20875,1524012
20876,1524085
20877,1524158
20878,1524231
20879,1524304
20880,1524377
20881,1524450
20882,1524523
20883,1524596
20884,1524669
20885,1524742
20886,1524815
20887,1524888
20888,1524961
20889,1525034
20890,1525107
20891,1525180
20892,1525253
20893,1525326
20894,1525399
20895,1525472
20896,1525545
20897,1525618
20898,1525691
20899,1525764
20900,1525837
20901,1525910
20902,1525983
20903,1526056
20904,1526129
20905,1526202
20906,1526275
20907,1526348
20908,1526421
20909,1526494
20910,1526567
20911,1526640
20912,1526713
20913,1526786
20914,1526859
20915,1526932
20916,1527005
20917,1527078
20918,1527151
20919,1527224
20920,1527297
20921,1527370
20922,1527443
20923,1527516
20924,1527589
20925,1527662
20926,1527735
20927,1527808
20928,1527881
20929,1527954
20930,1528027
20931,1528100
20932,1528173
20933,1528246
20934,1528319
20935,1528392
20936,1528465
20937,1528538
20938,1528611
20939,1528684
20940,1528757
20941,1528830
20942,1528903
20943,1528976
20944,1529049
20945,1529122
20946,1529195
20947,1529268
20948,1529341
20949,1529414
20950,1529487
20951,1529560
20952,1529633
20953,1529706
20954,1529779
20955,1529852
20956,1529925
20957,1529998
20958,1530071
20959,1530144
20960,1530217
20961,1530290
20962,1530363
20963,1530436
20964,1530509
20965,1530582
20966,1530655
20967,1530728
20968,1530801
20969,1530874
20970,1530947
20971,1531020
20972,1531093
20973,1531166
20974,1531239
20975,1531312
20976,1531385
20977,1531458
20978,1531531
20979,1531604
20980,1531677
20981,1531750
20982,1531823
20983,1531896
20984,1531969
20985,1532042
20986,1532115
20987,1532188
20988,1532261
20989,1532334
20990,1532407
20991,1532480
20992,1532553
20993,1532626
20994,1532699
20995,1532772
20996,1532845
20997,1532918
20998,1532991
20999,1533064
21000,1533137
21001,1533210
21002,1533283
21003,1533356
21004,1533429
21005,1533502
21006,1533575
21007,1533648
21008,1533721
21009,1533794
21010,1533867
21011,1533940
21012,1534013
21013,1534086
21014,1534159
21015,1534232
21016,1534305
21017,1534378
21018,1534451
21019,1534524
21020,1534597
21021,1534670
21022,1534743
21023,1534816
21024,1534889
21025,1534962
21026,1535035
21027,1535108
21028,1535181
21029,1535254
21030,1535327
21031,1535400
21032,1535473
21033,1535546
21034,1535619
21035,1535692
21036,1535765
21037,1535838
21038,1535911
21039,1535984
21040,1536057
21041,1536130
21042,1536203
21043,1536276
21044,1536349
21045,1536422
21046,1536495
21047,1536568
21048,1536641
21049,1536714
21050,1536787
21051,1536860
21052,1536933
21053,1537006
21054,1537079
21055,1537152
21056,1537225
21057,1537298
21058,1537371
21059,1537444
21060,1537517
21061,1537590
21062,1537663
21063,1537736
21064,1537809
21065,1537882
21066,1537955
21067,1538028
21068,1538101
21069,1538174
21070,1538247
21071,1538320
21072,1538393
21073,1538466
21074,1538539
21075,1538612
21076,1538685
21077,1538758
21078,1538831
21079,1538904
21080,1538977
21081,1539050
21082,1539123
21083,1539196
21084,1539269
21085,1539342
21086,1539415
21087,1539488
21088,1539561
21089,1539634
21090,1539707
21091,1539780
21092,1539853
21093,1539926
21094,1539999
21095,1540072
21096,1540145
21097,1540218
21098,1540291
21099,1540364
21100,1540437
21101,1540510
21102,1540583
21103,1540656
21104,1540729
21105,1540802
21106,1540875
21107,1540948
21108,1541021
21109,1541094
21110,1541167
21111,1541240
21112,1541313
21113,1541386
21114,1541459
21115,1541532
21116,1541605
21117,1541678
21118,1541751
21119,1541824
21120,1541897
21121,1541970
21122,1542043
21123,1542116
21124,1542189
21125,1542262
21126,1542335
21127,1542408
21128,1542481
21129,1542554
21130,1542627
21131,1542700
21132,1542773
21133,1542846
21134,1542919
21135,1542992
21136,1543065
21137,1543138
21138,1543211
21139,1543284
21140,1543357
21141,1543430
21142,1543503
21143,1543576
21144,1543649
21145,1543722
21146,1543795
21147,1543868
21148,1543941
21149,1544014
21150,1544087
21151,1544160
21152,1544233
21153,1544306
21154,1544379
21155,1544452
21156,1544525
21157,1544598
21158,1544671
21159,1544744
21160,1544817
21161,1544890
21162,1544963
21163,1545036
21164,1545109
21165,1545182
21166,1545255
21167,1545328
21168,1545401
21169,1545474
21170,1545547
21171,1545620
21172,1545693
21173,1545766
21174,1545839
21175,1545912
21176,1545985
21177,1546058
21178,1546131
21179,1546204
21180,1546277
21181,1546350
21182,1546423
21183,1546496
21184,1546569
21185,1546642
21186,1546715
21187,1546788
21188,1546861
21189,1546934
21190,1547007
21191,1547080
21192,1547153
21193,1547226
21194,1547299
21195,1547372
21196,1547445
21197,1547518
21198,1547591
21199,1547664
21200,1547737
21201,1547810
21202,1547883
21203,1547956
21204,1548029
21205,1548102
21206,1548175
21207,1548248
21208,1548321
21209,1548394
21210,1548467
21211,1548540
21212,1548613
21213,1548686
21214,1548759
21215,1548832
21216,1548905
21217,1548978
21218,1549051
21219,1549124
21220,1549197
21221,1549270
21222,1549343
21223,1549416
21224,1549489
21225,1549562
21226,1549635
21227,1549708
21228,1549781
21229,1549854
21230,1549927
21231,1550000
21232,1550073
21233,1550146
21234,1550219
21235,1550292
21236,1550365
21237,1550438
21238,1550511
21239,1550584
21240,1550657
21241,1550730
21242,1550803
21243,1550876
21244,1550949
21245,1551022
21246,1551095
21247,1551168
21248,1551241
21249,1551314
21250,1551387
21251,1551460
21252,1551533
21253,1551606
21254,1551679
21255,1551752
21256,1551825
21257,1551898
21258,1551971
21259,1552044
21260,1552117
21261,1552190
21262,1552263
21263,1552336
21264,1552409
21265,1552482
21266,1552555
21267,1552628
21268,1552701
21269,1552774
21270,1552847
21271,1552920
21272,1552993
21273,1553066
21274,1553139
21275,1553212
21276,1553285
21277,1553358
21278,1553431
21279,1553504
21280,1553577
21281,1553650
21282,1553723
21283,1553796
21284,1553869
21285,1553942
21286,1554015
21287,1554088
21288,1554161
21289,1554234
21290,1554307
21291,1554380
21292,1554453
21293,1554526
21294,1554599
21295,1554672
21296,1554745
21297,1554818
21298,1554891
21299,1554964
21300,1555037
21301,1555110
21302,1555183
21303,1555256
21304,1555329
21305,1555402
21306,1555475
21307,1555548
21308,1555621
21309,1555694
21310,1555767
21311,1555840
21312,1555913
21313,1555986
21314,1556059
21315,1556132
21316,1556205
21317,1556278
21318,1556351
21319,1556424
21320,1556497
21321,1556570
21322,1556643
21323,1556716
21324,1556789
21325,1556862
21326,1556935
21327,1557008
21328,1557081
21329,1557154
21330,1557227
21331,1557300
21332,1557373
21333,1557446
21334,1557519
21335,1557592
21336,1557665
21337,1557738
21338,1557811
21339,1557884
21340,1557957
21341,1558030
21342,1558103
21343,1558176
21344,1558249
21345,1558322
21346,1558395
21347,1558468
21348,1558541
21349,1558614
21350,1558687
21351,1558760
21352,1558833
21353,1558906
21354,1558979
21355,1559052
21356,1559125
21357,1559198
21358,1559271
21359,1559344
21360,1559417
21361,1559490
21362,1559563
21363,1559636
21364,1559709
21365,1559782
21366,1559855
21367,1559928
21368,1560001
21369,1560074
21370,1560147
21371,1560220
21372,1560293
21373,1560366
21374,1560439
21375,1560512
21376,1560585
21377,1560658
21378,1560731
21379,1560804
21380,1560877
21381,1560950
21382,1561023
21383,1561096
21384,1561169
21385,1561242
21386,1561315
21387,1561388
21388,1561461
21389,1561534
21390,1561607
21391,1561680
21392,1561753
21393,1561826
21394,1561899
21395,1561972
21396,1562045
21397,1562118
21398,1562191
21399,1562264
21400,1562337
21401,1562410
21402,1562483
21403,1562556
21404,1562629
21405,1562702
21406,1562775
21407,1562848
21408,1562921
21409,1562994
21410,1563067
21411,1563140
21412,1563213
21413,1563286
21414,1563359
21415,1563432
21416,1563505
21417,1563578
21418,1563651
21419,1563724
21420,1563797
21421,1563870
21422,1563943
21423,1564016
21424,1564089
21425,1564162
21426,1564235
21427,1564308
21428,1564381
21429,1564454
21430,1564527
21431,1564600
21432,1564673
21433,1564746
21434,1564819
21435,1564892
21436,1564965
21437,1565038
21438,1565111
21439,1565184
21440,1565257
21441,1565330
21442,1565403
21443,1565476
21444,1565549
21445,1565622
21446,1565695
21447,1565768
21448,1565841
21449,1565914
21450,1565987
21451,1566060
21452,1566133
21453,1566206
21454,1566279
21455,1566352
21456,1566425
21457,1566498
21458,1566571
21459,1566644
21460,1566717
21461,1566790
21462,1566863
21463,1566936
21464,1567009
21465,1567082
21466,1567155
21467,1567228
21468,1567301
21469,1567374
21470,1567447
21471,1567520
21472,1567593
21473,1567666
21474,1567739
21475,1567812
21476,1567885
21477,1567958
21478,1568031
21479,1568104
21480,1568177
21481,1568250
21482,1568323
21483,1568396
21484,1568469
21485,1568542
21486,1568615
21487,1568688
21488,1568761
21489,1568834
21490,1568907
21491,1568980
21492,1569053
21493,1569126
21494,1569199
21495,1569272
21496,1569345
21497,1569418
21498,1569491
21499,1569564
21500,1569637
21501,1569710
21502,1569783
21503,1569856
21504,1569929
21505,1570002
21506,1570075
21507,1570148
21508,1570221
21509,1570294
21510,1570367
21511,1570440
21512,1570513
21513,1570586
21514,1570659
21515,1570732
21516,1570805
21517,1570878
21518,1570951
21519,1571024
21520,1571097
21521,1571170
21522,1571243
21523,1571316
21524,1571389
21525,1571462
21526,1571535
21527,1571608
21528,1571681
21529,1571754
21530,1571827
21531,1571900
21532,1571973
21533,1572046
21534,1572119
21535,1572192
21536,1572265
21537,1572338
21538,1572411
21539,1572484
21540,1572557
21541,1572630
21542,1572703
21543,1572776
21544,1572849
21545,1572922
21546,1572995
21547,1573068
21548,1573141
21549,1573214
21550,1573287
21551,1573360
21552,1573433
21553,1573506
21554,1573579
21555,1573652
21556,1573725
21557,1573798
21558,1573871
21559,1573944
21560,1574017
21561,1574090
21562,1574163
21563,1574236
21564,1574309
21565,1574382
21566,1574455
21567,1574528
21568,1574601
21569,1574674
21570,1574747
21571,1574820
21572,1574893
21573,1574966
21574,1575039
21575,1575112
21576,1575185
21577,1575258
21578,1575331
21579,1575404
21580,1575477
21581,1575550
21582,1575623
21583,1575696
21584,1575769
21585,1575842
21586,1575915
21587,1575988
21588,1576061
21589,1576134
21590,1576207
21591,1576280
21592,1576353
21593,1576426
21594,1576499
21595,1576572
21596,1576645
21597,1576718
21598,1576791
21599,1576864
21600,1576937
21601,1577010
21602,1577083
21603,1577156
21604,1577229
21605,1577302
21606,1577375
21607,1577448
21608,1577521
21609,1577594
21610,1577667
21611,1577740
21612,1577813
21613,1577886
21614,1577959
21615,1578032
21616,1578105
21617,1578178
21618,1578251
21619,1578324
21620,1578397
21621,1578470
21622,1578543
21623,1578616
21624,1578689
21625,1578762
21626,1578835
21627,1578908
21628,1578981
21629,1579054
21630,1579127
21631,1579200
21632,1579273
21633,1579346
21634,1579419
21635,1579492
21636,1579565
21637,1579638
21638,1579711
21639,1579784
21640,1579857
21641,1579930
21642,1580003
21643,1580076
21644,1580149
21645,1580222
21646,1580295
21647,1580368
21648,1580441
21649,1580514
21650,1580587
21651,1580660
21652,1580733
21653,1580806
21654,1580879
21655,1580952
21656,1581025
21657,1581098
21658,1581171
21659,1581244
21660,1581317
21661,1581390
21662,1581463
21663,1581536
21664,1581609
21665,1581682
21666,1581755
21667,1581828
21668,1581901
21669,1581974
21670,1582047
21671,1582120
21672,1582193
21673,1582266
21674,1582339
21675,1582412
21676,1582485
21677,1582558
21678,1582631
21679,1582704
21680,1582777
21681,1582850
21682,1582923
21683,1582996
21684,1583069
21685,1583142
21686,1583215
21687,1583288
21688,1583361
21689,1583434
21690,1583507
21691,1583580
21692,1583653
21693,1583726
21694,1583799
21695,1583872
21696,1583945
21697,1584018
21698,1584091
21699,1584164
21700,1584237
21701,1584310
21702,1584383
21703,1584456
21704,1584529
21705,1584602
21706,1584675
21707,1584748
21708,1584821
21709,1584894
21710,1584967
21711,1585040
21712,1585113
21713,1585186
21714,1585259
21715,1585332
21716,1585405
21717,1585478
21718,1585551
21719,1585624
21720,1585697
21721,1585770
21722,1585843
21723,1585916
21724,1585989
21725,1586062
21726,1586135
21727,1586208
21728,1586281
21729,1586354
21730,1586427
21731,1586500
21732,1586573
21733,1586646
21734,1586719
21735,1586792
21736,1586865
21737,1586938
21738,1587011
21739,1587084
21740,1587157
21741,1587230
21742,1587303
21743,1587376
21744,1587449
21745,1587522
21746,1587595
21747,1587668
21748,1587741
21749,1587814
21750,1587887
21751,1587960
21752,1588033
21753,1588106
21754,1588179
21755,1588252
21756,1588325
21757,1588398
21758,1588471
21759,1588544
21760,1588617
21761,1588690
21762,1588763
21763,1588836
21764,1588909
21765,1588982
21766,1589055
21767,1589128
21768,1589201
21769,1589274
21770,1589347
21771,1589420
21772,1589493
21773,1589566
21774,1589639
21775,1589712
21776,1589785
21777,1589858
21778,1589931
21779,1590004
21780,1590077
21781,1590150
21782,1590223
21783,1590296
21784,1590369
21785,1590442
21786,1590515
21787,1590588
21788,1590661
21789,1590734
21790,1590807
21791,1590880
21792,1590953
21793,1591026
21794,1591099
21795,1591172
21796,1591245
21797,1591318
21798,1591391
21799,1591464
21800,1591537
21801,1591610
21802,1591683
21803,1591756
21804,1591829
21805,1591902
21806,1591975
21807,1592048
21808,1592121
21809,1592194
21810,1592267
21811,1592340
21812,1592413
21813,1592486
21814,1592559
21815,1592632
21816,1592705
21817,1592778
21818,1592851
21819,1592924
21820,1592997
21821,1593070
21822,1593143
21823,1593216
21824,1593289
21825,1593362
21826,1593435
21827,1593508
21828,1593581
21829,1593654
21830,1593727
21831,1593800
21832,1593873
21833,1593946
21834,1594019
21835,1594092
21836,1594165
21837,1594238
21838,1594311
21839,1594384
21840,1594457
21841,1594530
21842,1594603
21843,1594676
21844,1594749
21845,1594822
21846,1594895
21847,1594968
21848,1595041
21849,1595114
21850,1595187
21851,1595260
21852,1595333
21853,1595406
21854,1595479
21855,1595552
21856,1595625
21857,1595698
21858,1595771
21859,1595844
21860,1595917
21861,1595990
21862,1596063
21863,1596136
21864,1596209
21865,1596282
21866,1596355
21867,1596428
21868,1596501
21869,1596574
21870,1596647
21871,1596720
21872,1596793
21873,1596866
21874,1596939
21875,1597012
21876,1597085
21877,1597158
21878,1597231
21879,1597304
21880,1597377
21881,1597450
21882,1597523
21883,1597596
21884,1597669
21885,1597742
21886,1597815
21887,1597888
21888,1597961
21889,1598034
21890,1598107
21891,1598180
21892,1598253
21893,1598326
21894,1598399
21895,1598472
21896,1598545
21897,1598618
21898,1598691
21899,1598764
21900,1598837
21901,1598910
21902,1598983
21903,1599056
21904,1599129
21905,1599202
21906,1599275
21907,1599348
21908,1599421
21909,1599494
21910,1599567
21911,1599640
21912,1599713
21913,1599786
21914,1599859
21915,1599932
21916,1600005
21917,1600078
21918,1600151
21919,1600224
21920,1600297
21921,1600370
21922,1600443
21923,1600516
21924,1600589
21925,1600662
21926,1600735
21927,1600808
21928,1600881
21929,1600954
21930,1601027
21931,1601100
21932,1601173
21933,1601246
21934,1601319
21935,1601392
21936,1601465
21937,1601538
21938,1601611
21939,1601684
21940,1601757
21941,1601830
21942,1601903
21943,1601976
21944,1602049
21945,1602122
21946,1602195
21947,1602268
21948,1602341
21949,1602414
21950,1602487
21951,1602560
21952,1602633
21953,1602706
21954,1602779
21955,1602852
21956,1602925
21957,1602998
21958,1603071
21959,1603144
21960,1603217
21961,1603290
21962,1603363
21963,1603436
21964,1603509
21965,1603582
21966,1603655
21967,1603728
21968,1603801
21969,1603874
21970,1603947
21971,1604020
21972,1604093
21973,1604166
21974,1604239
21975,1604312
21976,1604385
21977,1604458
21978,1604531
21979,1604604
21980,1604677
21981,1604750
21982,1604823
21983,1604896
21984,1604969
21985,1605042
21986,1605115
21987,1605188
21988,1605261
21989,1605334
21990,1605407
21991,1605480
21992,1605553
21993,1605626
21994,1605699
21995,1605772
21996,1605845
21997,1605918
21998,1605991
21999,1606064
22000,1606137
22001,1606210
22002,1606283
22003,1606356
22004,1606429
22005,1606502
22006,1606575
22007,1606648
22008,1606721
22009,1606794
22010,1606867
22011,1606940
22012,1607013
22013,1607086
22014,1607159
22015,1607232
22016,1607305
22017,1607378
22018,1607451
22019,1607524
22020,1607597
22021,1607670
22022,1607743
22023,1607816
22024,1607889
22025,1607962
22026,1608035
22027,1608108
22028,1608181
22029,1608254
22030,1608327
22031,1608400
22032,1608473
22033,1608546
22034,1608619
22035,1608692
22036,1608765
22037,1608838
22038,1608911
22039,1608984
22040,1609057
22041,1609130
22042,1609203
22043,1609276
22044,1609349
22045,1609422
22046,1609495
22047,1609568
22048,1609641
22049,1609714
22050,1609787
22051,1609860
22052,1609933
22053,1610006
22054,1610079
22055,1610152
22056,1610225
22057,1610298
22058,1610371
22059,1610444
22060,1610517
22061,1610590
22062,1610663
22063,1610736
22064,1610809
22065,1610882
22066,1610955
22067,1611028
22068,1611101
22069,1611174
22070,1611247
22071,1611320
22072,1611393
22073,1611466
22074,1611539
22075,1611612
22076,1611685
22077,1611758
22078,1611831
22079,1611904
22080,1611977
22081,1612050
22082,1612123
22083,1612196
22084,1612269
22085,1612342
22086,1612415
22087,1612488
22088,1612561
22089,1612634
22090,1612707
22091,1612780
22092,1612853
22093,1612926
22094,1612999
22095,1613072
22096,1613145
22097,1613218
22098,1613291
22099,1613364
22100,1613437
22101,1613510
22102,1613583
22103,1613656
22104,1613729
22105,1613802
22106,1613875
22107,1613948
22108,1614021
22109,1614094
22110,1614167
22111,1614240
22112,1614313
22113,1614386
22114,1614459
22115,1614532
22116,1614605
22117,1614678
22118,1614751
22119,1614824
22120,1614897
22121,1614970
22122,1615043
22123,1615116
22124,1615189
22125,1615262
22126,1615335
22127,1615408
22128,1615481
22129,1615554
22130,1615627
22131,1615700
22132,1615773
22133,1615846
22134,1615919
22135,1615992
22136,1616065
22137,1616138
22138,1616211
22139,1616284
22140,1616357
22141,1616430
22142,1616503
22143,1616576
22144,1616649
22145,1616722
22146,1616795
22147,1616868
22148,1616941
22149,1617014
22150,1617087
22151,1617160
22152,1617233
22153,1617306
22154,1617379
22155,1617452
22156,1617525
22157,1617598
22158,1617671
22159,1617744
22160,1617817
22161,1617890
22162,1617963
22163,1618036
22164,1618109
22165,1618182
22166,1618255
22167,1618328
22168,1618401
22169,1618474
22170,1618547
22171,1618620
22172,1618693
22173,1618766
22174,1618839
22175,1618912
22176,1618985
22177,1619058
22178,1619131
22179,1619204
22180,1619277
22181,1619350
22182,1619423
22183,1619496
22184,1619569
22185,1619642
22186,1619715
22187,1619788
22188,1619861
22189,1619934
22190,1620007
22191,1620080
22192,1620153
22193,1620226
22194,1620299
22195,1620372
22196,1620445
22197,1620518
22198,1620591
22199,1620664
22200,1620737
22201,1620810
22202,1620883
22203,1620956
22204,1621029
22205,1621102
22206,1621175
22207,1621248
22208,1621321
22209,1621394
22210,1621467
22211,1621540
22212,1621613
22213,1621686
22214,1621759
22215,1621832
22216,1621905
22217,1621978
22218,1622051
22219,1622124
22220,1622197
22221,1622270
22222,1622343
22223,1622416
22224,1622489
22225,1622562
22226,1622635
22227,1622708
22228,1622781
22229,1622854
22230,1622927
22231,1623000
22232,1623073
22233,1623146
22234,1623219
22235,1623292
22236,1623365
22237,1623438
22238,1623511
22239,1623584
22240,1623657
22241,1623730
22242,1623803
22243,1623876
22244,1623949
22245,1624022
22246,1624095
22247,1624168
22248,1624241
22249,1624314
22250,1624387
22251,1624460
22252,1624533
22253,1624606
22254,1624679
22255,1624752
22256,1624825
22257,1624898
22258,1624971
22259,1625044
22260,1625117
22261,1625190
22262,1625263
22263,1625336
22264,1625409
22265,1625482
22266,1625555
22267,1625628
22268,1625701
22269,1625774
22270,1625847
22271,1625920
22272,1625993
22273,1626066
22274,1626139
22275,1626212
22276,1626285
22277,1626358
22278,1626431
22279,1626504
22280,1626577
22281,1626650
22282,1626723
22283,1626796
22284,1626869
22285,1626942
22286,1627015
22287,1627088
22288,1627161
22289,1627234
22290,1627307
22291,1627380
22292,1627453
22293,1627526
22294,1627599
22295,1627672
22296,1627745
22297,1627818
22298,1627891
22299,1627964
22300,1628037
22301,1628110
22302,1628183
22303,1628256
22304,1628329
22305,1628402
22306,1628475
22307,1628548
22308,1628621
22309,1628694
22310,1628767
22311,1628840
22312,1628913
22313,1628986
22314,1629059
22315,1629132
22316,1629205
22317,1629278
22318,1629351
22319,1629424
22320,1629497
22321,1629570
22322,1629643
22323,1629716
22324,1629789
22325,1629862
22326,1629935
22327,1630008
22328,1630081
22329,1630154
22330,1630227
22331,1630300
22332,1630373
22333,1630446
22334,1630519
22335,1630592
22336,1630665
22337,1630738
22338,1630811
22339,1630884
22340,1630957
22341,1631030
22342,1631103
22343,1631176
22344,1631249
22345,1631322
22346,1631395
22347,1631468
22348,1631541
22349,1631614
22350,1631687
22351,1631760
22352,1631833
22353,1631906
22354,1631979
22355,1632052
22356,1632125
22357,1632198
22358,1632271
22359,1632344
22360,1632417
22361,1632490
22362,1632563
22363,1632636
22364,1632709
22365,1632782
22366,1632855
22367,1632928
22368,1633001
22369,1633074
22370,1633147
22371,1633220
22372,1633293
22373,1633366
22374,1633439
22375,1633512
22376,1633585
22377,1633658
22378,1633731
22379,1633804
22380,1633877
22381,1633950
22382,1634023
22383,1634096
22384,1634169
22385,1634242
22386,1634315
22387,1634388
22388,1634461
22389,1634534
22390,1634607
22391,1634680
22392,1634753
22393,1634826
22394,1634899
22395,1634972
22396,1635045
22397,1635118
22398,1635191
22399,1635264
22400,1635337
22401,1635410
22402,1635483
22403,1635556
22404,1635629
22405,1635702
22406,1635775
22407,1635848
22408,1635921
22409,1635994
22410,1636067
22411,1636140
22412,1636213
22413,1636286
22414,1636359
22415,1636432
22416,1636505
22417,1636578
22418,1636651
22419,1636724
22420,1636797
22421,1636870
22422,1636943
22423,1637016
22424,1637089
22425,1637162
22426,1637235
22427,1637308
22428,1637381
22429,1637454
22430,1637527
22431,1637600
22432,1637673
22433,1637746
22434,1637819
22435,1637892
22436,1637965
22437,1638038
22438,1638111
22439,1638184
22440,1638257
22441,1638330
22442,1638403
22443,1638476
22444,1638549
22445,1638622
22446,1638695
22447,1638768
22448,1638841
22449,1638914
22450,1638987
22451,1639060
22452,1639133
22453,1639206
22454,1639279
22455,1639352
22456,1639425
22457,1639498
22458,1639571
22459,1639644
22460,1639717
22461,1639790
22462,1639863
22463,1639936
22464,1640009
22465,1640082
22466,1640155
22467,1640228
22468,1640301
22469,1640374
22470,1640447
22471,1640520
22472,1640593
22473,1640666
22474,1640739
22475,1640812
22476,1640885
22477,1640958
22478,1641031
22479,1641104
22480,1641177
22481,1641250
22482,1641323
22483,1641396
22484,1641469
22485,1641542
22486,1641615
22487,1641688
22488,1641761
22489,1641834
22490,1641907
22491,1641980
22492,1642053
22493,1642126
22494,1642199
22495,1642272
22496,1642345
22497,1642418
22498,1642491
22499,1642564
22500,1642637
22501,1642710
22502,1642783
22503,1642856
22504,1642929
22505,1643002
22506,1643075
22507,1643148
22508,1643221
22509,1643294
22510,1643367
22511,1643440
22512,1643513
22513,1643586
22514,1643659
22515,1643732
22516,1643805
22517,1643878
22518,1643951
22519,1644024
22520,1644097
22521,1644170
22522,1644243
22523,1644316
22524,1644389
22525,1644462
22526,1644535
22527,1644608
22528,1644681
22529,1644754
22530,1644827
22531,1644900
22532,1644973
22533,1645046
22534,1645119
22535,1645192
22536,1645265
22537,1645338
22538,1645411
22539,1645484
22540,1645557
22541,1645630
22542,1645703
22543,1645776
22544,1645849
22545,1645922
22546,1645995
22547,1646068
22548,1646141
22549,1646214
22550,1646287
22551,1646360
22552,1646433
22553,1646506
22554,1646579
22555,1646652
22556,1646725
22557,1646798
22558,1646871
22559,1646944
22560,1647017
22561,1647090
22562,1647163
22563,1647236
22564,1647309
22565,1647382
22566,1647455
22567,1647528
22568,1647601
22569,1647674
22570,1647747
22571,1647820
22572,1647893
22573,1647966
22574,1648039
22575,1648112
22576,1648185
22577,1648258
22578,1648331
22579,1648404
22580,1648477
22581,1648550
22582,1648623
22583,1648696
22584,1648769
22585,1648842
22586,1648915
22587,1648988
22588,1649061
22589,1649134
22590,1649207
22591,1649280
22592,1649353
22593,1649426
22594,1649499
22595,1649572
22596,1649645
22597,1649718
22598,1649791
22599,1649864
22600,1649937
22601,1650010
22602,1650083
22603,1650156
22604,1650229
22605,1650302
22606,1650375
22607,1650448
22608,1650521
22609,1650594
22610,1650667
22611,1650740
22612,1650813
22613,1650886
22614,1650959
22615,1651032
22616,1651105
22617,1651178
22618,1651251
22619,1651324
22620,1651397
22621,1651470
22622,1651543
22623,1651616
22624,1651689
22625,1651762
22626,1651835
22627,1651908
22628,1651981
22629,1652054
22630,1652127
22631,1652200
22632,1652273
22633,1652346
22634,1652419
22635,1652492
22636,1652565
22637,1652638
22638,1652711
22639,1652784
22640,1652857
22641,1652930
22642,1653003
22643,1653076
22644,1653149
22645,1653222
22646,1653295
22647,1653368
22648,1653441
22649,1653514
22650,1653587
22651,1653660
22652,1653733
22653,1653806
22654,1653879
22655,1653952
22656,1654025
22657,1654098
22658,1654171
22659,1654244
22660,1654317
22661,1654390
22662,1654463
22663,1654536
22664,1654609
22665,1654682
22666,1654755
22667,1654828
22668,1654901
22669,1654974
22670,1655047
22671,1655120
22672,1655193
22673,1655266
22674,1655339
22675,1655412
22676,1655485
22677,1655558
22678,1655631
22679,1655704
22680,1655777
22681,1655850
22682,1655923
22683,1655996
22684,1656069
22685,1656142
22686,1656215
22687,1656288
22688,1656361
22689,1656434
22690,1656507
22691,1656580
22692,1656653
22693,1656726
22694,1656799
22695,1656872
22696,1656945
22697,1657018
22698,1657091
22699,1657164
22700,1657237
22701,1657310
22702,1657383
22703,1657456
22704,1657529
22705,1657602
22706,1657675
22707,1657748
22708,1657821
22709,1657894
22710,1657967
22711,1658040
22712,1658113
22713,1658186
22714,1658259
22715,1658332
22716,1658405
22717,1658478
22718,1658551
22719,1658624
22720,1658697
22721,1658770
22722,1658843
22723,1658916
22724,1658989
22725,1659062
22726,1659135
22727,1659208
22728,1659281
22729,1659354
22730,1659427
22731,1659500
22732,1659573
22733,1659646
22734,1659719
22735,1659792
22736,1659865
22737,1659938
22738,1660011
22739,1660084
22740,1660157
22741,1660230
22742,1660303
22743,1660376
22744,1660449
22745,1660522
22746,1660595
22747,1660668
22748,1660741
22749,1660814
22750,1660887
22751,1660960
22752,1661033
22753,1661106
22754,1661179
22755,1661252
22756,1661325
22757,1661398
22758,1661471
22759,1661544
22760,1661617
22761,1661690
22762,1661763
22763,1661836
22764,1661909
22765,1661982
22766,1662055
22767,1662128
22768,1662201
22769,1662274
22770,1662347
22771,1662420
22772,1662493
22773,1662566
22774,1662639
22775,1662712
22776,1662785
22777,1662858
22778,1662931
22779,1663004
22780,1663077
22781,1663150
22782,1663223
22783,1663296
22784,1663369
22785,1663442
22786,1663515
22787,1663588
22788,1663661
22789,1663734
22790,1663807
22791,1663880
22792,1663953
22793,1664026
22794,1664099
22795,1664172
22796,1664245
22797,1664318
22798,1664391
22799,1664464
22800,1664537
22801,1664610
22802,1664683
22803,1664756
22804,1664829
22805,1664902
22806,1664975
22807,1665048
22808,1665121
22809,1665194
22810,1665267
22811,1665340
22812,1665413
22813,1665486
22814,1665559
22815,1665632
22816,1665705
22817,1665778
22818,1665851
22819,1665924
22820,1665997
22821,1666070
22822,1666143
22823,1666216
22824,1666289
22825,1666362
22826,1666435
22827,1666508
22828,1666581
22829,1666654
22830,1666727
22831,1666800
22832,1666873
22833,1666946
22834,1667019
22835,1667092
22836,1667165
22837,1667238
22838,1667311
22839,1667384
22840,1667457
22841,1667530
22842,1667603
22843,1667676
22844,1667749
22845,1667822
22846,1667895
22847,1667968
22848,1668041
22849,1668114
22850,1668187
22851,1668260
22852,1668333
22853,1668406
22854,1668479
22855,1668552
22856,1668625
22857,1668698
22858,1668771
22859,1668844
22860,1668917
22861,1668990
22862,1669063
22863,1669136
22864,1669209
22865,1669282
22866,1669355
22867,1669428
22868,1669501
22869,1669574
22870,1669647
22871,1669720
22872,1669793
22873,1669866
22874,1669939
22875,1670012
22876,1670085
22877,1670158
22878,1670231
22879,1670304
22880,1670377
22881,1670450
22882,1670523
22883,1670596
22884,1670669
22885,1670742
22886,1670815
22887,1670888
22888,1670961
22889,1671034
22890,1671107
22891,1671180
22892,1671253
22893,1671326
22894,1671399
22895,1671472
22896,1671545
22897,1671618
22898,1671691
22899,1671764
22900,1671837
22901,1671910
22902,1671983
22903,1672056
22904,1672129
22905,1672202
22906,1672275
22907,1672348
22908,1672421
22909,1672494
22910,1672567
22911,1672640
22912,1672713
22913,1672786
22914,1672859
22915,1672932
22916,1673005
22917,1673078
22918,1673151
22919,1673224
22920,1673297
22921,1673370
22922,1673443
22923,1673516
22924,1673589
22925,1673662
22926,1673735
22927,1673808
22928,1673881
22929,1673954
22930,1674027
22931,1674100
22932,1674173
22933,1674246
22934,1674319
22935,1674392
22936,1674465
22937,1674538
22938,1674611
22939,1674684
22940,1674757
22941,1674830
22942,1674903
22943,1674976
22944,1675049
22945,1675122
22946,1675195
22947,1675268
22948,1675341
22949,1675414
22950,1675487
22951,1675560
22952,1675633
22953,1675706
22954,1675779
22955,1675852
22956,1675925
22957,1675998
22958,1676071
22959,1676144
22960,1676217
22961,1676290
22962,1676363
22963,1676436
22964,1676509
22965,1676582
22966,1676655
22967,1676728
22968,1676801
22969,1676874
22970,1676947
22971,1677020
22972,1677093
22973,1677166
22974,1677239
22975,1677312
22976,1677385
22977,1677458
22978,1677531
22979,1677604
22980,1677677
22981,1677750
22982,1677823
22983,1677896
22984,1677969
22985,1678042
22986,1678115
22987,1678188
22988,1678261
22989,1678334
22990,1678407
22991,1678480
22992,1678553
22993,1678626
22994,1678699
22995,1678772
22996,1678845
22997,1678918
22998,1678991
22999,1679064
23000,1679137
23001,1679210
23002,1679283
23003,1679356
23004,1679429
23005,1679502
23006,1679575
23007,1679648
23008,1679721
23009,1679794
23010,1679867
23011,1679940
23012,1680013
23013,1680086
23014,1680159
23015,1680232
23016,1680305
23017,1680378
23018,1680451
23019,1680524
23020,1680597
23021,1680670
23022,1680743
23023,1680816
23024,1680889
23025,1680962
23026,1681035
23027,1681108
23028,1681181
23029,1681254
23030,1681327
23031,1681400
23032,1681473
23033,1681546
23034,1681619
23035,1681692
23036,1681765
23037,1681838
23038,1681911
23039,1681984
23040,1682057
23041,1682130
23042,1682203
23043,1682276
23044,1682349
23045,1682422
23046,1682495
23047,1682568
23048,1682641
23049,1682714
23050,1682787
23051,1682860
23052,1682933
23053,1683006
23054,1683079
23055,1683152
23056,1683225
23057,1683298
23058,1683371
23059,1683444
23060,1683517
23061,1683590
23062,1683663
23063,1683736
23064,1683809
23065,1683882
23066,1683955
23067,1684028
23068,1684101
23069,1684174
23070,1684247
23071,1684320
23072,1684393
23073,1684466
23074,1684539
23075,1684612
23076,1684685
23077,1684758
23078,1684831
23079,1684904
23080,1684977
23081,1685050
23082,1685123
23083,1685196
23084,1685269
23085,1685342
23086,1685415
23087,1685488
23088,1685561
23089,1685634
23090,1685707
23091,1685780
23092,1685853
23093,1685926
23094,1685999
23095,1686072
23096,1686145
23097,1686218
23098,1686291
23099,1686364
23100,1686437
23101,1686510
23102,1686583
23103,1686656
23104,1686729
23105,1686802
23106,1686875
23107,1686948
23108,1687021
23109,1687094
23110,1687167
23111,1687240
23112,1687313
23113,1687386
23114,1687459
23115,1687532
23116,1687605
23117,1687678
23118,1687751
23119,1687824
23120,1687897
23121,1687970
23122,1688043
23123,1688116
23124,1688189
23125,1688262
23126,1688335
23127,1688408
23128,1688481
23129,1688554
23130,1688627
23131,1688700
23132,1688773
23133,1688846
23134,1688919
23135,1688992
23136,1689065
23137,1689138
23138,1689211
23139,1689284
23140,1689357
23141,1689430
23142,1689503
23143,1689576
23144,1689649
23145,1689722
23146,1689795
23147,1689868
23148,1689941
23149,1690014
23150,1690087
23151,1690160
23152,1690233
23153,1690306
23154,1690379
23155,1690452
23156,1690525
23157,1690598
23158,1690671
23159,1690744
23160,1690817
23161,1690890
23162,1690963
23163,1691036
23164,1691109
23165,1691182
23166,1691255
23167,1691328
23168,1691401
23169,1691474
23170,1691547
23171,1691620
23172,1691693
23173,1691766
23174,1691839
23175,1691912
23176,1691985
23177,1692058
23178,1692131
23179,1692204
23180,1692277
23181,1692350
23182,1692423
23183,1692496
23184,1692569
23185,1692642
23186,1692715
23187,1692788
23188,1692861
23189,1692934
23190,1693007
23191,1693080
23192,1693153
23193,1693226
23194,1693299
23195,1693372
23196,1693445
23197,1693518
23198,1693591
23199,1693664
23200,1693737
23201,1693810
23202,1693883
23203,1693956
23204,1694029
23205,1694102
23206,1694175
23207,1694248
23208,1694321
23209,1694394
23210,1694467
23211,1694540
23212,1694613
23213,1694686
23214,1694759
23215,1694832
23216,1694905
23217,1694978
23218,1695051
23219,1695124
23220,1695197
23221,1695270
23222,1695343
23223,1695416
23224,1695489
23225,1695562
23226,1695635
23227,1695708
23228,1695781
23229,1695854
23230,1695927
23231,1696000
23232,1696073
23233,1696146
23234,1696219
23235,1696292
23236,1696365
23237,1696438
23238,1696511
23239,1696584
23240,1696657
23241,1696730
23242,1696803
23243,1696876
23244,1696949
23245,1697022
23246,1697095
23247,1697168
23248,1697241
23249,1697314
23250,1697387
23251,1697460
23252,1697533
23253,1697606
23254,1697679
23255,1697752
23256,1697825
23257,1697898
23258,1697971
23259,1698044
23260,1698117
23261,1698190
23262,1698263
23263,1698336
23264,1698409
23265,1698482
23266,1698555
23267,1698628
23268,1698701
23269,1698774
23270,1698847
23271,1698920
23272,1698993
23273,1699066
23274,1699139
23275,1699212
23276,1699285
23277,1699358
23278,1699431
23279,1699504
23280,1699577
23281,1699650
23282,1699723
23283,1699796
23284,1699869
23285,1699942
23286,1700015
23287,1700088
23288,1700161
23289,1700234
23290,1700307
23291,1700380
23292,1700453
23293,1700526
23294,1700599
23295,1700672
23296,1700745
23297,1700818
23298,1700891
23299,1700964
23300,1701037
23301,1701110
23302,1701183
23303,1701256
23304,1701329
23305,1701402
23306,1701475
23307,1701548
23308,1701621
23309,1701694
23310,1701767
23311,1701840
23312,1701913
23313,1701986
23314,1702059
23315,1702132
23316,1702205
23317,1702278
23318,1702351
23319,1702424
23320,1702497
23321,1702570
23322,1702643
23323,1702716
23324,1702789
23325,1702862
23326,1702935
23327,1703008
23328,1703081
23329,1703154
23330,1703227
23331,1703300
23332,1703373
23333,1703446
23334,1703519
23335,1703592
23336,1703665
23337,1703738
23338,1703811
23339,1703884
23340,1703957
23341,1704030
23342,1704103
23343,1704176
23344,1704249
23345,1704322
23346,1704395
23347,1704468
23348,1704541
23349,1704614
23350,1704687
23351,1704760
23352,1704833
23353,1704906
23354,1704979
23355,1705052
23356,1705125
23357,1705198
23358,1705271
23359,1705344
23360,1705417
23361,1705490
23362,1705563
23363,1705636
23364,1705709
23365,1705782
23366,1705855
23367,1705928
23368,1706001
23369,1706074
23370,1706147
23371,1706220
23372,1706293
23373,1706366
23374,1706439
23375,1706512
23376,1706585
23377,1706658
23378,1706731
23379,1706804
23380,1706877
23381,1706950
23382,1707023
23383,1707096
23384,1707169
23385,1707242
23386,1707315
23387,1707388
23388,1707461
23389,1707534
23390,1707607
23391,1707680
23392,1707753
23393,1707826
23394,1707899
23395,1707972
23396,1708045
23397,1708118
23398,1708191
23399,1708264
23400,1708337
23401,1708410
23402,1708483
23403,1708556
23404,1708629
23405,1708702
23406,1708775
23407,1708848
23408,1708921
23409,1708994
23410,1709067
23411,1709140
23412,1709213
23413,1709286
23414,1709359
23415,1709432
23416,1709505
23417,1709578
23418,1709651
23419,1709724
23420,1709797
23421,1709870
23422,1709943
23423,1710016
23424,1710089
23425,1710162
23426,1710235
23427,1710308
23428,1710381
23429,1710454
23430,1710527
23431,1710600
23432,1710673
23433,1710746
23434,1710819
23435,1710892
23436,1710965
23437,1711038
23438,1711111
23439,1711184
23440,1711257
23441,1711330
23442,1711403
23443,1711476
23444,1711549
23445,1711622
23446,1711695
23447,1711768
23448,1711841
23449,1711914
23450,1711987
23451,1712060
23452,1712133
23453,1712206
23454,1712279
23455,1712352
23456,1712425
23457,1712498
23458,1712571
23459,1712644
23460,1712717
23461,1712790
23462,1712863
23463,1712936
23464,1713009
23465,1713082
23466,1713155
23467,1713228
23468,1713301
23469,1713374
23470,1713447
23471,1713520
23472,1713593
23473,1713666
23474,1713739
23475,1713812
23476,1713885
23477,1713958
23478,1714031
23479,1714104
23480,1714177
23481,1714250
23482,1714323
23483,1714396
23484,1714469
23485,1714542
23486,1714615
23487,1714688
23488,1714761
23489,1714834
23490,1714907
23491,1714980
23492,1715053
23493,1715126
23494,1715199
23495,1715272
23496,1715345
23497,1715418
23498,1715491
23499,1715564
23500,1715637
23501,1715710
23502,1715783
23503,1715856
23504,1715929
23505,1716002
23506,1716075
23507,1716148
23508,1716221
23509,1716294
23510,1716367
23511,1716440
23512,1716513
23513,1716586
23514,1716659
23515,1716732
23516,1716805
23517,1716878
23518,1716951
23519,1717024
23520,1717097
23521,1717170
23522,1717243
23523,1717316
23524,1717389
23525,1717462
23526,1717535
23527,1717608
23528,1717681
23529,1717754
23530,1717827
23531,1717900
23532,1717973
23533,1718046
23534,1718119
23535,1718192
23536,1718265
23537,1718338
23538,1718411
23539,1718484
23540,1718557
23541,1718630
23542,1718703
23543,1718776
23544,1718849
23545,1718922
23546,1718995
23547,1719068
23548,1719141
23549,1719214
23550,1719287
23551,1719360
23552,1719433
23553,1719506
23554,1719579
23555,1719652
23556,1719725
23557,1719798
23558,1719871
23559,1719944
23560,1720017
23561,1720090
23562,1720163
23563,1720236
23564,1720309
23565,1720382
23566,1720455
23567,1720528
23568,1720601
23569,1720674
23570,1720747
23571,1720820
23572,1720893
23573,1720966
23574,1721039
23575,1721112
23576,1721185
23577,1721258
23578,1721331
23579,1721404
23580,1721477
23581,1721550
23582,1721623
23583,1721696
23584,1721769
23585,1721842
23586,1721915
23587,1721988
23588,1722061
23589,1722134
23590,1722207
23591,1722280
23592,1722353
23593,1722426
23594,1722499
23595,1722572
23596,1722645
23597,1722718
23598,1722791
23599,1722864
23600,1722937
23601,1723010
23602,1723083
23603,1723156
23604,1723229
23605,1723302
23606,1723375
23607,1723448
23608,1723521
23609,1723594
23610,1723667
23611,1723740
23612,1723813
23613,1723886
23614,1723959
23615,1724032
23616,1724105
23617,1724178
23618,1724251
23619,1724324
23620,1724397
23621,1724470
23622,1724543
23623,1724616
23624,1724689
23625,1724762
23626,1724835
23627,1724908
23628,1724981
23629,1725054
23630,1725127
23631,1725200
23632,1725273
23633,1725346
23634,1725419
23635,1725492
23636,1725565
23637,1725638
23638,1725711
23639,1725784
23640,1725857
23641,1725930
23642,1726003
23643,1726076
23644,1726149
23645,1726222
23646,1726295
23647,1726368
23648,1726441
23649,1726514
23650,1726587
23651,1726660
23652,1726733
23653,1726806
23654,1726879
23655,1726952
23656,1727025
23657,1727098
23658,1727171
23659,1727244
23660,1727317
23661,1727390
23662,1727463
23663,1727536
23664,1727609
23665,1727682
23666,1727755
23667,1727828
23668,1727901
23669,1727974
23670,1728047
23671,1728120
23672,1728193
23673,1728266
23674,1728339
23675,1728412
23676,1728485
23677,1728558
23678,1728631
23679,1728704
23680,1728777
23681,1728850
23682,1728923
23683,1728996
23684,1729069
23685,1729142
23686,1729215
23687,1729288
23688,1729361
23689,1729434
23690,1729507
23691,1729580
23692,1729653
23693,1729726
23694,1729799
23695,1729872
23696,1729945
23697,1730018
23698,1730091
23699,1730164
23700,1730237
23701,1730310
23702,1730383
23703,1730456
23704,1730529
23705,1730602
23706,1730675
23707,1730748
23708,1730821
23709,1730894
23710,1730967
23711,1731040
23712,1731113
23713,1731186
23714,1731259
23715,1731332
23716,1731405
23717,1731478
23718,1731551
23719,1731624
23720,1731697
23721,1731770
23722,1731843
23723,1731916
23724,1731989
23725,1732062
23726,1732135
23727,1732208
23728,1732281
23729,1732354
23730,1732427
23731,1732500
23732,1732573
23733,1732646
23734,1732719
23735,1732792
23736,1732865
23737,1732938
23738,1733011
23739,1733084
23740,1733157
23741,1733230
23742,1733303
23743,1733376
23744,1733449
23745,1733522
23746,1733595
23747,1733668
23748,1733741
23749,1733814
23750,1733887
23751,1733960
23752,1734033
23753,1734106
23754,1734179
23755,1734252
23756,1734325
23757,1734398
23758,1734471
23759,1734544
23760,1734617
23761,1734690
23762,1734763
23763,1734836
23764,1734909
23765,1734982
23766,1735055
23767,1735128
23768,1735201
23769,1735274
23770,1735347
23771,1735420
23772,1735493
23773,1735566
23774,1735639
23775,1735712
23776,1735785
23777,1735858
23778,1735931
23779,1736004
23780,1736077
23781,1736150
23782,1736223
23783,1736296
23784,1736369
23785,1736442
23786,1736515
23787,1736588
23788,1736661
23789,1736734
23790,1736807
23791,1736880
23792,1736953
23793,1737026
23794,1737099
23795,1737172
23796,1737245
23797,1737318
23798,1737391
23799,1737464
23800,1737537
23801,1737610
23802,1737683
23803,1737756
23804,1737829
23805,1737902
23806,1737975
23807,1738048
23808,1738121
23809,1738194
23810,1738267
23811,1738340
23812,1738413
23813,1738486
23814,1738559
23815,1738632
23816,1738705
23817,1738778
23818,1738851
23819,1738924
23820,1738997
23821,1739070
23822,1739143
23823,1739216
23824,1739289
23825,1739362
23826,1739435
23827,1739508
23828,1739581
23829,1739654
23830,1739727
23831,1739800
23832,1739873
23833,1739946
23834,1740019
23835,1740092
23836,1740165
23837,1740238
23838,1740311
23839,1740384
23840,1740457
23841,1740530
23842,1740603
23843,1740676
23844,1740749
23845,1740822
23846,1740895
23847,1740968
23848,1741041
23849,1741114
23850,1741187
23851,1741260
23852,1741333
23853,1741406
23854,1741479
23855,1741552
23856,1741625
23857,1741698
23858,1741771
23859,1741844
23860,1741917
23861,1741990
23862,1742063
23863,1742136
23864,1742209
23865,1742282
23866,1742355
23867,1742428
23868,1742501
23869,1742574
23870,1742647
23871,1742720
23872,1742793
23873,1742866
23874,1742939
23875,1743012
23876,1743085
23877,1743158
23878,1743231
23879,1743304
23880,1743377
23881,1743450
23882,1743523
23883,1743596
23884,1743669
23885,1743742
23886,1743815
23887,1743888
23888,1743961
23889,1744034
23890,1744107
23891,1744180
23892,1744253
23893,1744326
23894,1744399
23895,1744472
23896,1744545
23897,1744618
23898,1744691
23899,1744764
23900,1744837
23901,1744910
23902,1744983
23903,1745056
23904,1745129
23905,1745202
23906,1745275
23907,1745348
23908,1745421
23909,1745494
23910,1745567
23911,1745640
23912,1745713
23913,1745786
23914,1745859
23915,1745932
23916,1746005
23917,1746078
23918,1746151
23919,1746224
23920,1746297
23921,1746370
23922,1746443
23923,1746516
23924,1746589
23925,1746662
23926,1746735
23927,1746808
23928,1746881
23929,1746954
23930,1747027
23931,1747100
23932,1747173
23933,1747246
23934,1747319
23935,1747392
23936,1747465
23937,1747538
23938,1747611
23939,1747684
23940,1747757
23941,1747830
23942,1747903
23943,1747976
23944,1748049
23945,1748122
23946,1748195
23947,1748268
23948,1748341
23949,1748414
23950,1748487
23951,1748560
23952,1748633
23953,1748706
23954,1748779
23955,1748852
23956,1748925
23957,1748998
23958,1749071
23959,1749144
23960,1749217
23961,1749290
23962,1749363
23963,1749436
23964,1749509
23965,1749582
23966,1749655
23967,1749728
23968,1749801
23969,1749874
23970,1749947
23971,1750020
23972,1750093
23973,1750166
23974,1750239
23975,1750312
23976,1750385
23977,1750458
23978,1750531
23979,1750604
23980,1750677
23981,1750750
23982,1750823
23983,1750896
23984,1750969
23985,1751042
23986,1751115
23987,1751188
23988,1751261
23989,1751334
23990,1751407
23991,1751480
23992,1751553
23993,1751626
23994,1751699
23995,1751772
23996,1751845
23997,1751918
23998,1751991
23999,1752064
24000,1752137
24001,1752210
24002,1752283
24003,1752356
24004,1752429
24005,1752502
24006,1752575
24007,1752648
24008,1752721
24009,1752794
24010,1752867
24011,1752940
24012,1753013
24013,1753086
24014,1753159
24015,1753232
24016,1753305
24017,1753378
24018,1753451
24019,1753524
24020,1753597
24021,1753670
24022,1753743
24023,1753816
24024,1753889
24025,1753962
24026,1754035
24027,1754108
24028,1754181
24029,1754254
24030,1754327
24031,1754400
24032,1754473
24033,1754546
24034,1754619
24035,1754692
24036,1754765
24037,1754838
24038,1754911
24039,1754984
24040,1755057
24041,1755130
24042,1755203
24043,1755276
24044,1755349
24045,1755422
24046,1755495
24047,1755568
24048,1755641
24049,1755714
24050,1755787
24051,1755860
24052,1755933
24053,1756006
24054,1756079
24055,1756152
24056,1756225
24057,1756298
24058,1756371
24059,1756444
24060,1756517
24061,1756590
24062,1756663
24063,1756736
24064,1756809
24065,1756882
24066,1756955
24067,1757028
24068,1757101
24069,1757174
24070,1757247
24071,1757320
24072,1757393
24073,1757466
24074,1757539
24075,1757612
24076,1757685
24077,1757758
24078,1757831
24079,1757904
24080,1757977
24081,1758050
24082,1758123
24083,1758196
24084,1758269
24085,1758342
24086,1758415
24087,1758488
24088,1758561
24089,1758634
24090,1758707
24091,1758780
24092,1758853
24093,1758926
24094,1758999
24095,1759072
24096,1759145
24097,1759218
24098,1759291
24099,1759364
24100,1759437
24101,1759510
24102,1759583
24103,1759656
24104,1759729
24105,1759802
24106,1759875
24107,1759948
24108,1760021
24109,1760094
24110,1760167
24111,1760240
24112,1760313
24113,1760386
24114,1760459
24115,1760532
24116,1760605
24117,1760678
24118,1760751
24119,1760824
24120,1760897
24121,1760970
24122,1761043
24123,1761116
24124,1761189
24125,1761262
24126,1761335
24127,1761408
24128,1761481
24129,1761554
24130,1761627
24131,1761700
24132,1761773
24133,1761846
24134,1761919
24135,1761992
24136,1762065
24137,1762138
24138,1762211
24139,1762284
24140,1762357
24141,1762430
24142,1762503
24143,1762576
24144,1762649
24145,1762722
24146,1762795
24147,1762868
24148,1762941
24149,1763014
24150,1763087
24151,1763160
24152,1763233
24153,1763306
24154,1763379
24155,1763452
24156,1763525
24157,1763598
24158,1763671
24159,1763744
24160,1763817
24161,1763890
24162,1763963
24163,1764036
24164,1764109
24165,1764182
24166,1764255
24167,1764328
24168,1764401
24169,1764474
24170,1764547
24171,1764620
24172,1764693
24173,1764766
24174,1764839
24175,1764912
24176,1764985
24177,1765058
24178,1765131
24179,1765204
24180,1765277
24181,1765350
24182,1765423
24183,1765496
24184,1765569
24185,1765642
24186,1765715
24187,1765788
24188,1765861
24189,1765934
24190,1766007
24191,1766080
24192,1766153
24193,1766226
24194,1766299
24195,1766372
24196,1766445
24197,1766518
24198,1766591
24199,1766664
24200,1766737
24201,1766810
24202,1766883
24203,1766956
24204,1767029
24205,1767102
24206,1767175
24207,1767248
24208,1767321
24209,1767394
24210,1767467
24211,1767540
24212,1767613
24213,1767686
24214,1767759
24215,1767832
24216,1767905
24217,1767978
24218,1768051
24219,1768124
24220,1768197
24221,1768270
24222,1768343
24223,1768416
24224,1768489
24225,1768562
24226,1768635
24227,1768708
24228,1768781
24229,1768854
24230,1768927
24231,1769000
24232,1769073
24233,1769146
24234,1769219
24235,1769292
24236,1769365
24237,1769438
24238,1769511
24239,1769584
24240,1769657
24241,1769730
24242,1769803
24243,1769876
24244,1769949
24245,1770022
24246,1770095
24247,1770168
24248,1770241
24249,1770314
24250,1770387
24251,1770460
24252,1770533
24253,1770606
24254,1770679
24255,1770752
24256,1770825
24257,1770898
24258,1770971
24259,1771044
24260,1771117
24261,1771190
24262,1771263
24263,1771336
24264,1771409
24265,1771482
24266,1771555
24267,1771628
24268,1771701
24269,1771774
24270,1771847
24271,1771920
24272,1771993
24273,1772066
24274,1772139
24275,1772212
24276,1772285
24277,1772358
24278,1772431
24279,1772504
24280,1772577
24281,1772650
24282,1772723
24283,1772796
24284,1772869
24285,1772942
24286,1773015
24287,1773088
24288,1773161
24289,1773234
24290,1773307
24291,1773380
24292,1773453
24293,1773526
24294,1773599
24295,1773672
24296,1773745
24297,1773818
24298,1773891
24299,1773964
24300,1774037
24301,1774110
24302,1774183
24303,1774256
24304,1774329
24305,1774402
24306,1774475
24307,1774548
24308,1774621
24309,1774694
24310,1774767
24311,1774840
24312,1774913
24313,1774986
24314,1775059
24315,1775132
24316,1775205
24317,1775278
24318,1775351
24319,1775424
24320,1775497
24321,1775570
24322,1775643
24323,1775716
24324,1775789
24325,1775862
24326,1775935
24327,1776008
24328,1776081
24329,1776154
24330,1776227
24331,1776300
24332,1776373
24333,1776446
24334,1776519
24335,1776592
24336,1776665
24337,1776738
24338,1776811
24339,1776884
24340,1776957
24341,1777030
24342,1777103
24343,1777176
24344,1777249
24345,1777322
24346,1777395
24347,1777468
24348,1777541
24349,1777614
24350,1777687
24351,1777760
24352,1777833
24353,1777906
24354,1777979
24355,1778052
24356,1778125
24357,1778198
24358,1778271
24359,1778344
24360,1778417
24361,1778490
24362,1778563
24363,1778636
24364,1778709
24365,1778782
24366,1778855
24367,1778928
24368,1779001
24369,1779074
24370,1779147
24371,1779220
24372,1779293
24373,1779366
24374,1779439
24375,1779512
24376,1779585
24377,1779658
24378,1779731
24379,1779804
24380,1779877
24381,1779950
24382,1780023
24383,1780096
24384,1780169
24385,1780242
24386,1780315
24387,1780388
24388,1780461
24389,1780534
24390,1780607
24391,1780680
24392,1780753
24393,1780826
24394,1780899
24395,1780972
24396,1781045
24397,1781118
24398,1781191
24399,1781264
24400,1781337
24401,1781410
24402,1781483
24403,1781556
24404,1781629
24405,1781702
24406,1781775
24407,1781848
24408,1781921
24409,1781994
24410,1782067
24411,1782140
24412,1782213
24413,1782286
24414,1782359
24415,1782432
24416,1782505
24417,1782578
24418,1782651
24419,1782724
24420,1782797
24421,1782870
24422,1782943
24423,1783016
24424,1783089
24425,1783162
24426,1783235
24427,1783308
24428,1783381
24429,1783454
24430,1783527
24431,1783600
24432,1783673
24433,1783746
24434,1783819
24435,1783892
24436,1783965
24437,1784038
24438,1784111
24439,1784184
24440,1784257
24441,1784330
24442,1784403
24443,1784476
24444,1784549
24445,1784622
24446,1784695
24447,1784768
24448,1784841
24449,1784914
24450,1784987
24451,1785060
24452,1785133
24453,1785206
24454,1785279
24455,1785352
24456,1785425
24457,1785498
24458,1785571
24459,1785644
24460,1785717
24461,1785790
24462,1785863
24463,1785936
24464,1786009
24465,1786082
24466,1786155
24467,1786228
24468,1786301
24469,1786374
24470,1786447
24471,1786520
24472,1786593
24473,1786666
24474,1786739
24475,1786812
24476,1786885
24477,1786958
24478,1787031
24479,1787104
24480,1787177
24481,1787250
24482,1787323
24483,1787396
24484,1787469
24485,1787542
24486,1787615
24487,1787688
24488,1787761
24489,1787834
24490,1787907
24491,1787980
24492,1788053
24493,1788126
24494,1788199
24495,1788272
24496,1788345
24497,1788418
24498,1788491
24499,1788564
24500,1788637
24501,1788710
24502,1788783
24503,1788856
24504,1788929
24505,1789002
24506,1789075
24507,1789148
24508,1789221
24509,1789294
24510,1789367
24511,1789440
24512,1789513
24513,1789586
24514,1789659
24515,1789732
24516,1789805
24517,1789878
24518,1789951
24519,1790024
24520,1790097
24521,1790170
24522,1790243
24523,1790316
24524,1790389
24525,1790462
24526,1790535
24527,1790608
24528,1790681
24529,1790754
24530,1790827
24531,1790900
24532,1790973
24533,1791046
24534,1791119
24535,1791192
24536,1791265
24537,1791338
24538,1791411
24539,1791484
24540,1791557
24541,1791630
24542,1791703
24543,1791776
24544,1791849
24545,1791922
24546,1791995
24547,1792068
24548,1792141
24549,1792214
24550,1792287
24551,1792360
24552,1792433
24553,1792506
24554,1792579
24555,1792652
24556,1792725
24557,1792798
24558,1792871
24559,1792944
24560,1793017
24561,1793090
24562,1793163
24563,1793236
24564,1793309
24565,1793382
24566,1793455
24567,1793528
24568,1793601
24569,1793674
24570,1793747
24571,1793820
24572,1793893
24573,1793966
24574,1794039
24575,1794112
24576,1794185
24577,1794258
24578,1794331
24579,1794404
24580,1794477
24581,1794550
24582,1794623
24583,1794696
24584,1794769
24585,1794842
24586,1794915
24587,1794988
24588,1795061
24589,1795134
24590,1795207
24591,1795280
24592,1795353
24593,1795426
24594,1795499
24595,1795572
24596,1795645
24597,1795718
24598,1795791
24599,1795864
24600,1795937
24601,1796010
24602,1796083
24603,1796156
24604,1796229
24605,1796302
24606,1796375
24607,1796448
24608,1796521
24609,1796594
24610,1796667
24611,1796740
24612,1796813
24613,1796886
24614,1796959
24615,1797032
24616,1797105
24617,1797178
24618,1797251
24619,1797324
24620,1797397
24621,1797470
24622,1797543
24623,1797616
24624,1797689
24625,1797762
24626,1797835
24627,1797908
24628,1797981
24629,1798054
24630,1798127
24631,1798200
24632,1798273
24633,1798346
24634,1798419
24635,1798492
24636,1798565
24637,1798638
24638,1798711
24639,1798784
24640,1798857
24641,1798930
24642,1799003
24643,1799076
24644,1799149
24645,1799222
24646,1799295
24647,1799368
24648,1799441
24649,1799514
24650,1799587
24651,1799660
24652,1799733
24653,1799806
24654,1799879
24655,1799952
24656,1800025
24657,1800098
24658,1800171
24659,1800244
24660,1800317
24661,1800390
24662,1800463
24663,1800536
24664,1800609
24665,1800682
24666,1800755
24667,1800828
24668,1800901
24669,1800974
24670,1801047
24671,1801120
24672,1801193
24673,1801266
24674,1801339
24675,1801412
24676,1801485
24677,1801558
24678,1801631
24679,1801704
24680,1801777
24681,1801850
24682,1801923
24683,1801996
24684,1802069
24685,1802142
24686,1802215
24687,1802288
24688,1802361
24689,1802434
24690,1802507
24691,1802580
24692,1802653
24693,1802726
24694,1802799
24695,1802872
24696,1802945
24697,1803018
24698,1803091
24699,1803164
24700,1803237
24701,1803310
24702,1803383
24703,1803456
24704,1803529
24705,1803602
24706,1803675
24707,1803748
24708,1803821
24709,1803894
24710,1803967
24711,1804040
24712,1804113
24713,1804186
24714,1804259
24715,1804332
24716,1804405
24717,1804478
24718,1804551
24719,1804624
24720,1804697
24721,1804770
24722,1804843
24723,1804916
24724,1804989
24725,1805062
24726,1805135
24727,1805208
24728,1805281
24729,1805354
24730,1805427
24731,1805500
24732,1805573
24733,1805646
24734,1805719
24735,1805792
24736,1805865
24737,1805938
24738,1806011
24739,1806084
24740,1806157
24741,1806230
24742,1806303
24743,1806376
24744,1806449
24745,1806522
24746,1806595
24747,1806668
24748,1806741
24749,1806814
24750,1806887
24751,1806960
24752,1807033
24753,1807106
24754,1807179
24755,1807252
24756,1807325
24757,1807398
24758,1807471
24759,1807544
24760,1807617
24761,1807690
24762,1807763
24763,1807836
24764,1807909
24765,1807982
24766,1808055
24767,1808128
24768,1808201
24769,1808274
24770,1808347
24771,1808420
24772,1808493
24773,1808566
24774,1808639
24775,1808712
24776,1808785
24777,1808858
24778,1808931
24779,1809004
24780,1809077
24781,1809150
24782,1809223
24783,1809296
24784,1809369
24785,1809442
24786,1809515
24787,1809588
24788,1809661
24789,1809734
24790,1809807
24791,1809880
24792,1809953
24793,1810026
24794,1810099
24795,1810172
24796,1810245
24797,1810318
24798,1810391
24799,1810464
24800,1810537
24801,1810610
24802,1810683
24803,1810756
24804,1810829
24805,1810902
24806,1810975
24807,1811048
24808,1811121
24809,1811194
24810,1811267
24811,1811340
24812,1811413
24813,1811486
24814,1811559
24815,1811632
24816,1811705
24817,1811778
24818,1811851
24819,1811924
24820,1811997
24821,1812070
24822,1812143
24823,1812216
24824,1812289
24825,1812362
24826,1812435
24827,1812508
24828,1812581
24829,1812654
24830,1812727
24831,1812800
24832,1812873
24833,1812946
24834,1813019
24835,1813092
24836,1813165
24837,1813238
24838,1813311
24839,1813384
24840,1813457
24841,1813530
24842,1813603
24843,1813676
24844,1813749
24845,1813822
24846,1813895
24847,1813968
24848,1814041
24849,1814114
24850,1814187
24851,1814260
24852,1814333
24853,1814406
24854,1814479
24855,1814552
24856,1814625
24857,1814698
24858,1814771
24859,1814844
24860,1814917
24861,1814990
24862,1815063
24863,1815136
24864,1815209
24865,1815282
24866,1815355
24867,1815428
24868,1815501
24869,1815574
24870,1815647
24871,1815720
24872,1815793
24873,1815866
24874,1815939
24875,1816012
24876,1816085
24877,1816158
24878,1816231
24879,1816304
24880,1816377
24881,1816450
24882,1816523
24883,1816596
24884,1816669
24885,1816742
24886,1816815
24887,1816888
24888,1816961
24889,1817034
24890,1817107
24891,1817180
24892,1817253
24893,1817326
24894,1817399
24895,1817472
24896,1817545
24897,1817618
24898,1817691
24899,1817764
24900,1817837
24901,1817910
24902,1817983
24903,1818056
24904,1818129
24905,1818202
24906,1818275
24907,1818348
24908,1818421
24909,1818494
24910,1818567
24911,1818640
24912,1818713
24913,1818786
24914,1818859
24915,1818932
24916,1819005
24917,1819078
24918,1819151
24919,1819224
24920,1819297
24921,1819370
24922,1819443
24923,1819516
24924,1819589
24925,1819662
24926,1819735
24927,1819808
24928,1819881
24929,1819954
24930,1820027
24931,1820100
24932,1820173
24933,1820246
24934,1820319
24935,1820392
24936,1820465
24937,1820538
24938,1820611
24939,1820684
24940,1820757
24941,1820830
24942,1820903
24943,1820976
24944,1821049
24945,1821122
24946,1821195
24947,1821268
24948,1821341
24949,1821414
24950,1821487
24951,1821560
24952,1821633
24953,1821706
24954,1821779
24955,1821852
24956,1821925
24957,1821998
24958,1822071
24959,1822144
24960,1822217
24961,1822290
24962,1822363
24963,1822436
24964,1822509
24965,1822582
24966,1822655
24967,1822728
24968,1822801
24969,1822874
24970,1822947
24971,1823020
24972,1823093
24973,1823166
24974,1823239
24975,1823312
24976,1823385
24977,1823458
24978,1823531
24979,1823604
24980,1823677
24981,1823750
24982,1823823
24983,1823896
24984,1823969
24985,1824042
24986,1824115
24987,1824188
24988,1824261
24989,1824334
24990,1824407
24991,1824480
24992,1824553
24993,1824626
24994,1824699
24995,1824772
24996,1824845
24997,1824918
24998,1824991
24999,1825064
25000,1825137
25001,1825210
25002,1825283
25003,1825356
25004,1825429
25005,1825502
25006,1825575
25007,1825648
25008,1825721
25009,1825794
25010,1825867
25011,1825940
25012,1826013
25013,1826086
25014,1826159
25015,1826232
25016,1826305
25017,1826378
25018,1826451
25019,1826524
25020,1826597
25021,1826670
25022,1826743
25023,1826816
25024,1826889
25025,1826962
25026,1827035
25027,1827108
25028,1827181
25029,1827254
25030,1827327
25031,1827400
25032,1827473
25033,1827546
25034,1827619
25035,1827692
25036,1827765
25037,1827838
25038,1827911
25039,1827984
25040,1828057
25041,1828130
25042,1828203
25043,1828276
25044,1828349
25045,1828422
25046,1828495
25047,1828568
25048,1828641
25049,1828714
25050,1828787
25051,1828860
25052,1828933
25053,1829006
25054,1829079
25055,1829152
25056,1829225
25057,1829298
25058,1829371
25059,1829444
25060,1829517
25061,1829590
25062,1829663
25063,1829736
25064,1829809
25065,1829882
25066,1829955
25067,1830028
25068,1830101
25069,1830174
25070,1830247
25071,1830320
25072,1830393
25073,1830466
25074,1830539
25075,1830612
25076,1830685
25077,1830758
25078,1830831
25079,1830904
25080,1830977
25081,1831050
25082,1831123
25083,1831196
25084,1831269
25085,1831342
25086,1831415
25087,1831488
25088,1831561
25089,1831634
25090,1831707
25091,1831780
25092,1831853
25093,1831926
25094,1831999
25095,1832072
25096,1832145
25097,1832218
25098,1832291
25099,1832364
25100,1832437
25101,1832510
25102,1832583
25103,1832656
25104,1832729
25105,1832802
25106,1832875
25107,1832948
25108,1833021
25109,1833094
25110,1833167
25111,1833240
25112,1833313
25113,1833386
25114,1833459
25115,1833532
25116,1833605
25117,1833678
25118,1833751
25119,1833824
25120,1833897
25121,1833970
25122,1834043
25123,1834116
25124,1834189
25125,1834262
25126,1834335
25127,1834408
25128,1834481
25129,1834554
25130,1834627
25131,1834700
25132,1834773
25133,1834846
25134,1834919
25135,1834992
25136,1835065
25137,1835138
25138,1835211
25139,1835284
25140,1835357
25141,1835430
25142,1835503
25143,1835576
25144,1835649
25145,1835722
25146,1835795
25147,1835868
25148,1835941
25149,1836014
25150,1836087
25151,1836160
25152,1836233
25153,1836306
25154,1836379
25155,1836452
25156,1836525
25157,1836598
25158,1836671
25159,1836744
25160,1836817
25161,1836890
25162,1836963
25163,1837036
25164,1837109
25165,1837182
25166,1837255
25167,1837328
25168,1837401
25169,1837474
25170,1837547
25171,1837620
25172,1837693
25173,1837766
25174,1837839
25175,1837912
25176,1837985
25177,1838058
25178,1838131
25179,1838204
25180,1838277
25181,1838350
25182,1838423
25183,1838496
25184,1838569
25185,1838642
25186,1838715
25187,1838788
25188,1838861
25189,1838934
25190,1839007
25191,1839080
25192,1839153
25193,1839226
25194,1839299
25195,1839372
25196,1839445
25197,1839518
25198,1839591
25199,1839664
25200,1839737
25201,1839810
25202,1839883
25203,1839956
25204,1840029
25205,1840102
25206,1840175
25207,1840248
25208,1840321
25209,1840394
25210,1840467
25211,1840540
25212,1840613
25213,1840686
25214,1840759
25215,1840832
25216,1840905
25217,1840978
25218,1841051
25219,1841124
25220,1841197
25221,1841270
25222,1841343
25223,1841416
25224,1841489
25225,1841562
25226,1841635
25227,1841708
25228,1841781
25229,1841854
25230,1841927
25231,1842000
25232,1842073
25233,1842146
25234,1842219
25235,1842292
25236,1842365
25237,1842438
25238,1842511
25239,1842584
25240,1842657
25241,1842730
25242,1842803
25243,1842876
25244,1842949
25245,1843022
25246,1843095
25247,1843168
25248,1843241
25249,1843314
25250,1843387
25251,1843460
25252,1843533
25253,1843606
25254,1843679
25255,1843752
25256,1843825
25257,1843898
25258,1843971
25259,1844044
25260,1844117
25261,1844190
25262,1844263
25263,1844336
25264,1844409
25265,1844482
25266,1844555
25267,1844628
25268,1844701
25269,1844774
25270,1844847
25271,1844920
25272,1844993
25273,1845066
25274,1845139
25275,1845212
25276,1845285
25277,1845358
25278,1845431
25279,1845504
25280,1845577
25281,1845650
25282,1845723
25283,1845796
25284,1845869
25285,1845942
25286,1846015
25287,1846088
25288,1846161
25289,1846234
25290,1846307
25291,1846380
25292,1846453
25293,1846526
25294,1846599
25295,1846672
25296,1846745
25297,1846818
25298,1846891
25299,1846964
25300,1847037
25301,1847110
25302,1847183
25303,1847256
25304,1847329
25305,1847402
25306,1847475
25307,1847548
25308,1847621
25309,1847694
25310,1847767
25311,1847840
25312,1847913
25313,1847986
25314,1848059
25315,1848132
25316,1848205
25317,1848278
25318,1848351
25319,1848424
25320,1848497
25321,1848570
25322,1848643
25323,1848716
25324,1848789
25325,1848862
25326,1848935
25327,1849008
25328,1849081
25329,1849154
25330,1849227
25331,1849300
25332,1849373
25333,1849446
25334,1849519
25335,1849592
25336,1849665
25337,1849738
25338,1849811
25339,1849884
25340,1849957
25341,1850030
25342,1850103
25343,1850176
25344,1850249
25345,1850322
25346,1850395
25347,1850468
25348,1850541
25349,1850614
25350,1850687
25351,1850760
25352,1850833
25353,1850906
25354,1850979
25355,1851052
25356,1851125
25357,1851198
25358,1851271
25359,1851344
25360,1851417
25361,1851490
25362,1851563
25363,1851636
25364,1851709
25365,1851782
25366,1851855
25367,1851928
25368,1852001
25369,1852074
25370,1852147
25371,1852220
25372,1852293
25373,1852366
25374,1852439
25375,1852512
25376,1852585
25377,1852658
25378,1852731
25379,1852804
25380,1852877
25381,1852950
25382,1853023
25383,1853096
25384,1853169
25385,1853242
25386,1853315
25387,1853388
25388,1853461
25389,1853534
25390,1853607
25391,1853680
25392,1853753
25393,1853826
25394,1853899
25395,1853972
25396,1854045
25397,1854118
25398,1854191
25399,1854264
25400,1854337
25401,1854410
25402,1854483
25403,1854556
25404,1854629
25405,1854702
25406,1854775
25407,1854848
25408,1854921
25409,1854994
25410,1855067
25411,1855140
25412,1855213
25413,1855286
25414,1855359
25415,1855432
25416,1855505
25417,1855578
25418,1855651
25419,1855724
25420,1855797
25421,1855870
25422,1855943
25423,1856016
25424,1856089
25425,1856162
25426,1856235
25427,1856308
25428,1856381
25429,1856454
25430,1856527
25431,1856600
25432,1856673
25433,1856746
25434,1856819
25435,1856892
25436,1856965
25437,1857038
25438,1857111
25439,1857184
25440,1857257
25441,1857330
25442,1857403
25443,1857476
25444,1857549
25445,1857622
25446,1857695
25447,1857768
25448,1857841
25449,1857914
25450,1857987
25451,1858060
25452,1858133
25453,1858206
25454,1858279
25455,1858352
25456,1858425
25457,1858498
25458,1858571
25459,1858644
25460,1858717
25461,1858790
25462,1858863
25463,1858936
25464,1859009
25465,1859082
25466,1859155
25467,1859228
25468,1859301
25469,1859374
25470,1859447
25471,1859520
25472,1859593
25473,1859666
25474,1859739
25475,1859812
25476,1859885
25477,1859958
25478,1860031
25479,1860104
25480,1860177
25481,1860250
25482,1860323
25483,1860396
25484,1860469
25485,1860542
25486,1860615
25487,1860688
25488,1860761
25489,1860834
25490,1860907
25491,1860980
25492,1861053
25493,1861126
25494,1861199
25495,1861272
25496,1861345
25497,1861418
25498,1861491
25499,1861564
25500,1861637
25501,1861710
25502,1861783
25503,1861856
25504,1861929
25505,1862002
25506,1862075
25507,1862148
25508,1862221
25509,1862294
25510,1862367
25511,1862440
25512,1862513
25513,1862586
25514,1862659
25515,1862732
25516,1862805
25517,1862878
25518,1862951
25519,1863024
25520,1863097
25521,1863170
25522,1863243
25523,1863316
25524,1863389
25525,1863462
25526,1863535
25527,1863608
25528,1863681
25529,1863754
25530,1863827
25531,1863900
25532,1863973
25533,1864046
25534,1864119
25535,1864192
25536,1864265
25537,1864338
25538,1864411
25539,1864484
25540,1864557
25541,1864630
25542,1864703
25543,1864776
25544,1864849
25545,1864922
25546,1864995
25547,1865068
25548,1865141
25549,1865214
25550,1865287
25551,1865360
25552,1865433
25553,1865506
25554,1865579
25555,1865652
25556,1865725
25557,1865798
25558,1865871
25559,1865944
25560,1866017
25561,1866090
25562,1866163
25563,1866236
25564,1866309
25565,1866382
25566,1866455
25567,1866528
25568,1866601
25569,1866674
25570,1866747
25571,1866820
25572,1866893
25573,1866966
25574,1867039
25575,1867112
25576,1867185
25577,1867258
25578,1867331
25579,1867404
25580,1867477
25581,1867550
25582,1867623
25583,1867696
25584,1867769
25585,1867842
25586,1867915
25587,1867988
25588,1868061
25589,1868134
25590,1868207
25591,1868280
25592,1868353
25593,1868426
25594,1868499
25595,1868572
25596,1868645
25597,1868718
25598,1868791
25599,1868864
25600,1868937
25601,1869010
25602,1869083
25603,1869156
25604,1869229
25605,1869302
25606,1869375
25607,1869448
25608,1869521
25609,1869594
25610,1869667
25611,1869740
25612,1869813
25613,1869886
25614,1869959
25615,1870032
25616,1870105
25617,1870178
25618,1870251
25619,1870324
25620,1870397
25621,1870470
25622,1870543
25623,1870616
25624,1870689
25625,1870762
25626,1870835
25627,1870908
25628,1870981
25629,1871054
25630,1871127
25631,1871200
25632,1871273
25633,1871346
25634,1871419
25635,1871492
25636,1871565
25637,1871638
25638,1871711
25639,1871784
25640,1871857
25641,1871930
25642,1872003
25643,1872076
25644,1872149
25645,1872222
25646,1872295
25647,1872368
25648,1872441
25649,1872514
25650,1872587
25651,1872660
25652,1872733
25653,1872806
25654,1872879
25655,1872952
25656,1873025
25657,1873098
25658,1873171
25659,1873244
25660,1873317
25661,1873390
25662,1873463
25663,1873536
25664,1873609
25665,1873682
25666,1873755
25667,1873828
25668,1873901
25669,1873974
25670,1874047
25671,1874120
25672,1874193
25673,1874266
25674,1874339
25675,1874412
25676,1874485
25677,1874558
25678,1874631
25679,1874704
25680,1874777
25681,1874850
25682,1874923
25683,1874996
25684,1875069
25685,1875142
25686,1875215
25687,1875288
25688,1875361
25689,1875434
25690,1875507
25691,1875580
25692,1875653
25693,1875726
25694,1875799
25695,1875872
25696,1875945
25697,1876018
25698,1876091
25699,1876164
25700,1876237
25701,1876310
25702,1876383
25703,1876456
25704,1876529
25705,1876602
25706,1876675
25707,1876748
25708,1876821
25709,1876894
25710,1876967
25711,1877040
25712,1877113
25713,1877186
25714,1877259
25715,1877332
25716,1877405
25717,1877478
25718,1877551
25719,1877624
25720,1877697
25721,1877770
25722,1877843
25723,1877916
25724,1877989
25725,1878062
25726,1878135
25727,1878208
25728,1878281
25729,1878354
25730,1878427
25731,1878500
25732,1878573
25733,1878646
25734,1878719
25735,1878792
25736,1878865
25737,1878938
25738,1879011
25739,1879084
25740,1879157
25741,1879230
25742,1879303
25743,1879376
25744,1879449
25745,1879522
25746,1879595
25747,1879668
25748,1879741
25749,1879814
25750,1879887
25751,1879960
25752,1880033
25753,1880106
25754,1880179
25755,1880252
25756,1880325
25757,1880398
25758,1880471
25759,1880544
25760,1880617
25761,1880690
25762,1880763
25763,1880836
25764,1880909
25765,1880982
25766,1881055
25767,1881128
25768,1881201
25769,1881274
25770,1881347
25771,1881420
25772,1881493
25773,1881566
25774,1881639
25775,1881712
25776,1881785
25777,1881858
25778,1881931
25779,1882004
25780,1882077
25781,1882150
25782,1882223
25783,1882296
25784,1882369
25785,1882442
25786,1882515
25787,1882588
25788,1882661
25789,1882734
25790,1882807
25791,1882880
25792,1882953
25793,1883026
25794,1883099
25795,1883172
25796,1883245
25797,1883318
25798,1883391
25799,1883464
25800,1883537
25801,1883610
25802,1883683
25803,1883756
25804,1883829
25805,1883902
25806,1883975
25807,1884048
25808,1884121
25809,1884194
25810,1884267
25811,1884340
25812,1884413
25813,1884486
25814,1884559
25815,1884632
25816,1884705
25817,1884778
25818,1884851
25819,1884924
25820,1884997
25821,1885070
25822,1885143
25823,1885216
25824,1885289
25825,1885362
25826,1885435
25827,1885508
25828,1885581
25829,1885654
25830,1885727
25831,1885800
25832,1885873
25833,1885946
25834,1886019
25835,1886092
25836,1886165
25837,1886238
25838,1886311
25839,1886384
25840,1886457
25841,1886530
25842,1886603
25843,1886676
25844,1886749
25845,1886822
25846,1886895
25847,1886968
25848,1887041
25849,1887114
25850,1887187
25851,1887260
25852,1887333
25853,1887406
25854,1887479
25855,1887552
25856,1887625
25857,1887698
25858,1887771
25859,1887844
25860,1887917
25861,1887990
25862,1888063
25863,1888136
25864,1888209
25865,1888282
25866,1888355
25867,1888428
25868,1888501
25869,1888574
25870,1888647
25871,1888720
25872,1888793
25873,1888866
25874,1888939
25875,1889012
25876,1889085
25877,1889158
25878,1889231
25879,1889304
25880,1889377
25881,1889450
25882,1889523
25883,1889596
25884,1889669
25885,1889742
25886,1889815
25887,1889888
25888,1889961
25889,1890034
25890,1890107
25891,1890180
25892,1890253
25893,1890326
25894,1890399
25895,1890472
25896,1890545
25897,1890618
25898,1890691
25899,1890764
25900,1890837
25901,1890910
25902,1890983
25903,1891056
25904,1891129
25905,1891202
25906,1891275
25907,1891348
25908,1891421
25909,1891494
25910,1891567
25911,1891640
25912,1891713
25913,1891786
25914,1891859
25915,1891932
25916,1892005
25917,1892078
25918,1892151
25919,1892224
25920,1892297
25921,1892370
25922,1892443
25923,1892516
25924,1892589
25925,1892662
25926,1892735
25927,1892808
25928,1892881
25929,1892954
25930,1893027
25931,1893100
25932,1893173
25933,1893246
25934,1893319
25935,1893392
25936,1893465
25937,1893538
25938,1893611
25939,1893684
25940,1893757
25941,1893830
25942,1893903
25943,1893976
25944,1894049
25945,1894122
25946,1894195
25947,1894268
25948,1894341
25949,1894414
25950,1894487
25951,1894560
25952,1894633
25953,1894706
25954,1894779
25955,1894852
25956,1894925
25957,1894998
25958,1895071
25959,1895144
25960,1895217
25961,1895290
25962,1895363
25963,1895436
25964,1895509
25965,1895582
25966,1895655
25967,1895728
25968,1895801
25969,1895874
25970,1895947
25971,1896020
25972,1896093
25973,1896166
25974,1896239
25975,1896312
25976,1896385
25977,1896458
25978,1896531
25979,1896604
25980,1896677
25981,1896750
25982,1896823
25983,1896896
25984,1896969
25985,1897042
25986,1897115
25987,1897188
25988,1897261
25989,1897334
25990,1897407
25991,1897480
25992,1897553
25993,1897626
25994,1897699
25995,1897772
25996,1897845
25997,1897918
25998,1897991
25999,1898064
26000,1898137
26001,1898210
26002,1898283
26003,1898356
26004,1898429
26005,1898502
26006,1898575
26007,1898648
26008,1898721
26009,1898794
26010,1898867
26011,1898940
26012,1899013
26013,1899086
26014,1899159
26015,1899232
26016,1899305
26017,1899378
26018,1899451
26019,1899524
26020,1899597
26021,1899670
26022,1899743
26023,1899816
26024,1899889
26025,1899962
26026,1900035
26027,1900108
26028,1900181
26029,1900254
26030,1900327
26031,1900400
26032,1900473
26033,1900546
26034,1900619
26035,1900692
26036,1900765
26037,1900838
26038,1900911
26039,1900984
26040,1901057
26041,1901130
26042,1901203
26043,1901276
26044,1901349
26045,1901422
26046,1901495
26047,1901568
26048,1901641
26049,1901714
26050,1901787
26051,1901860
26052,1901933
26053,1902006
26054,1902079
26055,1902152
26056,1902225
26057,1902298
26058,1902371
26059,1902444
26060,1902517
26061,1902590
26062,1902663
26063,1902736
26064,1902809
26065,1902882
26066,1902955
26067,1903028
26068,1903101
26069,1903174
26070,1903247
26071,1903320
26072,1903393
26073,1903466
26074,1903539
26075,1903612
26076,1903685
26077,1903758
26078,1903831
26079,1903904
26080,1903977
26081,1904050
26082,1904123
26083,1904196
26084,1904269
26085,1904342
26086,1904415
26087,1904488
26088,1904561
26089,1904634
26090,1904707
26091,1904780
26092,1904853
26093,1904926
26094,1904999
26095,1905072
26096,1905145
26097,1905218
26098,1905291
26099,1905364
26100,1905437
26101,1905510
26102,1905583
26103,1905656
26104,1905729
26105,1905802
26106,1905875
26107,1905948
26108,1906021
26109,1906094
26110,1906167
26111,1906240
26112,1906313
26113,1906386
26114,1906459
26115,1906532
26116,1906605
26117,1906678
26118,1906751
26119,1906824
26120,1906897
26121,1906970
26122,1907043
26123,1907116
26124,1907189
26125,1907262
26126,1907335
26127,1907408
26128,1907481
26129,1907554
26130,1907627
26131,1907700
26132,1907773
26133,1907846
26134,1907919
26135,1907992
26136,1908065
26137,1908138
26138,1908211
26139,1908284
26140,1908357
26141,1908430
26142,1908503
26143,1908576
26144,1908649
26145,1908722
26146,1908795
26147,1908868
26148,1908941
26149,1909014
26150,1909087
26151,1909160
26152,1909233
26153,1909306
26154,1909379
26155,1909452
26156,1909525
26157,1909598
26158,1909671
26159,1909744
26160,1909817
26161,1909890
26162,1909963
26163,1910036
26164,1910109
26165,1910182
26166,1910255
26167,1910328
26168,1910401
26169,1910474
26170,1910547
26171,1910620
26172,1910693
26173,1910766
26174,1910839
26175,1910912
26176,1910985
26177,1911058
26178,1911131
26179,1911204
26180,1911277
26181,1911350
26182,1911423
26183,1911496
26184,1911569
26185,1911642
26186,1911715
26187,1911788
26188,1911861
26189,1911934
26190,1912007
26191,1912080
26192,1912153
26193,1912226
26194,1912299
26195,1912372
26196,1912445
26197,1912518
26198,1912591
26199,1912664
26200,1912737
26201,1912810
26202,1912883
26203,1912956
26204,1913029
26205,1913102
26206,1913175
26207,1913248
26208,1913321
26209,1913394
26210,1913467
26211,1913540
26212,1913613
26213,1913686
26214,1913759
26215,1913832
26216,1913905
26217,1913978
26218,1914051
26219,1914124
26220,1914197
26221,1914270
26222,1914343
26223,1914416
26224,1914489
26225,1914562
26226,1914635
26227,1914708
26228,1914781
26229,1914854
26230,1914927
26231,1915000
26232,1915073
26233,1915146
26234,1915219
26235,1915292
26236,1915365
26237,1915438
26238,1915511
26239,1915584
26240,1915657
26241,1915730
26242,1915803
26243,1915876
26244,1915949
26245,1916022
26246,1916095
26247,1916168
26248,1916241
26249,1916314
26250,1916387
26251,1916460
26252,1916533
26253,1916606
26254,1916679
26255,1916752
26256,1916825
26257,1916898
26258,1916971
26259,1917044
26260,1917117
26261,1917190
26262,1917263
26263,1917336
26264,1917409
26265,1917482
26266,1917555
26267,1917628
26268,1917701
26269,1917774
26270,1917847
26271,1917920
26272,1917993
26273,1918066
26274,1918139
26275,1918212
26276,1918285
26277,1918358
26278,1918431
26279,1918504
26280,1918577
26281,1918650
26282,1918723
26283,1918796
26284,1918869
26285,1918942
26286,1919015
26287,1919088
26288,1919161
26289,1919234
26290,1919307
26291,1919380
26292,1919453
26293,1919526
26294,1919599
26295,1919672
26296,1919745
26297,1919818
26298,1919891
26299,1919964
26300,1920037
26301,1920110
26302,1920183
26303,1920256
26304,1920329
26305,1920402
26306,1920475
26307,1920548
26308,1920621
26309,1920694
26310,1920767
26311,1920840
26312,1920913
26313,1920986
26314,1921059
26315,1921132
26316,1921205
26317,1921278
26318,1921351
26319,1921424
26320,1921497
26321,1921570
26322,1921643
26323,1921716
26324,1921789
26325,1921862
26326,1921935
26327,1922008
26328,1922081
26329,1922154
26330,1922227
26331,1922300
26332,1922373
26333,1922446
26334,1922519
26335,1922592
26336,1922665
26337,1922738
26338,1922811
26339,1922884
26340,1922957
26341,1923030
26342,1923103
26343,1923176
26344,1923249
26345,1923322
26346,1923395
26347,1923468
26348,1923541
26349,1923614
26350,1923687
26351,1923760
26352,1923833
26353,1923906
26354,1923979
26355,1924052
26356,1924125
26357,1924198
26358,1924271
26359,1924344
26360,1924417
26361,1924490
26362,1924563
26363,1924636
26364,1924709
26365,1924782
26366,1924855
26367,1924928
26368,1925001
26369,1925074
26370,1925147
26371,1925220
26372,1925293
26373,1925366
26374,1925439
26375,1925512
26376,1925585
26377,1925658
26378,1925731
26379,1925804
26380,1925877
26381,1925950
26382,1926023
26383,1926096
26384,1926169
26385,1926242
26386,1926315
26387,1926388
26388,1926461
26389,1926534
26390,1926607
26391,1926680
26392,1926753
26393,1926826
26394,1926899
26395,1926972
26396,1927045
26397,1927118
26398,1927191
26399,1927264
26400,1927337
26401,1927410
26402,1927483
26403,1927556
26404,1927629
26405,1927702
26406,1927775
26407,1927848
26408,1927921
26409,1927994
26410,1928067
26411,1928140
26412,1928213
26413,1928286
26414,1928359
26415,1928432
26416,1928505
26417,1928578
26418,1928651
26419,1928724
26420,1928797
26421,1928870
26422,1928943
26423,1929016
26424,1929089
26425,1929162
26426,1929235
26427,1929308
26428,1929381
26429,1929454
26430,1929527
26431,1929600
26432,1929673
26433,1929746
26434,1929819
26435,1929892
26436,1929965
26437,1930038
26438,1930111
26439,1930184
26440,1930257
26441,1930330
26442,1930403
26443,1930476
26444,1930549
26445,1930622
26446,1930695
26447,1930768
26448,1930841
26449,1930914
26450,1930987
26451,1931060
26452,1931133
26453,1931206
26454,1931279
26455,1931352
26456,1931425
26457,1931498
26458,1931571
26459,1931644
26460,1931717
26461,1931790
26462,1931863
26463,1931936
26464,1932009
26465,1932082
26466,1932155
26467,1932228
26468,1932301
26469,1932374
26470,1932447
26471,1932520
26472,1932593
26473,1932666
26474,1932739
26475,1932812
26476,1932885
26477,1932958
26478,1933031
26479,1933104
26480,1933177
26481,1933250
26482,1933323
26483,1933396
26484,1933469
26485,1933542
26486,1933615
26487,1933688
26488,1933761
26489,1933834
26490,1933907
26491,1933980
26492,1934053
26493,1934126
26494,1934199
26495,1934272
26496,1934345
26497,1934418
26498,1934491
26499,1934564
26500,1934637
26501,1934710
26502,1934783
26503,1934856
26504,1934929
26505,1935002
26506,1935075
26507,1935148
26508,1935221
26509,1935294
26510,1935367
26511,1935440
26512,1935513
26513,1935586
26514,1935659
26515,1935732
26516,1935805
26517,1935878
26518,1935951
26519,1936024
26520,1936097
26521,1936170
26522,1936243
26523,1936316
26524,1936389
26525,1936462
26526,1936535
26527,1936608
26528,1936681
26529,1936754
26530,1936827
26531,1936900
26532,1936973
26533,1937046
26534,1937119
26535,1937192
26536,1937265
26537,1937338
26538,1937411
26539,1937484
26540,1937557
26541,1937630
26542,1937703
26543,1937776
26544,1937849
26545,1937922
26546,1937995
26547,1938068
26548,1938141
26549,1938214
26550,1938287
26551,1938360
26552,1938433
26553,1938506
26554,1938579
26555,1938652
26556,1938725
26557,1938798
26558,1938871
26559,1938944
26560,1939017
26561,1939090
26562,1939163
26563,1939236
26564,1939309
26565,1939382
26566,1939455
26567,1939528
26568,1939601
26569,1939674
26570,1939747
26571,1939820
26572,1939893
26573,1939966
26574,1940039
26575,1940112
26576,1940185
26577,1940258
26578,1940331
26579,1940404
26580,1940477
26581,1940550
26582,1940623
26583,1940696
26584,1940769
26585,1940842
26586,1940915
26587,1940988
26588,1941061
26589,1941134
26590,1941207
26591,1941280
26592,1941353
26593,1941426
26594,1941499
26595,1941572
26596,1941645
26597,1941718
26598,1941791
26599,1941864
26600,1941937
26601,1942010
26602,1942083
26603,1942156
26604,1942229
26605,1942302
26606,1942375
26607,1942448
26608,1942521
26609,1942594
26610,1942667
26611,1942740
26612,1942813
26613,1942886
26614,1942959
26615,1943032
26616,1943105
26617,1943178
26618,1943251
26619,1943324
26620,1943397
26621,1943470
26622,1943543
26623,1943616
26624,1943689
26625,1943762
26626,1943835
26627,1943908
26628,1943981
26629,1944054
26630,1944127
26631,1944200
26632,1944273
26633,1944346
26634,1944419
26635,1944492
26636,1944565
26637,1944638
26638,1944711
26639,1944784
26640,1944857
26641,1944930
26642,1945003
26643,1945076
26644,1945149
26645,1945222
26646,1945295
26647,1945368
26648,1945441
26649,1945514
26650,1945587
26651,1945660
26652,1945733
26653,1945806
26654,1945879
26655,1945952
26656,1946025
26657,1946098
26658,1946171
26659,1946244
26660,1946317
26661,1946390
26662,1946463
26663,1946536
26664,1946609
26665,1946682
26666,1946755
26667,1946828
26668,1946901
26669,1946974
26670,1947047
26671,1947120
26672,1947193
26673,1947266
26674,1947339
26675,1947412
26676,1947485
26677,1947558
26678,1947631
26679,1947704
26680,1947777
26681,1947850
26682,1947923
26683,1947996
26684,1948069
26685,1948142
26686,1948215
26687,1948288
26688,1948361
26689,1948434
26690,1948507
26691,1948580
26692,1948653
26693,1948726
26694,1948799
26695,1948872
26696,1948945
26697,1949018
26698,1949091
26699,1949164
26700,1949237
26701,1949310
26702,1949383
26703,1949456
26704,1949529
26705,1949602
26706,1949675
26707,1949748
26708,1949821
26709,1949894
26710,1949967
26711,1950040
26712,1950113
26713,1950186
26714,1950259
26715,1950332
26716,1950405
26717,1950478
26718,1950551
26719,1950624
26720,1950697
26721,1950770
26722,1950843
26723,1950916
26724,1950989
26725,1951062
26726,1951135
26727,1951208
26728,1951281
26729,1951354
26730,1951427
26731,1951500
26732,1951573
26733,1951646
26734,1951719
26735,1951792
26736,1951865
26737,1951938
26738,1952011
26739,1952084
26740,1952157
26741,1952230
26742,1952303
26743,1952376
26744,1952449
26745,1952522
26746,1952595
26747,1952668
26748,1952741
26749,1952814
26750,1952887
26751,1952960
26752,1953033
26753,1953106
26754,1953179
26755,1953252
26756,1953325
26757,1953398
26758,1953471
26759,1953544
26760,1953617
26761,1953690
26762,1953763
26763,1953836
26764,1953909
26765,1953982
26766,1954055
26767,1954128
26768,1954201
26769,1954274
26770,1954347
26771,1954420
26772,1954493
26773,1954566
26774,1954639
26775,1954712
26776,1954785
26777,1954858
26778,1954931
26779,1955004
26780,1955077
26781,1955150
26782,1955223
26783,1955296
26784,1955369
26785,1955442
26786,1955515
26787,1955588
26788,1955661
26789,1955734
26790,1955807
26791,1955880
26792,1955953
26793,1956026
26794,1956099
26795,1956172
26796,1956245
26797,1956318
26798,1956391
26799,1956464
26800,1956537
26801,1956610
26802,1956683
26803,1956756
26804,1956829
26805,1956902
26806,1956975
26807,1957048
26808,1957121
26809,1957194
26810,1957267
26811,1957340
26812,1957413
26813,1957486
26814,1957559
26815,1957632
26816,1957705
26817,1957778
26818,1957851
26819,1957924
26820,1957997
26821,1958070
26822,1958143
26823,1958216
26824,1958289
26825,1958362
26826,1958435
26827,1958508
26828,1958581
26829,1958654
26830,1958727
26831,1958800
26832,1958873
26833,1958946
26834,1959019
26835,1959092
26836,1959165
26837,1959238
26838,1959311
26839,1959384
26840,1959457
26841,1959530
26842,1959603
26843,1959676
26844,1959749
26845,1959822
26846,1959895
26847,1959968
26848,1960041
26849,1960114
26850,1960187
26851,1960260
26852,1960333
26853,1960406
26854,1960479
26855,1960552
26856,1960625
26857,1960698
26858,1960771
26859,1960844
26860,1960917
26861,1960990
26862,1961063
26863,1961136
26864,1961209
26865,1961282
26866,1961355
26867,1961428
26868,1961501
26869,1961574
26870,1961647
26871,1961720
26872,1961793
26873,1961866
26874,1961939
26875,1962012
26876,1962085
26877,1962158
26878,1962231
26879,1962304
26880,1962377
26881,1962450
26882,1962523
26883,1962596
26884,1962669
26885,1962742
26886,1962815
26887,1962888
26888,1962961
26889,1963034
26890,1963107
26891,1963180
26892,1963253
26893,1963326
26894,1963399
26895,1963472
26896,1963545
26897,1963618
26898,1963691
26899,1963764
26900,1963837
26901,1963910
26902,1963983
26903,1964056
26904,1964129
26905,1964202
26906,1964275
26907,1964348
26908,1964421
26909,1964494
26910,1964567
26911,1964640
26912,1964713
26913,1964786
26914,1964859
26915,1964932
26916,1965005
26917,1965078
26918,1965151
26919,1965224
26920,1965297
26921,1965370
26922,1965443
26923,1965516
26924,1965589
26925,1965662
26926,1965735
26927,1965808
26928,1965881
26929,1965954
26930,1966027
26931,1966100
26932,1966173
26933,1966246
26934,1966319
26935,1966392
26936,1966465
26937,1966538
26938,1966611
26939,1966684
26940,1966757
26941,1966830
26942,1966903
26943,1966976
26944,1967049
26945,1967122
26946,1967195
26947,1967268
26948,1967341
26949,1967414
26950,1967487
26951,1967560
26952,1967633
26953,1967706
26954,1967779
26955,1967852
26956,1967925
26957,1967998
26958,1968071
26959,1968144
26960,1968217
26961,1968290
26962,1968363
26963,1968436
26964,1968509
26965,1968582
26966,1968655
26967,1968728
26968,1968801
26969,1968874
26970,1968947
26971,1969020
26972,1969093
26973,1969166
26974,1969239
26975,1969312
26976,1969385
26977,1969458
26978,1969531
26979,1969604
26980,1969677
26981,1969750
26982,1969823
26983,1969896
26984,1969969
26985,1970042
26986,1970115
26987,1970188
26988,1970261
26989,1970334
26990,1970407
26991,1970480
26992,1970553
26993,1970626
26994,1970699
26995,1970772
26996,1970845
26997,1970918
26998,1970991
26999,1971064
27000,1971137
27001,1971210
27002,1971283
27003,1971356
27004,1971429
27005,1971502
27006,1971575
27007,1971648
27008,1971721
27009,1971794
27010,1971867
27011,1971940
27012,1972013
27013,1972086
27014,1972159
27015,1972232
27016,1972305
27017,1972378
27018,1972451
27019,1972524
27020,1972597
27021,1972670
27022,1972743
27023,1972816
27024,1972889
27025,1972962
27026,1973035
27027,1973108
27028,1973181
27029,1973254
27030,1973327
27031,1973400
27032,1973473
27033,1973546
27034,1973619
27035,1973692
27036,1973765
27037,1973838
27038,1973911
27039,1973984
27040,1974057
27041,1974130
27042,1974203
27043,1974276
27044,1974349
27045,1974422
27046,1974495
27047,1974568
27048,1974641
27049,1974714
27050,1974787
27051,1974860
27052,1974933
27053,1975006
27054,1975079
27055,1975152
27056,1975225
27057,1975298
27058,1975371
27059,1975444
27060,1975517
27061,1975590
27062,1975663
27063,1975736
27064,1975809
27065,1975882
27066,1975955
27067,1976028
27068,1976101
27069,1976174
27070,1976247
27071,1976320
27072,1976393
27073,1976466
27074,1976539
27075,1976612
27076,1976685
27077,1976758
27078,1976831
27079,1976904
27080,1976977
27081,1977050
27082,1977123
27083,1977196
27084,1977269
27085,1977342
27086,1977415
27087,1977488
27088,1977561
27089,1977634
27090,1977707
27091,1977780
27092,1977853
27093,1977926
27094,1977999
27095,1978072
27096,1978145
27097,1978218
27098,1978291
27099,1978364
27100,1978437
27101,1978510
27102,1978583
27103,1978656
27104,1978729
27105,1978802
27106,1978875
27107,1978948
27108,1979021
27109,1979094
27110,1979167
27111,1979240
27112,1979313
27113,1979386
27114,1979459
27115,1979532
27116,1979605
27117,1979678
27118,1979751
27119,1979824
27120,1979897
27121,1979970
27122,1980043
27123,1980116
27124,1980189
27125,1980262
27126,1980335
27127,1980408
27128,1980481
27129,1980554
27130,1980627
27131,1980700
27132,1980773
27133,1980846
27134,1980919
27135,1980992
27136,1981065
27137,1981138
27138,1981211
27139,1981284
27140,1981357
27141,1981430
27142,1981503
27143,1981576
27144,1981649
27145,1981722
27146,1981795
27147,1981868
27148,1981941
27149,1982014
27150,1982087
27151,1982160
27152,1982233
27153,1982306
27154,1982379
27155,1982452
27156,1982525
27157,1982598
27158,1982671
27159,1982744
27160,1982817
27161,1982890
27162,1982963
27163,1983036
27164,1983109
27165,1983182
27166,1983255
27167,1983328
27168,1983401
27169,1983474
27170,1983547
27171,1983620
27172,1983693
27173,1983766
27174,1983839
27175,1983912
27176,1983985
27177,1984058
27178,1984131
27179,1984204
27180,1984277
27181,1984350
27182,1984423
27183,1984496
27184,1984569
27185,1984642
27186,1984715
27187,1984788
27188,1984861
27189,1984934
27190,1985007
27191,1985080
27192,1985153
27193,1985226
27194,1985299
27195,1985372
27196,1985445
27197,1985518
27198,1985591
27199,1985664
27200,1985737
27201,1985810
27202,1985883
27203,1985956
27204,1986029
27205,1986102
27206,1986175
27207,1986248
27208,1986321
27209,1986394
27210,1986467
27211,1986540
27212,1986613
27213,1986686
27214,1986759
27215,1986832
27216,1986905
27217,1986978
27218,1987051
27219,1987124
27220,1987197
27221,1987270
27222,1987343
27223,1987416
27224,1987489
27225,1987562
27226,1987635
27227,1987708
27228,1987781
27229,1987854
27230,1987927
27231,1988000
27232,1988073
27233,1988146
27234,1988219
27235,1988292
27236,1988365
27237,1988438
27238,1988511
27239,1988584
27240,1988657
27241,1988730
27242,1988803
27243,1988876
27244,1988949
27245,1989022
27246,1989095
27247,1989168
27248,1989241
27249,1989314
27250,1989387
27251,1989460
27252,1989533
27253,1989606
27254,1989679
27255,1989752
27256,1989825
27257,1989898
27258,1989971
27259,1990044
27260,1990117
27261,1990190
27262,1990263
27263,1990336
27264,1990409
27265,1990482
27266,1990555
27267,1990628
27268,1990701
27269,1990774
27270,1990847
27271,1990920
27272,1990993
27273,1991066
27274,1991139
27275,1991212
27276,1991285
27277,1991358
27278,1991431
27279,1991504
27280,1991577
27281,1991650
27282,1991723
27283,1991796
27284,1991869
27285,1991942
27286,1992015
27287,1992088
27288,1992161
27289,1992234
27290,1992307
27291,1992380
27292,1992453
27293,1992526
27294,1992599
27295,1992672
27296,1992745
27297,1992818
27298,1992891
27299,1992964
27300,1993037
27301,1993110
27302,1993183
27303,1993256
27304,1993329
27305,1993402
27306,1993475
27307,1993548
27308,1993621
27309,1993694
27310,1993767
27311,1993840
27312,1993913
27313,1993986
27314,1994059
27315,1994132
27316,1994205
27317,1994278
27318,1994351
27319,1994424
27320,1994497
27321,1994570
27322,1994643
27323,1994716
27324,1994789
27325,1994862
27326,1994935
27327,1995008
27328,1995081
27329,1995154
27330,1995227
27331,1995300
27332,1995373
27333,1995446
27334,1995519
27335,1995592
27336,1995665
27337,1995738
27338,1995811
27339,1995884
27340,1995957
27341,1996030
27342,1996103
27343,1996176
27344,1996249
27345,1996322
27346,1996395
27347,1996468
27348,1996541
27349,1996614
27350,1996687
27351,1996760
27352,1996833
27353,1996906
27354,1996979
27355,1997052
27356,1997125
27357,1997198
27358,1997271
27359,1997344
27360,1997417
27361,1997490
27362,1997563
27363,1997636
27364,1997709
27365,1997782
27366,1997855
27367,1997928
27368,1998001
27369,1998074
27370,1998147
27371,1998220
27372,1998293
27373,1998366
27374,1998439
27375,1998512
27376,1998585
27377,1998658
27378,1998731
27379,1998804
27380,1998877
27381,1998950
27382,1999023
27383,1999096
27384,1999169
27385,1999242
27386,1999315
27387,1999388
27388,1999461
27389,1999534
27390,1999607
27391,1999680
27392,1999753
27393,1999826
27394,1999899
27395,1999972
27396,2000045
27397,2000118
27398,2000191
27399,2000264
27400,2000337
27401,2000410
27402,2000483
27403,2000556
27404,2000629
27405,2000702
27406,2000775
27407,2000848
27408,2000921
27409,2000994
27410,2001067
27411,2001140
27412,2001213
27413,2001286
27414,2001359
27415,2001432
27416,2001505
27417,2001578
27418,2001651
27419,2001724
27420,2001797
27421,2001870
27422,2001943
27423,2002016
27424,2002089
27425,2002162
27426,2002235
27427,2002308
27428,2002381
27429,2002454
27430,2002527
27431,2002600
27432,2002673
27433,2002746
27434,2002819
27435,2002892
27436,2002965
27437,2003038
27438,2003111
27439,2003184
27440,2003257
27441,2003330
27442,2003403
27443,2003476
27444,2003549
27445,2003622
27446,2003695
27447,2003768
27448,2003841
27449,2003914
27450,2003987
27451,2004060
27452,2004133
27453,2004206
27454,2004279
27455,2004352
27456,2004425
27457,2004498
27458,2004571
27459,2004644
27460,2004717
27461,2004790
27462,2004863
27463,2004936
27464,2005009
27465,2005082
27466,2005155
27467,2005228
27468,2005301
27469,2005374
27470,2005447
27471,2005520
27472,2005593
27473,2005666
27474,2005739
27475,2005812
27476,2005885
27477,2005958
27478,2006031
27479,2006104
27480,2006177
27481,2006250
27482,2006323
27483,2006396
27484,2006469
27485,2006542
27486,2006615
27487,2006688
27488,2006761
27489,2006834
27490,2006907
27491,2006980
27492,2007053
27493,2007126
27494,2007199
27495,2007272
27496,2007345
27497,2007418
27498,2007491
27499,2007564
27500,2007637
27501,2007710
27502,2007783
27503,2007856
27504,2007929
27505,2008002
27506,2008075
27507,2008148
27508,2008221
27509,2008294
27510,2008367
27511,2008440
27512,2008513
27513,2008586
27514,2008659
27515,2008732
27516,2008805
27517,2008878
27518,2008951
27519,2009024
27520,2009097
27521,2009170
27522,2009243
27523,2009316
27524,2009389
27525,2009462
27526,2009535
27527,2009608
27528,2009681
27529,2009754
27530,2009827
27531,2009900
27532,2009973
27533,2010046
27534,2010119
27535,2010192
27536,2010265
27537,2010338
27538,2010411
27539,2010484
27540,2010557
27541,2010630
27542,2010703
27543,2010776
27544,2010849
27545,2010922
27546,2010995
27547,2011068
27548,2011141
27549,2011214
27550,2011287
27551,2011360
27552,2011433
27553,2011506
27554,2011579
27555,2011652
27556,2011725
27557,2011798
27558,2011871
27559,2011944
27560,2012017
27561,2012090
27562,2012163
27563,2012236
27564,2012309
27565,2012382
27566,2012455
27567,2012528
27568,2012601
27569,2012674
27570,2012747
27571,2012820
27572,2012893
27573,2012966
27574,2013039
27575,2013112
27576,2013185
27577,2013258
27578,2013331
27579,2013404
27580,2013477
27581,2013550
27582,2013623
27583,2013696
27584,2013769
27585,2013842
27586,2013915
27587,2013988
27588,2014061
27589,2014134
27590,2014207
27591,2014280
27592,2014353
27593,2014426
27594,2014499
27595,2014572
27596,2014645
27597,2014718
27598,2014791
27599,2014864
27600,2014937
27601,2015010
27602,2015083
27603,2015156
27604,2015229
27605,2015302
27606,2015375
27607,2015448
27608,2015521
27609,2015594
27610,2015667
27611,2015740
27612,2015813
27613,2015886
27614,2015959
27615,2016032
27616,2016105
27617,2016178
27618,2016251
27619,2016324
27620,2016397
27621,2016470
27622,2016543
27623,2016616
27624,2016689
27625,2016762
27626,2016835
27627,2016908
27628,2016981
27629,2017054
27630,2017127
27631,2017200
27632,2017273
27633,2017346
27634,2017419
27635,2017492
27636,2017565
27637,2017638
27638,2017711
27639,2017784
27640,2017857
27641,2017930
27642,2018003
27643,2018076
27644,2018149
27645,2018222
27646,2018295
27647,2018368
27648,2018441
27649,2018514
27650,2018587
27651,2018660
27652,2018733
27653,2018806
27654,2018879
27655,2018952
27656,2019025
27657,2019098
27658,2019171
27659,2019244
27660,2019317
27661,2019390
27662,2019463
27663,2019536
27664,2019609
27665,2019682
27666,2019755
27667,2019828
27668,2019901
27669,2019974
27670,2020047
27671,2020120
27672,2020193
27673,2020266
27674,2020339
27675,2020412
27676,2020485
27677,2020558
27678,2020631
27679,2020704
27680,2020777
27681,2020850
27682,2020923
27683,2020996
27684,2021069
27685,2021142
27686,2021215
27687,2021288
27688,2021361
27689,2021434
27690,2021507
27691,2021580
27692,2021653
27693,2021726
27694,2021799
27695,2021872
27696,2021945
27697,2022018
27698,2022091
27699,2022164
27700,2022237
27701,2022310
27702,2022383
27703,2022456
27704,2022529
27705,2022602
27706,2022675
27707,2022748
27708,2022821
27709,2022894
27710,2022967
27711,2023040
27712,2023113
27713,2023186
27714,2023259
27715,2023332
27716,2023405
27717,2023478
27718,2023551
27719,2023624
27720,2023697
27721,2023770
27722,2023843
27723,2023916
27724,2023989
27725,2024062
27726,2024135
27727,2024208
27728,2024281
27729,2024354
27730,2024427
27731,2024500
27732,2024573
27733,2024646
27734,2024719
27735,2024792
27736,2024865
27737,2024938
27738,2025011
27739,2025084
27740,2025157
27741,2025230
27742,2025303
27743,2025376
27744,2025449
27745,2025522
27746,2025595
27747,2025668
27748,2025741
27749,2025814
27750,2025887
27751,2025960
27752,2026033
27753,2026106
27754,2026179
27755,2026252
27756,2026325
27757,2026398
27758,2026471
27759,2026544
27760,2026617
27761,2026690
27762,2026763
27763,2026836
27764,2026909
27765,2026982
27766,2027055
27767,2027128
27768,2027201
27769,2027274
27770,2027347
27771,2027420
27772,2027493
27773,2027566
27774,2027639
27775,2027712
27776,2027785
27777,2027858
27778,2027931
27779,2028004
27780,2028077
27781,2028150
27782,2028223
27783,2028296
27784,2028369
27785,2028442
27786,2028515
27787,2028588
27788,2028661
27789,2028734
27790,2028807
27791,2028880
27792,2028953
27793,2029026
27794,2029099
27795,2029172
27796,2029245
27797,2029318
27798,2029391
27799,2029464
27800,2029537
27801,2029610
27802,2029683
27803,2029756
27804,2029829
27805,2029902
27806,2029975
27807,2030048
27808,2030121
27809,2030194
27810,2030267
27811,2030340
27812,2030413
27813,2030486
27814,2030559
27815,2030632
27816,2030705
27817,2030778
27818,2030851
27819,2030924
27820,2030997
27821,2031070
27822,2031143
27823,2031216
27824,2031289
27825,2031362
27826,2031435
27827,2031508
27828,2031581
27829,2031654
27830,2031727
27831,2031800
27832,2031873
27833,2031946
27834,2032019
27835,2032092
27836,2032165
27837,2032238
27838,2032311
27839,2032384
27840,2032457
27841,2032530
27842,2032603
27843,2032676
27844,2032749
27845,2032822
27846,2032895
27847,2032968
27848,2033041
27849,2033114
27850,2033187
27851,2033260
27852,2033333
27853,2033406
27854,2033479
27855,2033552
27856,2033625
27857,2033698
27858,2033771
27859,2033844
27860,2033917
27861,2033990
27862,2034063
27863,2034136
27864,2034209
27865,2034282
27866,2034355
27867,2034428
27868,2034501
27869,2034574
27870,2034647
27871,2034720
27872,2034793
27873,2034866
27874,2034939
27875,2035012
27876,2035085
27877,2035158
27878,2035231
27879,2035304
27880,2035377
27881,2035450
27882,2035523
27883,2035596
27884,2035669
27885,2035742
27886,2035815
27887,2035888
27888,2035961
27889,2036034
27890,2036107
27891,2036180
27892,2036253
27893,2036326
27894,2036399
27895,2036472
27896,2036545
27897,2036618
27898,2036691
27899,2036764
27900,2036837
27901,2036910
27902,2036983
27903,2037056
27904,2037129
27905,2037202
27906,2037275
27907,2037348
27908,2037421
27909,2037494
27910,2037567
27911,2037640
27912,2037713
27913,2037786
27914,2037859
27915,2037932
27916,2038005
27917,2038078
27918,2038151
27919,2038224
27920,2038297
27921,2038370
27922,2038443
27923,2038516
27924,2038589
27925,2038662
27926,2038735
27927,2038808
27928,2038881
27929,2038954
27930,2039027
27931,2039100
27932,2039173
27933,2039246
27934,2039319
27935,2039392
27936,2039465
27937,2039538
27938,2039611
27939,2039684
27940,2039757
27941,2039830
27942,2039903
27943,2039976
27944,2040049
27945,2040122
27946,2040195
27947,2040268
27948,2040341
27949,2040414
27950,2040487
27951,2040560
27952,2040633
27953,2040706
27954,2040779
27955,2040852
27956,2040925
27957,2040998
27958,2041071
27959,2041144
27960,2041217
27961,2041290
27962,2041363
27963,2041436
27964,2041509
27965,2041582
27966,2041655
27967,2041728
27968,2041801
27969,2041874
27970,2041947
27971,2042020
27972,2042093
27973,2042166
27974,2042239
27975,2042312
27976,2042385
27977,2042458
27978,2042531
27979,2042604
27980,2042677
27981,2042750
27982,2042823
27983,2042896
27984,2042969
27985,2043042
27986,2043115
27987,2043188
27988,2043261
27989,2043334
27990,2043407
27991,2043480
27992,2043553
27993,2043626
27994,2043699
27995,2043772
27996,2043845
27997,2043918
27998,2043991
27999,2044064
28000,2044137
28001,2044210
28002,2044283
28003,2044356
28004,2044429
28005,2044502
28006,2044575
28007,2044648
28008,2044721
28009,2044794
28010,2044867
28011,2044940
28012,2045013
28013,2045086
28014,2045159
28015,2045232
28016,2045305
28017,2045378
28018,2045451
28019,2045524
28020,2045597
28021,2045670
28022,2045743
28023,2045816
28024,2045889
28025,2045962
28026,2046035
28027,2046108
28028,2046181
28029,2046254
28030,2046327
28031,2046400
28032,2046473
28033,2046546
28034,2046619
28035,2046692
28036,2046765
28037,2046838
28038,2046911
28039,2046984
28040,2047057
28041,2047130
28042,2047203
28043,2047276
28044,2047349
28045,2047422
28046,2047495
28047,2047568
28048,2047641
28049,2047714
28050,2047787
28051,2047860
28052,2047933
28053,2048006
28054,2048079
28055,2048152
28056,2048225
28057,2048298
28058,2048371
28059,2048444
28060,2048517
28061,2048590
28062,2048663
28063,2048736
28064,2048809
28065,2048882
28066,2048955
28067,2049028
28068,2049101
28069,2049174
28070,2049247
28071,2049320
28072,2049393
28073,2049466
28074,2049539
28075,2049612
28076,2049685
28077,2049758
28078,2049831
28079,2049904
28080,2049977
28081,2050050
28082,2050123
28083,2050196
28084,2050269
28085,2050342
28086,2050415
28087,2050488
28088,2050561
28089,2050634
28090,2050707
28091,2050780
28092,2050853
28093,2050926
28094,2050999
28095,2051072
28096,2051145
28097,2051218
28098,2051291
28099,2051364
28100,2051437
28101,2051510
28102,2051583
28103,2051656
28104,2051729
28105,2051802
28106,2051875
28107,2051948
28108,2052021
28109,2052094
28110,2052167
28111,2052240
28112,2052313
28113,2052386
28114,2052459
28115,2052532
28116,2052605
28117,2052678
28118,2052751
28119,2052824
28120,2052897
28121,2052970
28122,2053043
28123,2053116
28124,2053189
28125,2053262
28126,2053335
28127,2053408
28128,2053481
28129,2053554
28130,2053627
28131,2053700
28132,2053773
28133,2053846
28134,2053919
28135,2053992
28136,2054065
28137,2054138
28138,2054211
28139,2054284
28140,2054357
28141,2054430
28142,2054503
28143,2054576
28144,2054649
28145,2054722
28146,2054795
28147,2054868
28148,2054941
28149,2055014
28150,2055087
28151,2055160
28152,2055233
28153,2055306
28154,2055379
28155,2055452
28156,2055525
28157,2055598
28158,2055671
28159,2055744
28160,2055817
28161,2055890
28162,2055963
28163,2056036
28164,2056109
28165,2056182
28166,2056255
28167,2056328
28168,2056401
28169,2056474
28170,2056547
28171,2056620
28172,2056693
28173,2056766
28174,2056839
28175,2056912
28176,2056985
28177,2057058
28178,2057131
28179,2057204
28180,2057277
28181,2057350
28182,2057423
28183,2057496
28184,2057569
28185,2057642
28186,2057715
28187,2057788
28188,2057861
28189,2057934
28190,2058007
28191,2058080
28192,2058153
28193,2058226
28194,2058299
28195,2058372
28196,2058445
28197,2058518
28198,2058591
28199,2058664
28200,2058737
28201,2058810
28202,2058883
28203,2058956
28204,2059029
28205,2059102
28206,2059175
28207,2059248
28208,2059321
28209,2059394
28210,2059467
28211,2059540
28212,2059613
28213,2059686
28214,2059759
28215,2059832
28216,2059905
28217,2059978
28218,2060051
28219,2060124
28220,2060197
28221,2060270
28222,2060343
28223,2060416
28224,2060489
28225,2060562
28226,2060635
28227,2060708
28228,2060781
28229,2060854
28230,2060927
28231,2061000
28232,2061073
28233,2061146
28234,2061219
28235,2061292
28236,2061365
28237,2061438
28238,2061511
28239,2061584
28240,2061657
28241,2061730
28242,2061803
28243,2061876
28244,2061949
28245,2062022
28246,2062095
28247,2062168
28248,2062241
28249,2062314
28250,2062387
28251,2062460
28252,2062533
28253,2062606
28254,2062679
28255,2062752
28256,2062825
28257,2062898
28258,2062971
28259,2063044
28260,2063117
28261,2063190
28262,2063263
28263,2063336
28264,2063409
28265,2063482
28266,2063555
28267,2063628
28268,2063701
28269,2063774
28270,2063847
28271,2063920
28272,2063993
28273,2064066
28274,2064139
28275,2064212
28276,2064285
28277,2064358
28278,2064431
28279,2064504
28280,2064577
28281,2064650
28282,2064723
28283,2064796
28284,2064869
28285,2064942
28286,2065015
28287,2065088
28288,2065161
28289,2065234
28290,2065307
28291,2065380
28292,2065453
28293,2065526
28294,2065599
28295,2065672
28296,2065745
28297,2065818
28298,2065891
28299,2065964
28300,2066037
28301,2066110
28302,2066183
28303,2066256
28304,2066329
28305,2066402
28306,2066475
28307,2066548
28308,2066621
28309,2066694
28310,2066767
28311,2066840
28312,2066913
28313,2066986
28314,2067059
28315,2067132
28316,2067205
28317,2067278
28318,2067351
28319,2067424
28320,2067497
28321,2067570
28322,2067643
28323,2067716
28324,2067789
28325,2067862
28326,2067935
28327,2068008
28328,2068081
28329,2068154
28330,2068227
28331,2068300
28332,2068373
28333,2068446
28334,2068519
28335,2068592
28336,2068665
28337,2068738
28338,2068811
28339,2068884
28340,2068957
28341,2069030
28342,2069103
28343,2069176
28344,2069249
28345,2069322
28346,2069395
28347,2069468
28348,2069541
28349,2069614
28350,2069687
28351,2069760
28352,2069833
28353,2069906
28354,2069979
28355,2070052
28356,2070125
28357,2070198
28358,2070271
28359,2070344
28360,2070417
28361,2070490
28362,2070563
28363,2070636
28364,2070709
28365,2070782
28366,2070855
28367,2070928
28368,2071001
28369,2071074
28370,2071147
28371,2071220
28372,2071293
28373,2071366
28374,2071439
28375,2071512
28376,2071585
28377,2071658
28378,2071731
28379,2071804
28380,2071877
28381,2071950
28382,2072023
28383,2072096
28384,2072169
28385,2072242
28386,2072315
28387,2072388
28388,2072461
28389,2072534
28390,2072607
28391,2072680
28392,2072753
28393,2072826
28394,2072899
28395,2072972
28396,2073045
28397,2073118
28398,2073191
28399,2073264
28400,2073337
28401,2073410
28402,2073483
28403,2073556
28404,2073629
28405,2073702
28406,2073775
28407,2073848
28408,2073921
28409,2073994
28410,2074067
28411,2074140
28412,2074213
28413,2074286
28414,2074359
28415,2074432
28416,2074505
28417,2074578
28418,2074651
28419,2074724
28420,2074797
28421,2074870
28422,2074943
28423,2075016
28424,2075089
28425,2075162
28426,2075235
28427,2075308
28428,2075381
28429,2075454
28430,2075527
28431,2075600
28432,2075673
28433,2075746
28434,2075819
28435,2075892
28436,2075965
28437,2076038
28438,2076111
28439,2076184
28440,2076257
28441,2076330
28442,2076403
28443,2076476
28444,2076549
28445,2076622
28446,2076695
28447,2076768
28448,2076841
28449,2076914
28450,2076987
28451,2077060
28452,2077133
28453,2077206
28454,2077279
28455,2077352
28456,2077425
28457,2077498
28458,2077571
28459,2077644
28460,2077717
28461,2077790
28462,2077863
28463,2077936
28464,2078009
28465,2078082
28466,2078155
28467,2078228
28468,2078301
28469,2078374
28470,2078447
28471,2078520
28472,2078593
28473,2078666
28474,2078739
28475,2078812
28476,2078885
28477,2078958
28478,2079031
28479,2079104
28480,2079177
28481,2079250
28482,2079323
28483,2079396
28484,2079469
28485,2079542
28486,2079615
28487,2079688
28488,2079761
28489,2079834
28490,2079907
28491,2079980
28492,2080053
28493,2080126
28494,2080199
28495,2080272
28496,2080345
28497,2080418
28498,2080491
28499,2080564
28500,2080637
28501,2080710
28502,2080783
28503,2080856
28504,2080929
28505,2081002
28506,2081075
28507,2081148
28508,2081221
28509,2081294
28510,2081367
28511,2081440
28512,2081513
28513,2081586
28514,2081659
28515,2081732
28516,2081805
28517,2081878
28518,2081951
28519,2082024
28520,2082097
28521,2082170
28522,2082243
28523,2082316
28524,2082389
28525,2082462
28526,2082535
28527,2082608
28528,2082681
28529,2082754
28530,2082827
28531,2082900
28532,2082973
28533,2083046
28534,2083119
28535,2083192
28536,2083265
28537,2083338
28538,2083411
28539,2083484
28540,2083557
28541,2083630
28542,2083703
28543,2083776
28544,2083849
28545,2083922
28546,2083995
28547,2084068
28548,2084141
28549,2084214
28550,2084287
28551,2084360
28552,2084433
28553,2084506
28554,2084579
28555,2084652
28556,2084725
28557,2084798
28558,2084871
28559,2084944
28560,2085017
28561,2085090
28562,2085163
28563,2085236
28564,2085309
28565,2085382
28566,2085455
28567,2085528
28568,2085601
28569,2085674
28570,2085747
28571,2085820
28572,2085893
28573,2085966
28574,2086039
28575,2086112
28576,2086185
28577,2086258
28578,2086331
28579,2086404
28580,2086477
28581,2086550
28582,2086623
28583,2086696
28584,2086769
28585,2086842
28586,2086915
28587,2086988
28588,2087061
28589,2087134
28590,2087207
28591,2087280
28592,2087353
28593,2087426
28594,2087499
28595,2087572
28596,2087645
28597,2087718
28598,2087791
28599,2087864
28600,2087937
28601,2088010
28602,2088083
28603,2088156
28604,2088229
28605,2088302
28606,2088375
28607,2088448
28608,2088521
28609,2088594
28610,2088667
28611,2088740
28612,2088813
28613,2088886
28614,2088959
28615,2089032
28616,2089105
28617,2089178
28618,2089251
28619,2089324
28620,2089397
28621,2089470
28622,2089543
28623,2089616
28624,2089689
28625,2089762
28626,2089835
28627,2089908
28628,2089981
28629,2090054
28630,2090127
28631,2090200
28632,2090273
28633,2090346
28634,2090419
28635,2090492
28636,2090565
28637,2090638
28638,2090711
28639,2090784
28640,2090857
28641,2090930
28642,2091003
28643,2091076
28644,2091149
28645,2091222
28646,2091295
28647,2091368
28648,2091441
28649,2091514
28650,2091587
28651,2091660
28652,2091733
28653,2091806
28654,2091879
28655,2091952
28656,2092025
28657,2092098
28658,2092171
28659,2092244
28660,2092317
28661,2092390
28662,2092463
28663,2092536
28664,2092609
28665,2092682
28666,2092755
28667,2092828
28668,2092901
28669,2092974
28670,2093047
28671,2093120
28672,2093193
28673,2093266
28674,2093339
28675,2093412
28676,2093485
28677,2093558
28678,2093631
28679,2093704
28680,2093777
28681,2093850
28682,2093923
28683,2093996
28684,2094069
28685,2094142
28686,2094215
28687,2094288
28688,2094361
28689,2094434
28690,2094507
28691,2094580
28692,2094653
28693,2094726
28694,2094799
28695,2094872
28696,2094945
28697,2095018
28698,2095091
28699,2095164
28700,2095237
28701,2095310
28702,2095383
28703,2095456
28704,2095529
28705,2095602
28706,2095675
28707,2095748
28708,2095821
28709,2095894
28710,2095967
28711,2096040
28712,2096113
28713,2096186
28714,2096259
28715,2096332
28716,2096405
28717,2096478
28718,2096551
28719,2096624
28720,2096697
28721,2096770
28722,2096843
28723,2096916
28724,2096989
28725,2097062
28726,2097135
28727,2097208
28728,2097281
28729,2097354
28730,2097427
28731,2097500
28732,2097573
28733,2097646
28734,2097719
28735,2097792
28736,2097865
28737,2097938
28738,2098011
28739,2098084
28740,2098157
28741,2098230
28742,2098303
28743,2098376
28744,2098449
28745,2098522
28746,2098595
28747,2098668
28748,2098741
28749,2098814
28750,2098887
28751,2098960
28752,2099033
28753,2099106
28754,2099179
28755,2099252
28756,2099325
28757,2099398
28758,2099471
28759,2099544
28760,2099617
28761,2099690
28762,2099763
28763,2099836
28764,2099909
28765,2099982
28766,2100055
28767,2100128
28768,2100201
28769,2100274
28770,2100347
28771,2100420
28772,2100493
28773,2100566
28774,2100639
28775,2100712
28776,2100785
28777,2100858
28778,2100931
28779,2101004
28780,2101077
28781,2101150
28782,2101223
28783,2101296
28784,2101369
28785,2101442
28786,2101515
28787,2101588
28788,2101661
28789,2101734
28790,2101807
28791,2101880
28792,2101953
28793,2102026
28794,2102099
28795,2102172
28796,2102245
28797,2102318
28798,2102391
28799,2102464
28800,2102537
28801,2102610
28802,2102683
28803,2102756
28804,2102829
28805,2102902
28806,2102975
28807,2103048
28808,2103121
28809,2103194
28810,2103267
28811,2103340
28812,2103413
28813,2103486
28814,2103559
28815,2103632
28816,2103705
28817,2103778
28818,2103851
28819,2103924
28820,2103997
28821,2104070
28822,2104143
28823,2104216
28824,2104289
28825,2104362
28826,2104435
28827,2104508
28828,2104581
28829,2104654
28830,2104727
28831,2104800
28832,2104873
28833,2104946
28834,2105019
28835,2105092
28836,2105165
28837,2105238
28838,2105311
28839,2105384
28840,2105457
28841,2105530
28842,2105603
28843,2105676
28844,2105749
28845,2105822
28846,2105895
28847,2105968
28848,2106041
28849,2106114
28850,2106187
28851,2106260
28852,2106333
28853,2106406
28854,2106479
28855,2106552
28856,2106625
28857,2106698
28858,2106771
28859,2106844
28860,2106917
28861,2106990
28862,2107063
28863,2107136
28864,2107209
28865,2107282
28866,2107355
28867,2107428
28868,2107501
28869,2107574
28870,2107647
28871,2107720
28872,2107793
28873,2107866
28874,2107939
28875,2108012
28876,2108085
28877,2108158
28878,2108231
28879,2108304
28880,2108377
28881,2108450
28882,2108523
28883,2108596
28884,2108669
28885,2108742
28886,2108815
28887,2108888
28888,2108961
28889,2109034
28890,2109107
28891,2109180
28892,2109253
28893,2109326
28894,2109399
28895,2109472
28896,2109545
28897,2109618
28898,2109691
28899,2109764
28900,2109837
28901,2109910
28902,2109983
28903,2110056
28904,2110129
28905,2110202
28906,2110275
28907,2110348
28908,2110421
28909,2110494
28910,2110567
28911,2110640
28912,2110713
28913,2110786
28914,2110859
28915,2110932
28916,2111005
28917,2111078
28918,2111151
28919,2111224
28920,2111297
28921,2111370
28922,2111443
28923,2111516
28924,2111589
28925,2111662
28926,2111735
28927,2111808
28928,2111881
28929,2111954
28930,2112027
28931,2112100
28932,2112173
28933,2112246
28934,2112319
28935,2112392
28936,2112465
28937,2112538
28938,2112611
28939,2112684
28940,2112757
28941,2112830
28942,2112903
28943,2112976
28944,2113049
28945,2113122
28946,2113195
28947,2113268
28948,2113341
28949,2113414
28950,2113487
28951,2113560
28952,2113633
28953,2113706
28954,2113779
28955,2113852
28956,2113925
28957,2113998
28958,2114071
28959,2114144
28960,2114217
28961,2114290
28962,2114363
28963,2114436
28964,2114509
28965,2114582
28966,2114655
28967,2114728
28968,2114801
28969,2114874
28970,2114947
28971,2115020
28972,2115093
28973,2115166
28974,2115239
28975,2115312
28976,2115385
28977,2115458
28978,2115531
28979,2115604
28980,2115677
28981,2115750
28982,2115823
28983,2115896
28984,2115969
28985,2116042
28986,2116115
28987,2116188
28988,2116261
28989,2116334
28990,2116407
28991,2116480
28992,2116553
28993,2116626
28994,2116699
28995,2116772
28996,2116845
28997,2116918
28998,2116991
28999,2117064
29000,2117137
29001,2117210
29002,2117283
29003,2117356
29004,2117429
29005,2117502
29006,2117575
29007,2117648
29008,2117721
29009,2117794
29010,2117867
29011,2117940
29012,2118013
29013,2118086
29014,2118159
29015,2118232
29016,2118305
29017,2118378
29018,2118451
29019,2118524
29020,2118597
29021,2118670
29022,2118743
29023,2118816
29024,2118889
29025,2118962
29026,2119035
29027,2119108
29028,2119181
29029,2119254
29030,2119327
29031,2119400
29032,2119473
29033,2119546
29034,2119619
29035,2119692
29036,2119765
29037,2119838
29038,2119911
29039,2119984
29040,2120057
29041,2120130
29042,2120203
29043,2120276
29044,2120349
29045,2120422
29046,2120495
29047,2120568
29048,2120641
29049,2120714
29050,2120787
29051,2120860
29052,2120933
29053,2121006
29054,2121079
29055,2121152
29056,2121225
29057,2121298
29058,2121371
29059,2121444
29060,2121517
29061,2121590
29062,2121663
29063,2121736
29064,2121809
29065,2121882
29066,2121955
29067,2122028
29068,2122101
29069,2122174
29070,2122247
29071,2122320
29072,2122393
29073,2122466
29074,2122539
29075,2122612
29076,2122685
29077,2122758
29078,2122831
29079,2122904
29080,2122977
29081,2123050
29082,2123123
29083,2123196
29084,2123269
29085,2123342
29086,2123415
29087,2123488
29088,2123561
29089,2123634
29090,2123707
29091,2123780
29092,2123853
29093,2123926
29094,2123999
29095,2124072
29096,2124145
29097,2124218
29098,2124291
29099,2124364
29100,2124437
29101,2124510
29102,2124583
29103,2124656
29104,2124729
29105,2124802
29106,2124875
29107,2124948
29108,2125021
29109,2125094
29110,2125167
29111,2125240
29112,2125313
29113,2125386
29114,2125459
29115,2125532
29116,2125605
29117,2125678
29118,2125751
29119,2125824
29120,2125897
29121,2125970
29122,2126043
29123,2126116
29124,2126189
29125,2126262
29126,2126335
29127,2126408
29128,2126481
29129,2126554
29130,2126627
29131,2126700
29132,2126773
29133,2126846
29134,2126919
29135,2126992
29136,2127065
29137,2127138
29138,2127211
29139,2127284
29140,2127357
29141,2127430
29142,2127503
29143,2127576
29144,2127649
29145,2127722
29146,2127795
29147,2127868
29148,2127941
29149,2128014
29150,2128087
29151,2128160
29152,2128233
29153,2128306
29154,2128379
29155,2128452
29156,2128525
29157,2128598
29158,2128671
29159,2128744
29160,2128817
29161,2128890
29162,2128963
29163,2129036
29164,2129109
29165,2129182
29166,2129255
29167,2129328
29168,2129401
29169,2129474
29170,2129547
29171,2129620
29172,2129693
29173,2129766
29174,2129839
29175,2129912
29176,2129985
29177,2130058
29178,2130131
29179,2130204
29180,2130277
29181,2130350
29182,2130423
29183,2130496
29184,2130569
29185,2130642
29186,2130715
29187,2130788
29188,2130861
29189,2130934
29190,2131007
29191,2131080
29192,2131153
29193,2131226
29194,2131299
29195,2131372
29196,2131445
29197,2131518
29198,2131591
29199,2131664
29200,2131737
29201,2131810
29202,2131883
29203,2131956
29204,2132029
29205,2132102
29206,2132175
29207,2132248
29208,2132321
29209,2132394
29210,2132467
29211,2132540
29212,2132613
29213,2132686
29214,2132759
29215,2132832
29216,2132905
29217,2132978
29218,2133051
29219,2133124
29220,2133197
29221,2133270
29222,2133343
29223,2133416
29224,2133489
29225,2133562
29226,2133635
29227,2133708
29228,2133781
29229,2133854
29230,2133927
29231,2134000
29232,2134073
29233,2134146
29234,2134219
29235,2134292
29236,2134365
29237,2134438
29238,2134511
29239,2134584
29240,2134657
29241,2134730
29242,2134803
29243,2134876
29244,2134949
29245,2135022
29246,2135095
29247,2135168
29248,2135241
29249,2135314
29250,2135387
29251,2135460
29252,2135533
29253,2135606
29254,2135679
29255,2135752
29256,2135825
29257,2135898
29258,2135971
29259,2136044
29260,2136117
29261,2136190
29262,2136263
29263,2136336
29264,2136409
29265,2136482
29266,2136555
29267,2136628
29268,2136701
29269,2136774
29270,2136847
29271,2136920
29272,2136993
29273,2137066
29274,2137139
29275,2137212
29276,2137285
29277,2137358
29278,2137431
29279,2137504
29280,2137577
29281,2137650
29282,2137723
29283,2137796
29284,2137869
29285,2137942
29286,2138015
29287,2138088
29288,2138161
29289,2138234
29290,2138307
29291,2138380
29292,2138453
29293,2138526
29294,2138599
29295,2138672
29296,2138745
29297,2138818
29298,2138891
29299,2138964
29300,2139037
29301,2139110
29302,2139183
29303,2139256
29304,2139329
29305,2139402
29306,2139475
29307,2139548
29308,2139621
29309,2139694
29310,2139767
29311,2139840
29312,2139913
29313,2139986
29314,2140059
29315,2140132
29316,2140205
29317,2140278
29318,2140351
29319,2140424
29320,2140497
29321,2140570
29322,2140643
29323,2140716
29324,2140789
29325,2140862
29326,2140935
29327,2141008
29328,2141081
29329,2141154
29330,2141227
29331,2141300
29332,2141373
29333,2141446
29334,2141519
29335,2141592
29336,2141665
29337,2141738
29338,2141811
29339,2141884
29340,2141957
29341,2142030
29342,2142103
29343,2142176
29344,2142249
29345,2142322
29346,2142395
29347,2142468
29348,2142541
29349,2142614
29350,2142687
29351,2142760
29352,2142833
29353,2142906
29354,2142979
29355,2143052
29356,2143125
29357,2143198
29358,2143271
29359,2143344
29360,2143417
29361,2143490
29362,2143563
29363,2143636
29364,2143709
29365,2143782
29366,2143855
29367,2143928
29368,2144001
29369,2144074
29370,2144147
29371,2144220
29372,2144293
29373,2144366
29374,2144439
29375,2144512
29376,2144585
29377,2144658
29378,2144731
29379,2144804
29380,2144877
29381,2144950
29382,2145023
29383,2145096
29384,2145169
29385,2145242
29386,2145315
29387,2145388
29388,2145461
29389,2145534
29390,2145607
29391,2145680
29392,2145753
29393,2145826
29394,2145899
29395,2145972
29396,2146045
29397,2146118
29398,2146191
29399,2146264
29400,2146337
29401,2146410
29402,2146483
29403,2146556
29404,2146629
29405,2146702
29406,2146775
29407,2146848
29408,2146921
29409,2146994
29410,2147067
29411,2147140
29412,2147213
29413,2147286
29414,2147359
29415,2147432
29416,2147505
29417,2147578
29418,2147651
29419,2147724
29420,2147797
29421,2147870
29422,2147943
29423,2148016
29424,2148089
29425,2148162
29426,2148235
29427,2148308
29428,2148381
29429,2148454
29430,2148527
29431,2148600
29432,2148673
29433,2148746
29434,2148819
29435,2148892
29436,2148965
29437,2149038
29438,2149111
29439,2149184
29440,2149257
29441,2149330
29442,2149403
29443,2149476
29444,2149549
29445,2149622
29446,2149695
29447,2149768
29448,2149841
29449,2149914
29450,2149987
29451,2150060
29452,2150133
29453,2150206
29454,2150279
29455,2150352
29456,2150425
29457,2150498
29458,2150571
29459,2150644
29460,2150717
29461,2150790
29462,2150863
29463,2150936
29464,2151009
29465,2151082
29466,2151155
29467,2151228
29468,2151301
29469,2151374
29470,2151447
29471,2151520
29472,2151593
29473,2151666
29474,2151739
29475,2151812
29476,2151885
29477,2151958
29478,2152031
29479,2152104
29480,2152177
29481,2152250
29482,2152323
29483,2152396
29484,2152469
29485,2152542
29486,2152615
29487,2152688
29488,2152761
29489,2152834
29490,2152907
29491,2152980
29492,2153053
29493,2153126
29494,2153199
29495,2153272
29496,2153345
29497,2153418
29498,2153491
29499,2153564
29500,2153637
29501,2153710
29502,2153783
29503,2153856
29504,2153929
29505,2154002
29506,2154075
29507,2154148
29508,2154221
29509,2154294
29510,2154367
29511,2154440
29512,2154513
29513,2154586
29514,2154659
29515,2154732
29516,2154805
29517,2154878
29518,2154951
29519,2155024
29520,2155097
29521,2155170
29522,2155243
29523,2155316
29524,2155389
29525,2155462
29526,2155535
29527,2155608
29528,2155681
29529,2155754
29530,2155827
29531,2155900
29532,2155973
29533,2156046
29534,2156119
29535,2156192
29536,2156265
29537,2156338
29538,2156411
29539,2156484
29540,2156557
29541,2156630
29542,2156703
29543,2156776
29544,2156849
29545,2156922
29546,2156995
29547,2157068
29548,2157141
29549,2157214
29550,2157287
29551,2157360
29552,2157433
29553,2157506
29554,2157579
29555,2157652
29556,2157725
29557,2157798
29558,2157871
29559,2157944
29560,2158017
29561,2158090
29562,2158163
29563,2158236
29564,2158309
29565,2158382
29566,2158455
29567,2158528
29568,2158601
29569,2158674
29570,2158747
29571,2158820
29572,2158893
29573,2158966
29574,2159039
29575,2159112
29576,2159185
29577,2159258
29578,2159331
29579,2159404
29580,2159477
29581,2159550
29582,2159623
29583,2159696
29584,2159769
29585,2159842
29586,2159915
29587,2159988
29588,2160061
29589,2160134
29590,2160207
29591,2160280
29592,2160353
29593,2160426
29594,2160499
29595,2160572
29596,2160645
29597,2160718
29598,2160791
29599,2160864
29600,2160937
29601,2161010
29602,2161083
29603,2161156
29604,2161229
29605,2161302
29606,2161375
29607,2161448
29608,2161521
29609,2161594
29610,2161667
29611,2161740
29612,2161813
29613,2161886
29614,2161959
29615,2162032
29616,2162105
29617,2162178
29618,2162251
29619,2162324
29620,2162397
29621,2162470
29622,2162543
29623,2162616
29624,2162689
29625,2162762
29626,2162835
29627,2162908
29628,2162981
29629,2163054
29630,2163127
29631,2163200
29632,2163273
29633,2163346
29634,2163419
29635,2163492
29636,2163565
29637,2163638
29638,2163711
29639,2163784
29640,2163857
29641,2163930
29642,2164003
29643,2164076
29644,2164149
29645,2164222
29646,2164295
29647,2164368
29648,2164441
29649,2164514
29650,2164587
29651,2164660
29652,2164733
29653,2164806
29654,2164879
29655,2164952
29656,2165025
29657,2165098
29658,2165171
29659,2165244
29660,2165317
29661,2165390
29662,2165463
29663,2165536
29664,2165609
29665,2165682
29666,2165755
29667,2165828
29668,2165901
29669,2165974
29670,2166047
29671,2166120
29672,2166193
29673,2166266
29674,2166339
29675,2166412
29676,2166485
29677,2166558
29678,2166631
29679,2166704
29680,2166777
29681,2166850
29682,2166923
29683,2166996
29684,2167069
29685,2167142
29686,2167215
29687,2167288
29688,2167361
29689,2167434
29690,2167507
29691,2167580
29692,2167653
29693,2167726
29694,2167799
29695,2167872
29696,2167945
29697,2168018
29698,2168091
29699,2168164
29700,2168237
29701,2168310
29702,2168383
29703,2168456
29704,2168529
29705,2168602
29706,2168675
29707,2168748
29708,2168821
29709,2168894
29710,2168967
29711,2169040
29712,2169113
29713,2169186
29714,2169259
29715,2169332
29716,2169405
29717,2169478
29718,2169551
29719,2169624
29720,2169697
29721,2169770
29722,2169843
29723,2169916
29724,2169989
29725,2170062
29726,2170135
29727,2170208
29728,2170281
29729,2170354
29730,2170427
29731,2170500
29732,2170573
29733,2170646
29734,2170719
29735,2170792
29736,2170865
29737,2170938
29738,2171011
29739,2171084
29740,2171157
29741,2171230
29742,2171303
29743,2171376
29744,2171449
29745,2171522
29746,2171595
29747,2171668
29748,2171741
29749,2171814
29750,2171887
29751,2171960
29752,2172033
29753,2172106
29754,2172179
29755,2172252
29756,2172325
29757,2172398
29758,2172471
29759,2172544
29760,2172617
29761,2172690
29762,2172763
29763,2172836
29764,2172909
29765,2172982
29766,2173055
29767,2173128
29768,2173201
29769,2173274
29770,2173347
29771,2173420
29772,2173493
29773,2173566
29774,2173639
29775,2173712
29776,2173785
29777,2173858
29778,2173931
29779,2174004
29780,2174077
29781,2174150
29782,2174223
29783,2174296
29784,2174369
29785,2174442
29786,2174515
29787,2174588
29788,2174661
29789,2174734
29790,2174807
29791,2174880
29792,2174953
29793,2175026
29794,2175099
29795,2175172
29796,2175245
29797,2175318
29798,2175391
29799,2175464
29800,2175537
29801,2175610
29802,2175683
29803,2175756
29804,2175829
29805,2175902
29806,2175975
29807,2176048
29808,2176121
29809,2176194
29810,2176267
29811,2176340
29812,2176413
29813,2176486
29814,2176559
29815,2176632
29816,2176705
29817,2176778
29818,2176851
29819,2176924
29820,2176997
29821,2177070
29822,2177143
29823,2177216
29824,2177289
29825,2177362
29826,2177435
29827,2177508
29828,2177581
29829,2177654
29830,2177727
29831,2177800
29832,2177873
29833,2177946
29834,2178019
29835,2178092
29836,2178165
29837,2178238
29838,2178311
29839,2178384
29840,2178457
29841,2178530
29842,2178603
29843,2178676
29844,2178749
29845,2178822
29846,2178895
29847,2178968
29848,2179041
29849,2179114
29850,2179187
29851,2179260
29852,2179333
29853,2179406
29854,2179479
29855,2179552
29856,2179625
29857,2179698
29858,2179771
29859,2179844
29860,2179917
29861,2179990
29862,2180063
29863,2180136
29864,2180209
29865,2180282
29866,2180355
29867,2180428
29868,2180501
29869,2180574
29870,2180647
29871,2180720
29872,2180793
29873,2180866
29874,2180939
29875,2181012
29876,2181085
29877,2181158
29878,2181231
29879,2181304
29880,2181377
29881,2181450
29882,2181523
29883,2181596
29884,2181669
29885,2181742
29886,2181815
29887,2181888
29888,2181961
29889,2182034
29890,2182107
29891,2182180
29892,2182253
29893,2182326
29894,2182399
29895,2182472
29896,2182545
29897,2182618
29898,2182691
29899,2182764
29900,2182837
29901,2182910
29902,2182983
29903,2183056
29904,2183129
29905,2183202
29906,2183275
29907,2183348
29908,2183421
29909,2183494
29910,2183567
29911,2183640
29912,2183713
29913,2183786
29914,2183859
29915,2183932
29916,2184005
29917,2184078
29918,2184151
29919,2184224
29920,2184297
29921,2184370
29922,2184443
29923,2184516
29924,2184589
29925,2184662
29926,2184735
29927,2184808
29928,2184881
29929,2184954
29930,2185027
29931,2185100
29932,2185173
29933,2185246
29934,2185319
29935,2185392
29936,2185465
29937,2185538
29938,2185611
29939,2185684
29940,2185757
29941,2185830
29942,2185903
29943,2185976
29944,2186049
29945,2186122
29946,2186195
29947,2186268
29948,2186341
29949,2186414
29950,2186487
29951,2186560
29952,2186633
29953,2186706
29954,2186779
29955,2186852
29956,2186925
29957,2186998
29958,2187071
29959,2187144
29960,2187217
29961,2187290
29962,2187363
29963,2187436
29964,2187509
29965,2187582
29966,2187655
29967,2187728
29968,2187801
29969,2187874
29970,2187947
29971,2188020
29972,2188093
29973,2188166
29974,2188239
29975,2188312
29976,2188385
29977,2188458
29978,2188531
29979,2188604
29980,2188677
29981,2188750
29982,2188823
29983,2188896
29984,2188969
29985,2189042
29986,2189115
29987,2189188
29988,2189261
29989,2189334
29990,2189407
29991,2189480
29992,2189553
29993,2189626
29994,2189699
29995,2189772
29996,2189845
29997,2189918
29998,2189991
29999,2190064
30000,2190137
30001,2190210
30002,2190283
30003,2190356
30004,2190429
30005,2190502
30006,2190575
30007,2190648
30008,2190721
30009,2190794
30010,2190867
30011,2190940
30012,2191013
30013,2191086
30014,2191159
30015,2191232
30016,2191305
30017,2191378
30018,2191451
30019,2191524
30020,2191597
30021,2191670
30022,2191743
30023,2191816
30024,2191889
30025,2191962
30026,2192035
30027,2192108
30028,2192181
30029,2192254
30030,2192327
30031,2192400
30032,2192473
30033,2192546
30034,2192619
30035,2192692
30036,2192765
30037,2192838
30038,2192911
30039,2192984
30040,2193057
30041,2193130
30042,2193203
30043,2193276
30044,2193349
30045,2193422
30046,2193495
30047,2193568
30048,2193641
30049,2193714
30050,2193787
30051,2193860
30052,2193933
30053,2194006
30054,2194079
30055,2194152
30056,2194225
30057,2194298
30058,2194371
30059,2194444
30060,2194517
30061,2194590
30062,2194663
30063,2194736
30064,2194809
30065,2194882
30066,2194955
30067,2195028
30068,2195101
30069,2195174
30070,2195247
30071,2195320
30072,2195393
30073,2195466
30074,2195539
30075,2195612
30076,2195685
30077,2195758
30078,2195831
30079,2195904
30080,2195977
30081,2196050
30082,2196123
30083,2196196
30084,2196269
30085,2196342
30086,2196415
30087,2196488
30088,2196561
30089,2196634
30090,2196707
30091,2196780
30092,2196853
30093,2196926
30094,2196999
30095,2197072
30096,2197145
30097,2197218
30098,2197291
30099,2197364
30100,2197437
30101,2197510
30102,2197583
30103,2197656
30104,2197729
30105,2197802
30106,2197875
30107,2197948
30108,2198021
30109,2198094
30110,2198167
30111,2198240
30112,2198313
30113,2198386
30114,2198459
30115,2198532
30116,2198605
30117,2198678
30118,2198751
30119,2198824
30120,2198897
30121,2198970
30122,2199043
30123,2199116
30124,2199189
30125,2199262
30126,2199335
30127,2199408
30128,2199481
30129,2199554
30130,2199627
30131,2199700
30132,2199773
30133,2199846
30134,2199919
30135,2199992
30136,2200065
30137,2200138
30138,2200211
30139,2200284
30140,2200357
30141,2200430
30142,2200503
30143,2200576
30144,2200649
30145,2200722
30146,2200795
30147,2200868
30148,2200941
30149,2201014
30150,2201087
30151,2201160
30152,2201233
30153,2201306
30154,2201379
30155,2201452
30156,2201525
30157,2201598
30158,2201671
30159,2201744
30160,2201817
30161,2201890
30162,2201963
30163,2202036
30164,2202109
30165,2202182
30166,2202255
30167,2202328
30168,2202401
30169,2202474
30170,2202547
30171,2202620
30172,2202693
30173,2202766
30174,2202839
30175,2202912
30176,2202985
30177,2203058
30178,2203131
30179,2203204
30180,2203277
30181,2203350
30182,2203423
30183,2203496
30184,2203569
30185,2203642
30186,2203715
30187,2203788
30188,2203861
30189,2203934
30190,2204007
30191,2204080
30192,2204153
30193,2204226
30194,2204299
30195,2204372
30196,2204445
30197,2204518
30198,2204591
30199,2204664
30200,2204737
30201,2204810
30202,2204883
30203,2204956
30204,2205029
30205,2205102
30206,2205175
30207,2205248
30208,2205321
30209,2205394
30210,2205467
30211,2205540
30212,2205613
30213,2205686
30214,2205759
30215,2205832
30216,2205905
30217,2205978
30218,2206051
30219,2206124
30220,2206197
30221,2206270
30222,2206343
30223,2206416
30224,2206489
30225,2206562
30226,2206635
30227,2206708
30228,2206781
30229,2206854
30230,2206927
30231,2207000
30232,2207073
30233,2207146
30234,2207219
30235,2207292
30236,2207365
30237,2207438
30238,2207511
30239,2207584
30240,2207657
30241,2207730
30242,2207803
30243,2207876
30244,2207949
30245,2208022
30246,2208095
30247,2208168
30248,2208241
30249,2208314
30250,2208387
30251,2208460
30252,2208533
30253,2208606
30254,2208679
30255,2208752
30256,2208825
30257,2208898
30258,2208971
30259,2209044
30260,2209117
30261,2209190
30262,2209263
30263,2209336
30264,2209409
30265,2209482
30266,2209555
30267,2209628
30268,2209701
30269,2209774
30270,2209847
30271,2209920
30272,2209993
30273,2210066
30274,2210139
30275,2210212
30276,2210285
30277,2210358
30278,2210431
30279,2210504
30280,2210577
30281,2210650
30282,2210723
30283,2210796
30284,2210869
30285,2210942
30286,2211015
30287,2211088
30288,2211161
30289,2211234
30290,2211307
30291,2211380
30292,2211453
30293,2211526
30294,2211599
30295,2211672
30296,2211745
30297,2211818
30298,2211891
30299,2211964
30300,2212037
30301,2212110
30302,2212183
30303,2212256
30304,2212329
30305,2212402
30306,2212475
30307,2212548
30308,2212621
30309,2212694
30310,2212767
30311,2212840
30312,2212913
30313,2212986
30314,2213059
30315,2213132
30316,2213205
30317,2213278
30318,2213351
30319,2213424
30320,2213497
30321,2213570
30322,2213643
30323,2213716
30324,2213789
30325,2213862
30326,2213935
30327,2214008
30328,2214081
30329,2214154
30330,2214227
30331,2214300
30332,2214373
30333,2214446
30334,2214519
30335,2214592
30336,2214665
30337,2214738
30338,2214811
30339,2214884
30340,2214957
30341,2215030
30342,2215103
30343,2215176
30344,2215249
30345,2215322
30346,2215395
30347,2215468
30348,2215541
30349,2215614
30350,2215687
30351,2215760
30352,2215833
30353,2215906
30354,2215979
30355,2216052
30356,2216125
30357,2216198
30358,2216271
30359,2216344
30360,2216417
30361,2216490
30362,2216563
30363,2216636
30364,2216709
30365,2216782
30366,2216855
30367,2216928
30368,2217001
30369,2217074
30370,2217147
30371,2217220
30372,2217293
30373,2217366
30374,2217439
30375,2217512
30376,2217585
30377,2217658
30378,2217731
30379,2217804
30380,2217877
30381,2217950
30382,2218023
30383,2218096
30384,2218169
30385,2218242
30386,2218315
30387,2218388
30388,2218461
30389,2218534
30390,2218607
30391,2218680
30392,2218753
30393,2218826
30394,2218899
30395,2218972
30396,2219045
30397,2219118
30398,2219191
30399,2219264
30400,2219337
30401,2219410
30402,2219483
30403,2219556
30404,2219629
30405,2219702
30406,2219775
30407,2219848
30408,2219921
30409,2219994
30410,2220067
30411,2220140
30412,2220213
30413,2220286
30414,2220359
30415,2220432
30416,2220505
30417,2220578
30418,2220651
30419,2220724
30420,2220797
30421,2220870
30422,2220943
30423,2221016
30424,2221089
30425,2221162
30426,2221235
30427,2221308
30428,2221381
30429,2221454
30430,2221527
30431,2221600
30432,2221673
30433,2221746
30434,2221819
30435,2221892
30436,2221965
30437,2222038
30438,2222111
30439,2222184
30440,2222257
30441,2222330
30442,2222403
30443,2222476
30444,2222549
30445,2222622
30446,2222695
30447,2222768
30448,2222841
30449,2222914
30450,2222987
30451,2223060
30452,2223133
30453,2223206
30454,2223279
30455,2223352
30456,2223425
30457,2223498
30458,2223571
30459,2223644
30460,2223717
30461,2223790
30462,2223863
30463,2223936
30464,2224009
30465,2224082
30466,2224155
30467,2224228
30468,2224301
30469,2224374
30470,2224447
30471,2224520
30472,2224593
30473,2224666
30474,2224739
30475,2224812
30476,2224885
30477,2224958
30478,2225031
30479,2225104
30480,2225177
30481,2225250
30482,2225323
30483,2225396
30484,2225469
30485,2225542
30486,2225615
30487,2225688
30488,2225761
30489,2225834
30490,2225907
30491,2225980
30492,2226053
30493,2226126
30494,2226199
30495,2226272
30496,2226345
30497,2226418
30498,2226491
30499,2226564
30500,2226637
30501,2226710
30502,2226783
30503,2226856
30504,2226929
30505,2227002
30506,2227075
30507,2227148
30508,2227221
30509,2227294
30510,2227367
30511,2227440
30512,2227513
30513,2227586
30514,2227659
30515,2227732
30516,2227805
30517,2227878
30518,2227951
30519,2228024
30520,2228097
30521,2228170
30522,2228243
30523,2228316
30524,2228389
30525,2228462
30526,2228535
30527,2228608
30528,2228681
30529,2228754
30530,2228827
30531,2228900
30532,2228973
30533,2229046
30534,2229119
30535,2229192
30536,2229265
30537,2229338
30538,2229411
30539,2229484
30540,2229557
30541,2229630
30542,2229703
30543,2229776
30544,2229849
30545,2229922
30546,2229995
30547,2230068
30548,2230141
30549,2230214
30550,2230287
30551,2230360
30552,2230433
30553,2230506
30554,2230579
30555,2230652
30556,2230725
30557,2230798
30558,2230871
30559,2230944
30560,2231017
30561,2231090
30562,2231163
30563,2231236
30564,2231309
30565,2231382
30566,2231455
30567,2231528
30568,2231601
30569,2231674
30570,2231747
30571,2231820
30572,2231893
30573,2231966
30574,2232039
30575,2232112
30576,2232185
30577,2232258
30578,2232331
30579,2232404
30580,2232477
30581,2232550
30582,2232623
30583,2232696
30584,2232769
30585,2232842
30586,2232915
30587,2232988
30588,2233061
30589,2233134
30590,2233207
30591,2233280
30592,2233353
30593,2233426
30594,2233499
30595,2233572
30596,2233645
30597,2233718
30598,2233791
30599,2233864
30600,2233937
30601,2234010
30602,2234083
30603,2234156
30604,2234229
30605,2234302
30606,2234375
30607,2234448
30608,2234521
30609,2234594
30610,2234667
30611,2234740
30612,2234813
30613,2234886
30614,2234959
30615,2235032
30616,2235105
30617,2235178
30618,2235251
30619,2235324
30620,2235397
30621,2235470
30622,2235543
30623,2235616
30624,2235689
30625,2235762
30626,2235835
30627,2235908
30628,2235981
30629,2236054
30630,2236127
30631,2236200
30632,2236273
30633,2236346
30634,2236419
30635,2236492
30636,2236565
30637,2236638
30638,2236711
30639,2236784
30640,2236857
30641,2236930
30642,2237003
30643,2237076
30644,2237149
30645,2237222
30646,2237295
30647,2237368
30648,2237441
30649,2237514
30650,2237587
30651,2237660
30652,2237733
30653,2237806
30654,2237879
30655,2237952
30656,2238025
30657,2238098
30658,2238171
30659,2238244
30660,2238317
30661,2238390
30662,2238463
30663,2238536
30664,2238609
30665,2238682
30666,2238755
30667,2238828
30668,2238901
30669,2238974
30670,2239047
30671,2239120
30672,2239193
30673,2239266
30674,2239339
30675,2239412
30676,2239485
30677,2239558
30678,2239631
30679,2239704
30680,2239777
30681,2239850
30682,2239923
30683,2239996
30684,2240069
30685,2240142
30686,2240215
30687,2240288
30688,2240361
30689,2240434
30690,2240507
30691,2240580
30692,2240653
30693,2240726
30694,2240799
30695,2240872
30696,2240945
30697,2241018
30698,2241091
30699,2241164
30700,2241237
30701,2241310
30702,2241383
30703,2241456
30704,2241529
30705,2241602
30706,2241675
30707,2241748
30708,2241821
30709,2241894
30710,2241967
30711,2242040
30712,2242113
30713,2242186
30714,2242259
30715,2242332
30716,2242405
30717,2242478
30718,2242551
30719,2242624
30720,2242697
30721,2242770
30722,2242843
30723,2242916
30724,2242989
30725,2243062
30726,2243135
30727,2243208
30728,2243281
30729,2243354
30730,2243427
30731,2243500
30732,2243573
30733,2243646
30734,2243719
30735,2243792
30736,2243865
30737,2243938
30738,2244011
30739,2244084
30740,2244157
30741,2244230
30742,2244303
30743,2244376
30744,2244449
30745,2244522
30746,2244595
30747,2244668
30748,2244741
30749,2244814
30750,2244887
30751,2244960
30752,2245033
30753,2245106
30754,2245179
30755,2245252
30756,2245325
30757,2245398
30758,2245471
30759,2245544
30760,2245617
30761,2245690
30762,2245763
30763,2245836
30764,2245909
30765,2245982
30766,2246055
30767,2246128
30768,2246201
30769,2246274
30770,2246347
30771,2246420
30772,2246493
30773,2246566
30774,2246639
30775,2246712
30776,2246785
30777,2246858
30778,2246931
30779,2247004
30780,2247077
30781,2247150
30782,2247223
30783,2247296
30784,2247369
30785,2247442
30786,2247515
30787,2247588
30788,2247661
30789,2247734
30790,2247807
30791,2247880
30792,2247953
30793,2248026
30794,2248099
30795,2248172
30796,2248245
30797,2248318
30798,2248391
30799,2248464
30800,2248537
30801,2248610
30802,2248683
30803,2248756
30804,2248829
30805,2248902
30806,2248975
30807,2249048
30808,2249121
30809,2249194
30810,2249267
30811,2249340
30812,2249413
30813,2249486
30814,2249559
30815,2249632
30816,2249705
30817,2249778
30818,2249851
30819,2249924
30820,2249997
30821,2250070
30822,2250143
30823,2250216
30824,2250289
30825,2250362
30826,2250435
30827,2250508
30828,2250581
30829,2250654
30830,2250727
30831,2250800
30832,2250873
30833,2250946
30834,2251019
30835,2251092
30836,2251165
30837,2251238
30838,2251311
30839,2251384
30840,2251457
30841,2251530
30842,2251603
30843,2251676
30844,2251749
30845,2251822
30846,2251895
30847,2251968
30848,2252041
30849,2252114
30850,2252187
30851,2252260
30852,2252333
30853,2252406
30854,2252479
30855,2252552
30856,2252625
30857,2252698
30858,2252771
30859,2252844
30860,2252917
30861,2252990
30862,2253063
30863,2253136
30864,2253209
30865,2253282
30866,2253355
30867,2253428
30868,2253501
30869,2253574
30870,2253647
30871,2253720
30872,2253793
30873,2253866
30874,2253939
30875,2254012
30876,2254085
30877,2254158
30878,2254231
30879,2254304
30880,2254377
30881,2254450
30882,2254523
30883,2254596
30884,2254669
30885,2254742
30886,2254815
30887,2254888
30888,2254961
30889,2255034
30890,2255107
30891,2255180
30892,2255253
30893,2255326
30894,2255399
30895,2255472
30896,2255545
30897,2255618
30898,2255691
30899,2255764
30900,2255837
30901,2255910
30902,2255983
30903,2256056
30904,2256129
30905,2256202
30906,2256275
30907,2256348
30908,2256421
30909,2256494
30910,2256567
30911,2256640
30912,2256713
30913,2256786
30914,2256859
30915,2256932
30916,2257005
30917,2257078
30918,2257151
30919,2257224
30920,2257297
30921,2257370
30922,2257443
30923,2257516
30924,2257589
30925,2257662
30926,2257735
30927,2257808
30928,2257881
30929,2257954
30930,2258027
30931,2258100
30932,2258173
30933,2258246
30934,2258319
30935,2258392
30936,2258465
30937,2258538
30938,2258611
30939,2258684
30940,2258757
30941,2258830
30942,2258903
30943,2258976
30944,2259049
30945,2259122
30946,2259195
30947,2259268
30948,2259341
30949,2259414
30950,2259487
30951,2259560
30952,2259633
30953,2259706
30954,2259779
30955,2259852
30956,2259925
30957,2259998
30958,2260071
30959,2260144
30960,2260217
30961,2260290
30962,2260363
30963,2260436
30964,2260509
30965,2260582
30966,2260655
30967,2260728
30968,2260801
30969,2260874
30970,2260947
30971,2261020
30972,2261093
30973,2261166
30974,2261239
30975,2261312
30976,2261385
30977,2261458
30978,2261531
30979,2261604
30980,2261677
30981,2261750
30982,2261823
30983,2261896
30984,2261969
30985,2262042
30986,2262115
30987,2262188
30988,2262261
30989,2262334
30990,2262407
30991,2262480
30992,2262553
30993,2262626
30994,2262699
30995,2262772
30996,2262845
30997,2262918
30998,2262991
30999,2263064
31000,2263137
31001,2263210
31002,2263283
31003,2263356
31004,2263429
31005,2263502
31006,2263575
31007,2263648
31008,2263721
31009,2263794
31010,2263867
31011,2263940
31012,2264013
31013,2264086
31014,2264159
31015,2264232
31016,2264305
31017,2264378
31018,2264451
31019,2264524
31020,2264597
31021,2264670
31022,2264743
31023,2264816
31024,2264889
31025,2264962
31026,2265035
31027,2265108
31028,2265181
31029,2265254
31030,2265327
31031,2265400
31032,2265473
31033,2265546
31034,2265619
31035,2265692
31036,2265765
31037,2265838
31038,2265911
31039,2265984
31040,2266057
31041,2266130
31042,2266203
31043,2266276
31044,2266349
31045,2266422
31046,2266495
31047,2266568
31048,2266641
31049,2266714
31050,2266787
31051,2266860
31052,2266933
31053,2267006
31054,2267079
31055,2267152
31056,2267225
31057,2267298
31058,2267371
31059,2267444
31060,2267517
31061,2267590
31062,2267663
31063,2267736
31064,2267809
31065,2267882
31066,2267955
31067,2268028
31068,2268101
31069,2268174
31070,2268247
31071,2268320
31072,2268393
31073,2268466
31074,2268539
31075,2268612
31076,2268685
31077,2268758
31078,2268831
31079,2268904
31080,2268977
31081,2269050
31082,2269123
31083,2269196
31084,2269269
31085,2269342
31086,2269415
31087,2269488
31088,2269561
31089,2269634
31090,2269707
31091,2269780
31092,2269853
31093,2269926
31094,2269999
31095,2270072
31096,2270145
31097,2270218
31098,2270291
31099,2270364
31100,2270437
31101,2270510
31102,2270583
31103,2270656
31104,2270729
31105,2270802
31106,2270875
31107,2270948
31108,2271021
31109,2271094
31110,2271167
31111,2271240
31112,2271313
31113,2271386
31114,2271459
31115,2271532
31116,2271605
31117,2271678
31118,2271751
31119,2271824
31120,2271897
31121,2271970
31122,2272043
31123,2272116
31124,2272189
31125,2272262
31126,2272335
31127,2272408
31128,2272481
31129,2272554
31130,2272627
31131,2272700
31132,2272773
31133,2272846
31134,2272919
31135,2272992
31136,2273065
31137,2273138
31138,2273211
31139,2273284
31140,2273357
31141,2273430
31142,2273503
31143,2273576
31144,2273649
31145,2273722
31146,2273795
31147,2273868
31148,2273941
31149,2274014
31150,2274087
31151,2274160
31152,2274233
31153,2274306
31154,2274379
31155,2274452
31156,2274525
31157,2274598
31158,2274671
31159,2274744
31160,2274817
31161,2274890
31162,2274963
31163,2275036
31164,2275109
31165,2275182
31166,2275255
31167,2275328
31168,2275401
31169,2275474
31170,2275547
31171,2275620
31172,2275693
31173,2275766
31174,2275839
31175,2275912
31176,2275985
31177,2276058
31178,2276131
31179,2276204
31180,2276277
31181,2276350
31182,2276423
31183,2276496
31184,2276569
31185,2276642
31186,2276715
31187,2276788
31188,2276861
31189,2276934
31190,2277007
31191,2277080
31192,2277153
31193,2277226
31194,2277299
31195,2277372
31196,2277445
31197,2277518
31198,2277591
31199,2277664
31200,2277737
31201,2277810
31202,2277883
31203,2277956
31204,2278029
31205,2278102
31206,2278175
31207,2278248
31208,2278321
31209,2278394
31210,2278467
31211,2278540
31212,2278613
31213,2278686
31214,2278759
31215,2278832
31216,2278905
31217,2278978
31218,2279051
31219,2279124
31220,2279197
31221,2279270
31222,2279343
31223,2279416
31224,2279489
31225,2279562
31226,2279635
31227,2279708
31228,2279781
31229,2279854
31230,2279927
31231,2280000
31232,2280073
31233,2280146
31234,2280219
31235,2280292
31236,2280365
31237,2280438
31238,2280511
31239,2280584
31240,2280657
31241,2280730
31242,2280803
31243,2280876
31244,2280949
31245,2281022
31246,2281095
31247,2281168
31248,2281241
31249,2281314
31250,2281387
31251,2281460
31252,2281533
31253,2281606
31254,2281679
31255,2281752
31256,2281825
31257,2281898
31258,2281971
31259,2282044
31260,2282117
31261,2282190
31262,2282263
31263,2282336
31264,2282409
31265,2282482
31266,2282555
31267,2282628
31268,2282701
31269,2282774
31270,2282847
31271,2282920
31272,2282993
31273,2283066
31274,2283139
31275,2283212
31276,2283285
31277,2283358
31278,2283431
31279,2283504
31280,2283577
31281,2283650
31282,2283723
31283,2283796
31284,2283869
31285,2283942
31286,2284015
31287,2284088
31288,2284161
31289,2284234
31290,2284307
31291,2284380
31292,2284453
31293,2284526
31294,2284599
31295,2284672
31296,2284745
31297,2284818
31298,2284891
31299,2284964
31300,2285037
31301,2285110
31302,2285183
31303,2285256
31304,2285329
31305,2285402
31306,2285475
31307,2285548
31308,2285621
31309,2285694
31310,2285767
31311,2285840
31312,2285913
31313,2285986
31314,2286059
31315,2286132
31316,2286205
31317,2286278
31318,2286351
31319,2286424
31320,2286497
31321,2286570
31322,2286643
31323,2286716
31324,2286789
31325,2286862
31326,2286935
31327,2287008
31328,2287081
31329,2287154
31330,2287227
31331,2287300
31332,2287373
31333,2287446
31334,2287519
31335,2287592
31336,2287665
31337,2287738
31338,2287811
31339,2287884
31340,2287957
31341,2288030
31342,2288103
31343,2288176
31344,2288249
31345,2288322
31346,2288395
31347,2288468
31348,2288541
31349,2288614
31350,2288687
31351,2288760
31352,2288833
31353,2288906
31354,2288979
31355,2289052
31356,2289125
31357,2289198
31358,2289271
31359,2289344
31360,2289417
31361,2289490
31362,2289563
31363,2289636
31364,2289709
31365,2289782
31366,2289855
31367,2289928
31368,2290001
31369,2290074
31370,2290147
31371,2290220
31372,2290293
31373,2290366
31374,2290439
31375,2290512
31376,2290585
31377,2290658
31378,2290731
31379,2290804
31380,2290877
31381,2290950
31382,2291023
31383,2291096
31384,2291169
31385,2291242
31386,2291315
31387,2291388
31388,2291461
31389,2291534
31390,2291607
31391,2291680
31392,2291753
31393,2291826
31394,2291899
31395,2291972
31396,2292045
31397,2292118
31398,2292191
31399,2292264
31400,2292337
31401,2292410
31402,2292483
31403,2292556
31404,2292629
31405,2292702
31406,2292775
31407,2292848
31408,2292921
31409,2292994
31410,2293067
31411,2293140
31412,2293213
31413,2293286
31414,2293359
31415,2293432
31416,2293505
31417,2293578
31418,2293651
31419,2293724
31420,2293797
31421,2293870
31422,2293943
31423,2294016
31424,2294089
31425,2294162
31426,2294235
31427,2294308
31428,2294381
31429,2294454
31430,2294527
31431,2294600
31432,2294673
31433,2294746
31434,2294819
31435,2294892
31436,2294965
31437,2295038
31438,2295111
31439,2295184
31440,2295257
31441,2295330
31442,2295403
31443,2295476
31444,2295549
31445,2295622
31446,2295695
31447,2295768
31448,2295841
31449,2295914
31450,2295987
31451,2296060
31452,2296133
31453,2296206
31454,2296279
31455,2296352
31456,2296425
31457,2296498
31458,2296571
31459,2296644
31460,2296717
31461,2296790
31462,2296863
31463,2296936
31464,2297009
31465,2297082
31466,2297155
31467,2297228
31468,2297301
31469,2297374
31470,2297447
31471,2297520
31472,2297593
31473,2297666
31474,2297739
31475,2297812
31476,2297885
31477,2297958
31478,2298031
31479,2298104
31480,2298177
31481,2298250
31482,2298323
31483,2298396
31484,2298469
31485,2298542
31486,2298615
31487,2298688
31488,2298761
31489,2298834
31490,2298907
31491,2298980
31492,2299053
31493,2299126
31494,2299199
31495,2299272
31496,2299345
31497,2299418
31498,2299491
31499,2299564
31500,2299637
31501,2299710
31502,2299783
31503,2299856
31504,2299929
31505,2300002
31506,2300075
31507,2300148
31508,2300221
31509,2300294
31510,2300367
31511,2300440
31512,2300513
31513,2300586
31514,2300659
31515,2300732
31516,2300805
31517,2300878
31518,2300951
31519,2301024
31520,2301097
31521,2301170
31522,2301243
31523,2301316
31524,2301389
31525,2301462
31526,2301535
31527,2301608
31528,2301681
31529,2301754
31530,2301827
31531,2301900
31532,2301973
31533,2302046
31534,2302119
31535,2302192
31536,2302265
31537,2302338
31538,2302411
31539,2302484
31540,2302557
31541,2302630
31542,2302703
31543,2302776
31544,2302849
31545,2302922
31546,2302995
31547,2303068
31548,2303141
31549,2303214
31550,2303287
31551,2303360
31552,2303433
31553,2303506
31554,2303579
31555,2303652
31556,2303725
31557,2303798
31558,2303871
31559,2303944
31560,2304017
31561,2304090
31562,2304163
31563,2304236
31564,2304309
31565,2304382
31566,2304455
31567,2304528
31568,2304601
31569,2304674
31570,2304747
31571,2304820
31572,2304893
31573,2304966
31574,2305039
31575,2305112
31576,2305185
31577,2305258
31578,2305331
31579,2305404
31580,2305477
31581,2305550
31582,2305623
31583,2305696
31584,2305769
31585,2305842
31586,2305915
31587,2305988
31588,2306061
31589,2306134
31590,2306207
31591,2306280
31592,2306353
31593,2306426
31594,2306499
31595,2306572
31596,2306645
31597,2306718
31598,2306791
31599,2306864
31600,2306937
31601,2307010
31602,2307083
31603,2307156
31604,2307229
31605,2307302
31606,2307375
31607,2307448
31608,2307521
31609,2307594
31610,2307667
31611,2307740
31612,2307813
31613,2307886
31614,2307959
31615,2308032
31616,2308105
31617,2308178
31618,2308251
31619,2308324
31620,2308397
31621,2308470
31622,2308543
31623,2308616
31624,2308689
31625,2308762
31626,2308835
31627,2308908
31628,2308981
31629,2309054
31630,2309127
31631,2309200
31632,2309273
31633,2309346
31634,2309419
31635,2309492
31636,2309565
31637,2309638
31638,2309711
31639,2309784
31640,2309857
31641,2309930
31642,2310003
31643,2310076
31644,2310149
31645,2310222
31646,2310295
31647,2310368
31648,2310441
31649,2310514
31650,2310587
31651,2310660
31652,2310733
31653,2310806
31654,2310879
31655,2310952
31656,2311025
31657,2311098
31658,2311171
31659,2311244
31660,2311317
31661,2311390
31662,2311463
31663,2311536
31664,2311609
31665,2311682
31666,2311755
31667,2311828
31668,2311901
31669,2311974
31670,2312047
31671,2312120
31672,2312193
31673,2312266
31674,2312339
31675,2312412
31676,2312485
31677,2312558
31678,2312631
31679,2312704
31680,2312777
31681,2312850
31682,2312923
31683,2312996
31684,2313069
31685,2313142
31686,2313215
31687,2313288
31688,2313361
31689,2313434
31690,2313507
31691,2313580
31692,2313653
31693,2313726
31694,2313799
31695,2313872
31696,2313945
31697,2314018
31698,2314091
31699,2314164
31700,2314237
31701,2314310
31702,2314383
31703,2314456
31704,2314529
31705,2314602
31706,2314675
31707,2314748
31708,2314821
31709,2314894
31710,2314967
31711,2315040
31712,2315113
31713,2315186
31714,2315259
31715,2315332
31716,2315405
31717,2315478
31718,2315551
31719,2315624
31720,2315697
31721,2315770
31722,2315843
31723,2315916
31724,2315989
31725,2316062
31726,2316135
31727,2316208
31728,2316281
31729,2316354
31730,2316427
31731,2316500
31732,2316573
31733,2316646
31734,2316719
31735,2316792
31736,2316865
31737,2316938
31738,2317011
31739,2317084
31740,2317157
31741,2317230
31742,2317303
31743,2317376
31744,2317449
31745,2317522
31746,2317595
31747,2317668
31748,2317741
31749,2317814
31750,2317887
31751,2317960
31752,2318033
31753,2318106
31754,2318179
31755,2318252
31756,2318325
31757,2318398
31758,2318471
31759,2318544
31760,2318617
31761,2318690
31762,2318763
31763,2318836
31764,2318909
31765,2318982
31766,2319055
31767,2319128
31768,2319201
31769,2319274
31770,2319347
31771,2319420
31772,2319493
31773,2319566
31774,2319639
31775,2319712
31776,2319785
31777,2319858
31778,2319931
31779,2320004
31780,2320077
31781,2320150
31782,2320223
31783,2320296
31784,2320369
31785,2320442
31786,2320515
31787,2320588
31788,2320661
31789,2320734
31790,2320807
31791,2320880
31792,2320953
31793,2321026
31794,2321099
31795,2321172
31796,2321245
31797,2321318
31798,2321391
31799,2321464
31800,2321537
31801,2321610
31802,2321683
31803,2321756
31804,2321829
31805,2321902
31806,2321975
31807,2322048
31808,2322121
31809,2322194
31810,2322267
31811,2322340
31812,2322413
31813,2322486
31814,2322559
31815,2322632
31816,2322705
31817,2322778
31818,2322851
31819,2322924
31820,2322997
31821,2323070
31822,2323143
31823,2323216
31824,2323289
31825,2323362
31826,2323435
31827,2323508
31828,2323581
31829,2323654
31830,2323727
31831,2323800
31832,2323873
31833,2323946
31834,2324019
31835,2324092
31836,2324165
31837,2324238
31838,2324311
31839,2324384
31840,2324457
31841,2324530
31842,2324603
31843,2324676
31844,2324749
31845,2324822
31846,2324895
31847,2324968
31848,2325041
31849,2325114
31850,2325187
31851,2325260
31852,2325333
31853,2325406
31854,2325479
31855,2325552
31856,2325625
31857,2325698
31858,2325771
31859,2325844
31860,2325917
31861,2325990
31862,2326063
31863,2326136
31864,2326209
31865,2326282
31866,2326355
31867,2326428
31868,2326501
31869,2326574
31870,2326647
31871,2326720
31872,2326793
31873,2326866
31874,2326939
31875,2327012
31876,2327085
31877,2327158
31878,2327231
31879,2327304
31880,2327377
31881,2327450
31882,2327523
31883,2327596
31884,2327669
31885,2327742
31886,2327815
31887,2327888
31888,2327961
31889,2328034
31890,2328107
31891,2328180
31892,2328253
31893,2328326
31894,2328399
31895,2328472
31896,2328545
31897,2328618
31898,2328691
31899,2328764
31900,2328837
31901,2328910
31902,2328983
31903,2329056
31904,2329129
31905,2329202
31906,2329275
31907,2329348
31908,2329421
31909,2329494
31910,2329567
31911,2329640
31912,2329713
31913,2329786
31914,2329859
31915,2329932
31916,2330005
31917,2330078
31918,2330151
31919,2330224
31920,2330297
31921,2330370
31922,2330443
31923,2330516
31924,2330589
31925,2330662
31926,2330735
31927,2330808
31928,2330881
31929,2330954
31930,2331027
31931,2331100
31932,2331173
31933,2331246
31934,2331319
31935,2331392
31936,2331465
31937,2331538
31938,2331611
31939,2331684
31940,2331757
31941,2331830
31942,2331903
31943,2331976
31944,2332049
31945,2332122
31946,2332195
31947,2332268
31948,2332341
31949,2332414
31950,2332487
31951,2332560
31952,2332633
31953,2332706
31954,2332779
31955,2332852
31956,2332925
31957,2332998
31958,2333071
31959,2333144
31960,2333217
31961,2333290
31962,2333363
31963,2333436
31964,2333509
31965,2333582
31966,2333655
31967,2333728
31968,2333801
31969,2333874
31970,2333947
31971,2334020
31972,2334093
31973,2334166
31974,2334239
31975,2334312
31976,2334385
31977,2334458
31978,2334531
31979,2334604
31980,2334677
31981,2334750
31982,2334823
31983,2334896
31984,2334969
31985,2335042
31986,2335115
31987,2335188
31988,2335261
31989,2335334
31990,2335407
31991,2335480
31992,2335553
31993,2335626
31994,2335699
31995,2335772
31996,2335845
31997,2335918
31998,2335991
31999,2336064
32000,2336137
32001,2336210
32002,2336283
32003,2336356
32004,2336429
32005,2336502
32006,2336575
32007,2336648
32008,2336721
32009,2336794
32010,2336867
32011,2336940
32012,2337013
32013,2337086
32014,2337159
32015,2337232
32016,2337305
32017,2337378
32018,2337451
32019,2337524
32020,2337597
32021,2337670
32022,2337743
32023,2337816
32024,2337889
32025,2337962
32026,2338035
32027,2338108
32028,2338181
32029,2338254
32030,2338327
32031,2338400
32032,2338473
32033,2338546
32034,2338619
32035,2338692
32036,2338765
32037,2338838
32038,2338911
32039,2338984
32040,2339057
32041,2339130
32042,2339203
32043,2339276
32044,2339349
32045,2339422
32046,2339495
32047,2339568
32048,2339641
32049,2339714
32050,2339787
32051,2339860
32052,2339933
32053,2340006
32054,2340079
32055,2340152
32056,2340225
32057,2340298
32058,2340371
32059,2340444
32060,2340517
32061,2340590
32062,2340663
32063,2340736
32064,2340809
32065,2340882
32066,2340955
32067,2341028
32068,2341101
32069,2341174
32070,2341247
32071,2341320
32072,2341393
32073,2341466
32074,2341539
32075,2341612
32076,2341685
32077,2341758
32078,2341831
32079,2341904
32080,2341977
32081,2342050
32082,2342123
32083,2342196
32084,2342269
32085,2342342
32086,2342415
32087,2342488
32088,2342561
32089,2342634
32090,2342707
32091,2342780
32092,2342853
32093,2342926
32094,2342999
32095,2343072
32096,2343145
32097,2343218
32098,2343291
32099,2343364
32100,2343437
32101,2343510
32102,2343583
32103,2343656
32104,2343729
32105,2343802
32106,2343875
32107,2343948
32108,2344021
32109,2344094
32110,2344167
32111,2344240
32112,2344313
32113,2344386
32114,2344459
32115,2344532
32116,2344605
32117,2344678
32118,2344751
32119,2344824
32120,2344897
32121,2344970
32122,2345043
32123,2345116
32124,2345189
32125,2345262
32126,2345335
32127,2345408
32128,2345481
32129,2345554
32130,2345627
32131,2345700
32132,2345773
32133,2345846
32134,2345919
32135,2345992
32136,2346065
32137,2346138
32138,2346211
32139,2346284
32140,2346357
32141,2346430
32142,2346503
32143,2346576
32144,2346649
32145,2346722
32146,2346795
32147,2346868
32148,2346941
32149,2347014
32150,2347087
32151,2347160
32152,2347233
32153,2347306
32154,2347379
32155,2347452
32156,2347525
32157,2347598
32158,2347671
32159,2347744
32160,2347817
32161,2347890
32162,2347963
32163,2348036
32164,2348109
32165,2348182
32166,2348255
32167,2348328
32168,2348401
32169,2348474
32170,2348547
32171,2348620
32172,2348693
32173,2348766
32174,2348839
32175,2348912
32176,2348985
32177,2349058
32178,2349131
32179,2349204
32180,2349277
32181,2349350
32182,2349423
32183,2349496
32184,2349569
32185,2349642
32186,2349715
32187,2349788
32188,2349861
32189,2349934
32190,2350007
32191,2350080
32192,2350153
32193,2350226
32194,2350299
32195,2350372
32196,2350445
32197,2350518
32198,2350591
32199,2350664
32200,2350737
32201,2350810
32202,2350883
32203,2350956
32204,2351029
32205,2351102
32206,2351175
32207,2351248
32208,2351321
32209,2351394
32210,2351467
32211,2351540
32212,2351613
32213,2351686
32214,2351759
32215,2351832
32216,2351905
32217,2351978
32218,2352051
32219,2352124
32220,2352197
32221,2352270
32222,2352343
32223,2352416
32224,2352489
32225,2352562
32226,2352635
32227,2352708
32228,2352781
32229,2352854
32230,2352927
32231,2353000
32232,2353073
32233,2353146
32234,2353219
32235,2353292
32236,2353365
32237,2353438
32238,2353511
32239,2353584
32240,2353657
32241,2353730
32242,2353803
32243,2353876
32244,2353949
32245,2354022
32246,2354095
32247,2354168
32248,2354241
32249,2354314
32250,2354387
32251,2354460
32252,2354533
32253,2354606
32254,2354679
32255,2354752
32256,2354825
32257,2354898
32258,2354971
32259,2355044
32260,2355117
32261,2355190
32262,2355263
32263,2355336
32264,2355409
32265,2355482
32266,2355555
32267,2355628
32268,2355701
32269,2355774
32270,2355847
32271,2355920
32272,2355993
32273,2356066
32274,2356139
32275,2356212
32276,2356285
32277,2356358
32278,2356431
32279,2356504
32280,2356577
32281,2356650
32282,2356723
32283,2356796
32284,2356869
32285,2356942
32286,2357015
32287,2357088
32288,2357161
32289,2357234
32290,2357307
32291,2357380
32292,2357453
32293,2357526
32294,2357599
32295,2357672
32296,2357745
32297,2357818
32298,2357891
32299,2357964
32300,2358037
32301,2358110
32302,2358183
32303,2358256
32304,2358329
32305,2358402
32306,2358475
32307,2358548
32308,2358621
32309,2358694
32310,2358767
32311,2358840
32312,2358913
32313,2358986
32314,2359059
32315,2359132
32316,2359205
32317,2359278
32318,2359351
32319,2359424
32320,2359497
32321,2359570
32322,2359643
32323,2359716
32324,2359789
32325,2359862
32326,2359935
32327,2360008
32328,2360081
32329,2360154
32330,2360227
32331,2360300
32332,2360373
32333,2360446
32334,2360519
32335,2360592
32336,2360665
32337,2360738
32338,2360811
32339,2360884
32340,2360957
32341,2361030
32342,2361103
32343,2361176
32344,2361249
32345,2361322
32346,2361395
32347,2361468
32348,2361541
32349,2361614
32350,2361687
32351,2361760
32352,2361833
32353,2361906
32354,2361979
32355,2362052
32356,2362125
32357,2362198
32358,2362271
32359,2362344
32360,2362417
32361,2362490
32362,2362563
32363,2362636
32364,2362709
32365,2362782
32366,2362855
32367,2362928
32368,2363001
32369,2363074
32370,2363147
32371,2363220
32372,2363293
32373,2363366
32374,2363439
32375,2363512
32376,2363585
32377,2363658
32378,2363731
32379,2363804
32380,2363877
32381,2363950
32382,2364023
32383,2364096
32384,2364169
32385,2364242
32386,2364315
32387,2364388
32388,2364461
32389,2364534
32390,2364607
32391,2364680
32392,2364753
32393,2364826
32394,2364899
32395,2364972
32396,2365045
32397,2365118
32398,2365191
32399,2365264
32400,2365337
32401,2365410
32402,2365483
32403,2365556
32404,2365629
32405,2365702
32406,2365775
32407,2365848
32408,2365921
32409,2365994
32410,2366067
32411,2366140
32412,2366213
32413,2366286
32414,2366359
32415,2366432
32416,2366505
32417,2366578
32418,2366651
32419,2366724
32420,2366797
32421,2366870
32422,2366943
32423,2367016
32424,2367089
32425,2367162
32426,2367235
32427,2367308
32428,2367381
32429,2367454
32430,2367527
32431,2367600
32432,2367673
32433,2367746
32434,2367819
32435,2367892
32436,2367965
32437,2368038
32438,2368111
32439,2368184
32440,2368257
32441,2368330
32442,2368403
32443,2368476
32444,2368549
32445,2368622
32446,2368695
32447,2368768
32448,2368841
32449,2368914
32450,2368987
32451,2369060
32452,2369133
32453,2369206
32454,2369279
32455,2369352
32456,2369425
32457,2369498
32458,2369571
32459,2369644
32460,2369717
32461,2369790
32462,2369863
32463,2369936
32464,2370009
32465,2370082
32466,2370155
32467,2370228
32468,2370301
32469,2370374
32470,2370447
32471,2370520
32472,2370593
32473,2370666
32474,2370739
32475,2370812
32476,2370885
32477,2370958
32478,2371031
32479,2371104
32480,2371177
32481,2371250
32482,2371323
32483,2371396
32484,2371469
32485,2371542
32486,2371615
32487,2371688
32488,2371761
32489,2371834
32490,2371907
32491,2371980
32492,2372053
32493,2372126
32494,2372199
32495,2372272
32496,2372345
32497,2372418
32498,2372491
32499,2372564
32500,2372637
32501,2372710
32502,2372783
32503,2372856
32504,2372929
32505,2373002
32506,2373075
32507,2373148
32508,2373221
32509,2373294
32510,2373367
32511,2373440
32512,2373513
32513,2373586
32514,2373659
32515,2373732
32516,2373805
32517,2373878
32518,2373951
32519,2374024
32520,2374097
32521,2374170
32522,2374243
32523,2374316
32524,2374389
32525,2374462
32526,2374535
32527,2374608
32528,2374681
32529,2374754
32530,2374827
32531,2374900
32532,2374973
32533,2375046
32534,2375119
32535,2375192
32536,2375265
32537,2375338
32538,2375411
32539,2375484
32540,2375557
32541,2375630
32542,2375703
32543,2375776
32544,2375849
32545,2375922
32546,2375995
32547,2376068
32548,2376141
32549,2376214
32550,2376287
32551,2376360
32552,2376433
32553,2376506
32554,2376579
32555,2376652
32556,2376725
32557,2376798
32558,2376871
32559,2376944
32560,2377017
32561,2377090
32562,2377163
32563,2377236
32564,2377309
32565,2377382
32566,2377455
32567,2377528
32568,2377601
32569,2377674
32570,2377747
32571,2377820
32572,2377893
32573,2377966
32574,2378039
32575,2378112
32576,2378185
32577,2378258
32578,2378331
32579,2378404
32580,2378477
32581,2378550
32582,2378623
32583,2378696
32584,2378769
32585,2378842
32586,2378915
32587,2378988
32588,2379061
32589,2379134
32590,2379207
32591,2379280
32592,2379353
32593,2379426
32594,2379499
32595,2379572
32596,2379645
32597,2379718
32598,2379791
32599,2379864
32600,2379937
32601,2380010
32602,2380083
32603,2380156
32604,2380229
32605,2380302
32606,2380375
32607,2380448
32608,2380521
32609,2380594
32610,2380667
32611,2380740
32612,2380813
32613,2380886
32614,2380959
32615,2381032
32616,2381105
32617,2381178
32618,2381251
32619,2381324
32620,2381397
32621,2381470
32622,2381543
32623,2381616
32624,2381689
32625,2381762
32626,2381835
32627,2381908
32628,2381981
32629,2382054
32630,2382127
32631,2382200
32632,2382273
32633,2382346
32634,2382419
32635,2382492
32636,2382565
32637,2382638
32638,2382711
32639,2382784
32640,2382857
32641,2382930
32642,2383003
32643,2383076
32644,2383149
32645,2383222
32646,2383295
32647,2383368
32648,2383441
32649,2383514
32650,2383587
32651,2383660
32652,2383733
32653,2383806
32654,2383879
32655,2383952
32656,2384025
32657,2384098
32658,2384171
32659,2384244
32660,2384317
32661,2384390
32662,2384463
32663,2384536
32664,2384609
32665,2384682
32666,2384755
32667,2384828
32668,2384901
32669,2384974
32670,2385047
32671,2385120
32672,2385193
32673,2385266
32674,2385339
32675,2385412
32676,2385485
32677,2385558
32678,2385631
32679,2385704
32680,2385777
32681,2385850
32682,2385923
32683,2385996
32684,2386069
32685,2386142
32686,2386215
32687,2386288
32688,2386361
32689,2386434
32690,2386507
32691,2386580
32692,2386653
32693,2386726
32694,2386799
32695,2386872
32696,2386945
32697,2387018
32698,2387091
32699,2387164
32700,2387237
32701,2387310
32702,2387383
32703,2387456
32704,2387529
32705,2387602
32706,2387675
32707,2387748
32708,2387821
32709,2387894
32710,2387967
32711,2388040
32712,2388113
32713,2388186
32714,2388259
32715,2388332
32716,2388405
32717,2388478
32718,2388551
32719,2388624
32720,2388697
32721,2388770
32722,2388843
32723,2388916
32724,2388989
32725,2389062
32726,2389135
32727,2389208
32728,2389281
32729,2389354
32730,2389427
32731,2389500
32732,2389573
32733,2389646
32734,2389719
32735,2389792
32736,2389865
32737,2389938
32738,2390011
32739,2390084
32740,2390157
32741,2390230
32742,2390303
32743,2390376
32744,2390449
32745,2390522
32746,2390595
32747,2390668
32748,2390741
32749,2390814
32750,2390887
32751,2390960
32752,2391033
32753,2391106
32754,2391179
32755,2391252
32756,2391325
32757,2391398
32758,2391471
32759,2391544
32760,2391617
32761,2391690
32762,2391763
32763,2391836
32764,2391909
32765,2391982
32766,2392055
32767,2392128
32768,2392201
32769,2392274
32770,2392347
32771,2392420
32772,2392493
32773,2392566
32774,2392639
32775,2392712
32776,2392785
32777,2392858
32778,2392931
32779,2393004
32780,2393077
32781,2393150
32782,2393223
32783,2393296
32784,2393369
32785,2393442
32786,2393515
32787,2393588
32788,2393661
32789,2393734
32790,2393807
32791,2393880
32792,2393953
32793,2394026
32794,2394099
32795,2394172
32796,2394245
32797,2394318
32798,2394391
32799,2394464
32800,2394537
32801,2394610
32802,2394683
32803,2394756
32804,2394829
32805,2394902
32806,2394975
32807,2395048
32808,2395121
32809,2395194
32810,2395267
32811,2395340
32812,2395413
32813,2395486
32814,2395559
32815,2395632
32816,2395705
32817,2395778
32818,2395851
32819,2395924
32820,2395997
32821,2396070
32822,2396143
32823,2396216
32824,2396289
32825,2396362
32826,2396435
32827,2396508
32828,2396581
32829,2396654
32830,2396727
32831,2396800
32832,2396873
32833,2396946
32834,2397019
32835,2397092
32836,2397165
32837,2397238
32838,2397311
32839,2397384
32840,2397457
32841,2397530
32842,2397603
32843,2397676
32844,2397749
32845,2397822
32846,2397895
32847,2397968
32848,2398041
32849,2398114
32850,2398187
32851,2398260
32852,2398333
32853,2398406
32854,2398479
32855,2398552
32856,2398625
32857,2398698
32858,2398771
32859,2398844
32860,2398917
32861,2398990
32862,2399063
32863,2399136
32864,2399209
32865,2399282
32866,2399355
32867,2399428
32868,2399501
32869,2399574
32870,2399647
32871,2399720
32872,2399793
32873,2399866
32874,2399939
32875,2400012
32876,2400085
32877,2400158
32878,2400231
32879,2400304
32880,2400377
32881,2400450
32882,2400523
32883,2400596
32884,2400669
32885,2400742
32886,2400815
32887,2400888
32888,2400961
32889,2401034
32890,2401107
32891,2401180
32892,2401253
32893,2401326
32894,2401399
32895,2401472
32896,2401545
32897,2401618
32898,2401691
32899,2401764
32900,2401837
32901,2401910
32902,2401983
32903,2402056
32904,2402129
32905,2402202
32906,2402275
32907,2402348
32908,2402421
32909,2402494
32910,2402567
32911,2402640
32912,2402713
32913,2402786
32914,2402859
32915,2402932
32916,2403005
32917,2403078
32918,2403151
32919,2403224
32920,2403297
32921,2403370
32922,2403443
32923,2403516
32924,2403589
32925,2403662
32926,2403735
32927,2403808
32928,2403881
32929,2403954
32930,2404027
32931,2404100
32932,2404173
32933,2404246
32934,2404319
32935,2404392
32936,2404465
32937,2404538
32938,2404611
32939,2404684
32940,2404757
32941,2404830
32942,2404903
32943,2404976
32944,2405049
32945,2405122
32946,2405195
32947,2405268
32948,2405341
32949,2405414
32950,2405487
32951,2405560
32952,2405633
32953,2405706
32954,2405779
32955,2405852
32956,2405925
32957,2405998
32958,2406071
32959,2406144
32960,2406217
32961,2406290
32962,2406363
32963,2406436
32964,2406509
32965,2406582
32966,2406655
32967,2406728
32968,2406801
32969,2406874
32970,2406947
32971,2407020
32972,2407093
32973,2407166
32974,2407239
32975,2407312
32976,2407385
32977,2407458
32978,2407531
32979,2407604
32980,2407677
32981,2407750
32982,2407823
32983,2407896
32984,2407969
32985,2408042
32986,2408115
32987,2408188
32988,2408261
32989,2408334
32990,2408407
32991,2408480
32992,2408553
32993,2408626
32994,2408699
32995,2408772
32996,2408845
32997,2408918
32998,2408991
32999,2409064
33000,2409137
33001,2409210
33002,2409283
33003,2409356
33004,2409429
33005,2409502
33006,2409575
33007,2409648
33008,2409721
33009,2409794
33010,2409867
33011,2409940
33012,2410013
33013,2410086
33014,2410159
33015,2410232
33016,2410305
33017,2410378
33018,2410451
33019,2410524
33020,2410597
33021,2410670
33022,2410743
33023,2410816
33024,2410889
33025,2410962
33026,2411035
33027,2411108
33028,2411181
33029,2411254
33030,2411327
33031,2411400
33032,2411473
33033,2411546
33034,2411619
33035,2411692
33036,2411765
33037,2411838
33038,2411911
33039,2411984
33040,2412057
33041,2412130
33042,2412203
33043,2412276
33044,2412349
33045,2412422
33046,2412495
33047,2412568
33048,2412641
33049,2412714
33050,2412787
33051,2412860
33052,2412933
33053,2413006
33054,2413079
33055,2413152
33056,2413225
33057,2413298
33058,2413371
33059,2413444
33060,2413517
33061,2413590
33062,2413663
33063,2413736
33064,2413809
33065,2413882
33066,2413955
33067,2414028
33068,2414101
33069,2414174
33070,2414247
33071,2414320
33072,2414393
33073,2414466
33074,2414539
33075,2414612
33076,2414685
33077,2414758
33078,2414831
33079,2414904
33080,2414977
33081,2415050
33082,2415123
33083,2415196
33084,2415269
33085,2415342
33086,2415415
33087,2415488
33088,2415561
33089,2415634
33090,2415707
33091,2415780
33092,2415853
33093,2415926
33094,2415999
33095,2416072
33096,2416145
33097,2416218
33098,2416291
33099,2416364
33100,2416437
33101,2416510
33102,2416583
33103,2416656
33104,2416729
33105,2416802
33106,2416875
33107,2416948
33108,2417021
33109,2417094
33110,2417167
33111,2417240
33112,2417313
33113,2417386
33114,2417459
33115,2417532
33116,2417605
33117,2417678
33118,2417751
33119,2417824
33120,2417897
33121,2417970
33122,2418043
33123,2418116
33124,2418189
33125,2418262
33126,2418335
33127,2418408
33128,2418481
33129,2418554
33130,2418627
33131,2418700
33132,2418773
33133,2418846
33134,2418919
33135,2418992
33136,2419065
33137,2419138
33138,2419211
33139,2419284
33140,2419357
33141,2419430
33142,2419503
33143,2419576
33144,2419649
33145,2419722
33146,2419795
33147,2419868
33148,2419941
33149,2420014
33150,2420087
33151,2420160
33152,2420233
33153,2420306
33154,2420379
33155,2420452
33156,2420525
33157,2420598
33158,2420671
33159,2420744
33160,2420817
33161,2420890
33162,2420963
33163,2421036
33164,2421109
33165,2421182
33166,2421255
33167,2421328
33168,2421401
33169,2421474
33170,2421547
33171,2421620
33172,2421693
33173,2421766
33174,2421839
33175,2421912
33176,2421985
33177,2422058
33178,2422131
33179,2422204
33180,2422277
33181,2422350
33182,2422423
33183,2422496
33184,2422569
33185,2422642
33186,2422715
33187,2422788
33188,2422861
33189,2422934
33190,2423007
33191,2423080
33192,2423153
33193,2423226
33194,2423299
33195,2423372
33196,2423445
33197,2423518
33198,2423591
33199,2423664
33200,2423737
33201,2423810
33202,2423883
33203,2423956
33204,2424029
33205,2424102
33206,2424175
33207,2424248
33208,2424321
33209,2424394
33210,2424467
33211,2424540
33212,2424613
33213,2424686
33214,2424759
33215,2424832
33216,2424905
33217,2424978
33218,2425051
33219,2425124
33220,2425197
33221,2425270
33222,2425343
33223,2425416
33224,2425489
33225,2425562
33226,2425635
33227,2425708
33228,2425781
33229,2425854
33230,2425927
33231,2426000
33232,2426073
33233,2426146
33234,2426219
33235,2426292
33236,2426365
33237,2426438
33238,2426511
33239,2426584
33240,2426657
33241,2426730
33242,2426803
33243,2426876
33244,2426949
33245,2427022
33246,2427095
33247,2427168
33248,2427241
33249,2427314
33250,2427387
33251,2427460
33252,2427533
33253,2427606
33254,2427679
33255,2427752
33256,2427825
33257,2427898
33258,2427971
33259,2428044
33260,2428117
33261,2428190
33262,2428263
33263,2428336
33264,2428409
33265,2428482
33266,2428555
33267,2428628
33268,2428701
33269,2428774
33270,2428847
33271,2428920
33272,2428993
33273,2429066
33274,2429139
33275,2429212
33276,2429285
33277,2429358
33278,2429431
33279,2429504
33280,2429577
33281,2429650
33282,2429723
33283,2429796
33284,2429869
33285,2429942
33286,2430015
33287,2430088
33288,2430161
33289,2430234
33290,2430307
33291,2430380
33292,2430453
33293,2430526
33294,2430599
33295,2430672
33296,2430745
33297,2430818
33298,2430891
33299,2430964
33300,2431037
33301,2431110
33302,2431183
33303,2431256
33304,2431329
33305,2431402
33306,2431475
33307,2431548
33308,2431621
33309,2431694
33310,2431767
33311,2431840
33312,2431913
33313,2431986
33314,2432059
33315,2432132
33316,2432205
33317,2432278
33318,2432351
33319,2432424
33320,2432497
33321,2432570
33322,2432643
33323,2432716
33324,2432789
33325,2432862
33326,2432935
33327,2433008
33328,2433081
33329,2433154
33330,2433227
33331,2433300
33332,2433373
33333,2433446
33334,2433519
33335,2433592
33336,2433665
33337,2433738
33338,2433811
33339,2433884
33340,2433957
33341,2434030
33342,2434103
33343,2434176
33344,2434249
33345,2434322
33346,2434395
33347,2434468
33348,2434541
33349,2434614
33350,2434687
33351,2434760
33352,2434833
33353,2434906
33354,2434979
33355,2435052
33356,2435125
33357,2435198
33358,2435271
33359,2435344
33360,2435417
33361,2435490
33362,2435563
33363,2435636
33364,2435709
33365,2435782
33366,2435855
33367,2435928
33368,2436001
33369,2436074
33370,2436147
33371,2436220
33372,2436293
33373,2436366
33374,2436439
33375,2436512
33376,2436585
33377,2436658
33378,2436731
33379,2436804
33380,2436877
33381,2436950
33382,2437023
33383,2437096
33384,2437169
33385,2437242
33386,2437315
33387,2437388
33388,2437461
33389,2437534
33390,2437607
33391,2437680
33392,2437753
33393,2437826
33394,2437899
33395,2437972
33396,2438045
33397,2438118
33398,2438191
33399,2438264
33400,2438337
33401,2438410
33402,2438483
33403,2438556
33404,2438629
33405,2438702
33406,2438775
33407,2438848
33408,2438921
33409,2438994
33410,2439067
33411,2439140
33412,2439213
33413,2439286
33414,2439359
33415,2439432
33416,2439505
33417,2439578
33418,2439651
33419,2439724
33420,2439797
33421,2439870
33422,2439943
33423,2440016
33424,2440089
33425,2440162
33426,2440235
33427,2440308
33428,2440381
33429,2440454
33430,2440527
33431,2440600
33432,2440673
33433,2440746
33434,2440819
33435,2440892
33436,2440965
33437,2441038
33438,2441111
33439,2441184
33440,2441257
33441,2441330
33442,2441403
33443,2441476
33444,2441549
33445,2441622
33446,2441695
33447,2441768
33448,2441841
33449,2441914
33450,2441987
33451,2442060
33452,2442133
33453,2442206
33454,2442279
33455,2442352
33456,2442425
33457,2442498
33458,2442571
33459,2442644
33460,2442717
33461,2442790
33462,2442863
33463,2442936
33464,2443009
33465,2443082
33466,2443155
33467,2443228
33468,2443301
33469,2443374
33470,2443447
33471,2443520
33472,2443593
33473,2443666
33474,2443739
33475,2443812
33476,2443885
33477,2443958
33478,2444031
33479,2444104
33480,2444177
33481,2444250
33482,2444323
33483,2444396
33484,2444469
33485,2444542
33486,2444615
33487,2444688
33488,2444761
33489,2444834
33490,2444907
33491,2444980
33492,2445053
33493,2445126
33494,2445199
33495,2445272
33496,2445345
33497,2445418
33498,2445491
33499,2445564
33500,2445637
33501,2445710
33502,2445783
33503,2445856
33504,2445929
33505,2446002
33506,2446075
33507,2446148
33508,2446221
33509,2446294
33510,2446367
33511,2446440
33512,2446513
33513,2446586
33514,2446659
33515,2446732
33516,2446805
33517,2446878
33518,2446951
33519,2447024
33520,2447097
33521,2447170
33522,2447243
33523,2447316
33524,2447389
33525,2447462
33526,2447535
33527,2447608
33528,2447681
33529,2447754
33530,2447827
33531,2447900
33532,2447973
33533,2448046
33534,2448119
33535,2448192
33536,2448265
33537,2448338
33538,2448411
33539,2448484
33540,2448557
33541,2448630
33542,2448703
33543,2448776
33544,2448849
33545,2448922
33546,2448995
33547,2449068
33548,2449141
33549,2449214
33550,2449287
33551,2449360
33552,2449433
33553,2449506
33554,2449579
33555,2449652
33556,2449725
33557,2449798
33558,2449871
33559,2449944
33560,2450017
33561,2450090
33562,2450163
33563,2450236
33564,2450309
33565,2450382
33566,2450455
33567,2450528
33568,2450601
33569,2450674
33570,2450747
33571,2450820
33572,2450893
33573,2450966
33574,2451039
33575,2451112
33576,2451185
33577,2451258
33578,2451331
33579,2451404
33580,2451477
33581,2451550
33582,2451623
33583,2451696
33584,2451769
33585,2451842
33586,2451915
33587,2451988
33588,2452061
33589,2452134
33590,2452207
33591,2452280
33592,2452353
33593,2452426
33594,2452499
33595,2452572
33596,2452645
33597,2452718
33598,2452791
33599,2452864
33600,2452937
33601,2453010
33602,2453083
33603,2453156
33604,2453229
33605,2453302
33606,2453375
33607,2453448
33608,2453521
33609,2453594
33610,2453667
33611,2453740
33612,2453813
33613,2453886
33614,2453959
33615,2454032
33616,2454105
33617,2454178
33618,2454251
33619,2454324
33620,2454397
33621,2454470
33622,2454543
33623,2454616
33624,2454689
33625,2454762
33626,2454835
33627,2454908
33628,2454981
33629,2455054
33630,2455127
33631,2455200
33632,2455273
33633,2455346
33634,2455419
33635,2455492
33636,2455565
33637,2455638
33638,2455711
33639,2455784
33640,2455857
33641,2455930
33642,2456003
33643,2456076
33644,2456149
33645,2456222
33646,2456295
33647,2456368
33648,2456441
33649,2456514
33650,2456587
33651,2456660
33652,2456733
33653,2456806
33654,2456879
33655,2456952
33656,2457025
33657,2457098
33658,2457171
33659,2457244
33660,2457317
33661,2457390
33662,2457463
33663,2457536
33664,2457609
33665,2457682
33666,2457755
33667,2457828
33668,2457901
33669,2457974
33670,2458047
33671,2458120
33672,2458193
33673,2458266
33674,2458339
33675,2458412
33676,2458485
33677,2458558
33678,2458631
33679,2458704
33680,2458777
33681,2458850
33682,2458923
33683,2458996
33684,2459069
33685,2459142
33686,2459215
33687,2459288
33688,2459361
33689,2459434
33690,2459507
33691,2459580
33692,2459653
33693,2459726
33694,2459799
33695,2459872
33696,2459945
33697,2460018
33698,2460091
33699,2460164
33700,2460237
33701,2460310
33702,2460383
33703,2460456
33704,2460529
33705,2460602
33706,2460675
33707,2460748
33708,2460821
33709,2460894
33710,2460967
33711,2461040
33712,2461113
33713,2461186
33714,2461259
33715,2461332
33716,2461405
33717,2461478
33718,2461551
33719,2461624
33720,2461697
33721,2461770
33722,2461843
33723,2461916
33724,2461989
33725,2462062
33726,2462135
33727,2462208
33728,2462281
33729,2462354
33730,2462427
33731,2462500
33732,2462573
33733,2462646
33734,2462719
33735,2462792
33736,2462865
33737,2462938
33738,2463011
33739,2463084
33740,2463157
33741,2463230
33742,2463303
33743,2463376
33744,2463449
33745,2463522
33746,2463595
33747,2463668
33748,2463741
33749,2463814
33750,2463887
33751,2463960
33752,2464033
33753,2464106
33754,2464179
33755,2464252
33756,2464325
33757,2464398
33758,2464471
33759,2464544
33760,2464617
33761,2464690
33762,2464763
33763,2464836
33764,2464909
33765,2464982
33766,2465055
33767,2465128
33768,2465201
33769,2465274
33770,2465347
33771,2465420
33772,2465493
33773,2465566
33774,2465639
33775,2465712
33776,2465785
33777,2465858
33778,2465931
33779,2466004
33780,2466077
33781,2466150
33782,2466223
33783,2466296
33784,2466369
33785,2466442
33786,2466515
33787,2466588
33788,2466661
33789,2466734
33790,2466807
33791,2466880
33792,2466953
33793,2467026
33794,2467099
33795,2467172
33796,2467245
33797,2467318
33798,2467391
33799,2467464
33800,2467537
33801,2467610
33802,2467683
33803,2467756
33804,2467829
33805,2467902
33806,2467975
33807,2468048
33808,2468121
33809,2468194
33810,2468267
33811,2468340
33812,2468413
33813,2468486
33814,2468559
33815,2468632
33816,2468705
33817,2468778
33818,2468851
33819,2468924
33820,2468997
33821,2469070
33822,2469143
33823,2469216
33824,2469289
33825,2469362
33826,2469435
33827,2469508
33828,2469581
33829,2469654
33830,2469727
33831,2469800
33832,2469873
33833,2469946
33834,2470019
33835,2470092
33836,2470165
33837,2470238
33838,2470311
33839,2470384
33840,2470457
33841,2470530
33842,2470603
33843,2470676
33844,2470749
33845,2470822
33846,2470895
33847,2470968
33848,2471041
33849,2471114
33850,2471187
33851,2471260
33852,2471333
33853,2471406
33854,2471479
33855,2471552
33856,2471625
33857,2471698
33858,2471771
33859,2471844
33860,2471917
33861,2471990
33862,2472063
33863,2472136
33864,2472209
33865,2472282
33866,2472355
33867,2472428
33868,2472501
33869,2472574
33870,2472647
33871,2472720
33872,2472793
33873,2472866
33874,2472939
33875,2473012
33876,2473085
33877,2473158
33878,2473231
33879,2473304
33880,2473377
33881,2473450
33882,2473523
33883,2473596
33884,2473669
33885,2473742
33886,2473815
33887,2473888
33888,2473961
33889,2474034
33890,2474107
33891,2474180
33892,2474253
33893,2474326
33894,2474399
33895,2474472
33896,2474545
33897,2474618
33898,2474691
33899,2474764
33900,2474837
33901,2474910
33902,2474983
33903,2475056
33904,2475129
33905,2475202
33906,2475275
33907,2475348
33908,2475421
33909,2475494
33910,2475567
33911,2475640
33912,2475713
33913,2475786
33914,2475859
33915,2475932
33916,2476005
33917,2476078
33918,2476151
33919,2476224
33920,2476297
33921,2476370
33922,2476443
33923,2476516
33924,2476589
33925,2476662
33926,2476735
33927,2476808
33928,2476881
33929,2476954
33930,2477027
33931,2477100
33932,2477173
33933,2477246
33934,2477319
33935,2477392
33936,2477465
33937,2477538
33938,2477611
33939,2477684
33940,2477757
33941,2477830
33942,2477903
33943,2477976
33944,2478049
33945,2478122
33946,2478195
33947,2478268
33948,2478341
33949,2478414
33950,2478487
33951,2478560
33952,2478633
33953,2478706
33954,2478779
33955,2478852
33956,2478925
33957,2478998
33958,2479071
33959,2479144
33960,2479217
33961,2479290
33962,2479363
33963,2479436
33964,2479509
33965,2479582
33966,2479655
33967,2479728
33968,2479801
33969,2479874
33970,2479947
33971,2480020
33972,2480093
33973,2480166
33974,2480239
33975,2480312
33976,2480385
33977,2480458
33978,2480531
33979,2480604
33980,2480677
33981,2480750
33982,2480823
33983,2480896
33984,2480969
33985,2481042
33986,2481115
33987,2481188
33988,2481261
33989,2481334
33990,2481407
33991,2481480
33992,2481553
33993,2481626
33994,2481699
33995,2481772
33996,2481845
33997,2481918
33998,2481991
33999,2482064
34000,2482137
34001,2482210
34002,2482283
34003,2482356
34004,2482429
34005,2482502
34006,2482575
34007,2482648
34008,2482721
34009,2482794
34010,2482867
34011,2482940
34012,2483013
34013,2483086
34014,2483159
34015,2483232
34016,2483305
34017,2483378
34018,2483451
34019,2483524
34020,2483597
34021,2483670
34022,2483743
34023,2483816
34024,2483889
34025,2483962
34026,2484035
34027,2484108
34028,2484181
34029,2484254
34030,2484327
34031,2484400
34032,2484473
34033,2484546
34034,2484619
34035,2484692
34036,2484765
34037,2484838
34038,2484911
34039,2484984
34040,2485057
34041,2485130
34042,2485203
34043,2485276
34044,2485349
34045,2485422
34046,2485495
34047,2485568
34048,2485641
34049,2485714
34050,2485787
34051,2485860
34052,2485933
34053,2486006
34054,2486079
34055,2486152
34056,2486225
34057,2486298
34058,2486371
34059,2486444
34060,2486517
34061,2486590
34062,2486663
34063,2486736
34064,2486809
34065,2486882
34066,2486955
34067,2487028
34068,2487101
34069,2487174
34070,2487247
34071,2487320
34072,2487393
34073,2487466
34074,2487539
34075,2487612
34076,2487685
34077,2487758
34078,2487831
34079,2487904
34080,2487977
34081,2488050
34082,2488123
34083,2488196
34084,2488269
34085,2488342
34086,2488415
34087,2488488
34088,2488561
34089,2488634
34090,2488707
34091,2488780
34092,2488853
34093,2488926
34094,2488999
34095,2489072
34096,2489145
34097,2489218
34098,2489291
34099,2489364
34100,2489437
34101,2489510
34102,2489583
34103,2489656
34104,2489729
34105,2489802
34106,2489875
34107,2489948
34108,2490021
34109,2490094
34110,2490167
34111,2490240
34112,2490313
34113,2490386
34114,2490459
34115,2490532
34116,2490605
34117,2490678
34118,2490751
34119,2490824
34120,2490897
34121,2490970
34122,2491043
34123,2491116
34124,2491189
34125,2491262
34126,2491335
34127,2491408
34128,2491481
34129,2491554
34130,2491627
34131,2491700
34132,2491773
34133,2491846
34134,2491919
34135,2491992
34136,2492065
34137,2492138
34138,2492211
34139,2492284
34140,2492357
34141,2492430
34142,2492503
34143,2492576
34144,2492649
34145,2492722
34146,2492795
34147,2492868
34148,2492941
34149,2493014
34150,2493087
34151,2493160
34152,2493233
34153,2493306
34154,2493379
34155,2493452
34156,2493525
34157,2493598
34158,2493671
34159,2493744
34160,2493817
34161,2493890
34162,2493963
34163,2494036
34164,2494109
34165,2494182
34166,2494255
34167,2494328
34168,2494401
34169,2494474
34170,2494547
34171,2494620
34172,2494693
34173,2494766
34174,2494839
34175,2494912
34176,2494985
34177,2495058
34178,2495131
34179,2495204
34180,2495277
34181,2495350
34182,2495423
34183,2495496
34184,2495569
34185,2495642
34186,2495715
34187,2495788
34188,2495861
34189,2495934
34190,2496007
34191,2496080
34192,2496153
34193,2496226
34194,2496299
34195,2496372
34196,2496445
34197,2496518
34198,2496591
34199,2496664
34200,2496737
34201,2496810
34202,2496883
34203,2496956
34204,2497029
34205,2497102
34206,2497175
34207,2497248
34208,2497321
34209,2497394
34210,2497467
34211,2497540
34212,2497613
34213,2497686
34214,2497759
34215,2497832
34216,2497905
34217,2497978
34218,2498051
34219,2498124
34220,2498197
34221,2498270
34222,2498343
34223,2498416
34224,2498489
34225,2498562
34226,2498635
34227,2498708
34228,2498781
34229,2498854
34230,2498927
34231,2499000
34232,2499073
34233,2499146
34234,2499219
34235,2499292
34236,2499365
34237,2499438
34238,2499511
34239,2499584
34240,2499657
34241,2499730
34242,2499803
34243,2499876
34244,2499949
34245,2500022
34246,2500095
34247,2500168
34248,2500241
34249,2500314
34250,2500387
34251,2500460
34252,2500533
34253,2500606
34254,2500679
34255,2500752
34256,2500825
34257,2500898
34258,2500971
34259,2501044
34260,2501117
34261,2501190
34262,2501263
34263,2501336
34264,2501409
34265,2501482
34266,2501555
34267,2501628
34268,2501701
34269,2501774
34270,2501847
34271,2501920
34272,2501993
34273,2502066
34274,2502139
34275,2502212
34276,2502285
34277,2502358
34278,2502431
34279,2502504
34280,2502577
34281,2502650
34282,2502723
34283,2502796
34284,2502869
34285,2502942
34286,2503015
34287,2503088
34288,2503161
34289,2503234
34290,2503307
34291,2503380
34292,2503453
34293,2503526
34294,2503599
34295,2503672
34296,2503745
34297,2503818
34298,2503891
34299,2503964
34300,2504037
34301,2504110
34302,2504183
34303,2504256
34304,2504329
34305,2504402
34306,2504475
34307,2504548
34308,2504621
34309,2504694
34310,2504767
34311,2504840
34312,2504913
34313,2504986
34314,2505059
34315,2505132
34316,2505205
34317,2505278
34318,2505351
34319,2505424
34320,2505497
34321,2505570
34322,2505643
34323,2505716
34324,2505789
34325,2505862
34326,2505935
34327,2506008
34328,2506081
34329,2506154
34330,2506227
34331,2506300
34332,2506373
34333,2506446
34334,2506519
34335,2506592
34336,2506665
34337,2506738
34338,2506811
34339,2506884
34340,2506957
34341,2507030
34342,2507103
34343,2507176
34344,2507249
34345,2507322
34346,2507395
34347,2507468
34348,2507541
34349,2507614
34350,2507687
34351,2507760
34352,2507833
34353,2507906
34354,2507979
34355,2508052
34356,2508125
34357,2508198
34358,2508271
34359,2508344
34360,2508417
34361,2508490
34362,2508563
34363,2508636
34364,2508709
34365,2508782
34366,2508855
34367,2508928
34368,2509001
34369,2509074
34370,2509147
34371,2509220
34372,2509293
34373,2509366
34374,2509439
34375,2509512
34376,2509585
34377,2509658
34378,2509731
34379,2509804
34380,2509877
34381,2509950
34382,2510023
34383,2510096
34384,2510169
34385,2510242
34386,2510315
34387,2510388
34388,2510461
34389,2510534
34390,2510607
34391,2510680
34392,2510753
34393,2510826
34394,2510899
34395,2510972
34396,2511045
34397,2511118
34398,2511191
34399,2511264
34400,2511337
34401,2511410
34402,2511483
34403,2511556
34404,2511629
34405,2511702
34406,2511775
34407,2511848
34408,2511921
34409,2511994
34410,2512067
34411,2512140
34412,2512213
34413,2512286
34414,2512359
34415,2512432
34416,2512505
34417,2512578
34418,2512651
34419,2512724
34420,2512797
34421,2512870
34422,2512943
34423,2513016
34424,2513089
34425,2513162
34426,2513235
34427,2513308
34428,2513381
34429,2513454
34430,2513527
34431,2513600
34432,2513673
34433,2513746
34434,2513819
34435,2513892
34436,2513965
34437,2514038
34438,2514111
34439,2514184
34440,2514257
34441,2514330
34442,2514403
34443,2514476
34444,2514549
34445,2514622
34446,2514695
34447,2514768
34448,2514841
34449,2514914
34450,2514987
34451,2515060
34452,2515133
34453,2515206
34454,2515279
34455,2515352
34456,2515425
34457,2515498
34458,2515571
34459,2515644
34460,2515717
34461,2515790
34462,2515863
34463,2515936
34464,2516009
34465,2516082
34466,2516155
34467,2516228
34468,2516301
34469,2516374
34470,2516447
34471,2516520
34472,2516593
34473,2516666
34474,2516739
34475,2516812
34476,2516885
34477,2516958
34478,2517031
34479,2517104
34480,2517177
34481,2517250
34482,2517323
34483,2517396
34484,2517469
34485,2517542
34486,2517615
34487,2517688
34488,2517761
34489,2517834
34490,2517907
34491,2517980
34492,2518053
34493,2518126
34494,2518199
34495,2518272
34496,2518345
34497,2518418
34498,2518491
34499,2518564
34500,2518637
34501,2518710
34502,2518783
34503,2518856
34504,2518929
34505,2519002
34506,2519075
34507,2519148
34508,2519221
34509,2519294
34510,2519367
34511,2519440
34512,2519513
34513,2519586
34514,2519659
34515,2519732
34516,2519805
34517,2519878
34518,2519951
34519,2520024
34520,2520097
34521,2520170
34522,2520243
34523,2520316
34524,2520389
34525,2520462
34526,2520535
34527,2520608
34528,2520681
34529,2520754
34530,2520827
34531,2520900
34532,2520973
34533,2521046
34534,2521119
34535,2521192
34536,2521265
34537,2521338
34538,2521411
34539,2521484
34540,2521557
34541,2521630
34542,2521703
34543,2521776
34544,2521849
34545,2521922
34546,2521995
34547,2522068
34548,2522141
34549,2522214
34550,2522287
34551,2522360
34552,2522433
34553,2522506
34554,2522579
34555,2522652
34556,2522725
34557,2522798
34558,2522871
34559,2522944
34560,2523017
34561,2523090
34562,2523163
34563,2523236
34564,2523309
34565,2523382
34566,2523455
34567,2523528
34568,2523601
34569,2523674
34570,2523747
34571,2523820
34572,2523893
34573,2523966
34574,2524039
34575,2524112
34576,2524185
34577,2524258
34578,2524331
34579,2524404
34580,2524477
34581,2524550
34582,2524623
34583,2524696
34584,2524769
34585,2524842
34586,2524915
34587,2524988
34588,2525061
34589,2525134
34590,2525207
34591,2525280
34592,2525353
34593,2525426
34594,2525499
34595,2525572
34596,2525645
34597,2525718
34598,2525791
34599,2525864
34600,2525937
34601,2526010
34602,2526083
34603,2526156
34604,2526229
34605,2526302
34606,2526375
34607,2526448
34608,2526521
34609,2526594
34610,2526667
34611,2526740
34612,2526813
34613,2526886
34614,2526959
34615,2527032
34616,2527105
34617,2527178
34618,2527251
34619,2527324
34620,2527397
34621,2527470
34622,2527543
34623,2527616
34624,2527689
34625,2527762
34626,2527835
34627,2527908
34628,2527981
34629,2528054
34630,2528127
34631,2528200
34632,2528273
34633,2528346
34634,2528419
34635,2528492
34636,2528565
34637,2528638
34638,2528711
34639,2528784
34640,2528857
34641,2528930
34642,2529003
34643,2529076
34644,2529149
34645,2529222
34646,2529295
34647,2529368
34648,2529441
34649,2529514
34650,2529587
34651,2529660
34652,2529733
34653,2529806
34654,2529879
34655,2529952
34656,2530025
34657,2530098
34658,2530171
34659,2530244
34660,2530317
34661,2530390
34662,2530463
34663,2530536
34664,2530609
34665,2530682
34666,2530755
34667,2530828
34668,2530901
34669,2530974
34670,2531047
34671,2531120
34672,2531193
34673,2531266
34674,2531339
34675,2531412
34676,2531485
34677,2531558
34678,2531631
34679,2531704
34680,2531777
34681,2531850
34682,2531923
34683,2531996
34684,2532069
34685,2532142
34686,2532215
34687,2532288
34688,2532361
34689,2532434
34690,2532507
34691,2532580
34692,2532653
34693,2532726
34694,2532799
34695,2532872
34696,2532945
34697,2533018
34698,2533091
34699,2533164
34700,2533237
34701,2533310
34702,2533383
34703,2533456
34704,2533529
34705,2533602
34706,2533675
34707,2533748
34708,2533821
34709,2533894
34710,2533967
34711,2534040
34712,2534113
34713,2534186
34714,2534259
34715,2534332
34716,2534405
34717,2534478
34718,2534551
34719,2534624
34720,2534697
34721,2534770
34722,2534843
34723,2534916
34724,2534989
34725,2535062
34726,2535135
34727,2535208
34728,2535281
34729,2535354
34730,2535427
34731,2535500
34732,2535573
34733,2535646
34734,2535719
34735,2535792
34736,2535865
34737,2535938
34738,2536011
34739,2536084
34740,2536157
34741,2536230
34742,2536303
34743,2536376
34744,2536449
34745,2536522
34746,2536595
34747,2536668
34748,2536741
34749,2536814
34750,2536887
34751,2536960
34752,2537033
34753,2537106
34754,2537179
34755,2537252
34756,2537325
34757,2537398
34758,2537471
34759,2537544
34760,2537617
34761,2537690
34762,2537763
34763,2537836
34764,2537909
34765,2537982
34766,2538055
34767,2538128
34768,2538201
34769,2538274
34770,2538347
34771,2538420
34772,2538493
34773,2538566
34774,2538639
34775,2538712
34776,2538785
34777,2538858
34778,2538931
34779,2539004
34780,2539077
34781,2539150
34782,2539223
34783,2539296
34784,2539369
34785,2539442
34786,2539515
34787,2539588
34788,2539661
34789,2539734
34790,2539807
34791,2539880
34792,2539953
34793,2540026
34794,2540099
34795,2540172
34796,2540245
34797,2540318
34798,2540391
34799,2540464
34800,2540537
34801,2540610
34802,2540683
34803,2540756
34804,2540829
34805,2540902
34806,2540975
34807,2541048
34808,2541121
34809,2541194
34810,2541267
34811,2541340
34812,2541413
34813,2541486
34814,2541559
34815,2541632
34816,2541705
34817,2541778
34818,2541851
34819,2541924
34820,2541997
34821,2542070
34822,2542143
34823,2542216
34824,2542289
34825,2542362
34826,2542435
34827,2542508
34828,2542581
34829,2542654
34830,2542727
34831,2542800
34832,2542873
34833,2542946
34834,2543019
34835,2543092
34836,2543165
34837,2543238
34838,2543311
34839,2543384
34840,2543457
34841,2543530
34842,2543603
34843,2543676
34844,2543749
34845,2543822
34846,2543895
34847,2543968
34848,2544041
34849,2544114
34850,2544187
34851,2544260
34852,2544333
34853,2544406
34854,2544479
34855,2544552
34856,2544625
34857,2544698
34858,2544771
34859,2544844
34860,2544917
34861,2544990
34862,2545063
34863,2545136
34864,2545209
34865,2545282
34866,2545355
34867,2545428
34868,2545501
34869,2545574
34870,2545647
34871,2545720
34872,2545793
34873,2545866
34874,2545939
34875,2546012
34876,2546085
34877,2546158
34878,2546231
34879,2546304
34880,2546377
34881,2546450
34882,2546523
34883,2546596
34884,2546669
34885,2546742
34886,2546815
34887,2546888
34888,2546961
34889,2547034
34890,2547107
34891,2547180
34892,2547253
34893,2547326
34894,2547399
34895,2547472
34896,2547545
34897,2547618
34898,2547691
34899,2547764
34900,2547837
34901,2547910
34902,2547983
34903,2548056
34904,2548129
34905,2548202
34906,2548275
34907,2548348
34908,2548421
34909,2548494
34910,2548567
34911,2548640
34912,2548713
34913,2548786
34914,2548859
34915,2548932
34916,2549005
34917,2549078
34918,2549151
34919,2549224
34920,2549297
34921,2549370
34922,2549443
34923,2549516
34924,2549589
34925,2549662
34926,2549735
34927,2549808
34928,2549881
34929,2549954
34930,2550027
34931,2550100
34932,2550173
34933,2550246
34934,2550319
34935,2550392
34936,2550465
34937,2550538
34938,2550611
34939,2550684
34940,2550757
34941,2550830
34942,2550903
34943,2550976
34944,2551049
34945,2551122
34946,2551195
34947,2551268
34948,2551341
34949,2551414
34950,2551487
34951,2551560
34952,2551633
34953,2551706
34954,2551779
34955,2551852
34956,2551925
34957,2551998
34958,2552071
34959,2552144
34960,2552217
34961,2552290
34962,2552363
34963,2552436
34964,2552509
34965,2552582
34966,2552655
34967,2552728
34968,2552801
34969,2552874
34970,2552947
34971,2553020
34972,2553093
34973,2553166
34974,2553239
34975,2553312
34976,2553385
34977,2553458
34978,2553531
34979,2553604
34980,2553677
34981,2553750
34982,2553823
34983,2553896
34984,2553969
34985,2554042
34986,2554115
34987,2554188
34988,2554261
34989,2554334
34990,2554407
34991,2554480
34992,2554553
34993,2554626
34994,2554699
34995,2554772
34996,2554845
34997,2554918
34998,2554991
34999,2555064
35000,2555137
35001,2555210
35002,2555283
35003,2555356
35004,2555429
35005,2555502
35006,2555575
35007,2555648
35008,2555721
35009,2555794
35010,2555867
35011,2555940
35012,2556013
35013,2556086
35014,2556159
35015,2556232
35016,2556305
35017,2556378
35018,2556451
35019,2556524
35020,2556597
35021,2556670
35022,2556743
35023,2556816
35024,2556889
35025,2556962
35026,2557035
35027,2557108
35028,2557181
35029,2557254
35030,2557327
35031,2557400
35032,2557473
35033,2557546
35034,2557619
35035,2557692
35036,2557765
35037,2557838
35038,2557911
35039,2557984
35040,2558057
35041,2558130
35042,2558203
35043,2558276
35044,2558349
35045,2558422
35046,2558495
35047,2558568
35048,2558641
35049,2558714
35050,2558787
35051,2558860
35052,2558933
35053,2559006
35054,2559079
35055,2559152
35056,2559225
35057,2559298
35058,2559371
35059,2559444
35060,2559517
35061,2559590
35062,2559663
35063,2559736
35064,2559809
35065,2559882
35066,2559955
35067,2560028
35068,2560101
35069,2560174
35070,2560247
35071,2560320
35072,2560393
35073,2560466
35074,2560539
35075,2560612
35076,2560685
35077,2560758
35078,2560831
35079,2560904
35080,2560977
35081,2561050
35082,2561123
35083,2561196
35084,2561269
35085,2561342
35086,2561415
35087,2561488
35088,2561561
35089,2561634
35090,2561707
35091,2561780
35092,2561853
35093,2561926
35094,2561999
35095,2562072
35096,2562145
35097,2562218
35098,2562291
35099,2562364
35100,2562437
35101,2562510
35102,2562583
35103,2562656
35104,2562729
35105,2562802
35106,2562875
35107,2562948
35108,2563021
35109,2563094
35110,2563167
35111,2563240
35112,2563313
35113,2563386
35114,2563459
35115,2563532
35116,2563605
35117,2563678
35118,2563751
35119,2563824
35120,2563897
35121,2563970
35122,2564043
35123,2564116
35124,2564189
35125,2564262
35126,2564335
35127,2564408
35128,2564481
35129,2564554
35130,2564627
35131,2564700
35132,2564773
35133,2564846
35134,2564919
35135,2564992
35136,2565065
35137,2565138
35138,2565211
35139,2565284
35140,2565357
35141,2565430
35142,2565503
35143,2565576
35144,2565649
35145,2565722
35146,2565795
35147,2565868
35148,2565941
35149,2566014
35150,2566087
35151,2566160
35152,2566233
35153,2566306
35154,2566379
35155,2566452
35156,2566525
35157,2566598
35158,2566671
35159,2566744
35160,2566817
35161,2566890
35162,2566963
35163,2567036
35164,2567109
35165,2567182
35166,2567255
35167,2567328
35168,2567401
35169,2567474
35170,2567547
35171,2567620
35172,2567693
35173,2567766
35174,2567839
35175,2567912
35176,2567985
35177,2568058
35178,2568131
35179,2568204
35180,2568277
35181,2568350
35182,2568423
35183,2568496
35184,2568569
35185,2568642
35186,2568715
35187,2568788
35188,2568861
35189,2568934
35190,2569007
35191,2569080
35192,2569153
35193,2569226
35194,2569299
35195,2569372
35196,2569445
35197,2569518
35198,2569591
35199,2569664
35200,2569737
35201,2569810
35202,2569883
35203,2569956
35204,2570029
35205,2570102
35206,2570175
35207,2570248
35208,2570321
35209,2570394
35210,2570467
35211,2570540
35212,2570613
35213,2570686
35214,2570759
35215,2570832
35216,2570905
35217,2570978
35218,2571051
35219,2571124
35220,2571197
35221,2571270
35222,2571343
35223,2571416
35224,2571489
35225,2571562
35226,2571635
35227,2571708
35228,2571781
35229,2571854
35230,2571927
35231,2572000
35232,2572073
35233,2572146
35234,2572219
35235,2572292
35236,2572365
35237,2572438
35238,2572511
35239,2572584
35240,2572657
35241,2572730
35242,2572803
35243,2572876
35244,2572949
35245,2573022
35246,2573095
35247,2573168
35248,2573241
35249,2573314
35250,2573387
35251,2573460
35252,2573533
35253,2573606
35254,2573679
35255,2573752
35256,2573825
35257,2573898
35258,2573971
35259,2574044
35260,2574117
35261,2574190
35262,2574263
35263,2574336
35264,2574409
35265,2574482
35266,2574555
35267,2574628
35268,2574701
35269,2574774
35270,2574847
35271,2574920
35272,2574993
35273,2575066
35274,2575139
35275,2575212
35276,2575285
35277,2575358
35278,2575431
35279,2575504
35280,2575577
35281,2575650
35282,2575723
35283,2575796
35284,2575869
35285,2575942
35286,2576015
35287,2576088
35288,2576161
35289,2576234
35290,2576307
35291,2576380
35292,2576453
35293,2576526
35294,2576599
35295,2576672
35296,2576745
35297,2576818
35298,2576891
35299,2576964
35300,2577037
35301,2577110
35302,2577183
35303,2577256
35304,2577329
35305,2577402
35306,2577475
35307,2577548
35308,2577621
35309,2577694
35310,2577767
35311,2577840
35312,2577913
35313,2577986
35314,2578059
35315,2578132
35316,2578205
35317,2578278
35318,2578351
35319,2578424
35320,2578497
35321,2578570
35322,2578643
35323,2578716
35324,2578789
35325,2578862
35326,2578935
35327,2579008
35328,2579081
35329,2579154
35330,2579227
35331,2579300
35332,2579373
35333,2579446
35334,2579519
35335,2579592
35336,2579665
35337,2579738
35338,2579811
35339,2579884
35340,2579957
35341,2580030
35342,2580103
35343,2580176
35344,2580249
35345,2580322
35346,2580395
35347,2580468
35348,2580541
35349,2580614
35350,2580687
35351,2580760
35352,2580833
35353,2580906
35354,2580979
35355,2581052
35356,2581125
35357,2581198
35358,2581271
35359,2581344
35360,2581417
35361,2581490
35362,2581563
35363,2581636
35364,2581709
35365,2581782
35366,2581855
35367,2581928
35368,2582001
35369,2582074
35370,2582147
35371,2582220
35372,2582293
35373,2582366
35374,2582439
35375,2582512
35376,2582585
35377,2582658
35378,2582731
35379,2582804
35380,2582877
35381,2582950
35382,2583023
35383,2583096
35384,2583169
35385,2583242
35386,2583315
35387,2583388
35388,2583461
35389,2583534
35390,2583607
35391,2583680
35392,2583753
35393,2583826
35394,2583899
35395,2583972
35396,2584045
35397,2584118
35398,2584191
35399,2584264
35400,2584337
35401,2584410
35402,2584483
35403,2584556
35404,2584629
35405,2584702
35406,2584775
35407,2584848
35408,2584921
35409,2584994
35410,2585067
35411,2585140
35412,2585213
35413,2585286
35414,2585359
35415,2585432
35416,2585505
35417,2585578
35418,2585651
35419,2585724
35420,2585797
35421,2585870
35422,2585943
35423,2586016
35424,2586089
35425,2586162
35426,2586235
35427,2586308
35428,2586381
35429,2586454
35430,2586527
35431,2586600
35432,2586673
35433,2586746
35434,2586819
35435,2586892
35436,2586965
35437,2587038
35438,2587111
35439,2587184
35440,2587257
35441,2587330
35442,2587403
35443,2587476
35444,2587549
35445,2587622
35446,2587695
35447,2587768
35448,2587841
35449,2587914
35450,2587987
35451,2588060
35452,2588133
35453,2588206
35454,2588279
35455,2588352
35456,2588425
35457,2588498
35458,2588571
35459,2588644
35460,2588717
35461,2588790
35462,2588863
35463,2588936
35464,2589009
35465,2589082
35466,2589155
35467,2589228
35468,2589301
35469,2589374
35470,2589447
35471,2589520
35472,2589593
35473,2589666
35474,2589739
35475,2589812
35476,2589885
35477,2589958
35478,2590031
35479,2590104
35480,2590177
35481,2590250
35482,2590323
35483,2590396
35484,2590469
35485,2590542
35486,2590615
35487,2590688
35488,2590761
35489,2590834
35490,2590907
35491,2590980
35492,2591053
35493,2591126
35494,2591199
35495,2591272
35496,2591345
35497,2591418
35498,2591491
35499,2591564
35500,2591637
35501,2591710
35502,2591783
35503,2591856
35504,2591929
35505,2592002
35506,2592075
35507,2592148
35508,2592221
35509,2592294
35510,2592367
35511,2592440
35512,2592513
35513,2592586
35514,2592659
35515,2592732
35516,2592805
35517,2592878
35518,2592951
35519,2593024
35520,2593097
35521,2593170
35522,2593243
35523,2593316
35524,2593389
35525,2593462
35526,2593535
35527,2593608
35528,2593681
35529,2593754
35530,2593827
35531,2593900
35532,2593973
35533,2594046
35534,2594119
35535,2594192
35536,2594265
35537,2594338
35538,2594411
35539,2594484
35540,2594557
35541,2594630
35542,2594703
35543,2594776
35544,2594849
35545,2594922
35546,2594995
35547,2595068
35548,2595141
35549,2595214
35550,2595287
35551,2595360
35552,2595433
35553,2595506
35554,2595579
35555,2595652
35556,2595725
35557,2595798
35558,2595871
35559,2595944
35560,2596017
35561,2596090
35562,2596163
35563,2596236
35564,2596309
35565,2596382
35566,2596455
35567,2596528
35568,2596601
35569,2596674
35570,2596747
35571,2596820
35572,2596893
35573,2596966
35574,2597039
35575,2597112
35576,2597185
35577,2597258
35578,2597331
35579,2597404
35580,2597477
35581,2597550
35582,2597623
35583,2597696
35584,2597769
35585,2597842
35586,2597915
35587,2597988
35588,2598061
35589,2598134
35590,2598207
35591,2598280
35592,2598353
35593,2598426
35594,2598499
35595,2598572
35596,2598645
35597,2598718
35598,2598791
35599,2598864
35600,2598937
35601,2599010
35602,2599083
35603,2599156
35604,2599229
35605,2599302
35606,2599375
35607,2599448
35608,2599521
35609,2599594
35610,2599667
35611,2599740
35612,2599813
35613,2599886
35614,2599959
35615,2600032
35616,2600105
35617,2600178
35618,2600251
35619,2600324
35620,2600397
35621,2600470
35622,2600543
35623,2600616
35624,2600689
35625,2600762
35626,2600835
35627,2600908
35628,2600981
35629,2601054
35630,2601127
35631,2601200
35632,2601273
35633,2601346
35634,2601419
35635,2601492
35636,2601565
35637,2601638
35638,2601711
35639,2601784
35640,2601857
35641,2601930
35642,2602003
35643,2602076
35644,2602149
35645,2602222
35646,2602295
35647,2602368
35648,2602441
35649,2602514
35650,2602587
35651,2602660
35652,2602733
35653,2602806
35654,2602879
35655,2602952
35656,2603025
35657,2603098
35658,2603171
35659,2603244
35660,2603317
35661,2603390
35662,2603463
35663,2603536
35664,2603609
35665,2603682
35666,2603755
35667,2603828
35668,2603901
35669,2603974
35670,2604047
35671,2604120
35672,2604193
35673,2604266
35674,2604339
35675,2604412
35676,2604485
35677,2604558
35678,2604631
35679,2604704
35680,2604777
35681,2604850
35682,2604923
35683,2604996
35684,2605069
35685,2605142
35686,2605215
35687,2605288
35688,2605361
35689,2605434
35690,2605507
35691,2605580
35692,2605653
35693,2605726
35694,2605799
35695,2605872
35696,2605945
35697,2606018
35698,2606091
35699,2606164
35700,2606237
35701,2606310
35702,2606383
35703,2606456
35704,2606529
35705,2606602
35706,2606675
35707,2606748
35708,2606821
35709,2606894
35710,2606967
35711,2607040
35712,2607113
35713,2607186
35714,2607259
35715,2607332
35716,2607405
35717,2607478
35718,2607551
35719,2607624
35720,2607697
35721,2607770
35722,2607843
35723,2607916
35724,2607989
35725,2608062
35726,2608135
35727,2608208
35728,2608281
35729,2608354
35730,2608427
35731,2608500
35732,2608573
35733,2608646
35734,2608719
35735,2608792
35736,2608865
35737,2608938
35738,2609011
35739,2609084
35740,2609157
35741,2609230
35742,2609303
35743,2609376
35744,2609449
35745,2609522
35746,2609595
35747,2609668
35748,2609741
35749,2609814
35750,2609887
35751,2609960
35752,2610033
35753,2610106
35754,2610179
35755,2610252
35756,2610325
35757,2610398
35758,2610471
35759,2610544
35760,2610617
35761,2610690
35762,2610763
35763,2610836
35764,2610909
35765,2610982
35766,2611055
35767,2611128
35768,2611201
35769,2611274
35770,2611347
35771,2611420
35772,2611493
35773,2611566
35774,2611639
35775,2611712
35776,2611785
35777,2611858
35778,2611931
35779,2612004
35780,2612077
35781,2612150
35782,2612223
35783,2612296
35784,2612369
35785,2612442
35786,2612515
35787,2612588
35788,2612661
35789,2612734
35790,2612807
35791,2612880
35792,2612953
35793,2613026
35794,2613099
35795,2613172
35796,2613245
35797,2613318
35798,2613391
35799,2613464
35800,2613537
35801,2613610
35802,2613683
35803,2613756
35804,2613829
35805,2613902
35806,2613975
35807,2614048
35808,2614121
35809,2614194
35810,2614267
35811,2614340
35812,2614413
35813,2614486
35814,2614559
35815,2614632
35816,2614705
35817,2614778
35818,2614851
35819,2614924
35820,2614997
35821,2615070
35822,2615143
35823,2615216
35824,2615289
35825,2615362
35826,2615435
35827,2615508
35828,2615581
35829,2615654
35830,2615727
35831,2615800
35832,2615873
35833,2615946
35834,2616019
35835,2616092
35836,2616165
35837,2616238
35838,2616311
35839,2616384
35840,2616457
35841,2616530
35842,2616603
35843,2616676
35844,2616749
35845,2616822
35846,2616895
35847,2616968
35848,2617041
35849,2617114
35850,2617187
35851,2617260
35852,2617333
35853,2617406
35854,2617479
35855,2617552
35856,2617625
35857,2617698
35858,2617771
35859,2617844
35860,2617917
35861,2617990
35862,2618063
35863,2618136
35864,2618209
35865,2618282
35866,2618355
35867,2618428
35868,2618501
35869,2618574
35870,2618647
35871,2618720
35872,2618793
35873,2618866
35874,2618939
35875,2619012
35876,2619085
35877,2619158
35878,2619231
35879,2619304
35880,2619377
35881,2619450
35882,2619523
35883,2619596
35884,2619669
35885,2619742
35886,2619815
35887,2619888
35888,2619961
35889,2620034
35890,2620107
35891,2620180
35892,2620253
35893,2620326
35894,2620399
35895,2620472
35896,2620545
35897,2620618
35898,2620691
35899,2620764
35900,2620837
35901,2620910
35902,2620983
35903,2621056
35904,2621129
35905,2621202
35906,2621275
35907,2621348
35908,2621421
35909,2621494
35910,2621567
35911,2621640
35912,2621713
35913,2621786
35914,2621859
35915,2621932
35916,2622005
35917,2622078
35918,2622151
35919,2622224
35920,2622297
35921,2622370
35922,2622443
35923,2622516
35924,2622589
35925,2622662
35926,2622735
35927,2622808
35928,2622881
35929,2622954
35930,2623027
35931,2623100
35932,2623173
35933,2623246
35934,2623319
35935,2623392
35936,2623465
35937,2623538
35938,2623611
35939,2623684
35940,2623757
35941,2623830
35942,2623903
35943,2623976
35944,2624049
35945,2624122
35946,2624195
35947,2624268
35948,2624341
35949,2624414
35950,2624487
35951,2624560
35952,2624633
35953,2624706
35954,2624779
35955,2624852
35956,2624925
35957,2624998
35958,2625071
35959,2625144
35960,2625217
35961,2625290
35962,2625363
35963,2625436
35964,2625509
35965,2625582
35966,2625655
35967,2625728
35968,2625801
35969,2625874
35970,2625947
35971,2626020
35972,2626093
35973,2626166
35974,2626239
35975,2626312
35976,2626385
35977,2626458
35978,2626531
35979,2626604
35980,2626677
35981,2626750
35982,2626823
35983,2626896
35984,2626969
35985,2627042
35986,2627115
35987,2627188
35988,2627261
35989,2627334
35990,2627407
35991,2627480
35992,2627553
35993,2627626
35994,2627699
35995,2627772
35996,2627845
35997,2627918
35998,2627991
35999,2628064
36000,2628137
36001,2628210
36002,2628283
36003,2628356
36004,2628429
36005,2628502
36006,2628575
36007,2628648
36008,2628721
36009,2628794
36010,2628867
36011,2628940
36012,2629013
36013,2629086
36014,2629159
36015,2629232
36016,2629305
36017,2629378
36018,2629451
36019,2629524
36020,2629597
36021,2629670
36022,2629743
36023,2629816
36024,2629889
36025,2629962
36026,2630035
36027,2630108
36028,2630181
36029,2630254
36030,2630327
36031,2630400
36032,2630473
36033,2630546
36034,2630619
36035,2630692
36036,2630765
36037,2630838
36038,2630911
36039,2630984
36040,2631057
36041,2631130
36042,2631203
36043,2631276
36044,2631349
36045,2631422
36046,2631495
36047,2631568
36048,2631641
36049,2631714
36050,2631787
36051,2631860
36052,2631933
36053,2632006
36054,2632079
36055,2632152
36056,2632225
36057,2632298
36058,2632371
36059,2632444
36060,2632517
36061,2632590
36062,2632663
36063,2632736
36064,2632809
36065,2632882
36066,2632955
36067,2633028
36068,2633101
36069,2633174
36070,2633247
36071,2633320
36072,2633393
36073,2633466
36074,2633539
36075,2633612
36076,2633685
36077,2633758
36078,2633831
36079,2633904
36080,2633977
36081,2634050
36082,2634123
36083,2634196
36084,2634269
36085,2634342
36086,2634415
36087,2634488
36088,2634561
36089,2634634
36090,2634707
36091,2634780
36092,2634853
36093,2634926
36094,2634999
36095,2635072
36096,2635145
36097,2635218
36098,2635291
36099,2635364
36100,2635437
36101,2635510
36102,2635583
36103,2635656
36104,2635729
36105,2635802
36106,2635875
36107,2635948
36108,2636021
36109,2636094
36110,2636167
36111,2636240
36112,2636313
36113,2636386
36114,2636459
36115,2636532
36116,2636605
36117,2636678
36118,2636751
36119,2636824
36120,2636897
36121,2636970
36122,2637043
36123,2637116
36124,2637189
36125,2637262
36126,2637335
36127,2637408
36128,2637481
36129,2637554
36130,2637627
36131,2637700
36132,2637773
36133,2637846
36134,2637919
36135,2637992
36136,2638065
36137,2638138
36138,2638211
36139,2638284
36140,2638357
36141,2638430
36142,2638503
36143,2638576
36144,2638649
36145,2638722
36146,2638795
36147,2638868
36148,2638941
36149,2639014
36150,2639087
36151,2639160
36152,2639233
36153,2639306
36154,2639379
36155,2639452
36156,2639525
36157,2639598
36158,2639671
36159,2639744
36160,2639817
36161,2639890
36162,2639963
36163,2640036
36164,2640109
36165,2640182
36166,2640255
36167,2640328
36168,2640401
36169,2640474
36170,2640547
36171,2640620
36172,2640693
36173,2640766
36174,2640839
36175,2640912
36176,2640985
36177,2641058
36178,2641131
36179,2641204
36180,2641277
36181,2641350
36182,2641423
36183,2641496
36184,2641569
36185,2641642
36186,2641715
36187,2641788
36188,2641861
36189,2641934
36190,2642007
36191,2642080
36192,2642153
36193,2642226
36194,2642299
36195,2642372
36196,2642445
36197,2642518
36198,2642591
36199,2642664
36200,2642737
36201,2642810
36202,2642883
36203,2642956
36204,2643029
36205,2643102
36206,2643175
36207,2643248
36208,2643321
36209,2643394
36210,2643467
36211,2643540
36212,2643613
36213,2643686
36214,2643759
36215,2643832
36216,2643905
36217,2643978
36218,2644051
36219,2644124
36220,2644197
36221,2644270
36222,2644343
36223,2644416
36224,2644489
36225,2644562
36226,2644635
36227,2644708
36228,2644781
36229,2644854
36230,2644927
36231,2645000
36232,2645073
36233,2645146
36234,2645219
36235,2645292
36236,2645365
36237,2645438
36238,2645511
36239,2645584
36240,2645657
36241,2645730
36242,2645803
36243,2645876
36244,2645949
36245,2646022
36246,2646095
36247,2646168
36248,2646241
36249,2646314
36250,2646387
36251,2646460
36252,2646533
36253,2646606
36254,2646679
36255,2646752
36256,2646825
36257,2646898
36258,2646971
36259,2647044
36260,2647117
36261,2647190
36262,2647263
36263,2647336
36264,2647409
36265,2647482
36266,2647555
36267,2647628
36268,2647701
36269,2647774
36270,2647847
36271,2647920
36272,2647993
36273,2648066
36274,2648139
36275,2648212
36276,2648285
36277,2648358
36278,2648431
36279,2648504
36280,2648577
36281,2648650
36282,2648723
36283,2648796
36284,2648869
36285,2648942
36286,2649015
36287,2649088
36288,2649161
36289,2649234
36290,2649307
36291,2649380
36292,2649453
36293,2649526
36294,2649599
36295,2649672
36296,2649745
36297,2649818
36298,2649891
36299,2649964
36300,2650037
36301,2650110
36302,2650183
36303,2650256
36304,2650329
36305,2650402
36306,2650475
36307,2650548
36308,2650621
36309,2650694
36310,2650767
36311,2650840
36312,2650913
36313,2650986
36314,2651059
36315,2651132
36316,2651205
36317,2651278
36318,2651351
36319,2651424
36320,2651497
36321,2651570
36322,2651643
36323,2651716
36324,2651789
36325,2651862
36326,2651935
36327,2652008
36328,2652081
36329,2652154
36330,2652227
36331,2652300
36332,2652373
36333,2652446
36334,2652519
36335,2652592
36336,2652665
36337,2652738
36338,2652811
36339,2652884
36340,2652957
36341,2653030
36342,2653103
36343,2653176
36344,2653249
36345,2653322
36346,2653395
36347,2653468
36348,2653541
36349,2653614
36350,2653687
36351,2653760
36352,2653833
36353,2653906
36354,2653979
36355,2654052
36356,2654125
36357,2654198
36358,2654271
36359,2654344
36360,2654417
36361,2654490
36362,2654563
36363,2654636
36364,2654709
36365,2654782
36366,2654855
36367,2654928
36368,2655001
36369,2655074
36370,2655147
36371,2655220
36372,2655293
36373,2655366
36374,2655439
36375,2655512
36376,2655585
36377,2655658
36378,2655731
36379,2655804
36380,2655877
36381,2655950
36382,2656023
36383,2656096
36384,2656169
36385,2656242
36386,2656315
36387,2656388
36388,2656461
36389,2656534
36390,2656607
36391,2656680
36392,2656753
36393,2656826
36394,2656899
36395,2656972
36396,2657045
36397,2657118
36398,2657191
36399,2657264
36400,2657337
36401,2657410
36402,2657483
36403,2657556
36404,2657629
36405,2657702
36406,2657775
36407,2657848
36408,2657921
36409,2657994
36410,2658067
36411,2658140
36412,2658213
36413,2658286
36414,2658359
36415,2658432
36416,2658505
36417,2658578
36418,2658651
36419,2658724
36420,2658797
36421,2658870
36422,2658943
36423,2659016
36424,2659089
36425,2659162
36426,2659235
36427,2659308
36428,2659381
36429,2659454
36430,2659527
36431,2659600
36432,2659673
36433,2659746
36434,2659819
36435,2659892
36436,2659965
36437,2660038
36438,2660111
36439,2660184
36440,2660257
36441,2660330
36442,2660403
36443,2660476
36444,2660549
36445,2660622
36446,2660695
36447,2660768
36448,2660841
36449,2660914
36450,2660987
36451,2661060
36452,2661133
36453,2661206
36454,2661279
36455,2661352
36456,2661425
36457,2661498
36458,2661571
36459,2661644
36460,2661717
36461,2661790
36462,2661863
36463,2661936
36464,2662009
36465,2662082
36466,2662155
36467,2662228
36468,2662301
36469,2662374
36470,2662447
36471,2662520
36472,2662593
36473,2662666
36474,2662739
36475,2662812
36476,2662885
36477,2662958
36478,2663031
36479,2663104
36480,2663177
36481,2663250
36482,2663323
36483,2663396
36484,2663469
36485,2663542
36486,2663615
36487,2663688
36488,2663761
36489,2663834
36490,2663907
36491,2663980
36492,2664053
36493,2664126
36494,2664199
36495,2664272
36496,2664345
36497,2664418
36498,2664491
36499,2664564
36500,2664637
36501,2664710
36502,2664783
36503,2664856
36504,2664929
36505,2665002
36506,2665075
36507,2665148
36508,2665221
36509,2665294
36510,2665367
36511,2665440
36512,2665513
36513,2665586
36514,2665659
36515,2665732
36516,2665805
36517,2665878
36518,2665951
36519,2666024
36520,2666097
36521,2666170
36522,2666243
36523,2666316
36524,2666389
36525,2666462
36526,2666535
36527,2666608
36528,2666681
36529,2666754
36530,2666827
36531,2666900
36532,2666973
36533,2667046
36534,2667119
36535,2667192
36536,2667265
36537,2667338
36538,2667411
36539,2667484
36540,2667557
36541,2667630
36542,2667703
36543,2667776
36544,2667849
36545,2667922
36546,2667995
36547,2668068
36548,2668141
36549,2668214
36550,2668287
36551,2668360
36552,2668433
36553,2668506
36554,2668579
36555,2668652
36556,2668725
36557,2668798
36558,2668871
36559,2668944
36560,2669017
36561,2669090
36562,2669163
36563,2669236
36564,2669309
36565,2669382
36566,2669455
36567,2669528
36568,2669601
36569,2669674
36570,2669747
36571,2669820
36572,2669893
36573,2669966
36574,2670039
36575,2670112
36576,2670185
36577,2670258
36578,2670331
36579,2670404
36580,2670477
36581,2670550
36582,2670623
36583,2670696
36584,2670769
36585,2670842
36586,2670915
36587,2670988
36588,2671061
36589,2671134
36590,2671207
36591,2671280
36592,2671353
36593,2671426
36594,2671499
36595,2671572
36596,2671645
36597,2671718
36598,2671791
36599,2671864
36600,2671937
36601,2672010
36602,2672083
36603,2672156
36604,2672229
36605,2672302
36606,2672375
36607,2672448
36608,2672521
36609,2672594
36610,2672667
36611,2672740
36612,2672813
36613,2672886
36614,2672959
36615,2673032
36616,2673105
36617,2673178
36618,2673251
36619,2673324
36620,2673397
36621,2673470
36622,2673543
36623,2673616
36624,2673689
36625,2673762
36626,2673835
36627,2673908
36628,2673981
36629,2674054
36630,2674127
36631,2674200
36632,2674273
36633,2674346
36634,2674419
36635,2674492
36636,2674565
36637,2674638
36638,2674711
36639,2674784
36640,2674857
36641,2674930
36642,2675003
36643,2675076
36644,2675149
36645,2675222
36646,2675295
36647,2675368
36648,2675441
36649,2675514
36650,2675587
36651,2675660
36652,2675733
36653,2675806
36654,2675879
36655,2675952
36656,2676025
36657,2676098
36658,2676171
36659,2676244
36660,2676317
36661,2676390
36662,2676463
36663,2676536
36664,2676609
36665,2676682
36666,2676755
36667,2676828
36668,2676901
36669,2676974
36670,2677047
36671,2677120
36672,2677193
36673,2677266
36674,2677339
36675,2677412
36676,2677485
36677,2677558
36678,2677631
36679,2677704
36680,2677777
36681,2677850
36682,2677923
36683,2677996
36684,2678069
36685,2678142
36686,2678215
36687,2678288
36688,2678361
36689,2678434
36690,2678507
36691,2678580
36692,2678653
36693,2678726
36694,2678799
36695,2678872
36696,2678945
36697,2679018
36698,2679091
36699,2679164
36700,2679237
36701,2679310
36702,2679383
36703,2679456
36704,2679529
36705,2679602
36706,2679675
36707,2679748
36708,2679821
36709,2679894
36710,2679967
36711,2680040
36712,2680113
36713,2680186
36714,2680259
36715,2680332
36716,2680405
36717,2680478
36718,2680551
36719,2680624
36720,2680697
36721,2680770
36722,2680843
36723,2680916
36724,2680989
36725,2681062
36726,2681135
36727,2681208
36728,2681281
36729,2681354
36730,2681427
36731,2681500
36732,2681573
36733,2681646
36734,2681719
36735,2681792
36736,2681865
36737,2681938
36738,2682011
36739,2682084
36740,2682157
36741,2682230
36742,2682303
36743,2682376
36744,2682449
36745,2682522
36746,2682595
36747,2682668
36748,2682741
36749,2682814
36750,2682887
36751,2682960
36752,2683033
36753,2683106
36754,2683179
36755,2683252
36756,2683325
36757,2683398
36758,2683471
36759,2683544
36760,2683617
36761,2683690
36762,2683763
36763,2683836
36764,2683909
36765,2683982
36766,2684055
36767,2684128
36768,2684201
36769,2684274
36770,2684347
36771,2684420
36772,2684493
36773,2684566
36774,2684639
36775,2684712
36776,2684785
36777,2684858
36778,2684931
36779,2685004
36780,2685077
36781,2685150
36782,2685223
36783,2685296
36784,2685369
36785,2685442
36786,2685515
36787,2685588
36788,2685661
36789,2685734
36790,2685807
36791,2685880
36792,2685953
36793,2686026
36794,2686099
36795,2686172
36796,2686245
36797,2686318
36798,2686391
36799,2686464
36800,2686537
36801,2686610
36802,2686683
36803,2686756
36804,2686829
36805,2686902
36806,2686975
36807,2687048
36808,2687121
36809,2687194
36810,2687267
36811,2687340
36812,2687413
36813,2687486
36814,2687559
36815,2687632
36816,2687705
36817,2687778
36818,2687851
36819,2687924
36820,2687997
36821,2688070
36822,2688143
36823,2688216
36824,2688289
36825,2688362
36826,2688435
36827,2688508
36828,2688581
36829,2688654
36830,2688727
36831,2688800
36832,2688873
36833,2688946
36834,2689019
36835,2689092
36836,2689165
36837,2689238
36838,2689311
36839,2689384
36840,2689457
36841,2689530
36842,2689603
36843,2689676
36844,2689749
36845,2689822
36846,2689895
36847,2689968
36848,2690041
36849,2690114
36850,2690187
36851,2690260
36852,2690333
36853,2690406
36854,2690479
36855,2690552
36856,2690625
36857,2690698
36858,2690771
36859,2690844
36860,2690917
36861,2690990
36862,2691063
36863,2691136
36864,2691209
36865,2691282
36866,2691355
36867,2691428
36868,2691501
36869,2691574
36870,2691647
36871,2691720
36872,2691793
36873,2691866
36874,2691939
36875,2692012
36876,2692085
36877,2692158
36878,2692231
36879,2692304
36880,2692377
36881,2692450
36882,2692523
36883,2692596
36884,2692669
36885,2692742
36886,2692815
36887,2692888
36888,2692961
36889,2693034
36890,2693107
36891,2693180
36892,2693253
36893,2693326
36894,2693399
36895,2693472
36896,2693545
36897,2693618
36898,2693691
36899,2693764
36900,2693837
36901,2693910
36902,2693983
36903,2694056
36904,2694129
36905,2694202
36906,2694275
36907,2694348
36908,2694421
36909,2694494
36910,2694567
36911,2694640
36912,2694713
36913,2694786
36914,2694859
36915,2694932
36916,2695005
36917,2695078
36918,2695151
36919,2695224
36920,2695297
36921,2695370
36922,2695443
36923,2695516
36924,2695589
36925,2695662
36926,2695735
36927,2695808
36928,2695881
36929,2695954
36930,2696027
36931,2696100
36932,2696173
36933,2696246
36934,2696319
36935,2696392
36936,2696465
36937,2696538
36938,2696611
36939,2696684
36940,2696757
36941,2696830
36942,2696903
36943,2696976
36944,2697049
36945,2697122
36946,2697195
36947,2697268
36948,2697341
36949,2697414
36950,2697487
36951,2697560
36952,2697633
36953,2697706
36954,2697779
36955,2697852
36956,2697925
36957,2697998
36958,2698071
36959,2698144
36960,2698217
36961,2698290
36962,2698363
36963,2698436
36964,2698509
36965,2698582
36966,2698655
36967,2698728
36968,2698801
36969,2698874
36970,2698947
36971,2699020
36972,2699093
36973,2699166
36974,2699239
36975,2699312
36976,2699385
36977,2699458
36978,2699531
36979,2699604
36980,2699677
36981,2699750
36982,2699823
36983,2699896
36984,2699969
36985,2700042
36986,2700115
36987,2700188
36988,2700261
36989,2700334
36990,2700407
36991,2700480
36992,2700553
36993,2700626
36994,2700699
36995,2700772
36996,2700845
36997,2700918
36998,2700991
36999,2701064
37000,2701137
37001,2701210
37002,2701283
37003,2701356
37004,2701429
37005,2701502
37006,2701575
37007,2701648
37008,2701721
37009,2701794
37010,2701867
37011,2701940
37012,2702013
37013,2702086
37014,2702159
37015,2702232
37016,2702305
37017,2702378
37018,2702451
37019,2702524
37020,2702597
37021,2702670
37022,2702743
37023,2702816
37024,2702889
37025,2702962
37026,2703035
37027,2703108
37028,2703181
37029,2703254
37030,2703327
37031,2703400
37032,2703473
37033,2703546
37034,2703619
37035,2703692
37036,2703765
37037,2703838
37038,2703911
37039,2703984
37040,2704057
37041,2704130
37042,2704203
37043,2704276
37044,2704349
37045,2704422
37046,2704495
37047,2704568
37048,2704641
37049,2704714
37050,2704787
37051,2704860
37052,2704933
37053,2705006
37054,2705079
37055,2705152
37056,2705225
37057,2705298
37058,2705371
37059,2705444
37060,2705517
37061,2705590
37062,2705663
37063,2705736
37064,2705809
37065,2705882
37066,2705955
37067,2706028
37068,2706101
37069,2706174
37070,2706247
37071,2706320
37072,2706393
37073,2706466
37074,2706539
37075,2706612
37076,2706685
37077,2706758
37078,2706831
37079,2706904
37080,2706977
37081,2707050
37082,2707123
37083,2707196
37084,2707269
37085,2707342
37086,2707415
37087,2707488
37088,2707561
37089,2707634
37090,2707707
37091,2707780
37092,2707853
37093,2707926
37094,2707999
37095,2708072
37096,2708145
37097,2708218
37098,2708291
37099,2708364
37100,2708437
37101,2708510
37102,2708583
37103,2708656
37104,2708729
37105,2708802
37106,2708875
37107,2708948
37108,2709021
37109,2709094
37110,2709167
37111,2709240
37112,2709313
37113,2709386
37114,2709459
37115,2709532
37116,2709605
37117,2709678
37118,2709751
37119,2709824
37120,2709897
37121,2709970
37122,2710043
37123,2710116
37124,2710189
37125,2710262
37126,2710335
37127,2710408
37128,2710481
37129,2710554
37130,2710627
37131,2710700
37132,2710773
37133,2710846
37134,2710919
37135,2710992
37136,2711065
37137,2711138
37138,2711211
37139,2711284
37140,2711357
37141,2711430
37142,2711503
37143,2711576
37144,2711649
37145,2711722
37146,2711795
37147,2711868
37148,2711941
37149,2712014
37150,2712087
37151,2712160
37152,2712233
37153,2712306
37154,2712379
37155,2712452
37156,2712525
37157,2712598
37158,2712671
37159,2712744
37160,2712817
37161,2712890
37162,2712963
37163,2713036
37164,2713109
37165,2713182
37166,2713255
37167,2713328
37168,2713401
37169,2713474
37170,2713547
37171,2713620
37172,2713693
37173,2713766
37174,2713839
37175,2713912
37176,2713985
37177,2714058
37178,2714131
37179,2714204
37180,2714277
37181,2714350
37182,2714423
37183,2714496
37184,2714569
37185,2714642
37186,2714715
37187,2714788
37188,2714861
37189,2714934
37190,2715007
37191,2715080
37192,2715153
37193,2715226
37194,2715299
37195,2715372
37196,2715445
37197,2715518
37198,2715591
37199,2715664
37200,2715737
37201,2715810
37202,2715883
37203,2715956
37204,2716029
37205,2716102
37206,2716175
37207,2716248
37208,2716321
37209,2716394
37210,2716467
37211,2716540
37212,2716613
37213,2716686
37214,2716759
37215,2716832
37216,2716905
37217,2716978
37218,2717051
37219,2717124
37220,2717197
37221,2717270
37222,2717343
37223,2717416
37224,2717489
37225,2717562
37226,2717635
37227,2717708
37228,2717781
37229,2717854
37230,2717927
37231,2718000
37232,2718073
37233,2718146
37234,2718219
37235,2718292
37236,2718365
37237,2718438
37238,2718511
37239,2718584
37240,2718657
37241,2718730
37242,2718803
37243,2718876
37244,2718949
37245,2719022
37246,2719095
37247,2719168
37248,2719241
37249,2719314
37250,2719387
37251,2719460
37252,2719533
37253,2719606
37254,2719679
37255,2719752
37256,2719825
37257,2719898
37258,2719971
37259,2720044
37260,2720117
37261,2720190
37262,2720263
37263,2720336
37264,2720409
37265,2720482
37266,2720555
37267,2720628
37268,2720701
37269,2720774
37270,2720847
37271,2720920
37272,2720993
37273,2721066
37274,2721139
37275,2721212
37276,2721285
37277,2721358
37278,2721431
37279,2721504
37280,2721577
37281,2721650
37282,2721723
37283,2721796
37284,2721869
37285,2721942
37286,2722015
37287,2722088
37288,2722161
37289,2722234
37290,2722307
37291,2722380
37292,2722453
37293,2722526
37294,2722599
37295,2722672
37296,2722745
37297,2722818
37298,2722891
37299,2722964
37300,2723037
37301,2723110
37302,2723183
37303,2723256
37304,2723329
37305,2723402
37306,2723475
37307,2723548
37308,2723621
37309,2723694
37310,2723767
37311,2723840
37312,2723913
37313,2723986
37314,2724059
37315,2724132
37316,2724205
37317,2724278
37318,2724351
37319,2724424
37320,2724497
37321,2724570
37322,2724643
37323,2724716
37324,2724789
37325,2724862
37326,2724935
37327,2725008
37328,2725081
37329,2725154
37330,2725227
37331,2725300
37332,2725373
37333,2725446
37334,2725519
37335,2725592
37336,2725665
37337,2725738
37338,2725811
37339,2725884
37340,2725957
37341,2726030
37342,2726103
37343,2726176
37344,2726249
37345,2726322
37346,2726395
37347,2726468
37348,2726541
37349,2726614
37350,2726687
37351,2726760
37352,2726833
37353,2726906
37354,2726979
37355,2727052
37356,2727125
37357,2727198
37358,2727271
37359,2727344
37360,2727417
37361,2727490
37362,2727563
37363,2727636
37364,2727709
37365,2727782
37366,2727855
37367,2727928
37368,2728001
37369,2728074
37370,2728147
37371,2728220
37372,2728293
37373,2728366
37374,2728439
37375,2728512
37376,2728585
37377,2728658
37378,2728731
37379,2728804
37380,2728877
37381,2728950
37382,2729023
37383,2729096
37384,2729169
37385,2729242
37386,2729315
37387,2729388
37388,2729461
37389,2729534
37390,2729607
37391,2729680
37392,2729753
37393,2729826
37394,2729899
37395,2729972
37396,2730045
37397,2730118
37398,2730191
37399,2730264
37400,2730337
37401,2730410
37402,2730483
37403,2730556
37404,2730629
37405,2730702
37406,2730775
37407,2730848
37408,2730921
37409,2730994
37410,2731067
37411,2731140
37412,2731213
37413,2731286
37414,2731359
37415,2731432
37416,2731505
37417,2731578
37418,2731651
37419,2731724
37420,2731797
37421,2731870
37422,2731943
37423,2732016
37424,2732089
37425,2732162
37426,2732235
37427,2732308
37428,2732381
37429,2732454
37430,2732527
37431,2732600
37432,2732673
37433,2732746
37434,2732819
37435,2732892
37436,2732965
37437,2733038
37438,2733111
37439,2733184
37440,2733257
37441,2733330
37442,2733403
37443,2733476
37444,2733549
37445,2733622
37446,2733695
37447,2733768
37448,2733841
37449,2733914
37450,2733987
37451,2734060
37452,2734133
37453,2734206
37454,2734279
37455,2734352
37456,2734425
37457,2734498
37458,2734571
37459,2734644
37460,2734717
37461,2734790
37462,2734863
37463,2734936
37464,2735009
37465,2735082
37466,2735155
37467,2735228
37468,2735301
37469,2735374
37470,2735447
37471,2735520
37472,2735593
37473,2735666
37474,2735739
37475,2735812
37476,2735885
37477,2735958
37478,2736031
37479,2736104
37480,2736177
37481,2736250
37482,2736323
37483,2736396
37484,2736469
37485,2736542
37486,2736615
37487,2736688
37488,2736761
37489,2736834
37490,2736907
37491,2736980
37492,2737053
37493,2737126
37494,2737199
37495,2737272
37496,2737345
37497,2737418
37498,2737491
37499,2737564
37500,2737637
37501,2737710
37502,2737783
37503,2737856
37504,2737929
37505,2738002
37506,2738075
37507,2738148
37508,2738221
37509,2738294
37510,2738367
37511,2738440
37512,2738513
37513,2738586
37514,2738659
37515,2738732
37516,2738805
37517,2738878
37518,2738951
37519,2739024
37520,2739097
37521,2739170
37522,2739243
37523,2739316
37524,2739389
37525,2739462
37526,2739535
37527,2739608
37528,2739681
37529,2739754
37530,2739827
37531,2739900
37532,2739973
37533,2740046
37534,2740119
37535,2740192
37536,2740265
37537,2740338
37538,2740411
37539,2740484
37540,2740557
37541,2740630
37542,2740703
37543,2740776
37544,2740849
37545,2740922
37546,2740995
37547,2741068
37548,2741141
37549,2741214
37550,2741287
37551,2741360
37552,2741433
37553,2741506
37554,2741579
37555,2741652
37556,2741725
37557,2741798
37558,2741871
37559,2741944
37560,2742017
37561,2742090
37562,2742163
37563,2742236
37564,2742309
37565,2742382
37566,2742455
37567,2742528
37568,2742601
37569,2742674
37570,2742747
37571,2742820
37572,2742893
37573,2742966
37574,2743039
37575,2743112
37576,2743185
37577,2743258
37578,2743331
37579,2743404
37580,2743477
37581,2743550
37582,2743623
37583,2743696
37584,2743769
37585,2743842
37586,2743915
37587,2743988
37588,2744061
37589,2744134
37590,2744207
37591,2744280
37592,2744353
37593,2744426
37594,2744499
37595,2744572
37596,2744645
37597,2744718
37598,2744791
37599,2744864
37600,2744937
37601,2745010
37602,2745083
37603,2745156
37604,2745229
37605,2745302
37606,2745375
37607,2745448
37608,2745521
37609,2745594
37610,2745667
37611,2745740
37612,2745813
37613,2745886
37614,2745959
37615,2746032
37616,2746105
37617,2746178
37618,2746251
37619,2746324
37620,2746397
37621,2746470
37622,2746543
37623,2746616
37624,2746689
37625,2746762
37626,2746835
37627,2746908
37628,2746981
37629,2747054
37630,2747127
37631,2747200
37632,2747273
37633,2747346
37634,2747419
37635,2747492
37636,2747565
37637,2747638
37638,2747711
37639,2747784
37640,2747857
37641,2747930
37642,2748003
37643,2748076
37644,2748149
37645,2748222
37646,2748295
37647,2748368
37648,2748441
37649,2748514
37650,2748587
37651,2748660
37652,2748733
37653,2748806
37654,2748879
37655,2748952
37656,2749025
37657,2749098
37658,2749171
37659,2749244
37660,2749317
37661,2749390
37662,2749463
37663,2749536
37664,2749609
37665,2749682
37666,2749755
37667,2749828
37668,2749901
37669,2749974
37670,2750047
37671,2750120
37672,2750193
37673,2750266
37674,2750339
37675,2750412
37676,2750485
37677,2750558
37678,2750631
37679,2750704
37680,2750777
37681,2750850
37682,2750923
37683,2750996
37684,2751069
37685,2751142
37686,2751215
37687,2751288
37688,2751361
37689,2751434
37690,2751507
37691,2751580
37692,2751653
37693,2751726
37694,2751799
37695,2751872
37696,2751945
37697,2752018
37698,2752091
37699,2752164
37700,2752237
37701,2752310
37702,2752383
37703,2752456
37704,2752529
37705,2752602
37706,2752675
37707,2752748
37708,2752821
37709,2752894
37710,2752967
37711,2753040
37712,2753113
37713,2753186
37714,2753259
37715,2753332
37716,2753405
37717,2753478
37718,2753551
37719,2753624
37720,2753697
37721,2753770
37722,2753843
37723,2753916
37724,2753989
37725,2754062
37726,2754135
37727,2754208
37728,2754281
37729,2754354
37730,2754427
37731,2754500
37732,2754573
37733,2754646
37734,2754719
37735,2754792
37736,2754865
37737,2754938
37738,2755011
37739,2755084
37740,2755157
37741,2755230
37742,2755303
37743,2755376
37744,2755449
37745,2755522
37746,2755595
37747,2755668
37748,2755741
37749,2755814
37750,2755887
37751,2755960
37752,2756033
37753,2756106
37754,2756179
37755,2756252
37756,2756325
37757,2756398
37758,2756471
37759,2756544
37760,2756617
37761,2756690
37762,2756763
37763,2756836
37764,2756909
37765,2756982
37766,2757055
37767,2757128
37768,2757201
37769,2757274
37770,2757347
37771,2757420
37772,2757493
37773,2757566
37774,2757639
37775,2757712
37776,2757785
37777,2757858
37778,2757931
37779,2758004
37780,2758077
37781,2758150
37782,2758223
37783,2758296
37784,2758369
37785,2758442
37786,2758515
37787,2758588
37788,2758661
37789,2758734
37790,2758807
37791,2758880
37792,2758953
37793,2759026
37794,2759099
37795,2759172
37796,2759245
37797,2759318
37798,2759391
37799,2759464
37800,2759537
37801,2759610
37802,2759683
37803,2759756
37804,2759829
37805,2759902
37806,2759975
37807,2760048
37808,2760121
37809,2760194
37810,2760267
37811,2760340
37812,2760413
37813,2760486
37814,2760559
37815,2760632
37816,2760705
37817,2760778
37818,2760851
37819,2760924
37820,2760997
37821,2761070
37822,2761143
37823,2761216
37824,2761289
37825,2761362
37826,2761435
37827,2761508
37828,2761581
37829,2761654
37830,2761727
37831,2761800
37832,2761873
37833,2761946
37834,2762019
37835,2762092
37836,2762165
37837,2762238
37838,2762311
37839,2762384
37840,2762457
37841,2762530
37842,2762603
37843,2762676
37844,2762749
37845,2762822
37846,2762895
37847,2762968
37848,2763041
37849,2763114
37850,2763187
37851,2763260
37852,2763333
37853,2763406
37854,2763479
37855,2763552
37856,2763625
37857,2763698
37858,2763771
37859,2763844
37860,2763917
37861,2763990
37862,2764063
37863,2764136
37864,2764209
37865,2764282
37866,2764355
37867,2764428
37868,2764501
37869,2764574
37870,2764647
37871,2764720
37872,2764793
37873,2764866
37874,2764939
37875,2765012
37876,2765085
37877,2765158
37878,2765231
37879,2765304
37880,2765377
37881,2765450
37882,2765523
37883,2765596
37884,2765669
37885,2765742
37886,2765815
37887,2765888
37888,2765961
37889,2766034
37890,2766107
37891,2766180
37892,2766253
37893,2766326
37894,2766399
37895,2766472
37896,2766545
37897,2766618
37898,2766691
37899,2766764
37900,2766837
37901,2766910
37902,2766983
37903,2767056
37904,2767129
37905,2767202
37906,2767275
37907,2767348
37908,2767421
37909,2767494
37910,2767567
37911,2767640
37912,2767713
37913,2767786
37914,2767859
37915,2767932
37916,2768005
37917,2768078
37918,2768151
37919,2768224
37920,2768297
37921,2768370
37922,2768443
37923,2768516
37924,2768589
37925,2768662
37926,2768735
37927,2768808
37928,2768881
37929,2768954
37930,2769027
37931,2769100
37932,2769173
37933,2769246
37934,2769319
37935,2769392
37936,2769465
37937,2769538
37938,2769611
37939,2769684
37940,2769757
37941,2769830
37942,2769903
37943,2769976
37944,2770049
37945,2770122
37946,2770195
37947,2770268
37948,2770341
37949,2770414
37950,2770487
37951,2770560
37952,2770633
37953,2770706
37954,2770779
37955,2770852
37956,2770925
37957,2770998
37958,2771071
37959,2771144
37960,2771217
37961,2771290
37962,2771363
37963,2771436
37964,2771509
37965,2771582
37966,2771655
37967,2771728
37968,2771801
37969,2771874
37970,2771947
37971,2772020
37972,2772093
37973,2772166
37974,2772239
37975,2772312
37976,2772385
37977,2772458
37978,2772531
37979,2772604
37980,2772677
37981,2772750
37982,2772823
37983,2772896
37984,2772969
37985,2773042
37986,2773115
37987,2773188
37988,2773261
37989,2773334
37990,2773407
37991,2773480
37992,2773553
37993,2773626
37994,2773699
37995,2773772
37996,2773845
37997,2773918
37998,2773991
37999,2774064
38000,2774137
38001,2774210
38002,2774283
38003,2774356
38004,2774429
38005,2774502
38006,2774575
38007,2774648
38008,2774721
38009,2774794
38010,2774867
38011,2774940
38012,2775013
38013,2775086
38014,2775159
38015,2775232
38016,2775305
38017,2775378
38018,2775451
38019,2775524
38020,2775597
38021,2775670
38022,2775743
38023,2775816
38024,2775889
38025,2775962
38026,2776035
38027,2776108
38028,2776181
38029,2776254
38030,2776327
38031,2776400
38032,2776473
38033,2776546
38034,2776619
38035,2776692
38036,2776765
38037,2776838
38038,2776911
38039,2776984
38040,2777057
38041,2777130
38042,2777203
38043,2777276
38044,2777349
38045,2777422
38046,2777495
38047,2777568
38048,2777641
38049,2777714
38050,2777787
38051,2777860
38052,2777933
38053,2778006
38054,2778079
38055,2778152
38056,2778225
38057,2778298
38058,2778371
38059,2778444
38060,2778517
38061,2778590
38062,2778663
38063,2778736
38064,2778809
38065,2778882
38066,2778955
38067,2779028
38068,2779101
38069,2779174
38070,2779247
38071,2779320
38072,2779393
38073,2779466
38074,2779539
38075,2779612
38076,2779685
38077,2779758
38078,2779831
38079,2779904
38080,2779977
38081,2780050
38082,2780123
38083,2780196
38084,2780269
38085,2780342
38086,2780415
38087,2780488
38088,2780561
38089,2780634
38090,2780707
38091,2780780
38092,2780853
38093,2780926
38094,2780999
38095,2781072
38096,2781145
38097,2781218
38098,2781291
38099,2781364
38100,2781437
38101,2781510
38102,2781583
38103,2781656
38104,2781729
38105,2781802
38106,2781875
38107,2781948
38108,2782021
38109,2782094
38110,2782167
38111,2782240
38112,2782313
38113,2782386
38114,2782459
38115,2782532
38116,2782605
38117,2782678
38118,2782751
38119,2782824
38120,2782897
38121,2782970
38122,2783043
38123,2783116
38124,2783189
38125,2783262
38126,2783335
38127,2783408
38128,2783481
38129,2783554
38130,2783627
38131,2783700
38132,2783773
38133,2783846
38134,2783919
38135,2783992
38136,2784065
38137,2784138
38138,2784211
38139,2784284
38140,2784357
38141,2784430
38142,2784503
38143,2784576
38144,2784649
38145,2784722
38146,2784795
38147,2784868
38148,2784941
38149,2785014
38150,2785087
38151,2785160
38152,2785233
38153,2785306
38154,2785379
38155,2785452
38156,2785525
38157,2785598
38158,2785671
38159,2785744
38160,2785817
38161,2785890
38162,2785963
38163,2786036
38164,2786109
38165,2786182
38166,2786255
38167,2786328
38168,2786401
38169,2786474
38170,2786547
38171,2786620
38172,2786693
38173,2786766
38174,2786839
38175,2786912
38176,2786985
38177,2787058
38178,2787131
38179,2787204
38180,2787277
38181,2787350
38182,2787423
38183,2787496
38184,2787569
38185,2787642
38186,2787715
38187,2787788
38188,2787861
38189,2787934
38190,2788007
38191,2788080
38192,2788153
38193,2788226
38194,2788299
38195,2788372
38196,2788445
38197,2788518
38198,2788591
38199,2788664
38200,2788737
38201,2788810
38202,2788883
38203,2788956
38204,2789029
38205,2789102
38206,2789175
38207,2789248
38208,2789321
38209,2789394
38210,2789467
38211,2789540
38212,2789613
38213,2789686
38214,2789759
38215,2789832
38216,2789905
38217,2789978
38218,2790051
38219,2790124
38220,2790197
38221,2790270
38222,2790343
38223,2790416
38224,2790489
38225,2790562
38226,2790635
38227,2790708
38228,2790781
38229,2790854
38230,2790927
38231,2791000
38232,2791073
38233,2791146
38234,2791219
38235,2791292
38236,2791365
38237,2791438
38238,2791511
38239,2791584
38240,2791657
38241,2791730
38242,2791803
38243,2791876
38244,2791949
38245,2792022
38246,2792095
38247,2792168
38248,2792241
38249,2792314
38250,2792387
38251,2792460
38252,2792533
38253,2792606
38254,2792679
38255,2792752
38256,2792825
38257,2792898
38258,2792971
38259,2793044
38260,2793117
38261,2793190
38262,2793263
38263,2793336
38264,2793409
38265,2793482
38266,2793555
38267,2793628
38268,2793701
38269,2793774
38270,2793847
38271,2793920
38272,2793993
38273,2794066
38274,2794139
38275,2794212
38276,2794285
38277,2794358
38278,2794431
38279,2794504
38280,2794577
38281,2794650
38282,2794723
38283,2794796
38284,2794869
38285,2794942
38286,2795015
38287,2795088
38288,2795161
38289,2795234
38290,2795307
38291,2795380
38292,2795453
38293,2795526
38294,2795599
38295,2795672
38296,2795745
38297,2795818
38298,2795891
38299,2795964
38300,2796037
38301,2796110
38302,2796183
38303,2796256
38304,2796329
38305,2796402
38306,2796475
38307,2796548
38308,2796621
38309,2796694
38310,2796767
38311,2796840
38312,2796913
38313,2796986
38314,2797059
38315,2797132
38316,2797205
38317,2797278
38318,2797351
38319,2797424
38320,2797497
38321,2797570
38322,2797643
38323,2797716
38324,2797789
38325,2797862
38326,2797935
38327,2798008
38328,2798081
38329,2798154
38330,2798227
38331,2798300
38332,2798373
38333,2798446
38334,2798519
38335,2798592
38336,2798665
38337,2798738
38338,2798811
38339,2798884
38340,2798957
38341,2799030
38342,2799103
38343,2799176
38344,2799249
38345,2799322
38346,2799395
38347,2799468
38348,2799541
38349,2799614
38350,2799687
38351,2799760
38352,2799833
38353,2799906
38354,2799979
38355,2800052
38356,2800125
38357,2800198
38358,2800271
38359,2800344
38360,2800417
38361,2800490
38362,2800563
38363,2800636
38364,2800709
38365,2800782
38366,2800855
38367,2800928
38368,2801001
38369,2801074
38370,2801147
38371,2801220
38372,2801293
38373,2801366
38374,2801439
38375,2801512
38376,2801585
38377,2801658
38378,2801731
38379,2801804
38380,2801877
38381,2801950
38382,2802023
38383,2802096
38384,2802169
38385,2802242
38386,2802315
38387,2802388
38388,2802461
38389,2802534
38390,2802607
38391,2802680
38392,2802753
38393,2802826
38394,2802899
38395,2802972
38396,2803045
38397,2803118
38398,2803191
38399,2803264
38400,2803337
38401,2803410
38402,2803483
38403,2803556
38404,2803629
38405,2803702
38406,2803775
38407,2803848
38408,2803921
38409,2803994
38410,2804067
38411,2804140
38412,2804213
38413,2804286
38414,2804359
38415,2804432
38416,2804505
38417,2804578
38418,2804651
38419,2804724
38420,2804797
38421,2804870
38422,2804943
38423,2805016
38424,2805089
38425,2805162
38426,2805235
38427,2805308
38428,2805381
38429,2805454
38430,2805527
38431,2805600
38432,2805673
38433,2805746
38434,2805819
38435,2805892
38436,2805965
38437,2806038
38438,2806111
38439,2806184
38440,2806257
38441,2806330
38442,2806403
38443,2806476
38444,2806549
38445,2806622
38446,2806695
38447,2806768
38448,2806841
38449,2806914
38450,2806987
38451,2807060
38452,2807133
38453,2807206
38454,2807279
38455,2807352
38456,2807425
38457,2807498
38458,2807571
38459,2807644
38460,2807717
38461,2807790
38462,2807863
38463,2807936
38464,2808009
38465,2808082
38466,2808155
38467,2808228
38468,2808301
38469,2808374
38470,2808447
38471,2808520
38472,2808593
38473,2808666
38474,2808739
38475,2808812
38476,2808885
38477,2808958
38478,2809031
38479,2809104
38480,2809177
38481,2809250
38482,2809323
38483,2809396
38484,2809469
38485,2809542
38486,2809615
38487,2809688
38488,2809761
38489,2809834
38490,2809907
38491,2809980
38492,2810053
38493,2810126
38494,2810199
38495,2810272
38496,2810345
38497,2810418
38498,2810491
38499,2810564
38500,2810637
38501,2810710
38502,2810783
38503,2810856
38504,2810929
38505,2811002
38506,2811075
38507,2811148
38508,2811221
38509,2811294
38510,2811367
38511,2811440
38512,2811513
38513,2811586
38514,2811659
38515,2811732
38516,2811805
38517,2811878
38518,2811951
38519,2812024
38520,2812097
38521,2812170
38522,2812243
38523,2812316
38524,2812389
38525,2812462
38526,2812535
38527,2812608
38528,2812681
38529,2812754
38530,2812827
38531,2812900
38532,2812973
38533,2813046
38534,2813119
38535,2813192
38536,2813265
38537,2813338
38538,2813411
38539,2813484
38540,2813557
38541,2813630
38542,2813703
38543,2813776
38544,2813849
38545,2813922
38546,2813995
38547,2814068
38548,2814141
38549,2814214
38550,2814287
38551,2814360
38552,2814433
38553,2814506
38554,2814579
38555,2814652
38556,2814725
38557,2814798
38558,2814871
38559,2814944
38560,2815017
38561,2815090
38562,2815163
38563,2815236
38564,2815309
38565,2815382
38566,2815455
38567,2815528
38568,2815601
38569,2815674
38570,2815747
38571,2815820
38572,2815893
38573,2815966
38574,2816039
38575,2816112
38576,2816185
38577,2816258
38578,2816331
38579,2816404
38580,2816477
38581,2816550
38582,2816623
38583,2816696
38584,2816769
38585,2816842
38586,2816915
38587,2816988
38588,2817061
38589,2817134
38590,2817207
38591,2817280
38592,2817353
38593,2817426
38594,2817499
38595,2817572
38596,2817645
38597,2817718
38598,2817791
38599,2817864
38600,2817937
38601,2818010
38602,2818083
38603,2818156
38604,2818229
38605,2818302
38606,2818375
38607,2818448
38608,2818521
38609,2818594
38610,2818667
38611,2818740
38612,2818813
38613,2818886
38614,2818959
38615,2819032
38616,2819105
38617,2819178
38618,2819251
38619,2819324
38620,2819397
38621,2819470
38622,2819543
38623,2819616
38624,2819689
38625,2819762
38626,2819835
38627,2819908
38628,2819981
38629,2820054
38630,2820127
38631,2820200
38632,2820273
38633,2820346
38634,2820419
38635,2820492
38636,2820565
38637,2820638
38638,2820711
38639,2820784
38640,2820857
38641,2820930
38642,2821003
38643,2821076
38644,2821149
38645,2821222
38646,2821295
38647,2821368
38648,2821441
38649,2821514
38650,2821587
38651,2821660
38652,2821733
38653,2821806
38654,2821879
38655,2821952
38656,2822025
38657,2822098
38658,2822171
38659,2822244
38660,2822317
38661,2822390
38662,2822463
38663,2822536
38664,2822609
38665,2822682
38666,2822755
38667,2822828
38668,2822901
38669,2822974
38670,2823047
38671,2823120
38672,2823193
38673,2823266
38674,2823339
38675,2823412
38676,2823485
38677,2823558
38678,2823631
38679,2823704
38680,2823777
38681,2823850
38682,2823923
38683,2823996
38684,2824069
38685,2824142
38686,2824215
38687,2824288
38688,2824361
38689,2824434
38690,2824507
38691,2824580
38692,2824653
38693,2824726
38694,2824799
38695,2824872
38696,2824945
38697,2825018
38698,2825091
38699,2825164
38700,2825237
38701,2825310
38702,2825383
38703,2825456
38704,2825529
38705,2825602
38706,2825675
38707,2825748
38708,2825821
38709,2825894
38710,2825967
38711,2826040
38712,2826113
38713,2826186
38714,2826259
38715,2826332
38716,2826405
38717,2826478
38718,2826551
38719,2826624
38720,2826697
38721,2826770
38722,2826843
38723,2826916
38724,2826989
38725,2827062
38726,2827135
38727,2827208
38728,2827281
38729,2827354
38730,2827427
38731,2827500
38732,2827573
38733,2827646
38734,2827719
38735,2827792
38736,2827865
38737,2827938
38738,2828011
38739,2828084
38740,2828157
38741,2828230
38742,2828303
38743,2828376
38744,2828449
38745,2828522
38746,2828595
38747,2828668
38748,2828741
38749,2828814
38750,2828887
38751,2828960
38752,2829033
38753,2829106
38754,2829179
38755,2829252
38756,2829325
38757,2829398
38758,2829471
38759,2829544
38760,2829617
38761,2829690
38762,2829763
38763,2829836
38764,2829909
38765,2829982
38766,2830055
38767,2830128
38768,2830201
38769,2830274
38770,2830347
38771,2830420
38772,2830493
38773,2830566
38774,2830639
38775,2830712
38776,2830785
38777,2830858
38778,2830931
38779,2831004
38780,2831077
38781,2831150
38782,2831223
38783,2831296
38784,2831369
38785,2831442
38786,2831515
38787,2831588
38788,2831661
38789,2831734
38790,2831807
38791,2831880
38792,2831953
38793,2832026
38794,2832099
38795,2832172
38796,2832245
38797,2832318
38798,2832391
38799,2832464
38800,2832537
38801,2832610
38802,2832683
38803,2832756
38804,2832829
38805,2832902
38806,2832975
38807,2833048
38808,2833121
38809,2833194
38810,2833267
38811,2833340
38812,2833413
38813,2833486
38814,2833559
38815,2833632
38816,2833705
38817,2833778
38818,2833851
38819,2833924
38820,2833997
38821,2834070
38822,2834143
38823,2834216
38824,2834289
38825,2834362
38826,2834435
38827,2834508
38828,2834581
38829,2834654
38830,2834727
38831,2834800
38832,2834873
38833,2834946
38834,2835019
38835,2835092
38836,2835165
38837,2835238
38838,2835311
38839,2835384
38840,2835457
38841,2835530
38842,2835603
38843,2835676
38844,2835749
38845,2835822
38846,2835895
38847,2835968
38848,2836041
38849,2836114
38850,2836187
38851,2836260
38852,2836333
38853,2836406
38854,2836479
38855,2836552
38856,2836625
38857,2836698
38858,2836771
38859,2836844
38860,2836917
38861,2836990
38862,2837063
38863,2837136
38864,2837209
38865,2837282
38866,2837355
38867,2837428
38868,2837501
38869,2837574
38870,2837647
38871,2837720
38872,2837793
38873,2837866
38874,2837939
38875,2838012
38876,2838085
38877,2838158
38878,2838231
38879,2838304
38880,2838377
38881,2838450
38882,2838523
38883,2838596
38884,2838669
38885,2838742
38886,2838815
38887,2838888
38888,2838961
38889,2839034
38890,2839107
38891,2839180
38892,2839253
38893,2839326
38894,2839399
38895,2839472
38896,2839545
38897,2839618
38898,2839691
38899,2839764
38900,2839837
38901,2839910
38902,2839983
38903,2840056
38904,2840129
38905,2840202
38906,2840275
38907,2840348
38908,2840421
38909,2840494
38910,2840567
38911,2840640
38912,2840713
38913,2840786
38914,2840859
38915,2840932
38916,2841005
38917,2841078
38918,2841151
38919,2841224
38920,2841297
38921,2841370
38922,2841443
38923,2841516
38924,2841589
38925,2841662
38926,2841735
38927,2841808
38928,2841881
38929,2841954
38930,2842027
38931,2842100
38932,2842173
38933,2842246
38934,2842319
38935,2842392
38936,2842465
38937,2842538
38938,2842611
38939,2842684
38940,2842757
38941,2842830
38942,2842903
38943,2842976
38944,2843049
38945,2843122
38946,2843195
38947,2843268
38948,2843341
38949,2843414
38950,2843487
38951,2843560
38952,2843633
38953,2843706
38954,2843779
38955,2843852
38956,2843925
38957,2843998
38958,2844071
38959,2844144
38960,2844217
38961,2844290
38962,2844363
38963,2844436
38964,2844509
38965,2844582
38966,2844655
38967,2844728
38968,2844801
38969,2844874
38970,2844947
38971,2845020
38972,2845093
38973,2845166
38974,2845239
38975,2845312
38976,2845385
38977,2845458
38978,2845531
38979,2845604
38980,2845677
38981,2845750
38982,2845823
38983,2845896
38984,2845969
38985,2846042
38986,2846115
38987,2846188
38988,2846261
38989,2846334
38990,2846407
38991,2846480
38992,2846553
38993,2846626
38994,2846699
38995,2846772
38996,2846845
38997,2846918
38998,2846991
38999,2847064
39000,2847137
39001,2847210
39002,2847283
39003,2847356
39004,2847429
39005,2847502
39006,2847575
39007,2847648
39008,2847721
39009,2847794
39010,2847867
39011,2847940
39012,2848013
39013,2848086
39014,2848159
39015,2848232
39016,2848305
39017,2848378
39018,2848451
39019,2848524
39020,2848597
39021,2848670
39022,2848743
39023,2848816
39024,2848889
39025,2848962
39026,2849035
39027,2849108
39028,2849181
39029,2849254
39030,2849327
39031,2849400
39032,2849473
39033,2849546
39034,2849619
39035,2849692
39036,2849765
39037,2849838
39038,2849911
39039,2849984
39040,2850057
39041,2850130
39042,2850203
39043,2850276
39044,2850349
39045,2850422
39046,2850495
39047,2850568
39048,2850641
39049,2850714
39050,2850787
39051,2850860
39052,2850933
39053,2851006
39054,2851079
39055,2851152
39056,2851225
39057,2851298
39058,2851371
39059,2851444
39060,2851517
39061,2851590
39062,2851663
39063,2851736
39064,2851809
39065,2851882
39066,2851955
39067,2852028
39068,2852101
39069,2852174
39070,2852247
39071,2852320
39072,2852393
39073,2852466
39074,2852539
39075,2852612
39076,2852685
39077,2852758
39078,2852831
39079,2852904
39080,2852977
39081,2853050
39082,2853123
39083,2853196
39084,2853269
39085,2853342
39086,2853415
39087,2853488
39088,2853561
39089,2853634
39090,2853707
39091,2853780
39092,2853853
39093,2853926
39094,2853999
39095,2854072
39096,2854145
39097,2854218
39098,2854291
39099,2854364
39100,2854437
39101,2854510
39102,2854583
39103,2854656
39104,2854729
39105,2854802
39106,2854875
39107,2854948
39108,2855021
39109,2855094
39110,2855167
39111,2855240
39112,2855313
39113,2855386
39114,2855459
39115,2855532
39116,2855605
39117,2855678
39118,2855751
39119,2855824
39120,2855897
39121,2855970
39122,2856043
39123,2856116
39124,2856189
39125,2856262
39126,2856335
39127,2856408
39128,2856481
39129,2856554
39130,2856627
39131,2856700
39132,2856773
39133,2856846
39134,2856919
39135,2856992
39136,2857065
39137,2857138
39138,2857211
39139,2857284
39140,2857357
39141,2857430
39142,2857503
39143,2857576
39144,2857649
39145,2857722
39146,2857795
39147,2857868
39148,2857941
39149,2858014
39150,2858087
39151,2858160
39152,2858233
39153,2858306
39154,2858379
39155,2858452
39156,2858525
39157,2858598
39158,2858671
39159,2858744
39160,2858817
39161,2858890
39162,2858963
39163,2859036
39164,2859109
39165,2859182
39166,2859255
39167,2859328
39168,2859401
39169,2859474
39170,2859547
39171,2859620
39172,2859693
39173,2859766
39174,2859839
39175,2859912
39176,2859985
39177,2860058
39178,2860131
39179,2860204
39180,2860277
39181,2860350
39182,2860423
39183,2860496
39184,2860569
39185,2860642
39186,2860715
39187,2860788
39188,2860861
39189,2860934
39190,2861007
39191,2861080
39192,2861153
39193,2861226
39194,2861299
39195,2861372
39196,2861445
39197,2861518
39198,2861591
39199,2861664
39200,2861737
39201,2861810
39202,2861883
39203,2861956
39204,2862029
39205,2862102
39206,2862175
39207,2862248
39208,2862321
39209,2862394
39210,2862467
39211,2862540
39212,2862613
39213,2862686
39214,2862759
39215,2862832
39216,2862905
39217,2862978
39218,2863051
39219,2863124
39220,2863197
39221,2863270
39222,2863343
39223,2863416
39224,2863489
39225,2863562
39226,2863635
39227,2863708
39228,2863781
39229,2863854
39230,2863927
39231,2864000
39232,2864073
39233,2864146
39234,2864219
39235,2864292
39236,2864365
39237,2864438
39238,2864511
39239,2864584
39240,2864657
39241,2864730
39242,2864803
39243,2864876
39244,2864949
39245,2865022
39246,2865095
39247,2865168
39248,2865241
39249,2865314
39250,2865387
39251,2865460
39252,2865533
39253,2865606
39254,2865679
39255,2865752
39256,2865825
39257,2865898
39258,2865971
39259,2866044
39260,2866117
39261,2866190
39262,2866263
39263,2866336
39264,2866409
39265,2866482
39266,2866555
39267,2866628
39268,2866701
39269,2866774
39270,2866847
39271,2866920
39272,2866993
39273,2867066
39274,2867139
39275,2867212
39276,2867285
39277,2867358
39278,2867431
39279,2867504
39280,2867577
39281,2867650
39282,2867723
39283,2867796
39284,2867869
39285,2867942
39286,2868015
39287,2868088
39288,2868161
39289,2868234
39290,2868307
39291,2868380
39292,2868453
39293,2868526
39294,2868599
39295,2868672
39296,2868745
39297,2868818
39298,2868891
39299,2868964
39300,2869037
39301,2869110
39302,2869183
39303,2869256
39304,2869329
39305,2869402
39306,2869475
39307,2869548
39308,2869621
39309,2869694
39310,2869767
39311,2869840
39312,2869913
39313,2869986
39314,2870059
39315,2870132
39316,2870205
39317,2870278
39318,2870351
39319,2870424
39320,2870497
39321,2870570
39322,2870643
39323,2870716
39324,2870789
39325,2870862
39326,2870935
39327,2871008
39328,2871081
39329,2871154
39330,2871227
39331,2871300
39332,2871373
39333,2871446
39334,2871519
39335,2871592
39336,2871665
39337,2871738
39338,2871811
39339,2871884
39340,2871957
39341,2872030
39342,2872103
39343,2872176
39344,2872249
39345,2872322
39346,2872395
39347,2872468
39348,2872541
39349,2872614
39350,2872687
39351,2872760
39352,2872833
39353,2872906
39354,2872979
39355,2873052
39356,2873125
39357,2873198
39358,2873271
39359,2873344
39360,2873417
39361,2873490
39362,2873563
39363,2873636
39364,2873709
39365,2873782
39366,2873855
39367,2873928
39368,2874001
39369,2874074
39370,2874147
39371,2874220
39372,2874293
39373,2874366
39374,2874439
39375,2874512
39376,2874585
39377,2874658
39378,2874731
39379,2874804
39380,2874877
39381,2874950
39382,2875023
39383,2875096
39384,2875169
39385,2875242
39386,2875315
39387,2875388
39388,2875461
39389,2875534
39390,2875607
39391,2875680
39392,2875753
39393,2875826
39394,2875899
39395,2875972
39396,2876045
39397,2876118
39398,2876191
39399,2876264
39400,2876337
39401,2876410
39402,2876483
39403,2876556
39404,2876629
39405,2876702
39406,2876775
39407,2876848
39408,2876921
39409,2876994
39410,2877067
39411,2877140
39412,2877213
39413,2877286
39414,2877359
39415,2877432
39416,2877505
39417,2877578
39418,2877651
39419,2877724
39420,2877797
39421,2877870
39422,2877943
39423,2878016
39424,2878089
39425,2878162
39426,2878235
39427,2878308
39428,2878381
39429,2878454
39430,2878527
39431,2878600
39432,2878673
39433,2878746
39434,2878819
39435,2878892
39436,2878965
39437,2879038
39438,2879111
39439,2879184
39440,2879257
39441,2879330
39442,2879403
39443,2879476
39444,2879549
39445,2879622
39446,2879695
39447,2879768
39448,2879841
39449,2879914
39450,2879987
39451,2880060
39452,2880133
39453,2880206
39454,2880279
39455,2880352
39456,2880425
39457,2880498
39458,2880571
39459,2880644
39460,2880717
39461,2880790
39462,2880863
39463,2880936
39464,2881009
39465,2881082
39466,2881155
39467,2881228
39468,2881301
39469,2881374
39470,2881447
39471,2881520
39472,2881593
39473,2881666
39474,2881739
39475,2881812
39476,2881885
39477,2881958
39478,2882031
39479,2882104
39480,2882177
39481,2882250
39482,2882323
39483,2882396
39484,2882469
39485,2882542
39486,2882615
39487,2882688
39488,2882761
39489,2882834
39490,2882907
39491,2882980
39492,2883053
39493,2883126
39494,2883199
39495,2883272
39496,2883345
39497,2883418
39498,2883491
39499,2883564
39500,2883637
39501,2883710
39502,2883783
39503,2883856
39504,2883929
39505,2884002
39506,2884075
39507,2884148
39508,2884221
39509,2884294
39510,2884367
39511,2884440
39512,2884513
39513,2884586
39514,2884659
39515,2884732
39516,2884805
39517,2884878
39518,2884951
39519,2885024
39520,2885097
39521,2885170
39522,2885243
39523,2885316
39524,2885389
39525,2885462
39526,2885535
39527,2885608
39528,2885681
39529,2885754
39530,2885827
39531,2885900
39532,2885973
39533,2886046
39534,2886119
39535,2886192
39536,2886265
39537,2886338
39538,2886411
39539,2886484
39540,2886557
39541,2886630
39542,2886703
39543,2886776
39544,2886849
39545,2886922
39546,2886995
39547,2887068
39548,2887141
39549,2887214
39550,2887287
39551,2887360
39552,2887433
39553,2887506
39554,2887579
39555,2887652
39556,2887725
39557,2887798
39558,2887871
39559,2887944
39560,2888017
39561,2888090
39562,2888163
39563,2888236
39564,2888309
39565,2888382
39566,2888455
39567,2888528
39568,2888601
39569,2888674
39570,2888747
39571,2888820
39572,2888893
39573,2888966
39574,2889039
39575,2889112
39576,2889185
39577,2889258
39578,2889331
39579,2889404
39580,2889477
39581,2889550
39582,2889623
39583,2889696
39584,2889769
39585,2889842
39586,2889915
39587,2889988
39588,2890061
39589,2890134
39590,2890207
39591,2890280
39592,2890353
39593,2890426
39594,2890499
39595,2890572
39596,2890645
39597,2890718
39598,2890791
39599,2890864
39600,2890937
39601,2891010
39602,2891083
39603,2891156
39604,2891229
39605,2891302
39606,2891375
39607,2891448
39608,2891521
39609,2891594
39610,2891667
39611,2891740
39612,2891813
39613,2891886
39614,2891959
39615,2892032
39616,2892105
39617,2892178
39618,2892251
39619,2892324
39620,2892397
39621,2892470
39622,2892543
39623,2892616
39624,2892689
39625,2892762
39626,2892835
39627,2892908
39628,2892981
39629,2893054
39630,2893127
39631,2893200
39632,2893273
39633,2893346
39634,2893419
39635,2893492
39636,2893565
39637,2893638
39638,2893711
39639,2893784
39640,2893857
39641,2893930
39642,2894003
39643,2894076
39644,2894149
39645,2894222
39646,2894295
39647,2894368
39648,2894441
39649,2894514
39650,2894587
39651,2894660
39652,2894733
39653,2894806
39654,2894879
39655,2894952
39656,2895025
39657,2895098
39658,2895171
39659,2895244
39660,2895317
39661,2895390
39662,2895463
39663,2895536
39664,2895609
39665,2895682
39666,2895755
39667,2895828
39668,2895901
39669,2895974
39670,2896047
39671,2896120
39672,2896193
39673,2896266
39674,2896339
39675,2896412
39676,2896485
39677,2896558
39678,2896631
39679,2896704
39680,2896777
39681,2896850
39682,2896923
39683,2896996
39684,2897069
39685,2897142
39686,2897215
39687,2897288
39688,2897361
39689,2897434
39690,2897507
39691,2897580
39692,2897653
39693,2897726
39694,2897799
39695,2897872
39696,2897945
39697,2898018
39698,2898091
39699,2898164
39700,2898237
39701,2898310
39702,2898383
39703,2898456
39704,2898529
39705,2898602
39706,2898675
39707,2898748
39708,2898821
39709,2898894
39710,2898967
39711,2899040
39712,2899113
39713,2899186
39714,2899259
39715,2899332
39716,2899405
39717,2899478
39718,2899551
39719,2899624
39720,2899697
39721,2899770
39722,2899843
39723,2899916
39724,2899989
39725,2900062
39726,2900135
39727,2900208
39728,2900281
39729,2900354
39730,2900427
39731,2900500
39732,2900573
39733,2900646
39734,2900719
39735,2900792
39736,2900865
39737,2900938
39738,2901011
39739,2901084
39740,2901157
39741,2901230
39742,2901303
39743,2901376
39744,2901449
39745,2901522
39746,2901595
39747,2901668
39748,2901741
39749,2901814
39750,2901887
39751,2901960
39752,2902033
39753,2902106
39754,2902179
39755,2902252
39756,2902325
39757,2902398
39758,2902471
39759,2902544
39760,2902617
39761,2902690
39762,2902763
39763,2902836
39764,2902909
39765,2902982
39766,2903055
39767,2903128
39768,2903201
39769,2903274
39770,2903347
39771,2903420
39772,2903493
39773,2903566
39774,2903639
39775,2903712
39776,2903785
39777,2903858
39778,2903931
39779,2904004
39780,2904077
39781,2904150
39782,2904223
39783,2904296
39784,2904369
39785,2904442
39786,2904515
39787,2904588
39788,2904661
39789,2904734
39790,2904807
39791,2904880
39792,2904953
39793,2905026
39794,2905099
39795,2905172
39796,2905245
39797,2905318
39798,2905391
39799,2905464
39800,2905537
39801,2905610
39802,2905683
39803,2905756
39804,2905829
39805,2905902
39806,2905975
39807,2906048
39808,2906121
39809,2906194
39810,2906267
39811,2906340
39812,2906413
39813,2906486
39814,2906559
39815,2906632
39816,2906705
39817,2906778
39818,2906851
39819,2906924
39820,2906997
39821,2907070
39822,2907143
39823,2907216
39824,2907289
39825,2907362
39826,2907435
39827,2907508
39828,2907581
39829,2907654
39830,2907727
39831,2907800
39832,2907873
39833,2907946
39834,2908019
39835,2908092
39836,2908165
39837,2908238
39838,2908311
39839,2908384
39840,2908457
39841,2908530
39842,2908603
39843,2908676
39844,2908749
39845,2908822
39846,2908895
39847,2908968
39848,2909041
39849,2909114
39850,2909187
39851,2909260
39852,2909333
39853,2909406
39854,2909479
39855,2909552
39856,2909625
39857,2909698
39858,2909771
39859,2909844
39860,2909917
39861,2909990
39862,2910063
39863,2910136
39864,2910209
39865,2910282
39866,2910355
39867,2910428
39868,2910501
39869,2910574
39870,2910647
39871,2910720
39872,2910793
39873,2910866
39874,2910939
39875,2911012
39876,2911085
39877,2911158
39878,2911231
39879,2911304
39880,2911377
39881,2911450
39882,2911523
39883,2911596
39884,2911669
39885,2911742
39886,2911815
39887,2911888
39888,2911961
39889,2912034
39890,2912107
39891,2912180
39892,2912253
39893,2912326
39894,2912399
39895,2912472
39896,2912545
39897,2912618
39898,2912691
39899,2912764
39900,2912837
39901,2912910
39902,2912983
39903,2913056
39904,2913129
39905,2913202
39906,2913275
39907,2913348
39908,2913421
39909,2913494
39910,2913567
39911,2913640
39912,2913713
39913,2913786
39914,2913859
39915,2913932
39916,2914005
39917,2914078
39918,2914151
39919,2914224
39920,2914297
39921,2914370
39922,2914443
39923,2914516
39924,2914589
39925,2914662
39926,2914735
39927,2914808
39928,2914881
39929,2914954
39930,2915027
39931,2915100
39932,2915173
39933,2915246
39934,2915319
39935,2915392
39936,2915465
39937,2915538
39938,2915611
39939,2915684
39940,2915757
39941,2915830
39942,2915903
39943,2915976
39944,2916049
39945,2916122
39946,2916195
39947,2916268
39948,2916341
39949,2916414
39950,2916487
39951,2916560
39952,2916633
39953,2916706
39954,2916779
39955,2916852
39956,2916925
39957,2916998
39958,2917071
39959,2917144
39960,2917217
39961,2917290
39962,2917363
39963,2917436
39964,2917509
39965,2917582
39966,2917655
39967,2917728
39968,2917801
39969,2917874
39970,2917947
39971,2918020
39972,2918093
39973,2918166
39974,2918239
39975,2918312
39976,2918385
39977,2918458
39978,2918531
39979,2918604
39980,2918677
39981,2918750
39982,2918823
39983,2918896
39984,2918969
39985,2919042
39986,2919115
39987,2919188
39988,2919261
39989,2919334
39990,2919407
39991,2919480
39992,2919553
39993,2919626
39994,2919699
39995,2919772
39996,2919845
39997,2919918
39998,2919991
39999,2920064
40000,2920137
40001,2920210
40002,2920283
40003,2920356
40004,2920429
40005,2920502
40006,2920575
40007,2920648
40008,2920721
40009,2920794
40010,2920867
40011,2920940
40012,2921013
40013,2921086
40014,2921159
40015,2921232
40016,2921305
40017,2921378
40018,2921451
40019,2921524
40020,2921597
40021,2921670
40022,2921743
40023,2921816
40024,2921889
40025,2921962
40026,2922035
40027,2922108
40028,2922181
40029,2922254
40030,2922327
40031,2922400
40032,2922473
40033,2922546
40034,2922619
40035,2922692
40036,2922765
40037,2922838
40038,2922911
40039,2922984
40040,2923057
40041,2923130
40042,2923203
40043,2923276
40044,2923349
40045,2923422
40046,2923495
40047,2923568
40048,2923641
40049,2923714
40050,2923787
40051,2923860
40052,2923933
40053,2924006
40054,2924079
40055,2924152
40056,2924225
40057,2924298
40058,2924371
40059,2924444
40060,2924517
40061,2924590
40062,2924663
40063,2924736
40064,2924809
40065,2924882
40066,2924955
40067,2925028
40068,2925101
40069,2925174
40070,2925247
40071,2925320
40072,2925393
40073,2925466
40074,2925539
40075,2925612
40076,2925685
40077,2925758
40078,2925831
40079,2925904
40080,2925977
40081,2926050
40082,2926123
40083,2926196
40084,2926269
40085,2926342
40086,2926415
40087,2926488
40088,2926561
40089,2926634
40090,2926707
40091,2926780
40092,2926853
40093,2926926
40094,2926999
40095,2927072
40096,2927145
40097,2927218
40098,2927291
40099,2927364
40100,2927437
40101,2927510
40102,2927583
40103,2927656
40104,2927729
40105,2927802
40106,2927875
40107,2927948
40108,2928021
40109,2928094
40110,2928167
40111,2928240
40112,2928313
40113,2928386
40114,2928459
40115,2928532
40116,2928605
40117,2928678
40118,2928751
40119,2928824
40120,2928897
40121,2928970
40122,2929043
40123,2929116
40124,2929189
40125,2929262
40126,2929335
40127,2929408
40128,2929481
40129,2929554
40130,2929627
40131,2929700
40132,2929773
40133,2929846
40134,2929919
40135,2929992
40136,2930065
40137,2930138
40138,2930211
40139,2930284
40140,2930357
40141,2930430
40142,2930503
40143,2930576
40144,2930649
40145,2930722
40146,2930795
40147,2930868
40148,2930941
40149,2931014
40150,2931087
40151,2931160
40152,2931233
40153,2931306
40154,2931379
40155,2931452
40156,2931525
40157,2931598
40158,2931671
40159,2931744
40160,2931817
40161,2931890
40162,2931963
40163,2932036
40164,2932109
40165,2932182
40166,2932255
40167,2932328
40168,2932401
40169,2932474
40170,2932547
40171,2932620
40172,2932693
40173,2932766
40174,2932839
40175,2932912
40176,2932985
40177,2933058
40178,2933131
40179,2933204
40180,2933277
40181,2933350
40182,2933423
40183,2933496
40184,2933569
40185,2933642
40186,2933715
40187,2933788
40188,2933861
40189,2933934
40190,2934007
40191,2934080
40192,2934153
40193,2934226
40194,2934299
40195,2934372
40196,2934445
40197,2934518
40198,2934591
40199,2934664
40200,2934737
40201,2934810
40202,2934883
40203,2934956
40204,2935029
40205,2935102
40206,2935175
40207,2935248
40208,2935321
40209,2935394
40210,2935467
40211,2935540
40212,2935613
40213,2935686
40214,2935759
40215,2935832
40216,2935905
40217,2935978
40218,2936051
40219,2936124
40220,2936197
40221,2936270
40222,2936343
40223,2936416
40224,2936489
40225,2936562
40226,2936635
40227,2936708
40228,2936781
40229,2936854
40230,2936927
40231,2937000
40232,2937073
40233,2937146
40234,2937219
40235,2937292
40236,2937365
40237,2937438
40238,2937511
40239,2937584
40240,2937657
40241,2937730
40242,2937803
40243,2937876
40244,2937949
40245,2938022
40246,2938095
40247,2938168
40248,2938241
40249,2938314
40250,2938387
40251,2938460
40252,2938533
40253,2938606
40254,2938679
40255,2938752
40256,2938825
40257,2938898
40258,2938971
40259,2939044
40260,2939117
40261,2939190
40262,2939263
40263,2939336
40264,2939409
40265,2939482
40266,2939555
40267,2939628
40268,2939701
40269,2939774
40270,2939847
40271,2939920
40272,2939993
40273,2940066
40274,2940139
40275,2940212
40276,2940285
40277,2940358
40278,2940431
40279,2940504
40280,2940577
40281,2940650
40282,2940723
40283,2940796
40284,2940869
40285,2940942
40286,2941015
40287,2941088
40288,2941161
40289,2941234
40290,2941307
40291,2941380
40292,2941453
40293,2941526
40294,2941599
40295,2941672
40296,2941745
40297,2941818
40298,2941891
40299,2941964
40300,2942037
40301,2942110
40302,2942183
40303,2942256
40304,2942329
40305,2942402
40306,2942475
40307,2942548
40308,2942621
40309,2942694
40310,2942767
40311,2942840
40312,2942913
40313,2942986
40314,2943059
40315,2943132
40316,2943205
40317,2943278
40318,2943351
40319,2943424
40320,2943497
40321,2943570
40322,2943643
40323,2943716
40324,2943789
40325,2943862
40326,2943935
40327,2944008
40328,2944081
40329,2944154
40330,2944227
40331,2944300
40332,2944373
40333,2944446
40334,2944519
40335,2944592
40336,2944665
40337,2944738
40338,2944811
40339,2944884
40340,2944957
40341,2945030
40342,2945103
40343,2945176
40344,2945249
40345,2945322
40346,2945395
40347,2945468
40348,2945541
40349,2945614
40350,2945687
40351,2945760
40352,2945833
40353,2945906
40354,2945979
40355,2946052
40356,2946125
40357,2946198
40358,2946271
40359,2946344
40360,2946417
40361,2946490
40362,2946563
40363,2946636
40364,2946709
40365,2946782
40366,2946855
40367,2946928
40368,2947001
40369,2947074
40370,2947147
40371,2947220
40372,2947293
40373,2947366
40374,2947439
40375,2947512
40376,2947585
40377,2947658
40378,2947731
40379,2947804
40380,2947877
40381,2947950
40382,2948023
40383,2948096
40384,2948169
40385,2948242
40386,2948315
40387,2948388
40388,2948461
40389,2948534
40390,2948607
40391,2948680
40392,2948753
40393,2948826
40394,2948899
40395,2948972
40396,2949045
40397,2949118
40398,2949191
40399,2949264
40400,2949337
40401,2949410
40402,2949483
40403,2949556
40404,2949629
40405,2949702
40406,2949775
40407,2949848
40408,2949921
40409,2949994
40410,2950067
40411,2950140
40412,2950213
40413,2950286
40414,2950359
40415,2950432
40416,2950505
40417,2950578
40418,2950651
40419,2950724
40420,2950797
40421,2950870
40422,2950943
40423,2951016
40424,2951089
40425,2951162
40426,2951235
40427,2951308
40428,2951381
40429,2951454
40430,2951527
40431,2951600
40432,2951673
40433,2951746
40434,2951819
40435,2951892
40436,2951965
40437,2952038
40438,2952111
40439,2952184
40440,2952257
40441,2952330
40442,2952403
40443,2952476
40444,2952549
40445,2952622
40446,2952695
40447,2952768
40448,2952841
40449,2952914
40450,2952987
40451,2953060
40452,2953133
40453,2953206
40454,2953279
40455,2953352
40456,2953425
40457,2953498
40458,2953571
40459,2953644
40460,2953717
40461,2953790
40462,2953863
40463,2953936
40464,2954009
40465,2954082
40466,2954155
40467,2954228
40468,2954301
40469,2954374
40470,2954447
40471,2954520
40472,2954593
40473,2954666
40474,2954739
40475,2954812
40476,2954885
40477,2954958
40478,2955031
40479,2955104
40480,2955177
40481,2955250
40482,2955323
40483,2955396
40484,2955469
40485,2955542
40486,2955615
40487,2955688
40488,2955761
40489,2955834
40490,2955907
40491,2955980
40492,2956053
40493,2956126
40494,2956199
40495,2956272
40496,2956345
40497,2956418
40498,2956491
40499,2956564
40500,2956637
40501,2956710
40502,2956783
40503,2956856
40504,2956929
40505,2957002
40506,2957075
40507,2957148
40508,2957221
40509,2957294
40510,2957367
40511,2957440
40512,2957513
40513,2957586
40514,2957659
40515,2957732
40516,2957805
40517,2957878
40518,2957951
40519,2958024
40520,2958097
40521,2958170
40522,2958243
40523,2958316
40524,2958389
40525,2958462
40526,2958535
40527,2958608
40528,2958681
40529,2958754
40530,2958827
40531,2958900
40532,2958973
40533,2959046
40534,2959119
40535,2959192
40536,2959265
40537,2959338
40538,2959411
40539,2959484
40540,2959557
40541,2959630
40542,2959703
40543,2959776
40544,2959849
40545,2959922
40546,2959995
40547,2960068
40548,2960141
40549,2960214
40550,2960287
40551,2960360
40552,2960433
40553,2960506
40554,2960579
40555,2960652
40556,2960725
40557,2960798
40558,2960871
40559,2960944
40560,2961017
40561,2961090
40562,2961163
40563,2961236
40564,2961309
40565,2961382
40566,2961455
40567,2961528
40568,2961601
40569,2961674
40570,2961747
40571,2961820
40572,2961893
40573,2961966
40574,2962039
40575,2962112
40576,2962185
40577,2962258
40578,2962331
40579,2962404
40580,2962477
40581,2962550
40582,2962623
40583,2962696
40584,2962769
40585,2962842
40586,2962915
40587,2962988
40588,2963061
40589,2963134
40590,2963207
40591,2963280
40592,2963353
40593,2963426
40594,2963499
40595,2963572
40596,2963645
40597,2963718
40598,2963791
40599,2963864
40600,2963937
40601,2964010
40602,2964083
40603,2964156
40604,2964229
40605,2964302
40606,2964375
40607,2964448
40608,2964521
40609,2964594
40610,2964667
40611,2964740
40612,2964813
40613,2964886
40614,2964959
40615,2965032
40616,2965105
40617,2965178
40618,2965251
40619,2965324
40620,2965397
40621,2965470
40622,2965543
40623,2965616
40624,2965689
40625,2965762
40626,2965835
40627,2965908
40628,2965981
40629,2966054
40630,2966127
40631,2966200
40632,2966273
40633,2966346
40634,2966419
40635,2966492
40636,2966565
40637,2966638
40638,2966711
40639,2966784
40640,2966857
40641,2966930
40642,2967003
40643,2967076
40644,2967149
40645,2967222
40646,2967295
40647,2967368
40648,2967441
40649,2967514
40650,2967587
40651,2967660
40652,2967733
40653,2967806
40654,2967879
40655,2967952
40656,2968025
40657,2968098
40658,2968171
40659,2968244
40660,2968317
40661,2968390
40662,2968463
40663,2968536
40664,2968609
40665,2968682
40666,2968755
40667,2968828
40668,2968901
40669,2968974
40670,2969047
40671,2969120
40672,2969193
40673,2969266
40674,2969339
40675,2969412
40676,2969485
40677,2969558
40678,2969631
40679,2969704
40680,2969777
40681,2969850
40682,2969923
40683,2969996
40684,2970069
40685,2970142
40686,2970215
40687,2970288
40688,2970361
40689,2970434
40690,2970507
40691,2970580
40692,2970653
40693,2970726
40694,2970799
40695,2970872
40696,2970945
40697,2971018
40698,2971091
40699,2971164
40700,2971237
40701,2971310
40702,2971383
40703,2971456
40704,2971529
40705,2971602
40706,2971675
40707,2971748
40708,2971821
40709,2971894
40710,2971967
40711,2972040
40712,2972113
40713,2972186
40714,2972259
40715,2972332
40716,2972405
40717,2972478
40718,2972551
40719,2972624
40720,2972697
40721,2972770
40722,2972843
40723,2972916
40724,2972989
40725,2973062
40726,2973135
40727,2973208
40728,2973281
40729,2973354
40730,2973427
40731,2973500
40732,2973573
40733,2973646
40734,2973719
40735,2973792
40736,2973865
40737,2973938
40738,2974011
40739,2974084
40740,2974157
40741,2974230
40742,2974303
40743,2974376
40744,2974449
40745,2974522
40746,2974595
40747,2974668
40748,2974741
40749,2974814
40750,2974887
40751,2974960
40752,2975033
40753,2975106
40754,2975179
40755,2975252
40756,2975325
40757,2975398
40758,2975471
40759,2975544
40760,2975617
40761,2975690
40762,2975763
40763,2975836
40764,2975909
40765,2975982
40766,2976055
40767,2976128
40768,2976201
40769,2976274
40770,2976347
40771,2976420
40772,2976493
40773,2976566
40774,2976639
40775,2976712
40776,2976785
40777,2976858
40778,2976931
40779,2977004
40780,2977077
40781,2977150
40782,2977223
40783,2977296
40784,2977369
40785,2977442
40786,2977515
40787,2977588
40788,2977661
40789,2977734
40790,2977807
40791,2977880
40792,2977953
40793,2978026
40794,2978099
40795,2978172
40796,2978245
40797,2978318
40798,2978391
40799,2978464
40800,2978537
40801,2978610
40802,2978683
40803,2978756
40804,2978829
40805,2978902
40806,2978975
40807,2979048
40808,2979121
40809,2979194
40810,2979267
40811,2979340
40812,2979413
40813,2979486
40814,2979559
40815,2979632
40816,2979705
40817,2979778
40818,2979851
40819,2979924
40820,2979997
40821,2980070
40822,2980143
40823,2980216
40824,2980289
40825,2980362
40826,2980435
40827,2980508
40828,2980581
40829,2980654
40830,2980727
40831,2980800
40832,2980873
40833,2980946
40834,2981019
40835,2981092
40836,2981165
40837,2981238
40838,2981311
40839,2981384
40840,2981457
40841,2981530
40842,2981603
40843,2981676
40844,2981749
40845,2981822
40846,2981895
40847,2981968
40848,2982041
40849,2982114
40850,2982187
40851,2982260
40852,2982333
40853,2982406
40854,2982479
40855,2982552
40856,2982625
40857,2982698
40858,2982771
40859,2982844
40860,2982917
40861,2982990
40862,2983063
40863,2983136
40864,2983209
40865,2983282
40866,2983355
40867,2983428
40868,2983501
40869,2983574
40870,2983647
40871,2983720
40872,2983793
40873,2983866
40874,2983939
40875,2984012
40876,2984085
40877,2984158
40878,2984231
40879,2984304
40880,2984377
40881,2984450
40882,2984523
40883,2984596
40884,2984669
40885,2984742
40886,2984815
40887,2984888
40888,2984961
40889,2985034
40890,2985107
40891,2985180
40892,2985253
40893,2985326
40894,2985399
40895,2985472
40896,2985545
40897,2985618
40898,2985691
40899,2985764
40900,2985837
40901,2985910
40902,2985983
40903,2986056
40904,2986129
40905,2986202
40906,2986275
40907,2986348
40908,2986421
40909,2986494
40910,2986567
40911,2986640
40912,2986713
40913,2986786
40914,2986859
40915,2986932
40916,2987005
40917,2987078
40918,2987151
40919,2987224
40920,2987297
40921,2987370
40922,2987443
40923,2987516
40924,2987589
40925,2987662
40926,2987735
40927,2987808
40928,2987881
40929,2987954
40930,2988027
40931,2988100
40932,2988173
40933,2988246
40934,2988319
40935,2988392
40936,2988465
40937,2988538
40938,2988611
40939,2988684
40940,2988757
40941,2988830
40942,2988903
40943,2988976
40944,2989049
40945,2989122
40946,2989195
40947,2989268
40948,2989341
40949,2989414
40950,2989487
40951,2989560
40952,2989633
40953,2989706
40954,2989779
40955,2989852
40956,2989925
40957,2989998
40958,2990071
40959,2990144
40960,2990217
40961,2990290
40962,2990363
40963,2990436
40964,2990509
40965,2990582
40966,2990655
40967,2990728
40968,2990801
40969,2990874
40970,2990947
40971,2991020
40972,2991093
40973,2991166
40974,2991239
40975,2991312
40976,2991385
40977,2991458
40978,2991531
40979,2991604
40980,2991677
40981,2991750
40982,2991823
40983,2991896
40984,2991969
40985,2992042
40986,2992115
40987,2992188
40988,2992261
40989,2992334
40990,2992407
40991,2992480
40992,2992553
40993,2992626
40994,2992699
40995,2992772
40996,2992845
40997,2992918
40998,2992991
40999,2993064
41000,2993137
41001,2993210
41002,2993283
41003,2993356
41004,2993429
41005,2993502
41006,2993575
41007,2993648
41008,2993721
41009,2993794
41010,2993867
41011,2993940
41012,2994013
41013,2994086
41014,2994159
41015,2994232
41016,2994305
41017,2994378
41018,2994451
41019,2994524
41020,2994597
41021,2994670
41022,2994743
41023,2994816
41024,2994889
41025,2994962
41026,2995035
41027,2995108
41028,2995181
41029,2995254
41030,2995327
41031,2995400
41032,2995473
41033,2995546
41034,2995619
41035,2995692
41036,2995765
41037,2995838
41038,2995911
41039,2995984
41040,2996057
41041,2996130
41042,2996203
41043,2996276
41044,2996349
41045,2996422
41046,2996495
41047,2996568
41048,2996641
41049,2996714
41050,2996787
41051,2996860
41052,2996933
41053,2997006
41054,2997079
41055,2997152
41056,2997225
41057,2997298
41058,2997371
41059,2997444
41060,2997517
41061,2997590
41062,2997663
41063,2997736
41064,2997809
41065,2997882
41066,2997955
41067,2998028
41068,2998101
41069,2998174
41070,2998247
41071,2998320
41072,2998393
41073,2998466
41074,2998539
41075,2998612
41076,2998685
41077,2998758
41078,2998831
41079,2998904
41080,2998977
41081,2999050
41082,2999123
41083,2999196
41084,2999269
41085,2999342
41086,2999415
41087,2999488
41088,2999561
41089,2999634
41090,2999707
41091,2999780
41092,2999853
41093,2999926
41094,2999999
41095,3000072
41096,3000145
41097,3000218
41098,3000291
41099,3000364
41100,3000437
41101,3000510
41102,3000583
41103,3000656
41104,3000729
41105,3000802
41106,3000875
41107,3000948
41108,3001021
41109,3001094
41110,3001167
41111,3001240
41112,3001313
41113,3001386
41114,3001459
41115,3001532
41116,3001605
41117,3001678
41118,3001751
41119,3001824
41120,3001897
41121,3001970
41122,3002043
41123,3002116
41124,3002189
41125,3002262
41126,3002335
41127,3002408
41128,3002481
41129,3002554
41130,3002627
41131,3002700
41132,3002773
41133,3002846
41134,3002919
41135,3002992
41136,3003065
41137,3003138
41138,3003211
41139,3003284
41140,3003357
41141,3003430
41142,3003503
41143,3003576
41144,3003649
41145,3003722
41146,3003795
41147,3003868
41148,3003941
41149,3004014
41150,3004087
41151,3004160
41152,3004233
41153,3004306
41154,3004379
41155,3004452
41156,3004525
41157,3004598
41158,3004671
41159,3004744
41160,3004817
41161,3004890
41162,3004963
41163,3005036
41164,3005109
41165,3005182
41166,3005255
41167,3005328
41168,3005401
41169,3005474
41170,3005547
41171,3005620
41172,3005693
41173,3005766
41174,3005839
41175,3005912
41176,3005985
41177,3006058
41178,3006131
41179,3006204
41180,3006277
41181,3006350
41182,3006423
41183,3006496
41184,3006569
41185,3006642
41186,3006715
41187,3006788
41188,3006861
41189,3006934
41190,3007007
41191,3007080
41192,3007153
41193,3007226
41194,3007299
41195,3007372
41196,3007445
41197,3007518
41198,3007591
41199,3007664
41200,3007737
41201,3007810
41202,3007883
41203,3007956
41204,3008029
41205,3008102
41206,3008175
41207,3008248
41208,3008321
41209,3008394
41210,3008467
41211,3008540
41212,3008613
41213,3008686
41214,3008759
41215,3008832
41216,3008905
41217,3008978
41218,3009051
41219,3009124
41220,3009197
41221,3009270
41222,3009343
41223,3009416
41224,3009489
41225,3009562
41226,3009635
41227,3009708
41228,3009781
41229,3009854
41230,3009927
41231,3010000
41232,3010073
41233,3010146
41234,3010219
41235,3010292
41236,3010365
41237,3010438
41238,3010511
41239,3010584
41240,3010657
41241,3010730
41242,3010803
41243,3010876
41244,3010949
41245,3011022
41246,3011095
41247,3011168
41248,3011241
41249,3011314
41250,3011387
41251,3011460
41252,3011533
41253,3011606
41254,3011679
41255,3011752
41256,3011825
41257,3011898
41258,3011971
41259,3012044
41260,3012117
41261,3012190
41262,3012263
41263,3012336
41264,3012409
41265,3012482
41266,3012555
41267,3012628
41268,3012701
41269,3012774
41270,3012847
41271,3012920
41272,3012993
41273,3013066
41274,3013139
41275,3013212
41276,3013285
41277,3013358
41278,3013431
41279,3013504
41280,3013577
41281,3013650
41282,3013723
41283,3013796
41284,3013869
41285,3013942
41286,3014015
41287,3014088
41288,3014161
41289,3014234
41290,3014307
41291,3014380
41292,3014453
41293,3014526
41294,3014599
41295,3014672
41296,3014745
41297,3014818
41298,3014891
41299,3014964
41300,3015037
41301,3015110
41302,3015183
41303,3015256
41304,3015329
41305,3015402
41306,3015475
41307,3015548
41308,3015621
41309,3015694
41310,3015767
41311,3015840
41312,3015913
41313,3015986
41314,3016059
41315,3016132
41316,3016205
41317,3016278
41318,3016351
41319,3016424
41320,3016497
41321,3016570
41322,3016643
41323,3016716
41324,3016789
41325,3016862
41326,3016935
41327,3017008
41328,3017081
41329,3017154
41330,3017227
41331,3017300
41332,3017373
41333,3017446
41334,3017519
41335,3017592
41336,3017665
41337,3017738
41338,3017811
41339,3017884
41340,3017957
41341,3018030
41342,3018103
41343,3018176
41344,3018249
41345,3018322
41346,3018395
41347,3018468
41348,3018541
41349,3018614
41350,3018687
41351,3018760
41352,3018833
41353,3018906
41354,3018979
41355,3019052
41356,3019125
41357,3019198
41358,3019271
41359,3019344
41360,3019417
41361,3019490
41362,3019563
41363,3019636
41364,3019709
41365,3019782
41366,3019855
41367,3019928
41368,3020001
41369,3020074
41370,3020147
41371,3020220
41372,3020293
41373,3020366
41374,3020439
41375,3020512
41376,3020585
41377,3020658
41378,3020731
41379,3020804
41380,3020877
41381,3020950
41382,3021023
41383,3021096
41384,3021169
41385,3021242
41386,3021315
41387,3021388
41388,3021461
41389,3021534
41390,3021607
41391,3021680
41392,3021753
41393,3021826
41394,3021899
41395,3021972
41396,3022045
41397,3022118
41398,3022191
41399,3022264
41400,3022337
41401,3022410
41402,3022483
41403,3022556
41404,3022629
41405,3022702
41406,3022775
41407,3022848
41408,3022921
41409,3022994
41410,3023067
41411,3023140
41412,3023213
41413,3023286
41414,3023359
41415,3023432
41416,3023505
41417,3023578
41418,3023651
41419,3023724
41420,3023797
41421,3023870
41422,3023943
41423,3024016
41424,3024089
41425,3024162
41426,3024235
41427,3024308
41428,3024381
41429,3024454
41430,3024527
41431,3024600
41432,3024673
41433,3024746
41434,3024819
41435,3024892
41436,3024965
41437,3025038
41438,3025111
41439,3025184
41440,3025257
41441,3025330
41442,3025403
41443,3025476
41444,3025549
41445,3025622
41446,3025695
41447,3025768
41448,3025841
41449,3025914
41450,3025987
41451,3026060
41452,3026133
41453,3026206
41454,3026279
41455,3026352
41456,3026425
41457,3026498
41458,3026571
41459,3026644
41460,3026717
41461,3026790
41462,3026863
41463,3026936
41464,3027009
41465,3027082
41466,3027155
41467,3027228
41468,3027301
41469,3027374
41470,3027447
41471,3027520
41472,3027593
41473,3027666
41474,3027739
41475,3027812
41476,3027885
41477,3027958
41478,3028031
41479,3028104
41480,3028177
41481,3028250
41482,3028323
41483,3028396
41484,3028469
41485,3028542
41486,3028615
41487,3028688
41488,3028761
41489,3028834
41490,3028907
41491,3028980
41492,3029053
41493,3029126
41494,3029199
41495,3029272
41496,3029345
41497,3029418
41498,3029491
41499,3029564
41500,3029637
41501,3029710
41502,3029783
41503,3029856
41504,3029929
41505,3030002
41506,3030075
41507,3030148
41508,3030221
41509,3030294
41510,3030367
41511,3030440
41512,3030513
41513,3030586
41514,3030659
41515,3030732
41516,3030805
41517,3030878
41518,3030951
41519,3031024
41520,3031097
41521,3031170
41522,3031243
41523,3031316
41524,3031389
41525,3031462
41526,3031535
41527,3031608
41528,3031681
41529,3031754
41530,3031827
41531,3031900
41532,3031973
41533,3032046
41534,3032119
41535,3032192
41536,3032265
41537,3032338
41538,3032411
41539,3032484
41540,3032557
41541,3032630
41542,3032703
41543,3032776
41544,3032849
41545,3032922
41546,3032995
41547,3033068
41548,3033141
41549,3033214
41550,3033287
41551,3033360
41552,3033433
41553,3033506
41554,3033579
41555,3033652
41556,3033725
41557,3033798
41558,3033871
41559,3033944
41560,3034017
41561,3034090
41562,3034163
41563,3034236
41564,3034309
41565,3034382
41566,3034455
41567,3034528
41568,3034601
41569,3034674
41570,3034747
41571,3034820
41572,3034893
41573,3034966
41574,3035039
41575,3035112
41576,3035185
41577,3035258
41578,3035331
41579,3035404
41580,3035477
41581,3035550
41582,3035623
41583,3035696
41584,3035769
41585,3035842
41586,3035915
41587,3035988
41588,3036061
41589,3036134
41590,3036207
41591,3036280
41592,3036353
41593,3036426
41594,3036499
41595,3036572
41596,3036645
41597,3036718
41598,3036791
41599,3036864
41600,3036937
41601,3037010
41602,3037083
41603,3037156
41604,3037229
41605,3037302
41606,3037375
41607,3037448
41608,3037521
41609,3037594
41610,3037667
41611,3037740
41612,3037813
41613,3037886
41614,3037959
41615,3038032
41616,3038105
41617,3038178
41618,3038251
41619,3038324
41620,3038397
41621,3038470
41622,3038543
41623,3038616
41624,3038689
41625,3038762
41626,3038835
41627,3038908
41628,3038981
41629,3039054
41630,3039127
41631,3039200
41632,3039273
41633,3039346
41634,3039419
41635,3039492
41636,3039565
41637,3039638
41638,3039711
41639,3039784
41640,3039857
41641,3039930
41642,3040003
41643,3040076
41644,3040149
41645,3040222
41646,3040295
41647,3040368
41648,3040441
41649,3040514
41650,3040587
41651,3040660
41652,3040733
41653,3040806
41654,3040879
41655,3040952
41656,3041025
41657,3041098
41658,3041171
41659,3041244
41660,3041317
41661,3041390
41662,3041463
41663,3041536
41664,3041609
41665,3041682
41666,3041755
41667,3041828
41668,3041901
41669,3041974
41670,3042047
41671,3042120
41672,3042193
41673,3042266
41674,3042339
41675,3042412
41676,3042485
41677,3042558
41678,3042631
41679,3042704
41680,3042777
41681,3042850
41682,3042923
41683,3042996
41684,3043069
41685,3043142
41686,3043215
41687,3043288
41688,3043361
41689,3043434
41690,3043507
41691,3043580
41692,3043653
41693,3043726
41694,3043799
41695,3043872
41696,3043945
41697,3044018
41698,3044091
41699,3044164
41700,3044237
41701,3044310
41702,3044383
41703,3044456
41704,3044529
41705,3044602
41706,3044675
41707,3044748
41708,3044821
41709,3044894
41710,3044967
41711,3045040
41712,3045113
41713,3045186
41714,3045259
41715,3045332
41716,3045405
41717,3045478
41718,3045551
41719,3045624
41720,3045697
41721,3045770
41722,3045843
41723,3045916
41724,3045989
41725,3046062
41726,3046135
41727,3046208
41728,3046281
41729,3046354
41730,3046427
41731,3046500
41732,3046573
41733,3046646
41734,3046719
41735,3046792
41736,3046865
41737,3046938
41738,3047011
41739,3047084
41740,3047157
41741,3047230
41742,3047303
41743,3047376
41744,3047449
41745,3047522
41746,3047595
41747,3047668
41748,3047741
41749,3047814
41750,3047887
41751,3047960
41752,3048033
41753,3048106
41754,3048179
41755,3048252
41756,3048325
41757,3048398
41758,3048471
41759,3048544
41760,3048617
41761,3048690
41762,3048763
41763,3048836
41764,3048909
41765,3048982
41766,3049055
41767,3049128
41768,3049201
41769,3049274
41770,3049347
41771,3049420
41772,3049493
41773,3049566
41774,3049639
41775,3049712
41776,3049785
41777,3049858
41778,3049931
41779,3050004
41780,3050077
41781,3050150
41782,3050223
41783,3050296
41784,3050369
41785,3050442
41786,3050515
41787,3050588
41788,3050661
41789,3050734
41790,3050807
41791,3050880
41792,3050953
41793,3051026
41794,3051099
41795,3051172
41796,3051245
41797,3051318
41798,3051391
41799,3051464
41800,3051537
41801,3051610
41802,3051683
41803,3051756
41804,3051829
41805,3051902
41806,3051975
41807,3052048
41808,3052121
41809,3052194
41810,3052267
41811,3052340
41812,3052413
41813,3052486
41814,3052559
41815,3052632
41816,3052705
41817,3052778
41818,3052851
41819,3052924
41820,3052997
41821,3053070
41822,3053143
41823,3053216
41824,3053289
41825,3053362
41826,3053435
41827,3053508
41828,3053581
41829,3053654
41830,3053727
41831,3053800
41832,3053873
41833,3053946
41834,3054019
41835,3054092
41836,3054165
41837,3054238
41838,3054311
41839,3054384
41840,3054457
41841,3054530
41842,3054603
41843,3054676
41844,3054749
41845,3054822
41846,3054895
41847,3054968
41848,3055041
41849,3055114
41850,3055187
41851,3055260
41852,3055333
41853,3055406
41854,3055479
41855,3055552
41856,3055625
41857,3055698
41858,3055771
41859,3055844
41860,3055917
41861,3055990
41862,3056063
41863,3056136
41864,3056209
41865,3056282
41866,3056355
41867,3056428
41868,3056501
41869,3056574
41870,3056647
41871,3056720
41872,3056793
41873,3056866
41874,3056939
41875,3057012
41876,3057085
41877,3057158
41878,3057231
41879,3057304
41880,3057377
41881,3057450
41882,3057523
41883,3057596
41884,3057669
41885,3057742
41886,3057815
41887,3057888
41888,3057961
41889,3058034
41890,3058107
41891,3058180
41892,3058253
41893,3058326
41894,3058399
41895,3058472
41896,3058545
41897,3058618
41898,3058691
41899,3058764
41900,3058837
41901,3058910
41902,3058983
41903,3059056
41904,3059129
41905,3059202
41906,3059275
41907,3059348
41908,3059421
41909,3059494
41910,3059567
41911,3059640
41912,3059713
41913,3059786
41914,3059859
41915,3059932
41916,3060005
41917,3060078
41918,3060151
41919,3060224
41920,3060297
41921,3060370
41922,3060443
41923,3060516
41924,3060589
41925,3060662
41926,3060735
41927,3060808
41928,3060881
41929,3060954
41930,3061027
41931,3061100
41932,3061173
41933,3061246
41934,3061319
41935,3061392
41936,3061465
41937,3061538
41938,3061611
41939,3061684
41940,3061757
41941,3061830
41942,3061903
41943,3061976
41944,3062049
41945,3062122
41946,3062195
41947,3062268
41948,3062341
41949,3062414
41950,3062487
41951,3062560
41952,3062633
41953,3062706
41954,3062779
41955,3062852
41956,3062925
41957,3062998
41958,3063071
41959,3063144
41960,3063217
41961,3063290
41962,3063363
41963,3063436
41964,3063509
41965,3063582
41966,3063655
41967,3063728
41968,3063801
41969,3063874
41970,3063947
41971,3064020
41972,3064093
41973,3064166
41974,3064239
41975,3064312
41976,3064385
41977,3064458
41978,3064531
41979,3064604
41980,3064677
41981,3064750
41982,3064823
41983,3064896
41984,3064969
41985,3065042
41986,3065115
41987,3065188
41988,3065261
41989,3065334
41990,3065407
41991,3065480
41992,3065553
41993,3065626
41994,3065699
41995,3065772
41996,3065845
41997,3065918
41998,3065991
41999,3066064
42000,3066137
42001,3066210
42002,3066283
42003,3066356
42004,3066429
42005,3066502
42006,3066575
42007,3066648
42008,3066721
42009,3066794
42010,3066867
42011,3066940
42012,3067013
42013,3067086
42014,3067159
42015,3067232
42016,3067305
42017,3067378
42018,3067451
42019,3067524
42020,3067597
42021,3067670
42022,3067743
42023,3067816
42024,3067889
42025,3067962
42026,3068035
42027,3068108
42028,3068181
42029,3068254
42030,3068327
42031,3068400
42032,3068473
42033,3068546
42034,3068619
42035,3068692
42036,3068765
42037,3068838
42038,3068911
42039,3068984
42040,3069057
42041,3069130
42042,3069203
42043,3069276
42044,3069349
42045,3069422
42046,3069495
42047,3069568
42048,3069641
42049,3069714
42050,3069787
42051,3069860
42052,3069933
42053,3070006
42054,3070079
42055,3070152
42056,3070225
42057,3070298
42058,3070371
42059,3070444
42060,3070517
42061,3070590
42062,3070663
42063,3070736
42064,3070809
42065,3070882
42066,3070955
42067,3071028
42068,3071101
42069,3071174
42070,3071247
42071,3071320
42072,3071393
42073,3071466
42074,3071539
42075,3071612
42076,3071685
42077,3071758
42078,3071831
42079,3071904
42080,3071977
42081,3072050
42082,3072123
42083,3072196
42084,3072269
42085,3072342
42086,3072415
42087,3072488
42088,3072561
42089,3072634
42090,3072707
42091,3072780
42092,3072853
42093,3072926
42094,3072999
42095,3073072
42096,3073145
42097,3073218
42098,3073291
42099,3073364
42100,3073437
42101,3073510
42102,3073583
42103,3073656
42104,3073729
42105,3073802
42106,3073875
42107,3073948
42108,3074021
42109,3074094
42110,3074167
42111,3074240
42112,3074313
42113,3074386
42114,3074459
42115,3074532
42116,3074605
42117,3074678
42118,3074751
42119,3074824
42120,3074897
42121,3074970
42122,3075043
42123,3075116
42124,3075189
42125,3075262
42126,3075335
42127,3075408
42128,3075481
42129,3075554
42130,3075627
42131,3075700
42132,3075773
42133,3075846
42134,3075919
42135,3075992
42136,3076065
42137,3076138
42138,3076211
42139,3076284
42140,3076357
42141,3076430
42142,3076503
42143,3076576
42144,3076649
42145,3076722
42146,3076795
42147,3076868
42148,3076941
42149,3077014
42150,3077087
42151,3077160
42152,3077233
42153,3077306
42154,3077379
42155,3077452
42156,3077525
42157,3077598
42158,3077671
42159,3077744
42160,3077817
42161,3077890
42162,3077963
42163,3078036
42164,3078109
42165,3078182
42166,3078255
42167,3078328
42168,3078401
42169,3078474
42170,3078547
42171,3078620
42172,3078693
42173,3078766
42174,3078839
42175,3078912
42176,3078985
42177,3079058
42178,3079131
42179,3079204
42180,3079277
42181,3079350
42182,3079423
42183,3079496
42184,3079569
42185,3079642
42186,3079715
42187,3079788
42188,3079861
42189,3079934
42190,3080007
42191,3080080
42192,3080153
42193,3080226
42194,3080299
42195,3080372
42196,3080445
42197,3080518
42198,3080591
42199,3080664
42200,3080737
42201,3080810
42202,3080883
42203,3080956
42204,3081029
42205,3081102
42206,3081175
42207,3081248
42208,3081321
42209,3081394
42210,3081467
42211,3081540
42212,3081613
42213,3081686
42214,3081759
42215,3081832
42216,3081905
42217,3081978
42218,3082051
42219,3082124
42220,3082197
42221,3082270
42222,3082343
42223,3082416
42224,3082489
42225,3082562
42226,3082635
42227,3082708
42228,3082781
42229,3082854
42230,3082927
42231,3083000
42232,3083073
42233,3083146
42234,3083219
42235,3083292
42236,3083365
42237,3083438
42238,3083511
42239,3083584
42240,3083657
42241,3083730
42242,3083803
42243,3083876
42244,3083949
42245,3084022
42246,3084095
42247,3084168
42248,3084241
42249,3084314
42250,3084387
42251,3084460
42252,3084533
42253,3084606
42254,3084679
42255,3084752
42256,3084825
42257,3084898
42258,3084971
42259,3085044
42260,3085117
42261,3085190
42262,3085263
42263,3085336
42264,3085409
42265,3085482
42266,3085555
42267,3085628
42268,3085701
42269,3085774
42270,3085847
42271,3085920
42272,3085993
42273,3086066
42274,3086139
42275,3086212
42276,3086285
42277,3086358
42278,3086431
42279,3086504
42280,3086577
42281,3086650
42282,3086723
42283,3086796
42284,3086869
42285,3086942
42286,3087015
42287,3087088
42288,3087161
42289,3087234
42290,3087307
42291,3087380
42292,3087453
42293,3087526
42294,3087599
42295,3087672
42296,3087745
42297,3087818
42298,3087891
42299,3087964
42300,3088037
42301,3088110
42302,3088183
42303,3088256
42304,3088329
42305,3088402
42306,3088475
42307,3088548
42308,3088621
42309,3088694
42310,3088767
42311,3088840
42312,3088913
42313,3088986
42314,3089059
42315,3089132
42316,3089205
42317,3089278
42318,3089351
42319,3089424
42320,3089497
42321,3089570
42322,3089643
42323,3089716
42324,3089789
42325,3089862
42326,3089935
42327,3090008
42328,3090081
42329,3090154
42330,3090227
42331,3090300
42332,3090373
42333,3090446
42334,3090519
42335,3090592
42336,3090665
42337,3090738
42338,3090811
42339,3090884
42340,3090957
42341,3091030
42342,3091103
42343,3091176
42344,3091249
42345,3091322
42346,3091395
42347,3091468
42348,3091541
42349,3091614
42350,3091687
42351,3091760
42352,3091833
42353,3091906
42354,3091979
42355,3092052
42356,3092125
42357,3092198
42358,3092271
42359,3092344
42360,3092417
42361,3092490
42362,3092563
42363,3092636
42364,3092709
42365,3092782
42366,3092855
42367,3092928
42368,3093001
42369,3093074
42370,3093147
42371,3093220
42372,3093293
42373,3093366
42374,3093439
42375,3093512
42376,3093585
42377,3093658
42378,3093731
42379,3093804
42380,3093877
42381,3093950
42382,3094023
42383,3094096
42384,3094169
42385,3094242
42386,3094315
42387,3094388
42388,3094461
42389,3094534
42390,3094607
42391,3094680
42392,3094753
42393,3094826
42394,3094899
42395,3094972
42396,3095045
42397,3095118
42398,3095191
42399,3095264
42400,3095337
42401,3095410
42402,3095483
42403,3095556
42404,3095629
42405,3095702
42406,3095775
42407,3095848
42408,3095921
42409,3095994
42410,3096067
42411,3096140
42412,3096213
42413,3096286
42414,3096359
42415,3096432
42416,3096505
42417,3096578
42418,3096651
42419,3096724
42420,3096797
42421,3096870
42422,3096943
42423,3097016
42424,3097089
42425,3097162
42426,3097235
42427,3097308
42428,3097381
42429,3097454
42430,3097527
42431,3097600
42432,3097673
42433,3097746
42434,3097819
42435,3097892
42436,3097965
42437,3098038
42438,3098111
42439,3098184
42440,3098257
42441,3098330
42442,3098403
42443,3098476
42444,3098549
42445,3098622
42446,3098695
42447,3098768
42448,3098841
42449,3098914
42450,3098987
42451,3099060
42452,3099133
42453,3099206
42454,3099279
42455,3099352
42456,3099425
42457,3099498
42458,3099571
42459,3099644
42460,3099717
42461,3099790
42462,3099863
42463,3099936
42464,3100009
42465,3100082
42466,3100155
42467,3100228
42468,3100301
42469,3100374
42470,3100447
42471,3100520
42472,3100593
42473,3100666
42474,3100739
42475,3100812
42476,3100885
42477,3100958
42478,3101031
42479,3101104
42480,3101177
42481,3101250
42482,3101323
42483,3101396
42484,3101469
42485,3101542
42486,3101615
42487,3101688
42488,3101761
42489,3101834
42490,3101907
42491,3101980
42492,3102053
42493,3102126
42494,3102199
42495,3102272
42496,3102345
42497,3102418
42498,3102491
42499,3102564
42500,3102637
42501,3102710
42502,3102783
42503,3102856
42504,3102929
42505,3103002
42506,3103075
42507,3103148
42508,3103221
42509,3103294
42510,3103367
42511,3103440
42512,3103513
42513,3103586
42514,3103659
42515,3103732
42516,3103805
42517,3103878
42518,3103951
42519,3104024
42520,3104097
42521,3104170
42522,3104243
42523,3104316
42524,3104389
42525,3104462
42526,3104535
42527,3104608
42528,3104681
42529,3104754
42530,3104827
42531,3104900
42532,3104973
42533,3105046
42534,3105119
42535,3105192
42536,3105265
42537,3105338
42538,3105411
42539,3105484
42540,3105557
42541,3105630
42542,3105703
42543,3105776
42544,3105849
42545,3105922
42546,3105995
42547,3106068
42548,3106141
42549,3106214
42550,3106287
42551,3106360
42552,3106433
42553,3106506
42554,3106579
42555,3106652
42556,3106725
42557,3106798
42558,3106871
42559,3106944
42560,3107017
42561,3107090
42562,3107163
42563,3107236
42564,3107309
42565,3107382
42566,3107455
42567,3107528
42568,3107601
42569,3107674
42570,3107747
42571,3107820
42572,3107893
42573,3107966
42574,3108039
42575,3108112
42576,3108185
42577,3108258
42578,3108331
42579,3108404
42580,3108477
42581,3108550
42582,3108623
42583,3108696
42584,3108769
42585,3108842
42586,3108915
42587,3108988
42588,3109061
42589,3109134
42590,3109207
42591,3109280
42592,3109353
42593,3109426
42594,3109499
42595,3109572
42596,3109645
42597,3109718
42598,3109791
42599,3109864
42600,3109937
42601,3110010
42602,3110083
42603,3110156
42604,3110229
42605,3110302
42606,3110375
42607,3110448
42608,3110521
42609,3110594
42610,3110667
42611,3110740
42612,3110813
42613,3110886
42614,3110959
42615,3111032
42616,3111105
42617,3111178
42618,3111251
42619,3111324
42620,3111397
42621,3111470
42622,3111543
42623,3111616
42624,3111689
42625,3111762
42626,3111835
42627,3111908
42628,3111981
42629,3112054
42630,3112127
42631,3112200
42632,3112273
42633,3112346
42634,3112419
42635,3112492
42636,3112565
42637,3112638
42638,3112711
42639,3112784
42640,3112857
42641,3112930
42642,3113003
42643,3113076
42644,3113149
42645,3113222
42646,3113295
42647,3113368
42648,3113441
42649,3113514
42650,3113587
42651,3113660
42652,3113733
42653,3113806
42654,3113879
42655,3113952
42656,3114025
42657,3114098
42658,3114171
42659,3114244
42660,3114317
42661,3114390
42662,3114463
42663,3114536
42664,3114609
42665,3114682
