ts,count
1700000005,886
1700000015,877
1700000020,462
1700000030,875
1700000090,194
1700000090,823
1700000100,487
1700003700,628
1700003700,96
1700003705,310
1700003705,92
1700003715,829
1700007315,42
1700007375,405
1700007380,669
1700007440,665
1700007440,638
1700007440,851
1700007450,64
1700007450,36
1700007450,900
1700007450,614
1700007450,796
1700007455,334
1700007460,605
1700007460,531
1700007460,655
1700007461,511
1700007461,678
1700007461,468
1700011061,284
1700011063,564
1700011063,724
1700011064,322
1700011064,525
1700011065,30
1700011065,576
1700011065,410
1700011065,866
1700011066,395
1700011066,981
1700011066,867
1700014666,0
1700014666,214
1700014666,481
1700014668,725
1700014670,429
1700014670,579
1700018270,203
1700021870,276
1700021871,89
1700021872,340
1700021872,987
1700021874,776
1700021874,137
1700021874,723
1700021874,11
1700021874,476
1700021879,181
1700025479,572
1700025479,458
1700025489,195
1700025489,429
1700029089,392
1700029089,404
1700029091,217
1700029091,276
1700029151,311
1700029151,215
1700029151,403
1700029211,657
1700029271,102
1700029271,149
1700029271,452
1700029272,9
1700029332,336
1700029333,395
1700029333,76
1700029333,213
1700029393,651
1700029393,15
1700029453,377
1700029454,637
1700029459,130
1700029519,495
1700029579,138
1700029581,187
1700033181,157
1700033182,930
1700033182,837
1700033242,255
1700033242,162
1700036842,962
1700036852,201
1700040452,972
1700040454,903
1700040459,618
1700040459,431
1700040459,106
1700040459,39
1700040469,985
1700040470,244
1700040472,263
1700040474,843
1700040534,502
1700040535,532
1700040535,951
1700040535,129
1700040535,490
1700040545,669
1700040605,629
1700040605,286
1700040605,939
1700040605,766
1700040605,70
1700040606,421
1700040611,255
1700040611,47
1700040611,288
1700040612,543
1700040672,996
1700040672,94
1700040673,141
1700040678,338
1700044278,750
1700044288,598
1700044288,604
1700044288,945
1700044288,486
1700044289,717
1700044290,985
1700044290,21
1700044350,651
1700044350,493
1700044350,748
1700044351,326
1700044351,74
1700044351,463
1700044361,376
1700044361,921
1700044361,812
1700044362,360
1700044362,701
1700044367,922
1700044367,892
1700044369,966
1700044369,884
1700044374,586
1700044374,639
1700047974,391
1700047976,596
1700047976,623
1700047976,82
1700047976,654
1700047976,263
1700047978,745
1700047979,397
1700048039,468
1700048044,473
1700048054,85
1700048064,768
1700048074,30
1700048075,615
1700048075,492
1700048075,235
1700048075,509
1700048135,675
1700048140,261
1700048140,376
1700048141,146
1700051741,626
1700051741,530
1700051741,771
1700051742,675
1700051747,510
1700051747,334
1700051749,681
1700051750,203
1700055350,441
1700055350,901
1700055350,393
1700055350,597
1700055351,214
1700055351,137
1700055356,359
1700055356,728
1700055356,972
1700055357,841
1700055357,115
1700055362,482
1700055363,947
1700055363,850
1700055365,391
1700058965,532
1700058970,688
1700058971,733
1700059031,463
1700059032,76
1700059032,284
1700059092,42
1700062692,725
1700062693,584
1700062694,316
1700066294,810
1700066354,19
1700069954,139
1700069956,465
1700069956,25
1700069957,243
1700069957,815
1700069957,644
1700069957,457
1700069957,645
1700069967,670
1700073567,826
1700073568,981
1700073568,700
1700073568,204
1700073573,262
1700073573,731
1700073573,773
1700073578,547
1700073578,183
1700073578,278
1700073579,552
1700073589,512
1700073649,774
1700073649,402
1700073649,89
1700073651,954
1700073653,133
1700073658,464
1700073658,640
1700073658,385
1700073668,582
1700077268,900
1700077278,815
1700077279,474
1700077280,666
1700077280,101
1700080880,946
1700080880,218
1700080880,921
1700080882,89
1700080883,549
1700080884,268
1700080884,356
1700080894,84
1700080894,451
1700080895,563
1700080897,786
1700080898,499
1700080898,223
1700080898,439
1700080898,177
1700080908,343
1700084508,806
1700084508,481
1700084508,528
1700084518,860
1700088118,705
1700088123,968
1700088128,592
1700088128,776
1700088128,449
1700088138,572
1700088139,851
1700088149,654
1700088149,535
1700088159,863
1700088169,262
1700088170,687
1700088172,977
1700088232,213
1700088233,871
1700088233,991
1700088243,536
1700088244,586
1700088249,205
1700088251,548
1700088251,515
1700088251,619
1700088253,28
1700088263,992
1700088263,528
1700088265,557
1700088325,124
1700088330,95
1700088330,67
1700088340,469
1700088342,942
1700088344,275
1700088344,484
1700088349,130
1700088350,444
1700088355,537
1700088356,111
1700088356,429
1700088416,30
1700088417,132
1700088417,36
1700088417,159
1700088417,12
1700092017,290
1700092018,740
1700092019,250
1700092079,510
1700092079,511
1700092139,125
1700092149,638
1700092150,734
1700092150,718
1700092160,899
1700092162,23
1700092164,648
1700092166,844
1700092176,630
1700092176,551
1700092176,884
1700095776,546
1700099376,223
1700099386,221
1700099396,626
1700099456,877
1700099456,238
1700103056,829
1700103057,924
1700103057,323
1700103117,322
1700103117,223
1700103117,908
1700103117,137
1700103117,135
1700103117,265
1700103119,99
1700103121,852
1700103123,556
1700103123,205
1700103125,643
1700106725,818
1700106725,98
1700106725,583
1700110325,366
1700110326,118
1700110336,649
1700110337,514
1700113937,852
1700113937,822
1700113937,493
1700113937,24
1700113937,780
1700113947,628
1700113957,926
1700114017,492
1700114017,194
1700114017,117
1700114017,176
1700114017,289
1700117617,97
1700117677,63
1700117677,974
1700121277,473
1700121277,783
1700121277,334
1700121279,478
1700121281,527
1700121282,440
1700121282,615
1700121283,13
1700124883,717
1700124883,864
1700124883,185
1700124885,464
1700124886,757
1700124887,415
1700124887,619
1700124887,97
1700124897,811
1700124897,331
1700124897,820
1700128497,962
1700128499,583
1700128559,195
1700128569,598
1700128570,824
1700128571,286
1700128571,762
1700128571,834
1700128573,136
1700128574,900
1700128584,711
1700128585,785
1700128587,783
1700128587,415
1700128587,739
1700128587,72
1700128588,308
1700128593,103
1700128593,909
1700128594,654
1700128654,50
1700128654,279
1700132254,306
1700132255,221
1700135855,415
1700135915,186
1700135925,78
1700135927,527
1700135932,657
1700135932,718
1700135932,780
1700135934,588
1700135934,117
1700135994,110
1700135994,262
1700135999,411
1700136009,51
1700136009,663
1700136011,11
1700136011,264
1700136012,282
1700136013,563
1700136023,520
1700136025,990
1700136035,581
1700136035,653
1700136040,828
1700139640,78
1700139650,611
1700143250,777
1700143250,395
1700143250,395
1700143255,993
1700143255,876
1700143260,554
1700143320,610
1700143320,439
1700143325,430
1700143326,539
1700143328,612
1700143329,374
1700143339,292
1700143344,670
1700143345,574
1700143346,679
1700143347,27
1700143347,791
1700143347,599
1700143347,648
1700143347,418
1700146947,399
1700146947,919
1700146948,766
1700146950,51
1700147010,740
1700147011,75
1700147011,439
1700147016,256
1700147016,46
1700147026,100
1700147031,147
1700147031,618
1700147031,51
1700147091,427
1700147096,120
1700147096,881
1700147096,365
1700147106,158
1700147106,372
1700147111,143
1700150711,426
1700150716,615
1700150717,654
1700150777,698
1700150779,372
1700150789,834
1700150789,975
1700150790,751
1700150790,244
1700150795,116
1700150805,914
1700150806,803
1700150816,639
1700150817,281
1700150818,624
1700154418,742
1700154478,715
1700154538,194
1700158138,285
1700158138,194
1700158138,514
1700161738,937
1700161738,899
1700165338,40
1700168938,62
1700168938,277
1700168939,435
1700168939,638
1700168939,104
1700168939,554
1700168940,74
1700168940,934
1700172540,164
1700172550,240
1700176150,382
1700176155,490
1700176156,215
1700176157,351
1700176162,762
1700176162,858
1700176162,821
1700176162,458
1700176222,858
1700176222,455
1700176224,765
1700176225,399
1700176225,377
1700176225,669
1700176285,333
1700176286,561
1700176286,437
1700179886,378
1700179946,99
1700179951,896
1700179952,80
1700179962,85
1700179964,577
1700180024,496
1700183624,474
1700183625,843
1700183625,77
1700183626,218
1700187226,618
1700187226,711
1700187227,506
1700187228,289
1700187228,224
1700187229,673
1700187230,375
1700187230,330
1700187235,582
1700187295,940
1700190895,935
1700190896,448
1700190906,822
1700190907,469
1700190908,226
1700190910,990
1700190920,254
1700190920,370
1700190921,24
1700190922,693
1700190924,598
1700190926,815
1700190926,756
1700190986,377
1700190988,553
1700190988,856
1700191048,576
1700191048,180
1700191048,777
1700191053,902
1700191054,831
1700191054,226
1700191064,59
1700191074,162
1700191134,302
1700191134,666
1700191136,65
1700191196,559
1700191197,806
1700191207,86
1700191208,83
1700191209,754
1700191209,920
1700191210,86
1700191210,649
1700194810,147
1700194810,763
1700198410,432
1700198410,729
1700198410,500
1700198420,346
1700198425,403
1700198426,345
1700198427,688
1700198427,505
1700198432,550
1700198432,725
1700198492,936
1700198492,420
1700202092,357
1700202092,825
1700202094,853
1700202094,909
1700202099,980
1700202109,655
1700202109,536
1700202110,727
1700202110,821
1700202110,431
1700202112,937
1700202112,251
1700202112,650
1700202114,700
1700202114,328
1700202114,398
1700202116,541
1700202117,280
1700202117,482
1700202118,748
1700202118,310
1700205718,159
1700205718,934
1700205718,771
1700205723,17
1700205783,492
1700205783,320
1700205783,202
1700205783,367
1700205783,602
1700205783,614
1700205788,609
1700205798,229
1700205803,189
1700205804,412
1700205804,932
1700205805,641
1700205815,964
1700205825,490
1700205826,496
1700205828,936
1700205829,676
1700205839,790
1700205839,494
1700205839,409
1700205839,222
1700205839,820
1700205841,999
1700205851,813
1700205861,792
1700205862,806
1700205862,673
1700205862,913
1700205862,895
1700205867,926
1700205868,460
1700205868,730
1700205870,620
1700205870,425
1700205870,790
1700205871,148
1700205872,929
1700205882,134
1700209482,759
1700209542,272
1700209552,547
1700209552,154
1700209612,788
1700209612,1
1700209612,841
1700209612,841
1700209612,84
1700209613,276
1700209673,733
1700209683,99
1700209688,710
1700209693,84
1700209753,556
1700209763,310
1700209763,808
1700209763,426
1700209763,938
1700213363,93
1700213368,213
1700213368,556
1700213370,538
1700213375,161
1700213376,323
1700213377,415
1700213377,569
1700213378,478
1700216978,732
1700216978,368
1700216978,703
1700216978,108
1700220578,403
1700224178,472
1700224178,669
1700224183,12
1700224185,728
1700224190,243
1700224191,577
1700224191,469
1700224191,876
1700224191,923
1700224251,155
1700224252,642
1700224254,959
1700224264,767
1700224265,976
1700224266,773
1700224268,568
1700227868,89
1700227869,193
1700227869,385
1700227869,337
1700227870,967
1700227871,576
1700227876,741
1700231476,339
1700231481,846
1700231483,94
1700231483,144
1700231543,96
1700231543,693
1700235143,725
1700235143,184
1700235143,411
1700235143,857
1700235148,606
1700235148,102
1700235148,33
1700235148,127
1700235150,416
1700235150,349
1700235152,949
1700235162,142
1700238762,210
1700238762,840
1700238764,494
1700238765,943
1700238767,637
1700238767,744
1700238769,627
1700238770,807
1700238770,676
1700238830,542
1700238830,266
1700238831,193
1700238832,314
1700242432,451
1700242432,570
1700242434,209
1700242444,340
1700242445,844
1700242445,626
1700242445,259
1700242455,924
1700242456,561
1700242456,361
1700242516,512
1700242526,145
1700242586,730
1700242586,955
1700242596,732
1700242596,580
1700242596,642
1700246196,202
1700246196,139
1700246196,489
1700246256,427
1700246257,337
1700246257,951
1700246258,272
1700246263,904
1700246263,463
1700246263,244
1700246323,556
1700246333,574
1700246333,573
1700246334,172
1700246335,615
1700246335,125
1700246335,295
1700249935,918
1700249936,246
1700249996,371
1700249996,190
1700250056,561
1700250056,465
1700250056,413
1700250056,801
1700253656,141
1700253657,774
1700257257,867
1700257259,629
1700257319,655
1700257319,162
1700257319,421
1700257324,33
1700257324,540
1700257326,121
1700257386,415
1700257386,344
1700257396,134
1700257397,249
1700257457,954
1700257458,54
1700261058,802
1700261058,738
1700264658,806
1700264658,412
1700264663,614
1700264663,481
1700264664,421
1700264724,934
1700264784,776
1700264786,769
1700264787,497
1700264792,858
1700264794,844
1700264796,120
1700264856,117
1700264866,338
1700264876,533
1700264878,430
1700264878,328
1700264878,303
1700264938,921
1700264940,749
1700264942,611
1700264943,769
1700264944,903
1700265004,898
1700265004,250
1700265004,864
1700265009,248
1700265019,894
1700265021,995
1700265021,487
1700265021,538
1700265021,558
1700265022,672
1700265024,962
1700265024,900
1700265024,933
1700268624,377
1700268634,431
1700268694,824
1700268694,227
1700272294,764
1700272296,580
1700272296,925
1700272296,100
1700272306,811
1700272306,126
1700272316,589
1700272321,0
1700272322,249
1700272323,24
1700272324,176
1700272324,451
1700272329,835
1700272339,406
1700272339,365
1700272399,236
1700272399,313
1700272399,465
1700272400,315
1700272401,510
1700272401,956
1700272406,899
1700272406,207
1700272407,879
1700272407,200
1700272408,858
1700272409,920
1700272414,16
1700272414,650
1700272424,206
1700272434,647
1700272434,196
1700272434,665
1700272434,313
1700272435,984
1700272436,890
1700272438,730
1700272438,342
1700272443,425
1700272443,173
1700272443,882
1700272444,123
1700272444,275
1700272444,737
1700272444,513
1700276044,302
1700276045,381
1700279645,536
1700279645,604
1700279655,234
1700279656,916
1700279656,683
1700279656,283
1700279656,655
1700283256,92
1700283261,78
1700283266,939
1700283276,75
1700283286,929
1700283286,7
1700283346,600
1700283347,550
1700283348,433
1700283408,89
1700283408,291
1700283408,251
1700283408,285
1700283418,29
1700283418,809
1700283418,919
1700283418,636
1700283423,938
1700283483,393
1700283483,951
1700283488,61
1700283488,65
1700283498,795
1700287098,931
1700287099,328
1700290699,495
1700290699,529
1700290700,517
1700294300,700
1700294310,762
1700294320,178
1700294380,798
1700294380,114
1700294440,446
1700294440,684
1700294445,560
1700294446,805
1700294446,265
1700294451,557
1700294451,873
1700294511,617
1700294516,267
1700294516,207
1700294576,993
1700294576,586
1700294581,893
1700294581,332
1700294581,622
1700294581,623
1700294586,825
1700294588,515
1700294593,740
1700294594,877
1700294594,74
1700294594,929
1700294594,582
1700298194,556
1700298254,810
1700298254,638
1700298254,55
1700298255,435
1700298255,712
1700298256,839
1700298316,756
1700298326,799
1700298327,783
1700298387,510
1700298387,665
1700298397,175
1700298399,260
1700298399,163
1700298404,707
1700302004,850
1700302064,805
1700302069,62
1700302070,420
1700302075,373
1700302075,720
1700302075,131
1700302080,773
1700302140,137
1700302140,762
1700302145,534
1700302145,3
1700302145,419
1700302155,144
1700302155,402
1700302165,305
1700302170,434
1700302170,994
1700302170,696
1700302230,235
1700302231,259
1700302231,565
1700302231,428
1700302236,88
1700302236,372
1700302237,345
1700302297,223
1700302297,164
1700302299,599
1700305899,59
1700305900,581
1700305960,946
1700305960,473
1700305962,957
1700305962,390
1700305964,800
1700305964,220
1700305966,355
1700305966,188
1700305976,823
1700305976,491
1700305976,409
1700305976,608
1700305981,777
1700305982,483
1700305987,501
1700309587,695
1700309587,883
1700309592,209
1700309602,392
1700309604,74
1700309604,707
1700309605,371
1700309606,635
1700309606,531
1700309606,759
1700309607,524
1700309609,580
1700313209,732
1700313209,275
1700313209,369
1700313209,157
1700313210,140
1700313210,740
1700313210,20
1700313211,858
1700313213,460
1700313213,875
1700313215,333
1700313216,789
1700313226,685
1700313226,309
1700313228,622
1700313228,500
1700313228,192
1700313228,526
1700313288,130
1700313288,213
1700313289,420
1700313291,490
1700313301,710
1700313301,529
1700313311,266
1700313312,742
1700313317,682
1700313319,150
1700313319,854
1700313320,547
1700313325,415
1700313325,395
1700313335,886
1700313336,231
1700313336,299
1700313337,353
1700313397,220
1700313397,41
1700313397,765
1700316997,494
1700317057,11
1700317058,676
1700320658,68
1700320658,571
1700320659,682
1700320659,978
1700320660,240
1700324260,265
1700324260,818
1700324262,122
1700324264,504
1700324264,501
1700324266,953
1700324267,291
1700324272,720
1700324273,226
1700324273,947
1700324275,206
1700324280,786
1700324280,359
1700327880,729
1700327880,532
1700327880,760
1700327881,929
1700327883,823
1700327883,489
1700327943,263
1700327953,315
1700327953,924
1700327955,123
1700327956,931
1700327956,934
1700327958,278
1700327958,386
1700327963,867
1700328023,307
1700328028,736
1700328029,907
1700328030,74
1700328030,36
1700328031,331
1700328032,579
1700328033,268
1700331633,908
1700331633,657
1700331638,393
1700331698,349
1700331699,31
1700331759,724
1700331759,789
1700331759,642
1700331759,635
1700331769,420
1700331829,425
1700331829,282
1700331829,849
1700331834,900
1700331839,391
1700331841,39
1700331841,699
1700331851,279
1700331852,506
1700331853,484
1700331853,153
1700331913,197
1700331914,233
1700331915,696
1700331915,240
1700331925,0
1700331935,403
1700331935,245
1700331945,505
1700335545,783
1700335555,80
1700335615,843
1700335625,905
1700335626,270
1700335627,106
1700335627,320
1700335627,712
1700335629,703
1700335629,987
1700335629,844
1700335629,163
1700335630,636
1700335635,824
1700335695,300
1700335696,424
1700335697,375
1700339297,546
1700339302,242
1700342902,255
1700342903,332
1700342903,939
1700342913,755
1700342913,898
1700342913,70
1700342913,906
1700342914,115
1700342919,524
1700346519,492
1700346519,166
1700346579,887
1700346581,890
1700346586,54
1700346587,259
1700346589,519
1700346591,259
1700350191,257
1700350192,732
1700353792,334
1700353792,341
1700353792,862
1700353852,848
1700353852,581
1700353854,656
1700353854,637
1700353855,820
1700353855,128
1700353855,385
1700353915,685
1700353916,236
1700357516,189
1700357516,483
1700357576,710
1700357576,274
1700357577,429
1700357578,646
1700361178,406
1700361180,955
1700364780,142
1700364780,161
1700364780,891
1700364780,198
1700364781,365
1700364791,820
1700364791,414
1700364792,926
1700364792,852
1700364802,876
1700364807,175
1700364808,68
1700364809,449
1700368409,290
1700368409,401
1700368469,417
1700368469,590
1700368471,691
1700368471,559
1700368472,819
1700368472,452
1700368472,853
1700368472,569
1700368473,901
1700368478,443
1700368478,155
1700368479,905
1700368479,276
1700368539,582
1700368539,280
1700372139,409
1700372140,329
1700372140,82
1700372145,205
1700372146,564
1700372147,572
1700372147,155
1700372147,7
1700372148,686
1700372148,4
1700372148,344
1700372153,143
1700372153,888
1700372155,495
1700372155,424
1700372156,826
1700372166,405
1700372176,59
1700372176,563
1700372236,672
1700372296,258
1700372297,193
1700372298,885
1700372298,824
1700372303,584
1700372303,180
1700372303,967
1700372303,551
1700372303,691
1700372303,277
1700372304,24
1700372314,317
1700372314,526
1700372319,10
1700372319,65
1700372320,11
1700372330,271
1700372330,811
1700372335,408
1700372336,822
1700372346,847
1700375946,786
1700375946,958
1700375951,411
1700375953,256
1700376013,24
1700376013,590
1700376013,232
1700376014,397
1700376015,518
1700379615,283
1700379616,641
1700383216,460
1700383217,319
1700383218,68
1700386818,329
1700386878,96
1700386879,342
1700386879,759
1700386879,216
1700386879,761
1700386879,559
1700386880,696
1700386880,181
1700386881,108
1700386881,146
1700386882,358
1700386882,441
1700386882,9
1700386884,514
1700386884,413
1700386884,329
1700386894,860
1700386894,21
1700386894,328
1700386894,772
1700386954,110
1700387014,329
1700387016,484
1700387016,511
1700387018,799
1700387018,832
1700387019,71
1700390619,399
1700390620,902
1700390620,796
1700390621,537
1700390621,151
1700394221,678
1700394223,932
1700397823,56
1700397823,631
1700397883,352
1700397888,876
1700401488,434
1700401498,992
1700401558,947
1700401558,124
1700401563,446
1700405163,478
1700405165,856
1700405167,513
1700405167,384
1700405227,554
1700405287,43
1700405297,942
1700405297,540
1700408897,462
1700408902,290
1700408962,47
1700409022,55
1700409023,155
1700409033,479
1700409034,262
1700409094,320
1700409094,754
1700409099,564
1700409101,53
1700409101,770
1700409106,113
1700409106,191
1700412706,808
1700412706,849
1700412706,816
1700412706,523
1700412707,267
1700412707,189
1700412707,728
1700412708,256
1700412718,826
1700412719,464
1700412719,549
1700412719,886
1700412721,200
1700412726,286
1700416326,244
1700416326,109
1700416336,451
1700416341,897
1700416341,73
1700416346,875
1700416346,789
1700416356,996
1700416356,815
1700416356,831
1700416357,182
1700416357,341
1700416357,951
1700416358,978
1700416358,853
1700416359,120
1700416361,186
1700416421,397
1700416421,869
1700420021,631
1700420026,923
1700420031,73
1700420031,664
1700420031,545
1700423631,323
1700423631,573
1700427231,441
1700427233,15
1700427234,716
1700427235,864
1700430835,968
1700430836,674
1700430896,213
1700430896,185
1700430896,175
1700430956,477
1700430956,132
1700430957,118
1700430958,963
1700430959,624
1700431019,366
1700431020,200
1700431020,70
1700431020,753
1700431021,891
1700431022,788
1700431024,204
1700431024,73
1700434624,272
1700434626,383
1700434686,418
1700434687,467
1700434687,518
1700434687,964
1700434687,354
1700434697,720
1700434699,240
1700434704,593
1700434704,291
1700434704,893
1700434705,974
1700434705,692
1700438305,465
1700438305,956
1700438310,396
1700438310,761
1700438312,615
1700438312,459
1700441912,65
1700441913,429
1700441914,288
1700441974,451
1700445574,977
1700445575,299
1700449175,711
1700449175,688
1700449235,250
1700449235,421
1700449236,135
1700449296,916
1700449297,397
1700449299,285
1700449300,104
1700449360,106
1700449370,673
1700449370,464
1700449370,90
1700449371,16
1700449372,30
1700449432,685
1700449433,919
1700449433,684
1700453033,159
1700453038,74
1700453039,174
1700453044,517
1700453045,491
1700456645,667
1700456705,62
1700456705,999
1700456705,808
1700456707,443
1700456707,665
1700456717,717
1700456717,58
1700456717,473
1700460317,410
1700463917,954
1700463917,530
1700463977,214
1700463982,378
1700463982,527
1700463984,98
1700463984,3
1700463984,981
1700467584,712
1700467644,805
1700467645,679
1700467650,794
1700467650,443
1700467655,159
1700467655,379
1700467656,967
1700467656,111
1700467657,422
1700467667,574
1700467677,997
1700467677,794
1700467677,308
1700467687,577
1700467687,69
1700467747,243
1700467747,678
1700467747,521
1700467757,315
1700467758,361
1700467758,252
1700467818,423
1700467823,55
1700467823,603
1700467828,174
1700467838,107
1700467843,140
1700467843,829
1700467853,158
1700467853,993
1700467913,537
1700467913,416
1700467973,626
1700467973,423
1700467973,234
1700467973,816
1700467973,752
1700467975,160
1700467976,543
1700468036,29
1700468038,112
1700468043,307
1700468053,658
1700468053,399
1700468055,306
1700468055,219
1700468056,549
1700468056,672
1700468058,336
1700468063,208
1700471663,907
1700471673,969
1700471673,581
1700471683,949
1700471683,403
1700475283,306
1700475284,757
1700475344,264
1700475344,376
1700475344,439
1700475349,393
1700475350,664
1700475352,341
1700475357,119
1700475357,318
1700475367,63
1700475367,540
1700475369,560
1700475370,409
1700475370,691
1700475370,730
1700475371,33
1700475372,368
1700475377,973
1700475377,532
1700475387,499
1700475387,382
1700475389,607
1700475389,7
1700475449,365
1700475449,374
1700475509,710
1700475510,860
1700475511,214
1700475571,780
1700475631,57
1700475632,188
1700475637,120
1700475647,776
1700475648,54
1700475648,218
1700475649,603
1700475650,827
1700475652,662
1700475653,411
1700475653,292
1700475713,696
1700475713,87
1700475715,230
1700475716,336
1700475716,324
1700475716,839
1700475716,807
1700475717,657
1700475718,58
1700475723,49
1700475725,639
1700475725,565
1700475725,949
1700475726,654
1700475726,631
1700479326,770
1700479326,593
1700479336,5
1700479341,428
1700479342,695
1700482942,935
1700482942,176
1700482942,451
1700486542,769
1700486542,386
1700486547,693
1700486549,820
1700486549,455
1700486550,918
1700486550,855
1700486550,979
1700486551,682
1700486561,729
1700486561,719
1700486561,406
1700486562,707
1700490162,573
1700490162,944
1700490162,99
1700490164,331
1700490174,143
1700490174,158
1700490175,483
1700490177,32
1700490179,952
1700490181,205
1700493781,719
1700493786,505
1700493788,706
1700493790,523
1700493795,107
1700493805,760
1700493805,791
1700493865,331
1700493865,15
1700493866,843
1700493866,667
1700493867,386
1700493927,822
1700493937,700
1700493939,463
1700493999,602
1700494004,366
1700494064,151
1700494069,720
1700494071,335
1700494071,714
1700494076,239
1700497676,267
1700497677,747
1700497679,588
1700497679,263
1700497679,821
1700497680,386
1700497680,733
1700497680,443
1700497740,66
1700497750,184
1700497752,931
1700497762,466
1700497764,498
1700497764,236
1700497764,771
1700497824,104
1700501424,313
1700501434,867
1700501434,35
1700501435,581
1700501435,564
1700501440,341
1700501445,155
1700501450,973
1700501451,825
1700501452,100
1700501452,802
1700501452,223
1700501452,881
1700501462,755
1700501522,352
1700501522,167
1700501522,596
1700501522,920
1700501523,705
1700501524,372
1700501524,973
1700501525,622
1700501526,113
1700501526,366
1700501526,176
1700501536,910
1700501537,683
1700501538,293
1700501539,574
1700501539,268
1700501544,77
1700501545,29
1700501546,812
1700501547,966
1700501557,155
1700501559,163
1700501569,875
1700501569,624
1700501569,556
1700501569,547
1700505169,719
1700505229,793
1700508829,266
1700508830,55
1700508832,959
1700508833,667
1700508843,239
1700508848,463
1700512448,379
1700512449,746
1700512449,966
1700516049,517
1700516050,579
1700516051,906
1700516051,77
1700516061,112
1700516121,963
1700519721,760
1700519721,309
1700519721,104
1700519781,984
1700519781,199
1700519782,316
1700519783,893
1700519783,62
1700523383,680
1700523383,144
1700523383,423
1700523443,146
1700527043,997
1700527053,555
1700527053,447
1700527063,695
1700527063,88
1700527073,711
1700527074,627
1700527079,947
1700527079,900
1700527079,427
1700527079,497
1700527079,80
1700527084,30
1700527094,962
1700527104,91
1700527104,920
1700527105,262
1700527106,224
1700527107,961
1700527107,999
1700527117,972
1700527117,879
1700527119,957
1700527119,623
1700527124,814
1700527184,702
1700527244,627
1700527304,323
1700527304,88
1700527314,160
1700527314,111
1700527314,305
1700527315,980
1700527315,424
1700527315,152
1700527315,704
1700527375,532
1700527435,785
1700531035,827
1700531035,0
1700531036,69
1700531036,998
1700531038,853
1700531038,417
1700531039,343
1700531039,355
1700531041,15
1700531041,268
1700531041,599
1700531042,538
1700531043,533
1700534643,360
1700534648,667
1700534648,953
1700534650,179
1700534650,153
1700534650,259
1700534655,490
1700534655,802
1700534656,189
1700534656,694
1700538256,624
1700538257,609
1700538267,588
1700538268,587
1700538268,188
1700538269,237
1700538269,308
1700538279,337
1700538279,690
1700538279,809
1700538279,553
1700538279,80
1700541879,781
1700541889,250
1700541894,223
1700541894,424
1700541904,141
1700541905,685
1700541906,71
1700541906,855
1700541908,138
1700541910,808
1700545510,801
1700545510,346
1700545510,388
1700545511,575
1700545571,966
1700545571,487
1700545571,53
1700545576,33
1700545578,977
1700545578,435
1700545578,146
1700545578,210
1700545578,899
1700545583,983
1700545583,953
1700545584,350
1700545584,953
1700545584,145
1700545585,968
1700545585,197
1700545585,138
1700549185,242
1700552785,464
1700552786,381
1700552786,945
1700552787,149
1700552787,189
1700552788,692
1700552788,126
1700552789,328
1700552789,596
1700552789,280
1700552799,534
1700552809,835
1700552869,453
1700552879,268
1700552879,83
1700556479,228
1700556479,78
1700556480,998
1700560080,515
1700560080,164
1700560081,653
1700560141,107
1700560142,495
1700560202,470
1700560203,617
1700560208,476
1700560208,195
1700560208,966
1700560213,694
1700560213,449
1700560273,410
1700560283,53
1700560284,166
1700560284,177
1700560286,754
1700560286,984
1700560286,24
1700560286,434
1700560291,626
1700563891,64
1700563896,25
1700563896,350
1700563896,170
1700563897,995
1700563897,344
1700563898,868
1700563958,575
1700563959,704
1700563964,256
1700564024,760
1700564025,170
1700564026,147
1700564086,594
1700564146,426
1700564148,553
1700564208,471
1700564209,340
1700564214,238
1700567814,958
1700567874,873
1700571474,166
1700571479,521
1700571489,941
1700571490,783
1700571490,956
1700571491,240
1700571501,597
1700571503,161
1700571504,290
1700575104,99
1700578704,703
1700578704,355
1700578709,572
1700578709,509
1700578719,666
1700578721,702
1700578721,678
1700578726,410
1700578727,509
1700578787,867
1700582387,582
1700582392,57
1700582392,327
1700582397,654
1700582402,63
1700586002,146
1700586002,286
1700586012,453
1700586012,86
1700586013,819
1700586013,240
1700586073,848
1700586075,817
1700586075,260
1700586075,924
1700589675,516
1700589675,436
1700589676,568
1700589676,968
1700589676,501
1700589681,155
1700589682,323
1700593282,515
1700593292,350
1700593292,662
1700593292,706
1700593297,822
1700593298,683
1700593298,701
1700593298,816
1700593299,829
1700593300,820
1700593300,120
1700593305,310
1700593305,45
1700593305,979
1700593315,673
1700593316,482
1700596916,625
1700600516,932
1700600518,954
1700604118,886
1700604118,999
1700607718,163
1700607718,265
1700607719,892
1700607721,318
1700607722,190
1700607782,710
1700607783,725
1700607843,664
1700607843,767
1700611443,59
1700611445,888
1700611447,787
1700611449,804
1700611449,582
1700611450,966
1700611455,654
1700611460,230
1700611462,728
1700611463,40
1700611463,904
1700611463,511
1700611463,236
1700615063,633
1700615063,711
1700615063,528
1700615065,323
1700615070,279
1700615070,27
1700618670,273
1700622270,790
1700622270,338
1700622271,949
1700622271,933
1700622271,297
1700622281,974
1700622341,634
1700622342,985
1700622347,792
1700622347,341
1700622347,286
1700622347,535
1700622352,67
1700622352,98
1700622362,51
1700622367,774
1700622377,255
1700622378,204
1700622438,372
1700622438,444
1700622439,407
1700622439,347
1700622439,981
1700622440,302
1700622450,880
1700626050,544
1700626052,220
1700626054,942
1700626054,808
1700626059,938
1700626059,124
1700626061,443
1700626066,702
1700626068,780
1700629668,568
1700633268,946
1700633278,924
1700633279,600
1700633289,429
1700633289,540
1700633289,193
1700633289,784
1700633289,629
1700633289,188
1700633299,992
1700633300,806
1700633360,744
1700633361,274
1700636961,42
1700636961,467
1700636961,442
1700636961,974
1700636966,198
1700636967,909
1700636967,563
1700636967,2
1700636968,475
1700637028,448
1700637028,435
1700637033,586
1700637033,412
1700640633,245
1700644233,884
1700644293,418
1700644293,89
1700644353,131
1700644353,56
1700644413,485
1700644415,17
1700644417,74
1700644419,747
1700644424,633
1700644424,212
1700644424,872
1700644429,601
1700644430,948
1700648030,122
1700648031,311
1700648031,226
1700648041,590
1700648043,756
1700648045,890
1700648045,263
1700648045,810
1700648045,725
1700648046,459
1700648046,374
1700651646,447
1700651646,463
1700651648,323
1700651648,638
1700651648,421
1700651649,636
1700651649,466
1700651654,640
1700651664,465
1700655264,385
1700658864,919
1700658874,999
1700658876,907
1700662476,76
1700662476,303
1700662476,741
1700662536,972
1700662596,671
1700666196,465
1700666198,217
1700669798,305
1700669798,615
1700669798,552
1700669858,744
1700669859,576
1700669861,17
1700669863,352
1700669865,265
1700669865,628
1700669867,226
1700669869,306
1700669869,765
1700669871,61
1700669876,596
1700669876,840
1700669876,857
1700673476,400
1700673476,604
1700673477,764
1700673478,592
1700673483,257
1700673484,722
1700677084,574
1700677086,557
1700677086,25
1700677086,770
1700677146,332
1700677156,973
1700677156,281
1700677216,351
1700677226,976
1700677231,334
1700677231,944
1700680831,812
1700680836,679
1700680841,296
1700680843,692
1700680843,100
1700680903,49
1700680908,473
1700680918,570
1700680923,583
1700680923,976
1700680924,361
1700680926,777
1700680926,77
1700680926,307
1700680936,708
1700680936,706
1700680937,848
1700680937,389
1700680938,149
1700680939,592
1700680949,525
1700680949,552
1700680950,407
1700684550,414
1700684550,807
1700684551,641
1700684611,255
1700684611,182
1700684611,120
1700684611,652
1700684611,756
1700684611,270
1700684611,500
1700684611,712
1700684671,28
1700688271,838
1700688272,880
1700688273,216
1700688333,720
1700688334,716
1700688335,345
1700688335,866
1700688340,718
1700688341,28
1700688346,939
1700688406,288
1700688466,517
1700688467,228
1700688477,228
1700688537,634
1700688538,153
1700692138,987
1700692139,806
1700692144,908
1700692146,179
1700692146,937
1700692206,693
1700692206,484
1700692207,619
1700692208,221
1700692209,893
1700692209,490
1700692210,60
1700692210,504
1700695810,48
1700695810,785
1700699410,556
1700699470,25
1700699470,331
1700699470,607
1700699471,779
1700699476,614
1700699486,882
1700699488,64
1700699488,427
1700699488,930
1700699548,180
1700699558,279
1700699558,683
1700699558,712
1700703158,330
1700703158,478
1700703159,226
1700703169,21
1700703170,255
1700703171,3
1700703171,945
1700703172,306
1700703173,15
1700703173,372
1700703174,426
1700703234,176
1700703235,177
1700703235,166
1700703235,480
1700706835,524
1700706835,319
1700706845,908
1700706905,818
1700710505,454
1700710515,250
1700710517,836
1700710519,370
1700710529,271
1700710534,454
1700710544,589
1700710554,807
1700710554,291
1700710554,303
1700710555,401
1700710555,663
1700710555,635
1700710560,292
1700710570,195
1700710571,889
1700710581,700
1700710586,708
1700710587,762
1700710592,92
1700710594,513
1700710604,232
1700710664,670
1700710664,76
1700710664,252
1700710674,994
1700710675,556
1700710677,527
1700710687,317
1700710687,882
1700710688,529
1700710689,978
1700710689,544
1700710689,13
1700710689,817
1700710691,732
1700714291,768
1700714291,458
1700714301,961
1700714303,605
1700714313,606
1700714313,596
1700714313,70
1700714318,762
1700714318,690
1700714323,221
1700714328,667
1700714338,831
1700714339,591
1700717939,629
1700717939,12
1700717939,738
1700721539,946
1700721539,618
1700721539,248
1700721540,341
1700721540,980
1700721550,535
1700721550,999
1700725150,188
1700725151,192
1700725151,776
1700725151,58
1700725152,35
1700725152,809
1700725152,649
1700725152,757
1700725152,907
1700725157,660
1700725158,824
1700725159,922
1700725159,327
1700728759,117
1700728819,6
1700732419,44
1700732479,311
1700732481,900
1700736081,258
1700736083,732
1700739683,189
1700739685,506
1700743285,991
1700743285,245
1700743345,285
1700743346,939
1700743346,690
1700743346,67
1700743347,190
1700743347,390
1700743348,958
1700746948,717
1700746948,648
1700750548,666
1700754148,708
1700754150,957
1700754151,505
1700754151,60
1700754153,503
1700754213,393
1700754213,543
1700754214,49
1700754214,28
1700754215,623
1700754216,570
1700754217,398
1700754217,965
1700754277,658
1700754337,184
1700754337,512
1700754337,511
1700757937,784
1700761537,578
1700765137,244
1700765142,194
1700765147,742
1700765147,79
1700765157,885
1700765157,133
1700765157,392
1700765162,230
1700765164,634
1700765166,763
1700765166,779
1700765167,739
1700765167,359
1700765167,151
1700765168,166
1700765228,38
1700765228,247
1700768828,390
1700768828,88
1700768828,142
1700768829,616
1700768829,606
1700768829,235
1700768830,184
1700768830,461
1700768830,447
1700768830,75
1700772430,534
1700772430,72
1700772430,846
1700772440,810
1700772442,419
1700772442,387
1700772502,764
1700772512,98
1700772514,5
1700772519,314
1700772519,629
1700772519,198
1700772520,957
1700772520,432
1700772580,872
1700772582,296
1700772592,292
1700776192,135
1700776192,392
1700776193,946
1700776193,930
1700779793,41
1700779794,291
1700779795,299
1700779795,768
1700779795,716
1700783395,190
1700786995,402
1700786996,783
1700786997,115
1700787007,123
1700787009,886
1700790609,370
1700790669,619
1700794269,981
1700794329,919
1700794389,910
1700794390,239
1700794395,671
1700794396,983
1700794456,147
1700794457,413
1700794462,577
1700794462,134
1700798062,63
1700798064,643
1700798124,286
1700798124,330
1700798184,398
1700798184,274
1700798189,683
1700798189,268
1700798189,374
1700798199,710
1700798259,194
1700798269,869
1700798270,203
1700798272,570
1700798332,347
1700798332,117
1700798332,704
1700798332,642
1700798333,656
1700798334,480
1700798344,652
1700798344,66
1700798346,733
1700798346,820
1700798351,182
1700798356,877
1700798361,957
1700801961,431
1700801962,325
1700801972,407
1700801972,320
1700801977,551
1700805577,633
1700805577,936
1700809177,989
1700809177,128
1700809237,613
1700809237,701
1700809237,431
1700809239,864
1700809239,558
1700809239,586
1700812839,690
1700812840,991
1700816440,59
1700816441,100
1700816441,142
1700816446,692
1700816447,700
1700816448,560
1700816453,876
1700816454,963
1700816454,58
1700820054,663
1700820054,487
1700820054,103
1700820054,600
1700820054,873
1700820054,164
1700820064,356
1700820064,95
1700820124,717
1700820125,940
1700820125,381
1700823725,665
1700823726,905
1700823728,567
1700827328,596
1700827328,883
1700827328,693
1700827338,998
1700827339,293
1700827344,792
1700827345,648
1700827347,479
1700827347,11
1700827352,487
1700827353,493
1700827413,931
1700827423,160
1700827433,272
1700827433,551
1700827433,368
1700827493,374
1700831093,99
1700831094,75
1700831099,623
1700831109,430
1700831110,403
1700834710,495
1700834712,698
1700834717,875
1700834718,82
1700834718,47
1700834720,546
1700834720,985
1700838320,976
1700838320,454
1700838320,582
1700838322,100
1700838382,235
1700838382,455
1700841982,302
1700841983,376
1700841985,909
1700841985,745
1700841985,3
1700841985,494
1700841985,135
1700841985,139
1700841985,911
1700841985,580
1700845585,158
1700845585,340
1700845590,187
1700845650,52
1700845651,957
1700845651,343
1700845651,434
1700845651,111
1700845661,38
1700849261,340
1700849266,411
1700849266,848
1700849266,933
1700849326,182
1700849331,506
1700849332,314
1700849334,213
1700852934,980
1700852934,429
1700852934,971
1700852939,632
1700852939,328
1700852939,741
1700852941,925
1700852941,836
1700852951,244
1700852951,864
1700852961,527
1700852971,885
1700852972,254
1700852972,565
1700852982,325
1700852982,609
1700852983,777
1700852983,344
1700856583,430
1700856583,474
1700856583,121
1700856593,97
1700856593,173
1700856593,846
1700856595,508
1700860195,497
1700860196,203
1700860197,78
1700860197,230
1700860257,620
1700860257,131
1700860257,719
1700860267,612
1700860277,627
1700860337,812
1700860339,416
1700860339,663
1700860340,932
1700860342,800
1700860343,126
1700863943,256
1700863944,476
1700863945,574
1700863946,818
1700867546,157
1700867547,395
1700871147,658
1700871147,257
1700871149,322
1700871209,103
1700871209,943
1700871210,605
1700871212,651
1700871212,716
1700871212,653
1700871222,913
1700874822,85
1700874832,260
1700874837,231
1700874837,898
1700874837,361
1700874842,965
1700874842,819
1700874843,955
1700874845,825
1700874846,312
1700874851,30
1700874851,654
1700874911,821
1700874912,508
1700874912,12
1700874912,429
1700874912,84
1700874972,567
1700874972,247
1700874977,478
1700875037,499
1700875038,326
1700875038,528
1700875040,448
1700875041,264
1700875041,368
1700875101,944
1700878701,588
1700878701,128
1700878702,827
1700882302,92
1700882302,570
1700885902,99
1700885912,94
1700885912,420
1700885972,160
1700885973,324
1700886033,303
1700886034,979
1700886034,776
1700886039,661
1700886039,484
1700886039,796
1700886040,685
1700886040,161
1700886050,542
1700886052,825
1700886062,762
1700886122,583
1700886127,94
1700886127,763
1700886127,882
1700886127,985
1700886128,116
1700886133,143
1700886138,172
1700886198,587
1700886199,643
1700886259,339
1700886259,865
1700886260,822
1700886262,1
1700886267,560
1700886269,95
1700886269,71
1700886270,273
1700889870,787
1700893470,605
1700897070,186
1700897072,336
1700897082,669
1700897082,438
1700897087,42
1700897088,60
1700900688,476
1700900688,560
1700900688,610
1700900688,580
1700900698,552
1700900758,501
1700900758,984
1700900758,855
1700904358,388
1700907958,162
1700907963,845
1700911563,1000
1700911568,182
1700911573,959
1700911633,213
1700915233,123
1700915234,168
1700915236,236
1700915236,931
1700915236,485
1700915236,929
1700915237,92
1700915237,291
1700918837,867
1700918847,794
1700918848,447
1700918853,27
1700918858,795
1700918859,812
1700918864,517
1700922464,974
1700922465,994
1700922525,714
1700922525,157
1700922525,538
1700922527,576
1700922528,950
1700922528,563
1700922528,916
1700922530,684
1700922530,857
1700922531,30
1700922531,324
1700922531,377
1700922531,318
1700922531,60
1700922591,703
1700922651,390
1700922652,180
1700922652,107
1700922653,15
1700922658,783
1700922658,190
1700922658,204
1700922658,387
1700922659,481
1700922659,754
1700922660,45
1700922665,500
1700922666,91
1700922671,102
1700922672,956
1700922672,942
1700922673,615
1700922674,982
1700922684,960
1700922684,175
1700922685,205
1700922685,124
1700922690,309
1700922695,77
1700922755,697
1700922756,208
1700922756,919
1700922758,886
1700922768,34
1700922768,302
1700922769,934
1700922770,825
1700922772,408
1700922772,609
1700922774,73
1700922776,251
1700922778,748
1700922838,348
1700922843,232
1700922848,64
1700922848,314
1700922850,276
1700922860,298
1700922862,947
1700922922,551
1700922923,377
1700922923,467
1700926523,46
1700926524,595
1700926529,815
1700926531,94
1700926532,637
1700926532,7
1700926533,776
1700926534,160
1700926534,243
1700926534,823
1700926539,609
1700926539,751
1700926539,368
1700926539,454
1700926549,538
1700926549,24
1700926551,103
1700926553,804
1700926563,669
1700926568,99
1700926569,395
1700926570,515
1700926572,811
1700926572,690
1700926573,472
1700926583,918
1700926643,856
1700926653,528
1700926653,853
1700926713,549
1700926773,572
1700926773,613
1700926778,135
1700926780,7
1700926840,168
1700926900,276
1700926900,918
1700926905,115
1700930505,314
1700930507,7
1700930508,230
1700930510,899
1700930511,983
1700930511,419
1700930516,749
1700930516,602
1700930526,78
1700930526,452
1700930531,254
1700930532,174
1700930532,593
1700930534,957
1700930539,127
1700930544,128
1700930545,565
1700934145,513
1700934145,186
1700934146,393
1700934148,527
1700934153,537
1700934155,136
1700934215,318
1700934215,953
1700934225,233
1700934225,202
1700934230,935
1700937830,493
1700937890,720
1700937891,672
1700937892,319
1700941492,19
1700941492,92
1700941492,748
1700941492,674
1700941492,102
1700941492,121
1700941492,919
1700941493,561
1700941493,455
1700941494,994
1700941554,483
1700941554,764
1700941555,785
1700941565,781
1700941566,978
1700941576,617
1700945176,717
1700945177,759
1700948777,139
1700948777,263
1700948777,178
1700948777,761
1700948777,972
1700948777,947
1700948779,868
1700952379,840
1700952380,580
1700955980,76
1700955980,44
1700955982,62
1700955992,748
1700955997,48
1700956057,703
1700956062,875
1700959662,204
1700963262,324
1700963264,376
1700963264,654
1700963264,779
1700963266,740
1700963268,473
1700963268,153
1700963273,452
1700966873,841
1700966883,733
1700966883,160
1700966883,407
1700966883,855
1700966883,140
1700966883,991
1700966885,839
1700966945,934
1700966945,692
1700966945,686
1700967005,177
1700967006,628
1700967006,362
1700967006,347
1700970606,73
1700970607,679
1700970607,869
1700974207,562
1700974207,683
1700974212,620
1700974217,827
1700974217,982
1700974222,470
1700974222,615
1700974282,616
1700977882,174
1700977942,374
1700977943,63
1700977943,660
1700977944,639
1700977949,496
1700978009,202
1700978009,790
1700978069,214
1700978074,921
1700981674,406
1700981674,567
1700981675,939
1700981676,62
1700981736,404
1700981737,281
1700981737,707
1700981737,589
1700981738,762
1700981740,761
1700981740,93
1700981800,522
1700981802,365
1700981802,347
1700981862,1000
1700985462,200
1700985522,543
1700985523,231
1700985524,14
1700985534,308
1700985536,917
1700985537,347
1700985542,875
1700985552,626
1700985553,714
1700985563,366
1700985563,417
1700985564,915
1700985565,974
1700985625,136
1700985626,758
1700985628,56
1700985629,133
1700985629,765
1700985629,860
1700985639,793
1700985699,161
1700985759,111
1700985819,448
1700985879,474
1700985879,392
1700985880,522
1700985881,60
1700985886,394
1700985886,752
1700989486,23
1700989487,97
1700989487,174
1700989488,464
1700989548,437
1700989549,867
1700993149,999
1700993159,214
1700993160,923
1700993161,91
1700993221,595
1700993221,493
1700993221,524
1700993221,229
1700993231,598
1700993231,844
1700993231,62
1700993236,877
1700993241,507
1700993241,459
1700993242,40
1700996842,538
1700996842,947
1700996847,694
1700996847,336
1700996847,718
1700996849,337
1700996909,129
1700996911,527
1700996921,854
1700996922,884
1700996923,704
1700996924,357
1700996924,789
1700996926,375
1700996926,194
1700996926,102
1700996926,769
1700996986,499
1700996986,483
1700996986,928
1700996986,722
1700997046,342
1700997106,399
1700997107,278
1700997107,86
1700997107,18
1700997107,868
1700997107,163
1700997112,594
1700997114,423
1700997115,561
1700997116,313
1700997116,545
1700997118,105
1700997123,30
1700997124,623
1700997184,895
1700997194,51
1700997194,718
1700997194,238
1700997195,703
1700997195,250
1700997196,159
1700997206,990
1700997211,937
1700997211,945
1700997211,554
1700997216,52
1700997217,870
1700997217,68
1700997217,302
1701000817,43
1701000817,901
1701000818,888
1701000818,887
1701000819,47
1701000819,970
1701000821,244
1701000881,873
1701004481,230
1701004481,367
1701004491,305
1701004491,128
1701004496,101
1701004497,450
1701004497,249
1701004557,402
1701004558,3
1701004568,567
1701004570,549
1701004570,731
1701004575,970
1701004575,711
1701004580,228
1701004580,127
1701004585,870
1701004586,228
1701004596,91
1701004606,710
1701004607,426
1701004607,541
1701004607,52
1701008207,869
1701008212,902
1701008214,241
1701008214,64
1701008219,964
1701008229,213
1701008229,248
1701008229,482
1701008229,354
1701008289,851
1701008294,426
1701008294,979
1701011894,14
1701011894,290
1701011894,24
1701011954,261
1701015554,927
1701015614,140
1701015674,311
1701015679,147
1701015681,502
1701015691,29
1701019291,888
1701019291,698
1701022891,500
1701022891,854
1701022896,848
1701022896,324
1701022897,206
1701022897,455
1701022902,484
1701022907,138
1701022908,280
1701022910,787
1701022911,775
1701022911,903
1701022912,309
1701022972,564
1701022972,692
1701023032,517
1701023092,149
1701023102,582
1701023112,67
1701023113,472
1701023113,774
1701023115,491
1701023115,757
1701023115,873
1701023117,468
1701023127,451
1701023127,969
1701023127,583
1701023187,417
1701023187,696
1701023192,737
1701023192,140
1701023192,520
1701023192,669
1701023194,111
1701023194,108
1701023194,624
1701023194,887
1701023199,566
1701026799,163
1701026800,938
1701026860,598
1701030460,584
1701034060,558
1701034060,23
1701034060,355
1701034062,98
1701034062,605
1701034062,265
1701034062,47
1701034062,572
1701034063,418
1701034073,211
1701034078,209
1701034078,16
1701034080,29
1701034080,826
1701034082,157
1701037682,15
1701037683,590
1701037684,252
1701037684,629
1701037684,933
1701037694,286
1701037754,575
1701037755,269
1701037755,264
1701041355,216
1701041365,354
1701041365,977
1701041375,596
1701041375,263
1701044975,38
1701044976,751
1701044976,789
1701044976,596
1701045036,253
1701045036,68
1701045036,195
1701048636,145
1701048641,279
1701048641,372
1701048641,848
1701052241,854
1701052241,618
1701052301,957
1701052301,637
1701052301,596
1701052361,331
1701052361,388
1701052421,583
1701052422,253
1701056022,401
1701056022,737
1701056022,680
1701056022,248
1701056023,120
1701056025,139
1701056035,302
1701056045,911
1701056105,840
1701056115,36
1701059715,175
1701059725,805
1701059735,610
1701059735,299
1701059735,589
1701059740,319
1701059740,969
1701059741,21
1701059801,405
1701059811,949
1701059816,482
1701059816,979
1701059876,87
1701059876,698
1701059877,845
1701059877,7
1701059877,677
1701059877,183
1701059887,733
1701059887,599
1701063487,700
1701063547,814
1701063607,802
1701063612,482
1701063672,144
1701063673,518
1701063678,537
1701063688,220
1701063689,750
1701063689,599
1701063690,631
1701063691,562
1701063691,295
1701063692,381
1701063694,504
1701063704,189
1701063705,976
1701063705,516
1701063710,531
1701063711,636
1701063711,393
1701063716,89
1701063716,17
1701063717,605
1701063777,235
1701063779,759
1701063784,618
1701067384,688
1701067394,370
1701070994,867
1701071004,275
1701071004,880
1701074604,561
1701074604,438
1701074609,993
1701074614,762
1701074614,401
1701074624,635
1701074625,305
1701074625,27
1701074625,181
1701074625,174
1701074685,529
1701074685,299
1701074685,666
1701074690,6
1701074700,1000
1701074700,930
1701074705,79
1701078305,804
1701078310,995
1701078310,875
1701078311,378
1701078316,292
1701078316,628
1701078326,482
1701078336,3
1701078396,613
1701078398,331
1701078398,977
1701078458,699
1701078459,349
1701078469,527
1701078529,47
1701082129,243
1701082134,352
1701082135,505
1701082135,453
1701082135,213
1701082140,236
1701082142,358
1701082202,909
1701082203,477
1701082263,653
1701082268,650
1701082268,242
1701082328,1000
1701085928,559
1701085929,369
1701085930,444
1701085932,508
1701089532,262
1701089592,880
1701089652,270
1701089654,891
1701089659,403
1701089661,432
1701089721,147
1701089731,936
1701089741,445
1701089751,239
1701089751,760
1701089751,94
1701089752,126
1701089752,539
1701089752,894
1701089753,992
1701089753,807
1701089753,948
1701089758,107
1701089763,20
1701089763,334
1701089763,700
1701089763,400
1701089764,485
1701089769,840
1701089829,663
1701089829,604
1701089829,932
1701089829,689
1701089889,245
1701089894,381
1701089895,491
1701089895,424
1701089897,494
1701089897,205
1701089897,503
1701089902,279
1701089902,601
1701089902,93
1701089962,247
1701089962,191
1701089963,517
1701089965,704
1701089965,232
1701089965,705
1701090025,269
1701090025,341
1701090025,493
1701090030,200
1701090040,641
1701090040,257
1701090040,760
1701093640,105
1701093640,112
1701093640,44
1701093650,30
1701093650,914
1701093651,814
1701093711,457
1701093712,150
1701093717,695
1701093727,636
1701093727,455
1701093737,203
1701093739,804
1701093749,254
1701093749,798
1701093749,879
1701093749,84
1701093759,228
1701093759,639
1701093769,259
1701093770,7
1701093771,443
1701097371,463
1701097372,787
1701097372,504
1701097374,270
1701097374,414
1701100974,790
1701100975,704
1701100977,324
1701100977,537
1701100978,865
1701100980,224
1701100981,6
1701100986,307
1701100996,848
1701100996,469
1701101056,259
1701101058,18
1701101058,327
1701101118,533
1701101120,731
1701104720,554
1701104722,532
1701104723,564
1701104723,503
1701104728,619
1701104729,773
1701104730,439
1701104790,491
1701104790,756
1701104791,159
1701104851,644
1701104851,404
1701104851,865
1701104851,767
1701104851,139
1701104861,987
1701104862,376
1701104862,783
1701104867,678
1701104867,46
1701104877,785
1701104882,69
1701104887,238
1701104887,797
1701104897,785
1701104897,477
1701104907,17
1701104967,618
1701104967,537
1701104977,189
1701104977,69
1701104977,294
1701104987,807
1701105047,506
1701105052,427
1701108652,651
1701108712,592
1701112312,490
1701112314,472
1701112324,374
1701112324,85
1701112334,540
1701112334,599
1701112334,71
1701115934,294
1701115934,651
1701115994,154
1701116004,446
1701116064,361
1701116066,922
1701116066,176
1701116067,923
1701116067,907
1701116067,326
1701116072,321
1701116082,458
1701116082,439
1701116142,647
1701116142,786
1701116152,828
1701116212,995
1701116214,459
1701119814,457
1701119824,667
1701119825,321
1701119825,849
1701119826,427
1701119826,570
1701119836,439
1701119837,287
1701119837,829
1701119838,668
1701119843,551
1701119843,76
1701119843,810
1701123443,286
1701123443,670
1701123443,70
1701123444,355
1701127044,689
1701127054,843
1701127114,853
1701127114,923
1701127124,925
1701127124,773
1701127126,230
1701127131,341
1701127132,679
1701130732,952
1701130732,462
1701130733,785
1701130733,594
1701130793,600
1701134393,730
1701134453,429
1701134458,959
1701134460,739
1701134460,582
1701134520,894
1701134520,534
1701134521,767
1701134531,65
1701134591,888
1701134592,695
1701134597,47
1701134598,478
1701134598,210
1701134608,643
1701134608,875
1701134668,564
1701134669,261
1701134729,481
1701134729,477
1701134729,360
1701134739,594
1701134741,152
1701134742,195
1701134742,398
1701134742,655
1701134752,465
1701134754,840
1701134754,623
1701134755,674
1701134756,293
1701138356,920
1701138357,761
1701138357,200
1701138359,699
1701138361,182
1701138361,749
1701138361,159
1701138362,394
1701138363,387
1701138363,342
1701138364,370
1701138364,164
1701138364,409
1701141964,95
1701141965,814
1701141966,270
1701141966,438
1701141966,900
1701141966,722
1701141971,861
1701141972,935
1701141974,952
1701141979,423
1701141979,607
1701141984,70
1701141984,373
1701142044,335
1701142046,637
1701142047,7
1701142052,76
1701142054,10
1701142059,742
1701142059,647
1701142059,151
1701145659,326
1701145659,703
1701145719,159
1701145721,590
1701145726,248
1701145727,540
1701145728,872
1701145729,356
1701145730,248
1701145730,547
1701149330,673
1701149330,843
1701149331,648
1701149336,842
1701152936,865
1701152936,637
1701152936,642
1701152936,385
1701152937,238
1701152937,429
1701152938,712
1701152938,381
1701152938,694
1701152948,773
1701152948,689
1701152948,944
1701152953,81
1701152963,143
1701156563,502
1701156563,304
1701156565,803
1701156575,518
1701156585,316
1701156586,288
1701156586,705
1701156586,398
1701156586,846
1701156586,670
1701156588,540
1701156598,893
1701156598,728
1701156598,466
1701156599,446
1701156609,138
1701156610,615
1701156610,488
1701156610,175
1701160210,467
1701160215,694
1701160225,43
1701160225,301
1701160285,115
1701160287,490
1701160288,293
1701160288,800
1701160289,533
1701160290,346
1701160292,478
1701160292,374
1701160292,718
1701160292,395
1701160293,557
1701160293,552
1701163893,899
1701163893,591
1701163895,814
1701163955,642
1701163957,99
1701167557,924
1701167558,460
1701171158,691
1701171158,843
1701171163,501
1701171165,238
1701171175,857
1701171175,721
1701171175,758
1701171235,170
1701171240,992
1701171300,338
1701171310,789
1701171320,991
1701171322,389
1701171324,773
1701171329,26
1701171334,173
1701171335,921
1701171345,717
1701171345,881
1701171345,519
1701171405,708
1701171410,81
1701175010,46
1701175070,803
1701175075,294
1701175085,49
1701175087,917
1701175087,323
1701175087,934
1701175092,528
1701175092,864
1701175152,727
1701175154,666
1701175154,484
1701175154,186
1701175164,176
1701175169,215
1701175169,468
1701175170,505
1701175170,892
1701175170,324
1701175170,925
1701178770,61
1701182370,216
1701182371,747
1701185971,433
1701185976,146
1701185976,664
1701185986,477
1701185987,980
1701185987,290
1701185987,765
1701189587,614
1701189587,119
1701189587,762
1701189588,179
1701189588,816
1701193188,636
1701193188,651
1701193188,373
1701193248,113
1701196848,39
1701196850,423
1701196850,873
1701200450,644
1701200450,264
1701200450,787
1701200452,718
1701200452,399
1701200457,10
1701200457,959
1701200458,979
1701200458,756
1701200458,384
1701200458,780
1701200463,274
1701200463,78
1701200468,874
1701200468,993
1701200469,930
1701200469,579
1701200469,588
1701204069,578
1701204074,514
1701204079,1000
1701204079,472
1701204081,456
1701204081,652
1701204082,601
1701204087,963
1701204087,278
1701204092,917
1701204097,899
1701204098,790
1701204098,304
1701204158,473
1701204218,950
1701207818,571
1701207828,777
1701207828,172
1701211428,727
1701211433,979
1701211433,872
1701211434,994
1701211435,937
1701211436,565
1701211436,328
1701211436,948
1701215036,771
1701215036,805
1701215036,663
1701215037,979
1701215042,24
1701215043,488
1701215043,645
1701215043,367
1701215048,446
1701215048,219
1701215048,662
1701215108,628
1701215168,553
1701215178,72
1701215183,574
1701215188,535
1701215188,311
1701215188,228
1701215198,159
1701215258,494
1701215259,375
1701215264,599
1701218864,282
1701218864,621
1701218866,264
1701218867,763
1701218867,962
1701218927,517
1701218929,818
1701222529,543
1701222589,933
1701222590,811
1701222591,367
1701222591,272
1701222592,641
1701222592,131
1701222592,940
1701222592,689
1701226192,974
1701226194,779
1701226204,825
1701226214,503
1701226215,383
1701226216,53
1701226216,113
1701226218,892
1701226219,305
1701226279,8
1701226281,314
1701226283,571
1701226283,463
1701226283,305
1701226288,58
1701229888,291
1701229888,973
1701229889,97
1701233489,632
1701233489,644
1701233489,753
1701233489,476
1701233489,964
1701237089,937
1701237099,365
1701237099,298
1701237099,519
1701237099,801
1701237099,649
1701237104,579
1701237104,611
1701237104,599
1701237104,401
1701237106,409
1701237107,738
1701237167,49
1701237169,777
1701237169,122
1701237169,105
1701237174,944
1701237176,224
1701237176,609
1701237236,598
1701237236,408
1701237236,358
1701237236,572
1701237237,12
1701237297,490
1701237297,87
1701237299,641
1701237300,59
1701237360,635
1701237365,201
1701237367,469
1701237367,14
1701237377,365
1701237377,323
1701237377,407
1701237387,717
1701237397,599
1701237397,506
1701237457,794
1701237458,402
1701237458,492
1701237518,459
1701237518,177
1701237520,297
1701241120,37
1701241120,659
1701241122,226
1701241124,972
1701241124,652
1701241129,186
1701241189,191
1701241194,182
1701241204,260
1701244804,645
1701244804,587
1701244804,1
1701244864,196
1701244864,612
1701244864,555
1701244864,889
1701244865,825
1701244865,809
1701244866,697
1701244926,574
1701244986,518
1701248586,272
1701248596,965
1701248596,409
1701248596,497
1701248596,260
1701248596,291
1701248656,478
1701248656,662
1701248656,982
1701248657,149
1701248662,989
1701248672,638
1701248732,5
1701248734,392
1701248736,369
1701248736,316
1701248736,857
1701248736,491
1701248736,5
1701248741,624
1701248746,326
1701248746,750
1701248751,907
1701248751,511
1701248756,361
1701248757,796
1701248757,360
1701248757,758
1701248757,359
1701248757,833
1701248759,437
1701248759,299
1701248759,257
1701248764,509
1701248764,612
1701248774,930
1701248774,743
1701248775,709
1701248780,758
1701248780,707
1701248785,940
1701248845,830
1701252445,948
1701252455,467
1701252465,375
1701252475,307
1701252475,194
1701252475,513
1701252535,319
1701252535,731
1701252536,651
1701252541,2
1701252542,213
1701252542,634
1701252544,509
1701256144,738
1701256149,354
1701256149,953
1701256151,996
1701256152,94
1701256162,630
1701256167,628
1701256227,165
1701256237,642
1701256247,268
1701256249,266
1701259849,483
1701259849,217
1701259849,237
1701259851,838
1701259911,946
1701259911,608
1701259916,919
1701259916,739
1701259916,600
1701263516,945
1701267116,93
1701267116,988
1701267116,298
1701267116,629
1701267116,771
1701267121,300
1701267131,313
1701267132,927
1701267132,810
1701267132,999
1701267142,96
1701270742,312
1701270743,979
1701270753,742
1701270754,307
1701270754,975
1701270754,292
1701270755,695
1701270815,625
1701270816,378
1701270816,61
1701270816,395
1701274416,472
1701274416,126
1701274426,34
1701274427,369
1701274427,547
1701278027,830
1701278027,24
1701278037,792
1701278097,753
1701278098,151
1701278103,931
1701278113,62
1701278123,84
1701281723,960
1701281723,558
1701281723,471
1701281723,807
1701281723,577
1701281724,675
1701281734,53
1701281794,204
1701281794,599
1701281795,741
1701281795,898
1701281795,62
1701281796,186
1701281798,948
1701281799,588
1701281799,599
1701281799,8
1701285399,69
1701288999,618
1701288999,526
1701289059,715
1701289060,192
1701289120,873
1701289180,862
1701289180,978
1701292780,140
1701292780,448
1701292780,87
1701292790,981
1701292790,15
1701292791,661
1701292791,429
1701292851,129
1701292851,274
1701292851,532
1701292856,58
1701292856,790
1701292856,635
1701292858,131
1701292858,543
1701292868,95
1701292868,288
1701292873,537
1701292883,457
1701296483,872
1701296485,343
1701296486,514
1701296486,245
1701296487,42
1701296487,29
1701296487,357
1701296489,493
1701300089,448
1701300149,833
1701300149,482
1701300149,595
1701300150,849
1701300152,457
1701300153,86
1701300158,215
1701300159,110
1701300160,28
1701300161,28
1701300161,352
1701300221,392
1701300221,223
1701300221,875
1701300222,695
1701300222,777
1701300222,702
1701300222,136
1701300222,192
1701300222,320
1701300282,520
1701300284,853
1701300284,854
1701300284,17
1701300284,27
1701300285,187
1701300287,334
1701300287,329
1701300288,626
1701300288,14
1701300348,215
1701300350,326
1701300350,179
1701300410,868
1701300411,115
1701300412,450
1701300413,225
1701300413,98
1701300413,731
1701300414,754
1701300415,68
1701300475,650
1701300475,540
1701300475,413
1701300485,112
1701300490,285
1701300490,644
1701300500,247
1701300500,15
1701300560,93
1701300560,913
1701300560,673
1701304160,758
1701304161,677
1701307761,23
1701311361,305
1701311362,790
1701311372,510
1701311377,90
1701311387,930
1701311387,403
1701311447,872
1701311447,179
1701311448,745
1701311449,748
1701311449,805
1701311451,649
1701311451,741
1701311453,837
1701311458,135
1701311458,996
1701311459,783
1701311460,914
1701311460,416
1701311462,984
1701311522,637
1701311522,514
1701311524,845
1701311534,345
1701311536,450
1701311537,707
1701311547,81
1701311548,557
1701311548,364
1701311608,904
1701311608,133
1701311613,903
1701315213,981
1701315214,509
1701315219,737
1701315279,591
1701315281,704
1701315282,379
1701315283,801
1701315283,968
1701315283,583
1701315283,722
1701315284,222
1701315284,21
1701315284,914
1701315285,799
1701315286,730
1701315287,586
1701315292,979
1701315292,123
1701315294,724
1701315296,474
1701315297,646
1701315297,905
1701315302,198
1701315302,417
1701315302,299
1701318902,510
1701318962,587
1701318962,873
1701318963,751
1701318965,754
1701318965,741
1701318967,62
1701318972,770
1701318972,935
1701318972,381
1701318972,249
1701318972,47
1701318982,210
1701318983,364
1701318983,649
1701318983,440
1701318983,453
1701318983,81
1701318984,626
1701318989,182
1701318999,253
1701319001,268
1701319061,56
1701319061,467
1701319062,827
1701319063,86
1701319065,729
1701319066,517
1701319066,285
1701319076,54
1701319077,692
1701319077,363
1701319137,538
1701319137,236
1701319138,169
1701319148,390
1701319208,765
1701319213,663
1701319213,398
1701319223,886
1701319224,849
1701319224,566
1701319284,237
1701319284,103
1701319284,929
1701319344,707
1701319349,789
1701319350,603
1701319410,895
1701319411,630
1701319413,86
1701319415,965
1701319475,656
1701319476,645
1701319477,910
1701319477,982
1701319478,64
1701319478,614
1701323078,962
1701326678,368
1701330278,264
1701333878,0
1701333878,210
1701333888,102
1701333888,378
1701333888,935
1701333893,666
1701337493,187
1701337494,150
1701337495,243
1701337496,613
1701341096,18
1701341096,717
1701341097,34
1701341107,384
1701341108,571
1701341168,838
1701341168,495
1701341178,638
1701341179,399
1701341180,281
1701341181,938
1701341181,873
1701341182,89
1701341187,119
1701341197,509
1701341257,684
1701341257,759
1701341259,211
1701341269,41
1701341269,817
1701341279,824
1701341279,849
1701341279,467
1701341279,43
1701341280,749
1701341285,79
1701341285,549
1701341285,31
1701341285,7
1701341285,656
1701341285,565
1701341285,3
1701341285,15
1701341285,462
1701344885,403
1701344895,864
1701344896,82
1701344906,959
1701344907,921
1701344907,993
1701344967,805
1701348567,718
1701348567,433
1701348627,952
1701348632,585
1701348632,26
1701348632,458
1701352232,891
1701352233,494
1701352238,956
1701352240,774
1701352240,783
1701352240,452
1701352240,442
1701352240,868
1701352240,12
1701352240,327
1701355840,311
1701355840,222
1701359440,673
1701359440,814
1701363040,43
1701363040,815
1701363041,883
1701363043,563
1701363045,78
1701363055,543
1701363060,757
1701363070,720
1701366670,69
1701366671,161
1701366671,964
1701366671,194
1701366671,871
1701366672,168
1701366672,673
1701366673,637
1701366673,489
1701366673,506
1701370273,968
1701370273,123
1701370275,717
1701370285,562
1701370287,937
1701370287,454
1701373887,421
1701373887,947
1701373887,327
1701373947,933
1701374007,35
1701374007,19
1701374008,740
1701377608,972
1701377608,329
1701377610,605
1701381210,423
1701381210,570
1701381215,505
1701381216,36
1701381221,166
1701381221,235
1701381221,835
1701381221,23
1701381222,22
1701381227,386
1701381227,395
1701381287,866
1701381287,879
1701381287,245
1701381347,365
1701381349,784
1701381351,675
1701384951,71
1701384951,481
1701385011,433
1701388611,470
1701388612,568
1701388617,707
1701388618,411
1701388628,485
1701388628,697
1701388630,197
1701388635,141
1701388635,278
1701388635,974
1701388637,618
1701388642,987
1701388647,715
1701388648,163
1701388650,513
1701388710,513
1701392310,862
1701395910,875
1701399510,860
1701399510,880
1701399570,212
1701399572,554
1701403172,597
1701403172,805
1701403173,28
1701403174,576
1701403179,267
1701403184,300
1701403184,879
1701403184,515
1701403185,129
1701403190,381
1701403195,85
1701403200,409
1701403200,461
1701403205,410
1701403206,545
1701403206,169
1701403207,183
1701406807,654
1701406817,910
1701406819,854
1701406824,949
1701406826,516
1701410426,256
1701410486,0
1701410486,208
1701410491,551
1701410492,857
1701410552,129
1701410557,753
1701410567,987
1701414167,759
1701417767,632
1701417768,519
1701417768,115
1701417828,747
1701417833,201
1701417835,423
1701417895,5
1701417896,0
1701417906,559
1701417916,996
1701417976,22
1701417977,475
1701417982,330
1701417992,588
1701417992,663
1701418052,474
1701418057,19
1701418058,564
1701421658,567
1701425258,275
1701428858,943
1701428858,351
1701428858,431
1701428868,728
1701428868,875
1701428928,835
1701428930,625
1701428940,691
1701428941,933
1701428941,77
1701428946,335
1701428947,567
1701428947,819
1701428957,321
1701429017,584
1701429019,354
1701429019,790
1701432619,508
1701432620,570
1701432621,431
1701432623,710
1701432633,547
1701436233,410
1701436234,911
1701436235,491
1701436240,396
1701436240,732
1701439840,99
1701439840,544
1701439850,743
1701439851,427
1701443451,102
1701443451,564
1701443452,816
1701443453,151
1701443454,464
1701443514,780
1701443515,656
1701443515,662
1701443525,779
1701443525,400
1701443527,438
1701447127,89
1701447127,9
1701447187,943
1701447187,901
1701447187,662
1701447197,229
1701447197,692
1701447257,449
1701447258,298
1701447258,81
1701447318,810
1701447328,271
1701447338,979
1701447348,181
1701447408,484
1701447410,722
1701447470,847
1701447480,481
1701447481,654
1701447482,115
1701447487,83
1701447487,463
1701447487,697
1701447487,240
1701447547,296
1701447557,503
1701447562,514
1701447562,157
1701447563,257
1701451163,565
1701451164,163
1701451165,479
1701451165,841
1701454765,452
1701454766,592
1701454766,251
1701458366,958
1701458367,108
1701458427,67
1701458427,544
1701458427,332
1701458427,973
1701458432,650
1701458432,864
1701458432,499
1701458434,378
1701458434,39
1701458435,265
1701458435,371
1701458445,864
1701458447,208
1701458448,13
1701458453,899
1701458458,51
1701458458,358
1701458468,121
1701458528,945
1701458588,147
1701458588,463
1701458588,218
1701462188,965
1701462188,391
1701462189,847
1701462191,932
1701462193,177
1701462193,677
1701462253,309
1701462263,60
1701462323,133
1701462323,441
1701462323,135
1701462333,605
1701462338,874
1701462338,964
1701462343,29
1701465943,275
1701465944,600
1701465949,506
1701465950,890
1701465952,68
1701465962,398
1701465962,857
1701465962,507
1701465963,778
1701465963,423
1701465963,725
1701465973,742
1701465973,368
1701465978,864
1701465978,913
1701465978,246
1701465988,39
1701465989,511
1701465990,969
1701466000,938
1701466002,434
1701466012,104
1701466014,764
1701466014,673
1701466015,338
1701466015,473
1701466015,741
1701466016,927
1701466018,273
1701466028,121
1701466038,764
1701466039,331
1701466040,399
1701466050,771
1701466050,949
1701469650,577
1701469650,486
1701469710,467
1701469770,136
1701469772,480
1701469772,319
1701469773,17
1701469833,109
1701469833,246
1701469834,755
1701469834,362
1701469894,904
1701469895,166
1701469895,234
1701469955,752
1701469965,305
1701473565,316
1701473575,923
1701477175,647
1701477180,705
1701477240,695
1701477240,485
1701477300,286
1701477300,651
1701477301,281
1701477302,771
1701477303,789
1701480903,663
1701480903,137
1701480963,721
1701480963,899
1701480963,140
1701480963,751
1701481023,931
1701481023,563
1701481024,518
1701481026,258
1701481086,785
1701481091,611
1701481096,866
1701481097,787
1701481107,524
1701481108,102
1701481109,793
1701484709,655
1701488309,72
1701488309,533
1701488311,4
1701488371,445
1701488372,123
1701488373,494
1701488373,265
1701488375,908
1701488385,890
1701488395,344
1701488397,569
1701488397,576
1701488407,811
1701488408,498
1701488413,17
1701488414,897
1701488419,917
1701488420,780
1701488420,269
1701488421,691
1701488421,816
1701492021,393
1701492021,606
1701492022,324
1701492023,659
1701492033,781
1701492034,295
1701492034,311
1701492039,943
1701492049,42
1701492049,57
1701492049,704
1701492049,269
1701495649,795
1701495650,525
1701495660,123
1701495661,538
1701495671,335
1701499271,224
1701499271,262
1701499281,583
1701499281,580
1701499281,895
1701499281,491
1701499341,885
1701499351,418
1701499351,415
1701502951,992
1701502961,593
1701502971,626
1701503031,435
1701503041,784
1701506641,73
1701506642,21
1701506644,749
1701506644,737
1701506644,843
1701510244,994
1701510244,776
1701510245,153
1701510245,412
1701510245,577
1701510245,740
1701513845,441
1701513845,908
1701513855,219
1701513855,824
1701513856,548
1701513861,13
1701513863,10
1701513923,908
1701513923,735
1701513923,2
1701513983,960
1701513993,270
1701513993,666
1701513993,781
1701513993,572
1701513993,733
1701513993,699
1701513993,817
1701513995,876
1701513996,418
1701513996,601
1701517596,639
1701517597,517
1701517597,373
1701517598,848
1701517603,182
1701517608,559
1701517608,456
1701517668,125
1701517668,934
1701517668,350
1701517678,626
1701517738,61
1701517739,973
1701517739,808
1701521339,794
1701521339,320
1701524939,171
1701524944,519
1701524949,473
1701524949,206
1701524949,136
1701525009,391
1701525069,756
1701525071,566
1701525081,776
1701525082,816
1701528682,529
1701528684,894
1701528685,433
1701528687,272
1701528687,904
1701528687,616
1701528687,421
1701528687,833
1701528689,388
1701528689,903
1701532289,43
1701532294,97
1701535894,850
1701535894,366
1701535895,251
1701535895,625
1701535896,364
1701535896,692
1701535896,889
1701539496,522
1701543096,102
1701543097,469
1701543099,350
1701543109,802
1701543110,993
1701543112,751
1701543113,207
1701543115,269
1701543120,288
1701543130,514
1701543131,425
1701543131,668
1701543133,170
1701543138,93
1701543198,738
1701543199,485
1701543201,766
1701543201,801
1701546801,133
1701546803,417
1701546813,712
1701546813,513
1701546813,788
1701546814,495
1701546815,123
1701546815,535
1701546817,771
1701546877,168
1701546882,104
1701546882,331
1701546942,359
1701546943,588
1701547003,587
1701550603,294
1701550603,916
1701550605,793
1701550605,735
1701550605,703
1701550605,935
1701550610,164
1701550610,148
1701550610,863
1701550610,829
1701550620,952
1701550622,941
1701554222,639
1701554222,513
1701554222,123
1701554227,657
1701554237,709
1701554242,251
1701554302,273
1701554302,24
1701554303,459
1701554304,385
1701554304,46
1701554304,373
1701554306,890
1701554306,414
1701554307,863
1701554308,18
1701557908,243
1701557908,842
1701557910,171
1701557911,636
1701557911,825
1701561511,665
1701561512,122
1701561513,185
1701561518,683
1701561520,54
1701561520,922
1701561521,755
1701561522,21
1701561523,957
1701561523,169
1701561523,216
1701561524,635
1701561525,759
1701561525,902
1701561535,5
1701561535,550
1701561595,136
1701561596,714
1701561597,797
1701561602,119
1701565202,753
1701565202,439
1701565262,885
1701565263,371
1701565263,162
1701568863,656
1701568864,741
1701568874,519
1701568875,537
1701572475,758
1701572485,708
1701572485,480
1701572545,973
1701572547,454
1701572607,325
1701572617,992
1701572627,520
1701572637,362
1701572637,771
1701572637,538
1701572647,414
1701572647,883
1701572707,83
1701572707,340
1701572708,304
1701572709,404
1701572709,37
1701572711,274
1701572712,611
1701572714,342
1701572714,153
1701572714,42
1701576314,567
1701576315,238
1701576317,460
1701579917,371
1701579918,496
1701579918,181
1701579918,955
1701579918,643
1701579928,982
1701579928,550
1701579928,534
1701579928,376
1701579938,78
1701579943,935
1701579943,690
1701579943,40
1701579943,846
1701579943,433
1701579953,393
1701579953,389
1701579954,133
1701579954,629
1701579955,727
1701579955,905
1701579956,517
1701579956,61
1701579956,68
1701579956,145
1701579956,107
1701579956,311
1701579957,727
1701579957,192
1701579962,368
1701579963,490
1701579963,803
1701579963,184
1701580023,513
1701580083,42
1701580088,897
1701580148,393
1701580149,522
1701583749,262
1701583759,780
1701583764,892
1701587364,201
1701587424,911
1701587426,1000
1701591026,984
1701594626,829
1701594636,699
1701594636,198
1701594636,202
1701594637,863
1701594637,446
1701594647,21
1701594648,137
1701594648,278
1701598248,943
1701601848,194
1701601848,846
1701601849,587
1701601850,390
1701601851,575
1701601852,700
1701601857,735
1701601867,212
1701601867,687
1701601868,170
1701601868,250
1701601873,156
1701601875,957
1701601875,405
1701601935,813
1701601935,951
1701601936,203
1701605536,456
1701605541,512
1701605601,33
1701605661,269
1701605663,108
1701605668,634
1701605668,25
1701605668,39
1701605668,304
1701609268,804
1701609269,606
1701609270,914
1701609271,395
1701609281,619
1701609341,135
1701609341,766
1701612941,408
1701612942,261
1701616542,956
1701616542,873
1701616542,379
1701616542,414
1701616544,549
1701616544,19
1701616545,364
1701616545,646
1701616545,31
1701616545,5
1701616555,807
1701616615,41
1701616615,577
1701616625,912
1701616625,109
1701616625,28
1701620225,952
1701620227,654
1701620227,61
1701620227,393
1701620237,867
1701620238,276
1701623838,950
1701623838,109
1701623838,906
1701623838,627
1701623839,303
1701623839,943
1701623839,830
1701623844,199
1701623844,415
1701623844,215
1701623845,698
1701623855,360
1701623855,573
1701623855,508
1701623855,575
1701623860,692
1701623860,373
1701627460,767
1701627465,134
1701627525,475
1701627585,759
1701627585,925
1701627586,830
1701631186,792
1701631187,479
1701631197,7
1701634797,956
1701634798,507
1701634803,682
1701634863,35
1701638463,409
1701638463,133
1701638463,314
1701638463,866
1701638473,2
1701642073,666
1701642074,849
1701642074,363
1701642076,390
1701642076,265
1701645676,500
1701645678,701
1701645678,108
1701645680,177
1701645680,482
1701645680,533
1701645680,78
1701649280,536
1701649340,16
1701652940,863
1701652940,792
1701652950,277
1701652951,866
1701652951,988
1701652951,672
1701652951,281
1701652951,58
1701652961,704
1701652961,275
1701652962,735
1701652962,521
1701652962,114
1701652964,446
1701652966,25
1701653026,215
1701653026,113
1701653027,210
1701653027,349
1701653037,168
1701653039,255
1701653049,939
1701653049,518
1701653109,953
1701653109,438
1701653110,236
1701653111,750
1701653111,448
1701653112,266
1701653113,146
1701653114,428
1701653114,449
1701653115,450
1701653120,361
1701653122,234
1701653122,236
1701653132,305
1701653142,277
1701653143,868
1701653143,992
1701653153,252
1701653153,661
1701653213,781
1701653213,17
1701653213,294
1701653223,855
1701653224,487
1701653224,241
1701653284,217
1701656884,184
1701656886,711
1701656887,460
1701656887,299
1701656887,447
1701656887,659
1701660487,16
1701660487,838
1701664087,672
1701667687,294
1701667687,824
1701671287,321
1701671347,383
1701671357,811
1701674957,556
1701678557,641
1701682157,59
1701682217,721
1701682217,330
1701682222,664
1701682222,660
1701682222,849
1701682222,733
1701682223,720
1701682223,477
1701682223,65
1701682223,882
1701682283,339
1701682283,455
1701682283,214
1701682283,165
1701682283,371
1701682284,357
1701682284,275
1701682284,754
1701682284,167
1701682284,473
1701682284,512
1701682284,322
1701682284,802
1701682285,224
1701682290,821
1701685890,784
1701689490,467
1701689490,912
1701689490,18
1701689500,981
1701689500,363
1701693100,154
1701693101,889
1701693103,139
1701693113,209
1701693118,64
1701693119,353
1701693119,168
1701693124,653
1701693126,279
1701693131,751
1701693191,864
1701693191,196
1701693193,801
1701693193,695
1701693193,632
1701693193,85
1701693198,909
1701693199,224
1701693209,723
1701693219,664
1701693279,754
1701693284,918
1701693285,239
1701693345,273
1701693345,935
1701693345,371
1701693346,417
1701693346,188
1701696946,343
1701696946,409
1701696947,571
1701696948,671
1701696953,737
1701696955,561
1701696957,658
1701696957,78
1701700557,184
1701700558,477
1701700558,45
1701700558,777
1701700558,374
1701700559,423
1701700559,184
1701700559,901
1701700559,401
1701700559,825
1701700564,24
1701700564,947
1701700574,614
1701700579,500
1701700589,971
1701700589,138
1701700590,991
1701700590,470
1701700595,924
1701700595,746
1701700595,566
1701700595,491
1701700596,43
1701700606,743
1701700607,865
1701700608,539
1701700608,164
1701700608,757
1701700608,449
1701700608,463
1701700608,133
1701700610,723
1701700610,398
1701700611,44
1701700612,295
1701700614,497
1701700615,466
1701700615,721
1701700625,583
1701700626,718
1701700626,300
1701700626,280
1701700631,203
1701700633,917
1701700633,507
1701700633,903
1701700633,554
1701700633,657
1701704233,439
1701704293,363
1701704293,747
1701704353,507
1701704358,296
1701704359,503
1701704361,269
1701704362,461
1701704362,668
1701704362,691
1701704422,490
1701704422,746
1701704422,501
1701704422,271
1701704422,363
1701704422,521
1701704423,539
1701704433,883
1701704433,768
1701704435,70
1701704435,112
1701704440,378
1701704450,114
1701704510,893
1701704515,307
1701704516,832
1701704526,121
1701704526,388
1701704526,63
1701704526,948
1701704526,190
1701704527,856
1701704527,714
1701704537,86
1701704542,108
1701704547,128
1701704607,376
1701704607,551
1701704609,175
1701708209,410
1701708209,376
1701708214,324
1701708214,680
1701708214,681
1701708274,666
1701708284,486
1701711884,927
1701711884,380
1701711889,793
1701711891,747
1701711892,834
1701711892,518
1701711902,635
1701711902,840
1701711902,247
1701711902,322
1701711902,325
1701711912,278
1701711913,313
1701711914,850
1701711974,45
1701711975,30
1701711976,722
1701711981,776
1701711982,882
1701711984,311
1701711994,15
1701711996,56
1701715596,65
1701715596,514
1701719196,625
1701719196,78
1701719197,72
1701719197,422
1701719207,322
1701719267,546
1701719267,552
1701719272,225
1701719282,150
1701719283,243
1701719284,311
1701719344,483
1701719404,964
1701719406,278
1701723006,233
1701723006,758
1701723007,960
1701723017,241
1701723018,305
1701723018,424
1701723018,925
1701723018,134
1701723028,45
1701723028,3
1701723028,537
1701723028,493
1701723028,577
1701723028,671
1701723029,993
1701723029,166
1701723029,709
1701723029,796
1701723030,567
1701723030,334
1701723030,0
1701723030,362
1701723031,805
1701723031,513
1701723031,563
1701723033,765
1701723033,604
1701723043,78
1701723048,334
1701723048,358
1701723053,418
1701723053,285
1701723054,730
1701723114,893
1701726714,450
1701726715,379
1701726717,784
1701726722,491
1701726782,50
1701730382,570
1701730382,938
1701733982,399
1701733983,665
1701733983,23
1701733988,227
1701733988,664
1701733989,337
1701733989,530
1701733991,398
1701734001,64
1701737601,324
1701737661,984
1701737662,222
1701737664,396
1701737664,368
1701737666,424
1701737667,211
1701737669,417
1701737669,89
1701737674,533
1701737675,571
1701737685,43
1701737745,970
1701737747,440
1701737752,885
1701737752,784
1701737757,709
1701737817,166
1701737817,276
1701737818,207
1701737818,687
1701741418,424
1701741419,702
1701745019,414
1701745029,890
1701745029,559
1701745029,35
1701745034,700
1701748634,269
1701748634,459
1701748644,553
1701748644,882
1701748646,652
1701748706,343
1701748711,741
1701748716,153
1701748776,19
1701748777,196
1701748782,559
1701748782,445
1701748783,527
1701748784,726
1701752384,856
1701752384,834
1701752394,726
1701755994,250
1701755994,48
1701755994,875
1701755994,174
1701756004,272
1701756004,928
1701756009,434
1701756009,451
1701756009,894
1701756011,368
1701756016,501
1701756017,428
1701756017,539
1701756077,724
1701756077,952
1701756077,309
1701756078,977
1701756078,307
1701756078,256
1701756078,498
1701756138,897
1701756138,408
1701759738,367
1701759738,738
1701759738,913
1701759738,96
1701763338,413
1701763338,62
1701763343,389
1701763344,677
1701763346,355
1701763346,409
1701766946,339
1701766951,178
1701766951,716
1701770551,133
1701774151,619
1701777751,455
1701777751,124
1701777761,977
1701777761,709
1701777771,57
1701777771,921
1701777831,660
1701781431,842
1701781431,790
1701781431,340
1701781432,53
1701781432,532
1701781434,587
1701781435,681
1701781445,999
1701781450,533
1701781450,451
1701781451,287
1701781461,894
1701781461,126
1701781461,349
1701781461,40
1701781461,649
1701781471,643
1701781471,954
1701781473,825
1701781473,560
1701785073,278
1701785073,278
1701785074,223
1701785074,821
1701785074,222
1701785084,567
1701785084,258
1701785144,464
1701785145,249
1701785145,198
1701785146,68
1701785147,62
1701785147,502
1701785148,496
1701788748,297
1701788748,172
1701788748,510
1701788748,30
1701788748,98
1701788749,592
1701788751,681
1701788752,686
1701788762,425
1701788772,623
1701788832,277
1701788842,209
1701788842,570
1701788842,567
1701788852,822
1701788852,58
1701788852,513
1701788862,970
1701788867,427
1701792467,482
1701792527,917
1701792532,994
1701792534,140
1701792539,240
1701792539,574
1701792549,123
1701792549,407
1701792550,455
1701792551,21
1701796151,26
1701796151,857
1701796151,278
1701799751,687
1701799752,315
1701799753,109
1701803353,547
1701806953,656
1701810553,612
1701810563,30
1701810564,814
1701810624,891
1701810625,171
1701810627,843
1701810637,999
1701810638,836
1701810638,161
1701810639,896
1701810639,842
1701810639,204
1701810639,832
1701810639,919
1701810639,991
1701810639,847
1701810639,743
1701810640,491
1701810640,850
1701810642,376
1701810644,797
1701814244,72
1701814245,422
1701814245,436
1701814245,243
1701814305,133
1701814305,576
1701814365,586
1701814375,313
1701814377,426
1701814377,625
1701814387,961
1701817987,484
1701821587,545
1701821587,278
1701821647,424
1701821707,986
1701821717,966
1701825317,92
1701825317,53
1701825377,50
1701825387,691
1701825447,503
1701825507,802
1701825508,284
1701825568,258
1701825568,689
1701825568,751
1701825628,234
1701829228,116
1701829230,664
1701829231,957
1701829236,902
1701829236,8
1701829241,159
1701829241,596
1701829241,545
1701829241,706
1701832841,867
1701832841,434
1701832841,62
1701832846,229
1701832851,963
1701832852,769
1701836452,512
1701836462,637
1701836467,933
1701836527,824
1701836532,718
1701836534,781
1701836534,662
1701836534,998
1701836534,949
1701836534,819
1701836534,907
1701836544,751
1701836549,799
1701836549,201
1701836554,10
1701836554,999
1701836559,346
1701836619,284
1701836621,178
1701836623,762
1701840223,345
1701840233,373
1701843833,506
1701843838,580
1701843840,529
1701843845,939
1701843845,991
1701843846,29
1701843846,394
1701843851,837
1701847451,275
1701847451,390
1701847511,687
1701847512,181
1701847522,478
1701847524,396
1701847524,956
1701847525,615
1701851125,483
1701851135,994
1701854735,856
1701858335,774
1701858345,410
1701858355,553
1701858356,244
1701858356,680
1701858356,634
1701858357,689
1701858362,317
1701858372,933
1701858372,292
1701858372,458
1701858372,650
1701858377,812
1701858382,917
1701858392,839
1701858392,435
1701858452,47
1701858452,477
1701858453,554
1701858453,41
1701858453,576
1701858463,993
1701858468,352
1701858469,756
1701858469,387
1701858529,146
1701858529,353
1701858530,879
1701858530,212
1701858530,360
1701858532,5
1701858533,813
1701858534,465
1701858534,274
1701858534,961
1701858536,269
1701858536,844
1701858536,264
1701858536,376
1701858536,411
1701858536,122
1701858536,852
1701858537,984
1701858538,939
1701858538,477
1701858598,414
1701858598,837
1701858600,772
1701858600,252
1701858610,860
1701858610,163
1701858615,836
1701858616,851
1701858676,881
1701858677,136
1701858687,651
1701858688,489
1701858688,229
1701858688,79
1701858690,458
1701858690,524
1701858690,675
1701858691,503
1701858691,229
1701858693,339
1701858753,749
1701858754,470
1701858754,621
1701858755,953
1701858756,655
1701858756,822
1701858756,378
1701858766,592
1701858776,861
1701858777,278
1701858837,803
1701858897,325
1701858907,179
1701858907,437
1701858909,834
1701858909,31
1701858909,192
1701858919,484
1701862519,319
1701866119,902
1701869719,978
1701869779,617
1701869789,157
1701869849,557
1701869849,287
1701869849,722
1701869859,206
1701869864,233
1701869864,638
1701869924,38
1701869924,562
1701869984,668
1701873584,996
1701873585,699
1701873586,685
1701873586,955
1701873587,868
1701873647,958
1701873652,968
1701873662,886
1701873663,847
1701873663,130
1701873664,439
1701873669,702
1701873729,347
1701873730,608
1701873790,233
1701873790,216
1701873791,107
1701873792,878
1701873852,768
1701873852,15
1701873912,579
1701873912,763
1701873912,215
1701873972,453
1701873977,92
1701877577,723
1701877577,889
1701877637,878
1701877637,620
1701877638,910
1701877638,228
1701877638,387
1701877638,197
1701877640,446
1701877640,553
1701877650,335
1701881250,134
1701881260,3
1701881261,309
1701881266,507
1701884866,596
1701888466,83
1701892066,2
1701892066,908
1701892066,435
1701892071,740
1701895671,916
1701895731,552
1701895732,226
1701895792,216
1701895792,525
1701895792,833
1701895797,237
1701895807,649
1701895809,296
1701895810,767
1701895811,398
1701895813,918
1701895818,802
1701895818,615
1701895823,87
1701895823,848
1701895828,245
1701895828,241
1701895828,799
1701895829,340
1701895830,370
1701895831,753
1701895831,96
1701895841,989
1701895842,41
1701895847,800
1701895849,592
1701895849,647
1701899449,348
1701899509,924
1701899514,482
1701899515,186
1701899515,384
1701903115,149
1701903115,907
1701903115,268
1701903115,431
1701903117,537
1701903118,471
1701903118,510
1701903119,168
1701903119,384
1701903124,900
1701903124,912
1701903129,526
1701906729,938
1701906729,999
1701906729,9
1701906789,778
1701906790,280
1701906791,342
1701906791,822
1701906851,684
1701906911,123
1701906971,750
1701906981,136
1701906991,165
1701906996,29
1701906997,548
1701906998,661
1701907000,506
1701907000,91
1701907000,654
1701907010,45
1701907020,482
1701907020,216
1701907020,401
1701907020,705
1701907020,555
1701907022,550
1701907022,296
1701907023,739
1701907024,104
1701907025,866
1701907085,421
1701907145,217
1701907146,791
1701907148,853
1701907149,641
1701907149,311
1701907149,789
1701907151,506
1701907151,445
1701907151,603
1701907152,91
1701907152,155
1701907212,646
1701907222,326
1701910822,298
1701910824,457
1701910824,803
1701910824,872
1701910884,287
1701910884,967
1701910885,207
1701910895,95
1701910905,79
1701910915,389
1701910920,566
1701910930,257
1701910930,445
1701910931,691
1701910931,260
1701910932,377
1701910937,159
1701910938,940
1701910948,871
1701910948,929
1701910949,910
1701910954,500
1701910955,359
1701910955,424
1701910965,299
1701910965,390
1701910966,3
1701910976,161
1701910977,576
1701910978,522
1701910979,918
1701911039,21
1701911040,880
1701914640,555
1701914642,821
1701914642,792
1701914643,126
1701914643,276
1701914643,684
1701918243,247
1701918248,548
1701918248,543
1701918248,137
1701918248,674
1701918258,565
1701918259,348
1701918259,495
1701918259,66
1701921859,356
1701921859,700
1701921859,223
1701921861,985
1701925461,458
1701925463,246
1701929063,754
1701929063,60
1701929064,581
1701929074,604
1701929084,990
1701929089,615
1701929091,268
1701929091,141
1701929092,566
1701929093,169
1701929093,359
1701929095,981
1701929095,187
1701932695,209
1701936295,685
1701936300,515
1701936301,793
1701936303,374
1701936303,940
1701936303,769
1701936304,780
1701936309,655
1701936314,296
1701936374,36
1701936374,272
1701939974,843
1701939979,420
1701939981,275
1701939981,258
1701939981,622
1701939981,951
1701939981,651
1701939982,343
1701939983,760
1701939984,556
1701939984,861
1701939985,133
1701939985,513
1701939990,248
1701940050,252
1701940050,282
1701940050,146
1701940052,844
1701943652,16
1701943662,429
1701943663,131
1701943664,278
1701943664,790
1701943674,857
1701943674,173
1701943674,861
1701943674,44
1701947274,91
1701947284,159
1701947286,983
1701947346,962
1701947346,60
1701947347,861
1701947347,38
1701947348,868
1701947408,201
1701947409,148
1701947409,823
1701947409,714
1701947409,198
1701947409,135
1701947409,984
1701947409,819
1701947410,514
1701947411,185
1701947413,192
1701947423,608
1701947423,770
1701947423,159
1701947423,272
1701947424,135
1701947424,363
1701951024,996
1701951025,483
1701951027,567
1701951029,420
1701951029,942
1701951039,283
1701951099,592
1701951159,978
1701951160,864
1701951170,770
1701954770,453
1701954770,754
1701954772,256
1701958372,724
1701958372,198
1701958374,588
1701958434,581
1701958434,320
1701958435,718
1701958436,794
1701958436,325
1701958436,347
1701958446,597
1701958446,457
1701958451,630
1701958511,370
1701958512,146
1701958514,217
1701958514,207
1701958524,320
1701958524,247
1701958524,902
1701958529,196
1701958539,289
1701958599,81
1701958599,721
1701958599,357
1701958600,967
1701958600,344
1701958601,160
1701958606,875
1701958607,460
1701958608,168
1701958608,336
1701958618,382
1701958618,378
1701958628,9
1701958688,149
1701958689,374
1701958749,284
1701958750,97
1701958755,398
1701958765,775
1701958766,80
1701958766,623
1701958767,369
1701962367,742
1701965967,898
1701965977,287
1701965977,999
1701965978,514
1701965978,119
1701966038,21
1701966043,480
1701966043,153
1701966043,462
1701966044,656
1701966045,149
1701966046,77
1701966047,99
1701966049,983
1701966049,16
1701966050,371
1701966060,692
1701966120,341
1701966122,543
1701966122,790
1701966127,212
1701966127,721
1701966127,173
1701966127,774
1701966129,796
1701966130,354
1701966135,141
1701966145,369
1701966145,537
1701966146,896
1701966148,721
1701969748,482
1701969753,583
1701969753,752
1701969754,735
1701969814,777
1701969814,125
1701973414,995
1701973414,764
1701973414,182
1701973424,563
1701973424,14
1701973426,663
1701973427,251
1701973437,616
1701973438,580
1701973448,591
1701973458,878
1701973458,143
1701977058,505
1701977068,399
1701977078,787
1701977078,280
1701977078,517
1701977138,997
1701977143,193
1701980743,905
1701980743,787
1701980744,631
1701980754,953
1701980754,12
1701980759,714
1701980760,151
1701980761,807
1701980762,208
1701980762,905
1701980767,881
1701980767,628
1701980768,179
1701980768,211
1701980768,886
1701980768,768
1701980770,176
1701980771,355
1701980771,505
1701980771,56
1701980773,208
1701980773,769
1701980774,649
1701980774,433
1701980774,508
1701980779,134
1701980779,832
1701984379,443
1701984389,721
1701984394,87
1701984394,954
1701984394,19
1701987994,85
1701988004,781
1701991604,788
1701991604,435
1701991606,704
1701991607,808
1701995207,954
1701995212,763
1701995217,964
1701998817,613
1701998818,760
1701998820,857
1701998820,523
1701998822,48
1701998823,411
1701998825,566
1701998885,906
1701998885,88
1702002485,840
1702002485,690
1702002486,689
1702002487,777
1702002487,233
1702002487,962
1702006087,973
1702006089,606
1702006149,560
1702006150,456
1702006152,562
1702006152,338
1702006153,180
1702006158,599
1702006158,812
1702006158,929
1702006218,164
1702006218,794
1702006228,852
1702006228,991
1702006238,773
1702006239,385
1702006240,330
1702006240,446
1702006240,79
1702006240,684
1702006242,502
1702006242,989
1702006243,214
1702006243,285
1702006253,961
1702006253,485
1702006254,934
1702006259,804
1702006269,604
1702006269,442
1702009869,851
1702009869,949
1702009929,938
1702009929,54
1702009939,729
1702009940,744
1702013540,674
1702013545,212
1702013545,953
1702017145,813
1702017145,977
1702017155,554
1702017155,91
1702017155,635
1702020755,106
1702020755,60
1702020755,740
1702020815,809
1702020875,229
1702020885,27
1702020886,769
1702020886,122
1702020891,824
1702020891,137
1702020896,420
1702020896,634
1702020956,494
1702021016,552
1702021017,215
1702021018,63
1702021018,452
1702021028,146
1702021028,299
1702021028,451
1702024628,388
1702028228,794
1702031828,456
1702031838,692
1702031839,280
1702031844,441
1702031844,211
1702031844,647
1702031844,397
1702031849,471
1702031850,134
1702031850,718
1702031910,164
1702031911,619
1702031911,8
1702031971,638
1702032031,561
1702032031,848
1702032031,963
1702032041,781
1702035641,613
1702035641,576
1702035651,334
1702035651,561
1702035652,417
1702035653,833
1702035654,606
1702035655,726
1702035655,106
1702039255,569
1702039256,446
1702039266,822
1702039267,742
1702039327,951
1702039327,932
1702039327,771
1702042927,584
1702042927,373
1702042927,890
1702042927,165
1702042927,511
1702042928,900
1702042928,146
1702042933,4
1702042933,109
1702046533,886
1702046533,330
1702046533,583
1702046535,368
1702046595,430
1702046655,650
1702046655,963
1702046655,394
1702046657,635
1702046659,642
1702046660,224
1702046660,307
1702046660,894
1702046670,421
1702046730,550
1702046790,549
1702046792,631
1702046852,485
1702046852,658
1702046862,543
1702046863,736
1702046863,76
1702046863,430
1702046864,586
1702046866,868
1702046866,166
1702046867,108
1702046868,697
1702046928,460
1702046929,377
1702046929,291
1702046989,947
1702046989,723
1702050589,877
1702050589,848
1702050589,156
1702054189,587
1702054189,216
1702057789,503
1702057789,195
1702057790,582
1702057790,165
1702057850,721
1702057860,942
1702057870,84
1702057875,589
1702057875,992
1702061475,792
1702061480,735
1702061490,358
1702061490,357
1702061490,627
1702061490,35
1702065090,390
1702065090,268
1702068690,199
1702068690,442
1702072290,290
1702072290,775
1702075890,253
1702075891,265
1702075893,758
1702075894,729
1702075895,119
1702075895,143
1702075955,52
1702075956,684
1702075957,669
1702076017,170
1702076019,289
1702076079,872
1702076079,1000
1702079679,530
1702079680,136
1702079685,944
1702079695,464
1702079755,748
1702079815,933
1702079815,680
1702079820,499
1702079820,6
1702079825,31
1702079827,625
1702083427,539
1702083432,276
1702083432,532
1702083432,357
1702083492,344
1702083492,255
1702083497,131
1702083497,495
1702083497,229
1702083498,935
1702083499,316
1702083499,495
1702083509,230
1702083509,635
1702083509,478
1702087109,323
1702090709,366
1702090711,100
1702090771,641
1702090831,73
1702090831,684
1702090841,399
1702090842,32
1702094442,371
1702094447,66
1702098047,935
1702098047,896
1702098047,817
1702098047,945
1702098048,510
1702098048,727
1702098050,266
1702098051,695
1702098052,111
1702101652,768
1702105252,827
1702105257,471
1702105257,664
1702105317,892
1702105318,433
1702105319,807
1702105324,583
1702105334,804
1702105334,867
1702105334,151
1702105336,193
1702105336,600
1702105341,355
1702105343,304
1702105343,194
1702105348,586
1702105348,418
1702105348,804
1702105349,431
1702105409,635
1702105409,989
1702105409,416
1702105419,122
1702105420,397
1702105425,132
1702105425,64
1702109025,934
1702109025,659
1702109030,617
1702109030,196
1702109035,152
1702109037,455
1702109037,699
1702109042,508
1702109052,648
1702109052,436
1702109052,245
1702109054,398
1702109054,824
1702112654,969
1702112714,376
1702112719,72
1702112729,500
1702116329,121
1702116330,222
1702116331,474
1702116331,64
1702116333,848
1702119933,310
1702119933,356
1702123533,53
1702123538,443
1702123543,372
1702123545,761
1702123545,701
1702123547,989
1702123607,392
1702123608,612
1702123608,574
1702123618,430
1702123619,891
1702127219,820
1702127219,150
1702130819,666
1702134419,623
1702134419,149
1702134479,667
1702134479,649
1702134481,560
1702134482,514
1702134483,125
1702134485,647
1702134495,94
1702134495,910
1702134505,856
1702134505,489
1702134565,36
1702134625,495
1702134625,833
1702134626,965
1702138226,762
1702138226,466
1702138231,423
1702138231,115
1702138232,889
1702138237,203
1702138237,83
1702138242,265
1702138243,589
1702138243,602
1702138245,446
1702138246,128
1702138256,273
1702138256,187
1702138316,93
1702138317,692
1702138377,169
1702138377,940
1702138378,398
1702138379,624
1702138379,882
1702138380,947
1702138381,769
1702138381,436
1702138386,249
1702138386,567
1702138387,801
1702138388,879
1702138448,645
1702138448,781
1702138449,440
1702142049,582
1702142050,14
1702145650,535
1702145651,898
1702145653,509
1702145663,924
1702145665,395
1702145666,860
1702145666,52
1702145668,617
1702145669,627
1702145669,742
1702145670,125
1702145670,799
1702145672,317
1702145672,907
1702145677,672
1702145678,331
1702145738,287
1702145798,593
1702145798,287
1702145798,226
1702145798,580
1702145798,586
1702145798,902
1702145799,832
1702145799,472
1702145859,505
1702145860,806
1702145920,254
1702145920,679
1702145922,791
1702145922,920
1702149522,982
1702149522,651
1702149522,55
1702149524,809
1702149524,312
1702153124,158
1702156724,205
1702156725,732
1702156730,50
1702156731,148
1702156732,948
1702156734,221
1702160334,595
1702160344,466
1702163944,438
1702163946,232
1702163946,512
1702163947,532
1702163947,490
1702163947,650
1702163948,250
1702163948,571
1702163958,285
1702163960,999
1702163961,68
1702163962,836
1702163962,200
1702163963,783
1702163963,576
1702163973,983
1702163975,552
1702163980,45
1702167580,359
1702171180,621
1702171190,970
1702171192,610
1702171192,369
1702171202,197
1702171204,212
1702171204,838
1702171214,116
1702171274,297
1702171274,528
1702171276,538
1702171276,193
1702171276,880
1702171276,217
1702171286,135
1702171287,568
1702171287,75
1702171292,968
1702171293,497
1702171294,246
1702171294,774
1702171299,58
1702171309,180
1702171309,717
1702174909,525
1702174909,840
1702174911,891
1702174971,449
1702174971,355
1702178571,459
1702178573,103
1702178578,562
1702178578,103
1702178578,906
1702178578,904
1702182178,271
1702182238,272
1702182298,209
1702182298,234
1702182298,947
1702182300,354
1702182300,377
1702182300,217
1702182302,195
1702182304,976
1702182364,23
1702182364,949
1702182366,306
1702182371,528
1702182381,644
1702182381,214
1702182382,531
1702185982,557
1702185982,892
1702185983,676
1702185993,121
1702185994,216
1702185994,332
1702186004,469
1702186005,542
1702186005,214
1702186005,398
1702186015,414
1702186016,325
1702186021,733
1702186021,360
1702186023,856
1702189623,412
1702189633,959
1702189633,949
1702189693,229
1702189693,564
1702189693,892
1702189693,234
1702189695,888
1702189696,840
1702189756,386
1702189758,868
1702189758,531
1702189818,756
1702189878,984
1702189879,220
1702189879,428
1702189889,541
1702189894,230
1702193494,748
1702193504,723
1702193504,40
1702193504,284
1702193504,139
1702193509,740
1702193510,430
1702193520,824
1702193522,309
1702193532,388
1702193532,883
1702193532,253
1702193537,736
1702193537,189
1702193538,413
1702193539,255
1702193539,32
1702193540,825
1702193541,698
1702193542,216
1702193543,288
1702193603,741
1702193663,125
1702197263,517
1702200863,117
1702200863,856
1702200863,775
1702200864,250
1702200864,59
1702200864,616
1702200869,43
1702200929,150
1702200989,108
1702204589,628
1702204594,167
1702204599,876
1702204604,975
1702204604,74
1702204605,426
1702204610,71
1702204612,758
1702204672,309
1702204674,111
1702204674,815
1702204675,17
1702204675,832
1702204675,104
1702204676,295
1702204676,434
1702204676,931
1702204686,135
1702204696,230
1702204696,499
1702204696,739
1702204756,821
1702204757,877
1702204758,257
1702204768,536
1702204769,459
1702204829,737
1702204834,175
1702204839,231
1702204840,416
1702204845,987
1702204845,321
1702204845,301
1702204845,206
1702204905,892
1702204965,13
1702204965,123
1702204965,115
1702204965,773
1702204970,535
1702204975,706
1702204975,239
1702208575,164
1702208577,399
1702208582,492
1702208592,686
1702208592,740
1702208592,722
1702208652,32
1702208653,368
1702208713,684
1702208773,907
1702208773,264
1702208833,207
1702212433,139
1702212434,894
1702212439,525
1702212439,869
1702216039,707
1702216041,530
1702216041,95
1702216041,642
1702216041,297
1702216101,841
1702216111,89
1702216171,821
1702216173,620
1702216174,13
1702216175,405
1702216176,44
1702216186,970
1702216187,998
1702216247,875
1702216247,134
1702216247,657
1702216249,940
1702216251,642
1702216251,966
1702216251,99
1702216311,200
1702216371,515
1702216431,743
1702216436,814
1702216496,854
1702216497,208
1702216499,368
1702216559,52
1702220159,581
1702220159,32
1702220164,249
1702223764,365
1702223764,886
1702223824,269
1702223825,592
1702223885,116
1702223886,946
1702223887,711
1702227487,900
1702227489,456
1702227489,276
1702227489,185
1702227491,884
1702227493,585
1702227495,659
1702227496,29
1702227498,286
1702227498,645
1702227498,257
1702227508,672
1702227508,229
1702227513,382
1702227513,719
1702227513,886
1702227523,946
1702231123,113
1702231183,955
1702231183,901
1702231185,27
1702231185,634
1702231187,157
1702231187,31
1702231187,306
1702231187,508
1702231197,346
1702231197,329
1702231202,724
1702231203,835
1702231203,61
1702231205,311
1702231205,981
1702231206,875
1702231206,414
1702231216,694
1702231216,537
1702231276,219
1702231276,50
1702231281,551
1702231282,599
1702234882,307
1702234882,56
1702234942,827
1702234942,764
1702234942,6
1702234943,209
1702234944,903
1702234944,276
1702234944,406
1702234944,213
1702234944,748
1702234944,421
1702234949,847
1702234951,370
1702238551,231
1702238561,923
1702238561,937
1702238562,833
1702238562,913
1702238562,645
1702238563,695
1702238563,634
1702238623,976
1702238623,607
1702238633,133
1702238693,667
1702238694,899
1702238704,629
1702238705,302
1702238705,150
1702238710,525
1702238710,653
1702238711,933
1702238721,592
1702238781,405
1702242381,803
1702242383,313
1702242384,593
1702242384,275
1702242394,757
1702242454,417
1702242454,660
1702246054,838
1702246114,1
1702246114,859
1702246116,900
1702246176,239
1702246178,269
1702246180,869
1702246180,850
1702246180,771
1702246180,54
1702246190,498
1702246190,14
1702246192,210
1702246197,933
1702246202,166
1702246203,171
1702246208,797
1702246208,582
1702246208,9
1702246218,983
1702246278,187
1702246279,87
1702246281,906
1702246281,103
1702246286,590
1702246287,864
1702246287,859
1702246292,959
1702246352,408
1702246357,727
1702246358,839
1702246359,611
1702246360,859
1702246370,775
1702246370,944
1702246370,928
1702246370,894
1702246370,787
1702246371,189
1702246376,747
1702246376,477
1702246377,418
1702246382,432
1702246392,104
1702246392,13
1702246402,914
1702250002,315
1702250002,672
1702250002,836
1702250003,466
1702250003,442
1702250004,730
1702250004,181
1702250005,346
1702250065,236
1702250075,65
1702250075,747
1702250076,412
1702250076,375
1702250086,907
1702250087,226
1702253687,828
1702253688,869
1702253689,694
1702253694,709
1702253699,343
1702253699,948
1702253699,65
1702253709,48
1702253710,63
1702253711,173
1702253716,957
1702253716,100
1702253776,640
1702257376,221
1702257376,898
1702257376,181
1702257376,992
1702257376,252
1702257376,897
1702257376,979
1702257376,395
1702257376,170
1702257386,190
1702257386,900
1702260986,360
1702260986,87
1702260988,315
1702260988,311
1702261048,153
1702261049,365
1702261049,987
1702261049,502
1702261049,579
1702261049,422
1702261050,42
1702261055,707
1702261056,209
1702261056,50
1702261057,550
1702261057,690
1702261057,233
1702261057,150
1702261062,697
1702261064,200
1702261065,980
1702261065,581
1702261066,715
1702261071,356
1702261071,410
1702261072,346
1702261077,466
1702261077,532
1702261082,239
1702261082,487
1702261083,318
1702261088,75
1702261098,947
1702261099,756
1702261099,693
1702261101,400
1702261102,372
1702261103,960
1702261103,688
1702261104,603
1702261104,223
1702264704,513
1702264705,979
1702264710,877
1702264710,106
1702264770,882
1702268370,933
1702268370,857
1702268370,515
1702268370,627
1702268380,460
1702268381,72
1702268382,891
1702268442,115
1702268442,664
1702272042,789
1702272042,32
1702272043,313
1702272103,818
1702272104,797
1702272104,940
1702272104,95
1702272109,138
1702272109,816
1702272114,413
1702272115,164
1702272125,522
1702272127,812
1702272137,57
1702272142,426
1702272147,742
1702272152,907
1702275752,7
1702275754,883
1702275759,338
1702275759,98
1702275819,240
1702275829,459
1702275839,822
1702275839,479
1702275849,798
1702275859,31
1702275860,274
1702279460,996
1702279460,633
1702279461,167
1702283061,746
1702283062,613
1702283067,470
1702283127,39
1702283128,22
1702283188,469
1702283188,266
1702283189,665
1702283191,781
1702283191,620
1702283192,39
1702283197,318
1702283197,736
1702283197,104
1702286797,400
1702286797,152
1702286798,787
1702286798,821
1702286799,421
1702286800,980
1702290400,628
1702290400,282
1702290400,221
1702290400,609
1702290401,290
1702290402,454
1702290404,468
1702290405,91
1702294005,937
1702294010,583
1702294020,700
1702294020,435
1702294025,215
1702294025,273
1702294025,915
1702294027,139
1702294029,467
1702294089,545
1702294089,91
1702294091,427
1702294092,370
1702294152,440
1702294152,416
1702294162,584
1702294167,793
1702294169,748
1702294169,73
1702294174,324
1702294174,82
1702297774,881
1702297775,319
1702297775,249
1702297780,216
1702297780,153
1702297782,860
1702297782,889
1702297792,386
1702301392,275
1702301393,361
1702301403,378
1702301403,902
1702301403,435
1702301408,612
1702301408,277
1702301418,291
1702301418,997
1702301418,790
1702301419,426
1702301419,162
1702301419,971
1702301429,721
1702301429,7
1702305029,614
1702305030,191
1702308630,697
1702308631,167
1702312231,877
1702312231,568
1702315831,466
1702315841,253
1702315841,610
1702315851,189
1702315861,948
1702315921,654
1702315926,341
1702315926,410
1702315926,975
1702315931,695
1702315932,896
1702315942,943
1702315952,418
1702315957,189
1702315957,22
1702315959,725
1702315959,528
1702315960,576
1702315960,346
1702315970,969
1702315970,554
1702316030,665
1702316031,83
1702319631,311
1702319631,334
1702319631,557
1702319632,949
1702319637,816
1702319647,460
1702319647,898
1702319652,51
1702319652,79
1702319654,452
1702319656,272
1702323256,124
1702323256,36
1702323256,57
1702323256,264
1702323266,558
1702323268,129
1702323268,217
1702326868,782
1702330468,26
1702330469,503
1702330469,594
1702330471,750
1702330472,763
1702330472,263
1702330472,211
1702330473,654
1702330473,616
1702330473,298
1702330474,414
1702334074,256
1702334134,603
1702334135,595
1702334195,143
1702337795,377
1702337795,83
1702337795,514
1702337800,953
1702337802,963
1702337802,711
1702337804,237
1702337804,386
1702337814,217
1702341414,449
1702341419,31
1702341420,533
1702341420,834
1702341480,101
1702341485,783
1702341490,355
1702341495,918
1702341495,14
1702345095,302
1702345095,150
1702348695,968
1702348700,509
1702348760,549
1702348760,502
1702348760,219
1702348765,664
1702348765,942
1702348765,443
1702348765,611
1702348767,132
1702348767,302
1702348767,503
1702352367,381
1702352369,234
1702352369,722
1702352370,513
1702352375,7
1702352375,879
1702352377,669
1702352378,514
1702352378,634
1702352379,57
1702352380,124
1702355980,731
1702355980,239
1702355980,863
1702355982,10
1702356042,465
1702356043,751
1702356044,41
1702356104,991
1702356114,70
1702356119,330
1702356121,991
1702356121,291
1702356121,754
1702356126,821
1702356127,4
1702356128,489
1702356129,101
1702356130,80
1702359730,829
1702359730,982
1702359790,580
1702359795,201
1702359795,842
1702359796,715
1702359798,386
1702359858,696
1702359860,485
1702359860,999
1702359861,674
1702359866,150
1702359868,564
1702359873,544
1702359878,918
1702359879,328
1702359881,406
1702359881,711
1702359941,340
1702359946,525
1702360006,278
1702360006,784
1702360006,717
1702360008,693
1702360018,363
1702360018,406
1702360018,343
1702360018,930
1702360028,214
1702360038,875
1702360039,349
1702360049,52
1702360049,815
1702360059,103
1702360059,445
1702360069,42
1702360129,401
1702363729,239
1702367329,814
1702367329,467
1702370929,207
1702370929,433
1702370929,209
1702370929,396
1702370930,991
1702370935,107
1702370935,77
1702370937,831
1702370938,580
1702370938,538
1702370939,471
1702370949,659
1702370954,836
1702370959,139
1702370961,365
1702370966,515
1702370971,161
1702370971,542
1702374571,672
1702374576,324
1702374636,344
1702378236,673
1702378236,610
1702378236,627
1702378236,74
1702378296,376
1702381896,328
1702381896,582
1702385496,86
1702385506,875
1702385506,397
1702385506,296
1702385506,485
1702385508,394
1702385518,169
1702385518,193
1702385523,198
1702385524,543
1702385534,228
1702385544,5
1702385554,823
1702385556,169
1702389156,885
1702389166,769
1702389166,435
1702389171,655
1702389171,835
1702389171,111
1702389181,928
1702389181,979
1702389181,750
1702389241,929
1702389251,112
1702389261,218
1702389262,762
1702389267,281
1702389272,369
1702389282,255
1702389287,653
1702389287,720
1702389292,982
1702389292,285
1702389292,982
1702392892,239
1702392892,230
1702392902,470
1702392903,740
1702392903,277
1702392903,929
1702392903,769
1702392903,469
1702392904,763
1702392964,157
1702392966,559
1702393026,784
1702393026,290
1702393027,387
1702393028,679
1702393028,61
1702393030,295
1702393040,201
1702393050,180
1702393060,259
1702393060,253
1702393070,832
1702393072,884
1702393132,983
1702393132,611
1702396732,864
1702396732,453
1702396733,884
1702396733,436
1702396734,471
1702396735,260
1702396735,761
1702396745,257
1702396746,240
1702396751,562
1702396751,294
1702396761,0
1702396761,136
1702396761,372
1702396761,410
1702396763,711
1702396763,623
1702396763,787
1702396764,321
1702396765,53
1702396765,715
1702396767,216
1702396767,641
1702396767,11
1702396767,63
1702396772,996
1702396772,316
1702396777,627
1702396777,663
1702396777,425
1702396777,873
1702396778,350
1702396779,918
1702396779,209
1702396779,865
1702396779,199
1702396779,244
1702396779,332
1702396781,435
1702396781,241
1702396781,176
1702396782,229
1702396792,44
1702396792,857
1702396797,458
1702396799,594
1702396809,810
1702396809,923
1702396809,820
1702396819,218
1702396819,858
1702396829,790
1702396829,11
1702396830,849
1702396835,299
1702396835,45
1702396837,107
1702396897,730
1702396898,341
1702396899,358
1702396900,783
1702396905,597
1702396915,628
1702396915,251
1702396915,939
1702396915,142
1702396917,49
1702400517,154
1702400518,887
1702400518,498
1702400519,528
1702400520,480
1702400530,186
1702400531,191
1702400531,199
1702400541,151
1702404141,21
1702404146,13
1702404146,49
1702404147,218
1702407747,376
1702407749,22
1702407809,92
1702407810,819
1702407815,481
1702411415,825
1702411415,518
1702411415,944
1702411425,346
1702411425,203
1702411426,353
1702411426,291
1702411428,329
1702415028,971
1702415033,921
1702415093,914
1702415103,664
1702415108,81
1702415109,176
1702415109,40
1702415109,49
1702415110,985
1702418710,583
1702418710,460
1702418711,558
1702418711,656
1702422311,1
1702422313,536
1702422314,69
1702422324,305
1702422384,383
1702422384,328
1702422389,804
1702422399,121
1702425999,292
1702426000,982
1702429600,637
1702429610,513
1702429610,531
1702429611,787
1702429612,339
1702429617,949
1702429617,354
1702429617,962
1702429677,8
1702429677,307
1702429677,412
1702429677,240
1702429678,130
1702429679,460
1702429684,278
1702433284,309
1702433284,705
1702436884,77
1702436884,923
1702436885,929
1702436885,106
1702436885,839
1702436885,936
1702436886,861
1702436891,314
1702436901,651
1702436901,797
1702436903,852
1702436963,346
1702436973,676
1702440573,391
1702440573,968
1702440633,420
1702440634,107
1702440634,934
1702440634,380
1702440634,813
1702444234,907
1702444244,705
1702444304,332
1702444364,519
1702444366,403
1702444367,409
1702444372,219
1702444432,116
1702444432,806
1702444437,567
1702444497,694
1702444499,696
1702444499,249
1702444504,635
1702448104,365
1702448104,109
1702448106,210
1702448106,35
1702448107,297
1702448112,140
1702448113,30
1702448118,54
1702448118,201
1702448118,282
1702448118,503
1702448119,117
1702448119,207
1702448119,132
1702448179,872
1702448181,654
1702451781,145
1702451781,525
1702455381,143
1702455382,309
1702455384,920
1702455385,731
1702455385,82
1702455386,421
1702455386,679
1702455446,221
1702455446,612
1702455446,962
1702455446,385
1702455446,455
1702455447,945
1702455448,170
1702455449,907
1702455451,453
1702455461,718
1702455462,905
1702455464,922
1702455465,482
1702455525,559
1702455530,81
1702455530,697
1702455590,844
1702455590,565
1702455590,172
1702455590,335
1702455591,943
1702455591,486
1702455591,120
1702455601,546
1702455611,302
1702455611,316
1702455612,922
1702455672,22
1702459272,383
1702462872,904
1702462877,523
1702462937,823
1702462937,821
1702462937,908
1702462997,38
1702462998,478
1702463058,155
1702463059,339
1702463059,319
1702463064,868
1702463074,222
1702463074,787
1702463075,888
1702463075,836
1702463075,330
1702463080,315
1702463140,181
1702463140,359
1702466740,141
1702466740,469
1702466740,201
1702466740,558
1702466740,90
1702466742,215
1702466742,534
1702466742,465
1702466743,982
1702466753,986
1702466763,5
1702466763,308
1702466773,210
1702466783,274
1702466784,540
1702466784,882
1702466785,273
1702466787,504
1702466787,431
1702466787,757
1702466787,749
1702466788,818
1702466848,315
1702466848,33
1702466858,930
1702466868,274
1702470468,928
1702470468,124
1702470468,874
1702470470,766
1702470470,340
1702470470,341
1702470471,517
1702470471,497
1702470531,396
1702470541,188
1702470541,610
1702470551,421
1702470561,560
1702470561,905
1702470571,560
1702470571,919
1702470572,237
1702470572,341
1702474172,243
1702474172,72
1702474182,461
1702474182,343
1702474182,801
1702474182,532
1702474182,55
1702474183,58
1702474183,40
1702474193,377
1702474194,600
1702474194,11
1702474194,652
1702474194,611
1702474204,884
1702474264,697
1702474265,581
1702474266,589
1702474266,906
1702474267,363
1702474268,150
1702474278,688
1702477878,487
1702477938,676
1702477938,343
1702477938,677
1702481538,789
1702485138,723
1702485139,829
1702485140,809
1702485140,322
1702485140,266
1702485140,467
1702488740,987
1702488740,655
1702488740,532
1702488740,522
1702488742,834
1702488742,810
1702488802,2
1702488802,266
1702488862,951
1702488862,228
1702488867,171
1702488872,147
1702488872,628
1702488872,309
1702488874,788
1702488876,656
1702488876,130
1702488886,722
1702488888,296
1702488888,985
1702488893,177
1702488893,439
1702488893,311
1702488895,444
1702488895,610
1702488896,323
1702488896,90
1702488897,5
1702488902,803
1702488902,636
1702492502,950
1702492507,174
1702492507,193
1702492508,676
1702492508,483
1702492510,187
1702492510,460
1702492510,41
1702492570,512
1702492570,371
1702492570,584
1702492572,206
1702492573,999
1702492583,91
1702492583,414
1702492643,322
1702492653,181
1702492663,587
1702492664,736
1702492724,422
1702492724,256
1702492725,575
1702492725,266
1702496325,211
1702496326,734
1702496326,432
1702496326,299
1702496336,336
1702499936,627
1702499936,249
1702499941,339
1702499941,548
1702499941,464
1702499941,553
1702503541,510
1702503543,164
1702507143,522
1702507148,426
1702507153,467
1702507153,134
1702507213,307
1702507214,281
1702507215,602
1702510815,295
1702510815,340
1702514415,868
1702514475,825
1702514475,129
1702514476,948
1702514476,124
1702514476,315
1702514478,463
1702514478,851
1702514488,202
1702514498,726
1702514558,192
1702514563,548
1702514563,280
1702514563,222
1702518163,506
1702518163,650
1702518164,197
1702521764,50
1702521764,587
1702521769,400
1702521771,484
1702521771,401
1702521772,642
1702521773,798
1702521783,219
1702521784,11
1702521844,853
1702521845,768
1702525445,898
1702525445,630
1702525447,854
1702525448,475
1702525448,86
1702525458,918
1702525458,282
1702525458,967
1702525458,1000
1702525468,777
1702525470,960
1702525470,536
1702525475,592
1702525475,159
1702525476,862
1702525477,428
1702525478,572
1702525480,337
1702525540,148
1702525540,891
1702525600,567
1702525600,106
1702525600,57
1702525602,595
1702525603,283
1702525613,3
1702525614,832
1702525614,680
1702525624,923
1702525625,992
1702525625,423
1702525625,31
1702525626,405
1702525626,50
1702525626,318
1702525631,27
1702525691,475
1702529291,980
1702529291,444
1702529292,453
1702529302,882
1702532902,244
1702536502,230
1702540102,200
1702543702,495
1702543704,76
1702543705,879
1702543707,814
1702543708,53
1702543713,816
1702543715,860
1702543715,174
1702543716,113
1702543717,924
1702543727,177
1702543732,49
1702543737,364
1702543738,931
1702543739,983
1702543739,902
1702543744,85
1702543744,35
1702543804,490
1702547404,28
1702547406,582
1702547416,198
1702547416,157
1702547418,886
1702547419,288
1702547419,833
1702547419,309
1702547420,21
1702547421,550
1702547421,731
1702547481,476
1702547483,918
1702547483,98
1702547488,27
1702547488,667
1702547489,918
1702547549,118
1702547554,361
1702547614,543
1702547616,723
1702547676,165
1702547681,864
1702547681,434
1702547741,476
1702547741,49
1702547742,276
1702547744,59
1702547804,313
1702547814,42
1702547814,741
1702547814,189
1702547814,826
1702551414,114
1702551416,107
1702551416,680
1702551418,603
1702551418,641
1702551418,145
1702551418,69
1702551423,129
1702551423,49
1702551423,797
1702551428,275
1702551429,809
1702551429,409
1702551439,355
1702555039,265
1702555039,708
1702555039,381
1702555040,721
1702558640,118
1702558700,228
1702558700,560
1702558700,5
1702558700,918
1702558702,788
1702558702,926
1702558704,197
1702558705,644
1702558706,973
1702558708,779
1702558708,936
1702558708,915
1702558708,517
1702558708,745
1702558708,334
1702558710,750
1702558710,884
1702558710,955
1702558770,155
1702558830,766
1702558831,447
1702558831,545
1702558831,997
1702558891,603
1702558891,49
1702558896,48
1702558898,315
1702558898,908
1702558899,401
1702558904,16
1702558904,74
1702558909,72
1702558909,932
1702558914,113
1702558915,114
1702558916,253
1702558918,618
1702558919,488
1702558919,88
1702558919,427
1702558919,890
1702558921,714
1702558921,715
1702562521,384
1702566121,835
1702566126,348
1702569726,365
1702573326,222
1702573326,539
1702573327,161
1702573327,789
1702573327,110
1702573328,926
1702573328,372
1702573328,933
1702573328,463
1702573328,621
1702573328,22
1702573333,7
1702576933,319
1702576943,661
1702576943,205
1702576943,602
1702576943,493
1702576943,230
1702576943,397
1702576945,429
1702576945,271
1702576945,494
1702576950,794
1702576950,42
1702576950,485
1702576955,570
1702576957,799
1702576957,432
1702576957,44
1702576957,60
1702580557,731
1702580567,627
1702580627,27
1702580627,303
1702580627,246
1702580629,807
1702580629,914
1702580629,579
1702580689,313
1702580694,468
1702580694,596
1702580754,531
1702580755,573
1702580760,878
1702580762,245
1702580763,724
1702580773,617
1702580774,203
1702580776,848
1702580777,2
1702580777,503
1702580779,863
1702580789,771
1702580794,993
1702580795,103
1702580797,958
1702580799,379
1702580799,371
1702580799,106
1702580799,690
1702580801,631
1702580802,578
1702580802,92
1702580802,88
1702580807,138
1702580812,104
1702580813,152
1702580813,136
1702580813,667
1702580813,454
1702580813,814
1702580813,873
1702580814,649
1702580824,355
1702580824,523
1702580825,883
1702580825,419
1702580825,859
1702580827,243
1702580837,391
1702580837,232
1702580839,922
1702580844,611
1702580844,415
1702580844,290
1702580845,749
1702584445,118
1702584445,943
1702584447,74
1702584447,915
1702584447,91
1702584448,174
1702584449,965
1702584449,295
1702584451,149
1702584451,746
1702584456,422
1702584457,874
1702584467,248
1702584467,250
1702584467,546
1702584467,203
1702584467,541
1702584468,834
1702584473,186
1702584473,46
1702584474,42
1702584474,182
1702584534,821
1702584535,835
1702584535,348
1702584536,409
1702584596,750
1702584656,777
1702584657,576
1702588257,344
1702588257,917
1702588259,946
1702588259,907
1702588319,741
1702588329,16
1702588334,234
1702588335,522
1702591935,17
1702591995,939
1702592005,661
1702595605,146
1702595610,709
1702595612,994
1702595613,390
1702595673,510
1702595673,300
1702595673,154
1702595673,438
1702595673,602
1702595673,907
1702595678,993
1702595678,237
1702595678,582
1702595688,657
1702595688,984
1702595688,304
1702595690,91
1702595695,927
1702595700,811
1702599300,289
1702599310,921
1702599310,946
1702599310,275
1702599320,822
1702599320,614
1702599320,226
1702599330,356
1702599330,137
1702602930,885
1702602930,218
1702602931,386
1702602932,269
1702602937,237
1702602937,986
1702602937,41
1702602937,146
1702602937,972
1702602938,273
1702602948,246
1702602949,955
1702602949,509
1702603009,51
1702603011,44
1702603011,866
1702603021,984
1702603081,479
1702603081,370
1702603082,549
1702603087,76
1702603087,117
1702606687,833
1702606687,661
1702606687,794
1702606687,153
1702606687,392
1702606687,610
1702606747,203
1702606749,665
1702606809,490
1702606809,917
1702606810,143
1702606870,290
1702606870,332
1702606870,449
1702606870,865
1702606870,49
1702606872,816
1702606872,499
1702606873,448
1702606933,756
1702606933,462
1702606934,316
1702610534,474
1702610544,915
1702610544,184
1702610544,402
1702610544,734
1702610545,693
1702610545,750
1702614145,426
1702614146,525
1702614146,50
1702614146,924
1702614146,200
1702614146,161
1702614146,561
1702614148,141
1702614208,567
1702614213,589
1702614213,734
1702614213,858
1702614213,109
1702614273,397
1702614274,251
1702614284,387
1702614285,995
1702614345,476
1702614345,227
1702614405,811
1702614407,499
1702614409,626
1702614409,944
1702614409,75
1702614410,312
1702614411,238
1702614412,670
1702614412,364
1702614413,203
1702614473,660
1702614483,891
1702614483,198
1702614488,59
1702614488,604
1702614548,995
1702614550,36
1702614550,465
1702614550,377
1702614552,815
1702614553,811
1702614553,17
1702614554,724
1702614554,872
1702614555,958
1702614555,874
1702614555,917
1702614555,17
1702614565,936
1702614566,691
1702614571,297
1702618171,844
1702618171,71
1702618231,622
1702618231,143
1702618231,741
1702618236,425
1702618237,941
1702621837,484
1702621837,806
1702621838,713
1702621838,626
1702621848,56
1702621848,36
1702621848,979
1702621848,369
1702621849,290
1702621850,299
1702621850,487
1702625450,480
1702625455,949
1702625465,740
1702625465,316
1702629065,42
1702629065,372
1702629125,670
1702629127,551
1702629127,736
1702629127,666
1702632727,849
1702632727,458
1702632737,316
1702636337,67
1702636339,480
1702636340,32
1702636341,224
1702636346,368
1702636356,985
1702636416,730
1702636418,202
1702636419,263
1702636420,823
1702636422,291
1702636432,404
1702636432,682
1702636492,847
1702636492,418
1702640092,647
1702640152,587
1702640157,989
1702640217,433
1702640227,965
1702640227,761
1702640227,701
1702640227,528
1702640287,394
1702640292,168
1702640292,168
1702640297,398
1702640299,488
1702640300,668
1702640300,142
1702640300,222
1702640300,384
1702640300,613
1702640360,432
1702640361,922
1702640363,644
1702640423,230
1702640423,933
1702640483,209
1702640483,180
1702644083,60
1702644083,132
1702644084,29
1702644144,550
1702644204,526
1702644205,892
1702644215,654
1702644215,514
1702644215,15
1702647815,924
1702647815,470
1702647815,109
1702647875,921
1702647875,60
1702651475,775
1702651535,179
1702651535,569
1702651536,120
1702651541,747
1702651546,209
1702651547,345
1702651549,857
1702651549,19
1702651551,145
1702651551,914
1702651561,237
1702651562,979
1702651622,404
1702651622,966
1702651624,282
1702655224,406
1702655284,799
1702655344,382
1702655354,148
1702655355,428
1702655357,119
1702655367,79
1702655367,96
1702655367,659
1702655377,597
1702655437,460
1702655438,914
1702655438,586
1702655439,488
1702655440,357
1702655442,196
1702655442,475
1702655443,971
1702655443,803
1702655443,33
1702655445,595
1702655446,204
1702655506,254
1702655511,254
1702655516,346
1702655518,186
1702655518,142
1702655518,565
1702655519,638
1702655520,735
1702655520,612
1702655520,656
1702655580,251
1702655581,584
1702659181,580
1702659181,280
1702659182,516
1702659182,1000
1702659183,581
1702659184,275
1702659184,175
1702659244,745
1702659245,87
1702662845,701
1702662847,15
1702662907,346
1702662917,110
1702662922,253
1702662922,873
1702662923,192
1702662933,457
1702666533,756
1702666533,401
1702666534,911
1702666536,380
1702666536,659
1702670136,114
1702670138,628
1702670138,881
1702670143,711
1702670143,538
1702670203,620
1702670205,558
1702670205,297
1702670206,423
1702670208,93
1702670218,455
1702670220,737
1702670220,601
1702670225,26
1702670225,385
1702670285,846
1702670290,602
1702670291,299
1702670291,189
1702670293,46
1702670298,777
1702670303,289
1702670303,493
1702670303,851
1702670303,787
1702670303,177
1702670363,143
1702670364,892
1702670374,595
1702670375,134
1702670377,628
1702670379,759
1702670439,780
1702670439,446
1702670499,767
1702670504,282
1702670504,304
1702670514,329
1702670514,744
1702670515,434
1702670517,4
1702670517,234
1702670517,19
1702670519,11
1702670519,590
1702670579,52
1702674179,796
1702674189,273
1702674190,361
1702674200,929
1702674200,597
1702674201,828
1702674201,496
1702674202,589
1702674203,42
1702674203,787
1702677803,147
1702677804,113
1702677804,148
1702677804,274
1702677804,506
1702681404,908
1702681405,374
1702681415,402
1702681415,636
1702685015,586
1702685016,178
1702685076,438
1702685136,114
1702685141,213
1702685151,237
1702685156,900
1702685158,936
1702685158,440
1702685159,155
1702688759,402
1702688759,654
1702688760,146
1702688761,914
1702688761,471
1702688762,773
1702688822,22
1702692422,325
1702692423,814
1702692423,633
1702692483,985
1702692485,355
1702692485,169
1702692495,27
1702692505,508
1702692510,557
1702692511,967
1702692571,401
1702692572,302
1702692573,350
1702692573,361
1702692574,846
1702696174,69
1702696175,713
1702699775,756
1702699775,385
1702699775,619
1702699775,105
1702699775,424
1702699785,248
1702699785,648
1702699785,555
1702703385,494
1702703385,172
1702703385,880
1702703385,915
1702703385,943
1702703395,897
1702703455,275
1702703455,689
1702703455,933
1702703455,809
1702703456,565
1702703458,626
1702703460,752
1702703460,724
1702703462,801
1702707062,796
1702707122,26
1702707124,312
1702707124,177
1702707134,362
1702710734,807
1702710734,863
1702710736,291
1702714336,76
1702714336,125
1702714341,766
1702714341,146
1702714341,342
1702714343,430
1702714348,501
1702714349,293
1702714349,780
1702714351,268
1702714361,102
1702714361,616
1702714363,528
1702714363,244
1702714363,820
1702714363,304
1702714368,720
1702714369,512
1702714429,31
1702714439,495
1702714439,287
1702714439,17
1702714439,515
1702714439,767
1702714439,156
1702714440,884
1702714441,122
1702714441,107
1702714443,595
1702714443,721
1702714448,260
1702714508,893
1702714510,146
1702714510,581
1702714510,368
1702714510,225
1702714512,363
1702714517,801
1702714517,845
1702714519,961
1702714519,518
1702714524,442
1702714529,64
1702718129,586
1702718129,605
1702718139,425
1702718140,576
1702718141,243
1702718142,371
1702718142,44
1702721742,372
1702721742,322
1702721743,364
1702721745,790
1702721750,424
1702721750,758
1702721750,635
1702721810,176
1702721820,248
1702721820,881
1702725420,534
1702725480,246
1702729080,178
1702729082,972
1702729082,106
1702729082,279
1702729087,576
1702729087,51
1702732687,956
1702732687,708
1702732687,878
1702732687,463
1702732687,682
1702732687,163
1702732692,876
1702732697,341
1702736297,618
1702736297,277
1702736298,903
1702736300,648
1702736302,984
1702736362,186
1702736362,967
1702739962,567
1702739962,785
1702740022,299
1702740024,34
1702740026,309
1702740026,845
1702740031,196
1702740031,247
1702740031,250
1702740036,829
1702740046,129
1702740046,957
1702743646,950
1702743706,161
1702743716,267
1702743716,203
1702743718,952
1702743720,725
1702743721,506
1702743731,783
1702743791,584
1702743792,126
1702743793,513
1702743793,549
1702743794,510
1702743795,261
1702747395,389
1702747396,456
1702747456,957
1702747461,262
1702747462,314
1702747462,841
1702747462,215
1702747462,167
1702747472,148
1702751072,760
1702751074,841
