idx,val
0,7
1,13
2,19
3,25
4,31
5,37
6,43
7,49
8,55
9,61
10,67
11,73
12,79
13,85
14,91
15,97
16,103
17,109
18,115
19,121
20,127
21,133
22,139
23,145
24,151
25,157
26,163
27,169
28,175
29,181
30,187
31,193
32,199
33,205
34,211
35,217
36,223
37,229
38,235
39,241
40,247
41,253
42,259
43,265
44,271
45,277
46,283
47,289
48,295
49,301
50,307
51,313
52,319
53,325
54,331
55,337
56,343
57,349
58,355
59,361
60,367
61,373
62,379
63,385
64,391
65,397
66,403
67,409
68,415
69,421
70,427
71,433
72,439
73,445
74,451
75,457
76,463
77,469
78,475
79,481
80,487
81,493
82,499
83,505
84,511
85,517
86,523
87,529
88,535
89,541
90,547
91,553
92,559
93,565
94,571
95,577
96,583
97,589
98,595
99,601
100,607
101,613
102,619
103,625
104,631
105,637
106,643
107,649
108,655
109,661
110,667
111,673
112,679
113,685
114,691
115,697
116,703
117,709
118,715
119,721
120,727
121,733
122,739
123,745
124,751
125,757
126,763
127,769
128,775
129,781
130,787
131,793
132,799
133,805
134,811
135,817
136,823
137,829
138,835
139,841
140,847
141,853
142,859
143,865
144,871
145,877
146,883
147,889
148,895
149,901
150,907
151,913
152,919
153,925
154,931
155,937
156,943
157,949
158,955
159,961
160,967
161,973
162,979
163,985
164,991
165,997
166,1003
167,1009
168,1015
169,1021
170,1027
171,1033
172,1039
173,1045
174,1051
175,1057
176,1063
177,1069
178,1075
179,1081
180,1087
181,1093
182,1099
183,1105
184,1111
185,1117
186,1123
187,1129
188,1135
189,1141
190,1147
191,1153
192,1159
193,1165
194,1171
195,1177
196,1183
197,1189
198,1195
199,1201
200,1207
201,1213
202,1219
203,1225
204,1231
205,1237
206,1243
207,1249
208,1255
209,1261
210,1267
211,1273
212,1279
213,1285
214,1291
215,1297
216,1303
217,1309
218,1315
219,1321
220,1327
221,1333
222,1339
223,1345
224,1351
225,1357
226,1363
227,1369
228,1375
229,1381
230,1387
231,1393
232,1399
233,1405
234,1411
235,1417
236,1423
237,1429
238,1435
239,1441
240,1447
241,1453
242,1459
243,1465
244,1471
245,1477
246,1483
247,1489
248,1495
249,1501
250,1507
251,1513
252,1519
253,1525
254,1531
255,1537
256,1543
257,1549
258,1555
259,1561
260,1567
261,1573
262,1579
263,1585
264,1591
265,1597
266,1603
267,1609
268,1615
269,1621
270,1627
271,1633
272,1639
273,1645
274,1651
275,1657
276,1663
277,1669
278,1675
279,1681
280,1687
281,1693
282,1699
283,1705
284,1711
285,1717
286,1723
287,1729
288,1735
289,1741
290,1747
291,1753
292,1759
293,1765
294,1771
295,1777
296,1783
297,1789
298,1795
299,1801
300,1807
301,1813
302,1819
303,1825
304,1831
305,1837
306,1843
307,1849
308,1855
309,1861
310,1867
311,1873
312,1879
313,1885
314,1891
315,1897
316,1903
317,1909
318,1915
319,1921
320,1927
321,1933
322,1939
323,1945
324,1951
325,1957
326,1963
327,1969
328,1975
329,1981
330,1987
331,1993
332,1999
333,2005
334,2011
335,2017
336,2023
337,2029
338,2035
339,2041
340,2047
341,2053
342,2059
343,2065
344,2071
345,2077
346,2083
347,2089
348,2095
349,2101
350,2107
351,2113
352,2119
353,2125
354,2131
355,2137
356,2143
357,2149
358,2155
359,2161
360,2167
361,2173
362,2179
363,2185
364,2191
365,2197
366,2203
367,2209
368,2215
369,2221
370,2227
371,2233
372,2239
373,2245
374,2251
375,2257
376,2263
377,2269
378,2275
379,2281
380,2287
381,2293
382,2299
383,2305
384,2311
385,2317
386,2323
387,2329
388,2335
389,2341
390,2347
391,2353
392,2359
393,2365
394,2371
395,2377
396,2383
397,2389
398,2395
399,2401
400,2407
401,2413
402,2419
403,2425
404,2431
405,2437
406,2443
407,2449
408,2455
409,2461
410,2467
411,2473
412,2479
413,2485
414,2491
415,2497
416,2503
417,2509
418,2515
419,2521
420,2527
421,2533
422,2539
423,2545
424,2551
425,2557
426,2563
427,2569
428,2575
429,2581
430,2587
431,2593
432,2599
433,2605
434,2611
435,2617
436,2623
437,2629
438,2635
439,2641
440,2647
441,2653
442,2659
443,2665
444,2671
445,2677
446,2683
447,2689
448,2695
449,2701
450,2707
451,2713
452,2719
453,2725
454,2731
455,2737
456,2743
457,2749
458,2755
459,2761
460,2767
461,2773
462,2779
463,2785
464,2791
465,2797
466,2803
467,2809
468,2815
469,2821
470,2827
471,2833
472,2839
473,2845
474,2851
475,2857
476,2863
477,2869
478,2875
479,2881
480,2887
481,2893
482,2899
483,2905
484,2911
485,2917
486,2923
487,2929
488,2935
489,2941
490,2947
491,2953
492,2959
493,2965
494,2971
495,2977
496,2983
497,2989
498,2995
499,3001
500,3007
501,3013
502,3019
503,3025
504,3031
505,3037
506,3043
507,3049
508,3055
509,3061
510,3067
511,3073
512,3079
513,3085
514,3091
515,3097
516,3103
517,3109
518,3115
519,3121
520,3127
521,3133
522,3139
523,3145
524,3151
525,3157
526,3163
527,3169
528,3175
529,3181
530,3187
531,3193
532,3199
533,3205
534,3211
535,3217
536,3223
537,3229
538,3235
539,3241
540,3247
541,3253
542,3259
543,3265
544,3271
545,3277
546,3283
547,3289
548,3295
549,3301
550,3307
551,3313
552,3319
553,3325
554,3331
555,3337
556,3343
557,3349
558,3355
559,3361
560,3367
561,3373
562,3379
563,3385
564,3391
565,3397
566,3403
567,3409
568,3415
569,3421
570,3427
571,3433
572,3439
573,3445
574,3451
575,3457
576,3463
577,3469
578,3475
579,3481
580,3487
581,3493
582,3499
583,3505
584,3511
585,3517
586,3523
587,3529
588,3535
589,3541
590,3547
591,3553
592,3559
593,3565
594,3571
595,3577
596,3583
597,3589
598,3595
599,3601
600,3607
601,3613
602,3619
603,3625
604,3631
605,3637
606,3643
607,3649
608,3655
609,3661
610,3667
611,3673
612,3679
613,3685
614,3691
615,3697
616,3703
617,3709
618,3715
619,3721
620,3727
621,3733
622,3739
623,3745
624,3751
625,3757
626,3763
627,3769
628,3775
629,3781
630,3787
631,3793
632,3799
633,3805
634,3811
635,3817
636,3823
637,3829
638,3835
639,3841
640,3847
641,3853
642,3859
643,3865
644,3871
645,3877
646,3883
647,3889
648,3895
649,3901
650,3907
651,3913
652,3919
653,3925
654,3931
655,3937
656,3943
657,3949
658,3955
659,3961
660,3967
661,3973
662,3979
663,3985
664,3991
665,3997
666,4003
667,4009
668,4015
669,4021
670,4027
671,4033
672,4039
673,4045
674,4051
675,4057
676,4063
677,4069
678,4075
679,4081
680,4087
681,4093
682,4099
683,4105
684,4111
685,4117
686,4123
687,4129
688,4135
689,4141
690,4147
691,4153
692,4159
693,4165
694,4171
695,4177
696,4183
697,4189
698,4195
699,4201
700,4207
701,4213
702,4219
703,4225
704,4231
705,4237
706,4243
707,4249
708,4255
709,4261
710,4267
711,4273
712,4279
713,4285
714,4291
715,4297
716,4303
717,4309
718,4315
719,4321
720,4327
721,4333
722,4339
723,4345
724,4351
725,4357
726,4363
727,4369
728,4375
729,4381
730,4387
731,4393
732,4399
733,4405
734,4411
735,4417
736,4423
737,4429
738,4435
739,4441
740,4447
741,4453
742,4459
743,4465
744,4471
745,4477
746,4483
747,4489
748,4495
749,4501
750,4507
751,4513
752,4519
753,4525
754,4531
755,4537
756,4543
757,4549
758,4555
759,4561
760,4567
761,4573
762,4579
763,4585
764,4591
765,4597
766,4603
767,4609
768,4615
769,4621
770,4627
771,4633
772,4639
773,4645
774,4651
775,4657
776,4663
777,4669
778,4675
779,4681
780,4687
781,4693
782,4699
783,4705
784,4711
785,4717
786,4723
787,4729
788,4735
789,4741
790,4747
791,4753
792,4759
793,4765
794,4771
795,4777
796,4783
797,4789
798,4795
799,4801
800,4807
801,4813
802,4819
803,4825
804,4831
805,4837
806,4843
807,4849
808,4855
809,4861
810,4867
811,4873
812,4879
813,4885
814,4891
815,4897
816,4903
817,4909
818,4915
819,4921
820,4927
821,4933
822,4939
823,4945
824,4951
825,4957
826,4963
827,4969
828,4975
829,4981
830,4987
831,4993
832,4999
833,5005
834,5011
835,5017
836,5023
837,5029
838,5035
839,5041
840,5047
841,5053
842,5059
843,5065
844,5071
845,5077
846,5083
847,5089
848,5095
849,5101
850,5107
851,5113
852,5119
853,5125
854,5131
855,5137
856,5143
857,5149
858,5155
859,5161
860,5167
861,5173
862,5179
863,5185
864,5191
865,5197
866,5203
867,5209
868,5215
869,5221
870,5227
871,5233
872,5239
873,5245
874,5251
875,5257
876,5263
877,5269
878,5275
879,5281
880,5287
881,5293
882,5299
883,5305
884,5311
885,5317
886,5323
887,5329
888,5335
889,5341
890,5347
891,5353
892,5359
893,5365
894,5371
895,5377
896,5383
897,5389
898,5395
899,5401
900,5407
901,5413
902,5419
903,5425
904,5431
905,5437
906,5443
907,5449
908,5455
909,5461
910,5467
911,5473
912,5479
913,5485
914,5491
915,5497
916,5503
917,5509
918,5515
919,5521
920,5527
921,5533
922,5539
923,5545
924,5551
925,5557
926,5563
927,5569
928,5575
929,5581
930,5587
931,5593
932,5599
933,5605
934,5611
935,5617
936,5623
937,5629
938,5635
939,5641
940,5647
941,5653
942,5659
943,5665
944,5671
945,5677
946,5683
947,5689
948,5695
949,5701
950,5707
951,5713
952,5719
953,5725
954,5731
955,5737
956,5743
957,5749
958,5755
959,5761
960,5767
961,5773
962,5779
963,5785
964,5791
965,5797
966,5803
967,5809
968,5815
969,5821
970,5827
971,5833
972,5839
973,5845
974,5851
975,5857
976,5863
977,5869
978,5875
979,5881
980,5887
981,5893
982,5899
983,5905
984,5911
985,5917
986,5923
987,5929
988,5935
989,5941
990,5947
991,5953
992,5959
993,5965
994,5971
995,5977
996,5983
997,5989
998,5995
999,6001
1000,6007
1001,6013
1002,6019
1003,6025
1004,6031
1005,6037
1006,6043
1007,6049
1008,6055
1009,6061
1010,6067
1011,6073
1012,6079
1013,6085
1014,6091
1015,6097
1016,6103
1017,6109
1018,6115
1019,6121
1020,6127
1021,6133
1022,6139
1023,6145
1024,6151
1025,6157
1026,6163
1027,6169
1028,6175
1029,6181
1030,6187
1031,6193
1032,6199
1033,6205
1034,6211
1035,6217
1036,6223
1037,6229
1038,6235
1039,6241
1040,6247
1041,6253
1042,6259
1043,6265
1044,6271
1045,6277
1046,6283
1047,6289
1048,6295
1049,6301
1050,6307
1051,6313
1052,6319
1053,6325
1054,6331
1055,6337
1056,6343
1057,6349
1058,6355
1059,6361
1060,6367
1061,6373
1062,6379
1063,6385
1064,6391
1065,6397
1066,6403
1067,6409
1068,6415
1069,6421
1070,6427
1071,6433
1072,6439
1073,6445
1074,6451
1075,6457
1076,6463
1077,6469
1078,6475
1079,6481
1080,6487
1081,6493
1082,6499
1083,6505
1084,6511
1085,6517
1086,6523
1087,6529
1088,6535
1089,6541
1090,6547
1091,6553
1092,6559
1093,6565
1094,6571
1095,6577
1096,6583
1097,6589
1098,6595
1099,6601
1100,6607
1101,6613
1102,6619
1103,6625
1104,6631
1105,6637
1106,6643
1107,6649
1108,6655
1109,6661
1110,6667
1111,6673
1112,6679
1113,6685
1114,6691
1115,6697
1116,6703
1117,6709
1118,6715
1119,6721
1120,6727
1121,6733
1122,6739
1123,6745
1124,6751
1125,6757
1126,6763
1127,6769
1128,6775
1129,6781
1130,6787
1131,6793
1132,6799
1133,6805
1134,6811
1135,6817
1136,6823
1137,6829
1138,6835
1139,6841
1140,6847
1141,6853
1142,6859
1143,6865
1144,6871
1145,6877
1146,6883
1147,6889
1148,6895
1149,6901
1150,6907
1151,6913
1152,6919
1153,6925
1154,6931
1155,6937
1156,6943
1157,6949
1158,6955
1159,6961
1160,6967
1161,6973
1162,6979
1163,6985
1164,6991
1165,6997
1166,7003
1167,7009
1168,7015
1169,7021
1170,7027
1171,7033
1172,7039
1173,7045
1174,7051
1175,7057
1176,7063
1177,7069
1178,7075
1179,7081
1180,7087
1181,7093
1182,7099
1183,7105
1184,7111
1185,7117
1186,7123
1187,7129
1188,7135
1189,7141
1190,7147
1191,7153
1192,7159
1193,7165
1194,7171
1195,7177
1196,7183
1197,7189
1198,7195
1199,7201
1200,7207
1201,7213
1202,7219
1203,7225
1204,7231
1205,7237
1206,7243
1207,7249
1208,7255
1209,7261
1210,7267
1211,7273
1212,7279
1213,7285
1214,7291
1215,7297
1216,7303
1217,7309
1218,7315
1219,7321
1220,7327
1221,7333
1222,7339
1223,7345
1224,7351
1225,7357
1226,7363
1227,7369
1228,7375
1229,7381
1230,7387
1231,7393
1232,7399
1233,7405
1234,7411
1235,7417
1236,7423
1237,7429
1238,7435
1239,7441
1240,7447
1241,7453
1242,7459
1243,7465
1244,7471
1245,7477
1246,7483
1247,7489
1248,7495
1249,7501
1250,7507
1251,7513
1252,7519
1253,7525
1254,7531
1255,7537
1256,7543
1257,7549
1258,7555
1259,7561
1260,7567
1261,7573
1262,7579
1263,7585
1264,7591
1265,7597
1266,7603
1267,7609
1268,7615
1269,7621
1270,7627
1271,7633
1272,7639
1273,7645
1274,7651
1275,7657
1276,7663
1277,7669
1278,7675
1279,7681
1280,7687
1281,7693
1282,7699
1283,7705
1284,7711
1285,7717
1286,7723
1287,7729
1288,7735
1289,7741
1290,7747
1291,7753
1292,7759
1293,7765
1294,7771
1295,7777
1296,7783
1297,7789
1298,7795
1299,7801
1300,7807
1301,7813
1302,7819
1303,7825
1304,7831
1305,7837
1306,7843
1307,7849
1308,7855
1309,7861
1310,7867
1311,7873
1312,7879
1313,7885
1314,7891
1315,7897
1316,7903
1317,7909
1318,7915
1319,7921
1320,7927
1321,7933
1322,7939
1323,7945
1324,7951
1325,7957
1326,7963
1327,7969
1328,7975
1329,7981
1330,7987
1331,7993
1332,7999
1333,8005
1334,8011
1335,8017
1336,8023
1337,8029
1338,8035
1339,8041
1340,8047
1341,8053
1342,8059
1343,8065
1344,8071
1345,8077
1346,8083
1347,8089
1348,8095
1349,8101
1350,8107
1351,8113
1352,8119
1353,8125
1354,8131
1355,8137
1356,8143
1357,8149
1358,8155
1359,8161
1360,8167
1361,8173
1362,8179
1363,8185
1364,8191
1365,8197
1366,8203
1367,8209
1368,8215
1369,8221
1370,8227
1371,8233
1372,8239
1373,8245
1374,8251
1375,8257
1376,8263
1377,8269
1378,8275
1379,8281
1380,8287
1381,8293
1382,8299
1383,8305
1384,8311
1385,8317
1386,8323
1387,8329
1388,8335
1389,8341
1390,8347
1391,8353
1392,8359
1393,8365
1394,8371
1395,8377
1396,8383
1397,8389
1398,8395
1399,8401
1400,8407
1401,8413
1402,8419
1403,8425
1404,8431
1405,8437
1406,8443
1407,8449
1408,8455
1409,8461
1410,8467
1411,8473
1412,8479
1413,8485
1414,8491
1415,8497
1416,8503
1417,8509
1418,8515
1419,8521
1420,8527
1421,8533
1422,8539
1423,8545
1424,8551
1425,8557
1426,8563
1427,8569
1428,8575
1429,8581
1430,8587
1431,8593
1432,8599
1433,8605
1434,8611
1435,8617
1436,8623
1437,8629
1438,8635
1439,8641
1440,8647
1441,8653
1442,8659
1443,8665
1444,8671
1445,8677
1446,8683
1447,8689
1448,8695
1449,8701
1450,8707
1451,8713
1452,8719
1453,8725
1454,8731
1455,8737
1456,8743
1457,8749
1458,8755
1459,8761
1460,8767
1461,8773
1462,8779
1463,8785
1464,8791
1465,8797
1466,8803
1467,8809
1468,8815
1469,8821
1470,8827
1471,8833
1472,8839
1473,8845
1474,8851
1475,8857
1476,8863
1477,8869
1478,8875
1479,8881
1480,8887
1481,8893
1482,8899
1483,8905
1484,8911
1485,8917
1486,8923
1487,8929
1488,8935
1489,8941
1490,8947
1491,8953
1492,8959
1493,8965
1494,8971
1495,8977
1496,8983
1497,8989
1498,8995
1499,9001
1500,9007
1501,9013
1502,9019
1503,9025
1504,9031
1505,9037
1506,9043
1507,9049
1508,9055
1509,9061
1510,9067
1511,9073
1512,9079
1513,9085
1514,9091
1515,9097
1516,9103
1517,9109
1518,9115
1519,9121
1520,9127
1521,9133
1522,9139
1523,9145
1524,9151
1525,9157
1526,9163
1527,9169
1528,9175
1529,9181
1530,9187
1531,9193
1532,9199
1533,9205
1534,9211
1535,9217
1536,9223
1537,9229
1538,9235
1539,9241
1540,9247
1541,9253
1542,9259
1543,9265
1544,9271
1545,9277
1546,9283
1547,9289
1548,9295
1549,9301
1550,9307
1551,9313
1552,9319
1553,9325
1554,9331
1555,9337
1556,9343
1557,9349
1558,9355
1559,9361
1560,9367
1561,9373
1562,9379
1563,9385
1564,9391
1565,9397
1566,9403
1567,9409
1568,9415
1569,9421
1570,9427
1571,9433
1572,9439
1573,9445
1574,9451
1575,9457
1576,9463
1577,9469
1578,9475
1579,9481
1580,9487
1581,9493
1582,9499
1583,9505
1584,9511
1585,9517
1586,9523
1587,9529
1588,9535
1589,9541
1590,9547
1591,9553
1592,9559
1593,9565
1594,9571
1595,9577
1596,9583
1597,9589
1598,9595
1599,9601
1600,9607
1601,9613
1602,9619
1603,9625
1604,9631
1605,9637
1606,9643
1607,9649
1608,9655
1609,9661
1610,9667
1611,9673
1612,9679
1613,9685
1614,9691
1615,9697
1616,9703
1617,9709
1618,9715
1619,9721
1620,9727
1621,9733
1622,9739
1623,9745
1624,9751
1625,9757
1626,9763
1627,9769
1628,9775
1629,9781
1630,9787
1631,9793
1632,9799
1633,9805
1634,9811
1635,9817
1636,9823
1637,9829
1638,9835
1639,9841
1640,9847
1641,9853
1642,9859
1643,9865
1644,9871
1645,9877
1646,9883
1647,9889
1648,9895
1649,9901
1650,9907
1651,9913
1652,9919
1653,9925
1654,9931
1655,9937
1656,9943
1657,9949
1658,9955
1659,9961
1660,9967
1661,9973
1662,9979
1663,9985
1664,9991
1665,9997
1666,10003
1667,10009
1668,10015
1669,10021
1670,10027
1671,10033
1672,10039
1673,10045
1674,10051
1675,10057
1676,10063
1677,10069
1678,10075
1679,10081
1680,10087
1681,10093
1682,10099
1683,10105
1684,10111
1685,10117
1686,10123
1687,10129
1688,10135
1689,10141
1690,10147
1691,10153
1692,10159
1693,10165
1694,10171
1695,10177
1696,10183
1697,10189
1698,10195
1699,10201
1700,10207
1701,10213
1702,10219
1703,10225
1704,10231
1705,10237
1706,10243
1707,10249
1708,10255
1709,10261
1710,10267
1711,10273
1712,10279
1713,10285
1714,10291
1715,10297
1716,10303
1717,10309
1718,10315
1719,10321
1720,10327
1721,10333
1722,10339
1723,10345
1724,10351
1725,10357
1726,10363
1727,10369
1728,10375
1729,10381
1730,10387
1731,10393
1732,10399
1733,10405
1734,10411
1735,10417
1736,10423
1737,10429
1738,10435
1739,10441
1740,10447
1741,10453
1742,10459
1743,10465
1744,10471
1745,10477
1746,10483
1747,10489
1748,10495
1749,10501
1750,10507
1751,10513
1752,10519
1753,10525
1754,10531
1755,10537
1756,10543
1757,10549
1758,10555
1759,10561
1760,10567
1761,10573
1762,10579
1763,10585
1764,10591
1765,10597
1766,10603
1767,10609
1768,10615
1769,10621
1770,10627
1771,10633
1772,10639
1773,10645
1774,10651
1775,10657
1776,10663
1777,10669
1778,10675
1779,10681
1780,10687
1781,10693
1782,10699
1783,10705
1784,10711
1785,10717
1786,10723
1787,10729
1788,10735
1789,10741
1790,10747
1791,10753
1792,10759
1793,10765
1794,10771
1795,10777
1796,10783
1797,10789
1798,10795
1799,10801
1800,10807
1801,10813
1802,10819
1803,10825
1804,10831
1805,10837
1806,10843
1807,10849
1808,10855
1809,10861
1810,10867
1811,10873
1812,10879
1813,10885
1814,10891
1815,10897
1816,10903
1817,10909
1818,10915
1819,10921
1820,10927
1821,10933
1822,10939
1823,10945
1824,10951
1825,10957
1826,10963
1827,10969
1828,10975
1829,10981
1830,10987
1831,10993
1832,10999
1833,11005
1834,11011
1835,11017
1836,11023
1837,11029
1838,11035
1839,11041
1840,11047
1841,11053
1842,11059
1843,11065
1844,11071
1845,11077
1846,11083
1847,11089
1848,11095
1849,11101
1850,11107
1851,11113
1852,11119
1853,11125
1854,11131
1855,11137
1856,11143
1857,11149
1858,11155
1859,11161
1860,11167
1861,11173
1862,11179
1863,11185
1864,11191
1865,11197
1866,11203
1867,11209
1868,11215
1869,11221
1870,11227
1871,11233
1872,11239
1873,11245
1874,11251
1875,11257
1876,11263
1877,11269
1878,11275
1879,11281
1880,11287
1881,11293
1882,11299
1883,11305
1884,11311
1885,11317
1886,11323
1887,11329
1888,11335
1889,11341
1890,11347
1891,11353
1892,11359
1893,11365
1894,11371
1895,11377
1896,11383
1897,11389
1898,11395
1899,11401
1900,11407
1901,11413
1902,11419
1903,11425
1904,11431
1905,11437
1906,11443
1907,11449
1908,11455
1909,11461
1910,11467
1911,11473
1912,11479
1913,11485
1914,11491
1915,11497
1916,11503
1917,11509
1918,11515
1919,11521
1920,11527
1921,11533
1922,11539
1923,11545
1924,11551
1925,11557
1926,11563
1927,11569
1928,11575
1929,11581
1930,11587
1931,11593
1932,11599
1933,11605
1934,11611
1935,11617
1936,11623
1937,11629
1938,11635
1939,11641
1940,11647
1941,11653
1942,11659
1943,11665
1944,11671
1945,11677
1946,11683
1947,11689
1948,11695
1949,11701
1950,11707
1951,11713
1952,11719
1953,11725
1954,11731
1955,11737
1956,11743
1957,11749
1958,11755
1959,11761
1960,11767
1961,11773
1962,11779
1963,11785
1964,11791
1965,11797
1966,11803
1967,11809
1968,11815
1969,11821
1970,11827
1971,11833
1972,11839
1973,11845
1974,11851
1975,11857
1976,11863
1977,11869
1978,11875
1979,11881
1980,11887
1981,11893
1982,11899
1983,11905
1984,11911
1985,11917
1986,11923
1987,11929
1988,11935
1989,11941
1990,11947
1991,11953
1992,11959
1993,11965
1994,11971
1995,11977
1996,11983
1997,11989
1998,11995
1999,12001
2000,12007
2001,12013
2002,12019
2003,12025
2004,12031
2005,12037
2006,12043
2007,12049
2008,12055
2009,12061
2010,12067
2011,12073
2012,12079
2013,12085
2014,12091
2015,12097
2016,12103
2017,12109
2018,12115
2019,12121
2020,12127
2021,12133
2022,12139
2023,12145
2024,12151
2025,12157
2026,12163
2027,12169
2028,12175
2029,12181
2030,12187
2031,12193
2032,12199
2033,12205
2034,12211
2035,12217
2036,12223
2037,12229
2038,12235
2039,12241
2040,12247
2041,12253
2042,12259
2043,12265
2044,12271
2045,12277
2046,12283
2047,12289
2048,12295
2049,12301
2050,12307
2051,12313
2052,12319
2053,12325
2054,12331
2055,12337
2056,12343
2057,12349
2058,12355
2059,12361
2060,12367
2061,12373
2062,12379
2063,12385
2064,12391
2065,12397
2066,12403
2067,12409
2068,12415
2069,12421
2070,12427
2071,12433
2072,12439
2073,12445
2074,12451
2075,12457
2076,12463
2077,12469
2078,12475
2079,12481
2080,12487
2081,12493
2082,12499
2083,12505
2084,12511
2085,12517
2086,12523
2087,12529
2088,12535
2089,12541
2090,12547
2091,12553
2092,12559
2093,12565
2094,12571
2095,12577
2096,12583
2097,12589
2098,12595
2099,12601
2100,12607
2101,12613
2102,12619
2103,12625
2104,12631
2105,12637
2106,12643
2107,12649
2108,12655
2109,12661
2110,12667
2111,12673
2112,12679
2113,12685
2114,12691
2115,12697
2116,12703
2117,12709
2118,12715
2119,12721
2120,12727
2121,12733
2122,12739
2123,12745
2124,12751
2125,12757
2126,12763
2127,12769
2128,12775
2129,12781
2130,12787
2131,12793
2132,12799
2133,12805
2134,12811
2135,12817
2136,12823
2137,12829
2138,12835
2139,12841
2140,12847
2141,12853
2142,12859
2143,12865
2144,12871
2145,12877
2146,12883
2147,12889
2148,12895
2149,12901
2150,12907
2151,12913
2152,12919
2153,12925
2154,12931
2155,12937
2156,12943
2157,12949
2158,12955
2159,12961
2160,12967
2161,12973
2162,12979
2163,12985
2164,12991
2165,12997
2166,13003
2167,13009
2168,13015
2169,13021
2170,13027
2171,13033
2172,13039
2173,13045
2174,13051
2175,13057
2176,13063
2177,13069
2178,13075
2179,13081
2180,13087
2181,13093
2182,13099
2183,13105
2184,13111
2185,13117
2186,13123
2187,13129
2188,13135
2189,13141
2190,13147
2191,13153
2192,13159
2193,13165
2194,13171
2195,13177
2196,13183
2197,13189
2198,13195
2199,13201
2200,13207
2201,13213
2202,13219
2203,13225
2204,13231
2205,13237
2206,13243
2207,13249
2208,13255
2209,13261
2210,13267
2211,13273
2212,13279
2213,13285
2214,13291
2215,13297
2216,13303
2217,13309
2218,13315
2219,13321
2220,13327
2221,13333
2222,13339
2223,13345
2224,13351
2225,13357
2226,13363
2227,13369
2228,13375
2229,13381
2230,13387
2231,13393
2232,13399
2233,13405
2234,13411
2235,13417
2236,13423
2237,13429
2238,13435
2239,13441
2240,13447
2241,13453
2242,13459
2243,13465
2244,13471
2245,13477
2246,13483
2247,13489
2248,13495
2249,13501
2250,13507
2251,13513
2252,13519
2253,13525
2254,13531
2255,13537
2256,13543
2257,13549
2258,13555
2259,13561
2260,13567
2261,13573
2262,13579
2263,13585
2264,13591
2265,13597
2266,13603
2267,13609
2268,13615
2269,13621
2270,13627
2271,13633
2272,13639
2273,13645
2274,13651
2275,13657
2276,13663
2277,13669
2278,13675
2279,13681
2280,13687
2281,13693
2282,13699
2283,13705
2284,13711
2285,13717
2286,13723
2287,13729
2288,13735
2289,13741
2290,13747
2291,13753
2292,13759
2293,13765
2294,13771
2295,13777
2296,13783
2297,13789
2298,13795
2299,13801
2300,13807
2301,13813
2302,13819
2303,13825
2304,13831
2305,13837
2306,13843
2307,13849
2308,13855
2309,13861
2310,13867
2311,13873
2312,13879
2313,13885
2314,13891
2315,13897
2316,13903
2317,13909
2318,13915
2319,13921
2320,13927
2321,13933
2322,13939
2323,13945
2324,13951
2325,13957
2326,13963
2327,13969
2328,13975
2329,13981
2330,13987
2331,13993
2332,13999
2333,14005
2334,14011
2335,14017
2336,14023
2337,14029
2338,14035
2339,14041
2340,14047
2341,14053
2342,14059
2343,14065
2344,14071
2345,14077
2346,14083
2347,14089
2348,14095
2349,14101
2350,14107
2351,14113
2352,14119
2353,14125
2354,14131
2355,14137
2356,14143
2357,14149
2358,14155
2359,14161
2360,14167
2361,14173
2362,14179
2363,14185
2364,14191
2365,14197
2366,14203
2367,14209
2368,14215
2369,14221
2370,14227
2371,14233
2372,14239
2373,14245
2374,14251
2375,14257
2376,14263
2377,14269
2378,14275
2379,14281
2380,14287
2381,14293
2382,14299
2383,14305
2384,14311
2385,14317
2386,14323
2387,14329
2388,14335
2389,14341
2390,14347
2391,14353
2392,14359
2393,14365
2394,14371
2395,14377
2396,14383
2397,14389
2398,14395
2399,14401
2400,14407
2401,14413
2402,14419
2403,14425
2404,14431
2405,14437
2406,14443
2407,14449
2408,14455
2409,14461
2410,14467
2411,14473
2412,14479
2413,14485
2414,14491
2415,14497
2416,14503
2417,14509
2418,14515
2419,14521
2420,14527
2421,14533
2422,14539
2423,14545
2424,14551
2425,14557
2426,14563
2427,14569
2428,14575
2429,14581
2430,14587
2431,14593
2432,14599
2433,14605
2434,14611
2435,14617
2436,14623
2437,14629
2438,14635
2439,14641
2440,14647
2441,14653
2442,14659
2443,14665
2444,14671
2445,14677
2446,14683
2447,14689
2448,14695
2449,14701
2450,14707
2451,14713
2452,14719
2453,14725
2454,14731
2455,14737
2456,14743
2457,14749
2458,14755
2459,14761
2460,14767
2461,14773
2462,14779
2463,14785
2464,14791
2465,14797
2466,14803
2467,14809
2468,14815
2469,14821
2470,14827
2471,14833
2472,14839
2473,14845
2474,14851
2475,14857
2476,14863
2477,14869
2478,14875
2479,14881
2480,14887
2481,14893
2482,14899
2483,14905
2484,14911
2485,14917
2486,14923
2487,14929
2488,14935
2489,14941
2490,14947
2491,14953
2492,14959
2493,14965
2494,14971
2495,14977
2496,14983
2497,14989
2498,14995
2499,15001
2500,15007
2501,15013
2502,15019
2503,15025
2504,15031
2505,15037
2506,15043
2507,15049
2508,15055
2509,15061
2510,15067
2511,15073
2512,15079
2513,15085
2514,15091
2515,15097
2516,15103
2517,15109
2518,15115
2519,15121
2520,15127
2521,15133
2522,15139
2523,15145
2524,15151
2525,15157
2526,15163
2527,15169
2528,15175
2529,15181
2530,15187
2531,15193
2532,15199
2533,15205
2534,15211
2535,15217
2536,15223
2537,15229
2538,15235
2539,15241
2540,15247
2541,15253
2542,15259
2543,15265
2544,15271
2545,15277
2546,15283
2547,15289
2548,15295
2549,15301
2550,15307
2551,15313
2552,15319
2553,15325
2554,15331
2555,15337
2556,15343
2557,15349
2558,15355
2559,15361
2560,15367
2561,15373
2562,15379
2563,15385
2564,15391
2565,15397
2566,15403
2567,15409
2568,15415
2569,15421
2570,15427
2571,15433
2572,15439
2573,15445
2574,15451
2575,15457
2576,15463
2577,15469
2578,15475
2579,15481
2580,15487
2581,15493
2582,15499
2583,15505
2584,15511
2585,15517
2586,15523
2587,15529
2588,15535
2589,15541
2590,15547
2591,15553
2592,15559
2593,15565
2594,15571
2595,15577
2596,15583
2597,15589
2598,15595
2599,15601
2600,15607
2601,15613
2602,15619
2603,15625
2604,15631
2605,15637
2606,15643
2607,15649
2608,15655
2609,15661
2610,15667
2611,15673
2612,15679
2613,15685
2614,15691
2615,15697
2616,15703
2617,15709
2618,15715
2619,15721
2620,15727
2621,15733
2622,15739
2623,15745
2624,15751
2625,15757
2626,15763
2627,15769
2628,15775
2629,15781
2630,15787
2631,15793
2632,15799
2633,15805
2634,15811
2635,15817
2636,15823
2637,15829
2638,15835
2639,15841
2640,15847
2641,15853
2642,15859
2643,15865
2644,15871
2645,15877
2646,15883
2647,15889
2648,15895
2649,15901
2650,15907
2651,15913
2652,15919
2653,15925
2654,15931
2655,15937
2656,15943
2657,15949
2658,15955
2659,15961
2660,15967
2661,15973
2662,15979
2663,15985
2664,15991
2665,15997
2666,16003
2667,16009
2668,16015
2669,16021
2670,16027
2671,16033
2672,16039
2673,16045
2674,16051
2675,16057
2676,16063
2677,16069
2678,16075
2679,16081
2680,16087
2681,16093
2682,16099
2683,16105
2684,16111
2685,16117
2686,16123
2687,16129
2688,16135
2689,16141
2690,16147
2691,16153
2692,16159
2693,16165
2694,16171
2695,16177
2696,16183
2697,16189
2698,16195
2699,16201
2700,16207
2701,16213
2702,16219
2703,16225
2704,16231
2705,16237
2706,16243
2707,16249
2708,16255
2709,16261
2710,16267
2711,16273
2712,16279
2713,16285
2714,16291
2715,16297
2716,16303
2717,16309
2718,16315
2719,16321
2720,16327
2721,16333
2722,16339
2723,16345
2724,16351
2725,16357
2726,16363
2727,16369
2728,16375
2729,16381
2730,16387
2731,16393
2732,16399
2733,16405
2734,16411
2735,16417
2736,16423
2737,16429
2738,16435
2739,16441
2740,16447
2741,16453
2742,16459
2743,16465
2744,16471
2745,16477
2746,16483
2747,16489
2748,16495
2749,16501
2750,16507
2751,16513
2752,16519
2753,16525
2754,16531
2755,16537
2756,16543
2757,16549
2758,16555
2759,16561
2760,16567
2761,16573
2762,16579
2763,16585
2764,16591
2765,16597
2766,16603
2767,16609
2768,16615
2769,16621
2770,16627
2771,16633
2772,16639
2773,16645
2774,16651
2775,16657
2776,16663
2777,16669
2778,16675
2779,16681
2780,16687
2781,16693
2782,16699
2783,16705
2784,16711
2785,16717
2786,16723
2787,16729
2788,16735
2789,16741
2790,16747
2791,16753
2792,16759
2793,16765
2794,16771
2795,16777
2796,16783
2797,16789
2798,16795
2799,16801
2800,16807
2801,16813
2802,16819
2803,16825
2804,16831
2805,16837
2806,16843
2807,16849
2808,16855
2809,16861
2810,16867
2811,16873
2812,16879
2813,16885
2814,16891
2815,16897
2816,16903
2817,16909
2818,16915
2819,16921
2820,16927
2821,16933
2822,16939
2823,16945
2824,16951
2825,16957
2826,16963
2827,16969
2828,16975
2829,16981
2830,16987
2831,16993
2832,16999
2833,17005
2834,17011
2835,17017
2836,17023
2837,17029
2838,17035
2839,17041
2840,17047
2841,17053
2842,17059
2843,17065
2844,17071
2845,17077
2846,17083
2847,17089
2848,17095
2849,17101
2850,17107
2851,17113
2852,17119
2853,17125
2854,17131
2855,17137
2856,17143
2857,17149
2858,17155
2859,17161
2860,17167
2861,17173
2862,17179
2863,17185
2864,17191
2865,17197
2866,17203
2867,17209
2868,17215
2869,17221
2870,17227
2871,17233
2872,17239
2873,17245
2874,17251
2875,17257
2876,17263
2877,17269
2878,17275
2879,17281
2880,17287
2881,17293
2882,17299
2883,17305
2884,17311
2885,17317
2886,17323
2887,17329
2888,17335
2889,17341
2890,17347
2891,17353
2892,17359
2893,17365
2894,17371
2895,17377
2896,17383
2897,17389
2898,17395
2899,17401
2900,17407
2901,17413
2902,17419
2903,17425
2904,17431
2905,17437
2906,17443
2907,17449
2908,17455
2909,17461
2910,17467
2911,17473
2912,17479
2913,17485
2914,17491
2915,17497
2916,17503
2917,17509
2918,17515
2919,17521
2920,17527
2921,17533
2922,17539
2923,17545
2924,17551
2925,17557
2926,17563
2927,17569
2928,17575
2929,17581
2930,17587
2931,17593
2932,17599
2933,17605
2934,17611
2935,17617
2936,17623
2937,17629
2938,17635
2939,17641
2940,17647
2941,17653
2942,17659
2943,17665
2944,17671
2945,17677
2946,17683
2947,17689
2948,17695
2949,17701
2950,17707
2951,17713
2952,17719
2953,17725
2954,17731
2955,17737
2956,17743
2957,17749
2958,17755
2959,17761
2960,17767
2961,17773
2962,17779
2963,17785
2964,17791
2965,17797
2966,17803
2967,17809
2968,17815
2969,17821
2970,17827
2971,17833
2972,17839
2973,17845
2974,17851
2975,17857
2976,17863
2977,17869
2978,17875
2979,17881
2980,17887
2981,17893
2982,17899
2983,17905
2984,17911
2985,17917
2986,17923
2987,17929
2988,17935
2989,17941
2990,17947
2991,17953
2992,17959
2993,17965
2994,17971
2995,17977
2996,17983
2997,17989
2998,17995
2999,18001
3000,18007
3001,18013
3002,18019
3003,18025
3004,18031
3005,18037
3006,18043
3007,18049
3008,18055
3009,18061
3010,18067
3011,18073
3012,18079
3013,18085
3014,18091
3015,18097
3016,18103
3017,18109
3018,18115
3019,18121
3020,18127
3021,18133
3022,18139
3023,18145
3024,18151
3025,18157
3026,18163
3027,18169
3028,18175
3029,18181
3030,18187
3031,18193
3032,18199
3033,18205
3034,18211
3035,18217
3036,18223
3037,18229
3038,18235
3039,18241
3040,18247
3041,18253
3042,18259
3043,18265
3044,18271
3045,18277
3046,18283
3047,18289
3048,18295
3049,18301
3050,18307
3051,18313
3052,18319
3053,18325
3054,18331
3055,18337
3056,18343
3057,18349
3058,18355
3059,18361
3060,18367
3061,18373
3062,18379
3063,18385
3064,18391
3065,18397
3066,18403
3067,18409
3068,18415
3069,18421
3070,18427
3071,18433
3072,18439
3073,18445
3074,18451
3075,18457
3076,18463
3077,18469
3078,18475
3079,18481
3080,18487
3081,18493
3082,18499
3083,18505
3084,18511
3085,18517
3086,18523
3087,18529
3088,18535
3089,18541
3090,18547
3091,18553
3092,18559
3093,18565
3094,18571
3095,18577
3096,18583
3097,18589
3098,18595
3099,18601
3100,18607
3101,18613
3102,18619
3103,18625
3104,18631
3105,18637
3106,18643
3107,18649
3108,18655
3109,18661
3110,18667
3111,18673
3112,18679
3113,18685
3114,18691
3115,18697
3116,18703
3117,18709
3118,18715
3119,18721
3120,18727
3121,18733
3122,18739
3123,18745
3124,18751
3125,18757
3126,18763
3127,18769
3128,18775
3129,18781
3130,18787
3131,18793
3132,18799
3133,18805
3134,18811
3135,18817
3136,18823
3137,18829
3138,18835
3139,18841
3140,18847
3141,18853
3142,18859
3143,18865
3144,18871
3145,18877
3146,18883
3147,18889
3148,18895
3149,18901
3150,18907
3151,18913
3152,18919
3153,18925
3154,18931
3155,18937
3156,18943
3157,18949
3158,18955
3159,18961
3160,18967
3161,18973
3162,18979
3163,18985
3164,18991
3165,18997
3166,19003
3167,19009
3168,19015
3169,19021
3170,19027
3171,19033
3172,19039
3173,19045
3174,19051
3175,19057
3176,19063
3177,19069
3178,19075
3179,19081
3180,19087
3181,19093
3182,19099
3183,19105
3184,19111
3185,19117
3186,19123
3187,19129
3188,19135
3189,19141
3190,19147
3191,19153
3192,19159
3193,19165
3194,19171
3195,19177
3196,19183
3197,19189
3198,19195
3199,19201
3200,19207
3201,19213
3202,19219
3203,19225
3204,19231
3205,19237
3206,19243
3207,19249
3208,19255
3209,19261
3210,19267
3211,19273
3212,19279
3213,19285
3214,19291
3215,19297
3216,19303
3217,19309
3218,19315
3219,19321
3220,19327
3221,19333
3222,19339
3223,19345
3224,19351
3225,19357
3226,19363
3227,19369
3228,19375
3229,19381
3230,19387
3231,19393
3232,19399
3233,19405
3234,19411
3235,19417
3236,19423
3237,19429
3238,19435
3239,19441
3240,19447
3241,19453
3242,19459
3243,19465
3244,19471
3245,19477
3246,19483
3247,19489
3248,19495
3249,19501
3250,19507
3251,19513
3252,19519
3253,19525
3254,19531
3255,19537
3256,19543
3257,19549
3258,19555
3259,19561
3260,19567
3261,19573
3262,19579
3263,19585
3264,19591
3265,19597
3266,19603
3267,19609
3268,19615
3269,19621
3270,19627
3271,19633
3272,19639
3273,19645
3274,19651
3275,19657
3276,19663
3277,19669
3278,19675
3279,19681
3280,19687
3281,19693
3282,19699
3283,19705
3284,19711
3285,19717
3286,19723
3287,19729
3288,19735
3289,19741
3290,19747
3291,19753
3292,19759
3293,19765
3294,19771
3295,19777
3296,19783
3297,19789
3298,19795
3299,19801
3300,19807
3301,19813
3302,19819
3303,19825
3304,19831
3305,19837
3306,19843
3307,19849
3308,19855
3309,19861
3310,19867
3311,19873
3312,19879
3313,19885
3314,19891
3315,19897
3316,19903
3317,19909
3318,19915
3319,19921
3320,19927
3321,19933
3322,19939
3323,19945
3324,19951
3325,19957
3326,19963
3327,19969
3328,19975
3329,19981
3330,19987
3331,19993
3332,19999
3333,20005
3334,20011
3335,20017
3336,20023
3337,20029
3338,20035
3339,20041
3340,20047
3341,20053
3342,20059
3343,20065
3344,20071
3345,20077
3346,20083
3347,20089
3348,20095
3349,20101
3350,20107
3351,20113
3352,20119
3353,20125
3354,20131
3355,20137
3356,20143
3357,20149
3358,20155
3359,20161
3360,20167
3361,20173
3362,20179
3363,20185
3364,20191
3365,20197
3366,20203
3367,20209
3368,20215
3369,20221
3370,20227
3371,20233
3372,20239
3373,20245
3374,20251
3375,20257
3376,20263
3377,20269
3378,20275
3379,20281
3380,20287
3381,20293
3382,20299
3383,20305
3384,20311
3385,20317
3386,20323
3387,20329
3388,20335
3389,20341
3390,20347
3391,20353
3392,20359
3393,20365
3394,20371
3395,20377
3396,20383
3397,20389
3398,20395
3399,20401
3400,20407
3401,20413
3402,20419
3403,20425
3404,20431
3405,20437
3406,20443
3407,20449
3408,20455
3409,20461
3410,20467
3411,20473
3412,20479
3413,20485
3414,20491
3415,20497
3416,20503
3417,20509
3418,20515
3419,20521
3420,20527
3421,20533
3422,20539
3423,20545
3424,20551
3425,20557
3426,20563
3427,20569
3428,20575
3429,20581
3430,20587
3431,20593
3432,20599
3433,20605
3434,20611
3435,20617
3436,20623
3437,20629
3438,20635
3439,20641
3440,20647
3441,20653
3442,20659
3443,20665
3444,20671
3445,20677
3446,20683
3447,20689
3448,20695
3449,20701
3450,20707
3451,20713
3452,20719
3453,20725
3454,20731
3455,20737
3456,20743
3457,20749
3458,20755
3459,20761
3460,20767
3461,20773
3462,20779
3463,20785
3464,20791
3465,20797
3466,20803
3467,20809
3468,20815
3469,20821
3470,20827
3471,20833
3472,20839
3473,20845
3474,20851
3475,20857
3476,20863
3477,20869
3478,20875
3479,20881
3480,20887
3481,20893
3482,20899
3483,20905
3484,20911
3485,20917
3486,20923
3487,20929
3488,20935
3489,20941
3490,20947
3491,20953
3492,20959
3493,20965
3494,20971
3495,20977
3496,20983
3497,20989
3498,20995
3499,21001
3500,21007
3501,21013
3502,21019
3503,21025
3504,21031
3505,21037
3506,21043
3507,21049
3508,21055
3509,21061
3510,21067
3511,21073
3512,21079
3513,21085
3514,21091
3515,21097
3516,21103
3517,21109
3518,21115
3519,21121
3520,21127
3521,21133
3522,21139
3523,21145
3524,21151
3525,21157
3526,21163
3527,21169
3528,21175
3529,21181
3530,21187
3531,21193
3532,21199
3533,21205
3534,21211
3535,21217
3536,21223
3537,21229
3538,21235
3539,21241
3540,21247
3541,21253
3542,21259
3543,21265
3544,21271
3545,21277
3546,21283
3547,21289
3548,21295
3549,21301
3550,21307
3551,21313
3552,21319
3553,21325
3554,21331
3555,21337
3556,21343
3557,21349
3558,21355
3559,21361
3560,21367
3561,21373
3562,21379
3563,21385
3564,21391
3565,21397
3566,21403
3567,21409
3568,21415
3569,21421
3570,21427
3571,21433
3572,21439
3573,21445
3574,21451
3575,21457
3576,21463
3577,21469
3578,21475
3579,21481
3580,21487
3581,21493
3582,21499
3583,21505
3584,21511
3585,21517
3586,21523
3587,21529
3588,21535
3589,21541
3590,21547
3591,21553
3592,21559
3593,21565
3594,21571
3595,21577
3596,21583
3597,21589
3598,21595
3599,21601
3600,21607
3601,21613
3602,21619
3603,21625
3604,21631
3605,21637
3606,21643
3607,21649
3608,21655
3609,21661
3610,21667
3611,21673
3612,21679
3613,21685
3614,21691
3615,21697
3616,21703
3617,21709
3618,21715
3619,21721
3620,21727
3621,21733
3622,21739
3623,21745
3624,21751
3625,21757
3626,21763
3627,21769
3628,21775
3629,21781
3630,21787
3631,21793
3632,21799
3633,21805
3634,21811
3635,21817
3636,21823
3637,21829
3638,21835
3639,21841
3640,21847
3641,21853
3642,21859
3643,21865
3644,21871
3645,21877
3646,21883
3647,21889
3648,21895
3649,21901
3650,21907
3651,21913
3652,21919
3653,21925
3654,21931
3655,21937
3656,21943
3657,21949
3658,21955
3659,21961
3660,21967
3661,21973
3662,21979
3663,21985
3664,21991
3665,21997
3666,22003
3667,22009
3668,22015
3669,22021
3670,22027
3671,22033
3672,22039
3673,22045
3674,22051
3675,22057
3676,22063
3677,22069
3678,22075
3679,22081
3680,22087
3681,22093
3682,22099
3683,22105
3684,22111
3685,22117
3686,22123
3687,22129
3688,22135
3689,22141
3690,22147
3691,22153
3692,22159
3693,22165
3694,22171
3695,22177
3696,22183
3697,22189
3698,22195
3699,22201
3700,22207
3701,22213
3702,22219
3703,22225
3704,22231
3705,22237
3706,22243
3707,22249
3708,22255
3709,22261
3710,22267
3711,22273
3712,22279
3713,22285
3714,22291
3715,22297
3716,22303
3717,22309
3718,22315
3719,22321
3720,22327
3721,22333
3722,22339
3723,22345
3724,22351
3725,22357
3726,22363
3727,22369
3728,22375
3729,22381
3730,22387
3731,22393
3732,22399
3733,22405
3734,22411
3735,22417
3736,22423
3737,22429
3738,22435
3739,22441
3740,22447
3741,22453
3742,22459
3743,22465
3744,22471
3745,22477
3746,22483
3747,22489
3748,22495
3749,22501
3750,22507
3751,22513
3752,22519
3753,22525
3754,22531
3755,22537
3756,22543
3757,22549
3758,22555
3759,22561
3760,22567
3761,22573
3762,22579
3763,22585
3764,22591
3765,22597
3766,22603
3767,22609
3768,22615
3769,22621
3770,22627
3771,22633
3772,22639
3773,22645
3774,22651
3775,22657
3776,22663
3777,22669
3778,22675
3779,22681
3780,22687
3781,22693
3782,22699
3783,22705
3784,22711
3785,22717
3786,22723
3787,22729
3788,22735
3789,22741
3790,22747
3791,22753
3792,22759
3793,22765
3794,22771
3795,22777
3796,22783
3797,22789
3798,22795
3799,22801
3800,22807
3801,22813
3802,22819
3803,22825
3804,22831
3805,22837
3806,22843
3807,22849
3808,22855
3809,22861
3810,22867
3811,22873
3812,22879
3813,22885
3814,22891
3815,22897
3816,22903
3817,22909
3818,22915
3819,22921
3820,22927
3821,22933
3822,22939
3823,22945
3824,22951
3825,22957
3826,22963
3827,22969
3828,22975
3829,22981
3830,22987
3831,22993
3832,22999
3833,23005
3834,23011
3835,23017
3836,23023
3837,23029
3838,23035
3839,23041
3840,23047
3841,23053
3842,23059
3843,23065
3844,23071
3845,23077
3846,23083
3847,23089
3848,23095
3849,23101
3850,23107
3851,23113
3852,23119
3853,23125
3854,23131
3855,23137
3856,23143
3857,23149
3858,23155
3859,23161
3860,23167
3861,23173
3862,23179
3863,23185
3864,23191
3865,23197
3866,23203
3867,23209
3868,23215
3869,23221
3870,23227
3871,23233
3872,23239
3873,23245
3874,23251
3875,23257
3876,23263
3877,23269
3878,23275
3879,23281
3880,23287
3881,23293
3882,23299
3883,23305
3884,23311
3885,23317
3886,23323
3887,23329
3888,23335
3889,23341
3890,23347
3891,23353
3892,23359
3893,23365
3894,23371
3895,23377
3896,23383
3897,23389
3898,23395
3899,23401
3900,23407
3901,23413
3902,23419
3903,23425
3904,23431
3905,23437
3906,23443
3907,23449
3908,23455
3909,23461
3910,23467
3911,23473
3912,23479
3913,23485
3914,23491
3915,23497
3916,23503
3917,23509
3918,23515
3919,23521
3920,23527
3921,23533
3922,23539
3923,23545
3924,23551
3925,23557
3926,23563
3927,23569
3928,23575
3929,23581
3930,23587
3931,23593
3932,23599
3933,23605
3934,23611
3935,23617
3936,23623
3937,23629
3938,23635
3939,23641
3940,23647
3941,23653
3942,23659
3943,23665
3944,23671
3945,23677
3946,23683
3947,23689
3948,23695
3949,23701
3950,23707
3951,23713
3952,23719
3953,23725
3954,23731
3955,23737
3956,23743
3957,23749
3958,23755
3959,23761
3960,23767
3961,23773
3962,23779
3963,23785
3964,23791
3965,23797
3966,23803
3967,23809
3968,23815
3969,23821
3970,23827
3971,23833
3972,23839
3973,23845
3974,23851
3975,23857
3976,23863
3977,23869
3978,23875
3979,23881
3980,23887
3981,23893
3982,23899
3983,23905
3984,23911
3985,23917
3986,23923
3987,23929
3988,23935
3989,23941
3990,23947
3991,23953
3992,23959
3993,23965
3994,23971
3995,23977
3996,23983
3997,23989
3998,23995
3999,24001
4000,24007
4001,24013
4002,24019
4003,24025
4004,24031
4005,24037
4006,24043
4007,24049
4008,24055
4009,24061
4010,24067
4011,24073
4012,24079
4013,24085
4014,24091
4015,24097
4016,24103
4017,24109
4018,24115
4019,24121
4020,24127
4021,24133
4022,24139
4023,24145
4024,24151
4025,24157
4026,24163
4027,24169
4028,24175
4029,24181
4030,24187
4031,24193
4032,24199
4033,24205
4034,24211
4035,24217
4036,24223
4037,24229
4038,24235
4039,24241
4040,24247
4041,24253
4042,24259
4043,24265
4044,24271
4045,24277
4046,24283
4047,24289
4048,24295
4049,24301
4050,24307
4051,24313
4052,24319
4053,24325
4054,24331
4055,24337
4056,24343
4057,24349
4058,24355
4059,24361
4060,24367
4061,24373
4062,24379
4063,24385
4064,24391
4065,24397
4066,24403
4067,24409
4068,24415
4069,24421
4070,24427
4071,24433
4072,24439
4073,24445
4074,24451
4075,24457
4076,24463
4077,24469
4078,24475
4079,24481
4080,24487
4081,24493
4082,24499
4083,24505
4084,24511
4085,24517
4086,24523
4087,24529
4088,24535
4089,24541
4090,24547
4091,24553
4092,24559
4093,24565
4094,24571
4095,24577
4096,24583
4097,24589
4098,24595
4099,24601
4100,24607
4101,24613
4102,24619
4103,24625
4104,24631
4105,24637
4106,24643
4107,24649
4108,24655
4109,24661
4110,24667
4111,24673
4112,24679
4113,24685
4114,24691
4115,24697
4116,24703
4117,24709
4118,24715
4119,24721
4120,24727
4121,24733
4122,24739
4123,24745
4124,24751
4125,24757
4126,24763
4127,24769
4128,24775
4129,24781
4130,24787
4131,24793
4132,24799
4133,24805
4134,24811
4135,24817
4136,24823
4137,24829
4138,24835
4139,24841
4140,24847
4141,24853
4142,24859
4143,24865
4144,24871
4145,24877
4146,24883
4147,24889
4148,24895
4149,24901
4150,24907
4151,24913
4152,24919
4153,24925
4154,24931
4155,24937
4156,24943
4157,24949
4158,24955
4159,24961
4160,24967
4161,24973
4162,24979
4163,24985
4164,24991
4165,24997
4166,25003
4167,25009
4168,25015
4169,25021
4170,25027
4171,25033
4172,25039
4173,25045
4174,25051
4175,25057
4176,25063
4177,25069
4178,25075
4179,25081
4180,25087
4181,25093
4182,25099
4183,25105
4184,25111
4185,25117
4186,25123
4187,25129
4188,25135
4189,25141
4190,25147
4191,25153
4192,25159
4193,25165
4194,25171
4195,25177
4196,25183
4197,25189
4198,25195
4199,25201
4200,25207
4201,25213
4202,25219
4203,25225
4204,25231
4205,25237
4206,25243
4207,25249
4208,25255
4209,25261
4210,25267
4211,25273
4212,25279
4213,25285
4214,25291
4215,25297
4216,25303
4217,25309
4218,25315
4219,25321
4220,25327
4221,25333
4222,25339
4223,25345
4224,25351
4225,25357
4226,25363
4227,25369
4228,25375
4229,25381
4230,25387
4231,25393
4232,25399
4233,25405
4234,25411
4235,25417
4236,25423
4237,25429
4238,25435
4239,25441
4240,25447
4241,25453
4242,25459
4243,25465
4244,25471
4245,25477
4246,25483
4247,25489
4248,25495
4249,25501
4250,25507
4251,25513
4252,25519
4253,25525
4254,25531
4255,25537
4256,25543
4257,25549
4258,25555
4259,25561
4260,25567
4261,25573
4262,25579
4263,25585
4264,25591
4265,25597
4266,25603
4267,25609
4268,25615
4269,25621
4270,25627
4271,25633
4272,25639
4273,25645
4274,25651
4275,25657
4276,25663
4277,25669
4278,25675
4279,25681
4280,25687
4281,25693
4282,25699
4283,25705
4284,25711
4285,25717
4286,25723
4287,25729
4288,25735
4289,25741
4290,25747
4291,25753
4292,25759
4293,25765
4294,25771
4295,25777
4296,25783
4297,25789
4298,25795
4299,25801
4300,25807
4301,25813
4302,25819
4303,25825
4304,25831
4305,25837
4306,25843
4307,25849
4308,25855
4309,25861
4310,25867
4311,25873
4312,25879
4313,25885
4314,25891
4315,25897
4316,25903
4317,25909
4318,25915
4319,25921
4320,25927
4321,25933
4322,25939
4323,25945
4324,25951
4325,25957
4326,25963
4327,25969
4328,25975
4329,25981
4330,25987
4331,25993
4332,25999
4333,26005
4334,26011
4335,26017
4336,26023
4337,26029
4338,26035
4339,26041
4340,26047
4341,26053
4342,26059
4343,26065
4344,26071
4345,26077
4346,26083
4347,26089
4348,26095
4349,26101
4350,26107
4351,26113
4352,26119
4353,26125
4354,26131
4355,26137
4356,26143
4357,26149
4358,26155
4359,26161
4360,26167
4361,26173
4362,26179
4363,26185
4364,26191
4365,26197
4366,26203
4367,26209
4368,26215
4369,26221
4370,26227
4371,26233
4372,26239
4373,26245
4374,26251
4375,26257
4376,26263
4377,26269
4378,26275
4379,26281
4380,26287
4381,26293
4382,26299
4383,26305
4384,26311
4385,26317
4386,26323
4387,26329
4388,26335
4389,26341
4390,26347
4391,26353
4392,26359
4393,26365
4394,26371
4395,26377
4396,26383
4397,26389
4398,26395
4399,26401
4400,26407
4401,26413
4402,26419
4403,26425
4404,26431
4405,26437
4406,26443
4407,26449
4408,26455
4409,26461
4410,26467
4411,26473
4412,26479
4413,26485
4414,26491
4415,26497
4416,26503
4417,26509
4418,26515
4419,26521
4420,26527
4421,26533
4422,26539
4423,26545
4424,26551
4425,26557
4426,26563
4427,26569
4428,26575
4429,26581
4430,26587
4431,26593
4432,26599
4433,26605
4434,26611
4435,26617
4436,26623
4437,26629
4438,26635
4439,26641
4440,26647
4441,26653
4442,26659
4443,26665
4444,26671
4445,26677
4446,26683
4447,26689
4448,26695
4449,26701
4450,26707
4451,26713
4452,26719
4453,26725
4454,26731
4455,26737
4456,26743
4457,26749
4458,26755
4459,26761
4460,26767
4461,26773
4462,26779
4463,26785
4464,26791
4465,26797
4466,26803
4467,26809
4468,26815
4469,26821
4470,26827
4471,26833
4472,26839
4473,26845
4474,26851
4475,26857
4476,26863
4477,26869
4478,26875
4479,26881
4480,26887
4481,26893
4482,26899
4483,26905
4484,26911
4485,26917
4486,26923
4487,26929
4488,26935
4489,26941
4490,26947
4491,26953
4492,26959
4493,26965
4494,26971
4495,26977
4496,26983
4497,26989
4498,26995
4499,27001
4500,27007
4501,27013
4502,27019
4503,27025
4504,27031
4505,27037
4506,27043
4507,27049
4508,27055
4509,27061
4510,27067
4511,27073
4512,27079
4513,27085
4514,27091
4515,27097
4516,27103
4517,27109
4518,27115
4519,27121
4520,27127
4521,27133
4522,27139
4523,27145
4524,27151
4525,27157
4526,27163
4527,27169
4528,27175
4529,27181
4530,27187
4531,27193
4532,27199
4533,27205
4534,27211
4535,27217
4536,27223
4537,27229
4538,27235
4539,27241
4540,27247
4541,27253
4542,27259
4543,27265
4544,27271
4545,27277
4546,27283
4547,27289
4548,27295
4549,27301
4550,27307
4551,27313
4552,27319
4553,27325
4554,27331
4555,27337
4556,27343
4557,27349
4558,27355
4559,27361
4560,27367
4561,27373
4562,27379
4563,27385
4564,27391
4565,27397
4566,27403
4567,27409
4568,27415
4569,27421
4570,27427
4571,27433
4572,27439
4573,27445
4574,27451
4575,27457
4576,27463
4577,27469
4578,27475
4579,27481
4580,27487
4581,27493
4582,27499
4583,27505
4584,27511
4585,27517
4586,27523
4587,27529
4588,27535
4589,27541
4590,27547
4591,27553
4592,27559
4593,27565
4594,27571
4595,27577
4596,27583
4597,27589
4598,27595
4599,27601
4600,27607
4601,27613
4602,27619
4603,27625
4604,27631
4605,27637
4606,27643
4607,27649
4608,27655
4609,27661
4610,27667
4611,27673
4612,27679
4613,27685
4614,27691
4615,27697
4616,27703
4617,27709
4618,27715
4619,27721
4620,27727
4621,27733
4622,27739
4623,27745
4624,27751
4625,27757
4626,27763
4627,27769
4628,27775
4629,27781
4630,27787
4631,27793
4632,27799
4633,27805
4634,27811
4635,27817
4636,27823
4637,27829
4638,27835
4639,27841
4640,27847
4641,27853
4642,27859
4643,27865
4644,27871
4645,27877
4646,27883
4647,27889
4648,27895
4649,27901
4650,27907
4651,27913
4652,27919
4653,27925
4654,27931
4655,27937
4656,27943
4657,27949
4658,27955
4659,27961
4660,27967
4661,27973
4662,27979
4663,27985
4664,27991
4665,27997
4666,28003
4667,28009
4668,28015
4669,28021
4670,28027
4671,28033
4672,28039
4673,28045
4674,28051
4675,28057
4676,28063
4677,28069
4678,28075
4679,28081
4680,28087
4681,28093
4682,28099
4683,28105
4684,28111
4685,28117
4686,28123
4687,28129
4688,28135
4689,28141
4690,28147
4691,28153
4692,28159
4693,28165
4694,28171
4695,28177
4696,28183
4697,28189
4698,28195
4699,28201
4700,28207
4701,28213
4702,28219
4703,28225
4704,28231
4705,28237
4706,28243
4707,28249
4708,28255
4709,28261
4710,28267
4711,28273
4712,28279
4713,28285
4714,28291
4715,28297
4716,28303
4717,28309
4718,28315
4719,28321
4720,28327
4721,28333
4722,28339
4723,28345
4724,28351
4725,28357
4726,28363
4727,28369
4728,28375
4729,28381
4730,28387
4731,28393
4732,28399
4733,28405
4734,28411
4735,28417
4736,28423
4737,28429
4738,28435
4739,28441
4740,28447
4741,28453
4742,28459
4743,28465
4744,28471
4745,28477
4746,28483
4747,28489
4748,28495
4749,28501
4750,28507
4751,28513
4752,28519
4753,28525
4754,28531
4755,28537
4756,28543
4757,28549
4758,28555
4759,28561
4760,28567
4761,28573
4762,28579
4763,28585
4764,28591
4765,28597
4766,28603
4767,28609
4768,28615
4769,28621
4770,28627
4771,28633
4772,28639
4773,28645
4774,28651
4775,28657
4776,28663
4777,28669
4778,28675
4779,28681
4780,28687
4781,28693
4782,28699
4783,28705
4784,28711
4785,28717
4786,28723
4787,28729
4788,28735
4789,28741
4790,28747
4791,28753
4792,28759
4793,28765
4794,28771
4795,28777
4796,28783
4797,28789
4798,28795
4799,28801
4800,28807
4801,28813
4802,28819
4803,28825
4804,28831
4805,28837
4806,28843
4807,28849
4808,28855
4809,28861
4810,28867
4811,28873
4812,28879
4813,28885
4814,28891
4815,28897
4816,28903
4817,28909
4818,28915
4819,28921
4820,28927
4821,28933
4822,28939
4823,28945
4824,28951
4825,28957
4826,28963
4827,28969
4828,28975
4829,28981
4830,28987
4831,28993
4832,28999
4833,29005
4834,29011
4835,29017
4836,29023
4837,29029
4838,29035
4839,29041
4840,29047
4841,29053
4842,29059
4843,29065
4844,29071
4845,29077
4846,29083
4847,29089
4848,29095
4849,29101
4850,29107
4851,29113
4852,29119
4853,29125
4854,29131
4855,29137
4856,29143
4857,29149
4858,29155
4859,29161
4860,29167
4861,29173
4862,29179
4863,29185
4864,29191
4865,29197
4866,29203
4867,29209
4868,29215
4869,29221
4870,29227
4871,29233
4872,29239
4873,29245
4874,29251
4875,29257
4876,29263
4877,29269
4878,29275
4879,29281
4880,29287
4881,29293
4882,29299
4883,29305
4884,29311
4885,29317
4886,29323
4887,29329
4888,29335
4889,29341
4890,29347
4891,29353
4892,29359
4893,29365
4894,29371
4895,29377
4896,29383
4897,29389
4898,29395
4899,29401
4900,29407
4901,29413
4902,29419
4903,29425
4904,29431
4905,29437
4906,29443
4907,29449
4908,29455
4909,29461
4910,29467
4911,29473
4912,29479
4913,29485
4914,29491
4915,29497
4916,29503
4917,29509
4918,29515
4919,29521
4920,29527
4921,29533
4922,29539
4923,29545
4924,29551
4925,29557
4926,29563
4927,29569
4928,29575
4929,29581
4930,29587
4931,29593
4932,29599
4933,29605
4934,29611
4935,29617
4936,29623
4937,29629
4938,29635
4939,29641
4940,29647
4941,29653
4942,29659
4943,29665
4944,29671
4945,29677
4946,29683
4947,29689
4948,29695
4949,29701
4950,29707
4951,29713
4952,29719
4953,29725
4954,29731
4955,29737
4956,29743
4957,29749
4958,29755
4959,29761
4960,29767
4961,29773
4962,29779
4963,29785
4964,29791
4965,29797
4966,29803
4967,29809
4968,29815
4969,29821
4970,29827
4971,29833
4972,29839
4973,29845
4974,29851
4975,29857
4976,29863
4977,29869
4978,29875
4979,29881
4980,29887
4981,29893
4982,29899
4983,29905
4984,29911
4985,29917
4986,29923
4987,29929
4988,29935
4989,29941
4990,29947
4991,29953
4992,29959
4993,29965
4994,29971
4995,29977
4996,29983
4997,29989
4998,29995
4999,30001
5000,30007
5001,30013
5002,30019
5003,30025
5004,30031
5005,30037
5006,30043
5007,30049
5008,30055
5009,30061
5010,30067
5011,30073
5012,30079
5013,30085
5014,30091
5015,30097
5016,30103
5017,30109
5018,30115
5019,30121
5020,30127
5021,30133
5022,30139
5023,30145
5024,30151
5025,30157
5026,30163
5027,30169
5028,30175
5029,30181
5030,30187
5031,30193
5032,30199
5033,30205
5034,30211
5035,30217
5036,30223
5037,30229
5038,30235
5039,30241
5040,30247
5041,30253
5042,30259
5043,30265
5044,30271
5045,30277
5046,30283
5047,30289
5048,30295
5049,30301
5050,30307
5051,30313
5052,30319
5053,30325
5054,30331
5055,30337
5056,30343
5057,30349
5058,30355
5059,30361
5060,30367
5061,30373
5062,30379
5063,30385
5064,30391
5065,30397
5066,30403
5067,30409
5068,30415
5069,30421
5070,30427
5071,30433
5072,30439
5073,30445
5074,30451
5075,30457
5076,30463
5077,30469
5078,30475
5079,30481
5080,30487
5081,30493
5082,30499
5083,30505
5084,30511
5085,30517
5086,30523
5087,30529
5088,30535
5089,30541
5090,30547
5091,30553
5092,30559
5093,30565
5094,30571
5095,30577
5096,30583
5097,30589
5098,30595
5099,30601
5100,30607
5101,30613
5102,30619
5103,30625
5104,30631
5105,30637
5106,30643
5107,30649
5108,30655
5109,30661
5110,30667
5111,30673
5112,30679
5113,30685
5114,30691
5115,30697
5116,30703
5117,30709
5118,30715
5119,30721
5120,30727
5121,30733
5122,30739
5123,30745
5124,30751
5125,30757
5126,30763
5127,30769
5128,30775
5129,30781
5130,30787
5131,30793
5132,30799
5133,30805
5134,30811
5135,30817
5136,30823
5137,30829
5138,30835
5139,30841
5140,30847
5141,30853
5142,30859
5143,30865
5144,30871
5145,30877
5146,30883
5147,30889
5148,30895
5149,30901
5150,30907
5151,30913
5152,30919
5153,30925
5154,30931
5155,30937
5156,30943
5157,30949
5158,30955
5159,30961
5160,30967
5161,30973
5162,30979
5163,30985
5164,30991
5165,30997
5166,31003
5167,31009
5168,31015
5169,31021
5170,31027
5171,31033
5172,31039
5173,31045
5174,31051
5175,31057
5176,31063
5177,31069
5178,31075
5179,31081
5180,31087
5181,31093
5182,31099
5183,31105
5184,31111
5185,31117
5186,31123
5187,31129
5188,31135
5189,31141
5190,31147
5191,31153
5192,31159
5193,31165
5194,31171
5195,31177
5196,31183
5197,31189
5198,31195
5199,31201
5200,31207
5201,31213
5202,31219
5203,31225
5204,31231
5205,31237
5206,31243
5207,31249
5208,31255
5209,31261
5210,31267
5211,31273
5212,31279
5213,31285
5214,31291
5215,31297
5216,31303
5217,31309
5218,31315
5219,31321
5220,31327
5221,31333
5222,31339
5223,31345
5224,31351
5225,31357
5226,31363
5227,31369
5228,31375
5229,31381
5230,31387
5231,31393
5232,31399
5233,31405
5234,31411
5235,31417
5236,31423
5237,31429
5238,31435
5239,31441
5240,31447
5241,31453
5242,31459
5243,31465
5244,31471
5245,31477
5246,31483
5247,31489
5248,31495
5249,31501
5250,31507
5251,31513
5252,31519
5253,31525
5254,31531
5255,31537
5256,31543
5257,31549
5258,31555
5259,31561
5260,31567
5261,31573
5262,31579
5263,31585
5264,31591
5265,31597
5266,31603
5267,31609
5268,31615
5269,31621
5270,31627
5271,31633
5272,31639
5273,31645
5274,31651
5275,31657
5276,31663
5277,31669
5278,31675
5279,31681
5280,31687
5281,31693
5282,31699
5283,31705
5284,31711
5285,31717
5286,31723
5287,31729
5288,31735
5289,31741
5290,31747
5291,31753
5292,31759
5293,31765
5294,31771
5295,31777
5296,31783
5297,31789
5298,31795
5299,31801
5300,31807
5301,31813
5302,31819
5303,31825
5304,31831
5305,31837
5306,31843
5307,31849
5308,31855
5309,31861
5310,31867
5311,31873
5312,31879
5313,31885
5314,31891
5315,31897
5316,31903
5317,31909
5318,31915
5319,31921
5320,31927
5321,31933
5322,31939
5323,31945
5324,31951
5325,31957
5326,31963
5327,31969
5328,31975
5329,31981
5330,31987
5331,31993
5332,31999
5333,32005
5334,32011
5335,32017
5336,32023
5337,32029
5338,32035
5339,32041
5340,32047
5341,32053
5342,32059
5343,32065
5344,32071
5345,32077
5346,32083
5347,32089
5348,32095
5349,32101
5350,32107
5351,32113
5352,32119
5353,32125
5354,32131
5355,32137
5356,32143
5357,32149
5358,32155
5359,32161
5360,32167
5361,32173
5362,32179
5363,32185
5364,32191
5365,32197
5366,32203
5367,32209
5368,32215
5369,32221
5370,32227
5371,32233
5372,32239
5373,32245
5374,32251
5375,32257
5376,32263
5377,32269
5378,32275
5379,32281
5380,32287
5381,32293
5382,32299
5383,32305
5384,32311
5385,32317
5386,32323
5387,32329
5388,32335
5389,32341
5390,32347
5391,32353
5392,32359
5393,32365
5394,32371
5395,32377
5396,32383
5397,32389
5398,32395
5399,32401
5400,32407
5401,32413
5402,32419
5403,32425
5404,32431
5405,32437
5406,32443
5407,32449
5408,32455
5409,32461
5410,32467
5411,32473
5412,32479
5413,32485
5414,32491
5415,32497
5416,32503
5417,32509
5418,32515
5419,32521
5420,32527
5421,32533
5422,32539
5423,32545
5424,32551
5425,32557
5426,32563
5427,32569
5428,32575
5429,32581
5430,32587
5431,32593
5432,32599
5433,32605
5434,32611
5435,32617
5436,32623
5437,32629
5438,32635
5439,32641
5440,32647
5441,32653
5442,32659
5443,32665
5444,32671
5445,32677
5446,32683
5447,32689
5448,32695
5449,32701
5450,32707
5451,32713
5452,32719
5453,32725
5454,32731
5455,32737
5456,32743
5457,32749
5458,32755
5459,32761
5460,32767
5461,32773
5462,32779
5463,32785
5464,32791
5465,32797
5466,32803
5467,32809
5468,32815
5469,32821
5470,32827
5471,32833
5472,32839
5473,32845
5474,32851
5475,32857
5476,32863
5477,32869
5478,32875
5479,32881
5480,32887
5481,32893
5482,32899
5483,32905
5484,32911
5485,32917
5486,32923
5487,32929
5488,32935
5489,32941
5490,32947
5491,32953
5492,32959
5493,32965
5494,32971
5495,32977
5496,32983
5497,32989
5498,32995
5499,33001
5500,33007
5501,33013
5502,33019
5503,33025
5504,33031
5505,33037
5506,33043
5507,33049
5508,33055
5509,33061
5510,33067
5511,33073
5512,33079
5513,33085
5514,33091
5515,33097
5516,33103
5517,33109
5518,33115
5519,33121
5520,33127
5521,33133
5522,33139
5523,33145
5524,33151
5525,33157
5526,33163
5527,33169
5528,33175
5529,33181
5530,33187
5531,33193
5532,33199
5533,33205
5534,33211
5535,33217
5536,33223
5537,33229
5538,33235
5539,33241
5540,33247
5541,33253
5542,33259
5543,33265
5544,33271
5545,33277
5546,33283
5547,33289
5548,33295
5549,33301
5550,33307
5551,33313
5552,33319
5553,33325
5554,33331
5555,33337
5556,33343
5557,33349
5558,33355
5559,33361
5560,33367
5561,33373
5562,33379
5563,33385
5564,33391
5565,33397
5566,33403
5567,33409
5568,33415
5569,33421
5570,33427
5571,33433
5572,33439
5573,33445
5574,33451
5575,33457
5576,33463
5577,33469
5578,33475
5579,33481
5580,33487
5581,33493
5582,33499
5583,33505
5584,33511
5585,33517
5586,33523
5587,33529
5588,33535
5589,33541
5590,33547
5591,33553
5592,33559
5593,33565
5594,33571
5595,33577
5596,33583
5597,33589
5598,33595
5599,33601
5600,33607
5601,33613
5602,33619
5603,33625
5604,33631
5605,33637
5606,33643
5607,33649
5608,33655
5609,33661
5610,33667
5611,33673
5612,33679
5613,33685
5614,33691
5615,33697
5616,33703
5617,33709
5618,33715
5619,33721
5620,33727
5621,33733
5622,33739
5623,33745
5624,33751
5625,33757
5626,33763
5627,33769
5628,33775
5629,33781
5630,33787
5631,33793
5632,33799
5633,33805
5634,33811
5635,33817
5636,33823
5637,33829
5638,33835
5639,33841
5640,33847
5641,33853
5642,33859
5643,33865
5644,33871
5645,33877
5646,33883
5647,33889
5648,33895
5649,33901
5650,33907
5651,33913
5652,33919
5653,33925
5654,33931
5655,33937
5656,33943
5657,33949
5658,33955
5659,33961
5660,33967
5661,33973
5662,33979
5663,33985
5664,33991
5665,33997
5666,34003
5667,34009
5668,34015
5669,34021
5670,34027
5671,34033
5672,34039
5673,34045
5674,34051
5675,34057
5676,34063
5677,34069
5678,34075
5679,34081
5680,34087
5681,34093
5682,34099
5683,34105
5684,34111
5685,34117
5686,34123
5687,34129
5688,34135
5689,34141
5690,34147
5691,34153
5692,34159
5693,34165
5694,34171
5695,34177
5696,34183
5697,34189
5698,34195
5699,34201
5700,34207
5701,34213
5702,34219
5703,34225
5704,34231
5705,34237
5706,34243
5707,34249
5708,34255
5709,34261
5710,34267
5711,34273
5712,34279
5713,34285
5714,34291
5715,34297
5716,34303
5717,34309
5718,34315
5719,34321
5720,34327
5721,34333
5722,34339
5723,34345
5724,34351
5725,34357
5726,34363
5727,34369
5728,34375
5729,34381
5730,34387
5731,34393
5732,34399
5733,34405
5734,34411
5735,34417
5736,34423
5737,34429
5738,34435
5739,34441
5740,34447
5741,34453
5742,34459
5743,34465
5744,34471
5745,34477
5746,34483
5747,34489
5748,34495
5749,34501
5750,34507
5751,34513
5752,34519
5753,34525
5754,34531
5755,34537
5756,34543
5757,34549
5758,34555
5759,34561
5760,34567
5761,34573
5762,34579
5763,34585
5764,34591
5765,34597
5766,34603
5767,34609
5768,34615
5769,34621
5770,34627
5771,34633
5772,34639
5773,34645
5774,34651
5775,34657
5776,34663
5777,34669
5778,34675
5779,34681
5780,34687
5781,34693
5782,34699
5783,34705
5784,34711
5785,34717
5786,34723
5787,34729
5788,34735
5789,34741
5790,34747
5791,34753
5792,34759
5793,34765
5794,34771
5795,34777
5796,34783
5797,34789
5798,34795
5799,34801
5800,34807
5801,34813
5802,34819
5803,34825
5804,34831
5805,34837
5806,34843
5807,34849
5808,34855
5809,34861
5810,34867
5811,34873
5812,34879
5813,34885
5814,34891
5815,34897
5816,34903
5817,34909
5818,34915
5819,34921
5820,34927
5821,34933
5822,34939
5823,34945
5824,34951
5825,34957
5826,34963
5827,34969
5828,34975
5829,34981
5830,34987
5831,34993
5832,34999
5833,35005
5834,35011
5835,35017
5836,35023
5837,35029
5838,35035
5839,35041
5840,35047
5841,35053
5842,35059
5843,35065
5844,35071
5845,35077
5846,35083
5847,35089
5848,35095
5849,35101
5850,35107
5851,35113
5852,35119
5853,35125
5854,35131
5855,35137
5856,35143
5857,35149
5858,35155
5859,35161
5860,35167
5861,35173
5862,35179
5863,35185
5864,35191
5865,35197
5866,35203
5867,35209
5868,35215
5869,35221
5870,35227
5871,35233
5872,35239
5873,35245
5874,35251
5875,35257
5876,35263
5877,35269
5878,35275
5879,35281
5880,35287
5881,35293
5882,35299
5883,35305
5884,35311
5885,35317
5886,35323
5887,35329
5888,35335
5889,35341
5890,35347
5891,35353
5892,35359
5893,35365
5894,35371
5895,35377
5896,35383
5897,35389
5898,35395
5899,35401
5900,35407
5901,35413
5902,35419
5903,35425
5904,35431
5905,35437
5906,35443
5907,35449
5908,35455
5909,35461
5910,35467
5911,35473
5912,35479
5913,35485
5914,35491
5915,35497
5916,35503
5917,35509
5918,35515
5919,35521
5920,35527
5921,35533
5922,35539
5923,35545
5924,35551
5925,35557
5926,35563
5927,35569
5928,35575
5929,35581
5930,35587
5931,35593
5932,35599
5933,35605
5934,35611
5935,35617
5936,35623
5937,35629
5938,35635
5939,35641
5940,35647
5941,35653
5942,35659
5943,35665
5944,35671
5945,35677
5946,35683
5947,35689
5948,35695
5949,35701
5950,35707
5951,35713
5952,35719
5953,35725
5954,35731
5955,35737
5956,35743
5957,35749
5958,35755
5959,35761
5960,35767
5961,35773
5962,35779
5963,35785
5964,35791
5965,35797
5966,35803
5967,35809
5968,35815
5969,35821
5970,35827
5971,35833
5972,35839
5973,35845
5974,35851
5975,35857
5976,35863
5977,35869
5978,35875
5979,35881
5980,35887
5981,35893
5982,35899
5983,35905
5984,35911
5985,35917
5986,35923
5987,35929
5988,35935
5989,35941
5990,35947
5991,35953
5992,35959
5993,35965
5994,35971
5995,35977
5996,35983
5997,35989
5998,35995
5999,36001
6000,36007
6001,36013
6002,36019
6003,36025
6004,36031
6005,36037
6006,36043
6007,36049
6008,36055
6009,36061
6010,36067
6011,36073
6012,36079
6013,36085
6014,36091
6015,36097
6016,36103
6017,36109
6018,36115
6019,36121
6020,36127
6021,36133
6022,36139
6023,36145
6024,36151
6025,36157
6026,36163
6027,36169
6028,36175
6029,36181
6030,36187
6031,36193
6032,36199
6033,36205
6034,36211
6035,36217
6036,36223
6037,36229
6038,36235
6039,36241
6040,36247
6041,36253
6042,36259
6043,36265
6044,36271
6045,36277
6046,36283
6047,36289
6048,36295
6049,36301
6050,36307
6051,36313
6052,36319
6053,36325
6054,36331
6055,36337
6056,36343
6057,36349
6058,36355
6059,36361
6060,36367
6061,36373
6062,36379
6063,36385
6064,36391
6065,36397
6066,36403
6067,36409
6068,36415
6069,36421
6070,36427
6071,36433
6072,36439
6073,36445
6074,36451
6075,36457
6076,36463
6077,36469
6078,36475
6079,36481
6080,36487
6081,36493
6082,36499
6083,36505
6084,36511
6085,36517
6086,36523
6087,36529
6088,36535
6089,36541
6090,36547
6091,36553
6092,36559
6093,36565
6094,36571
6095,36577
6096,36583
6097,36589
6098,36595
6099,36601
6100,36607
6101,36613
6102,36619
6103,36625
6104,36631
6105,36637
6106,36643
6107,36649
6108,36655
6109,36661
6110,36667
6111,36673
6112,36679
6113,36685
6114,36691
6115,36697
6116,36703
6117,36709
6118,36715
6119,36721
6120,36727
6121,36733
6122,36739
6123,36745
6124,36751
6125,36757
6126,36763
6127,36769
6128,36775
6129,36781
6130,36787
6131,36793
6132,36799
6133,36805
6134,36811
6135,36817
6136,36823
6137,36829
6138,36835
6139,36841
6140,36847
6141,36853
6142,36859
6143,36865
6144,36871
6145,36877
6146,36883
6147,36889
6148,36895
6149,36901
6150,36907
6151,36913
6152,36919
6153,36925
6154,36931
6155,36937
6156,36943
6157,36949
6158,36955
6159,36961
6160,36967
6161,36973
6162,36979
6163,36985
6164,36991
6165,36997
6166,37003
6167,37009
6168,37015
6169,37021
6170,37027
6171,37033
6172,37039
6173,37045
6174,37051
6175,37057
6176,37063
6177,37069
6178,37075
6179,37081
6180,37087
6181,37093
6182,37099
6183,37105
6184,37111
6185,37117
6186,37123
6187,37129
6188,37135
6189,37141
6190,37147
6191,37153
6192,37159
6193,37165
6194,37171
6195,37177
6196,37183
6197,37189
6198,37195
6199,37201
6200,37207
6201,37213
6202,37219
6203,37225
6204,37231
6205,37237
6206,37243
6207,37249
6208,37255
6209,37261
6210,37267
6211,37273
6212,37279
6213,37285
6214,37291
6215,37297
6216,37303
6217,37309
6218,37315
6219,37321
6220,37327
6221,37333
6222,37339
6223,37345
6224,37351
6225,37357
6226,37363
6227,37369
6228,37375
6229,37381
6230,37387
6231,37393
6232,37399
6233,37405
6234,37411
6235,37417
6236,37423
6237,37429
6238,37435
6239,37441
6240,37447
6241,37453
6242,37459
6243,37465
6244,37471
6245,37477
6246,37483
6247,37489
6248,37495
6249,37501
6250,37507
6251,37513
6252,37519
6253,37525
6254,37531
6255,37537
6256,37543
6257,37549
6258,37555
6259,37561
6260,37567
6261,37573
6262,37579
6263,37585
6264,37591
6265,37597
6266,37603
6267,37609
6268,37615
6269,37621
6270,37627
6271,37633
6272,37639
6273,37645
6274,37651
6275,37657
6276,37663
6277,37669
6278,37675
6279,37681
6280,37687
6281,37693
6282,37699
6283,37705
6284,37711
6285,37717
6286,37723
6287,37729
6288,37735
6289,37741
6290,37747
6291,37753
6292,37759
6293,37765
6294,37771
6295,37777
6296,37783
6297,37789
6298,37795
6299,37801
6300,37807
6301,37813
6302,37819
6303,37825
6304,37831
6305,37837
6306,37843
6307,37849
6308,37855
6309,37861
6310,37867
6311,37873
6312,37879
6313,37885
6314,37891
6315,37897
6316,37903
6317,37909
6318,37915
6319,37921
6320,37927
6321,37933
6322,37939
6323,37945
6324,37951
6325,37957
6326,37963
6327,37969
6328,37975
6329,37981
6330,37987
6331,37993
6332,37999
6333,38005
6334,38011
6335,38017
6336,38023
6337,38029
6338,38035
6339,38041
6340,38047
6341,38053
6342,38059
6343,38065
6344,38071
6345,38077
6346,38083
6347,38089
6348,38095
6349,38101
6350,38107
6351,38113
6352,38119
6353,38125
6354,38131
6355,38137
6356,38143
6357,38149
6358,38155
6359,38161
6360,38167
6361,38173
6362,38179
6363,38185
6364,38191
6365,38197
6366,38203
6367,38209
6368,38215
6369,38221
6370,38227
6371,38233
6372,38239
6373,38245
6374,38251
6375,38257
6376,38263
6377,38269
6378,38275
6379,38281
6380,38287
6381,38293
6382,38299
6383,38305
6384,38311
6385,38317
6386,38323
6387,38329
6388,38335
6389,38341
6390,38347
6391,38353
6392,38359
6393,38365
6394,38371
6395,38377
6396,38383
6397,38389
6398,38395
6399,38401
6400,38407
6401,38413
6402,38419
6403,38425
6404,38431
6405,38437
6406,38443
6407,38449
6408,38455
6409,38461
6410,38467
6411,38473
6412,38479
6413,38485
6414,38491
6415,38497
6416,38503
6417,38509
6418,38515
6419,38521
6420,38527
6421,38533
6422,38539
6423,38545
6424,38551
6425,38557
6426,38563
6427,38569
6428,38575
6429,38581
6430,38587
6431,38593
6432,38599
6433,38605
6434,38611
6435,38617
6436,38623
6437,38629
6438,38635
6439,38641
6440,38647
6441,38653
6442,38659
6443,38665
6444,38671
6445,38677
6446,38683
6447,38689
6448,38695
6449,38701
6450,38707
6451,38713
6452,38719
6453,38725
6454,38731
6455,38737
6456,38743
6457,38749
6458,38755
6459,38761
6460,38767
6461,38773
6462,38779
6463,38785
6464,38791
6465,38797
6466,38803
6467,38809
6468,38815
6469,38821
6470,38827
6471,38833
6472,38839
6473,38845
6474,38851
6475,38857
6476,38863
6477,38869
6478,38875
6479,38881
6480,38887
6481,38893
6482,38899
6483,38905
6484,38911
6485,38917
6486,38923
6487,38929
6488,38935
6489,38941
6490,38947
6491,38953
6492,38959
6493,38965
6494,38971
6495,38977
6496,38983
6497,38989
6498,38995
6499,39001
6500,39007
6501,39013
6502,39019
6503,39025
6504,39031
6505,39037
6506,39043
6507,39049
6508,39055
6509,39061
6510,39067
6511,39073
6512,39079
6513,39085
6514,39091
6515,39097
6516,39103
6517,39109
6518,39115
6519,39121
6520,39127
6521,39133
6522,39139
6523,39145
6524,39151
6525,39157
6526,39163
6527,39169
6528,39175
6529,39181
6530,39187
6531,39193
6532,39199
6533,39205
6534,39211
6535,39217
6536,39223
6537,39229
6538,39235
6539,39241
6540,39247
6541,39253
6542,39259
6543,39265
6544,39271
6545,39277
6546,39283
6547,39289
6548,39295
6549,39301
6550,39307
6551,39313
6552,39319
6553,39325
6554,39331
6555,39337
6556,39343
6557,39349
6558,39355
6559,39361
6560,39367
6561,39373
6562,39379
6563,39385
6564,39391
6565,39397
6566,39403
6567,39409
6568,39415
6569,39421
6570,39427
6571,39433
6572,39439
6573,39445
6574,39451
6575,39457
6576,39463
6577,39469
6578,39475
6579,39481
6580,39487
6581,39493
6582,39499
6583,39505
6584,39511
6585,39517
6586,39523
6587,39529
6588,39535
6589,39541
6590,39547
6591,39553
6592,39559
6593,39565
6594,39571
6595,39577
6596,39583
6597,39589
6598,39595
6599,39601
6600,39607
6601,39613
6602,39619
6603,39625
6604,39631
6605,39637
6606,39643
6607,39649
6608,39655
6609,39661
6610,39667
6611,39673
6612,39679
6613,39685
6614,39691
6615,39697
6616,39703
6617,39709
6618,39715
6619,39721
6620,39727
6621,39733
6622,39739
6623,39745
6624,39751
6625,39757
6626,39763
6627,39769
6628,39775
6629,39781
6630,39787
6631,39793
6632,39799
6633,39805
6634,39811
6635,39817
6636,39823
6637,39829
6638,39835
6639,39841
6640,39847
6641,39853
6642,39859
6643,39865
6644,39871
6645,39877
6646,39883
6647,39889
6648,39895
6649,39901
6650,39907
6651,39913
6652,39919
6653,39925
6654,39931
6655,39937
6656,39943
6657,39949
6658,39955
6659,39961
6660,39967
6661,39973
6662,39979
6663,39985
6664,39991
6665,39997
6666,40003
6667,40009
6668,40015
6669,40021
6670,40027
6671,40033
6672,40039
6673,40045
6674,40051
6675,40057
6676,40063
6677,40069
6678,40075
6679,40081
6680,40087
6681,40093
6682,40099
6683,40105
6684,40111
6685,40117
6686,40123
6687,40129
6688,40135
6689,40141
6690,40147
6691,40153
6692,40159
6693,40165
6694,40171
6695,40177
6696,40183
6697,40189
6698,40195
6699,40201
6700,40207
6701,40213
6702,40219
6703,40225
6704,40231
6705,40237
6706,40243
6707,40249
6708,40255
6709,40261
6710,40267
6711,40273
6712,40279
6713,40285
6714,40291
6715,40297
6716,40303
6717,40309
6718,40315
6719,40321
6720,40327
6721,40333
6722,40339
6723,40345
6724,40351
6725,40357
6726,40363
6727,40369
6728,40375
6729,40381
6730,40387
6731,40393
6732,40399
6733,40405
6734,40411
6735,40417
6736,40423
6737,40429
6738,40435
6739,40441
6740,40447
6741,40453
6742,40459
6743,40465
6744,40471
6745,40477
6746,40483
6747,40489
6748,40495
6749,40501
6750,40507
6751,40513
6752,40519
6753,40525
6754,40531
6755,40537
6756,40543
6757,40549
6758,40555
6759,40561
6760,40567
6761,40573
6762,40579
6763,40585
6764,40591
6765,40597
6766,40603
6767,40609
6768,40615
6769,40621
6770,40627
6771,40633
6772,40639
6773,40645
6774,40651
6775,40657
6776,40663
6777,40669
6778,40675
6779,40681
6780,40687
6781,40693
6782,40699
6783,40705
6784,40711
6785,40717
6786,40723
6787,40729
6788,40735
6789,40741
6790,40747
6791,40753
6792,40759
6793,40765
6794,40771
6795,40777
6796,40783
6797,40789
6798,40795
6799,40801
6800,40807
6801,40813
6802,40819
6803,40825
6804,40831
6805,40837
6806,40843
6807,40849
6808,40855
6809,40861
6810,40867
6811,40873
6812,40879
6813,40885
6814,40891
6815,40897
6816,40903
6817,40909
6818,40915
6819,40921
6820,40927
6821,40933
6822,40939
6823,40945
6824,40951
6825,40957
6826,40963
6827,40969
6828,40975
6829,40981
6830,40987
6831,40993
6832,40999
6833,41005
6834,41011
6835,41017
6836,41023
6837,41029
6838,41035
6839,41041
6840,41047
6841,41053
6842,41059
6843,41065
6844,41071
6845,41077
6846,41083
6847,41089
6848,41095
6849,41101
6850,41107
6851,41113
6852,41119
6853,41125
6854,41131
6855,41137
6856,41143
6857,41149
6858,41155
6859,41161
6860,41167
6861,41173
6862,41179
6863,41185
6864,41191
6865,41197
6866,41203
6867,41209
6868,41215
6869,41221
6870,41227
6871,41233
6872,41239
6873,41245
6874,41251
6875,41257
6876,41263
6877,41269
6878,41275
6879,41281
6880,41287
6881,41293
6882,41299
6883,41305
6884,41311
6885,41317
6886,41323
6887,41329
6888,41335
6889,41341
6890,41347
6891,41353
6892,41359
6893,41365
6894,41371
6895,41377
6896,41383
6897,41389
6898,41395
6899,41401
6900,41407
6901,41413
6902,41419
6903,41425
6904,41431
6905,41437
6906,41443
6907,41449
6908,41455
6909,41461
6910,41467
6911,41473
6912,41479
6913,41485
6914,41491
6915,41497
6916,41503
6917,41509
6918,41515
6919,41521
6920,41527
6921,41533
6922,41539
6923,41545
6924,41551
6925,41557
6926,41563
6927,41569
6928,41575
6929,41581
6930,41587
6931,41593
6932,41599
6933,41605
6934,41611
6935,41617
6936,41623
6937,41629
6938,41635
6939,41641
6940,41647
6941,41653
6942,41659
6943,41665
6944,41671
6945,41677
6946,41683
6947,41689
6948,41695
6949,41701
6950,41707
6951,41713
6952,41719
6953,41725
6954,41731
6955,41737
6956,41743
6957,41749
6958,41755
6959,41761
6960,41767
6961,41773
6962,41779
6963,41785
6964,41791
6965,41797
6966,41803
6967,41809
6968,41815
6969,41821
6970,41827
6971,41833
6972,41839
6973,41845
6974,41851
6975,41857
6976,41863
6977,41869
6978,41875
6979,41881
6980,41887
6981,41893
6982,41899
6983,41905
6984,41911
6985,41917
6986,41923
6987,41929
6988,41935
6989,41941
6990,41947
6991,41953
6992,41959
6993,41965
6994,41971
6995,41977
6996,41983
6997,41989
6998,41995
6999,42001
7000,42007
7001,42013
7002,42019
7003,42025
7004,42031
7005,42037
7006,42043
7007,42049
7008,42055
7009,42061
7010,42067
7011,42073
7012,42079
7013,42085
7014,42091
7015,42097
7016,42103
7017,42109
7018,42115
7019,42121
7020,42127
7021,42133
7022,42139
7023,42145
7024,42151
7025,42157
7026,42163
7027,42169
7028,42175
7029,42181
7030,42187
7031,42193
7032,42199
7033,42205
7034,42211
7035,42217
7036,42223
7037,42229
7038,42235
7039,42241
7040,42247
7041,42253
7042,42259
7043,42265
7044,42271
7045,42277
7046,42283
7047,42289
7048,42295
7049,42301
7050,42307
7051,42313
7052,42319
7053,42325
7054,42331
7055,42337
7056,42343
7057,42349
7058,42355
7059,42361
7060,42367
7061,42373
7062,42379
7063,42385
7064,42391
7065,42397
7066,42403
7067,42409
7068,42415
7069,42421
7070,42427
7071,42433
7072,42439
7073,42445
7074,42451
7075,42457
7076,42463
7077,42469
7078,42475
7079,42481
7080,42487
7081,42493
7082,42499
7083,42505
7084,42511
7085,42517
7086,42523
7087,42529
7088,42535
7089,42541
7090,42547
7091,42553
7092,42559
7093,42565
7094,42571
7095,42577
7096,42583
7097,42589
7098,42595
7099,42601
7100,42607
7101,42613
7102,42619
7103,42625
7104,42631
7105,42637
7106,42643
7107,42649
7108,42655
7109,42661
7110,42667
7111,42673
7112,42679
7113,42685
7114,42691
7115,42697
7116,42703
7117,42709
7118,42715
7119,42721
7120,42727
7121,42733
7122,42739
7123,42745
7124,42751
7125,42757
7126,42763
7127,42769
7128,42775
7129,42781
7130,42787
7131,42793
7132,42799
7133,42805
7134,42811
7135,42817
7136,42823
7137,42829
7138,42835
7139,42841
7140,42847
7141,42853
7142,42859
7143,42865
7144,42871
7145,42877
7146,42883
7147,42889
7148,42895
7149,42901
7150,42907
7151,42913
7152,42919
7153,42925
7154,42931
7155,42937
7156,42943
7157,42949
7158,42955
7159,42961
7160,42967
7161,42973
7162,42979
7163,42985
7164,42991
7165,42997
7166,43003
7167,43009
7168,43015
7169,43021
7170,43027
7171,43033
7172,43039
7173,43045
7174,43051
7175,43057
7176,43063
7177,43069
7178,43075
7179,43081
7180,43087
7181,43093
7182,43099
7183,43105
7184,43111
7185,43117
7186,43123
7187,43129
7188,43135
7189,43141
7190,43147
7191,43153
7192,43159
7193,43165
7194,43171
7195,43177
7196,43183
7197,43189
7198,43195
7199,43201
7200,43207
7201,43213
7202,43219
7203,43225
7204,43231
7205,43237
7206,43243
7207,43249
7208,43255
7209,43261
7210,43267
7211,43273
7212,43279
7213,43285
7214,43291
7215,43297
7216,43303
7217,43309
7218,43315
7219,43321
7220,43327
7221,43333
7222,43339
7223,43345
7224,43351
7225,43357
7226,43363
7227,43369
7228,43375
7229,43381
7230,43387
7231,43393
7232,43399
7233,43405
7234,43411
7235,43417
7236,43423
7237,43429
7238,43435
7239,43441
7240,43447
7241,43453
7242,43459
7243,43465
7244,43471
7245,43477
7246,43483
7247,43489
7248,43495
7249,43501
7250,43507
7251,43513
7252,43519
7253,43525
7254,43531
7255,43537
7256,43543
7257,43549
7258,43555
7259,43561
7260,43567
7261,43573
7262,43579
7263,43585
7264,43591
7265,43597
7266,43603
7267,43609
7268,43615
7269,43621
7270,43627
7271,43633
7272,43639
7273,43645
7274,43651
7275,43657
7276,43663
7277,43669
7278,43675
7279,43681
7280,43687
7281,43693
7282,43699
7283,43705
7284,43711
7285,43717
7286,43723
7287,43729
7288,43735
7289,43741
7290,43747
7291,43753
7292,43759
7293,43765
7294,43771
7295,43777
7296,43783
7297,43789
7298,43795
7299,43801
7300,43807
7301,43813
7302,43819
7303,43825
7304,43831
7305,43837
7306,43843
7307,43849
7308,43855
7309,43861
7310,43867
7311,43873
7312,43879
7313,43885
7314,43891
7315,43897
7316,43903
7317,43909
7318,43915
7319,43921
7320,43927
7321,43933
7322,43939
7323,43945
7324,43951
7325,43957
7326,43963
7327,43969
7328,43975
7329,43981
7330,43987
7331,43993
7332,43999
7333,44005
7334,44011
7335,44017
7336,44023
7337,44029
7338,44035
7339,44041
7340,44047
7341,44053
7342,44059
7343,44065
7344,44071
7345,44077
7346,44083
7347,44089
7348,44095
7349,44101
7350,44107
7351,44113
7352,44119
7353,44125
7354,44131
7355,44137
7356,44143
7357,44149
7358,44155
7359,44161
7360,44167
7361,44173
7362,44179
7363,44185
7364,44191
7365,44197
7366,44203
7367,44209
7368,44215
7369,44221
7370,44227
7371,44233
7372,44239
7373,44245
7374,44251
7375,44257
7376,44263
7377,44269
7378,44275
7379,44281
7380,44287
7381,44293
7382,44299
7383,44305
7384,44311
7385,44317
7386,44323
7387,44329
7388,44335
7389,44341
7390,44347
7391,44353
7392,44359
7393,44365
7394,44371
7395,44377
7396,44383
7397,44389
7398,44395
7399,44401
7400,44407
7401,44413
7402,44419
7403,44425
7404,44431
7405,44437
7406,44443
7407,44449
7408,44455
7409,44461
7410,44467
7411,44473
7412,44479
7413,44485
7414,44491
7415,44497
7416,44503
7417,44509
7418,44515
7419,44521
7420,44527
7421,44533
7422,44539
7423,44545
7424,44551
7425,44557
7426,44563
7427,44569
7428,44575
7429,44581
7430,44587
7431,44593
7432,44599
7433,44605
7434,44611
7435,44617
7436,44623
7437,44629
7438,44635
7439,44641
7440,44647
7441,44653
7442,44659
7443,44665
7444,44671
7445,44677
7446,44683
7447,44689
7448,44695
7449,44701
7450,44707
7451,44713
7452,44719
7453,44725
7454,44731
7455,44737
7456,44743
7457,44749
7458,44755
7459,44761
7460,44767
7461,44773
7462,44779
7463,44785
7464,44791
7465,44797
7466,44803
7467,44809
7468,44815
7469,44821
7470,44827
7471,44833
7472,44839
7473,44845
7474,44851
7475,44857
7476,44863
7477,44869
7478,44875
7479,44881
7480,44887
7481,44893
7482,44899
7483,44905
7484,44911
7485,44917
7486,44923
7487,44929
7488,44935
7489,44941
7490,44947
7491,44953
7492,44959
7493,44965
7494,44971
7495,44977
7496,44983
7497,44989
7498,44995
7499,45001
7500,45007
7501,45013
7502,45019
7503,45025
7504,45031
7505,45037
7506,45043
7507,45049
7508,45055
7509,45061
7510,45067
7511,45073
7512,45079
7513,45085
7514,45091
7515,45097
7516,45103
7517,45109
7518,45115
7519,45121
7520,45127
7521,45133
7522,45139
7523,45145
7524,45151
7525,45157
7526,45163
7527,45169
7528,45175
7529,45181
7530,45187
7531,45193
7532,45199
7533,45205
7534,45211
7535,45217
7536,45223
7537,45229
7538,45235
7539,45241
7540,45247
7541,45253
7542,45259
7543,45265
7544,45271
7545,45277
7546,45283
7547,45289
7548,45295
7549,45301
7550,45307
7551,45313
7552,45319
7553,45325
7554,45331
7555,45337
7556,45343
7557,45349
7558,45355
7559,45361
7560,45367
7561,45373
7562,45379
7563,45385
7564,45391
7565,45397
7566,45403
7567,45409
7568,45415
7569,45421
7570,45427
7571,45433
7572,45439
7573,45445
7574,45451
7575,45457
7576,45463
7577,45469
7578,45475
7579,45481
7580,45487
7581,45493
7582,45499
7583,45505
7584,45511
7585,45517
7586,45523
7587,45529
7588,45535
7589,45541
7590,45547
7591,45553
7592,45559
7593,45565
7594,45571
7595,45577
7596,45583
7597,45589
7598,45595
7599,45601
7600,45607
7601,45613
7602,45619
7603,45625
7604,45631
7605,45637
7606,45643
7607,45649
7608,45655
7609,45661
7610,45667
7611,45673
7612,45679
7613,45685
7614,45691
7615,45697
7616,45703
7617,45709
7618,45715
7619,45721
7620,45727
7621,45733
7622,45739
7623,45745
7624,45751
7625,45757
7626,45763
7627,45769
7628,45775
7629,45781
7630,45787
7631,45793
7632,45799
7633,45805
7634,45811
7635,45817
7636,45823
7637,45829
7638,45835
7639,45841
7640,45847
7641,45853
7642,45859
7643,45865
7644,45871
7645,45877
7646,45883
7647,45889
7648,45895
7649,45901
7650,45907
7651,45913
7652,45919
7653,45925
7654,45931
7655,45937
7656,45943
7657,45949
7658,45955
7659,45961
7660,45967
7661,45973
7662,45979
7663,45985
7664,45991
7665,45997
7666,46003
7667,46009
7668,46015
7669,46021
7670,46027
7671,46033
7672,46039
7673,46045
7674,46051
7675,46057
7676,46063
7677,46069
7678,46075
7679,46081
7680,46087
7681,46093
7682,46099
7683,46105
7684,46111
7685,46117
7686,46123
7687,46129
7688,46135
7689,46141
7690,46147
7691,46153
7692,46159
7693,46165
7694,46171
7695,46177
7696,46183
7697,46189
7698,46195
7699,46201
7700,46207
7701,46213
7702,46219
7703,46225
7704,46231
7705,46237
7706,46243
7707,46249
7708,46255
7709,46261
7710,46267
7711,46273
7712,46279
7713,46285
7714,46291
7715,46297
7716,46303
7717,46309
7718,46315
7719,46321
7720,46327
7721,46333
7722,46339
7723,46345
7724,46351
7725,46357
7726,46363
7727,46369
7728,46375
7729,46381
7730,46387
7731,46393
7732,46399
7733,46405
7734,46411
7735,46417
7736,46423
7737,46429
7738,46435
7739,46441
7740,46447
7741,46453
7742,46459
7743,46465
7744,46471
7745,46477
7746,46483
7747,46489
7748,46495
7749,46501
7750,46507
7751,46513
7752,46519
7753,46525
7754,46531
7755,46537
7756,46543
7757,46549
7758,46555
7759,46561
7760,46567
7761,46573
7762,46579
7763,46585
7764,46591
7765,46597
7766,46603
7767,46609
7768,46615
7769,46621
7770,46627
7771,46633
7772,46639
7773,46645
7774,46651
7775,46657
7776,46663
7777,46669
7778,46675
7779,46681
7780,46687
7781,46693
7782,46699
7783,46705
7784,46711
7785,46717
7786,46723
7787,46729
7788,46735
7789,46741
7790,46747
7791,46753
7792,46759
7793,46765
7794,46771
7795,46777
7796,46783
7797,46789
7798,46795
7799,46801
7800,46807
7801,46813
7802,46819
7803,46825
7804,46831
7805,46837
7806,46843
7807,46849
7808,46855
7809,46861
7810,46867
7811,46873
7812,46879
7813,46885
7814,46891
7815,46897
7816,46903
7817,46909
7818,46915
7819,46921
7820,46927
7821,46933
7822,46939
7823,46945
7824,46951
7825,46957
7826,46963
7827,46969
7828,46975
7829,46981
7830,46987
7831,46993
7832,46999
7833,47005
7834,47011
7835,47017
7836,47023
7837,47029
7838,47035
7839,47041
7840,47047
7841,47053
7842,47059
7843,47065
7844,47071
7845,47077
7846,47083
7847,47089
7848,47095
7849,47101
7850,47107
7851,47113
7852,47119
7853,47125
7854,47131
7855,47137
7856,47143
7857,47149
7858,47155
7859,47161
7860,47167
7861,47173
7862,47179
7863,47185
7864,47191
7865,47197
7866,47203
7867,47209
7868,47215
7869,47221
7870,47227
7871,47233
7872,47239
7873,47245
7874,47251
7875,47257
7876,47263
7877,47269
7878,47275
7879,47281
7880,47287
7881,47293
7882,47299
7883,47305
7884,47311
7885,47317
7886,47323
7887,47329
7888,47335
7889,47341
7890,47347
7891,47353
7892,47359
7893,47365
7894,47371
7895,47377
7896,47383
7897,47389
7898,47395
7899,47401
7900,47407
7901,47413
7902,47419
7903,47425
7904,47431
7905,47437
7906,47443
7907,47449
7908,47455
7909,47461
7910,47467
7911,47473
7912,47479
7913,47485
7914,47491
7915,47497
7916,47503
7917,47509
7918,47515
7919,47521
7920,47527
7921,47533
7922,47539
7923,47545
7924,47551
7925,47557
7926,47563
7927,47569
7928,47575
7929,47581
7930,47587
7931,47593
7932,47599
7933,47605
7934,47611
7935,47617
7936,47623
7937,47629
7938,47635
7939,47641
7940,47647
7941,47653
7942,47659
7943,47665
7944,47671
7945,47677
7946,47683
7947,47689
7948,47695
7949,47701
7950,47707
7951,47713
7952,47719
7953,47725
7954,47731
7955,47737
7956,47743
7957,47749
7958,47755
7959,47761
7960,47767
7961,47773
7962,47779
7963,47785
7964,47791
7965,47797
7966,47803
7967,47809
7968,47815
7969,47821
7970,47827
7971,47833
7972,47839
7973,47845
7974,47851
7975,47857
7976,47863
7977,47869
7978,47875
7979,47881
7980,47887
7981,47893
7982,47899
7983,47905
7984,47911
7985,47917
7986,47923
7987,47929
7988,47935
7989,47941
7990,47947
7991,47953
7992,47959
7993,47965
7994,47971
7995,47977
7996,47983
7997,47989
7998,47995
7999,48001
8000,48007
8001,48013
8002,48019
8003,48025
8004,48031
8005,48037
8006,48043
8007,48049
8008,48055
8009,48061
8010,48067
8011,48073
8012,48079
8013,48085
8014,48091
8015,48097
8016,48103
8017,48109
8018,48115
8019,48121
8020,48127
8021,48133
8022,48139
8023,48145
8024,48151
8025,48157
8026,48163
8027,48169
8028,48175
8029,48181
8030,48187
8031,48193
8032,48199
8033,48205
8034,48211
8035,48217
8036,48223
8037,48229
8038,48235
8039,48241
8040,48247
8041,48253
8042,48259
8043,48265
8044,48271
8045,48277
8046,48283
8047,48289
8048,48295
8049,48301
8050,48307
8051,48313
8052,48319
8053,48325
8054,48331
8055,48337
8056,48343
8057,48349
8058,48355
8059,48361
8060,48367
8061,48373
8062,48379
8063,48385
8064,48391
8065,48397
8066,48403
8067,48409
8068,48415
8069,48421
8070,48427
8071,48433
8072,48439
8073,48445
8074,48451
8075,48457
8076,48463
8077,48469
8078,48475
8079,48481
8080,48487
8081,48493
8082,48499
8083,48505
8084,48511
8085,48517
8086,48523
8087,48529
8088,48535
8089,48541
8090,48547
8091,48553
8092,48559
8093,48565
8094,48571
8095,48577
8096,48583
8097,48589
8098,48595
8099,48601
8100,48607
8101,48613
8102,48619
8103,48625
8104,48631
8105,48637
8106,48643
8107,48649
8108,48655
8109,48661
8110,48667
8111,48673
8112,48679
8113,48685
8114,48691
8115,48697
8116,48703
8117,48709
8118,48715
8119,48721
8120,48727
8121,48733
8122,48739
8123,48745
8124,48751
8125,48757
8126,48763
8127,48769
8128,48775
8129,48781
8130,48787
8131,48793
8132,48799
8133,48805
8134,48811
8135,48817
8136,48823
8137,48829
8138,48835
8139,48841
8140,48847
8141,48853
8142,48859
8143,48865
8144,48871
8145,48877
8146,48883
8147,48889
8148,48895
8149,48901
8150,48907
8151,48913
8152,48919
8153,48925
8154,48931
8155,48937
8156,48943
8157,48949
8158,48955
8159,48961
8160,48967
8161,48973
8162,48979
8163,48985
8164,48991
8165,48997
8166,49003
8167,49009
8168,49015
8169,49021
8170,49027
8171,49033
8172,49039
8173,49045
8174,49051
8175,49057
8176,49063
8177,49069
8178,49075
8179,49081
8180,49087
8181,49093
8182,49099
8183,49105
8184,49111
8185,49117
8186,49123
8187,49129
8188,49135
8189,49141
8190,49147
8191,49153
8192,49159
8193,49165
8194,49171
8195,49177
8196,49183
8197,49189
8198,49195
8199,49201
8200,49207
8201,49213
8202,49219
8203,49225
8204,49231
8205,49237
8206,49243
8207,49249
8208,49255
8209,49261
8210,49267
8211,49273
8212,49279
8213,49285
8214,49291
8215,49297
8216,49303
8217,49309
8218,49315
8219,49321
8220,49327
8221,49333
8222,49339
8223,49345
8224,49351
8225,49357
8226,49363
8227,49369
8228,49375
8229,49381
8230,49387
8231,49393
8232,49399
8233,49405
8234,49411
8235,49417
8236,49423
8237,49429
8238,49435
8239,49441
8240,49447
8241,49453
8242,49459
8243,49465
8244,49471
8245,49477
8246,49483
8247,49489
8248,49495
8249,49501
8250,49507
8251,49513
8252,49519
8253,49525
8254,49531
8255,49537
8256,49543
8257,49549
8258,49555
8259,49561
8260,49567
8261,49573
8262,49579
8263,49585
8264,49591
8265,49597
8266,49603
8267,49609
8268,49615
8269,49621
8270,49627
8271,49633
8272,49639
8273,49645
8274,49651
8275,49657
8276,49663
8277,49669
8278,49675
8279,49681
8280,49687
8281,49693
8282,49699
8283,49705
8284,49711
8285,49717
8286,49723
8287,49729
8288,49735
8289,49741
8290,49747
8291,49753
8292,49759
8293,49765
8294,49771
8295,49777
8296,49783
8297,49789
8298,49795
8299,49801
8300,49807
8301,49813
8302,49819
8303,49825
8304,49831
8305,49837
8306,49843
8307,49849
8308,49855
8309,49861
8310,49867
8311,49873
8312,49879
8313,49885
8314,49891
8315,49897
8316,49903
8317,49909
8318,49915
8319,49921
8320,49927
8321,49933
8322,49939
8323,49945
8324,49951
8325,49957
8326,49963
8327,49969
8328,49975
8329,49981
8330,49987
8331,49993
8332,49999
8333,50005
8334,50011
8335,50017
8336,50023
8337,50029
8338,50035
8339,50041
8340,50047
8341,50053
8342,50059
8343,50065
8344,50071
8345,50077
8346,50083
8347,50089
8348,50095
8349,50101
8350,50107
8351,50113
8352,50119
8353,50125
8354,50131
8355,50137
8356,50143
8357,50149
8358,50155
8359,50161
8360,50167
8361,50173
8362,50179
8363,50185
8364,50191
8365,50197
8366,50203
8367,50209
8368,50215
8369,50221
8370,50227
8371,50233
8372,50239
8373,50245
8374,50251
8375,50257
8376,50263
8377,50269
8378,50275
8379,50281
8380,50287
8381,50293
8382,50299
8383,50305
8384,50311
8385,50317
8386,50323
8387,50329
8388,50335
8389,50341
8390,50347
8391,50353
8392,50359
8393,50365
8394,50371
8395,50377
8396,50383
8397,50389
8398,50395
8399,50401
8400,50407
8401,50413
8402,50419
8403,50425
8404,50431
8405,50437
8406,50443
8407,50449
8408,50455
8409,50461
8410,50467
8411,50473
8412,50479
8413,50485
8414,50491
8415,50497
8416,50503
8417,50509
8418,50515
8419,50521
8420,50527
8421,50533
8422,50539
8423,50545
8424,50551
8425,50557
8426,50563
8427,50569
8428,50575
8429,50581
8430,50587
8431,50593
8432,50599
8433,50605
8434,50611
8435,50617
8436,50623
8437,50629
8438,50635
8439,50641
8440,50647
8441,50653
8442,50659
8443,50665
8444,50671
8445,50677
8446,50683
8447,50689
8448,50695
8449,50701
8450,50707
8451,50713
8452,50719
8453,50725
8454,50731
8455,50737
8456,50743
8457,50749
8458,50755
8459,50761
8460,50767
8461,50773
8462,50779
8463,50785
8464,50791
8465,50797
8466,50803
8467,50809
8468,50815
8469,50821
8470,50827
8471,50833
8472,50839
8473,50845
8474,50851
8475,50857
8476,50863
8477,50869
8478,50875
8479,50881
8480,50887
8481,50893
8482,50899
8483,50905
8484,50911
8485,50917
8486,50923
8487,50929
8488,50935
8489,50941
8490,50947
8491,50953
8492,50959
8493,50965
8494,50971
8495,50977
8496,50983
8497,50989
8498,50995
8499,51001
8500,51007
8501,51013
8502,51019
8503,51025
8504,51031
8505,51037
8506,51043
8507,51049
8508,51055
8509,51061
8510,51067
8511,51073
8512,51079
8513,51085
8514,51091
8515,51097
8516,51103
8517,51109
8518,51115
8519,51121
8520,51127
8521,51133
8522,51139
8523,51145
8524,51151
8525,51157
8526,51163
8527,51169
8528,51175
8529,51181
8530,51187
8531,51193
8532,51199
8533,51205
8534,51211
8535,51217
8536,51223
8537,51229
8538,51235
8539,51241
8540,51247
8541,51253
8542,51259
8543,51265
8544,51271
8545,51277
8546,51283
8547,51289
8548,51295
8549,51301
8550,51307
8551,51313
8552,51319
8553,51325
8554,51331
8555,51337
8556,51343
8557,51349
8558,51355
8559,51361
8560,51367
8561,51373
8562,51379
8563,51385
8564,51391
8565,51397
8566,51403
8567,51409
8568,51415
8569,51421
8570,51427
8571,51433
8572,51439
8573,51445
8574,51451
8575,51457
8576,51463
8577,51469
8578,51475
8579,51481
8580,51487
8581,51493
8582,51499
8583,51505
8584,51511
8585,51517
8586,51523
8587,51529
8588,51535
8589,51541
8590,51547
8591,51553
8592,51559
8593,51565
8594,51571
8595,51577
8596,51583
8597,51589
8598,51595
8599,51601
8600,51607
8601,51613
8602,51619
8603,51625
8604,51631
8605,51637
8606,51643
8607,51649
8608,51655
8609,51661
8610,51667
8611,51673
8612,51679
8613,51685
8614,51691
8615,51697
8616,51703
8617,51709
8618,51715
8619,51721
8620,51727
8621,51733
8622,51739
8623,51745
8624,51751
8625,51757
8626,51763
8627,51769
8628,51775
8629,51781
8630,51787
8631,51793
8632,51799
8633,51805
8634,51811
8635,51817
8636,51823
8637,51829
8638,51835
8639,51841
8640,51847
8641,51853
8642,51859
8643,51865
8644,51871
8645,51877
8646,51883
8647,51889
8648,51895
8649,51901
8650,51907
8651,51913
8652,51919
8653,51925
8654,51931
8655,51937
8656,51943
8657,51949
8658,51955
8659,51961
8660,51967
8661,51973
8662,51979
8663,51985
8664,51991
8665,51997
8666,52003
8667,52009
8668,52015
8669,52021
8670,52027
8671,52033
8672,52039
8673,52045
8674,52051
8675,52057
8676,52063
8677,52069
8678,52075
8679,52081
8680,52087
8681,52093
8682,52099
8683,52105
8684,52111
8685,52117
8686,52123
8687,52129
8688,52135
8689,52141
8690,52147
8691,52153
8692,52159
8693,52165
8694,52171
8695,52177
8696,52183
8697,52189
8698,52195
8699,52201
8700,52207
8701,52213
8702,52219
8703,52225
8704,52231
8705,52237
8706,52243
8707,52249
8708,52255
8709,52261
8710,52267
8711,52273
8712,52279
8713,52285
8714,52291
8715,52297
8716,52303
8717,52309
8718,52315
8719,52321
8720,52327
8721,52333
8722,52339
8723,52345
8724,52351
8725,52357
8726,52363
8727,52369
8728,52375
8729,52381
8730,52387
8731,52393
8732,52399
8733,52405
8734,52411
8735,52417
8736,52423
8737,52429
8738,52435
8739,52441
8740,52447
8741,52453
8742,52459
8743,52465
8744,52471
8745,52477
8746,52483
8747,52489
8748,52495
8749,52501
8750,52507
8751,52513
8752,52519
8753,52525
8754,52531
8755,52537
8756,52543
8757,52549
8758,52555
8759,52561
8760,52567
8761,52573
8762,52579
8763,52585
8764,52591
8765,52597
8766,52603
8767,52609
8768,52615
8769,52621
8770,52627
8771,52633
8772,52639
8773,52645
8774,52651
8775,52657
8776,52663
8777,52669
8778,52675
8779,52681
8780,52687
8781,52693
8782,52699
8783,52705
8784,52711
8785,52717
8786,52723
8787,52729
8788,52735
8789,52741
8790,52747
8791,52753
8792,52759
8793,52765
8794,52771
8795,52777
8796,52783
8797,52789
8798,52795
8799,52801
8800,52807
8801,52813
8802,52819
8803,52825
8804,52831
8805,52837
8806,52843
8807,52849
8808,52855
8809,52861
8810,52867
8811,52873
8812,52879
8813,52885
8814,52891
8815,52897
8816,52903
8817,52909
8818,52915
8819,52921
8820,52927
8821,52933
8822,52939
8823,52945
8824,52951
8825,52957
8826,52963
8827,52969
8828,52975
8829,52981
8830,52987
8831,52993
8832,52999
8833,53005
8834,53011
8835,53017
8836,53023
8837,53029
8838,53035
8839,53041
8840,53047
8841,53053
8842,53059
8843,53065
8844,53071
8845,53077
8846,53083
8847,53089
8848,53095
8849,53101
8850,53107
8851,53113
8852,53119
8853,53125
8854,53131
8855,53137
8856,53143
8857,53149
8858,53155
8859,53161
8860,53167
8861,53173
8862,53179
8863,53185
8864,53191
8865,53197
8866,53203
8867,53209
8868,53215
8869,53221
8870,53227
8871,53233
8872,53239
8873,53245
8874,53251
8875,53257
8876,53263
8877,53269
8878,53275
8879,53281
8880,53287
8881,53293
8882,53299
8883,53305
8884,53311
8885,53317
8886,53323
8887,53329
8888,53335
8889,53341
8890,53347
8891,53353
8892,53359
8893,53365
8894,53371
8895,53377
8896,53383
8897,53389
8898,53395
8899,53401
8900,53407
8901,53413
8902,53419
8903,53425
8904,53431
8905,53437
8906,53443
8907,53449
8908,53455
8909,53461
8910,53467
8911,53473
8912,53479
8913,53485
8914,53491
8915,53497
8916,53503
8917,53509
8918,53515
8919,53521
8920,53527
8921,53533
8922,53539
8923,53545
8924,53551
8925,53557
8926,53563
8927,53569
8928,53575
8929,53581
8930,53587
8931,53593
8932,53599
8933,53605
8934,53611
8935,53617
8936,53623
8937,53629
8938,53635
8939,53641
8940,53647
8941,53653
8942,53659
8943,53665
8944,53671
8945,53677
8946,53683
8947,53689
8948,53695
8949,53701
8950,53707
8951,53713
8952,53719
8953,53725
8954,53731
8955,53737
8956,53743
8957,53749
8958,53755
8959,53761
8960,53767
8961,53773
8962,53779
8963,53785
8964,53791
8965,53797
8966,53803
8967,53809
8968,53815
8969,53821
8970,53827
8971,53833
8972,53839
8973,53845
8974,53851
8975,53857
8976,53863
8977,53869
8978,53875
8979,53881
8980,53887
8981,53893
8982,53899
8983,53905
8984,53911
8985,53917
8986,53923
8987,53929
8988,53935
8989,53941
8990,53947
8991,53953
8992,53959
8993,53965
8994,53971
8995,53977
8996,53983
8997,53989
8998,53995
8999,54001
9000,54007
9001,54013
9002,54019
9003,54025
9004,54031
9005,54037
9006,54043
9007,54049
9008,54055
9009,54061
9010,54067
9011,54073
9012,54079
9013,54085
9014,54091
9015,54097
9016,54103
9017,54109
9018,54115
9019,54121
9020,54127
9021,54133
9022,54139
9023,54145
9024,54151
9025,54157
9026,54163
9027,54169
9028,54175
9029,54181
9030,54187
9031,54193
9032,54199
9033,54205
9034,54211
9035,54217
9036,54223
9037,54229
9038,54235
9039,54241
9040,54247
9041,54253
9042,54259
9043,54265
9044,54271
9045,54277
9046,54283
9047,54289
9048,54295
9049,54301
9050,54307
9051,54313
9052,54319
9053,54325
9054,54331
9055,54337
9056,54343
9057,54349
9058,54355
9059,54361
9060,54367
9061,54373
9062,54379
9063,54385
9064,54391
9065,54397
9066,54403
9067,54409
9068,54415
9069,54421
9070,54427
9071,54433
9072,54439
9073,54445
9074,54451
9075,54457
9076,54463
9077,54469
9078,54475
9079,54481
9080,54487
9081,54493
9082,54499
9083,54505
9084,54511
9085,54517
9086,54523
9087,54529
9088,54535
9089,54541
9090,54547
9091,54553
9092,54559
9093,54565
9094,54571
9095,54577
9096,54583
9097,54589
9098,54595
9099,54601
9100,54607
9101,54613
9102,54619
9103,54625
9104,54631
9105,54637
9106,54643
9107,54649
9108,54655
9109,54661
9110,54667
9111,54673
9112,54679
9113,54685
9114,54691
9115,54697
9116,54703
9117,54709
9118,54715
9119,54721
9120,54727
9121,54733
9122,54739
9123,54745
9124,54751
9125,54757
9126,54763
9127,54769
9128,54775
9129,54781
9130,54787
9131,54793
9132,54799
9133,54805
9134,54811
9135,54817
9136,54823
9137,54829
9138,54835
9139,54841
9140,54847
9141,54853
9142,54859
9143,54865
9144,54871
9145,54877
9146,54883
9147,54889
9148,54895
9149,54901
9150,54907
9151,54913
9152,54919
9153,54925
9154,54931
9155,54937
9156,54943
9157,54949
9158,54955
9159,54961
9160,54967
9161,54973
9162,54979
9163,54985
9164,54991
9165,54997
9166,55003
9167,55009
9168,55015
9169,55021
9170,55027
9171,55033
9172,55039
9173,55045
9174,55051
9175,55057
9176,55063
9177,55069
9178,55075
9179,55081
9180,55087
9181,55093
9182,55099
9183,55105
9184,55111
9185,55117
9186,55123
9187,55129
9188,55135
9189,55141
9190,55147
9191,55153
9192,55159
9193,55165
9194,55171
9195,55177
9196,55183
9197,55189
9198,55195
9199,55201
9200,55207
9201,55213
9202,55219
9203,55225
9204,55231
9205,55237
9206,55243
9207,55249
9208,55255
9209,55261
9210,55267
9211,55273
9212,55279
9213,55285
9214,55291
9215,55297
9216,55303
9217,55309
9218,55315
9219,55321
9220,55327
9221,55333
9222,55339
9223,55345
9224,55351
9225,55357
9226,55363
9227,55369
9228,55375
9229,55381
9230,55387
9231,55393
9232,55399
9233,55405
9234,55411
9235,55417
9236,55423
9237,55429
9238,55435
9239,55441
9240,55447
9241,55453
9242,55459
9243,55465
9244,55471
9245,55477
9246,55483
9247,55489
9248,55495
9249,55501
9250,55507
9251,55513
9252,55519
9253,55525
9254,55531
9255,55537
9256,55543
9257,55549
9258,55555
9259,55561
9260,55567
9261,55573
9262,55579
9263,55585
9264,55591
9265,55597
9266,55603
9267,55609
9268,55615
9269,55621
9270,55627
9271,55633
9272,55639
9273,55645
9274,55651
9275,55657
9276,55663
9277,55669
9278,55675
9279,55681
9280,55687
9281,55693
9282,55699
9283,55705
9284,55711
9285,55717
9286,55723
9287,55729
9288,55735
9289,55741
9290,55747
9291,55753
9292,55759
9293,55765
9294,55771
9295,55777
9296,55783
9297,55789
9298,55795
9299,55801
9300,55807
9301,55813
9302,55819
9303,55825
9304,55831
9305,55837
9306,55843
9307,55849
9308,55855
9309,55861
9310,55867
9311,55873
9312,55879
9313,55885
9314,55891
9315,55897
9316,55903
9317,55909
9318,55915
9319,55921
9320,55927
9321,55933
9322,55939
9323,55945
9324,55951
9325,55957
9326,55963
9327,55969
9328,55975
9329,55981
9330,55987
9331,55993
9332,55999
9333,56005
9334,56011
9335,56017
9336,56023
9337,56029
9338,56035
9339,56041
9340,56047
9341,56053
9342,56059
9343,56065
9344,56071
9345,56077
9346,56083
9347,56089
9348,56095
9349,56101
9350,56107
9351,56113
9352,56119
9353,56125
9354,56131
9355,56137
9356,56143
9357,56149
9358,56155
9359,56161
9360,56167
9361,56173
9362,56179
9363,56185
9364,56191
9365,56197
9366,56203
9367,56209
9368,56215
9369,56221
9370,56227
9371,56233
9372,56239
9373,56245
9374,56251
9375,56257
9376,56263
9377,56269
9378,56275
9379,56281
9380,56287
9381,56293
9382,56299
9383,56305
9384,56311
9385,56317
9386,56323
9387,56329
9388,56335
9389,56341
9390,56347
9391,56353
9392,56359
9393,56365
9394,56371
9395,56377
9396,56383
9397,56389
9398,56395
9399,56401
9400,56407
9401,56413
9402,56419
9403,56425
9404,56431
9405,56437
9406,56443
9407,56449
9408,56455
9409,56461
9410,56467
9411,56473
9412,56479
9413,56485
9414,56491
9415,56497
9416,56503
9417,56509
9418,56515
9419,56521
9420,56527
9421,56533
9422,56539
9423,56545
9424,56551
9425,56557
9426,56563
9427,56569
9428,56575
9429,56581
9430,56587
9431,56593
9432,56599
9433,56605
9434,56611
9435,56617
9436,56623
9437,56629
9438,56635
9439,56641
9440,56647
9441,56653
9442,56659
9443,56665
9444,56671
9445,56677
9446,56683
9447,56689
9448,56695
9449,56701
9450,56707
9451,56713
9452,56719
9453,56725
9454,56731
9455,56737
9456,56743
9457,56749
9458,56755
9459,56761
9460,56767
9461,56773
9462,56779
9463,56785
9464,56791
9465,56797
9466,56803
9467,56809
9468,56815
9469,56821
9470,56827
9471,56833
9472,56839
9473,56845
9474,56851
9475,56857
9476,56863
9477,56869
9478,56875
9479,56881
9480,56887
9481,56893
9482,56899
9483,56905
9484,56911
9485,56917
9486,56923
9487,56929
9488,56935
9489,56941
9490,56947
9491,56953
9492,56959
9493,56965
9494,56971
9495,56977
9496,56983
9497,56989
9498,56995
9499,57001
9500,57007
9501,57013
9502,57019
9503,57025
9504,57031
9505,57037
9506,57043
9507,57049
9508,57055
9509,57061
9510,57067
9511,57073
9512,57079
9513,57085
9514,57091
9515,57097
9516,57103
9517,57109
9518,57115
9519,57121
9520,57127
9521,57133
9522,57139
9523,57145
9524,57151
9525,57157
9526,57163
9527,57169
9528,57175
9529,57181
9530,57187
9531,57193
9532,57199
9533,57205
9534,57211
9535,57217
9536,57223
9537,57229
9538,57235
9539,57241
9540,57247
9541,57253
9542,57259
9543,57265
9544,57271
9545,57277
9546,57283
9547,57289
9548,57295
9549,57301
9550,57307
9551,57313
9552,57319
9553,57325
9554,57331
9555,57337
9556,57343
9557,57349
9558,57355
9559,57361
9560,57367
9561,57373
9562,57379
9563,57385
9564,57391
9565,57397
9566,57403
9567,57409
9568,57415
9569,57421
9570,57427
9571,57433
9572,57439
9573,57445
9574,57451
9575,57457
9576,57463
9577,57469
9578,57475
9579,57481
9580,57487
9581,57493
9582,57499
9583,57505
9584,57511
9585,57517
9586,57523
9587,57529
9588,57535
9589,57541
9590,57547
9591,57553
9592,57559
9593,57565
9594,57571
9595,57577
9596,57583
9597,57589
9598,57595
9599,57601
9600,57607
9601,57613
9602,57619
9603,57625
9604,57631
9605,57637
9606,57643
9607,57649
9608,57655
9609,57661
9610,57667
9611,57673
9612,57679
9613,57685
9614,57691
9615,57697
9616,57703
9617,57709
9618,57715
9619,57721
9620,57727
9621,57733
9622,57739
9623,57745
9624,57751
9625,57757
9626,57763
9627,57769
9628,57775
9629,57781
9630,57787
9631,57793
9632,57799
9633,57805
9634,57811
9635,57817
9636,57823
9637,57829
9638,57835
9639,57841
9640,57847
9641,57853
9642,57859
9643,57865
9644,57871
9645,57877
9646,57883
9647,57889
9648,57895
9649,57901
9650,57907
9651,57913
9652,57919
9653,57925
9654,57931
9655,57937
9656,57943
9657,57949
9658,57955
9659,57961
9660,57967
9661,57973
9662,57979
9663,57985
9664,57991
9665,57997
9666,58003
9667,58009
9668,58015
9669,58021
9670,58027
9671,58033
9672,58039
9673,58045
9674,58051
9675,58057
9676,58063
9677,58069
9678,58075
9679,58081
9680,58087
9681,58093
9682,58099
9683,58105
9684,58111
9685,58117
9686,58123
9687,58129
9688,58135
9689,58141
9690,58147
9691,58153
9692,58159
9693,58165
9694,58171
9695,58177
9696,58183
9697,58189
9698,58195
9699,58201
9700,58207
9701,58213
9702,58219
9703,58225
9704,58231
9705,58237
9706,58243
9707,58249
9708,58255
9709,58261
9710,58267
9711,58273
9712,58279
9713,58285
9714,58291
9715,58297
9716,58303
9717,58309
9718,58315
9719,58321
9720,58327
9721,58333
9722,58339
9723,58345
9724,58351
9725,58357
9726,58363
9727,58369
9728,58375
9729,58381
9730,58387
9731,58393
9732,58399
9733,58405
9734,58411
9735,58417
9736,58423
9737,58429
9738,58435
9739,58441
9740,58447
9741,58453
9742,58459
9743,58465
9744,58471
9745,58477
9746,58483
9747,58489
9748,58495
9749,58501
9750,58507
9751,58513
9752,58519
9753,58525
9754,58531
9755,58537
9756,58543
9757,58549
9758,58555
9759,58561
9760,58567
9761,58573
9762,58579
9763,58585
9764,58591
9765,58597
9766,58603
9767,58609
9768,58615
9769,58621
9770,58627
9771,58633
9772,58639
9773,58645
9774,58651
9775,58657
9776,58663
9777,58669
9778,58675
9779,58681
9780,58687
9781,58693
9782,58699
9783,58705
9784,58711
9785,58717
9786,58723
9787,58729
9788,58735
9789,58741
9790,58747
9791,58753
9792,58759
9793,58765
9794,58771
9795,58777
9796,58783
9797,58789
9798,58795
9799,58801
9800,58807
9801,58813
9802,58819
9803,58825
9804,58831
9805,58837
9806,58843
9807,58849
9808,58855
9809,58861
9810,58867
9811,58873
9812,58879
9813,58885
9814,58891
9815,58897
9816,58903
9817,58909
9818,58915
9819,58921
9820,58927
9821,58933
9822,58939
9823,58945
9824,58951
9825,58957
9826,58963
9827,58969
9828,58975
9829,58981
9830,58987
9831,58993
9832,58999
9833,59005
9834,59011
9835,59017
9836,59023
9837,59029
9838,59035
9839,59041
9840,59047
9841,59053
9842,59059
9843,59065
9844,59071
9845,59077
9846,59083
9847,59089
9848,59095
9849,59101
9850,59107
9851,59113
9852,59119
9853,59125
9854,59131
9855,59137
9856,59143
9857,59149
9858,59155
9859,59161
9860,59167
9861,59173
9862,59179
9863,59185
9864,59191
9865,59197
9866,59203
9867,59209
9868,59215
9869,59221
9870,59227
9871,59233
9872,59239
9873,59245
9874,59251
9875,59257
9876,59263
9877,59269
9878,59275
9879,59281
9880,59287
9881,59293
9882,59299
9883,59305
9884,59311
9885,59317
9886,59323
9887,59329
9888,59335
9889,59341
9890,59347
9891,59353
9892,59359
9893,59365
9894,59371
9895,59377
9896,59383
9897,59389
9898,59395
9899,59401
9900,59407
9901,59413
9902,59419
9903,59425
9904,59431
9905,59437
9906,59443
9907,59449
9908,59455
9909,59461
9910,59467
9911,59473
9912,59479
9913,59485
9914,59491
9915,59497
9916,59503
9917,59509
9918,59515
9919,59521
9920,59527
9921,59533
9922,59539
9923,59545
9924,59551
9925,59557
9926,59563
9927,59569
9928,59575
9929,59581
9930,59587
9931,59593
9932,59599
9933,59605
9934,59611
9935,59617
9936,59623
9937,59629
9938,59635
9939,59641
9940,59647
9941,59653
9942,59659
9943,59665
9944,59671
9945,59677
9946,59683
9947,59689
9948,59695
9949,59701
9950,59707
9951,59713
9952,59719
9953,59725
9954,59731
9955,59737
9956,59743
9957,59749
9958,59755
9959,59761
9960,59767
9961,59773
9962,59779
9963,59785
9964,59791
9965,59797
9966,59803
9967,59809
9968,59815
9969,59821
9970,59827
9971,59833
9972,59839
9973,59845
9974,59851
9975,59857
9976,59863
9977,59869
9978,59875
9979,59881
9980,59887
9981,59893
9982,59899
9983,59905
9984,59911
9985,59917
9986,59923
9987,59929
9988,59935
9989,59941
9990,59947
9991,59953
9992,59959
9993,59965
9994,59971
9995,59977
9996,59983
9997,59989
9998,59995
9999,60001
10000,60007
10001,60013
10002,60019
10003,60025
10004,60031
10005,60037
10006,60043
10007,60049
10008,60055
10009,60061
10010,60067
10011,60073
10012,60079
10013,60085
10014,60091
10015,60097
10016,60103
10017,60109
10018,60115
10019,60121
10020,60127
10021,60133
10022,60139
10023,60145
10024,60151
10025,60157
10026,60163
10027,60169
10028,60175
10029,60181
10030,60187
10031,60193
10032,60199
10033,60205
10034,60211
10035,60217
10036,60223
10037,60229
10038,60235
10039,60241
10040,60247
10041,60253
10042,60259
10043,60265
10044,60271
10045,60277
10046,60283
10047,60289
10048,60295
10049,60301
10050,60307
10051,60313
10052,60319
10053,60325
10054,60331
10055,60337
10056,60343
10057,60349
10058,60355
10059,60361
10060,60367
10061,60373
10062,60379
10063,60385
10064,60391
10065,60397
10066,60403
10067,60409
10068,60415
10069,60421
10070,60427
10071,60433
10072,60439
10073,60445
10074,60451
10075,60457
10076,60463
10077,60469
10078,60475
10079,60481
10080,60487
10081,60493
10082,60499
10083,60505
10084,60511
10085,60517
10086,60523
10087,60529
10088,60535
10089,60541
10090,60547
10091,60553
10092,60559
10093,60565
10094,60571
10095,60577
10096,60583
10097,60589
10098,60595
10099,60601
10100,60607
10101,60613
10102,60619
10103,60625
10104,60631
10105,60637
10106,60643
10107,60649
10108,60655
10109,60661
10110,60667
10111,60673
10112,60679
10113,60685
10114,60691
10115,60697
10116,60703
10117,60709
10118,60715
10119,60721
10120,60727
10121,60733
10122,60739
10123,60745
10124,60751
10125,60757
10126,60763
10127,60769
10128,60775
10129,60781
10130,60787
10131,60793
10132,60799
10133,60805
10134,60811
10135,60817
10136,60823
10137,60829
10138,60835
10139,60841
10140,60847
10141,60853
10142,60859
10143,60865
10144,60871
10145,60877
10146,60883
10147,60889
10148,60895
10149,60901
10150,60907
10151,60913
10152,60919
10153,60925
10154,60931
10155,60937
10156,60943
10157,60949
10158,60955
10159,60961
10160,60967
10161,60973
10162,60979
10163,60985
10164,60991
10165,60997
10166,61003
10167,61009
10168,61015
10169,61021
10170,61027
10171,61033
10172,61039
10173,61045
10174,61051
10175,61057
10176,61063
10177,61069
10178,61075
10179,61081
10180,61087
10181,61093
10182,61099
10183,61105
10184,61111
10185,61117
10186,61123
10187,61129
10188,61135
10189,61141
10190,61147
10191,61153
10192,61159
10193,61165
10194,61171
10195,61177
10196,61183
10197,61189
10198,61195
10199,61201
10200,61207
10201,61213
10202,61219
10203,61225
10204,61231
10205,61237
10206,61243
10207,61249
10208,61255
10209,61261
10210,61267
10211,61273
10212,61279
10213,61285
10214,61291
10215,61297
10216,61303
10217,61309
10218,61315
10219,61321
10220,61327
10221,61333
10222,61339
10223,61345
10224,61351
10225,61357
10226,61363
10227,61369
10228,61375
10229,61381
10230,61387
10231,61393
10232,61399
10233,61405
10234,61411
10235,61417
10236,61423
10237,61429
10238,61435
10239,61441
