idx,val
0,100.059
1,100.564
2,100.997
3,101.452
4,101.900
5,102.533
6,102.994
7,103.552
8,103.975
9,104.554
10,104.955
11,105.560
12,106.046
13,106.483
14,107.008
15,107.536
16,107.939
17,108.511
18,109.061
19,109.453
20,110.061
21,110.537
22,111.069
23,111.467
24,111.919
25,112.560
26,113.061
27,113.489
28,113.919
29,114.439
30,115.027
31,115.458
32,116.090
33,116.518
34,116.940
35,117.531
36,117.972
37,118.587
38,119.082
39,119.503
40,120.029
41,120.540
42,121.061
43,121.595
44,121.906
45,122.472
46,123.020
47,123.461
48,124.018
49,124.418
50,125.076
51,125.505
52,125.923
53,126.533
54,126.962
55,127.439
56,127.997
57,128.428
58,128.942
59,129.573
60,130.040
61,130.403
62,131.056
63,131.403
64,131.967
65,132.581
66,133.024
67,133.461
68,133.975
69,134.478
70,134.925
71,135.600
72,135.911
73,136.485
74,137.049
75,137.480
76,138.096
77,138.449
78,139.096
79,139.578
80,140.034
81,140.578
82,140.989
83,141.566
84,142.059
85,142.503
86,142.994
87,143.541
88,143.982
89,144.417
90,145.049
91,145.453
92,145.998
93,146.557
94,146.934
95,147.404
96,147.925
97,148.518
98,148.972
99,149.451
100,149.990
101,150.586
102,150.951
103,151.482
104,152.076
105,152.522
106,152.954
107,153.495
108,153.996
109,154.428
110,154.975
111,155.461
112,156.061
113,156.465
114,157.032
115,157.594
116,158.085
117,158.475
118,159.021
119,159.464
120,159.980
121,160.498
122,161.059
123,161.587
124,161.958
125,162.401
126,162.990
127,163.411
128,163.906
129,164.555
130,164.922
131,165.544
132,165.972
133,166.588
134,167.071
135,167.412
136,167.939
137,168.589
138,169.023
139,169.484
140,170.056
141,170.563
142,170.998
143,171.494
144,171.920
145,172.472
146,172.929
147,173.525
148,174.021
149,174.429
150,175.026
151,175.419
152,175.921
153,176.529
154,176.993
155,177.580
156,178.026
157,178.540
158,178.925
159,179.567
160,179.917
161,180.524
162,181.082
163,181.582
164,182.079
165,182.490
166,183.039
167,183.558
168,183.927
169,184.589
170,185.082
171,185.488
172,186.056
173,186.489
174,186.955
175,187.542
176,187.913
177,188.560
178,189.096
179,189.457
180,190.088
181,190.417
182,191.072
183,191.456
184,192.093
185,192.486
186,193.084
187,193.406
188,193.917
189,194.563
190,195.028
191,195.507
192,195.907
193,196.435
194,196.974
195,197.410
196,198.099
197,198.553
198,199.090
199,199.540
200,199.969
201,200.416
202,201.046
203,201.423
204,202.009
205,202.493
206,202.999
207,203.415
208,203.915
209,204.504
210,204.906
211,205.505
212,205.930
213,206.456
214,206.930
215,207.514
216,207.978
217,208.445
218,208.944
219,209.513
220,210.082
221,210.484
222,210.933
223,211.463
224,211.948
225,212.514
226,213.057
227,213.514
228,213.938
229,214.465
230,214.976
231,215.488
232,215.980
233,216.600
234,217.010
235,217.532
236,218.043
237,218.529
238,219.061
239,219.474
240,220.033
241,220.595
242,220.933
243,221.525
244,221.977
245,222.412
246,222.908
247,223.552
248,223.923
249,224.542
250,224.920
251,225.474
252,225.906
253,226.509
254,227.057
255,227.445
256,228.013
257,228.584
258,228.959
259,229.494
260,230.045
261,230.573
262,230.934
263,231.532
264,231.924
265,232.422
266,233.097
267,233.410
268,234.084
269,234.550
270,235.035
271,235.546
272,236.030
273,236.457
274,236.989
275,237.440
276,238.072
277,238.556
278,239.058
279,239.443
280,240.018
281,240.451
282,241.058
283,241.549
284,242.099
285,242.542
286,243.037
287,243.555
288,243.919
289,244.519
290,244.907
291,245.473
292,245.923
293,246.590
294,246.906
295,247.584
296,248.090
297,248.487
298,249.066
299,249.410
300,249.928
301,250.402
302,250.914
303,251.401
304,252.066
305,252.418
306,253.018
307,253.455
308,253.926
309,254.484
310,254.936
311,255.595
312,255.977
313,256.519
314,257.013
315,257.525
316,257.996
317,258.454
318,258.927
319,259.578
320,259.939
321,260.490
322,261.062
323,261.515
324,262.090
325,262.562
326,263.003
327,263.424
328,264.019
329,264.495
330,265.072
331,265.506
332,266.039
333,266.562
334,266.994
335,267.568
336,268.080
337,268.431
338,269.084
339,269.574
340,270.071
341,270.468
342,270.950
343,271.427
344,271.974
345,272.571
346,272.973
347,273.401
348,273.961
349,274.417
350,275.025
351,275.554
352,276.085
353,276.418
354,276.976
355,277.425
356,278.082
357,278.567
358,279.004
359,279.591
360,280.004
361,280.555
362,280.998
363,281.473
364,282.099
365,282.568
366,283.018
367,283.573
368,284.030
369,284.560
370,284.913
371,285.426
372,285.922
373,286.521
374,287.044
375,287.431
376,288.001
377,288.423
378,289.038
379,289.556
380,289.917
381,290.596
382,291.033
383,291.425
384,291.970
385,292.432
386,293.046
387,293.583
388,293.935
389,294.437
390,295.026
391,295.572
392,296.048
393,296.492
394,296.922
395,297.523
396,297.991
397,298.561
398,299.014
399,299.547
400,300.094
401,300.525
402,301.082
403,301.455
404,301.900
405,302.576
406,302.906
407,303.599
408,303.991
409,304.412
410,304.955
411,305.544
412,305.977
413,306.525
414,306.920
415,307.567
416,307.975
417,308.567
418,308.929
419,309.533
420,309.994
421,310.481
422,310.904
423,311.506
424,312.068
425,312.421
426,312.989
427,313.402
428,314.099
429,314.594
430,315.036
431,315.496
432,315.914
433,316.424
434,317.041
435,317.559
436,318.098
437,318.572
438,318.988
439,319.451
440,320.008
441,320.469
442,321.009
443,321.577
444,321.991
445,322.596
446,323.044
447,323.409
448,324.049
449,324.532
450,325.024
451,325.401
452,326.076
453,326.499
454,327.007
455,327.434
456,327.907
457,328.403
458,328.942
459,329.461
460,329.931
461,330.412
462,331.045
463,331.540
464,332.076
465,332.444
466,333.046
467,333.519
468,333.918
469,334.575
470,334.971
471,335.437
472,335.937
473,336.585
474,336.944
475,337.477
476,338.009
477,338.472
478,339.031
479,339.418
480,339.986
481,340.517
482,341.024
483,341.522
484,341.954
485,342.528
486,343.094
487,343.496
488,344.029
489,344.567
490,344.950
491,345.453
492,346.094
493,346.460
494,346.985
495,347.474
496,348.099
497,348.509
498,349.079
499,349.432
500,349.956
501,350.530
502,350.964
503,351.533
504,352.002
505,352.416
506,352.922
507,353.488
508,354.007
509,354.435
510,354.953
511,355.400
512,355.953
513,356.462
514,356.978
515,357.519
516,358.071
517,358.543
518,359.048
519,359.457
520,359.999
521,360.545
522,361.079
523,361.448
524,361.903
525,362.410
526,363.003
527,363.574
528,363.931
529,364.557
530,365.028
531,365.573
532,366.080
533,366.421
534,367.059
535,367.427
536,367.924
537,368.480
538,368.998
539,369.414
540,369.955
541,370.435
542,370.927
543,371.420
544,371.905
545,372.444
546,372.965
547,373.484
548,374.039
549,374.522
550,374.998
551,375.465
552,376.023
553,376.439
554,376.935
555,377.423
556,378.034
557,378.428
558,378.945
559,379.470
560,380.013
561,380.530
562,381.018
563,381.519
564,381.939
565,382.583
566,383.047
567,383.481
568,383.979
569,384.515
570,384.924
571,385.529
572,386.081
573,386.473
574,387.000
575,387.451
576,388.082
577,388.475
578,388.972
579,389.543
580,389.974
581,390.581
582,390.982
583,391.518
584,391.961
585,392.518
586,392.994
587,393.421
588,394.078
589,394.432
590,395.015
591,395.535
592,395.994
593,396.466
594,396.991
595,397.600
596,397.902
597,398.577
598,399.021
599,399.496
600,400.028
601,400.528
602,401.066
603,401.595
604,402.003
605,402.470
606,402.972
607,403.582
608,403.996
609,404.414
610,405.017
611,405.423
612,405.969
613,406.530
614,407.023
615,407.507
616,408.066
617,408.522
618,409.094
619,409.562
620,409.953
621,410.556
622,410.972
623,411.589
624,412.024
625,412.484
626,412.935
627,413.570
628,413.971
629,414.403
630,415.061
631,415.401
632,415.909
633,416.406
634,417.029
635,417.512
636,417.997
637,418.587
638,418.994
639,419.441
640,420.099
641,420.422
642,420.910
643,421.445
644,422.095
645,422.484
646,422.971
647,423.474
648,423.974
649,424.551
650,425.028
651,425.456
652,425.938
653,426.563
654,427.012
655,427.500
656,427.940
657,428.595
658,429.006
659,429.584
660,430.035
661,430.528
662,430.905
663,431.583
664,432.071
665,432.415
666,432.916
667,433.535
668,434.034
669,434.439
670,435.098
671,435.420
672,436.014
673,436.496
674,436.966
675,437.534
676,437.988
677,438.553
678,439.054
679,439.402
680,439.965
681,440.508
682,440.959
683,441.520
684,441.906
685,442.421
686,443.002
687,443.443
688,443.942
689,444.483
690,445.019
691,445.531
692,446.020
693,446.500
694,446.987
695,447.574
696,448.073
697,448.580
698,449.089
699,449.534
700,449.940
701,450.540
702,450.957
703,451.460
704,451.980
705,452.407
706,452.988
707,453.439
708,453.947
709,454.486
710,455.051
711,455.530
712,455.963
713,456.545
714,456.981
715,457.472
716,457.982
717,458.457
718,458.931
719,459.594
720,460.019
721,460.531
722,461.022
723,461.500
724,462.026
725,462.401
726,462.913
727,463.507
728,463.993
729,464.402
730,464.942
731,465.461
732,466.094
733,466.567
734,466.908
735,467.478
736,467.970
737,468.427
738,468.958
739,469.598
740,470.083
741,470.454
742,471.056
743,471.426
744,472.026
745,472.417
746,473.028
747,473.520
748,474.099
749,474.516
750,475.082
751,475.448
752,476.025
753,476.442
754,476.914
755,477.597
756,477.905
757,478.471
758,478.963
759,479.440
760,480.071
761,480.551
762,480.977
763,481.513
764,482.066
765,482.412
766,483.031
767,483.571
768,484.021
769,484.505
770,484.950
771,485.434
772,485.935
773,486.471
774,486.957
775,487.556
776,487.932
777,488.425
778,489.060
779,489.491
780,489.923
781,490.563
782,490.908
783,491.475
784,491.981
785,492.504
786,492.948
787,493.585
788,494.016
789,494.465
790,495.028
791,495.476
792,496.012
793,496.519
794,496.949
795,497.574
796,497.919
797,498.587
798,498.985
799,499.502
800,499.921
801,500.502
802,500.966
803,501.522
804,502.037
805,502.420
806,502.915
807,503.579
808,503.941
809,504.536
810,505.046
811,505.556
812,505.901
813,506.528
814,507.068
815,507.407
816,507.901
817,508.577
818,509.039
819,509.541
820,510.054
821,510.522
822,510.940
823,511.432
824,511.903
825,512.532
826,513.033
827,513.598
828,513.949
829,514.429
830,514.976
831,515.588
832,515.947
833,516.576
834,517.027
835,517.554
836,517.923
837,518.561
838,518.980
839,519.548
840,519.910
841,520.459
842,521.013
843,521.455
844,522.008
845,522.421
846,522.951
847,523.527
848,523.966
849,524.596
850,524.973
851,525.461
852,525.980
853,526.528
854,526.963
855,527.596
856,527.940
857,528.517
858,529.074
859,529.454
860,529.947
861,530.502
862,531.070
863,531.570
864,532.071
865,532.543
866,532.916
867,533.584
868,533.931
869,534.403
870,535.001
871,535.404
872,535.909
873,536.439
874,537.097
875,537.455
876,538.070
877,538.588
878,538.944
879,539.421
880,539.943
881,540.528
882,541.038
883,541.465
884,542.056
885,542.414
886,542.905
887,543.473
888,544.032
889,544.569
890,545.089
891,545.582
892,546.094
893,546.522
894,546.987
895,547.410
896,548.014
897,548.583
898,549.057
899,549.494
900,550.028
901,550.554
902,551.099
903,551.544
904,552.018
905,552.592
906,553.094
907,553.400
908,554.093
909,554.459
910,554.900
911,555.459
912,555.926
913,556.401
914,557.061
915,557.475
916,557.923
917,558.545
918,558.940
919,559.469
920,559.981
921,560.464
922,561.047
923,561.438
924,562.062
925,562.492
926,562.986
927,563.466
928,564.084
929,564.448
930,564.983
931,565.452
932,565.924
933,566.404
934,567.036
935,567.563
936,567.963
937,568.488
938,569.063
939,569.411
940,569.955
941,570.547
942,570.950
943,571.450
944,572.006
945,572.455
946,572.931
947,573.410
948,574.097
949,574.562
950,574.948
951,575.423
952,576.004
953,576.508
954,577.087
955,577.477
956,577.926
957,578.569
958,578.930
959,579.449
960,579.944
961,580.574
962,581.093
963,581.476
964,582.026
965,582.541
966,582.991
967,583.562
968,583.963
969,584.547
970,584.933
971,585.428
972,585.931
973,586.436
974,587.093
975,587.449
976,588.031
977,588.403
978,589.074
979,589.549
980,590.033
981,590.598
982,590.906
983,591.552
984,591.924
985,592.589
986,592.902
987,593.463
988,594.010
989,594.494
990,595.060
991,595.414
992,596.078
993,596.403
994,597.091
995,597.557
996,597.903
997,598.411
998,598.924
999,599.418
1000,599.933
1001,600.443
1002,601.005
1003,601.499
1004,601.950
1005,602.597
1006,603.019
1007,603.502
1008,604.066
1009,604.523
1010,605.075
1011,605.566
1012,605.972
1013,606.575
1014,607.024
1015,607.404
1016,607.966
1017,608.537
1018,609.040
1019,609.540
1020,610.055
1021,610.545
1022,611.081
1023,611.451
1024,612.081
1025,612.578
1026,613.062
1027,613.446
1028,614.020
1029,614.572
1030,615.070
1031,615.443
1032,615.908
1033,616.510
1034,616.916
1035,617.505
1036,617.924
1037,618.425
1038,619.076
1039,619.524
1040,619.913
1041,620.507
1042,620.958
1043,621.490
1044,622.051
1045,622.579
1046,622.905
1047,623.402
1048,624.084
1049,624.428
1050,625.066
1051,625.527
1052,626.016
1053,626.527
1054,626.981
1055,627.569
1056,628.092
1057,628.456
1058,628.948
1059,629.485
1060,629.974
1061,630.510
1062,631.088
1063,631.465
1064,632.086
1065,632.455
1066,632.974
1067,633.550
1068,634.036
1069,634.581
1070,635.023
1071,635.459
1072,636.061
1073,636.450
1074,636.904
1075,637.466
1076,638.094
1077,638.403
1078,639.072
1079,639.540
1080,640.033
1081,640.523
1082,640.940
1083,641.496
1084,642.100
1085,642.567
1086,642.985
1087,643.489
1088,643.985
1089,644.473
1090,644.974
1091,645.442
1092,646.084
1093,646.405
1094,646.930
1095,647.522
1096,648.070
1097,648.537
1098,648.928
1099,649.499
1100,650.097
1101,650.574
1102,650.946
1103,651.596
1104,652.099
1105,652.431
1106,653.071
1107,653.440
1108,653.909
1109,654.481
1110,655.096
1111,655.544
1112,655.936
1113,656.570
1114,656.961
1115,657.558
1116,658.009
1117,658.531
1118,658.999
1119,659.528
1120,660.020
1121,660.585
1122,660.999
1123,661.569
1124,662.003
1125,662.418
1126,663.023
1127,663.575
1128,663.985
1129,664.485
1130,665.025
1131,665.452
1132,665.945
1133,666.500
1134,666.921
1135,667.493
1136,667.989
1137,668.494
1138,668.990
1139,669.512
1140,670.056
1141,670.576
1142,670.987
1143,671.535
1144,671.957
1145,672.441
1146,672.996
1147,673.457
1148,673.962
1149,674.532
1150,675.010
1151,675.434
1152,676.018
1153,676.599
1154,676.950
1155,677.544
1156,677.967
1157,678.543
1158,679.085
1159,679.596
1160,680.070
1161,680.456
1162,681.070
1163,681.424
1164,682.063
1165,682.534
1166,683.095
1167,683.478
1168,684.078
1169,684.496
1170,684.917
1171,685.586
1172,685.932
1173,686.529
1174,687.037
1175,687.534
1176,688.031
1177,688.589
1178,689.036
1179,689.411
1180,690.013
1181,690.589
1182,691.061
1183,691.488
1184,692.008
1185,692.550
1186,693.058
1187,693.409
1188,693.956
1189,694.479
1190,694.903
1191,695.530
1192,696.023
1193,696.455
1194,697.019
1195,697.595
1196,697.993
1197,698.439
1198,698.991
1199,699.535
1200,699.934
1201,700.531
1202,701.024
1203,701.402
1204,702.000
1205,702.405
1206,703.013
1207,703.447
1208,703.924
1209,704.484
1210,705.029
1211,705.409
1212,706.056
1213,706.478
1214,707.013
1215,707.511
1216,707.998
1217,708.421
1218,708.912
1219,709.456
1220,710.099
1221,710.524
1222,710.917
1223,711.519
1224,712.003
1225,712.446
1226,713.038
1227,713.584
1228,714.095
1229,714.508
1230,715.076
1231,715.581
1232,715.960
1233,716.500
1234,716.939
1235,717.555
1236,718.082
1237,718.542
1238,718.969
1239,719.554
1240,719.979
1241,720.437
1242,720.986
1243,721.450
1244,722.090
1245,722.404
1246,723.067
1247,723.485
1248,723.904
1249,724.568
1250,724.974
1251,725.427
1252,726.032
1253,726.495
1254,726.990
1255,727.467
1256,727.934
1257,728.577
1258,728.921
1259,729.415
1260,729.994
1261,730.538
1262,730.971
1263,731.589
1264,732.072
1265,732.513
1266,733.076
1267,733.589
1268,733.938
1269,734.451
1270,735.088
1271,735.468
1272,736.089
1273,736.552
1274,737.031
1275,737.533
1276,738.041
1277,738.569
1278,739.025
1279,739.423
1280,739.912
1281,740.427
1282,741.052
1283,741.431
1284,741.902
1285,742.460
1286,742.953
1287,743.564
1288,744.054
1289,744.400
1290,744.976
1291,745.523
1292,745.961
1293,746.591
1294,747.066
1295,747.414
1296,747.960
1297,748.586
1298,749.096
1299,749.429
1300,749.943
1301,750.546
1302,750.982
1303,751.442
1304,752.036
1305,752.535
1306,752.905
1307,753.491
1308,754.009
1309,754.461
1310,754.951
1311,755.579
1312,755.914
1313,756.413
1314,756.990
1315,757.412
1316,757.932
1317,758.478
1318,759.002
1319,759.579
1320,759.945
1321,760.442
1322,761.013
1323,761.486
1324,761.920
1325,762.417
1326,763.035
1327,763.536
1328,763.942
1329,764.436
1330,764.922
1331,765.476
1332,766.077
1333,766.545
1334,767.065
1335,767.550
1336,767.990
1337,768.403
1338,768.923
1339,769.410
1340,770.087
1341,770.483
1342,771.063
1343,771.463
1344,771.929
1345,772.524
1346,772.933
1347,773.574
1348,774.002
1349,774.475
1350,774.968
1351,775.536
1352,775.964
1353,776.459
1354,777.071
1355,777.520
1356,777.919
1357,778.557
1358,778.988
1359,779.446
1360,779.948
1361,780.556
1362,780.940
1363,781.529
1364,781.934
1365,782.478
1366,783.017
1367,783.443
1368,783.906
1369,784.485
1370,785.026
1371,785.412
1372,785.989
1373,786.464
1374,787.040
1375,787.414
1376,787.922
1377,788.408
1378,789.060
1379,789.529
1380,790.054
1381,790.529
1382,791.094
1383,791.459
1384,791.901
1385,792.531
1386,792.939
1387,793.434
1388,793.918
1389,794.535
1390,795.070
1391,795.433
1392,795.967
1393,796.585
1394,797.048
1395,797.600
1396,797.949
1397,798.530
1398,798.901
1399,799.481
1400,799.991
1401,800.447
1402,800.969
1403,801.406
1404,802.073
1405,802.424
1406,802.988
1407,803.440
1408,804.001
1409,804.472
1410,805.067
1411,805.538
1412,806.079
1413,806.514
1414,806.906
1415,807.562
1416,807.948
1417,808.562
1418,809.036
1419,809.447
1420,810.092
1421,810.539
1422,810.998
1423,811.453
1424,811.939
1425,812.414
1426,812.905
1427,813.451
1428,813.945
1429,814.580
1430,814.962
1431,815.595
1432,815.999
1433,816.431
1434,816.913
1435,817.599
1436,817.928
1437,818.514
1438,819.032
1439,819.467
1440,819.932
1441,820.508
1442,820.996
1443,821.491
1444,821.932
1445,822.429
1446,822.983
1447,823.449
1448,824.042
1449,824.512
1450,824.980
1451,825.502
1452,826.041
1453,826.566
1454,827.089
1455,827.501
1456,827.989
1457,828.465
1458,829.002
1459,829.460
1460,830.098
1461,830.526
1462,830.999
1463,831.544
1464,832.052
1465,832.458
1466,833.040
1467,833.552
1468,833.968
1469,834.513
1470,835.036
1471,835.409
1472,836.046
1473,836.474
1474,836.971
1475,837.557
1476,837.941
1477,838.401
1478,839.006
1479,839.449
1480,840.085
1481,840.454
1482,841.065
1483,841.477
1484,842.065
1485,842.558
1486,843.059
1487,843.547
1488,844.084
1489,844.583
1490,845.027
1491,845.581
1492,845.945
1493,846.419
1494,847.064
1495,847.508
1496,848.027
1497,848.402
1498,848.938
1499,849.555
1500,849.932
1501,850.571
1502,851.086
1503,851.551
1504,851.924
1505,852.536
1506,853.083
1507,853.409
1508,853.982
1509,854.416
1510,855.082
1511,855.431
1512,856.069
1513,856.556
1514,857.059
1515,857.591
1516,858.068
1517,858.418
1518,859.056
1519,859.467
1520,860.094
1521,860.467
1522,860.954
1523,861.502
1524,861.982
1525,862.528
1526,862.989
1527,863.485
1528,864.013
1529,864.597
1530,864.989
1531,865.561
1532,866.041
1533,866.466
1534,866.934
1535,867.511
1536,867.994
1537,868.461
1538,869.000
1539,869.482
1540,869.987
1541,870.499
1542,871.083
1543,871.534
1544,872.079
1545,872.547
1546,872.994
1547,873.451
1548,874.038
1549,874.533
1550,874.908
1551,875.422
1552,876.091
1553,876.456
1554,876.900
1555,877.573
1556,878.094
1557,878.535
1558,879.059
1559,879.462
1560,879.972
1561,880.512
1562,880.919
1563,881.462
1564,882.025
1565,882.476
1566,883.029
1567,883.592
1568,884.099
1569,884.594
1570,884.969
1571,885.512
1572,885.974
1573,886.432
1574,886.903
1575,887.473
1576,888.051
1577,888.465
1578,888.989
1579,889.425
1580,889.950
1581,890.578
1582,891.062
1583,891.593
1584,892.005
1585,892.442
1586,893.016
1587,893.447
1588,893.960
1589,894.465
1590,895.043
1591,895.546
1592,895.953
1593,896.568
1594,897.069
1595,897.431
1596,897.914
1597,898.505
1598,898.937
1599,899.600
1600,899.938
1601,900.531
1602,900.917
1603,901.523
1604,901.961
1605,902.450
1606,902.994
1607,903.451
1608,904.037
1609,904.574
1610,904.955
1611,905.476
1612,905.998
1613,906.578
1614,906.919
1615,907.444
1616,907.934
1617,908.581
1618,908.962
1619,909.561
1620,910.073
1621,910.578
1622,910.988
1623,911.470
1624,911.961
1625,912.494
1626,913.071
1627,913.456
1628,914.089
1629,914.569
1630,914.931
1631,915.449
1632,916.033
1633,916.437
1634,916.908
1635,917.472
1636,917.987
1637,918.462
1638,919.019
1639,919.538
1640,920.084
1641,920.532
1642,921.057
1643,921.411
1644,922.033
1645,922.496
1646,922.948
1647,923.404
1648,924.091
1649,924.430
1650,924.926
1651,925.453
1652,925.937
1653,926.518
1654,926.997
1655,927.448
1656,927.997
1657,928.564
1658,929.000
1659,929.591
1660,930.052
1661,930.452
1662,931.003
1663,931.444
1664,931.929
1665,932.422
1666,933.052
1667,933.443
1668,934.087
1669,934.417
1670,935.038
1671,935.459
1672,935.929
1673,936.520
1674,937.040
1675,937.467
1676,937.965
1677,938.431
1678,939.029
1679,939.484
1680,940.089
1681,940.553
1682,941.027
1683,941.567
1684,942.091
1685,942.497
1686,943.008
1687,943.424
1688,943.999
1689,944.466
1690,944.904
1691,945.595
1692,945.905
1693,946.438
1694,946.953
1695,947.574
1696,947.953
1697,948.591
1698,949.026
1699,949.481
1700,949.974
1701,950.501
1702,951.047
1703,951.542
1704,951.927
1705,952.493
1706,952.911
1707,953.417
1708,954.030
1709,954.438
1710,954.956
1711,955.589
1712,955.917
1713,956.465
1714,956.967
1715,957.515
1716,958.050
1717,958.463
1718,958.956
1719,959.569
1720,960.018
1721,960.519
1722,961.093
1723,961.447
1724,961.987
1725,962.517
1726,962.961
1727,963.404
1728,963.958
1729,964.469
1730,965.034
1731,965.586
1732,965.978
1733,966.476
1734,967.005
1735,967.575
1736,968.049
1737,968.419
1738,969.053
1739,969.497
1740,969.924
1741,970.446
1742,970.910
1743,971.458
1744,971.964
1745,972.532
1746,972.938
1747,973.522
1748,974.017
1749,974.586
1750,975.020
1751,975.469
1752,976.008
1753,976.523
1754,976.906
1755,977.483
1756,978.030
1757,978.403
1758,978.926
1759,979.419
1760,980.062
1761,980.411
1762,980.956
1763,981.587
1764,982.081
1765,982.516
1766,982.998
1767,983.444
1768,984.021
1769,984.409
1770,985.078
1771,985.531
1772,986.022
1773,986.592
1774,987.019
1775,987.548
1776,987.954
1777,988.523
1778,989.030
1779,989.565
1780,990.095
1781,990.449
1782,990.915
1783,991.536
1784,992.052
1785,992.401
1786,992.964
1787,993.536
1788,994.089
1789,994.446
1790,994.952
1791,995.450
1792,995.955
1793,996.521
1794,997.068
1795,997.485
1796,997.966
1797,998.475
1798,998.980
1799,999.423
1800,999.939
1801,1000.461
1802,1001.058
1803,1001.452
1804,1002.099
1805,1002.418
1806,1002.907
1807,1003.438
1808,1004.056
1809,1004.423
1810,1004.945
1811,1005.570
1812,1005.944
1813,1006.537
1814,1006.962
1815,1007.575
1816,1007.981
1817,1008.565
1818,1009.009
1819,1009.427
1820,1009.973
1821,1010.491
1822,1011.010
1823,1011.597
1824,1011.904
1825,1012.416
1826,1013.007
1827,1013.445
1828,1013.950
1829,1014.483
1830,1014.929
1831,1015.564
1832,1016.063
1833,1016.595
1834,1017.059
1835,1017.549
1836,1017.921
1837,1018.533
1838,1018.970
1839,1019.482
1840,1020.050
1841,1020.477
1842,1021.026
1843,1021.449
1844,1021.901
1845,1022.421
1846,1022.940
1847,1023.474
1848,1023.931
1849,1024.519
1850,1024.993
1851,1025.537
1852,1025.949
1853,1026.471
1854,1026.979
1855,1027.588
1856,1027.979
1857,1028.434
1858,1029.051
1859,1029.521
1860,1029.926
1861,1030.572
1862,1030.942
1863,1031.528
1864,1031.914
1865,1032.494
1866,1032.938
1867,1033.466
1868,1033.952
1869,1034.404
1870,1035.015
1871,1035.565
1872,1036.093
1873,1036.476
1874,1036.909
1875,1037.534
1876,1038.051
1877,1038.583
1878,1039.068
1879,1039.519
1880,1039.937
1881,1040.443
1882,1041.034
1883,1041.418
1884,1041.935
1885,1042.424
1886,1043.089
1887,1043.504
1888,1043.964
1889,1044.534
1890,1044.988
1891,1045.481
1892,1046.049
1893,1046.518
1894,1047.019
1895,1047.586
1896,1047.947
1897,1048.452
1898,1048.978
1899,1049.456
1900,1049.968
1901,1050.531
1902,1050.975
1903,1051.581
1904,1051.952
1905,1052.427
1906,1053.099
1907,1053.508
1908,1054.075
1909,1054.520
1910,1055.093
1911,1055.427
1912,1055.915
1913,1056.508
1914,1056.988
1915,1057.500
1916,1058.077
1917,1058.529
1918,1058.923
1919,1059.428
1920,1060.024
1921,1060.481
1922,1061.008
1923,1061.441
1924,1062.092
1925,1062.485
1926,1062.980
1927,1063.479
1928,1063.904
1929,1064.587
1930,1064.971
1931,1065.552
1932,1066.016
1933,1066.496
1934,1067.084
1935,1067.470
1936,1067.986
1937,1068.424
1938,1069.017
1939,1069.559
1940,1070.051
1941,1070.530
1942,1070.982
1943,1071.473
1944,1072.061
1945,1072.596
1946,1072.957
1947,1073.454
1948,1073.921
1949,1074.489
1950,1075.016
1951,1075.516
1952,1075.975
1953,1076.422
1954,1076.989
1955,1077.588
1956,1078.083
1957,1078.560
1958,1079.056
1959,1079.587
1960,1080.049
1961,1080.488
1962,1080.993
1963,1081.584
1964,1082.079
1965,1082.404
1966,1082.984
1967,1083.476
1968,1084.079
1969,1084.408
1970,1084.950
1971,1085.566
1972,1085.971
1973,1086.537
1974,1087.022
1975,1087.449
1976,1088.000
1977,1088.431
1978,1088.947
1979,1089.587
1980,1090.082
1981,1090.548
1982,1091.050
1983,1091.573
1984,1092.010
1985,1092.599
1986,1093.037
1987,1093.550
1988,1094.076
1989,1094.556
1990,1094.919
1991,1095.410
1992,1095.934
1993,1096.541
1994,1097.034
1995,1097.422
1996,1097.942
1997,1098.591
1998,1099.039
1999,1099.445
2000,1100.074
2001,1100.420
2002,1101.042
2003,1101.509
2004,1101.965
2005,1102.447
2006,1102.953
2007,1103.544
2008,1104.006
2009,1104.400
2010,1104.958
2011,1105.540
2012,1105.912
2013,1106.485
2014,1107.022
2015,1107.466
2016,1107.993
2017,1108.583
2018,1108.972
2019,1109.513
2020,1110.044
2021,1110.490
2022,1110.920
2023,1111.403
2024,1111.974
2025,1112.487
2026,1112.983
2027,1113.568
2028,1113.938
2029,1114.406
2030,1114.943
2031,1115.406
2032,1116.011
2033,1116.421
2034,1116.908
2035,1117.441
2036,1118.036
2037,1118.556
2038,1119.091
2039,1119.474
2040,1120.032
2041,1120.576
2042,1121.053
2043,1121.565
2044,1122.082
2045,1122.545
2046,1123.059
2047,1123.573
2048,1123.985
2049,1124.512
2050,1125.054
2051,1125.406
2052,1125.945
2053,1126.533
2054,1126.973
2055,1127.419
2056,1128.043
2057,1128.533
2058,1128.977
2059,1129.593
2060,1130.076
2061,1130.437
2062,1131.065
2063,1131.589
2064,1131.956
2065,1132.544
2066,1132.952
2067,1133.419
2068,1133.991
2069,1134.571
2070,1135.063
2071,1135.442
2072,1136.087
2073,1136.417
2074,1136.981
2075,1137.543
2076,1138.097
2077,1138.496
2078,1138.935
2079,1139.506
2080,1140.095
2081,1140.596
2082,1141.024
2083,1141.433
2084,1141.991
2085,1142.418
2086,1142.956
2087,1143.477
2088,1143.924
2089,1144.514
2090,1145.032
2091,1145.524
2092,1146.073
2093,1146.573
2094,1147.008
2095,1147.467
2096,1148.087
2097,1148.543
2098,1148.986
2099,1149.526
2100,1149.937
2101,1150.471
2102,1150.905
2103,1151.519
2104,1152.045
2105,1152.440
2106,1153.019
2107,1153.405
2108,1154.080
2109,1154.535
2110,1155.087
2111,1155.549
2112,1156.073
2113,1156.517
2114,1157.078
2115,1157.426
2116,1158.077
2117,1158.504
2118,1158.995
2119,1159.513
2120,1160.007
2121,1160.479
2122,1160.954
2123,1161.476
2124,1161.937
2125,1162.473
2126,1163.073
2127,1163.510
2128,1163.948
2129,1164.510
2130,1164.954
2131,1165.448
2132,1166.026
2133,1166.516
2134,1167.049
2135,1167.508
2136,1168.019
2137,1168.486
2138,1169.056
2139,1169.495
2140,1169.965
2141,1170.512
2142,1171.082
2143,1171.506
2144,1171.922
2145,1172.590
2146,1172.922
2147,1173.449
2148,1174.008
2149,1174.504
2150,1175.093
2151,1175.589
2152,1175.982
2153,1176.599
2154,1176.987
2155,1177.560
2156,1177.913
2157,1178.571
2158,1179.071
2159,1179.488
2160,1180.032
2161,1180.526
2162,1181.082
2163,1181.583
2164,1181.929
2165,1182.443
2166,1183.071
2167,1183.529
2168,1183.924
2169,1184.509
2170,1184.932
2171,1185.486
2172,1186.029
2173,1186.574
2174,1187.098
2175,1187.593
2176,1187.963
2177,1188.459
2178,1188.901
2179,1189.588
2180,1190.044
2181,1190.566
2182,1190.945
2183,1191.528
2184,1192.022
2185,1192.519
2186,1192.950
2187,1193.499
2188,1193.939
2189,1194.542
2190,1194.986
2191,1195.559
2192,1196.030
2193,1196.538
2194,1196.914
2195,1197.598
2196,1197.958
2197,1198.595
2198,1199.006
2199,1199.570
2200,1200.058
2201,1200.586
2202,1201.072
2203,1201.554
2204,1201.954
2205,1202.567
2206,1203.028
2207,1203.402
2208,1203.970
2209,1204.429
2210,1205.014
2211,1205.507
2212,1206.064
2213,1206.565
2214,1207.011
2215,1207.475
2216,1207.974
2217,1208.493
2218,1208.912
2219,1209.479
2220,1209.924
2221,1210.524
2222,1211.048
2223,1211.590
2224,1212.054
2225,1212.492
2226,1212.916
2227,1213.523
2228,1214.076
2229,1214.489
2230,1214.945
2231,1215.514
2232,1215.962
2233,1216.566
2234,1216.980
2235,1217.561
2236,1217.937
2237,1218.539
2238,1218.914
2239,1219.582
2240,1219.932
2241,1220.483
2242,1221.079
2243,1221.559
2244,1221.954
2245,1222.529
2246,1223.071
2247,1223.408
2248,1224.040
2249,1224.481
2250,1225.100
2251,1225.496
2252,1226.001
2253,1226.515
2254,1226.990
2255,1227.562
2256,1227.939
2257,1228.588
2258,1228.984
2259,1229.438
2260,1230.080
2261,1230.431
2262,1230.913
2263,1231.541
2264,1232.038
2265,1232.538
2266,1232.988
2267,1233.496
2268,1233.986
2269,1234.582
2270,1235.010
2271,1235.583
2272,1236.065
2273,1236.515
2274,1236.972
2275,1237.428
2276,1237.999
2277,1238.427
2278,1238.907
2279,1239.570
2280,1240.040
2281,1240.594
2282,1240.921
2283,1241.551
2284,1242.032
2285,1242.511
2286,1242.974
2287,1243.524
2288,1243.922
2289,1244.516
2290,1245.052
2291,1245.583
2292,1246.039
2293,1246.551
2294,1247.038
2295,1247.415
2296,1248.046
2297,1248.498
2298,1248.928
2299,1249.571
2300,1250.066
2301,1250.536
2302,1250.999
2303,1251.437
2304,1252.004
2305,1252.414
2306,1252.934
2307,1253.408
2308,1253.983
2309,1254.515
2310,1255.001
2311,1255.493
2312,1255.902
2313,1256.448
2314,1256.915
2315,1257.567
2316,1257.905
2317,1258.541
2318,1258.983
2319,1259.580
2320,1260.011
2321,1260.429
2322,1260.909
2323,1261.591
2324,1262.057
2325,1262.465
2326,1263.086
2327,1263.424
2328,1263.960
2329,1264.564
2330,1265.074
2331,1265.470
2332,1266.086
2333,1266.559
2334,1267.091
2335,1267.428
2336,1268.015
2337,1268.410
2338,1268.946
2339,1269.449
2340,1270.069
2341,1270.458
2342,1270.929
2343,1271.535
2344,1271.905
2345,1272.450
2346,1272.989
2347,1273.508
2348,1273.989
2349,1274.597
2350,1275.031
2351,1275.409
2352,1275.942
2353,1276.478
2354,1276.959
2355,1277.574
2356,1278.000
2357,1278.587
2358,1279.030
2359,1279.498
2360,1280.005
2361,1280.486
2362,1280.956
2363,1281.584
2364,1281.917
2365,1282.561
2366,1283.016
2367,1283.565
2368,1283.963
2369,1284.420
2370,1284.950
2371,1285.412
2372,1286.031
2373,1286.465
2374,1286.966
2375,1287.457
2376,1288.096
2377,1288.554
2378,1289.034
2379,1289.497
2380,1289.908
2381,1290.412
2382,1291.003
2383,1291.575
2384,1292.097
2385,1292.563
2386,1293.094
2387,1293.472
2388,1293.982
2389,1294.435
2390,1294.906
2391,1295.539
2392,1295.993
2393,1296.545
2394,1296.963
2395,1297.508
2396,1298.004
2397,1298.500
2398,1298.988
2399,1299.569
2400,1300.057
2401,1300.530
2402,1301.057
2403,1301.449
2404,1301.988
2405,1302.527
2406,1303.000
2407,1303.574
2408,1303.929
2409,1304.421
2410,1304.982
2411,1305.415
2412,1305.934
2413,1306.499
2414,1306.968
2415,1307.574
2416,1307.999
2417,1308.594
2418,1309.069
2419,1309.496
2420,1309.946
2421,1310.458
2422,1310.904
2423,1311.410
2424,1312.066
2425,1312.488
2426,1313.001
2427,1313.508
2428,1314.023
2429,1314.520
2430,1314.904
2431,1315.433
2432,1315.979
2433,1316.463
2434,1317.050
2435,1317.472
2436,1318.078
2437,1318.559
2438,1319.068
2439,1319.529
2440,1320.067
2441,1320.442
2442,1321.086
2443,1321.434
2444,1321.935
2445,1322.413
2446,1323.041
2447,1323.443
2448,1323.953
2449,1324.461
2450,1324.956
2451,1325.507
2452,1325.917
2453,1326.554
2454,1326.918
2455,1327.530
2456,1327.979
2457,1328.400
2458,1328.905
2459,1329.576
2460,1330.035
2461,1330.528
2462,1331.059
2463,1331.525
2464,1332.072
2465,1332.474
2466,1333.052
2467,1333.516
2468,1333.932
2469,1334.416
2470,1335.009
2471,1335.520
2472,1336.043
2473,1336.553
2474,1337.063
2475,1337.442
2476,1337.975
2477,1338.539
2478,1338.961
2479,1339.428
2480,1340.034
2481,1340.460
2482,1341.041
2483,1341.535
2484,1341.982
2485,1342.517
2486,1342.961
2487,1343.508
2488,1343.904
2489,1344.403
2490,1345.078
2491,1345.430
2492,1346.098
2493,1346.588
2494,1346.976
2495,1347.456
2496,1347.932
2497,1348.565
2498,1349.098
2499,1349.489
2500,1350.033
2501,1350.466
2502,1350.981
2503,1351.531
2504,1351.962
2505,1352.469
2506,1352.991
2507,1353.438
2508,1354.021
2509,1354.561
2510,1355.065
2511,1355.532
2512,1356.088
2513,1356.594
2514,1356.917
2515,1357.515
2516,1357.922
2517,1358.475
2518,1359.009
2519,1359.459
2520,1360.006
2521,1360.499
2522,1361.091
2523,1361.510
2524,1361.940
2525,1362.505
2526,1363.073
2527,1363.475
2528,1364.082
2529,1364.457
2530,1365.067
2531,1365.538
2532,1366.065
2533,1366.467
2534,1366.988
2535,1367.449
2536,1368.086
2537,1368.587
2538,1368.949
2539,1369.552
2540,1370.083
2541,1370.562
2542,1371.075
2543,1371.552
2544,1371.919
2545,1372.531
2546,1372.978
2547,1373.582
2548,1373.963
2549,1374.473
2550,1375.012
2551,1375.517
2552,1375.997
2553,1376.556
2554,1376.908
2555,1377.531
2556,1377.925
2557,1378.460
2558,1378.985
2559,1379.410
2560,1379.915
2561,1380.575
2562,1381.065
2563,1381.586
2564,1381.988
2565,1382.481
2566,1383.051
2567,1383.443
2568,1384.086
2569,1384.497
2570,1384.919
2571,1385.550
2572,1385.944
2573,1386.493
2574,1387.048
2575,1387.501
2576,1388.023
2577,1388.545
2578,1388.946
2579,1389.553
2580,1389.948
2581,1390.495
2582,1391.048
2583,1391.474
2584,1392.036
2585,1392.403
2586,1393.052
2587,1393.474
2588,1394.067
2589,1394.427
2590,1395.014
2591,1395.597
2592,1396.084
2593,1396.481
2594,1397.084
2595,1397.403
2596,1398.097
2597,1398.463
2598,1399.027
2599,1399.451
2600,1400.019
2601,1400.557
2602,1400.939
2603,1401.469
2604,1402.097
2605,1402.461
2606,1402.910
2607,1403.599
2608,1404.033
2609,1404.523
2610,1405.088
2611,1405.455
2612,1405.987
2613,1406.439
2614,1406.911
2615,1407.569
2616,1407.917
2617,1408.584
2618,1408.967
2619,1409.531
2620,1409.908
2621,1410.446
2622,1411.027
2623,1411.480
2624,1411.944
2625,1412.438
2626,1412.937
2627,1413.475
2628,1414.097
2629,1414.470
2630,1415.089
2631,1415.550
2632,1415.956
2633,1416.472
2634,1417.029
2635,1417.583
2636,1418.084
2637,1418.582
2638,1419.075
2639,1419.491
2640,1420.015
2641,1420.494
2642,1421.054
2643,1421.501
2644,1421.975
2645,1422.485
2646,1422.908
2647,1423.487
2648,1423.902
2649,1424.459
2650,1424.915
2651,1425.504
2652,1425.963
2653,1426.590
2654,1427.092
2655,1427.455
2656,1427.937
2657,1428.455
2658,1429.037
2659,1429.514
2660,1429.996
2661,1430.541
2662,1430.989
2663,1431.523
2664,1432.001
2665,1432.575
2666,1433.086
2667,1433.438
2668,1434.090
2669,1434.456
2670,1434.993
2671,1435.464
2672,1436.047
2673,1436.491
2674,1437.066
2675,1437.541
2676,1437.905
2677,1438.444
2678,1438.971
2679,1439.505
2680,1440.040
2681,1440.526
2682,1440.966
2683,1441.552
2684,1442.037
2685,1442.558
2686,1443.010
2687,1443.409
2688,1444.079
2689,1444.410
2690,1444.960
2691,1445.497
2692,1445.902
2693,1446.405
2694,1446.905
2695,1447.575
2696,1448.052
2697,1448.569
2698,1448.976
2699,1449.435
2700,1449.921
2701,1450.588
2702,1451.078
2703,1451.570
2704,1452.029
2705,1452.407
2706,1453.034
2707,1453.485
2708,1454.070
2709,1454.408
2710,1455.023
2711,1455.508
2712,1455.934
2713,1456.469
2714,1456.900
2715,1457.430
2716,1458.091
2717,1458.413
2718,1459.081
2719,1459.465
2720,1460.078
2721,1460.546
2722,1460.936
2723,1461.497
2724,1461.914
2725,1462.550
2726,1462.962
2727,1463.447
2728,1464.057
2729,1464.422
2730,1464.945
2731,1465.462
2732,1465.917
2733,1466.527
2734,1466.995
2735,1467.425
2736,1467.983
2737,1468.561
2738,1469.045
2739,1469.461
2740,1470.002
2741,1470.489
2742,1471.084
2743,1471.407
2744,1472.039
2745,1472.439
2746,1473.018
2747,1473.525
2748,1473.941
2749,1474.423
2750,1475.040
2751,1475.463
2752,1475.921
2753,1476.571
2754,1477.029
2755,1477.510
2756,1477.914
2757,1478.573
2758,1479.060
2759,1479.508
2760,1479.941
2761,1480.568
2762,1480.980
2763,1481.513
2764,1481.943
2765,1482.596
2766,1483.089
2767,1483.424
2768,1483.935
2769,1484.443
2770,1484.976
2771,1485.538
2772,1485.943
2773,1486.479
2774,1487.051
2775,1487.586
2776,1488.022
2777,1488.500
2778,1489.016
2779,1489.539
2780,1490.008
2781,1490.487
2782,1491.091
2783,1491.402
2784,1491.990
2785,1492.462
2786,1493.077
2787,1493.541
2788,1494.052
2789,1494.506
2790,1494.984
2791,1495.449
2792,1496.051
2793,1496.555
2794,1497.055
2795,1497.482
2796,1497.905
2797,1498.478
2798,1498.920
2799,1499.539
2800,1499.994
2801,1500.593
2802,1500.972
2803,1501.443
2804,1501.993
2805,1502.584
2806,1503.046
2807,1503.520
2808,1504.076
2809,1504.427
2810,1505.056
2811,1505.529
2812,1506.059
2813,1506.576
2814,1506.924
2815,1507.465
2816,1508.077
2817,1508.562
2818,1508.935
2819,1509.482
2820,1510.077
2821,1510.463
2822,1510.996
2823,1511.508
2824,1511.939
2825,1512.447
2826,1513.086
2827,1513.427
2828,1514.004
2829,1514.578
2830,1515.075
2831,1515.582
2832,1515.996
2833,1516.451
2834,1517.033
2835,1517.582
2836,1518.092
2837,1518.420
2838,1519.030
2839,1519.583
2840,1519.954
2841,1520.498
2842,1521.094
2843,1521.493
2844,1522.096
2845,1522.555
2846,1522.967
2847,1523.550
2848,1524.079
2849,1524.427
2850,1524.981
2851,1525.522
2852,1525.959
2853,1526.405
2854,1527.080
2855,1527.450
2856,1528.036
2857,1528.458
2858,1529.083
2859,1529.503
2860,1529.940
2861,1530.561
2862,1530.954
2863,1531.554
2864,1531.903
2865,1532.430
2866,1532.955
2867,1533.585
2868,1534.069
2869,1534.508
2870,1534.945
2871,1535.406
2872,1535.925
2873,1536.513
2874,1537.063
2875,1537.532
2876,1538.053
2877,1538.428
2878,1539.037
2879,1539.511
2880,1540.075
2881,1540.424
2882,1540.905
2883,1541.593
2884,1541.990
2885,1542.477
2886,1542.903
2887,1543.433
2888,1544.023
2889,1544.526
2890,1544.947
2891,1545.474
2892,1545.901
2893,1546.439
2894,1547.083
2895,1547.597
2896,1548.092
2897,1548.515
2898,1549.052
2899,1549.408
2900,1549.994
2901,1550.594
2902,1551.087
2903,1551.502
2904,1551.968
2905,1552.578
2906,1553.073
2907,1553.455
2908,1554.037
2909,1554.434
2910,1554.943
2911,1555.489
2912,1555.926
2913,1556.441
2914,1557.016
2915,1557.507
2916,1558.093
2917,1558.572
2918,1558.930
2919,1559.591
2920,1559.918
2921,1560.537
2922,1561.087
2923,1561.552
2924,1562.099
2925,1562.495
2926,1563.009
2927,1563.590
2928,1564.075
2929,1564.538
2930,1564.944
2931,1565.510
2932,1566.027
2933,1566.418
2934,1567.036
2935,1567.446
2936,1567.994
2937,1568.509
2938,1569.015
2939,1569.578
2940,1570.037
2941,1570.518
2942,1571.083
2943,1571.426
2944,1571.955
2945,1572.444
2946,1572.977
2947,1573.494
2948,1574.088
2949,1574.429
2950,1574.939
2951,1575.582
2952,1575.915
2953,1576.458
2954,1576.953
2955,1577.456
2956,1577.996
2957,1578.504
2958,1579.060
2959,1579.491
2960,1579.938
2961,1580.597
2962,1581.076
2963,1581.535
2964,1581.966
2965,1582.402
2966,1582.948
2967,1583.558
2968,1583.938
2969,1584.587
2970,1584.914
2971,1585.470
2972,1586.069
2973,1586.455
2974,1586.958
2975,1587.577
2976,1587.937
2977,1588.579
2978,1589.067
2979,1589.474
2980,1590.037
2981,1590.591
2982,1590.900
2983,1591.539
2984,1592.061
2985,1592.520
2986,1593.059
2987,1593.412
2988,1593.968
2989,1594.554
2990,1595.032
2991,1595.594
2992,1596.059
2993,1596.422
2994,1596.987
2995,1597.447
2996,1598.012
2997,1598.513
2998,1598.922
2999,1599.486
3000,1600.007
3001,1600.403
3002,1601.072
3003,1601.454
3004,1602.002
3005,1602.526
3006,1602.940
3007,1603.567
3008,1604.003
3009,1604.428
3010,1604.943
3011,1605.427
3012,1605.926
3013,1606.561
3014,1606.993
3015,1607.491
3016,1608.020
3017,1608.523
3018,1608.986
3019,1609.597
3020,1610.010
3021,1610.565
3022,1611.032
3023,1611.531
3024,1611.984
3025,1612.458
3026,1612.935
3027,1613.506
3028,1614.012
3029,1614.561
3030,1614.923
3031,1615.534
3032,1616.095
3033,1616.466
3034,1617.037
3035,1617.458
3036,1618.010
3037,1618.487
3038,1619.066
3039,1619.513
3040,1620.013
3041,1620.514
3042,1621.025
3043,1621.498
3044,1622.050
3045,1622.530
3046,1622.916
3047,1623.490
3048,1623.926
3049,1624.586
3050,1624.943
3051,1625.409
3052,1625.929
3053,1626.587
3054,1627.048
3055,1627.595
3056,1627.903
3057,1628.531
3058,1629.004
3059,1629.461
3060,1630.090
3061,1630.473
3062,1630.932
3063,1631.565
3064,1632.033
3065,1632.567
3066,1632.999
3067,1633.579
3068,1634.099
3069,1634.528
3070,1634.935
3071,1635.568
3072,1635.912
3073,1636.555
3074,1636.903
3075,1637.507
3076,1638.004
3077,1638.564
3078,1638.921
3079,1639.541
3080,1639.901
3081,1640.424
3082,1641.028
3083,1641.476
3084,1642.000
3085,1642.459
3086,1643.039
3087,1643.555
3088,1644.016
3089,1644.554
3090,1645.098
3091,1645.553
3092,1645.997
3093,1646.410
3094,1647.033
3095,1647.582
3096,1647.957
3097,1648.565
3098,1649.030
3099,1649.471
3100,1649.924
3101,1650.495
3102,1651.031
3103,1651.449
3104,1651.911
3105,1652.504
3106,1653.008
3107,1653.517
3108,1653.963
3109,1654.403
3110,1654.933
3111,1655.467
3112,1655.982
3113,1656.429
3114,1657.032
3115,1657.400
3116,1657.933
3117,1658.415
3118,1659.066
3119,1659.479
3120,1660.070
3121,1660.461
3122,1660.994
3123,1661.451
3124,1661.952
3125,1662.405
3126,1663.062
3127,1663.599
3128,1664.068
3129,1664.557
3130,1664.984
3131,1665.523
3132,1666.049
3133,1666.591
3134,1667.014
3135,1667.544
3136,1667.929
3137,1668.598
3138,1669.031
3139,1669.548
3140,1669.901
3141,1670.505
3142,1670.981
3143,1671.418
3144,1671.950
3145,1672.505
3146,1672.970
3147,1673.432
3148,1673.914
3149,1674.549
3150,1675.079
3151,1675.506
3152,1675.971
3153,1676.569
3154,1677.022
3155,1677.476
3156,1677.911
3157,1678.417
3158,1678.916
3159,1679.440
3160,1679.942
3161,1680.570
3162,1680.912
3163,1681.535
3164,1682.006
3165,1682.577
3166,1683.007
3167,1683.539
3168,1684.028
3169,1684.417
3170,1684.920
3171,1685.429
3172,1685.938
3173,1686.480
3174,1687.035
3175,1687.479
3176,1688.041
3177,1688.550
3178,1689.089
3179,1689.491
3180,1689.959
3181,1690.516
3182,1690.963
3183,1691.432
3184,1691.944
3185,1692.460
3186,1692.949
3187,1693.567
3188,1693.995
3189,1694.415
3190,1694.932
3191,1695.400
3192,1696.046
3193,1696.437
3194,1697.002
3195,1697.412
3196,1697.944
3197,1698.409
3198,1699.084
3199,1699.425
3200,1700.100
3201,1700.570
3202,1701.043
3203,1701.405
3204,1702.088
3205,1702.542
3206,1703.066
3207,1703.557
3208,1704.048
3209,1704.443
3210,1705.013
3211,1705.449
3212,1705.976
3213,1706.424
3214,1707.010
3215,1707.582
3216,1708.022
3217,1708.509
3218,1709.049
3219,1709.597
3220,1710.049
3221,1710.577
3222,1711.100
3223,1711.593
3224,1711.947
3225,1712.536
3226,1712.913
3227,1713.513
3228,1714.003
3229,1714.505
3230,1714.954
3231,1715.570
3232,1715.960
3233,1716.463
3234,1717.009
3235,1717.457
3236,1718.024
3237,1718.405
3238,1719.042
3239,1719.498
3240,1719.967
3241,1720.564
3242,1721.050
3243,1721.527
3244,1722.072
3245,1722.475
3246,1722.988
3247,1723.475
3248,1723.971
3249,1724.446
3250,1724.917
3251,1725.514
3252,1726.065
3253,1726.595
3254,1727.043
3255,1727.574
3256,1728.037
3257,1728.547
3258,1728.930
3259,1729.471
3260,1730.044
3261,1730.485
3262,1731.008
3263,1731.583
3264,1732.010
3265,1732.431
3266,1732.962
3267,1733.582
3268,1733.927
3269,1734.484
3270,1734.944
3271,1735.408
3272,1736.042
3273,1736.407
3274,1737.089
3275,1737.550
3276,1737.953
3277,1738.582
3278,1738.976
3279,1739.574
3280,1740.009
3281,1740.535
3282,1741.048
3283,1741.494
3284,1742.098
3285,1742.599
3286,1743.075
3287,1743.492
3288,1744.090
3289,1744.584
3290,1744.907
3291,1745.561
3292,1745.956
3293,1746.551
3294,1746.971
3295,1747.470
3296,1748.013
3297,1748.403
3298,1749.021
3299,1749.498
3300,1750.051
3301,1750.432
3302,1751.049
3303,1751.547
3304,1752.093
3305,1752.432
3306,1752.956
3307,1753.594
3308,1753.975
3309,1754.456
3310,1755.013
3311,1755.437
3312,1756.096
3313,1756.501
3314,1756.939
3315,1757.523
3316,1758.079
3317,1758.563
3318,1759.051
3319,1759.449
3320,1760.068
3321,1760.459
3322,1761.044
3323,1761.572
3324,1762.057
3325,1762.485
3326,1763.100
3327,1763.545
3328,1764.087
3329,1764.473
3330,1765.078
3331,1765.418
3332,1766.000
3333,1766.400
3334,1767.100
3335,1767.444
3336,1768.065
3337,1768.499
3338,1768.975
3339,1769.568
3340,1769.990
3341,1770.586
3342,1771.016
3343,1771.538
3344,1771.992
3345,1772.583
3346,1772.957
3347,1773.598
3348,1773.967
3349,1774.485
3350,1775.060
3351,1775.425
3352,1775.969
3353,1776.455
3354,1776.903
3355,1777.551
3356,1777.914
3357,1778.547
3358,1779.083
3359,1779.526
3360,1780.048
3361,1780.462
3362,1780.963
3363,1781.568
3364,1782.079
3365,1782.592
3366,1783.069
3367,1783.545
3368,1784.039
3369,1784.598
3370,1785.043
3371,1785.462
3372,1786.030
3373,1786.563
3374,1786.984
3375,1787.567
3376,1787.937
3377,1788.583
3378,1789.059
3379,1789.596
3380,1790.055
3381,1790.543
3382,1791.072
3383,1791.498
3384,1792.080
3385,1792.458
3386,1792.940
3387,1793.595
3388,1794.076
3389,1794.423
3390,1794.977
3391,1795.436
3392,1795.973
3393,1796.513
3394,1797.035
3395,1797.493
3396,1797.975
3397,1798.580
3398,1798.989
3399,1799.541
3400,1800.016
3401,1800.499
3402,1800.929
3403,1801.418
3404,1802.059
3405,1802.539
3406,1802.906
3407,1803.513
3408,1804.016
3409,1804.460
3410,1804.963
3411,1805.536
3412,1806.008
3413,1806.454
3414,1806.920
3415,1807.424
3416,1808.094
3417,1808.506
3418,1809.028
3419,1809.437
3420,1809.986
3421,1810.472
3422,1810.950
3423,1811.419
3424,1812.026
3425,1812.594
3426,1812.901
3427,1813.564
3428,1814.052
3429,1814.561
3430,1815.063
3431,1815.594
3432,1816.076
3433,1816.422
3434,1817.081
3435,1817.568
3436,1818.028
3437,1818.591
3438,1818.942
3439,1819.505
3440,1819.940
3441,1820.419
3442,1821.016
3443,1821.598
3444,1822.049
3445,1822.436
3446,1823.048
3447,1823.443
3448,1824.096
3449,1824.520
3450,1825.047
3451,1825.427
3452,1826.068
3453,1826.590
3454,1826.998
3455,1827.461
3456,1827.970
3457,1828.539
3458,1829.057
3459,1829.518
3460,1830.000
3461,1830.491
3462,1830.935
3463,1831.420
3464,1831.917
3465,1832.587
3466,1833.047
3467,1833.477
3468,1834.072
3469,1834.572
3470,1835.077
3471,1835.529
3472,1836.099
3473,1836.597
3474,1837.053
3475,1837.421
3476,1837.905
3477,1838.478
3478,1838.988
3479,1839.428
3480,1840.071
3481,1840.514
3482,1840.978
3483,1841.404
3484,1841.989
3485,1842.556
3486,1842.930
3487,1843.402
3488,1844.077
3489,1844.589
3490,1844.976
3491,1845.512
3492,1846.028
3493,1846.496
3494,1846.942
3495,1847.550
3496,1848.095
3497,1848.491
3498,1848.989
3499,1849.400
3500,1849.957
3501,1850.408
3502,1850.995
3503,1851.462
3504,1852.083
3505,1852.437
3506,1853.090
3507,1853.435
3508,1853.903
3509,1854.499
3510,1855.040
3511,1855.575
3512,1855.953
3513,1856.550
3514,1857.032
3515,1857.578
3516,1857.911
3517,1858.529
3518,1859.055
3519,1859.513
3520,1859.959
3521,1860.402
3522,1860.908
3523,1861.594
3524,1861.900
3525,1862.450
3526,1863.007
3527,1863.468
3528,1864.035
3529,1864.521
3530,1864.981
3531,1865.540
3532,1866.086
3533,1866.484
3534,1866.987
3535,1867.464
3536,1868.033
3537,1868.448
3538,1868.913
3539,1869.567
3540,1870.073
3541,1870.552
3542,1870.905
3543,1871.427
3544,1872.007
3545,1872.458
3546,1873.006
3547,1873.574
3548,1874.070
3549,1874.523
3550,1875.040
3551,1875.429
3552,1876.017
3553,1876.477
3554,1877.019
3555,1877.512
3556,1878.057
3557,1878.474
3558,1879.009
3559,1879.443
3560,1880.041
3561,1880.532
3562,1881.026
3563,1881.469
3564,1882.083
3565,1882.474
3566,1882.998
3567,1883.552
3568,1883.965
3569,1884.439
3570,1885.074
3571,1885.569
3572,1886.001
3573,1886.500
3574,1886.971
3575,1887.426
3576,1888.012
3577,1888.599
3578,1888.994
3579,1889.425
3580,1889.966
3581,1890.415
3582,1890.983
3583,1891.586
3584,1891.954
3585,1892.551
3586,1893.078
3587,1893.539
3588,1894.021
3589,1894.442
3590,1895.093
3591,1895.533
3592,1895.929
3593,1896.506
3594,1897.099
3595,1897.456
3596,1898.049
3597,1898.495
3598,1899.036
3599,1899.524
3600,1900.097
3601,1900.463
3602,1901.016
3603,1901.434
3604,1901.920
3605,1902.518
3606,1902.996
3607,1903.404
3608,1904.056
3609,1904.532
3610,1905.006
3611,1905.497
3612,1906.027
3613,1906.534
3614,1907.055
3615,1907.464
3616,1907.999
3617,1908.583
3618,1909.032
3619,1909.564
3620,1909.941
3621,1910.534
3622,1911.045
3623,1911.520
3624,1911.960
3625,1912.575
3626,1912.978
3627,1913.476
3628,1913.942
3629,1914.574
3630,1914.937
3631,1915.404
3632,1915.947
3633,1916.405
3634,1916.992
3635,1917.471
3636,1917.960
3637,1918.551
3638,1918.902
3639,1919.579
3640,1919.933
3641,1920.588
3642,1921.008
3643,1921.442
3644,1921.969
3645,1922.504
3646,1922.918
3647,1923.440
3648,1924.048
3649,1924.541
3650,1925.009
3651,1925.469
3652,1925.912
3653,1926.579
3654,1927.078
3655,1927.539
3656,1928.028
3657,1928.520
3658,1929.053
3659,1929.403
3660,1929.920
3661,1930.584
3662,1931.079
3663,1931.544
3664,1932.015
3665,1932.599
3666,1932.969
3667,1933.581
3668,1934.089
3669,1934.429
3670,1934.960
3671,1935.467
3672,1935.960
3673,1936.588
3674,1936.948
3675,1937.563
3676,1937.979
3677,1938.492
3678,1939.000
3679,1939.540
3680,1940.057
3681,1940.588
3682,1941.054
3683,1941.509
3684,1942.084
3685,1942.552
3686,1943.042
3687,1943.541
3688,1944.032
3689,1944.533
3690,1945.017
3691,1945.431
3692,1946.040
3693,1946.490
3694,1946.903
3695,1947.476
3696,1948.006
3697,1948.554
3698,1949.090
3699,1949.508
3700,1949.939
3701,1950.444
3702,1950.966
3703,1951.562
3704,1951.978
3705,1952.530
3706,1952.913
3707,1953.400
3708,1954.071
3709,1954.590
3710,1955.084
3711,1955.464
3712,1956.062
3713,1956.549
3714,1956.936
3715,1957.436
3716,1957.947
3717,1958.555
3718,1958.917
3719,1959.572
3720,1960.053
3721,1960.534
3722,1961.055
3723,1961.529
3724,1961.916
3725,1962.413
3726,1962.954
3727,1963.461
3728,1963.954
3729,1964.425
3730,1965.054
3731,1965.506
3732,1965.995
3733,1966.517
3734,1966.930
3735,1967.457
3736,1967.962
3737,1968.508
3738,1968.996
3739,1969.421
3740,1969.945
3741,1970.561
3742,1971.011
3743,1971.591
3744,1972.008
3745,1972.430
3746,1973.038
3747,1973.567
3748,1973.910
3749,1974.426
3750,1975.087
3751,1975.577
3752,1976.065
3753,1976.588
3754,1977.084
3755,1977.448
3756,1977.983
3757,1978.520
3758,1979.015
3759,1979.426
3760,1980.047
3761,1980.512
3762,1981.055
3763,1981.513
3764,1982.041
3765,1982.536
3766,1982.967
3767,1983.427
3768,1983.987
3769,1984.462
3770,1984.925
3771,1985.563
3772,1985.933
3773,1986.591
3774,1986.934
3775,1987.438
3776,1988.014
3777,1988.482
3778,1989.068
3779,1989.455
3780,1989.960
3781,1990.494
3782,1990.922
3783,1991.421
3784,1991.977
3785,1992.409
3786,1993.052
3787,1993.595
3788,1994.010
3789,1994.435
3790,1995.048
3791,1995.418
3792,1996.059
3793,1996.448
3794,1997.078
3795,1997.419
3796,1998.064
3797,1998.407
3798,1999.013
3799,1999.468
3800,1999.917
3801,2000.501
3802,2001.090
3803,2001.401
3804,2002.046
3805,2002.505
3806,2002.929
3807,2003.485
3808,2003.915
3809,2004.592
3810,2004.925
3811,2005.405
3812,2005.915
3813,2006.435
3814,2007.003
3815,2007.477
3816,2007.926
3817,2008.583
3818,2009.055
3819,2009.560
3820,2009.934
3821,2010.453
3822,2011.028
3823,2011.497
3824,2012.017
3825,2012.457
3826,2013.035
3827,2013.464
3828,2014.071
3829,2014.541
3830,2014.921
3831,2015.596
3832,2015.977
3833,2016.415
3834,2017.030
3835,2017.402
3836,2018.015
3837,2018.417
3838,2019.099
3839,2019.572
3840,2019.945
3841,2020.502
3842,2020.903
3843,2021.436
3844,2021.977
3845,2022.403
3846,2022.962
3847,2023.593
3848,2024.036
3849,2024.522
3850,2024.919
3851,2025.412
3852,2026.042
3853,2026.405
3854,2027.034
3855,2027.481
3856,2028.057
3857,2028.546
3858,2028.908
3859,2029.452
3860,2030.031
3861,2030.488
3862,2030.913
3863,2031.466
3864,2032.045
3865,2032.533
3866,2032.908
3867,2033.472
3868,2033.912
3869,2034.557
3870,2034.980
3871,2035.443
3872,2035.996
3873,2036.502
3874,2036.968
3875,2037.588
3876,2038.061
3877,2038.546
3878,2039.042
3879,2039.489
3880,2040.071
3881,2040.555
3882,2040.918
3883,2041.421
3884,2042.018
3885,2042.555
3886,2042.918
3887,2043.449
3888,2043.991
3889,2044.509
3890,2044.919
3891,2045.593
3892,2046.031
3893,2046.475
3894,2046.967
3895,2047.596
3896,2048.039
3897,2048.551
3898,2048.916
3899,2049.579
3900,2050.033
3901,2050.572
3902,2050.928
3903,2051.482
3904,2051.930
3905,2052.473
3906,2052.993
3907,2053.429
3908,2054.015
3909,2054.459
3910,2055.004
3911,2055.408
3912,2055.951
3913,2056.476
3914,2056.993
3915,2057.574
3916,2058.044
3917,2058.417
3918,2059.097
3919,2059.412
3920,2060.023
3921,2060.448
3922,2060.961
3923,2061.550
3924,2062.071
3925,2062.573
3926,2063.028
3927,2063.460
3928,2064.081
3929,2064.401
3930,2065.079
3931,2065.502
3932,2066.018
3933,2066.475
3934,2066.985
3935,2067.529
3936,2067.936
3937,2068.418
3938,2069.074
3939,2069.413
3940,2070.078
3941,2070.527
3942,2070.956
3943,2071.475
3944,2071.988
3945,2072.462
3946,2072.905
3947,2073.429
3948,2073.919
3949,2074.582
3950,2075.070
3951,2075.400
3952,2076.065
3953,2076.411
3954,2077.060
3955,2077.530
3956,2077.908
3957,2078.582
3958,2078.931
3959,2079.543
3960,2079.993
3961,2080.470
3962,2081.039
3963,2081.484
3964,2082.010
3965,2082.569
3966,2082.962
3967,2083.491
3968,2083.940
3969,2084.492
3970,2084.935
3971,2085.412
3972,2085.979
3973,2086.478
3974,2086.994
3975,2087.449
3976,2087.937
3977,2088.556
3978,2088.962
3979,2089.400
3980,2089.981
3981,2090.415
3982,2091.062
3983,2091.458
3984,2091.909
3985,2092.545
3986,2093.016
3987,2093.529
3988,2094.040
3989,2094.586
3990,2094.936
3991,2095.521
3992,2096.044
3993,2096.549
3994,2096.943
3995,2097.407
3996,2098.020
3997,2098.458
3998,2098.998
3999,2099.486
4000,2099.971
4001,2100.539
4002,2101.069
4003,2101.525
4004,2102.047
4005,2102.447
4006,2103.073
4007,2103.441
4008,2103.932
4009,2104.437
4010,2104.996
4011,2105.588
4012,2105.982
4013,2106.410
4014,2106.909
4015,2107.562
4016,2108.054
4017,2108.465
4018,2108.936
4019,2109.483
4020,2110.004
4021,2110.571
4022,2110.963
4023,2111.572
4024,2111.999
4025,2112.591
4026,2113.019
4027,2113.432
4028,2114.064
4029,2114.465
4030,2115.002
4031,2115.461
4032,2116.050
4033,2116.404
4034,2117.051
4035,2117.536
4036,2118.070
4037,2118.469
4038,2119.022
4039,2119.478
4040,2119.919
4041,2120.409
4042,2120.993
4043,2121.495
4044,2122.023
4045,2122.451
4046,2123.082
4047,2123.491
4048,2124.092
4049,2124.544
4050,2125.098
4051,2125.513
4052,2125.909
4053,2126.544
4054,2127.005
4055,2127.549
4056,2128.011
4057,2128.525
4058,2128.925
4059,2129.518
4060,2129.927
4061,2130.420
4062,2130.959
4063,2131.480
4064,2132.020
4065,2132.517
4066,2133.052
4067,2133.432
4068,2133.937
4069,2134.552
4070,2135.089
4071,2135.465
4072,2135.918
4073,2136.521
4074,2137.034
4075,2137.422
4076,2137.960
4077,2138.511
4078,2138.925
4079,2139.483
4080,2139.949
4081,2140.541
4082,2140.919
4083,2141.485
4084,2142.051
4085,2142.533
4086,2143.072
4087,2143.599
4088,2144.078
4089,2144.401
4090,2144.905
4091,2145.474
4092,2146.075
4093,2146.556
4094,2146.991
4095,2147.544
4096,2148.022
4097,2148.507
4098,2149.080
4099,2149.440
4100,2150.091
4101,2150.420
4102,2150.996
4103,2151.431
4104,2152.014
4105,2152.415
4106,2153.008
4107,2153.581
4108,2154.022
4109,2154.478
4110,2154.903
4111,2155.418
4112,2155.944
4113,2156.438
4114,2156.976
4115,2157.472
4116,2157.985
4117,2158.470
4118,2158.965
4119,2159.585
4120,2160.034
4121,2160.536
4122,2161.012
4123,2161.535
4124,2162.004
4125,2162.570
4126,2163.061
4127,2163.555
4128,2163.920
4129,2164.567
4130,2164.932
4131,2165.516
4132,2165.933
4133,2166.494
4134,2166.909
4135,2167.595
4136,2168.094
4137,2168.513
4138,2168.975
4139,2169.486
4140,2170.050
4141,2170.503
4142,2170.985
4143,2171.429
4144,2171.994
4145,2172.418
4146,2172.988
4147,2173.574
4148,2174.059
4149,2174.433
4150,2174.904
4151,2175.515
4152,2175.969
4153,2176.438
4154,2177.070
4155,2177.499
4156,2177.972
4157,2178.477
4158,2179.005
4159,2179.407
4160,2179.907
4161,2180.440
4162,2180.980
4163,2181.568
4164,2182.080
4165,2182.447
4166,2183.076
4167,2183.517
4168,2184.019
4169,2184.556
4170,2185.096
4171,2185.587
4172,2186.063
4173,2186.485
4174,2187.063
4175,2187.440
4176,2187.930
4177,2188.471
4178,2188.936
4179,2189.430
4180,2189.996
4181,2190.442
4182,2190.924
4183,2191.502
4184,2191.998
4185,2192.600
4186,2193.018
4187,2193.536
4188,2194.013
4189,2194.442
4190,2194.907
4191,2195.588
4192,2196.071
4193,2196.458
4194,2196.944
4195,2197.578
4196,2197.904
4197,2198.499
4198,2199.067
4199,2199.469
4200,2200.034
4201,2200.484
4202,2200.978
4203,2201.558
4204,2202.030
4205,2202.529
4206,2202.999
4207,2203.522
4208,2203.998
4209,2204.597
4210,2205.031
4211,2205.550
4212,2206.002
4213,2206.460
4214,2206.959
4215,2207.436
4216,2208.001
4217,2208.411
4218,2209.038
4219,2209.466
4220,2210.029
4221,2210.483
4222,2211.076
4223,2211.580
4224,2212.021
4225,2212.535
4226,2212.957
4227,2213.435
4228,2214.021
4229,2214.574
4230,2215.076
4231,2215.418
4232,2215.910
4233,2216.414
4234,2217.053
4235,2217.520
4236,2218.026
4237,2218.574
4238,2218.907
4239,2219.565
4240,2219.971
4241,2220.449
4242,2220.928
4243,2221.439
4244,2221.935
4245,2222.430
4246,2223.029
4247,2223.537
4248,2224.015
4249,2224.483
4250,2225.015
4251,2225.457
4252,2225.928
4253,2226.406
4254,2227.075
4255,2227.548
4256,2228.078
4257,2228.514
4258,2228.988
4259,2229.579
4260,2229.965
4261,2230.484
4262,2230.918
4263,2231.526
4264,2231.903
4265,2232.447
4266,2232.992
4267,2233.565
4268,2234.030
4269,2234.531
4270,2234.948
4271,2235.575
4272,2235.984
4273,2236.554
4274,2237.097
4275,2237.597
4276,2237.955
4277,2238.402
4278,2239.017
4279,2239.509
4280,2240.093
4281,2240.414
4282,2240.977
4283,2241.402
4284,2241.920
4285,2242.419
4286,2242.984
4287,2243.567
4288,2244.001
4289,2244.582
4290,2245.038
4291,2245.584
4292,2246.010
4293,2246.438
4294,2247.068
4295,2247.431
4296,2248.041
4297,2248.531
4298,2248.969
4299,2249.536
4300,2249.993
4301,2250.489
4302,2251.066
4303,2251.561
4304,2251.902
4305,2252.537
4306,2252.968
4307,2253.599
4308,2253.981
4309,2254.480
4310,2254.909
4311,2255.440
4312,2255.988
4313,2256.534
4314,2257.099
4315,2257.511
4316,2257.975
4317,2258.450
4318,2258.974
4319,2259.407
4320,2259.960
4321,2260.431
4322,2261.012
4323,2261.492
4324,2261.996
4325,2262.470
4326,2262.935
4327,2263.444
4328,2263.918
4329,2264.512
4330,2265.087
4331,2265.590
4332,2265.951
4333,2266.560
4334,2266.984
4335,2267.453
4336,2267.935
4337,2268.418
4338,2269.000
4339,2269.572
4340,2270.000
4341,2270.455
4342,2271.027
4343,2271.573
4344,2271.979
4345,2272.539
4346,2273.051
4347,2273.599
4348,2274.056
4349,2274.450
4350,2275.029
4351,2275.539
4352,2276.021
4353,2276.523
4354,2277.016
4355,2277.571
4356,2277.987
4357,2278.511
4358,2279.099
4359,2279.582
4360,2280.010
4361,2280.452
4362,2281.046
4363,2281.447
4364,2281.910
4365,2282.590
4366,2283.021
4367,2283.418
4368,2284.091
4369,2284.420
4370,2285.095
4371,2285.490
4372,2286.033
4373,2286.540
4374,2287.090
4375,2287.401
4376,2287.971
4377,2288.483
4378,2289.024
4379,2289.487
4380,2289.915
4381,2290.521
4382,2290.975
4383,2291.481
4384,2292.021
4385,2292.582
4386,2292.981
4387,2293.510
4388,2293.949
4389,2294.542
4390,2294.927
4391,2295.505
4392,2295.994
4393,2296.479
4394,2297.053
4395,2297.405
4396,2297.921
4397,2298.504
4398,2298.914
4399,2299.442
4400,2300.061
4401,2300.455
4402,2301.018
4403,2301.455
4404,2301.957
4405,2302.547
4406,2303.048
4407,2303.471
4408,2304.020
4409,2304.577
4410,2304.953
4411,2305.573
4412,2306.086
4413,2306.448
4414,2307.043
4415,2307.497
4416,2307.904
4417,2308.531
4418,2309.090
4419,2309.512
4420,2309.991
4421,2310.402
4422,2310.941
4423,2311.495
4424,2311.996
4425,2312.474
4426,2313.071
4427,2313.444
4428,2314.076
4429,2314.564
4430,2315.049
4431,2315.573
4432,2316.069
4433,2316.431
4434,2317.000
4435,2317.550
4436,2317.906
4437,2318.404
4438,2318.919
4439,2319.531
4440,2319.900
4441,2320.539
4442,2320.957
4443,2321.510
4444,2322.046
4445,2322.521
4446,2323.007
4447,2323.597
4448,2324.078
4449,2324.590
4450,2325.038
4451,2325.594
4452,2325.924
4453,2326.468
4454,2326.925
4455,2327.590
4456,2328.092
4457,2328.556
4458,2328.981
4459,2329.546
4460,2330.003
4461,2330.481
4462,2331.022
4463,2331.516
4464,2332.032
4465,2332.540
4466,2333.086
4467,2333.489
4468,2334.017
4469,2334.484
4470,2335.021
4471,2335.591
4472,2336.007
4473,2336.497
4474,2336.965
4475,2337.471
4476,2338.063
4477,2338.547
4478,2338.937
4479,2339.412
4480,2339.980
4481,2340.453
4482,2341.068
4483,2341.526
4484,2342.035
4485,2342.584
4486,2342.905
4487,2343.435
4488,2344.084
4489,2344.574
4490,2345.001
4491,2345.529
4492,2345.986
4493,2346.596
4494,2347.005
4495,2347.510
4496,2348.046
4497,2348.599
4498,2349.003
4499,2349.514
4500,2349.945
4501,2350.428
4502,2351.029
4503,2351.481
4504,2351.916
4505,2352.495
4506,2352.933
4507,2353.424
4508,2354.023
4509,2354.537
4510,2354.973
4511,2355.576
4512,2356.012
4513,2356.453
4514,2357.062
4515,2357.511
4516,2358.064
4517,2358.460
4518,2359.090
4519,2359.477
4520,2359.997
4521,2360.442
4522,2361.057
4523,2361.462
4524,2361.935
4525,2362.534
4526,2362.955
4527,2363.586
4528,2364.049
4529,2364.478
4530,2365.034
4531,2365.484
4532,2366.060
4533,2366.427
4534,2366.934
4535,2367.404
4536,2367.912
4537,2368.574
4538,2369.009
4539,2369.500
4540,2369.994
4541,2370.412
4542,2370.982
4543,2371.509
4544,2372.045
4545,2372.573
4546,2373.064
4547,2373.468
4548,2374.085
4549,2374.525
4550,2375.026
4551,2375.558
4552,2375.956
4553,2376.515
4554,2377.001
4555,2377.428
4556,2377.962
4557,2378.444
4558,2378.960
4559,2379.403
4560,2379.997
4561,2380.418
4562,2381.060
4563,2381.442
4564,2381.965
4565,2382.402
4566,2382.971
4567,2383.546
4568,2384.099
4569,2384.480
4570,2385.037
4571,2385.531
4572,2385.912
4573,2386.467
4574,2386.938
4575,2387.506
4576,2388.021
4577,2388.519
4578,2388.901
4579,2389.506
4580,2390.020
4581,2390.444
4582,2391.034
4583,2391.468
4584,2392.010
4585,2392.404
4586,2392.909
4587,2393.483
4588,2394.044
4589,2394.541
4590,2394.979
4591,2395.428
4592,2395.928
4593,2396.534
4594,2397.073
4595,2397.497
4596,2398.023
4597,2398.596
4598,2398.956
4599,2399.443
4600,2399.989
4601,2400.442
4602,2401.076
4603,2401.561
4604,2401.903
4605,2402.462
4606,2403.012
4607,2403.419
4608,2404.068
4609,2404.411
4610,2405.052
4611,2405.471
4612,2406.049
4613,2406.504
4614,2407.089
4615,2407.409
4616,2408.021
4617,2408.502
4618,2409.055
4619,2409.407
4620,2410.042
4621,2410.466
4622,2411.041
4623,2411.532
4624,2412.043
4625,2412.551
4626,2413.047
4627,2413.543
4628,2414.090
4629,2414.504
4630,2414.995
4631,2415.484
4632,2416.052
4633,2416.525
4634,2416.915
4635,2417.548
4636,2417.978
4637,2418.434
4638,2419.043
4639,2419.447
4640,2420.096
4641,2420.554
4642,2420.974
4643,2421.453
4644,2421.917
4645,2422.514
4646,2423.099
4647,2423.452
4648,2423.985
4649,2424.528
4650,2425.057
4651,2425.447
4652,2425.970
4653,2426.417
4654,2427.006
4655,2427.507
4656,2428.090
4657,2428.599
4658,2429.009
4659,2429.517
4660,2429.998
4661,2430.509
4662,2430.944
4663,2431.584
4664,2432.051
4665,2432.538
4666,2433.055
4667,2433.588
4668,2434.081
4669,2434.468
4670,2434.988
4671,2435.534
4672,2436.007
4673,2436.447
4674,2436.996
4675,2437.597
4676,2438.037
4677,2438.484
4678,2439.005
4679,2439.472
4680,2440.093
4681,2440.476
4682,2441.009
4683,2441.523
4684,2442.091
4685,2442.464
4686,2443.036
4687,2443.415
4688,2443.911
4689,2444.457
4690,2445.023
4691,2445.519
4692,2446.010
4693,2446.470
4694,2446.939
4695,2447.416
4696,2447.958
4697,2448.587
4698,2449.000
4699,2449.461
4700,2450.038
4701,2450.465
4702,2450.979
4703,2451.563
4704,2452.006
4705,2452.523
4706,2453.049
4707,2453.565
4708,2453.981
4709,2454.576
4710,2455.064
4711,2455.598
4712,2456.067
4713,2456.580
4714,2456.993
4715,2457.451
4716,2458.086
4717,2458.437
4718,2459.064
4719,2459.499
4720,2460.027
4721,2460.454
4722,2460.942
4723,2461.445
4724,2462.039
4725,2462.437
4726,2463.057
4727,2463.422
4728,2464.023
4729,2464.586
4730,2464.962
4731,2465.462
4732,2466.095
4733,2466.421
4734,2466.928
4735,2467.557
4736,2467.905
4737,2468.496
4738,2469.066
4739,2469.550
4740,2470.022
4741,2470.600
4742,2470.908
4743,2471.542
4744,2471.979
4745,2472.500
4746,2473.042
4747,2473.565
4748,2473.975
4749,2474.437
4750,2474.969
4751,2475.474
4752,2476.078
4753,2476.447
4754,2476.931
4755,2477.414
4756,2477.999
4757,2478.560
4758,2478.922
4759,2479.567
4760,2480.006
4761,2480.552
4762,2480.990
4763,2481.459
4764,2482.066
4765,2482.531
4766,2483.036
4767,2483.403
4768,2484.022
4769,2484.502
4770,2485.026
4771,2485.469
4772,2485.980
4773,2486.509
4774,2486.943
4775,2487.441
4776,2488.008
4777,2488.420
4778,2488.937
4779,2489.590
4780,2489.992
4781,2490.574
4782,2491.036
4783,2491.580
4784,2492.027
4785,2492.535
4786,2493.084
4787,2493.543
4788,2494.025
4789,2494.528
4790,2494.958
4791,2495.505
4792,2495.999
4793,2496.551
4794,2496.959
4795,2497.417
4796,2498.003
4797,2498.590
4798,2498.946
4799,2499.532
4800,2500.087
4801,2500.490
4802,2501.094
4803,2501.572
4804,2501.992
4805,2502.421
4806,2503.036
4807,2503.497
4808,2503.940
4809,2504.502
4810,2505.007
4811,2505.541
4812,2505.961
4813,2506.405
4814,2507.088
4815,2507.479
4816,2508.078
4817,2508.595
4818,2509.076
4819,2509.546
4820,2509.949
4821,2510.418
4822,2510.934
4823,2511.424
4824,2512.035
4825,2512.531
4826,2513.065
4827,2513.520
4828,2513.967
4829,2514.552
4830,2514.979
4831,2515.571
4832,2516.078
4833,2516.454
4834,2516.968
4835,2517.546
4836,2518.093
4837,2518.534
4838,2518.937
4839,2519.574
4840,2519.948
4841,2520.519
4842,2521.027
4843,2521.488
4844,2522.010
4845,2522.411
4846,2522.946
4847,2523.555
4848,2524.057
4849,2524.546
4850,2524.940
4851,2525.413
4852,2525.991
4853,2526.499
4854,2526.957
4855,2527.595
4856,2527.993
4857,2528.462
4858,2528.986
4859,2529.412
4860,2530.091
4861,2530.553
4862,2531.087
4863,2531.487
4864,2531.989
4865,2532.480
4866,2533.012
4867,2533.441
4868,2534.098
4869,2534.436
4870,2535.064
4871,2535.488
4872,2535.963
4873,2536.492
4874,2537.019
4875,2537.530
4876,2537.960
4877,2538.433
4878,2538.978
4879,2539.414
4880,2539.903
4881,2540.563
4882,2541.057
4883,2541.470
4884,2542.090
4885,2542.401
4886,2543.029
4887,2543.540
4888,2544.040
4889,2544.578
4890,2544.922
4891,2545.501
4892,2545.943
4893,2546.543
4894,2546.920
4895,2547.502
4896,2547.935
4897,2548.592
4898,2549.059
4899,2549.583
4900,2549.937
4901,2550.582
4902,2551.073
4903,2551.425
4904,2551.989
4905,2552.484
4906,2553.038
4907,2553.553
4908,2553.971
4909,2554.555
4910,2555.064
4911,2555.404
4912,2556.041
4913,2556.551
4914,2557.062
4915,2557.584
4916,2558.019
4917,2558.479
4918,2558.975
4919,2559.568
4920,2560.022
4921,2560.564
4922,2561.038
4923,2561.401
4924,2562.078
4925,2562.429
4926,2563.064
4927,2563.546
4928,2564.030
4929,2564.510
4930,2564.979
4931,2565.471
4932,2566.027
4933,2566.401
4934,2566.991
4935,2567.550
4936,2567.975
4937,2568.496
4938,2569.007
4939,2569.507
4940,2569.913
4941,2570.573
4942,2571.096
4943,2571.436
4944,2572.073
4945,2572.571
4946,2573.081
4947,2573.407
4948,2574.085
4949,2574.591
4950,2574.932
4951,2575.409
4952,2576.098
4953,2576.575
4954,2576.931
4955,2577.468
4956,2578.065
4957,2578.462
4958,2578.978
4959,2579.517
4960,2579.926
4961,2580.542
4962,2580.967
4963,2581.583
4964,2582.040
4965,2582.476
4966,2582.943
4967,2583.466
4968,2584.009
4969,2584.598
4970,2584.962
4971,2585.420
4972,2586.020
4973,2586.486
4974,2587.008
4975,2587.480
4976,2588.017
4977,2588.592
4978,2588.907
4979,2589.528
4980,2590.088
4981,2590.506
4982,2591.077
4983,2591.411
4984,2592.086
4985,2592.538
4986,2592.990
4987,2593.589
4988,2593.992
4989,2594.428
4990,2594.907
4991,2595.449
4992,2596.094
4993,2596.556
4994,2596.944
4995,2597.415
4996,2598.060
4997,2598.550
4998,2599.011
4999,2599.587
5000,2599.961
5001,2600.587
5002,2601.060
5003,2601.510
5004,2601.940
5005,2602.519
5006,2602.994
5007,2603.455
5008,2604.073
5009,2604.510
5010,2605.043
5011,2605.511
5012,2605.913
5013,2606.559
5014,2606.923
5015,2607.433
5016,2607.907
5017,2608.454
5018,2609.079
5019,2609.419
5020,2609.950
5021,2610.548
5022,2611.003
5023,2611.420
5024,2611.954
5025,2612.562
5026,2613.052
5027,2613.401
5028,2614.064
5029,2614.589
5030,2614.997
5031,2615.468
5032,2616.093
5033,2616.478
5034,2616.964
5035,2617.574
5036,2618.092
5037,2618.531
5038,2619.087
5039,2619.584
5040,2619.910
5041,2620.579
5042,2620.930
5043,2621.506
5044,2621.990
5045,2622.425
5046,2623.005
5047,2623.426
5048,2624.087
5049,2624.430
5050,2625.056
5051,2625.417
5052,2626.023
5053,2626.592
5054,2626.995
5055,2627.589
5056,2627.944
5057,2628.435
5058,2629.093
5059,2629.545
5060,2629.959
5061,2630.436
5062,2630.948
5063,2631.478
5064,2631.942
5065,2632.594
5066,2632.949
5067,2633.469
5068,2634.085
5069,2634.555
5070,2634.907
5071,2635.443
5072,2635.922
5073,2636.515
5074,2636.900
5075,2637.503
5076,2638.016
5077,2638.439
5078,2638.962
5079,2639.492
5080,2640.053
5081,2640.422
5082,2641.059
5083,2641.477
5084,2641.951
5085,2642.554
5086,2643.085
5087,2643.443
5088,2644.094
5089,2644.512
5090,2645.053
5091,2645.575
5092,2646.088
5093,2646.539
5094,2647.076
5095,2647.590
5096,2647.983
5097,2648.554
5098,2649.036
5099,2649.433
5100,2650.049
5101,2650.484
5102,2651.018
5103,2651.496
5104,2652.079
5105,2652.476
5106,2652.958
5107,2653.536
5108,2654.078
5109,2654.523
5110,2654.957
5111,2655.574
5112,2655.925
5113,2656.434
5114,2656.944
5115,2657.411
5116,2658.074
5117,2658.554
5118,2659.026
5119,2659.511
5120,2660.057
5121,2660.504
5122,2660.960
5123,2661.527
5124,2661.957
5125,2662.494
5126,2663.053
5127,2663.509
5128,2663.930
5129,2664.434
5130,2665.060
5131,2665.506
5132,2665.944
5133,2666.509
5134,2667.039
5135,2667.519
5136,2667.930
5137,2668.457
5138,2668.935
5139,2669.425
5140,2669.953
5141,2670.470
5142,2671.009
5143,2671.574
5144,2672.041
5145,2672.486
5146,2672.963
5147,2673.570
5148,2673.902
5149,2674.472
5150,2675.053
5151,2675.491
5152,2675.923
5153,2676.483
5154,2677.034
5155,2677.538
5156,2678.040
5157,2678.524
5158,2678.968
5159,2679.442
5160,2679.910
5161,2680.471
5162,2680.960
5163,2681.515
5164,2682.003
5165,2682.421
5166,2683.091
5167,2683.400
5168,2683.982
5169,2684.523
5170,2684.973
5171,2685.535
5172,2685.988
5173,2686.485
5174,2687.018
5175,2687.407
5176,2687.958
5177,2688.566
5178,2688.996
5179,2689.403
5180,2690.043
5181,2690.434
5182,2691.014
5183,2691.403
5184,2691.972
5185,2692.551
5186,2692.979
5187,2693.495
5188,2693.904
5189,2694.407
5190,2694.965
5191,2695.520
5192,2695.997
5193,2696.541
5194,2696.996
5195,2697.564
5196,2698.007
5197,2698.517
5198,2699.054
5199,2699.411
5200,2700.002
5201,2700.591
5202,2700.905
5203,2701.563
5204,2702.048
5205,2702.507
5206,2702.951
5207,2703.587
5208,2703.924
5209,2704.589
5210,2705.010
5211,2705.460
5212,2706.053
5213,2706.577
5214,2707.032
5215,2707.514
5216,2707.981
5217,2708.505
5218,2708.913
5219,2709.581
5220,2709.965
5221,2710.523
5222,2711.045
5223,2711.406
5224,2711.937
5225,2712.558
5226,2712.945
5227,2713.490
5228,2713.982
5229,2714.581
5230,2714.988
5231,2715.406
5232,2715.963
5233,2716.485
5234,2717.084
5235,2717.597
5236,2718.050
5237,2718.579
5238,2718.981
5239,2719.479
5240,2719.948
5241,2720.416
5242,2721.005
5243,2721.463
5244,2722.095
5245,2722.545
5246,2722.980
5247,2723.484
5248,2723.935
5249,2724.530
5250,2725.013
5251,2725.500
5252,2725.956
5253,2726.585
5254,2727.007
5255,2727.565
5256,2727.916
5257,2728.429
5258,2729.054
5259,2729.517
5260,2729.951
5261,2730.498
5262,2731.021
5263,2731.507
5264,2731.914
5265,2732.544
5266,2733.095
5267,2733.563
5268,2734.095
5269,2734.533
5270,2735.082
5271,2735.539
5272,2735.914
5273,2736.449
5274,2737.042
5275,2737.408
5276,2737.947
5277,2738.446
5278,2738.963
5279,2739.565
5280,2740.086
5281,2740.569
5282,2740.913
5283,2741.417
5284,2742.092
5285,2742.520
5286,2742.993
5287,2743.590
5288,2743.966
5289,2744.536
5290,2744.989
5291,2745.464
5292,2745.971
5293,2746.428
5294,2746.995
5295,2747.457
5296,2747.988
5297,2748.407
5298,2749.025
5299,2749.541
5300,2750.082
5301,2750.446
5302,2750.998
5303,2751.551
5304,2751.915
5305,2752.473
5306,2752.973
5307,2753.444
5308,2754.020
5309,2754.582
5310,2754.982
5311,2755.543
5312,2755.935
5313,2756.497
5314,2756.993
5315,2757.536
5316,2757.989
5317,2758.525
5318,2759.087
5319,2759.530
5320,2760.074
5321,2760.425
5322,2761.066
5323,2761.480
5324,2761.936
5325,2762.511
5326,2763.085
5327,2763.529
5328,2763.950
5329,2764.516
5330,2764.908
5331,2765.545
5332,2766.055
5333,2766.532
5334,2766.998
5335,2767.598
5336,2767.909
5337,2768.546
5338,2768.937
5339,2769.526
5340,2769.902
5341,2770.464
5342,2770.946
5343,2771.579
5344,2771.973
5345,2772.441
5346,2773.072
5347,2773.496
5348,2773.966
5349,2774.436
5350,2774.928
5351,2775.594
5352,2775.908
5353,2776.572
5354,2776.941
5355,2777.591
5356,2778.052
5357,2778.479
5358,2778.936
5359,2779.436
5360,2780.001
5361,2780.508
5362,2780.938
5363,2781.551
5364,2781.907
5365,2782.455
5366,2783.043
5367,2783.451
5368,2783.996
5369,2784.515
5370,2784.956
5371,2785.422
5372,2785.943
5373,2786.560
5374,2786.990
5375,2787.486
5376,2787.981
5377,2788.500
5378,2788.940
5379,2789.478
5380,2789.959
5381,2790.552
5382,2791.025
5383,2791.411
5384,2792.045
5385,2792.453
5386,2793.085
5387,2793.442
5388,2794.039
5389,2794.489
5390,2794.909
5391,2795.566
5392,2795.936
5393,2796.573
5394,2797.057
5395,2797.474
5396,2798.047
5397,2798.566
5398,2799.052
5399,2799.447
5400,2799.912
5401,2800.469
5402,2801.061
5403,2801.574
5404,2802.007
5405,2802.561
5406,2803.068
5407,2803.481
5408,2804.008
5409,2804.577
5410,2805.028
5411,2805.591
5412,2806.054
5413,2806.451
5414,2806.999
5415,2807.469
5416,2808.022
5417,2808.583
5418,2809.019
5419,2809.521
5420,2810.070
5421,2810.541
5422,2811.064
5423,2811.563
5424,2811.916
5425,2812.495
5426,2813.074
5427,2813.466
5428,2813.979
5429,2814.542
5430,2814.902
5431,2815.554
5432,2815.916
5433,2816.407
5434,2816.906
5435,2817.484
5436,2818.065
5437,2818.545
5438,2819.033
5439,2819.529
5440,2820.046
5441,2820.459
5442,2820.991
5443,2821.533
5444,2822.092
5445,2822.407
5446,2822.950
5447,2823.473
5448,2824.050
5449,2824.527
5450,2825.016
5451,2825.454
5452,2825.978
5453,2826.446
5454,2827.061
5455,2827.550
5456,2828.051
5457,2828.517
5458,2828.935
5459,2829.553
5460,2830.023
5461,2830.473
5462,2831.042
5463,2831.405
5464,2831.965
5465,2832.430
5466,2832.989
5467,2833.582
5468,2834.089
5469,2834.408
5470,2834.954
5471,2835.500
5472,2836.073
5473,2836.591
5474,2837.002
5475,2837.427
5476,2838.073
5477,2838.537
5478,2838.987
5479,2839.446
5480,2840.024
5481,2840.433
5482,2840.957
5483,2841.482
5484,2841.901
5485,2842.563
5486,2842.987
5487,2843.473
5488,2844.062
5489,2844.460
5490,2844.996
5491,2845.401
5492,2846.069
5493,2846.559
5494,2847.077
5495,2847.542
5496,2848.024
5497,2848.433
5498,2848.932
5499,2849.567
5500,2849.903
5501,2850.461
5502,2850.992
5503,2851.405
5504,2851.937
5505,2852.423
5506,2853.100
5507,2853.471
5508,2853.903
5509,2854.442
5510,2854.923
5511,2855.524
5512,2856.009
5513,2856.420
5514,2856.966
5515,2857.494
5516,2858.010
5517,2858.590
5518,2859.046
5519,2859.486
5520,2860.034
5521,2860.501
5522,2861.002
5523,2861.457
5524,2862.061
5525,2862.416
5526,2862.931
5527,2863.477
5528,2863.912
5529,2864.469
5530,2865.061
5531,2865.491
5532,2865.941
5533,2866.583
5534,2867.000
5535,2867.537
5536,2867.997
5537,2868.470
5538,2868.921
5539,2869.448
5540,2870.058
5541,2870.591
5542,2871.025
5543,2871.428
5544,2872.036
5545,2872.409
5546,2873.078
5547,2873.525
5548,2873.920
5549,2874.538
5550,2875.077
5551,2875.496
5552,2875.902
5553,2876.428
5554,2876.955
5555,2877.525
5556,2877.914
5557,2878.416
5558,2878.991
5559,2879.488
5560,2880.036
5561,2880.497
5562,2880.963
5563,2881.568
5564,2882.064
5565,2882.473
5566,2883.086
5567,2883.443
5568,2884.040
5569,2884.498
5570,2884.956
5571,2885.515
5572,2885.905
5573,2886.544
5574,2887.045
5575,2887.598
5576,2887.993
5577,2888.411
5578,2888.998
5579,2889.433
5580,2889.999
5581,2890.427
5582,2891.039
5583,2891.485
5584,2891.914
5585,2892.448
5586,2893.062
5587,2893.576
5588,2894.026
5589,2894.520
5590,2895.005
5591,2895.515
5592,2895.913
5593,2896.425
5594,2897.027
5595,2897.548
5596,2898.011
5597,2898.598
5598,2899.049
5599,2899.589
5600,2900.019
5601,2900.420
5602,2901.021
5603,2901.587
5604,2902.010
5605,2902.559
5606,2902.919
5607,2903.517
5608,2904.060
5609,2904.578
5610,2904.904
5611,2905.570
5612,2906.095
5613,2906.467
5614,2907.086
5615,2907.544
5616,2907.908
5617,2908.427
5618,2909.090
5619,2909.442
5620,2910.041
5621,2910.424
5622,2910.980
5623,2911.503
5624,2911.922
5625,2912.489
5626,2913.052
5627,2913.440
5628,2913.986
5629,2914.514
5630,2914.941
5631,2915.400
5632,2915.914
5633,2916.584
5634,2917.008
5635,2917.573
5636,2918.007
5637,2918.404
5638,2918.983
5639,2919.470
5640,2919.997
5641,2920.460
5642,2920.948
5643,2921.475
5644,2921.919
5645,2922.455
5646,2922.998
5647,2923.574
5648,2923.927
5649,2924.562
5650,2925.050
5651,2925.503
5652,2926.089
5653,2926.575
5654,2927.045
5655,2927.565
5656,2927.950
5657,2928.438
5658,2928.914
5659,2929.521
5660,2929.908
5661,2930.404
5662,2931.059
5663,2931.524
5664,2931.939
5665,2932.568
5666,2933.023
5667,2933.512
5668,2934.009
5669,2934.575
5670,2934.922
5671,2935.528
5672,2935.960
5673,2936.415
5674,2937.054
5675,2937.572
5676,2937.982
5677,2938.402
5678,2938.925
5679,2939.556
5680,2940.022
5681,2940.539
5682,2941.074
5683,2941.497
5684,2941.955
5685,2942.540
5686,2942.949
5687,2943.587
5688,2944.028
5689,2944.464
5690,2945.095
5691,2945.530
5692,2945.930
5693,2946.475
5694,2947.006
5695,2947.421
5696,2948.089
5697,2948.519
5698,2948.926
5699,2949.459
5700,2949.986
5701,2950.463
5702,2951.063
5703,2951.550
5704,2951.932
5705,2952.431
5706,2952.938
5707,2953.420
5708,2953.917
5709,2954.569
5710,2954.922
5711,2955.564
5712,2956.080
5713,2956.455
5714,2957.003
5715,2957.409
5716,2958.092
5717,2958.546
5718,2959.023
5719,2959.551
5720,2959.928
5721,2960.586
5722,2961.039
5723,2961.558
5724,2961.920
5725,2962.530
5726,2963.089
5727,2963.500
5728,2964.091
5729,2964.458
5730,2964.925
5731,2965.488
5732,2965.965
5733,2966.513
5734,2967.024
5735,2967.403
5736,2967.914
5737,2968.489
5738,2969.060
5739,2969.543
5740,2969.966
5741,2970.535
5742,2970.910
5743,2971.587
5744,2972.092
5745,2972.489
5746,2973.063
5747,2973.520
5748,2974.026
5749,2974.441
5750,2974.945
5751,2975.555
5752,2976.047
5753,2976.573
5754,2977.089
5755,2977.544
5756,2978.029
5757,2978.596
5758,2978.952
5759,2979.559
5760,2979.905
5761,2980.405
5762,2980.973
5763,2981.535
5764,2982.012
5765,2982.418
5766,2982.993
5767,2983.428
5768,2984.083
5769,2984.472
5770,2985.074
5771,2985.598
5772,2986.003
5773,2986.474
5774,2987.007
5775,2987.527
5776,2987.939
5777,2988.476
5778,2988.921
5779,2989.519
5780,2989.924
5781,2990.427
5782,2990.914
5783,2991.499
5784,2992.033
5785,2992.433
5786,2992.974
5787,2993.532
5788,2993.988
5789,2994.480
5790,2995.004
5791,2995.494
5792,2995.965
5793,2996.489
5794,2997.038
5795,2997.466
5796,2998.076
5797,2998.410
5798,2998.959
5799,2999.507
5800,3000.020
5801,3000.407
5802,3001.047
5803,3001.493
5804,3001.984
5805,3002.551
5806,3002.999
5807,3003.483
5808,3003.974
5809,3004.498
5810,3004.922
5811,3005.587
5812,3006.046
5813,3006.519
5814,3007.049
5815,3007.510
5816,3007.998
5817,3008.556
5818,3008.967
5819,3009.487
5820,3010.061
5821,3010.520
5822,3011.058
5823,3011.470
5824,3011.937
5825,3012.470
5826,3012.913
5827,3013.424
5828,3014.051
5829,3014.499
5830,3014.956
5831,3015.584
5832,3016.058
5833,3016.510
5834,3017.036
5835,3017.514
5836,3018.081
5837,3018.404
5838,3019.072
5839,3019.594
5840,3020.098
5841,3020.559
5842,3021.016
5843,3021.585
5844,3021.990
5845,3022.492
5846,3023.063
5847,3023.585
5848,3023.989
5849,3024.460
5850,3024.930
5851,3025.525
5852,3025.996
5853,3026.511
5854,3026.927
5855,3027.484
5856,3028.093
5857,3028.470
5858,3028.977
5859,3029.408
5860,3030.070
5861,3030.594
5862,3031.090
5863,3031.504
5864,3031.991
5865,3032.486
5866,3033.073
5867,3033.424
5868,3033.969
5869,3034.519
5870,3034.934
5871,3035.551
5872,3036.059
5873,3036.484
5874,3037.056
5875,3037.541
5876,3038.051
5877,3038.453
5878,3038.918
5879,3039.513
5880,3039.951
5881,3040.405
5882,3041.039
5883,3041.590
5884,3041.988
5885,3042.432
5886,3043.099
5887,3043.421
5888,3044.026
5889,3044.458
5890,3045.043
5891,3045.476
5892,3046.047
5893,3046.564
5894,3046.957
5895,3047.465
5896,3048.097
5897,3048.488
5898,3049.060
5899,3049.462
5900,3050.049
5901,3050.555
5902,3050.940
5903,3051.513
5904,3052.041
5905,3052.513
5906,3052.933
5907,3053.437
5908,3054.025
5909,3054.582
5910,3054.963
5911,3055.561
5912,3056.025
5913,3056.447
5914,3056.910
5915,3057.458
5916,3057.930
5917,3058.545
5918,3059.059
5919,3059.579
5920,3059.989
5921,3060.477
5922,3060.904
5923,3061.558
5924,3062.043
5925,3062.465
5926,3062.965
5927,3063.404
5928,3064.083
5929,3064.442
5930,3065.037
5931,3065.521
5932,3065.996
5933,3066.420
5934,3067.015
5935,3067.550
5936,3067.936
5937,3068.457
5938,3069.046
5939,3069.591
5940,3069.921
5941,3070.460
5942,3071.004
5943,3071.529
5944,3071.993
5945,3072.498
5946,3072.997
5947,3073.581
5948,3073.994
5949,3074.559
5950,3075.059
5951,3075.525
5952,3075.926
5953,3076.549
5954,3077.091
5955,3077.569
5956,3078.089
5957,3078.567
5958,3078.993
5959,3079.536
5960,3079.940
5961,3080.560
5962,3080.998
5963,3081.531
5964,3082.059
5965,3082.516
5966,3082.929
5967,3083.477
5968,3083.968
5969,3084.537
5970,3084.993
5971,3085.433
5972,3086.099
5973,3086.550
5974,3087.036
5975,3087.401
5976,3087.907
5977,3088.510
5978,3089.030
5979,3089.552
5980,3090.015
5981,3090.573
5982,3091.079
5983,3091.527
5984,3091.943
5985,3092.471
5986,3092.928
5987,3093.416
5988,3093.995
5989,3094.515
5990,3095.043
5991,3095.440
5992,3095.928
5993,3096.424
5994,3097.039
5995,3097.440
5996,3098.051
5997,3098.553
5998,3098.992
5999,3099.495
6000,3100.037
6001,3100.491
6002,3101.086
6003,3101.465
6004,3102.078
6005,3102.441
6006,3103.069
6007,3103.483
6008,3103.969
6009,3104.439
6010,3105.075
6011,3105.546
6012,3105.960
6013,3106.414
6014,3106.991
6015,3107.467
6016,3107.957
6017,3108.515
6018,3109.018
6019,3109.516
6020,3109.949
6021,3110.413
6022,3110.909
6023,3111.477
6024,3111.936
6025,3112.493
6026,3112.978
6027,3113.460
6028,3114.093
6029,3114.551
6030,3115.061
6031,3115.468
6032,3115.932
6033,3116.577
6034,3117.044
6035,3117.520
6036,3117.999
6037,3118.443
6038,3118.950
6039,3119.465
6040,3119.930
6041,3120.424
6042,3121.024
6043,3121.594
6044,3121.910
6045,3122.554
6046,3122.936
6047,3123.508
6048,3124.067
6049,3124.476
6050,3125.039
6051,3125.403
6052,3126.010
6053,3126.446
6054,3127.063
6055,3127.497
6056,3127.984
6057,3128.469
6058,3128.972
6059,3129.486
6060,3130.050
6061,3130.418
6062,3131.020
6063,3131.494
6064,3131.919
6065,3132.441
6066,3133.044
6067,3133.582
6068,3134.040
6069,3134.442
6070,3134.925
6071,3135.571
6072,3135.906
6073,3136.535
6074,3136.963
6075,3137.459
6076,3138.024
6077,3138.520
6078,3139.072
6079,3139.510
6080,3140.090
6081,3140.458
6082,3140.986
6083,3141.589
6084,3142.069
6085,3142.510
6086,3143.090
6087,3143.493
6088,3143.928
6089,3144.485
6090,3144.967
6091,3145.578
6092,3146.017
6093,3146.567
6094,3147.089
6095,3147.558
6096,3147.938
6097,3148.580
6098,3148.922
6099,3149.572
6100,3150.051
6101,3150.580
6102,3151.088
6103,3151.537
6104,3152.065
6105,3152.556
6106,3152.943
6107,3153.557
6108,3154.024
6109,3154.575
6110,3154.990
6111,3155.484
6112,3155.949
6113,3156.569
6114,3157.018
6115,3157.593
6116,3157.921
6117,3158.414
6118,3158.914
6119,3159.483
6120,3160.050
6121,3160.433
6122,3160.922
6123,3161.530
6124,3161.906
6125,3162.491
6126,3163.029
6127,3163.416
6128,3164.085
6129,3164.422
6130,3164.959
6131,3165.416
6132,3165.983
6133,3166.561
6134,3167.082
6135,3167.578
6136,3167.926
6137,3168.554
6138,3169.047
6139,3169.462
6140,3170.098
6141,3170.508
6142,3170.927
6143,3171.598
6144,3172.071
6145,3172.494
6146,3172.978
6147,3173.456
6148,3174.029
6149,3174.567
6150,3175.016
6151,3175.413
6152,3175.983
6153,3176.581
6154,3177.020
6155,3177.481
6156,3177.913
6157,3178.595
6158,3178.964
6159,3179.546
6160,3179.933
6161,3180.459
6162,3181.047
6163,3181.550
6164,3182.063
6165,3182.576
6166,3183.025
6167,3183.539
6168,3184.088
6169,3184.487
6170,3185.017
6171,3185.587
6172,3185.969
6173,3186.470
6174,3186.915
6175,3187.435
6176,3187.901
6177,3188.447
6178,3188.946
6179,3189.464
6180,3189.904
6181,3190.429
6182,3191.050
6183,3191.481
6184,3192.015
6185,3192.408
6186,3193.090
6187,3193.571
6188,3193.917
6189,3194.561
6190,3195.054
6191,3195.442
6192,3195.921
6193,3196.461
6194,3196.991
6195,3197.423
6196,3197.951
6197,3198.436
6198,3199.085
6199,3199.460
6200,3199.934
6201,3200.532
6202,3200.973
6203,3201.509
6204,3202.080
6205,3202.465
6206,3202.923
6207,3203.588
6208,3203.951
6209,3204.545
6210,3204.930
6211,3205.528
6212,3206.034
6213,3206.496
6214,3207.097
6215,3207.542
6216,3207.934
6217,3208.571
6218,3208.990
6219,3209.483
6220,3210.065
6221,3210.412
6222,3210.943
6223,3211.494
6224,3212.085
6225,3212.520
6226,3212.960
6227,3213.567
6228,3213.996
6229,3214.434
6230,3214.920
6231,3215.497
6232,3215.962
6233,3216.490
6234,3217.027
6235,3217.509
6236,3218.041
6237,3218.592
6238,3218.927
6239,3219.596
6240,3219.900
6241,3220.488
6242,3220.945
6243,3221.578
6244,3222.040
6245,3222.426
6246,3223.052
6247,3223.547
6248,3224.065
6249,3224.542
6250,3224.973
6251,3225.545
6252,3226.011
6253,3226.576
6254,3226.981
6255,3227.410
6256,3227.936
6257,3228.465
6258,3228.993
6259,3229.448
6260,3229.996
6261,3230.557
6262,3231.078
6263,3231.483
6264,3232.010
6265,3232.501
6266,3232.917
6267,3233.449
6268,3233.976
6269,3234.564
6270,3234.994
6271,3235.520
6272,3236.082
6273,3236.546
6274,3237.081
6275,3237.499
6276,3237.952
6277,3238.578
6278,3238.934
6279,3239.532
6280,3240.025
6281,3240.590
6282,3241.087
6283,3241.437
6284,3241.900
6285,3242.531
6286,3243.051
6287,3243.590
6288,3244.079
6289,3244.573
6290,3244.964
6291,3245.502
6292,3246.059
6293,3246.441
6294,3247.068
6295,3247.562
6296,3248.023
6297,3248.565
6298,3249.085
6299,3249.559
6300,3250.093
6301,3250.458
6302,3250.934
6303,3251.464
6304,3251.919
6305,3252.428
6306,3253.035
6307,3253.406
6308,3254.036
6309,3254.475
6310,3255.086
6311,3255.523
6312,3255.972
6313,3256.584
6314,3256.929
6315,3257.455
6316,3258.096
6317,3258.512
6318,3259.099
6319,3259.408
6320,3259.936
6321,3260.409
6322,3261.074
6323,3261.509
6324,3262.074
6325,3262.566
6326,3263.049
6327,3263.469
6328,3264.092
6329,3264.434
6330,3264.993
6331,3265.507
6332,3265.977
6333,3266.486
6334,3266.966
6335,3267.504
6336,3267.901
6337,3268.476
6338,3269.063
6339,3269.416
6340,3270.038
6341,3270.480
6342,3271.066
6343,3271.529
6344,3271.924
6345,3272.447
6346,3273.067
6347,3273.489
6348,3274.021
6349,3274.548
6350,3274.990
6351,3275.569
6352,3275.992
6353,3276.580
6354,3276.976
6355,3277.502
6356,3277.999
6357,3278.457
6358,3279.093
6359,3279.495
6360,3279.964
6361,3280.478
6362,3280.975
6363,3281.461
6364,3281.940
6365,3282.562
6366,3282.960
6367,3283.481
6368,3283.954
6369,3284.563
6370,3284.980
6371,3285.460
6372,3286.041
6373,3286.416
6374,3287.063
6375,3287.509
6376,3287.952
6377,3288.408
6378,3289.023
6379,3289.401
6380,3290.096
6381,3290.514
6382,3291.077
6383,3291.416
6384,3292.051
6385,3292.523
6386,3293.071
6387,3293.415
6388,3294.024
6389,3294.566
6390,3295.093
6391,3295.528
6392,3296.065
6393,3296.411
6394,3296.917
6395,3297.533
6396,3298.082
6397,3298.512
6398,3298.919
6399,3299.527
6400,3300.050
6401,3300.430
6402,3301.018
6403,3301.526
6404,3302.097
6405,3302.475
6406,3303.085
6407,3303.421
6408,3304.099
6409,3304.598
6410,3304.933
6411,3305.519
6412,3306.014
6413,3306.570
6414,3307.072
6415,3307.427
6416,3308.067
6417,3308.590
6418,3308.944
6419,3309.427
6420,3310.071
6421,3310.539
6422,3310.955
6423,3311.466
6424,3312.001
6425,3312.402
6426,3312.968
6427,3313.521
6428,3313.907
6429,3314.421
6430,3314.997
6431,3315.597
6432,3316.032
6433,3316.439
6434,3317.092
6435,3317.447
6436,3317.925
6437,3318.597
6438,3319.098
6439,3319.560
6440,3319.952
6441,3320.480
6442,3320.989
6443,3321.510
6444,3322.049
6445,3322.476
6446,3322.943
6447,3323.533
6448,3323.976
6449,3324.441
6450,3325.028
6451,3325.581
6452,3325.961
6453,3326.462
6454,3326.972
6455,3327.483
6456,3328.085
6457,3328.503
6458,3328.953
6459,3329.449
6460,3329.911
6461,3330.477
6462,3330.989
6463,3331.567
6464,3331.939
6465,3332.492
6466,3332.983
6467,3333.496
6468,3333.922
6469,3334.466
6470,3334.980
6471,3335.437
6472,3335.954
6473,3336.590
6474,3337.027
6475,3337.474
6476,3337.913
6477,3338.401
6478,3339.025
6479,3339.528
6480,3340.069
6481,3340.416
6482,3340.987
6483,3341.588
6484,3342.082
6485,3342.592
6486,3342.945
6487,3343.426
6488,3343.926
6489,3344.449
6490,3344.948
6491,3345.557
6492,3345.978
6493,3346.432
6494,3347.079
6495,3347.452
6496,3347.949
6497,3348.555
6498,3349.068
6499,3349.593
6500,3350.002
6501,3350.465
6502,3351.033
6503,3351.497
6504,3351.993
6505,3352.423
6506,3353.032
6507,3353.499
6508,3354.042
6509,3354.480
6510,3355.043
6511,3355.533
6512,3355.999
6513,3356.555
6514,3356.947
6515,3357.455
6516,3358.084
6517,3358.581
6518,3359.059
6519,3359.584
6520,3360.020
6521,3360.588
6522,3360.969
6523,3361.534
6524,3362.015
6525,3362.499
6526,3363.006
6527,3363.549
6528,3363.994
6529,3364.580
6530,3364.956
6531,3365.492
6532,3366.067
6533,3366.568
6534,3366.930
6535,3367.444
6536,3367.921
6537,3368.566
6538,3369.017
6539,3369.464
6540,3370.005
6541,3370.458
6542,3370.978
6543,3371.409
6544,3371.994
6545,3372.497
6546,3373.064
6547,3373.488
6548,3373.913
6549,3374.565
6550,3374.949
6551,3375.429
6552,3376.072
6553,3376.401
6554,3376.974
6555,3377.577
6556,3377.921
6557,3378.479
6558,3379.066
6559,3379.427
6560,3380.083
6561,3380.408
6562,3381.078
6563,3381.509
6564,3381.953
6565,3382.433
6566,3383.058
6567,3383.432
6568,3384.054
6569,3384.557
6570,3385.028
6571,3385.547
6572,3385.999
6573,3386.573
6574,3386.968
6575,3387.403
6576,3387.961
6577,3388.415
6578,3389.035
6579,3389.559
6580,3390.095
6581,3390.449
6582,3390.994
6583,3391.426
6584,3392.031
6585,3392.563
6586,3393.009
6587,3393.420
6588,3394.005
6589,3394.483
6590,3394.946
6591,3395.523
6592,3396.081
6593,3396.519
6594,3397.058
6595,3397.435
6596,3397.979
6597,3398.470
6598,3399.075
6599,3399.404
6600,3400.067
6601,3400.490
6602,3400.944
6603,3401.512
6604,3401.953
6605,3402.467
6606,3403.062
6607,3403.466
6608,3403.945
6609,3404.547
6610,3404.986
6611,3405.448
6612,3405.965
6613,3406.495
6614,3407.013
6615,3407.529
6616,3407.913
6617,3408.452
6618,3408.965
6619,3409.514
6620,3409.965
6621,3410.586
6622,3410.906
6623,3411.502
6624,3411.904
6625,3412.502
6626,3413.067
6627,3413.439
6628,3414.071
6629,3414.506
6630,3414.992
6631,3415.481
6632,3415.932
6633,3416.464
6634,3417.049
6635,3417.470
6636,3417.947
6637,3418.501
6638,3419.017
6639,3419.510
6640,3419.950
6641,3420.441
6642,3420.936
6643,3421.414
6644,3422.058
6645,3422.499
6646,3422.950
6647,3423.528
6648,3424.059
6649,3424.585
6650,3424.915
6651,3425.438
6652,3426.068
6653,3426.573
6654,3427.007
6655,3427.411
6656,3427.984
6657,3428.469
6658,3428.969
6659,3429.488
6660,3430.077
6661,3430.517
6662,3430.970
6663,3431.418
6664,3431.913
6665,3432.469
6666,3432.904
6667,3433.575
6668,3434.002
6669,3434.564
6670,3435.065
6671,3435.421
6672,3435.997
6673,3436.489
6674,3437.004
6675,3437.594
6676,3437.981
6677,3438.431
6678,3438.952
6679,3439.500
6680,3440.061
6681,3440.451
6682,3441.013
6683,3441.518
6684,3442.059
6685,3442.548
6686,3442.970
6687,3443.542
6688,3443.956
6689,3444.431
6690,3444.944
6691,3445.419
6692,3445.956
6693,3446.450
6694,3447.042
6695,3447.464
6696,3448.079
6697,3448.414
6698,3449.016
6699,3449.587
6700,3449.971
6701,3450.425
6702,3450.933
6703,3451.569
6704,3451.920
6705,3452.593
6706,3453.056
6707,3453.451
6708,3453.949
6709,3454.406
6710,3454.982
6711,3455.505
6712,3455.961
6713,3456.402
6714,3457.034
6715,3457.406
6716,3457.932
6717,3458.426
6718,3458.958
6719,3459.518
6720,3460.095
6721,3460.576
6722,3461.051
6723,3461.431
6724,3462.035
6725,3462.577
6726,3463.001
6727,3463.427
6728,3463.924
6729,3464.471
6730,3465.011
6731,3465.523
6732,3465.999
6733,3466.418
6734,3467.025
6735,3467.493
6736,3468.094
6737,3468.595
6738,3468.971
6739,3469.438
6740,3469.942
6741,3470.410
6742,3470.952
6743,3471.502
6744,3472.050
6745,3472.585
6746,3472.951
6747,3473.498
6748,3473.960
6749,3474.445
6750,3474.932
6751,3475.409
6752,3476.045
6753,3476.408
6754,3476.902
6755,3477.464
6756,3478.062
6757,3478.558
6758,3478.957
6759,3479.527
6760,3479.904
6761,3480.453
6762,3480.998
6763,3481.559
6764,3481.954
6765,3482.524
6766,3483.097
6767,3483.588
6768,3484.025
6769,3484.549
6770,3485.087
6771,3485.473
6772,3486.086
6773,3486.533
6774,3486.947
6775,3487.465
6776,3487.974
6777,3488.447
6778,3489.099
6779,3489.547
6780,3490.049
6781,3490.517
6782,3490.925
6783,3491.472
6784,3492.076
6785,3492.409
6786,3492.930
6787,3493.428
6788,3494.082
6789,3494.520
6790,3494.920
6791,3495.558
6792,3496.016
6793,3496.546
6794,3496.998
6795,3497.582
6796,3498.015
6797,3498.561
6798,3498.978
6799,3499.598
6800,3499.933
6801,3500.585
6802,3501.070
6803,3501.521
6804,3501.921
6805,3502.496
6806,3503.080
6807,3503.411
6808,3503.982
6809,3504.401
6810,3505.096
6811,3505.496
6812,3506.037
6813,3506.449
6814,3506.956
6815,3507.535
6816,3508.009
6817,3508.453
6818,3509.006
6819,3509.483
6820,3509.984
6821,3510.518
6822,3510.942
6823,3511.403
6824,3512.019
6825,3512.465
6826,3512.921
6827,3513.539
6828,3513.926
6829,3514.417
6830,3514.910
6831,3515.546
6832,3515.927
6833,3516.469
6834,3516.908
6835,3517.512
6836,3518.028
6837,3518.405
6838,3518.951
6839,3519.460
6840,3519.965
6841,3520.403
6842,3521.061
6843,3521.474
6844,3521.998
6845,3522.440
6846,3523.035
6847,3523.441
6848,3523.943
6849,3524.430
6850,3524.941
6851,3525.564
6852,3526.036
6853,3526.550
6854,3527.032
6855,3527.594
6856,3527.973
6857,3528.534
6858,3528.926
6859,3529.478
6860,3530.011
6861,3530.524
6862,3531.084
6863,3531.452
6864,3531.991
6865,3532.557
6866,3533.097
6867,3533.446
6868,3534.016
6869,3534.479
6870,3535.032
6871,3535.537
6872,3535.925
6873,3536.417
6874,3536.987
6875,3537.405
6876,3537.940
6877,3538.491
6878,3538.964
6879,3539.576
6880,3540.060
6881,3540.562
6882,3541.066
6883,3541.472
6884,3541.989
6885,3542.462
6886,3542.986
6887,3543.482
6888,3543.907
6889,3544.404
6890,3545.074
6891,3545.413
6892,3546.033
6893,3546.524
6894,3546.937
6895,3547.569
6896,3547.942
6897,3548.511
6898,3548.932
6899,3549.571
6900,3550.054
6901,3550.582
6902,3550.947
6903,3551.572
6904,3551.956
6905,3552.499
6906,3553.099
6907,3553.425
6908,3553.977
6909,3554.489
6910,3554.928
6911,3555.434
6912,3556.035
6913,3556.516
6914,3557.002
6915,3557.596
6916,3557.930
6917,3558.513
6918,3558.994
6919,3559.404
6920,3559.913
6921,3560.493
6922,3560.914
6923,3561.502
6924,3562.042
6925,3562.421
6926,3562.934
6927,3563.410
6928,3563.908
6929,3564.498
6930,3565.036
6931,3565.401
6932,3565.936
6933,3566.567
6934,3566.994
6935,3567.592
6936,3567.910
6937,3568.446
6938,3569.038
6939,3569.520
6940,3570.025
6941,3570.558
6942,3570.901
6943,3571.494
6944,3571.949
6945,3572.586
6946,3572.934
6947,3573.441
6948,3573.947
6949,3574.477
6950,3574.961
6951,3575.413
6952,3575.921
6953,3576.529
6954,3576.987
6955,3577.593
6956,3577.958
6957,3578.481
6958,3578.998
6959,3579.495
6960,3579.969
6961,3580.418
6962,3581.089
6963,3581.488
6964,3582.001
6965,3582.594
6966,3582.963
6967,3583.450
6968,3583.923
6969,3584.495
6970,3584.929
6971,3585.551
6972,3586.086
6973,3586.459
6974,3586.954
6975,3587.423
6976,3588.089
6977,3588.592
6978,3588.985
6979,3589.516
6980,3589.978
6981,3590.577
6982,3591.057
6983,3591.515
6984,3592.010
6985,3592.504
6986,3592.989
6987,3593.510
6988,3594.064
6989,3594.561
6990,3594.985
6991,3595.531
6992,3596.078
6993,3596.516
6994,3596.988
6995,3597.488
6996,3598.006
6997,3598.458
6998,3599.028
6999,3599.587
7000,3600.058
7001,3600.585
7002,3601.027
7003,3601.573
7004,3602.071
7005,3602.434
7006,3603.005
7007,3603.408
7008,3604.085
7009,3604.410
7010,3605.043
7011,3605.581
7012,3606.051
7013,3606.434
7014,3607.009
7015,3607.482
7016,3608.004
7017,3608.565
7018,3609.052
7019,3609.510
7020,3609.978
7021,3610.541
7022,3611.045
7023,3611.424
7024,3612.005
7025,3612.435
7026,3612.998
7027,3613.568
7028,3613.908
7029,3614.401
7030,3615.011
7031,3615.542
7032,3616.072
7033,3616.455
7034,3616.914
7035,3617.507
7036,3618.065
7037,3618.441
7038,3618.933
7039,3619.459
7040,3619.930
7041,3620.555
7042,3620.976
7043,3621.505
7044,3621.973
7045,3622.442
7046,3622.987
7047,3623.451
7048,3623.956
7049,3624.547
7050,3624.957
7051,3625.415
7052,3625.974
7053,3626.461
7054,3627.052
7055,3627.505
7056,3627.907
7057,3628.429
7058,3628.973
7059,3629.479
7060,3629.999
7061,3630.482
7062,3631.026
7063,3631.560
7064,3632.062
7065,3632.479
7066,3633.027
7067,3633.499
7068,3633.945
7069,3634.556
7070,3634.996
7071,3635.453
7072,3636.010
7073,3636.521
7074,3637.065
7075,3637.442
7076,3638.040
7077,3638.406
7078,3639.046
7079,3639.433
7080,3640.010
7081,3640.546
7082,3640.977
7083,3641.402
7084,3642.097
7085,3642.432
7086,3642.997
7087,3643.542
7088,3643.964
7089,3644.434
7090,3644.991
7091,3645.483
7092,3645.922
7093,3646.482
7094,3646.945
7095,3647.455
7096,3648.089
7097,3648.550
7098,3648.912
7099,3649.473
7100,3650.019
7101,3650.531
7102,3651.079
7103,3651.561
7104,3652.018
7105,3652.439
7106,3652.905
7107,3653.476
7108,3653.969
7109,3654.573
7110,3655.073
7111,3655.516
7112,3656.034
7113,3656.438
7114,3656.976
7115,3657.588
7116,3657.910
7117,3658.440
7118,3659.013
7119,3659.559
7120,3660.095
7121,3660.470
7122,3660.988
7123,3661.595
7124,3662.066
7125,3662.418
7126,3663.017
7127,3663.409
7128,3664.089
7129,3664.461
7130,3665.059
7131,3665.478
7132,3665.997
7133,3666.502
7134,3666.902
7135,3667.536
7136,3667.911
7137,3668.494
7138,3668.939
7139,3669.583
7140,3669.969
7141,3670.545
7142,3671.062
7143,3671.511
7144,3672.040
7145,3672.443
7146,3672.934
7147,3673.414
7148,3673.966
7149,3674.508
7150,3675.014
7151,3675.488
7152,3675.998
7153,3676.592
7154,3676.924
7155,3677.484
7156,3678.030
7157,3678.562
7158,3679.074
7159,3679.490
7160,3680.042
7161,3680.468
7162,3680.987
7163,3681.591
7164,3681.963
7165,3682.597
7166,3683.042
7167,3683.470
7168,3684.037
7169,3684.544
7170,3684.982
7171,3685.522
7172,3686.057
7173,3686.462
7174,3687.022
7175,3687.565
7176,3688.077
7177,3688.503
7178,3689.041
7179,3689.489
7180,3689.983
7181,3690.458
7182,3691.046
7183,3691.425
7184,3692.009
7185,3692.500
7186,3693.072
7187,3693.539
7188,3694.070
7189,3694.536
7190,3695.072
7191,3695.575
7192,3696.016
7193,3696.447
7194,3696.988
7195,3697.559
7196,3698.062
7197,3698.504
7198,3698.953
7199,3699.600
7200,3700.016
7201,3700.431
7202,3700.978
7203,3701.416
7204,3702.038
7205,3702.485
7206,3703.056
7207,3703.423
7208,3704.011
7209,3704.482
7210,3704.908
7211,3705.596
7212,3706.073
7213,3706.438
7214,3706.925
7215,3707.502
7216,3707.960
7217,3708.570
7218,3708.918
7219,3709.446
7220,3710.098
7221,3710.449
7222,3710.911
7223,3711.487
7224,3711.949
7225,3712.441
7226,3712.909
7227,3713.501
7228,3713.993
7229,3714.568
7230,3714.945
7231,3715.448
7232,3716.044
7233,3716.480
7234,3717.043
7235,3717.415
7236,3718.078
7237,3718.456
7238,3719.043
7239,3719.452
7240,3720.032
7241,3720.441
7242,3721.018
7243,3721.521
7244,3721.947
7245,3722.509
7246,3722.998
7247,3723.411
7248,3724.055
7249,3724.502
7250,3725.018
7251,3725.540
7252,3726.052
7253,3726.528
7254,3727.034
7255,3727.445
7256,3728.063
7257,3728.411
7258,3728.955
7259,3729.598
7260,3730.051
7261,3730.520
7262,3730.918
7263,3731.423
7264,3732.052
7265,3732.518
7266,3732.982
7267,3733.517
7268,3733.902
7269,3734.557
7270,3735.019
7271,3735.428
7272,3735.983
7273,3736.528
7274,3737.052
7275,3737.559
7276,3737.937
7277,3738.585
7278,3738.957
7279,3739.523
7280,3739.913
7281,3740.402
7282,3740.919
7283,3741.487
7284,3742.013
7285,3742.530
7286,3742.985
7287,3743.416
7288,3744.060
7289,3744.433
7290,3745.006
7291,3745.457
7292,3746.048
7293,3746.461
7294,3746.941
7295,3747.572
7296,3747.904
7297,3748.490
7298,3748.974
7299,3749.487
7300,3749.957
7301,3750.576
7302,3750.925
7303,3751.587
7304,3751.931
7305,3752.464
7306,3752.973
7307,3753.522
7308,3754.088
7309,3754.469
7310,3755.049
7311,3755.499
7312,3756.012
7313,3756.574
7314,3757.046
7315,3757.574
7316,3757.995
7317,3758.425
7318,3758.954
7319,3759.477
7320,3760.023
7321,3760.596
7322,3760.933
7323,3761.445
7324,3762.077
7325,3762.594
7326,3762.940
7327,3763.571
7328,3763.902
7329,3764.480
7330,3764.943
7331,3765.445
7332,3765.923
7333,3766.525
7334,3767.028
7335,3767.423
7336,3767.999
7337,3768.575
7338,3769.055
7339,3769.467
7340,3769.997
7341,3770.551
7342,3770.933
7343,3771.494
7344,3771.900
7345,3772.535
7346,3773.023
7347,3773.554
7348,3773.984
7349,3774.474
7350,3775.024
7351,3775.402
7352,3776.071
7353,3776.483
7354,3776.935
7355,3777.515
7356,3777.930
7357,3778.424
7358,3778.909
7359,3779.544
7360,3779.971
7361,3780.580
7362,3780.972
7363,3781.462
7364,3781.921
7365,3782.595
7366,3782.994
7367,3783.514
7368,3784.009
7369,3784.425
7370,3784.933
7371,3785.475
7372,3786.029
7373,3786.575
7374,3786.951
7375,3787.545
7376,3787.932
7377,3788.533
7378,3788.939
7379,3789.564
7380,3789.950
7381,3790.591
7382,3791.024
7383,3791.410
7384,3791.914
7385,3792.438
7386,3793.090
7387,3793.403
7388,3793.916
7389,3794.452
7390,3794.954
7391,3795.472
7392,3795.985
7393,3796.492
7394,3796.904
7395,3797.451
7396,3797.901
7397,3798.578
7398,3798.953
7399,3799.588
7400,3799.920
7401,3800.461
7402,3800.959
7403,3801.496
7404,3801.954
7405,3802.582
7406,3803.021
7407,3803.425
7408,3803.945
7409,3804.589
7410,3804.903
7411,3805.565
7412,3805.994
7413,3806.434
7414,3806.915
7415,3807.549
7416,3807.931
7417,3808.578
7418,3809.015
7419,3809.508
7420,3809.935
7421,3810.401
7422,3810.953
7423,3811.419
7424,3811.913
7425,3812.464
7426,3813.001
7427,3813.568
7428,3813.928
7429,3814.504
7430,3815.044
7431,3815.540
7432,3815.914
7433,3816.510
7434,3817.044
7435,3817.512
7436,3817.910
7437,3818.442
7438,3818.931
7439,3819.502
7440,3820.042
7441,3820.561
7442,3820.985
7443,3821.467
7444,3821.981
7445,3822.542
7446,3822.961
7447,3823.513
7448,3823.929
7449,3824.527
7450,3825.094
7451,3825.551
7452,3825.902
7453,3826.570
7454,3827.048
7455,3827.437
7456,3828.095
7457,3828.485
7458,3829.085
7459,3829.475
7460,3829.928
7461,3830.552
7462,3830.944
7463,3831.588
7464,3831.982
7465,3832.584
7466,3832.977
7467,3833.563
7468,3833.956
7469,3834.414
7470,3834.966
7471,3835.593
7472,3836.076
7473,3836.595
7474,3837.040
7475,3837.539
7476,3838.045
7477,3838.472
7478,3838.909
7479,3839.578
7480,3840.073
7481,3840.433
7482,3840.905
7483,3841.530
7484,3842.008
7485,3842.492
7486,3842.982
7487,3843.441
7488,3843.956
7489,3844.575
7490,3844.918
7491,3845.407
7492,3845.932
7493,3846.506
7494,3846.992
7495,3847.490
7496,3847.951
7497,3848.407
7498,3849.046
7499,3849.553
7500,3849.924
7501,3850.479
7502,3850.998
7503,3851.551
7504,3851.994
7505,3852.465
7506,3852.986
7507,3853.528
7508,3853.974
7509,3854.541
7510,3854.999
7511,3855.447
7512,3855.951
7513,3856.549
7514,3856.925
7515,3857.410
7516,3858.088
7517,3858.427
7518,3859.021
7519,3859.547
7520,3859.971
7521,3860.485
7522,3861.088
7523,3861.515
7524,3862.000
7525,3862.467
7526,3863.008
7527,3863.506
7528,3863.920
7529,3864.468
7530,3864.913
7531,3865.596
7532,3866.046
7533,3866.419
7534,3866.982
7535,3867.544
7536,3867.946
7537,3868.436
7538,3868.990
7539,3869.401
7540,3869.969
7541,3870.421
7542,3870.980
7543,3871.569
7544,3871.927
7545,3872.454
7546,3872.901
7547,3873.453
7548,3874.030
7549,3874.448
7550,3874.947
7551,3875.448
7552,3875.914
7553,3876.574
7554,3876.947
7555,3877.489
7556,3877.983
7557,3878.544
7558,3878.906
7559,3879.473
7560,3880.011
7561,3880.547
7562,3880.989
7563,3881.458
7564,3881.915
7565,3882.507
7566,3882.929
7567,3883.522
7568,3883.935
7569,3884.461
7570,3885.094
7571,3885.451
7572,3886.058
7573,3886.516
7574,3886.901
7575,3887.443
7576,3887.908
7577,3888.499
7578,3888.928
7579,3889.454
7580,3890.022
7581,3890.552
7582,3890.944
7583,3891.495
7584,3891.959
7585,3892.484
7586,3892.997
7587,3893.491
7588,3894.033
7589,3894.541
7590,3895.044
7591,3895.423
7592,3896.087
7593,3896.494
7594,3896.929
7595,3897.453
7596,3898.039
7597,3898.414
7598,3899.041
7599,3899.481
7600,3899.910
7601,3900.599
7602,3901.012
7603,3901.487
7604,3901.969
7605,3902.407
7606,3902.934
7607,3903.589
7608,3904.007
7609,3904.537
7610,3904.976
7611,3905.499
7612,3906.059
7613,3906.506
7614,3906.902
7615,3907.457
7616,3908.062
7617,3908.476
7618,3908.948
7619,3909.572
7620,3909.965
7621,3910.479
7622,3910.956
7623,3911.498
7624,3912.032
7625,3912.481
7626,3913.044
7627,3913.507
7628,3913.921
7629,3914.474
7630,3914.915
7631,3915.423
7632,3916.078
7633,3916.406
7634,3916.991
7635,3917.536
7636,3917.993
7637,3918.547
7638,3919.092
7639,3919.508
7640,3919.959
7641,3920.479
7642,3920.924
7643,3921.411
7644,3921.911
7645,3922.495
7646,3922.921
7647,3923.452
7648,3923.973
7649,3924.587
7650,3925.063
7651,3925.585
7652,3925.943
7653,3926.421
7654,3927.004
7655,3927.440
7656,3928.013
7657,3928.500
7658,3928.992
7659,3929.512
7660,3930.053
7661,3930.482
7662,3930.981
7663,3931.522
7664,3931.920
7665,3932.422
7666,3933.023
7667,3933.499
7668,3934.046
7669,3934.410
7670,3935.093
7671,3935.531
7672,3935.969
7673,3936.572
7674,3936.916
7675,3937.553
7676,3937.940
7677,3938.517
7678,3939.015
7679,3939.491
7680,3940.030
7681,3940.513
7682,3940.904
7683,3941.435
7684,3942.098
7685,3942.504
7686,3943.037
7687,3943.416
7688,3943.992
7689,3944.486
7690,3945.019
7691,3945.418
7692,3946.035
7693,3946.528
7694,3947.097
7695,3947.455
7696,3947.902
7697,3948.516
7698,3949.053
7699,3949.438
7700,3950.032
7701,3950.561
7702,3950.922
7703,3951.423
7704,3952.004
7705,3952.474
7706,3953.044
7707,3953.420
7708,3953.976
7709,3954.590
7710,3954.976
7711,3955.522
7712,3956.049
7713,3956.560
7714,3956.939
7715,3957.556
7716,3957.920
7717,3958.587
7718,3958.934
7719,3959.598
7720,3960.098
7721,3960.599
7722,3960.971
7723,3961.541
7724,3962.033
7725,3962.578
7726,3963.067
7727,3963.519
7728,3963.918
7729,3964.451
7730,3965.054
7731,3965.588
7732,3965.955
7733,3966.426
7734,3966.908
7735,3967.510
7736,3968.032
7737,3968.505
7738,3969.091
7739,3969.539
7740,3970.070
7741,3970.569
7742,3970.957
7743,3971.502
7744,3971.980
7745,3972.499
7746,3973.001
7747,3973.561
7748,3974.072
7749,3974.563
7750,3974.964
7751,3975.498
7752,3976.080
7753,3976.443
7754,3977.014
7755,3977.484
7756,3977.970
7757,3978.585
7758,3978.967
7759,3979.450
7760,3979.969
7761,3980.427
7762,3981.085
7763,3981.434
7764,3982.036
7765,3982.462
7766,3983.000
7767,3983.430
7768,3983.965
7769,3984.539
7770,3984.964
7771,3985.537
7772,3985.961
7773,3986.497
7774,3986.958
7775,3987.549
7776,3988.095
7777,3988.528
7778,3988.903
7779,3989.564
7780,3989.974
7781,3990.569
7782,3991.031
7783,3991.574
7784,3992.015
7785,3992.574
7786,3993.028
7787,3993.428
7788,3993.931
7789,3994.591
7790,3994.986
7791,3995.475
7792,3995.928
7793,3996.465
7794,3996.934
7795,3997.416
7796,3997.978
7797,3998.552
7798,3999.001
7799,3999.587
7800,3999.999
7801,4000.471
7802,4000.935
7803,4001.525
7804,4002.010
7805,4002.415
7806,4002.930
7807,4003.590
7808,4003.928
7809,4004.470
7810,4005.042
7811,4005.455
7812,4005.959
7813,4006.566
7814,4007.081
7815,4007.441
7816,4008.018
7817,4008.455
7818,4008.904
7819,4009.530
7820,4009.948
7821,4010.401
7822,4011.002
7823,4011.490
7824,4011.993
7825,4012.422
7826,4013.090
7827,4013.572
7828,4013.911
7829,4014.413
7830,4014.903
7831,4015.592
7832,4016.098
7833,4016.487
7834,4016.970
7835,4017.421
7836,4018.022
7837,4018.564
7838,4019.046
7839,4019.553
7840,4020.011
7841,4020.463
7842,4021.049
7843,4021.447
7844,4021.916
7845,4022.483
7846,4022.935
7847,4023.497
7848,4023.922
7849,4024.583
7850,4025.083
7851,4025.529
7852,4025.912
7853,4026.595
7854,4026.966
7855,4027.452
7856,4027.907
7857,4028.411
7858,4028.928
7859,4029.578
7860,4029.974
7861,4030.424
7862,4030.974
7863,4031.451
7864,4031.920
7865,4032.558
7866,4032.959
7867,4033.438
7868,4033.904
7869,4034.525
7870,4034.957
7871,4035.497
7872,4036.044
7873,4036.463
7874,4036.983
7875,4037.555
7876,4037.968
7877,4038.575
7878,4038.933
7879,4039.403
7880,4040.007
7881,4040.431
7882,4041.032
7883,4041.538
7884,4042.037
7885,4042.541
7886,4043.021
7887,4043.412
7888,4043.929
7889,4044.588
7890,4044.942
7891,4045.539
7892,4046.014
7893,4046.489
7894,4046.940
7895,4047.403
7896,4048.058
7897,4048.549
7898,4049.055
7899,4049.492
7900,4050.036
7901,4050.567
7902,4051.087
7903,4051.571
7904,4051.989
7905,4052.406
7906,4052.976
7907,4053.588
7908,4053.951
7909,4054.428
7910,4055.002
7911,4055.494
7912,4055.956
7913,4056.596
7914,4056.933
7915,4057.598
7916,4057.923
7917,4058.502
7918,4058.969
7919,4059.432
7920,4060.067
7921,4060.454
7922,4060.979
7923,4061.531
7924,4061.960
7925,4062.579
7926,4062.992
7927,4063.421
7928,4063.922
7929,4064.475
7930,4064.989
7931,4065.463
7932,4065.923
7933,4066.560
7934,4066.931
7935,4067.598
7936,4068.021
7937,4068.414
7938,4068.959
7939,4069.506
7940,4070.071
7941,4070.428
7942,4070.927
7943,4071.569
7944,4072.041
7945,4072.443
7946,4072.953
7947,4073.414
7948,4074.015
7949,4074.553
7950,4074.962
7951,4075.523
7952,4076.051
7953,4076.447
7954,4077.020
7955,4077.484
7956,4078.090
7957,4078.520
7958,4078.906
7959,4079.407
7960,4079.953
7961,4080.548
7962,4080.904
7963,4081.459
7964,4082.072
7965,4082.420
7966,4083.042
7967,4083.520
7968,4084.049
7969,4084.518
7970,4085.011
7971,4085.576
7972,4085.944
7973,4086.546
7974,4087.056
7975,4087.449
7976,4087.997
7977,4088.429
7978,4089.093
7979,4089.577
7980,4089.989
7981,4090.597
7982,4090.993
7983,4091.535
7984,4092.070
7985,4092.581
7986,4092.913
7987,4093.414
7988,4093.926
7989,4094.587
7990,4095.024
7991,4095.439
7992,4096.058
7993,4096.416
7994,4097.075
7995,4097.566
7996,4097.980
7997,4098.410
7998,4099.029
7999,4099.452
8000,4100.083
8001,4100.502
8002,4100.910
8003,4101.479
8004,4102.003
8005,4102.543
8006,4103.082
8007,4103.457
8008,4103.910
8009,4104.445
8010,4105.060
8011,4105.407
8012,4105.963
8013,4106.566
8014,4107.018
8015,4107.442
8016,4108.012
8017,4108.580
8018,4108.953
8019,4109.420
8020,4109.974
8021,4110.423
8022,4111.012
8023,4111.443
8024,4112.010
8025,4112.506
8026,4112.942
8027,4113.551
8028,4113.950
8029,4114.527
8030,4115.003
8031,4115.515
8032,4116.037
8033,4116.557
8034,4117.042
8035,4117.443
8036,4117.925
8037,4118.562
8038,4118.935
8039,4119.452
8040,4119.911
8041,4120.538
8042,4121.099
8043,4121.516
8044,4122.007
8045,4122.441
8046,4122.988
8047,4123.413
8048,4124.038
8049,4124.419
8050,4125.086
8051,4125.466
8052,4126.024
8053,4126.452
8054,4126.990
8055,4127.498
8056,4127.982
8057,4128.583
8058,4129.014
8059,4129.515
8060,4130.064
8061,4130.418
8062,4131.055
8063,4131.450
8064,4131.922
8065,4132.412
8066,4133.032
8067,4133.593
8068,4133.961
8069,4134.432
8070,4135.033
8071,4135.520
8072,4135.992
8073,4136.433
8074,4137.088
8075,4137.402
8076,4137.926
8077,4138.520
8078,4139.056
8079,4139.446
8080,4140.053
8081,4140.534
8082,4141.007
8083,4141.564
8084,4141.929
8085,4142.420
8086,4143.058
8087,4143.459
8088,4143.972
8089,4144.516
8090,4145.083
8091,4145.500
8092,4145.987
8093,4146.496
8094,4147.039
8095,4147.553
8096,4147.902
8097,4148.536
8098,4148.976
8099,4149.572
8100,4149.947
8101,4150.465
8102,4150.970
8103,4151.570
8104,4152.035
8105,4152.424
8106,4153.072
8107,4153.408
8108,4153.948
8109,4154.451
8110,4155.070
8111,4155.563
8112,4156.093
8113,4156.510
8114,4156.953
8115,4157.492
8116,4158.039
8117,4158.501
8118,4158.912
8119,4159.530
8120,4160.066
8121,4160.562
8122,4160.938
8123,4161.531
8124,4161.993
8125,4162.592
8126,4162.974
8127,4163.426
8128,4164.059
8129,4164.549
8130,4165.013
8131,4165.595
8132,4166.036
8133,4166.586
8134,4167.066
8135,4167.492
8136,4168.041
8137,4168.538
8138,4168.941
8139,4169.473
8140,4170.048
8141,4170.548
8142,4170.964
8143,4171.426
8144,4171.999
8145,4172.524
8146,4173.012
8147,4173.519
8148,4173.952
8149,4174.504
8150,4175.070
8151,4175.549
8152,4175.986
8153,4176.456
8154,4176.944
8155,4177.495
8156,4178.002
8157,4178.452
8158,4178.902
8159,4179.524
8160,4179.933
8161,4180.494
8162,4180.939
8163,4181.486
8164,4182.070
8165,4182.577
8166,4182.965
8167,4183.465
8168,4183.917
8169,4184.559
8170,4184.996
8171,4185.401
8172,4185.941
8173,4186.436
8174,4187.073
8175,4187.429
8176,4188.053
8177,4188.433
8178,4188.970
8179,4189.572
8180,4190.049
8181,4190.587
8182,4191.058
8183,4191.459
8184,4192.004
8185,4192.469
8186,4193.047
8187,4193.445
8188,4193.992
8189,4194.553
8190,4194.994
8191,4195.515
8192,4196.000
8193,4196.475
8194,4197.037
8195,4197.483
8196,4198.059
8197,4198.405
8198,4198.967
8199,4199.527
8200,4199.946
8201,4200.543
8202,4200.908
8203,4201.410
8204,4201.905
8205,4202.509
8206,4202.932
8207,4203.439
8208,4204.041
8209,4204.492
8210,4205.052
8211,4205.578
8212,4206.098
8213,4206.462
8214,4206.926
8215,4207.460
8216,4207.918
8217,4208.425
8218,4209.078
8219,4209.566
8220,4210.064
8221,4210.535
8222,4211.050
8223,4211.428
8224,4211.997
8225,4212.513
8226,4213.028
8227,4213.577
8228,4213.939
8229,4214.455
8230,4215.025
8231,4215.502
8232,4216.061
8233,4216.415
8234,4216.987
8235,4217.494
8236,4218.083
8237,4218.475
8238,4219.005
8239,4219.582
8240,4220.088
8241,4220.423
8242,4221.087
8243,4221.462
8244,4222.021
8245,4222.416
8246,4222.945
8247,4223.416
8248,4224.048
8249,4224.595
8250,4224.997
8251,4225.429
8252,4226.087
8253,4226.549
8254,4226.961
8255,4227.575
8256,4228.003
8257,4228.517
8258,4229.020
8259,4229.597
8260,4229.905
8261,4230.480
8262,4231.003
8263,4231.546
8264,4232.031
8265,4232.499
8266,4232.980
8267,4233.432
8268,4234.009
8269,4234.441
8270,4234.952
8271,4235.470
8272,4236.035
8273,4236.573
8274,4236.907
8275,4237.477
8276,4238.025
8277,4238.471
8278,4239.025
8279,4239.492
8280,4240.089
8281,4240.463
8282,4240.959
8283,4241.406
8284,4241.946
8285,4242.589
8286,4242.975
8287,4243.489
8288,4244.082
8289,4244.454
8290,4245.063
8291,4245.442
8292,4245.922
8293,4246.402
8294,4247.067
8295,4247.489
8296,4247.999
8297,4248.471
8298,4249.096
8299,4249.579
8300,4250.045
8301,4250.522
8302,4250.935
8303,4251.461
8304,4252.046
8305,4252.538
8306,4253.026
8307,4253.469
8308,4254.098
8309,4254.489
8310,4254.999
8311,4255.504
8312,4255.997
8313,4256.596
8314,4257.079
8315,4257.555
8316,4258.039
8317,4258.576
8318,4259.050
8319,4259.541
8320,4259.979
8321,4260.464
8322,4261.004
8323,4261.442
8324,4262.100
8325,4262.543
8326,4262.959
8327,4263.520
8328,4264.080
8329,4264.569
8330,4264.979
8331,4265.429
8332,4266.080
8333,4266.574
8334,4267.064
8335,4267.560
8336,4268.037
8337,4268.495
8338,4268.993
8339,4269.550
8340,4269.927
8341,4270.503
8342,4270.980
8343,4271.571
8344,4271.907
8345,4272.578
8346,4273.090
8347,4273.558
8348,4273.986
8349,4274.587
8350,4275.034
8351,4275.407
8352,4276.064
8353,4276.530
8354,4277.059
8355,4277.431
8356,4278.001
8357,4278.593
8358,4278.904
8359,4279.407
8360,4279.991
8361,4280.476
8362,4280.941
8363,4281.596
8364,4282.025
8365,4282.441
8366,4282.978
8367,4283.446
8368,4283.989
8369,4284.462
8370,4284.940
8371,4285.538
8372,4285.981
8373,4286.478
8374,4286.935
8375,4287.459
8376,4287.905
8377,4288.410
8378,4288.939
8379,4289.530
8380,4289.950
8381,4290.411
8382,4290.972
8383,4291.425
8384,4291.988
8385,4292.541
8386,4292.937
8387,4293.581
8388,4294.088
8389,4294.528
8390,4295.062
8391,4295.409
8392,4295.994
8393,4296.494
8394,4297.052
8395,4297.499
8396,4297.966
8397,4298.597
8398,4298.944
8399,4299.520
8400,4299.982
8401,4300.568
8402,4301.045
8403,4301.537
8404,4301.987
8405,4302.487
8406,4302.952
8407,4303.486
8408,4303.923
8409,4304.450
8410,4305.018
8411,4305.503
8412,4305.920
8413,4306.493
8414,4307.098
8415,4307.599
8416,4307.989
8417,4308.408
8418,4309.082
8419,4309.504
8420,4309.948
8421,4310.534
8422,4311.077
8423,4311.518
8424,4312.067
8425,4312.435
8426,4312.923
8427,4313.433
8428,4314.047
8429,4314.446
8430,4314.925
8431,4315.511
8432,4315.974
8433,4316.566
8434,4317.017
8435,4317.462
8436,4317.984
8437,4318.571
8438,4319.032
8439,4319.505
8440,4320.075
8441,4320.442
8442,4320.998
8443,4321.596
8444,4321.938
8445,4322.577
8446,4322.998
8447,4323.402
8448,4324.049
8449,4324.492
8450,4324.990
8451,4325.516
8452,4326.048
8453,4326.593
8454,4326.937
8455,4327.556
8456,4328.080
8457,4328.434
8458,4328.967
8459,4329.566
8460,4330.057
8461,4330.409
8462,4331.035
8463,4331.433
8464,4331.909
8465,4332.536
8466,4333.052
8467,4333.585
8468,4333.992
8469,4334.489
8470,4334.901
8471,4335.418
8472,4335.974
8473,4336.486
8474,4337.042
8475,4337.492
8476,4338.000
8477,4338.473
8478,4338.991
8479,4339.551
8480,4339.988
8481,4340.482
8482,4340.997
8483,4341.597
8484,4341.937
8485,4342.532
8486,4342.955
8487,4343.572
8488,4344.005
8489,4344.494
8490,4344.925
8491,4345.489
8492,4345.984
8493,4346.433
8494,4346.920
8495,4347.475
8496,4348.071
8497,4348.402
8498,4349.001
8499,4349.424
8500,4349.943
8501,4350.566
8502,4351.099
8503,4351.431
8504,4351.946
8505,4352.441
8506,4352.970
8507,4353.414
8508,4353.913
8509,4354.435
8510,4354.983
8511,4355.594
8512,4355.928
8513,4356.600
8514,4356.916
8515,4357.450
8516,4357.921
8517,4358.537
8518,4358.907
8519,4359.497
8520,4359.920
8521,4360.565
8522,4360.924
8523,4361.436
8524,4362.062
8525,4362.550
8526,4363.053
8527,4363.574
8528,4364.008
8529,4364.535
8530,4364.982
8531,4365.553
8532,4365.994
8533,4366.540
8534,4367.055
8535,4367.461
8536,4367.911
8537,4368.475
8538,4368.998
8539,4369.461
8540,4369.912
8541,4370.560
8542,4370.932
8543,4371.547
8544,4371.997
8545,4372.431
8546,4372.986
8547,4373.441
8548,4373.970
8549,4374.559
8550,4375.055
8551,4375.556
8552,4375.958
8553,4376.404
8554,4377.007
8555,4377.507
8556,4377.999
8557,4378.507
8558,4379.018
8559,4379.587
8560,4380.062
8561,4380.528
8562,4381.076
8563,4381.467
8564,4382.082
8565,4382.411
8566,4383.019
8567,4383.501
8568,4383.917
8569,4384.437
8570,4384.921
8571,4385.465
8572,4385.967
8573,4386.538
8574,4387.005
8575,4387.456
8576,4387.962
8577,4388.438
8578,4388.955
8579,4389.592
8580,4389.903
8581,4390.518
8582,4391.091
8583,4391.586
8584,4392.051
8585,4392.591
8586,4392.903
8587,4393.574
8588,4394.015
8589,4394.574
8590,4395.005
8591,4395.541
8592,4396.053
8593,4396.578
8594,4397.061
8595,4397.519
8596,4397.945
8597,4398.461
8598,4399.079
8599,4399.421
8600,4400.042
8601,4400.473
8602,4401.004
8603,4401.432
8604,4401.972
8605,4402.401
8606,4402.993
8607,4403.475
8608,4404.028
8609,4404.569
8610,4404.923
8611,4405.419
8612,4406.014
8613,4406.464
8614,4406.987
8615,4407.556
8616,4408.094
8617,4408.579
8618,4408.985
8619,4409.525
8620,4410.099
8621,4410.430
8622,4410.970
8623,4411.575
8624,4411.932
8625,4412.558
8626,4413.072
8627,4413.534
8628,4414.013
8629,4414.437
8630,4415.072
8631,4415.450
8632,4416.030
8633,4416.569
8634,4417.087
8635,4417.443
8636,4417.930
8637,4418.419
8638,4418.900
8639,4419.446
8640,4420.023
8641,4420.521
8642,4420.982
8643,4421.512
8644,4421.994
8645,4422.412
8646,4423.061
8647,4423.519
8648,4423.990
8649,4424.482
8650,4425.060
8651,4425.546
8652,4425.936
8653,4426.578
8654,4426.960
8655,4427.522
8656,4428.026
8657,4428.528
8658,4428.935
8659,4429.499
8660,4429.933
8661,4430.542
8662,4431.079
8663,4431.581
8664,4431.929
8665,4432.595
8666,4432.988
8667,4433.406
8668,4433.957
8669,4434.585
8670,4435.076
8671,4435.461
8672,4436.079
8673,4436.526
8674,4437.083
8675,4437.542
8676,4437.974
8677,4438.408
8678,4438.988
8679,4439.421
8680,4440.057
8681,4440.589
8682,4441.080
8683,4441.568
8684,4441.904
8685,4442.599
8686,4443.042
8687,4443.576
8688,4443.914
8689,4444.430
8690,4445.075
8691,4445.416
8692,4446.003
8693,4446.562
8694,4446.959
8695,4447.549
8696,4447.918
8697,4448.430
8698,4449.005
8699,4449.590
8700,4450.000
8701,4450.415
8702,4451.069
8703,4451.525
8704,4452.059
8705,4452.501
8706,4453.090
8707,4453.544
8708,4453.986
8709,4454.582
8710,4454.977
8711,4455.446
8712,4455.997
8713,4456.564
8714,4457.067
8715,4457.420
8716,4457.920
8717,4458.548
8718,4458.959
8719,4459.539
8720,4460.013
8721,4460.561
8722,4461.030
8723,4461.422
8724,4461.976
8725,4462.510
8726,4463.026
8727,4463.498
8728,4464.012
8729,4464.562
8730,4464.946
8731,4465.512
8732,4465.930
8733,4466.517
8734,4467.082
8735,4467.516
8736,4467.920
8737,4468.559
8738,4469.059
8739,4469.507
8740,4470.077
8741,4470.465
8742,4471.098
8743,4471.434
8744,4471.914
8745,4472.599
8746,4473.050
8747,4473.517
8748,4474.044
8749,4474.600
8750,4475.059
8751,4475.408
8752,4476.070
8753,4476.406
8754,4476.905
8755,4477.510
8756,4478.045
8757,4478.539
8758,4478.930
8759,4479.512
8760,4479.922
8761,4480.564
8762,4480.970
8763,4481.503
8764,4481.982
8765,4482.586
8766,4482.911
8767,4483.577
8768,4484.006
8769,4484.423
8770,4484.985
8771,4485.495
8772,4485.971
8773,4486.508
8774,4486.994
8775,4487.463
8776,4488.075
8777,4488.479
8778,4489.029
8779,4489.548
8780,4490.074
8781,4490.480
8782,4491.055
8783,4491.436
8784,4492.039
8785,4492.530
8786,4493.055
8787,4493.580
8788,4494.091
8789,4494.425
8790,4495.010
8791,4495.494
8792,4495.928
8793,4496.547
8794,4497.010
8795,4497.535
8796,4497.954
8797,4498.434
8798,4498.992
8799,4499.529
8800,4500.074
8801,4500.574
8802,4501.058
8803,4501.439
8804,4502.000
8805,4502.592
8806,4502.993
8807,4503.439
8808,4503.942
8809,4504.447
8810,4504.919
8811,4505.534
8812,4506.029
8813,4506.594
8814,4506.935
8815,4507.454
8816,4507.914
8817,4508.412
8818,4509.088
8819,4509.555
8820,4509.990
8821,4510.528
8822,4510.912
8823,4511.514
8824,4512.046
8825,4512.487
8826,4513.093
8827,4513.521
8828,4513.903
8829,4514.551
8830,4514.966
8831,4515.595
8832,4516.050
8833,4516.425
8834,4517.036
8835,4517.441
8836,4518.066
8837,4518.470
8838,4519.011
8839,4519.402
8840,4520.073
8841,4520.481
8842,4521.082
8843,4521.523
8844,4522.022
8845,4522.406
8846,4522.974
8847,4523.516
8848,4523.980
8849,4524.568
8850,4525.065
8851,4525.452
8852,4526.035
8853,4526.498
8854,4527.030
8855,4527.587
8856,4528.071
8857,4528.488
8858,4529.005
8859,4529.495
8860,4530.068
8861,4530.435
8862,4530.934
8863,4531.586
8864,4531.939
8865,4532.525
8866,4532.988
8867,4533.432
8868,4534.030
8869,4534.415
8870,4535.001
8871,4535.418
8872,4535.942
8873,4536.543
8874,4537.011
8875,4537.405
8876,4538.010
8877,4538.464
8878,4538.906
8879,4539.565
8880,4540.063
8881,4540.541
8882,4540.926
8883,4541.537
8884,4541.909
8885,4542.556
8886,4542.970
8887,4543.564
8888,4544.053
8889,4544.533
8890,4545.034
8891,4545.404
8892,4546.001
8893,4546.553
8894,4547.080
8895,4547.488
8896,4548.083
8897,4548.445
8898,4549.009
8899,4549.564
8900,4549.958
8901,4550.521
8902,4550.917
8903,4551.458
8904,4551.907
8905,4552.418
8906,4552.901
8907,4553.585
8908,4554.037
8909,4554.551
8910,4554.937
8911,4555.596
8912,4556.025
8913,4556.432
8914,4557.011
8915,4557.452
8916,4558.046
8917,4558.458
8918,4558.918
8919,4559.453
8920,4559.968
8921,4560.400
8922,4561.031
8923,4561.436
8924,4561.934
8925,4562.424
8926,4563.037
8927,4563.401
8928,4564.026
8929,4564.541
8930,4564.971
8931,4565.531
8932,4565.993
8933,4566.443
8934,4566.962
8935,4567.594
8936,4568.058
8937,4568.468
8938,4568.924
8939,4569.466
8940,4570.023
8941,4570.417
8942,4570.967
8943,4571.546
8944,4572.092
8945,4572.527
8946,4573.009
8947,4573.507
8948,4573.905
8949,4574.532
8950,4574.927
8951,4575.485
8952,4576.035
8953,4576.587
8954,4577.058
8955,4577.410
8956,4578.014
8957,4578.468
8958,4579.022
8959,4579.543
8960,4579.962
8961,4580.585
8962,4581.015
8963,4581.541
8964,4582.019
8965,4582.423
8966,4582.939
8967,4583.556
8968,4584.012
8969,4584.449
8970,4584.956
8971,4585.412
8972,4585.960
8973,4586.479
8974,4586.914
8975,4587.406
8976,4588.051
8977,4588.556
8978,4589.044
8979,4589.423
8980,4589.938
8981,4590.518
8982,4590.961
8983,4591.570
8984,4591.975
8985,4592.456
8986,4592.921
8987,4593.594
8988,4593.941
8989,4594.458
8990,4594.907
8991,4595.486
8992,4596.053
8993,4596.583
8994,4596.943
8995,4597.556
8996,4598.033
8997,4598.517
8998,4598.974
8999,4599.521
9000,4599.903
9001,4600.480
9002,4600.985
9003,4601.566
9004,4602.046
9005,4602.575
9006,4603.008
9007,4603.448
9008,4603.960
9009,4604.433
9010,4605.024
9011,4605.435
9012,4606.043
9013,4606.421
9014,4607.001
9015,4607.516
9016,4607.932
9017,4608.598
9018,4609.045
9019,4609.472
9020,4610.000
9021,4610.449
9022,4610.983
9023,4611.564
9024,4611.955
9025,4612.439
9026,4612.947
9027,4613.553
9028,4614.097
9029,4614.449
9030,4614.958
9031,4615.484
9032,4615.908
9033,4616.408
9034,4616.973
9035,4617.422
9036,4617.957
9037,4618.448
9038,4618.919
9039,4619.561
9040,4620.099
9041,4620.583
9042,4620.989
9043,4621.456
9044,4622.034
9045,4622.506
9046,4622.942
9047,4623.451
9048,4624.089
9049,4624.494
9050,4624.970
9051,4625.520
9052,4626.001
9053,4626.537
9054,4627.074
9055,4627.584
9056,4627.907
9057,4628.560
9058,4629.080
9059,4629.585
9060,4629.915
9061,4630.521
9062,4630.985
9063,4631.569
9064,4632.035
9065,4632.538
9066,4632.990
9067,4633.458
9068,4634.072
9069,4634.524
9070,4634.905
9071,4635.434
9072,4636.076
9073,4636.600
9074,4636.948
9075,4637.480
9076,4637.929
9077,4638.462
9078,4638.994
9079,4639.421
9080,4640.091
9081,4640.513
9082,4640.953
9083,4641.457
9084,4642.087
9085,4642.599
9086,4642.969
9087,4643.495
9088,4643.984
9089,4644.571
9090,4645.079
9091,4645.468
9092,4646.095
9093,4646.477
9094,4647.035
9095,4647.552
9096,4648.049
9097,4648.506
9098,4648.957
9099,4649.487
9100,4650.083
9101,4650.418
9102,4650.938
9103,4651.534
9104,4652.053
9105,4652.592
9106,4652.930
9107,4653.426
9108,4654.042
9109,4654.501
9110,4654.989
9111,4655.551
9112,4656.003
9113,4656.581
9114,4656.931
9115,4657.567
9116,4657.981
9117,4658.513
9118,4658.974
9119,4659.501
9120,4660.072
9121,4660.513
9122,4661.016
9123,4661.454
9124,4661.975
9125,4662.448
9126,4662.950
9127,4663.488
9128,4663.915
9129,4664.583
9130,4665.095
9131,4665.584
9132,4666.054
9133,4666.491
9134,4666.997
9135,4667.537
9136,4668.014
9137,4668.556
9138,4669.057
9139,4669.413
9140,4669.948
9141,4670.492
9142,4671.088
9143,4671.518
9144,4671.984
9145,4672.471
9146,4672.904
9147,4673.542
9148,4674.081
9149,4674.543
9150,4674.914
9151,4675.548
9152,4675.942
9153,4676.420
9154,4676.990
9155,4677.532
9156,4678.079
9157,4678.448
9158,4678.930
9159,4679.506
9160,4680.056
9161,4680.502
9162,4680.940
9163,4681.489
9164,4681.955
9165,4682.592
9166,4683.030
9167,4683.580
9168,4684.080
9169,4684.585
9170,4685.019
9171,4685.513
9172,4685.984
9173,4686.590
9174,4686.971
9175,4687.584
9176,4688.040
9177,4688.520
9178,4689.007
9179,4689.577
9180,4689.937
9181,4690.544
9182,4690.970
9183,4691.484
9184,4691.918
9185,4692.585
9186,4692.906
9187,4693.599
9188,4694.033
9189,4694.548
9190,4694.985
9191,4695.433
9192,4695.971
9193,4696.423
9194,4697.036
9195,4697.494
9196,4698.095
9197,4698.578
9198,4699.074
9199,4699.427
9200,4699.983
9201,4700.505
9202,4700.942
9203,4701.541
9204,4702.015
9205,4702.504
9206,4702.934
9207,4703.435
9208,4703.901
9209,4704.530
9210,4705.042
9211,4705.534
9212,4706.058
9213,4706.523
9214,4707.048
9215,4707.492
9216,4708.064
9217,4708.591
9218,4708.925
9219,4709.429
9220,4710.089
9221,4710.569
9222,4711.029
9223,4711.474
9224,4712.007
9225,4712.453
9226,4713.066
9227,4713.463
9228,4714.018
9229,4714.504
9230,4714.937
9231,4715.587
9232,4716.084
9233,4716.438
9234,4717.019
9235,4717.536
9236,4718.050
9237,4718.589
9238,4719.044
9239,4719.468
9240,4719.902
9241,4720.577
9242,4720.977
9243,4721.431
9244,4722.013
9245,4722.404
9246,4723.039
9247,4723.567
9248,4724.019
9249,4724.548
9250,4724.932
9251,4725.514
9252,4725.929
9253,4726.545
9254,4726.909
9255,4727.494
9256,4728.081
9257,4728.462
9258,4728.917
9259,4729.524
9260,4729.949
9261,4730.455
9262,4731.035
9263,4731.426
9264,4731.939
9265,4732.413
9266,4733.003
9267,4733.594
9268,4733.923
9269,4734.402
9270,4734.955
9271,4735.407
9272,4735.979
9273,4736.537
9274,4737.074
9275,4737.505
9276,4737.984
9277,4738.532
9278,4739.074
9279,4739.550
9280,4740.068
9281,4740.533
9282,4740.978
9283,4741.557
9284,4742.088
9285,4742.440
9286,4742.940
9287,4743.400
9288,4743.969
9289,4744.554
9290,4745.061
9291,4745.563
9292,4745.957
9293,4746.550
9294,4746.937
9295,4747.542
9296,4747.980
9297,4748.515
9298,4748.952
9299,4749.459
9300,4750.087
9301,4750.421
9302,4750.941
9303,4751.499
9304,4752.081
9305,4752.467
9306,4752.970
9307,4753.592
9308,4754.077
9309,4754.455
9310,4754.920
9311,4755.529
9312,4755.991
9313,4756.465
9314,4756.947
9315,4757.463
9316,4757.905
9317,4758.480
9318,4758.912
9319,4759.411
9320,4760.074
9321,4760.466
9322,4761.080
9323,4761.494
9324,4761.927
9325,4762.527
9326,4763.001
9327,4763.528
9328,4763.931
9329,4764.480
9330,4765.004
9331,4765.414
9332,4766.087
9333,4766.598
9334,4767.042
9335,4767.505
9336,4767.922
9337,4768.486
9338,4768.956
9339,4769.462
9340,4769.951
9341,4770.580
9342,4770.908
9343,4771.504
9344,4771.977
9345,4772.541
9346,4773.046
9347,4773.461
9348,4773.973
9349,4774.582
9350,4774.974
9351,4775.530
9352,4776.083
9353,4776.418
9354,4777.036
9355,4777.472
9356,4778.098
9357,4778.516
9358,4779.081
9359,4779.479
9360,4780.044
9361,4780.556
9362,4781.073
9363,4781.451
9364,4782.015
9365,4782.540
9366,4783.058
9367,4783.437
9368,4783.988
9369,4784.580
9370,4784.908
9371,4785.541
9372,4786.090
9373,4786.488
9374,4787.077
9375,4787.565
9376,4787.953
9377,4788.524
9378,4788.918
9379,4789.474
9380,4790.003
9381,4790.452
9382,4790.921
9383,4791.545
9384,4791.974
9385,4792.442
9386,4792.949
9387,4793.416
9388,4794.007
9389,4794.581
9390,4794.971
9391,4795.412
9392,4795.903
9393,4796.519
9394,4796.969
9395,4797.543
9396,4798.010
9397,4798.574
9398,4799.061
9399,4799.435
9400,4800.046
9401,4800.407
9402,4801.058
9403,4801.552
9404,4802.034
9405,4802.451
9406,4802.986
9407,4803.475
9408,4804.012
9409,4804.542
9410,4805.013
9411,4805.503
9412,4805.935
9413,4806.563
9414,4807.057
9415,4807.579
9416,4807.921
9417,4808.442
9418,4808.920
9419,4809.490
9420,4810.081
9421,4810.562
9422,4811.085
9423,4811.491
9424,4811.932
9425,4812.447
9426,4813.024
9427,4813.428
9428,4814.061
9429,4814.434
9430,4814.931
9431,4815.472
9432,4815.920
9433,4816.446
9434,4817.025
9435,4817.587
9436,4818.019
9437,4818.447
9438,4818.953
9439,4819.575
9440,4820.015
9441,4820.464
9442,4820.962
9443,4821.511
9444,4821.982
9445,4822.538
9446,4822.983
9447,4823.407
9448,4824.018
9449,4824.515
9450,4825.016
9451,4825.567
9452,4825.990
9453,4826.545
9454,4827.079
9455,4827.426
9456,4828.001
9457,4828.491
9458,4828.964
9459,4829.535
9460,4830.081
9461,4830.524
9462,4830.967
9463,4831.558
9464,4831.965
9465,4832.475
9466,4833.065
9467,4833.532
9468,4834.099
9469,4834.499
9470,4835.021
9471,4835.517
9472,4836.089
9473,4836.437
9474,4837.029
9475,4837.413
9476,4838.014
9477,4838.476
9478,4838.967
9479,4839.460
9480,4839.983
9481,4840.535
9482,4841.000
9483,4841.422
9484,4841.993
9485,4842.537
9486,4843.006
9487,4843.575
9488,4843.995
9489,4844.472
9490,4845.073
9491,4845.484
9492,4845.987
9493,4846.454
9494,4846.976
9495,4847.568
9496,4848.065
9497,4848.531
9498,4848.965
9499,4849.485
9500,4850.019
9501,4850.489
9502,4850.913
9503,4851.582
9504,4852.082
9505,4852.498
9506,4853.036
9507,4853.477
9508,4854.017
9509,4854.494
9510,4854.922
9511,4855.567
9512,4855.924
9513,4856.597
9514,4856.986
9515,4857.447
9516,4858.056
9517,4858.533
9518,4859.024
9519,4859.466
9520,4860.097
9521,4860.431
9522,4860.912
9523,4861.516
9524,4861.937
9525,4862.573
9526,4863.039
9527,4863.467
9528,4863.960
9529,4864.510
9530,4865.072
9531,4865.533
9532,4866.015
9533,4866.514
9534,4867.056
9535,4867.437
9536,4868.073
9537,4868.485
9538,4868.981
9539,4869.462
9540,4869.999
9541,4870.517
9542,4871.077
9543,4871.483
9544,4872.070
9545,4872.569
9546,4872.908
9547,4873.533
9548,4873.986
9549,4874.551
9550,4875.070
9551,4875.432
9552,4876.055
9553,4876.505
9554,4876.991
9555,4877.443
9556,4878.049
9557,4878.490
9558,4879.067
9559,4879.535
9560,4879.946
9561,4880.514
9562,4881.075
9563,4881.437
9564,4881.968
9565,4882.488
9566,4883.059
9567,4883.576
9568,4883.926
9569,4884.568
9570,4884.930
9571,4885.483
9572,4886.064
9573,4886.507
9574,4886.989
9575,4887.590
9576,4888.096
9577,4888.495
9578,4889.059
9579,4889.523
9580,4889.981
9581,4890.433
9582,4890.987
9583,4891.422
9584,4891.903
9585,4892.464
9586,4892.926
9587,4893.457
9588,4893.998
9589,4894.449
9590,4895.056
9591,4895.460
9592,4895.911
9593,4896.494
9594,4897.034
9595,4897.406
9596,4897.960
9597,4898.475
9598,4899.097
9599,4899.474
9600,4899.967
9601,4900.496
9602,4901.058
9603,4901.457
9604,4901.936
9605,4902.571
9606,4903.079
9607,4903.567
9608,4904.068
9609,4904.433
9610,4904.924
9611,4905.482
9612,4905.944
9613,4906.556
9614,4907.014
9615,4907.579
9616,4907.958
9617,4908.600
9618,4908.965
9619,4909.513
9620,4909.963
9621,4910.405
9622,4911.091
9623,4911.501
9624,4911.949
9625,4912.408
9626,4912.995
9627,4913.574
9628,4914.052
9629,4914.432
9630,4915.001
9631,4915.513
9632,4915.936
9633,4916.478
9634,4917.057
9635,4917.441
9636,4918.098
9637,4918.429
9638,4919.039
9639,4919.403
9640,4919.991
9641,4920.419
9642,4921.076
9643,4921.475
9644,4921.972
9645,4922.590
9646,4922.955
9647,4923.589
9648,4923.994
9649,4924.578
9650,4924.923
9651,4925.594
9652,4925.981
9653,4926.475
9654,4927.075
9655,4927.582
9656,4927.955
9657,4928.584
9658,4929.045
9659,4929.455
9660,4929.951
9661,4930.575
9662,4931.009
9663,4931.520
9664,4932.094
9665,4932.459
9666,4933.058
9667,4933.427
9668,4934.047
9669,4934.537
9670,4935.094
9671,4935.414
9672,4936.041
9673,4936.448
9674,4936.972
9675,4937.465
9676,4938.077
9677,4938.424
9678,4939.052
9679,4939.563
9680,4939.933
9681,4940.555
9682,4941.079
9683,4941.470
9684,4942.073
9685,4942.511
9686,4943.035
9687,4943.448
9688,4944.066
9689,4944.434
9690,4945.023
9691,4945.574
9692,4946.092
9693,4946.491
9694,4946.978
9695,4947.436
9696,4948.011
9697,4948.450
9698,4949.098
9699,4949.475
9700,4949.976
9701,4950.586
9702,4950.939
9703,4951.555
9704,4952.090
9705,4952.476
9706,4952.993
9707,4953.472
9708,4954.003
9709,4954.430
9710,4954.940
9711,4955.571
9712,4956.013
9713,4956.409
9714,4956.916
9715,4957.406
9716,4957.908
9717,4958.411
9718,4959.042
9719,4959.509
9720,4959.980
9721,4960.474
9722,4961.027
9723,4961.492
9724,4962.097
9725,4962.450
9726,4963.036
9727,4963.495
9728,4964.010
9729,4964.563
9730,4964.921
9731,4965.413
9732,4965.978
9733,4966.524
9734,4967.045
9735,4967.452
9736,4967.997
9737,4968.567
9738,4968.940
9739,4969.420
9740,4970.066
9741,4970.498
9742,4970.971
9743,4971.466
9744,4972.025
9745,4972.432
9746,4972.959
9747,4973.567
9748,4974.034
9749,4974.571
9750,4974.915
9751,4975.434
9752,4976.062
9753,4976.524
9754,4977.043
9755,4977.407
9756,4977.932
9757,4978.518
9758,4979.042
9759,4979.441
9760,4979.943
9761,4980.561
9762,4981.058
9763,4981.489
9764,4982.049
9765,4982.431
9766,4983.088
9767,4983.585
9768,4984.019
9769,4984.427
9770,4984.910
9771,4985.461
9772,4986.081
9773,4986.463
9774,4986.967
9775,4987.453
9776,4987.994
9777,4988.480
9778,4988.937
9779,4989.490
9780,4990.040
9781,4990.580
9782,4991.031
9783,4991.583
9784,4992.083
9785,4992.405
9786,4993.066
9787,4993.560
9788,4993.981
9789,4994.531
9790,4995.063
9791,4995.587
9792,4996.076
9793,4996.421
9794,4996.963
9795,4997.508
9796,4998.075
9797,4998.438
9798,4999.099
9799,4999.568
9800,4999.937
9801,5000.442
9802,5001.097
9803,5001.570
9804,5001.954
9805,5002.480
9806,5002.984
9807,5003.415
9808,5003.915
9809,5004.586
9810,5004.973
9811,5005.597
9812,5005.958
9813,5006.427
9814,5006.984
9815,5007.479
9816,5007.949
9817,5008.427
9818,5009.005
9819,5009.526
9820,5010.090
9821,5010.401
9822,5011.009
9823,5011.452
9824,5012.054
9825,5012.584
9826,5012.983
9827,5013.597
9828,5013.987
9829,5014.426
9830,5014.992
9831,5015.507
9832,5015.944
9833,5016.413
9834,5016.908
9835,5017.562
9836,5017.905
9837,5018.493
9838,5019.053
9839,5019.452
9840,5019.901
9841,5020.507
9842,5021.072
9843,5021.556
9844,5021.903
9845,5022.452
9846,5023.033
9847,5023.572
9848,5023.946
9849,5024.559
9850,5024.977
9851,5025.500
9852,5026.075
9853,5026.524
9854,5027.063
9855,5027.490
9856,5027.942
9857,5028.462
9858,5029.070
9859,5029.541
9860,5030.083
9861,5030.414
9862,5030.913
9863,5031.533
9864,5031.978
9865,5032.495
9866,5033.078
9867,5033.570
9868,5033.963
9869,5034.464
9870,5034.911
9871,5035.547
9872,5035.958
9873,5036.432
9874,5036.923
9875,5037.572
9876,5037.976
9877,5038.565
9878,5038.917
9879,5039.457
9880,5040.098
9881,5040.525
9882,5041.076
9883,5041.582
9884,5042.046
9885,5042.532
9886,5042.936
9887,5043.460
9888,5043.914
9889,5044.439
9890,5045.043
9891,5045.513
9892,5045.999
9893,5046.586
9894,5047.038
9895,5047.575
9896,5048.087
9897,5048.474
9898,5048.989
9899,5049.527
9900,5049.980
9901,5050.486
9902,5050.980
9903,5051.505
9904,5052.058
9905,5052.587
9906,5052.955
9907,5053.535
9908,5054.074
9909,5054.592
9910,5055.059
9911,5055.445
9912,5055.976
9913,5056.553
9914,5057.053
9915,5057.547
9916,5057.994
9917,5058.559
9918,5059.084
9919,5059.530
9920,5059.941
9921,5060.454
9922,5060.991
9923,5061.527
9924,5061.971
9925,5062.406
9926,5062.922
9927,5063.476
9928,5064.065
9929,5064.502
9930,5064.924
9931,5065.536
9932,5065.919
9933,5066.490
9934,5067.039
9935,5067.533
9936,5067.905
9937,5068.574
9938,5069.043
9939,5069.550
9940,5069.968
9941,5070.427
9942,5070.924
9943,5071.542
9944,5071.980
9945,5072.585
9946,5073.047
9947,5073.558
9948,5074.027
9949,5074.587
9950,5075.001
9951,5075.581
9952,5076.055
9953,5076.476
9954,5076.985
9955,5077.480
9956,5078.094
9957,5078.513
9958,5078.977
9959,5079.428
9960,5080.061
9961,5080.414
9962,5081.060
9963,5081.473
9964,5081.907
9965,5082.561
9966,5083.062
9967,5083.510
9968,5084.071
9969,5084.561
9970,5084.984
9971,5085.545
9972,5086.061
9973,5086.583
9974,5086.940
9975,5087.598
9976,5088.038
9977,5088.459
9978,5089.055
9979,5089.600
9980,5089.971
9981,5090.503
9982,5090.991
9983,5091.538
9984,5091.974
9985,5092.426
9986,5093.099
9987,5093.538
9988,5093.970
9989,5094.510
9990,5094.908
9991,5095.591
9992,5095.918
9993,5096.466
9994,5097.090
9995,5097.576
9996,5097.932
9997,5098.449
9998,5099.099
9999,5099.448
10000,5100.091
10001,5100.524
10002,5100.957
10003,5101.434
10004,5101.910
10005,5102.404
10006,5103.096
10007,5103.453
10008,5103.999
10009,5104.430
10010,5105.004
10011,5105.463
10012,5105.933
10013,5106.446
10014,5106.910
10015,5107.533
10016,5108.027
10017,5108.440
10018,5108.906
10019,5109.472
10020,5109.999
10021,5110.514
10022,5110.995
10023,5111.517
10024,5111.966
10025,5112.561
10026,5112.946
10027,5113.561
10028,5113.945
10029,5114.549
10030,5115.059
10031,5115.426
10032,5116.004
10033,5116.488
10034,5116.911
10035,5117.585
10036,5118.089
10037,5118.492
10038,5118.917
10039,5119.588
10040,5119.941
10041,5120.410
10042,5121.078
10043,5121.515
10044,5122.047
10045,5122.452
10046,5122.950
10047,5123.540
10048,5124.064
10049,5124.470
10050,5125.093
10051,5125.562
10052,5126.028
10053,5126.566
10054,5126.935
10055,5127.461
10056,5128.090
10057,5128.545
10058,5129.035
10059,5129.540
10060,5130.043
10061,5130.548
10062,5131.094
10063,5131.434
10064,5131.962
10065,5132.476
10066,5133.090
10067,5133.478
10068,5134.044
10069,5134.549
10070,5135.072
10071,5135.468
10072,5136.040
10073,5136.578
10074,5136.921
10075,5137.558
10076,5138.094
10077,5138.459
10078,5138.948
10079,5139.464
10080,5140.077
10081,5140.446
10082,5140.922
10083,5141.483
10084,5141.903
10085,5142.505
10086,5142.923
10087,5143.439
10088,5144.079
10089,5144.566
10090,5144.956
10091,5145.576
10092,5145.995
10093,5146.545
10094,5146.940
10095,5147.414
10096,5148.085
10097,5148.545
10098,5149.030
10099,5149.525
10100,5150.071
10101,5150.480
10102,5151.008
10103,5151.494
10104,5152.099
10105,5152.419
10106,5153.070
10107,5153.593
10108,5153.916
10109,5154.597
10110,5154.977
10111,5155.428
10112,5156.097
10113,5156.537
10114,5157.018
10115,5157.463
10116,5157.907
10117,5158.559
10118,5159.007
10119,5159.483
10120,5159.988
10121,5160.493
10122,5161.018
10123,5161.480
10124,5162.091
10125,5162.594
10126,5162.963
10127,5163.547
10128,5163.926
10129,5164.532
10130,5165.003
10131,5165.550
10132,5166.030
10133,5166.435
10134,5167.019
10135,5167.585
10136,5168.078
10137,5168.499
10138,5168.952
10139,5169.404
10140,5170.036
10141,5170.466
10142,5171.098
10143,5171.495
10144,5172.071
10145,5172.576
10146,5172.943
10147,5173.444
10148,5174.016
10149,5174.585
10150,5174.974
10151,5175.560
10152,5175.935
10153,5176.475
10154,5177.093
10155,5177.414
10156,5177.945
10157,5178.446
10158,5179.032
10159,5179.583
10160,5180.077
10161,5180.526
10162,5181.007
10163,5181.545
10164,5181.937
10165,5182.446
10166,5183.010
10167,5183.490
10168,5184.010
10169,5184.581
10170,5184.947
10171,5185.521
10172,5185.940
10173,5186.587
10174,5186.990
10175,5187.599
10176,5188.099
10177,5188.523
10178,5189.090
10179,5189.440
10180,5190.026
10181,5190.593
10182,5190.915
10183,5191.576
10184,5192.027
10185,5192.452
10186,5193.050
10187,5193.430
10188,5193.973
10189,5194.530
10190,5194.998
10191,5195.580
10192,5196.025
10193,5196.465
10194,5197.047
10195,5197.482
10196,5197.947
10197,5198.529
10198,5198.945
10199,5199.544
10200,5200.008
10201,5200.574
10202,5201.056
10203,5201.545
10204,5201.913
10205,5202.561
10206,5203.045
10207,5203.504
10208,5204.098
10209,5204.543
10210,5205.088
10211,5205.514
10212,5206.024
10213,5206.462
10214,5206.936
10215,5207.559
10216,5208.035
10217,5208.556
10218,5209.004
10219,5209.474
10220,5209.940
10221,5210.416
10222,5210.994
10223,5211.523
10224,5212.066
10225,5212.493
10226,5213.058
10227,5213.409
10228,5213.995
10229,5214.421
10230,5215.035
10231,5215.531
10232,5216.092
10233,5216.561
10234,5216.917
10235,5217.547
10236,5218.083
10237,5218.487
10238,5218.924
10239,5219.503
10240,5219.992
10241,5220.481
10242,5221.075
10243,5221.449
10244,5222.024
10245,5222.531
10246,5222.921
10247,5223.522
10248,5223.911
10249,5224.411
10250,5224.994
10251,5225.557
10252,5225.939
10253,5226.493
10254,5227.050
10255,5227.558
10256,5228.065
10257,5228.596
10258,5228.933
10259,5229.431
10260,5230.037
10261,5230.429
10262,5230.921
10263,5231.499
10264,5231.942
10265,5232.434
10266,5232.908
10267,5233.432
10268,5234.074
10269,5234.453
10270,5234.954
10271,5235.417
10272,5235.997
10273,5236.403
10274,5237.053
10275,5237.566
10276,5238.033
10277,5238.524
10278,5239.059
10279,5239.517
10280,5240.012
10281,5240.414
10282,5241.007
10283,5241.478
10284,5242.071
10285,5242.580
10286,5243.005
10287,5243.484
10288,5244.007
10289,5244.571
10290,5245.096
10291,5245.538
10292,5246.090
10293,5246.578
10294,5247.048
10295,5247.420
10296,5248.009
10297,5248.452
10298,5249.049
10299,5249.457
10300,5250.006
10301,5250.447
10302,5251.094
10303,5251.411
10304,5251.958
10305,5252.539
10306,5253.029
10307,5253.451
10308,5253.990
10309,5254.568
10310,5255.078
10311,5255.440
10312,5256.002
10313,5256.489
10314,5256.975
10315,5257.534
10316,5257.921
10317,5258.431
10318,5258.910
10319,5259.596
10320,5260.042
10321,5260.528
10322,5260.976
10323,5261.494
10324,5262.045
10325,5262.589
10326,5262.928
10327,5263.493
10328,5264.073
10329,5264.512
10330,5265.067
10331,5265.440
10332,5266.030
10333,5266.596
10334,5267.014
10335,5267.583
10336,5267.943
10337,5268.440
10338,5269.072
10339,5269.425
10340,5270.051
10341,5270.559
10342,5270.941
10343,5271.419
10344,5272.000
10345,5272.521
10346,5272.949
10347,5273.559
10348,5274.015
10349,5274.408
10350,5275.072
10351,5275.461
10352,5275.990
10353,5276.558
10354,5277.036
10355,5277.572
10356,5278.006
10357,5278.440
10358,5278.933
10359,5279.504
10360,5279.928
10361,5280.431
10362,5281.018
10363,5281.541
10364,5281.980
10365,5282.469
10366,5283.062
10367,5283.423
10368,5283.914
10369,5284.485
10370,5285.018
10371,5285.522
10372,5286.083
10373,5286.418
10374,5287.099
10375,5287.484
10376,5288.049
10377,5288.410
10378,5289.029
10379,5289.582
10380,5290.011
10381,5290.563
10382,5291.000
10383,5291.467
10384,5291.901
10385,5292.435
10386,5293.002
10387,5293.401
10388,5294.083
10389,5294.551
10390,5295.080
10391,5295.574
10392,5295.953
10393,5296.404
10394,5296.947
10395,5297.493
10396,5298.043
10397,5298.530
10398,5298.984
10399,5299.541
10400,5299.981
10401,5300.466
10402,5300.902
10403,5301.469
10404,5302.020
10405,5302.440
10406,5303.037
10407,5303.551
10408,5304.096
10409,5304.514
10410,5305.083
10411,5305.427
10412,5305.948
10413,5306.594
10414,5306.996
10415,5307.597
10416,5307.996
10417,5308.483
10418,5308.986
10419,5309.570
10420,5309.916
10421,5310.411
10422,5310.940
10423,5311.410
10424,5312.053
10425,5312.543
10426,5312.907
10427,5313.423
10428,5314.022
10429,5314.479
10430,5315.054
10431,5315.578
10432,5315.985
10433,5316.511
10434,5316.973
10435,5317.559
10436,5318.084
10437,5318.524
10438,5319.015
10439,5319.430
10440,5320.081
10441,5320.417
10442,5321.095
10443,5321.435
10444,5322.042
10445,5322.557
10446,5322.926
10447,5323.457
10448,5324.013
10449,5324.455
10450,5324.976
10451,5325.407
10452,5325.964
10453,5326.464
10454,5326.980
10455,5327.531
10456,5328.096
10457,5328.469
10458,5329.036
10459,5329.505
10460,5330.004
10461,5330.595
10462,5331.027
10463,5331.595
10464,5331.949
10465,5332.432
10466,5332.923
10467,5333.459
10468,5334.030
10469,5334.467
10470,5335.017
10471,5335.446
10472,5335.967
10473,5336.527
10474,5337.013
10475,5337.502
10476,5337.907
10477,5338.414
10478,5338.926
10479,5339.454
10480,5340.019
10481,5340.576
10482,5341.069
10483,5341.595
10484,5341.979
10485,5342.595
10486,5342.919
10487,5343.462
10488,5344.093
10489,5344.465
10490,5344.901
10491,5345.483
10492,5346.069
10493,5346.596
10494,5347.012
10495,5347.444
10496,5348.082
10497,5348.494
10498,5348.908
10499,5349.535
10500,5349.982
10501,5350.600
10502,5350.981
10503,5351.577
10504,5351.967
10505,5352.451
10506,5352.940
10507,5353.527
10508,5354.002
10509,5354.515
10510,5355.080
10511,5355.434
10512,5356.045
10513,5356.400
10514,5356.988
10515,5357.534
10516,5358.046
10517,5358.527
10518,5358.945
10519,5359.415
10520,5359.957
10521,5360.547
10522,5360.967
10523,5361.472
10524,5361.927
10525,5362.579
10526,5363.019
10527,5363.585
10528,5364.097
10529,5364.439
10530,5365.062
10531,5365.508
10532,5366.050
10533,5366.500
10534,5367.090
10535,5367.409
10536,5367.919
10537,5368.571
10538,5368.941
10539,5369.566
10540,5369.905
10541,5370.541
10542,5370.918
10543,5371.589
10544,5371.918
10545,5372.432
10546,5373.066
10547,5373.413
10548,5373.983
10549,5374.430
10550,5375.030
10551,5375.508
10552,5376.000
10553,5376.429
10554,5376.992
10555,5377.543
10556,5377.976
10557,5378.495
10558,5378.922
10559,5379.477
10560,5380.046
10561,5380.402
10562,5381.091
10563,5381.524
10564,5382.027
10565,5382.568
10566,5382.986
10567,5383.497
10568,5383.945
10569,5384.494
10570,5384.935
10571,5385.428
10572,5386.034
10573,5386.589
10574,5386.984
10575,5387.410
10576,5387.967
10577,5388.410
10578,5389.049
10579,5389.474
10580,5389.924
10581,5390.573
10582,5390.951
10583,5391.502
10584,5392.088
10585,5392.485
10586,5393.010
10587,5393.502
10588,5393.948
10589,5394.565
10590,5395.030
10591,5395.545
10592,5395.980
10593,5396.506
10594,5397.061
10595,5397.547
10596,5397.955
10597,5398.415
10598,5398.965
10599,5399.400
10600,5399.944
10601,5400.470
10602,5400.965
10603,5401.583
10604,5402.023
10605,5402.430
10606,5403.048
10607,5403.583
10608,5403.927
10609,5404.473
10610,5404.905
10611,5405.584
10612,5405.944
10613,5406.449
10614,5407.035
10615,5407.526
10616,5408.060
10617,5408.436
10618,5409.013
10619,5409.556
10620,5409.974
10621,5410.480
10622,5410.952
10623,5411.525
10624,5412.068
10625,5412.515
10626,5412.931
10627,5413.420
10628,5413.970
10629,5414.490
10630,5414.965
10631,5415.596
10632,5415.985
10633,5416.476
10634,5416.922
10635,5417.496
10636,5417.985
10637,5418.597
10638,5419.069
10639,5419.568
10640,5419.976
10641,5420.577
10642,5421.095
10643,5421.552
10644,5421.973
10645,5422.472
10646,5423.030
10647,5423.509
10648,5423.914
10649,5424.449
10650,5424.976
10651,5425.455
10652,5426.024
10653,5426.560
10654,5426.994
10655,5427.503
10656,5427.976
10657,5428.517
10658,5429.036
10659,5429.422
10660,5429.985
10661,5430.506
10662,5430.924
10663,5431.430
10664,5432.019
10665,5432.503
10666,5433.012
10667,5433.593
10668,5434.083
10669,5434.441
10670,5435.032
10671,5435.481
10672,5435.943
10673,5436.496
10674,5437.046
10675,5437.435
10676,5437.915
10677,5438.531
10678,5439.084
10679,5439.578
10680,5439.918
10681,5440.461
10682,5441.093
10683,5441.565
10684,5441.905
10685,5442.576
10686,5443.084
10687,5443.528
10688,5443.938
10689,5444.420
10690,5444.919
10691,5445.523
10692,5446.072
10693,5446.471
10694,5446.990
10695,5447.562
10696,5448.040
10697,5448.425
10698,5448.943
10699,5449.517
10700,5449.911
10701,5450.463
10702,5450.920
10703,5451.508
10704,5451.991
10705,5452.406
10706,5453.017
10707,5453.450
10708,5454.037
10709,5454.562
10710,5455.021
10711,5455.472
10712,5455.995
10713,5456.526
10714,5457.089
10715,5457.464
10716,5458.054
10717,5458.459
10718,5458.907
10719,5459.411
10720,5460.008
10721,5460.486
10722,5461.097
10723,5461.535
10724,5462.023
10725,5462.524
10726,5462.996
10727,5463.566
10728,5463.927
10729,5464.570
10730,5464.975
10731,5465.417
10732,5465.946
10733,5466.463
10734,5466.938
10735,5467.512
10736,5467.908
10737,5468.506
10738,5469.012
10739,5469.585
10740,5469.901
10741,5470.545
10742,5470.925
10743,5471.515
10744,5472.012
10745,5472.434
10746,5472.938
10747,5473.598
10748,5473.982
10749,5474.411
10750,5475.011
10751,5475.593
10752,5476.059
10753,5476.536
10754,5477.045
10755,5477.512
10756,5478.063
10757,5478.596
10758,5478.981
10759,5479.437
10760,5479.944
10761,5480.509
10762,5481.095
10763,5481.575
10764,5481.947
10765,5482.484
10766,5482.986
10767,5483.494
10768,5484.078
10769,5484.510
10770,5485.099
10771,5485.549
10772,5485.964
10773,5486.587
10774,5487.027
10775,5487.484
10776,5487.964
10777,5488.485
10778,5488.958
10779,5489.486
10780,5490.082
10781,5490.592
10782,5490.918
10783,5491.453
10784,5492.020
10785,5492.426
10786,5492.926
10787,5493.535
10788,5494.081
10789,5494.529
10790,5495.020
10791,5495.447
10792,5496.019
10793,5496.432
10794,5497.067
10795,5497.437
10796,5498.003
10797,5498.425
10798,5498.926
10799,5499.513
10800,5500.043
10801,5500.409
10802,5500.990
10803,5501.543
10804,5502.096
10805,5502.520
10806,5503.052
10807,5503.498
10808,5504.090
10809,5504.497
10810,5505.010
10811,5505.569
10812,5505.937
10813,5506.423
10814,5507.006
10815,5507.566
10816,5507.957
10817,5508.474
10818,5509.013
10819,5509.523
10820,5509.921
10821,5510.513
10822,5511.072
10823,5511.555
10824,5511.929
10825,5512.541
10826,5513.080
10827,5513.468
10828,5514.080
10829,5514.496
10830,5514.926
10831,5515.589
10832,5516.092
10833,5516.525
10834,5517.002
10835,5517.515
10836,5518.041
10837,5518.596
10838,5519.001
10839,5519.584
10840,5520.015
10841,5520.533
10842,5521.062
10843,5521.485
10844,5521.957
10845,5522.451
10846,5522.992
10847,5523.552
10848,5524.097
10849,5524.461
10850,5524.908
10851,5525.489
10852,5526.006
10853,5526.429
10854,5527.072
10855,5527.585
10856,5528.072
10857,5528.478
10858,5529.099
10859,5529.400
10860,5529.948
10861,5530.489
10862,5530.980
10863,5531.577
10864,5532.028
10865,5532.429
10866,5533.026
10867,5533.510
10868,5534.082
10869,5534.551
10870,5534.949
10871,5535.476
10872,5536.007
10873,5536.560
10874,5536.980
10875,5537.548
10876,5538.029
10877,5538.443
10878,5539.090
10879,5539.595
10880,5540.024
10881,5540.523
10882,5541.002
10883,5541.541
10884,5542.093
10885,5542.474
10886,5542.908
10887,5543.573
10888,5544.020
10889,5544.495
10890,5544.914
10891,5545.441
10892,5546.073
10893,5546.475
10894,5546.939
10895,5547.517
10896,5548.022
10897,5548.507
10898,5549.099
10899,5549.498
10900,5549.956
10901,5550.579
10902,5550.969
10903,5551.573
10904,5551.923
10905,5552.472
10906,5552.992
10907,5553.531
10908,5553.936
10909,5554.453
10910,5555.085
10911,5555.444
10912,5556.063
10913,5556.542
10914,5556.939
10915,5557.565
10916,5557.967
10917,5558.440
10918,5559.084
10919,5559.476
10920,5560.078
10921,5560.585
10922,5561.026
10923,5561.514
10924,5562.074
10925,5562.562
10926,5563.051
10927,5563.464
10928,5564.072
10929,5564.493
10930,5564.931
10931,5565.577
10932,5566.060
10933,5566.575
10934,5566.901
10935,5567.586
10936,5568.078
10937,5568.477
10938,5568.905
10939,5569.416
10940,5569.955
10941,5570.514
10942,5570.990
10943,5571.517
10944,5572.022
10945,5572.555
10946,5572.911
10947,5573.447
10948,5574.013
10949,5574.452
10950,5575.076
10951,5575.489
10952,5575.929
10953,5576.539
10954,5577.016
10955,5577.557
10956,5578.074
10957,5578.410
10958,5578.990
10959,5579.450
10960,5579.958
10961,5580.499
10962,5581.002
10963,5581.436
10964,5582.080
10965,5582.537
10966,5582.918
10967,5583.493
10968,5583.916
10969,5584.418
10970,5585.011
10971,5585.550
10972,5586.002
10973,5586.485
10974,5587.006
10975,5587.475
10976,5587.959
10977,5588.553
10978,5588.905
10979,5589.417
10980,5590.032
10981,5590.511
10982,5590.973
10983,5591.403
10984,5592.043
10985,5592.421
10986,5592.947
10987,5593.528
10988,5593.964
10989,5594.486
10990,5594.989
10991,5595.463
10992,5596.036
10993,5596.512
10994,5597.053
10995,5597.575
10996,5597.971
10997,5598.404
10998,5598.961
10999,5599.434
11000,5600.043
11001,5600.487
11002,5600.975
11003,5601.405
11004,5601.911
11005,5602.463
11006,5603.010
11007,5603.575
11008,5604.062
11009,5604.489
11010,5605.069
11011,5605.405
11012,5605.950
11013,5606.466
11014,5606.907
11015,5607.406
11016,5608.019
11017,5608.534
11018,5609.063
11019,5609.407
11020,5610.017
11021,5610.507
11022,5610.905
11023,5611.550
11024,5612.014
11025,5612.544
11026,5612.928
11027,5613.422
11028,5614.052
11029,5614.403
11030,5615.044
11031,5615.468
11032,5615.930
11033,5616.482
11034,5616.913
11035,5617.470
11036,5618.056
11037,5618.573
11038,5619.079
11039,5619.594
11040,5619.920
11041,5620.545
11042,5621.099
11043,5621.435
11044,5621.951
11045,5622.425
11046,5623.045
11047,5623.454
11048,5623.965
11049,5624.571
11050,5625.097
11051,5625.402
11052,5626.039
11053,5626.528
11054,5626.994
11055,5627.451
11056,5627.946
11057,5628.420
11058,5628.930
11059,5629.434
11060,5629.904
11061,5630.564
11062,5631.063
11063,5631.486
11064,5631.946
11065,5632.500
11066,5632.916
11067,5633.457
11068,5633.902
11069,5634.436
11070,5634.951
11071,5635.566
11072,5636.020
11073,5636.596
11074,5636.952
11075,5637.465
11076,5637.916
11077,5638.438
11078,5638.952
11079,5639.527
11080,5639.914
11081,5640.471
11082,5641.069
11083,5641.504
11084,5642.009
11085,5642.417
11086,5642.918
11087,5643.401
11088,5644.094
11089,5644.495
11090,5645.080
11091,5645.520
11092,5646.028
11093,5646.580
11094,5647.009
11095,5647.514
11096,5647.905
11097,5648.416
11098,5648.915
11099,5649.573
11100,5650.041
11101,5650.409
11102,5651.012
11103,5651.555
11104,5651.915
11105,5652.542
11106,5653.066
11107,5653.425
11108,5653.904
11109,5654.432
11110,5655.007
11111,5655.521
11112,5655.907
11113,5656.555
11114,5657.064
11115,5657.588
11116,5658.046
11117,5658.448
11118,5658.914
11119,5659.584
11120,5659.935
11121,5660.493
11122,5660.987
11123,5661.446
11124,5662.032
11125,5662.456
11126,5662.904
11127,5663.478
11128,5663.991
11129,5664.403
11130,5664.985
11131,5665.592
11132,5665.941
11133,5666.523
11134,5666.965
11135,5667.488
11136,5668.068
11137,5668.568
11138,5669.050
11139,5669.599
11140,5669.960
11141,5670.476
11142,5670.966
11143,5671.483
11144,5672.035
11145,5672.466
11146,5672.935
11147,5673.569
11148,5674.055
11149,5674.518
11150,5674.926
11151,5675.514
11152,5676.037
11153,5676.582
11154,5677.051
11155,5677.432
11156,5678.079
11157,5678.557
11158,5678.961
11159,5679.532
11160,5679.927
11161,5680.508
11162,5680.904
11163,5681.407
11164,5681.971
11165,5682.556
11166,5682.994
11167,5683.514
11168,5683.981
11169,5684.597
11170,5685.040
11171,5685.428
11172,5686.084
11173,5686.459
11174,5687.074
11175,5687.516
11176,5687.903
11177,5688.471
11178,5688.993
11179,5689.581
11180,5689.967
11181,5690.547
11182,5690.932
11183,5691.439
11184,5691.906
11185,5692.578
11186,5693.056
11187,5693.412
11188,5693.992
11189,5694.531
11190,5694.927
11191,5695.422
11192,5696.017
11193,5696.571
11194,5697.095
11195,5697.418
11196,5697.974
11197,5698.545
11198,5698.940
11199,5699.472
11200,5700.058
11201,5700.424
11202,5701.041
11203,5701.579
11204,5701.945
11205,5702.552
11206,5702.907
11207,5703.545
11208,5703.953
11209,5704.442
11210,5705.067
11211,5705.471
11212,5706.045
11213,5706.594
11214,5706.986
11215,5707.578
11216,5708.078
11217,5708.469
11218,5709.038
11219,5709.511
11220,5709.959
11221,5710.521
11222,5711.092
11223,5711.498
11224,5711.907
11225,5712.584
11226,5712.967
11227,5713.467
11228,5714.074
11229,5714.590
11230,5715.070
11231,5715.445
11232,5716.058
11233,5716.543
11234,5716.902
11235,5717.557
11236,5717.982
11237,5718.429
11238,5718.906
11239,5719.502
11240,5720.000
11241,5720.426
11242,5721.019
11243,5721.543
11244,5721.911
11245,5722.517
11246,5722.947
11247,5723.403
11248,5723.979
11249,5724.536
11250,5724.904
11251,5725.468
11252,5725.950
11253,5726.476
11254,5727.036
11255,5727.585
11256,5728.021
11257,5728.427
11258,5728.950
11259,5729.550
11260,5729.963
11261,5730.582
11262,5730.932
11263,5731.452
11264,5731.934
11265,5732.533
11266,5733.070
11267,5733.525
11268,5734.035
11269,5734.444
11270,5735.092
11271,5735.427
11272,5735.955
11273,5736.551
11274,5736.982
11275,5737.554
11276,5737.913
11277,5738.486
11278,5739.054
11279,5739.566
11280,5739.983
11281,5740.559
11282,5740.907
11283,5741.422
11284,5741.948
11285,5742.461
11286,5743.074
11287,5743.426
11288,5743.951
11289,5744.443
11290,5745.016
11291,5745.532
11292,5745.934
11293,5746.550
11294,5747.068
11295,5747.405
11296,5748.083
11297,5748.549
11298,5748.910
11299,5749.496
11300,5750.086
11301,5750.464
11302,5750.999
11303,5751.502
11304,5752.042
11305,5752.582
11306,5753.072
11307,5753.421
11308,5753.963
11309,5754.411
11310,5755.039
11311,5755.414
11312,5755.972
11313,5756.527
11314,5757.044
11315,5757.488
11316,5757.908
11317,5758.448
11318,5758.910
11319,5759.477
11320,5760.043
11321,5760.584
11322,5761.005
11323,5761.507
11324,5761.908
11325,5762.519
11326,5762.974
11327,5763.460
11328,5763.916
11329,5764.496
11330,5764.950
11331,5765.519
11332,5765.915
11333,5766.565
11334,5766.913
11335,5767.488
11336,5768.052
11337,5768.498
11338,5768.985
11339,5769.465
11340,5769.973
11341,5770.462
11342,5771.091
11343,5771.530
11344,5772.035
11345,5772.529
11346,5772.964
11347,5773.450
11348,5774.054
11349,5774.536
11350,5775.038
11351,5775.476
11352,5775.977
11353,5776.585
11354,5777.061
11355,5777.452
11356,5778.072
11357,5778.478
11358,5779.057
11359,5779.600
11360,5780.008
11361,5780.418
11362,5780.937
11363,5781.546
11364,5782.024
11365,5782.580
11366,5782.942
11367,5783.582
11368,5784.094
11369,5784.484
11370,5785.018
11371,5785.483
11372,5786.050
11373,5786.460
11374,5786.957
11375,5787.557
11376,5787.968
11377,5788.474
11378,5789.029
11379,5789.578
11380,5790.058
11381,5790.406
11382,5790.935
11383,5791.478
11384,5792.046
11385,5792.571
11386,5792.920
11387,5793.520
11388,5793.990
11389,5794.414
11390,5795.091
11391,5795.565
11392,5796.040
11393,5796.555
11394,5797.012
11395,5797.415
11396,5798.047
11397,5798.442
11398,5799.035
11399,5799.453
11400,5799.977
11401,5800.452
11402,5801.047
11403,5801.543
11404,5801.996
11405,5802.582
11406,5803.085
11407,5803.511
11408,5803.999
11409,5804.441
11410,5805.004
11411,5805.508
11412,5805.907
11413,5806.597
11414,5807.097
11415,5807.571
11416,5808.075
11417,5808.428
11418,5808.953
11419,5809.531
11420,5810.012
11421,5810.456
11422,5811.040
11423,5811.563
11424,5812.016
11425,5812.542
11426,5813.096
11427,5813.563
11428,5814.022
11429,5814.531
11430,5815.024
11431,5815.514
11432,5816.078
11433,5816.430
11434,5817.030
11435,5817.512
11436,5817.955
11437,5818.511
11438,5819.046
11439,5819.585
11440,5819.908
11441,5820.412
11442,5821.023
11443,5821.555
11444,5822.050
11445,5822.425
11446,5823.099
11447,5823.550
11448,5824.039
11449,5824.434
11450,5825.007
11451,5825.454
11452,5826.052
11453,5826.585
11454,5827.074
11455,5827.545
11456,5827.965
11457,5828.470
11458,5828.912
11459,5829.488
11460,5830.095
11461,5830.534
11462,5831.005
11463,5831.555
11464,5832.070
11465,5832.581
11466,5832.943
11467,5833.468
11468,5834.059
11469,5834.475
11470,5835.060
11471,5835.417
11472,5835.982
11473,5836.447
11474,5837.086
11475,5837.497
11476,5838.051
11477,5838.457
11478,5838.906
11479,5839.577
11480,5840.053
11481,5840.501
11482,5841.091
11483,5841.536
11484,5841.915
11485,5842.501
11486,5843.066
11487,5843.493
11488,5843.930
11489,5844.513
11490,5845.025
11491,5845.565
11492,5845.997
11493,5846.466
11494,5847.030
11495,5847.581
11496,5847.928
11497,5848.421
11498,5849.025
11499,5849.485
11500,5850.052
11501,5850.598
11502,5851.061
11503,5851.582
11504,5852.039
11505,5852.449
11506,5852.979
11507,5853.437
11508,5854.000
11509,5854.597
11510,5855.057
11511,5855.502
11512,5855.961
11513,5856.449
11514,5856.901
11515,5857.561
11516,5857.991
11517,5858.476
11518,5858.945
11519,5859.475
11520,5860.008
11521,5860.483
11522,5860.999
11523,5861.517
11524,5861.998
11525,5862.433
11526,5862.984
11527,5863.581
11528,5863.963
11529,5864.570
11530,5864.906
11531,5865.552
11532,5866.020
11533,5866.485
11534,5866.916
11535,5867.473
11536,5868.089
11537,5868.536
11538,5869.071
11539,5869.573
11540,5870.006
11541,5870.421
11542,5871.096
11543,5871.580
11544,5871.960
11545,5872.576
11546,5873.059
11547,5873.439
11548,5874.021
11549,5874.419
11550,5875.008
11551,5875.483
11552,5876.067
11553,5876.544
11554,5876.999
11555,5877.403
11556,5878.053
11557,5878.584
11558,5879.050
11559,5879.455
11560,5879.933
11561,5880.528
11562,5880.992
11563,5881.590
11564,5881.910
11565,5882.486
11566,5882.902
11567,5883.532
11568,5883.985
11569,5884.549
11570,5884.927
11571,5885.422
11572,5886.080
11573,5886.499
11574,5887.004
11575,5887.406
11576,5888.093
11577,5888.456
11578,5889.018
11579,5889.414
11580,5890.030
11581,5890.422
11582,5891.078
11583,5891.454
11584,5891.982
11585,5892.516
11586,5893.032
11587,5893.419
11588,5893.902
11589,5894.514
11590,5894.904
11591,5895.488
11592,5895.973
11593,5896.599
11594,5896.998
11595,5897.593
11596,5898.005
11597,5898.463
11598,5898.992
11599,5899.544
11600,5900.099
11601,5900.595
11602,5901.029
11603,5901.595
11604,5902.011
11605,5902.514
11606,5902.973
11607,5903.406
11608,5903.988
11609,5904.593
11610,5905.021
11611,5905.478
11612,5905.982
11613,5906.600
11614,5906.968
11615,5907.550
11616,5908.082
11617,5908.409
11618,5908.993
11619,5909.476
11620,5909.908
11621,5910.585
11622,5911.041
11623,5911.411
11624,5912.046
11625,5912.508
11626,5912.971
11627,5913.551
11628,5913.963
11629,5914.548
11630,5915.020
11631,5915.532
11632,5915.930
11633,5916.518
11634,5916.912
11635,5917.453
11636,5918.050
11637,5918.557
11638,5919.029
11639,5919.490
11640,5919.946
11641,5920.539
11642,5920.999
11643,5921.467
11644,5922.015
11645,5922.424
11646,5923.016
11647,5923.452
11648,5924.083
11649,5924.404
11650,5924.922
11651,5925.413
11652,5925.970
11653,5926.463
11654,5927.000
11655,5927.504
11656,5928.089
11657,5928.562
11658,5929.006
11659,5929.524
11660,5930.033
11661,5930.418
11662,5930.955
11663,5931.430
11664,5931.954
11665,5932.569
11666,5932.946
11667,5933.453
11668,5933.911
11669,5934.440
11670,5934.923
11671,5935.435
11672,5935.951
11673,5936.597
11674,5936.946
11675,5937.576
11676,5937.917
11677,5938.566
11678,5939.096
11679,5939.490
11680,5939.980
11681,5940.502
11682,5941.066
11683,5941.425
11684,5941.983
11685,5942.517
11686,5942.970
11687,5943.440
11688,5944.042
11689,5944.571
11690,5944.933
11691,5945.438
11692,5945.959
11693,5946.552
11694,5946.936
11695,5947.507
11696,5947.932
11697,5948.510
11698,5948.909
11699,5949.434
11700,5949.972
11701,5950.415
11702,5951.015
11703,5951.412
11704,5952.035
11705,5952.560
11706,5953.039
11707,5953.420
11708,5954.074
11709,5954.404
11710,5954.925
11711,5955.525
11712,5956.002
11713,5956.571
11714,5957.010
11715,5957.592
11716,5957.965
11717,5958.600
11718,5958.990
11719,5959.594
11720,5960.004
11721,5960.537
11722,5960.902
11723,5961.479
11724,5962.022
11725,5962.559
11726,5963.050
11727,5963.560
11728,5964.070
11729,5964.523
11730,5965.042
11731,5965.444
11732,5965.992
11733,5966.553
11734,5967.027
11735,5967.587
11736,5968.076
11737,5968.419
11738,5969.056
11739,5969.454
11740,5969.997
11741,5970.483
11742,5971.050
11743,5971.598
11744,5972.084
11745,5972.590
11746,5973.047
11747,5973.554
11748,5973.967
11749,5974.497
11750,5975.071
11751,5975.588
11752,5976.059
11753,5976.572
11754,5977.083
11755,5977.503
11756,5978.076
11757,5978.423
11758,5979.080
11759,5979.430
11760,5980.008
11761,5980.401
11762,5980.918
11763,5981.574
11764,5981.987
11765,5982.560
11766,5982.965
11767,5983.574
11768,5983.964
11769,5984.412
11770,5985.012
11771,5985.492
11772,5985.962
11773,5986.444
11774,5987.012
11775,5987.531
11776,5988.085
11777,5988.516
11778,5989.033
11779,5989.421
11780,5990.084
11781,5990.533
11782,5991.045
11783,5991.472
11784,5992.041
11785,5992.417
11786,5993.013
11787,5993.406
11788,5994.039
11789,5994.543
11790,5994.930
11791,5995.512
11792,5995.976
11793,5996.536
11794,5997.074
11795,5997.401
11796,5998.063
11797,5998.586
11798,5998.933
11799,5999.460
11800,5999.982
11801,6000.453
11802,6001.016
11803,6001.454
11804,6002.059
11805,6002.456
11806,6003.058
11807,6003.513
11808,6003.926
11809,6004.451
11810,6005.071
11811,6005.566
11812,6006.047
11813,6006.420
11814,6007.063
11815,6007.468
11816,6008.095
11817,6008.569
11818,6009.001
11819,6009.531
11820,6010.073
11821,6010.531
11822,6011.062
11823,6011.476
11824,6011.914
11825,6012.569
11826,6012.908
11827,6013.496
11828,6013.935
11829,6014.454
11830,6015.093
11831,6015.506
11832,6016.045
11833,6016.572
11834,6016.986
11835,6017.423
11836,6018.047
11837,6018.477
11838,6019.020
11839,6019.436
11840,6020.058
11841,6020.567
11842,6021.045
11843,6021.467
11844,6022.052
11845,6022.499
11846,6023.063
11847,6023.455
11848,6023.944
11849,6024.596
11850,6024.935
11851,6025.521
11852,6026.053
11853,6026.434
11854,6026.915
11855,6027.482
11856,6027.935
11857,6028.594
11858,6028.927
11859,6029.565
11860,6030.100
11861,6030.528
11862,6031.072
11863,6031.576
11864,6031.985
11865,6032.452
11866,6033.091
11867,6033.600
11868,6034.071
11869,6034.478
11870,6034.948
11871,6035.562
11872,6036.089
11873,6036.423
11874,6037.069
11875,6037.468
11876,6038.020
11877,6038.518
11878,6038.976
11879,6039.417
11880,6039.944
11881,6040.464
11882,6040.969
11883,6041.579
11884,6042.095
11885,6042.480
11886,6043.079
11887,6043.540
11888,6043.959
11889,6044.440
11890,6044.927
11891,6045.579
11892,6046.041
11893,6046.551
11894,6046.938
11895,6047.502
11896,6047.946
11897,6048.504
11898,6049.063
11899,6049.553
11900,6050.085
11901,6050.449
11902,6050.941
11903,6051.515
11904,6051.945
11905,6052.537
11906,6052.934
11907,6053.509
11908,6053.904
11909,6054.511
11910,6054.917
11911,6055.550
11912,6056.059
11913,6056.554
11914,6056.931
11915,6057.568
11916,6057.969
11917,6058.460
11918,6059.037
11919,6059.597
11920,6059.952
11921,6060.450
11922,6060.946
11923,6061.591
11924,6061.984
11925,6062.470
11926,6062.908
11927,6063.571
11928,6064.013
11929,6064.561
11930,6064.989
11931,6065.577
11932,6066.026
11933,6066.532
11934,6067.029
11935,6067.551
11936,6067.962
11937,6068.480
11938,6068.945
11939,6069.593
11940,6069.962
11941,6070.448
11942,6071.084
11943,6071.517
11944,6072.021
11945,6072.554
11946,6073.033
11947,6073.480
11948,6074.064
11949,6074.564
11950,6074.929
11951,6075.588
11952,6075.937
11953,6076.523
11954,6076.925
11955,6077.546
11956,6077.948
11957,6078.544
11958,6078.975
11959,6079.436
11960,6080.049
11961,6080.557
11962,6080.933
11963,6081.470
11964,6082.015
11965,6082.572
11966,6083.029
11967,6083.427
11968,6084.067
11969,6084.599
11970,6085.025
11971,6085.546
11972,6086.067
11973,6086.569
11974,6087.045
11975,6087.556
11976,6087.929
11977,6088.514
11978,6089.016
11979,6089.449
11980,6089.904
11981,6090.559
11982,6090.994
11983,6091.459
11984,6091.965
11985,6092.563
11986,6092.983
11987,6093.481
11988,6094.093
11989,6094.499
11990,6094.908
11991,6095.432
11992,6095.942
11993,6096.445
11994,6096.962
11995,6097.438
11996,6098.093
11997,6098.564
11998,6098.932
11999,6099.450
12000,6100.079
12001,6100.510
12002,6101.099
12003,6101.549
12004,6102.098
12005,6102.490
12006,6102.993
12007,6103.455
12008,6104.055
12009,6104.412
12010,6105.046
12011,6105.456
12012,6106.099
12013,6106.592
12014,6107.083
12015,6107.588
12016,6107.945
12017,6108.524
12018,6108.993
12019,6109.496
12020,6109.997
12021,6110.490
12022,6110.963
12023,6111.580
12024,6111.991
12025,6112.420
12026,6112.929
12027,6113.577
12028,6114.065
12029,6114.445
12030,6115.056
12031,6115.466
12032,6115.926
12033,6116.447
12034,6116.925
12035,6117.574
12036,6118.031
12037,6118.464
12038,6119.018
12039,6119.493
12040,6119.929
12041,6120.499
12042,6120.976
12043,6121.497
12044,6121.949
12045,6122.569
12046,6122.946
12047,6123.532
12048,6124.070
12049,6124.550
12050,6124.916
12051,6125.451
12052,6125.948
12053,6126.546
12054,6127.029
12055,6127.582
12056,6128.092
12057,6128.410
12058,6129.013
12059,6129.547
12060,6130.093
12061,6130.522
12062,6131.060
12063,6131.422
12064,6131.984
12065,6132.571
12066,6132.967
12067,6133.455
12068,6133.986
12069,6134.584
12070,6135.016
12071,6135.591
12072,6135.904
12073,6136.453
12074,6136.960
12075,6137.575
12076,6138.038
12077,6138.405
12078,6138.925
12079,6139.532
12080,6140.038
12081,6140.571
12082,6140.914
12083,6141.512
12084,6142.039
12085,6142.583
12086,6143.068
12087,6143.414
12088,6144.039
12089,6144.455
12090,6144.969
12091,6145.532
12092,6146.033
12093,6146.411
12094,6146.971
12095,6147.510
12096,6147.998
12097,6148.525
12098,6149.064
12099,6149.509
12100,6150.042
12101,6150.599
12102,6151.085
12103,6151.594
12104,6151.988
12105,6152.414
12106,6152.972
12107,6153.537
12108,6153.900
12109,6154.538
12110,6154.953
12111,6155.448
12112,6155.941
12113,6156.561
12114,6157.008
12115,6157.452
12116,6157.970
12117,6158.461
12118,6159.017
12119,6159.460
12120,6159.947
12121,6160.438
12122,6160.909
12123,6161.474
12124,6161.929
12125,6162.484
12126,6163.038
12127,6163.518
12128,6164.064
12129,6164.573
12130,6165.082
12131,6165.572
12132,6166.004
12133,6166.563
12134,6166.941
12135,6167.548
12136,6167.961
12137,6168.523
12138,6169.045
12139,6169.404
12140,6169.970
12141,6170.556
12142,6170.930
12143,6171.524
12144,6172.077
12145,6172.563
12146,6173.048
12147,6173.521
12148,6173.993
12149,6174.563
12150,6174.960
12151,6175.498
12152,6176.075
12153,6176.453
12154,6177.046
12155,6177.536
12156,6177.961
12157,6178.583
12158,6179.027
12159,6179.587
12160,6179.917
12161,6180.597
12162,6181.022
12163,6181.423
12164,6182.020
12165,6182.595
12166,6183.048
12167,6183.456
12168,6184.094
12169,6184.425
12170,6184.926
12171,6185.493
12172,6186.003
12173,6186.438
12174,6186.959
12175,6187.581
12176,6188.044
12177,6188.451
12178,6188.985
12179,6189.443
12180,6190.076
12181,6190.566
12182,6190.977
12183,6191.575
12184,6192.002
12185,6192.482
12186,6193.082
12187,6193.528
12188,6193.971
12189,6194.421
12190,6194.942
12191,6195.485
12192,6196.000
12193,6196.428
12194,6196.975
12195,6197.415
12196,6198.029
12197,6198.455
12198,6199.026
12199,6199.402
12200,6199.903
12201,6200.415
12202,6200.951
12203,6201.555
12204,6201.950
12205,6202.549
12206,6202.901
12207,6203.412
12208,6203.927
12209,6204.586
12210,6204.911
12211,6205.452
12212,6206.023
12213,6206.401
12214,6206.904
12215,6207.469
12216,6207.937
12217,6208.564
12218,6209.042
12219,6209.536
12220,6210.033
12221,6210.445
12222,6211.034
12223,6211.437
12224,6211.943
12225,6212.411
12226,6212.983
12227,6213.416
12228,6213.960
12229,6214.545
12230,6215.084
12231,6215.434
12232,6216.043
12233,6216.429
12234,6216.982
12235,6217.506
12236,6218.059
12237,6218.581
12238,6218.930
12239,6219.427
12240,6219.906
12241,6220.420
12242,6221.057
12243,6221.455
12244,6221.975
12245,6222.535
12246,6223.057
12247,6223.526
12248,6224.050
12249,6224.467
12250,6225.084
12251,6225.510
12252,6226.065
12253,6226.441
12254,6226.929
12255,6227.553
12256,6228.017
12257,6228.405
12258,6229.091
12259,6229.520
12260,6230.026
12261,6230.459
12262,6230.936
12263,6231.402
12264,6232.037
12265,6232.545
12266,6232.936
12267,6233.480
12268,6234.089
12269,6234.532
12270,6234.995
12271,6235.415
12272,6236.043
12273,6236.538
12274,6236.934
12275,6237.522
12276,6238.034
12277,6238.457
12278,6239.038
12279,6239.426
12280,6240.039
12281,6240.485
12282,6241.046
12283,6241.515
12284,6242.044
12285,6242.462
12286,6242.948
12287,6243.481
12288,6244.031
12289,6244.487
12290,6245.026
12291,6245.466
12292,6246.003
12293,6246.482
12294,6246.928
12295,6247.460
12296,6248.063
12297,6248.470
12298,6249.031
12299,6249.501
12300,6249.932
12301,6250.478
12302,6250.989
12303,6251.460
12304,6251.948
12305,6252.522
12306,6252.996
12307,6253.484
12308,6253.914
12309,6254.572
12310,6255.064
12311,6255.533
12312,6255.923
12313,6256.496
12314,6256.960
12315,6257.482
12316,6258.015
12317,6258.542
12318,6258.925
12319,6259.596
12320,6260.099
12321,6260.532
12322,6261.026
12323,6261.517
12324,6261.982
12325,6262.538
12326,6263.042
12327,6263.505
12328,6264.076
12329,6264.518
12330,6265.064
12331,6265.596
12332,6266.033
12333,6266.489
12334,6266.946
12335,6267.457
12336,6267.928
12337,6268.538
12338,6269.021
12339,6269.508
12340,6270.000
12341,6270.424
12342,6270.986
12343,6271.555
12344,6271.926
12345,6272.436
12346,6272.953
12347,6273.491
12348,6274.017
12349,6274.587
12350,6275.098
12351,6275.539
12352,6276.087
12353,6276.535
12354,6276.905
12355,6277.406
12356,6277.901
12357,6278.552
12358,6279.057
12359,6279.509
12360,6279.966
12361,6280.493
12362,6280.942
12363,6281.411
12364,6281.950
12365,6282.580
12366,6282.912
12367,6283.496
12368,6283.958
12369,6284.581
12370,6285.059
12371,6285.564
12372,6286.042
12373,6286.477
12374,6286.903
12375,6287.533
12376,6287.940
12377,6288.521
12378,6289.011
12379,6289.482
12380,6290.098
12381,6290.553
12382,6291.093
12383,6291.461
12384,6291.997
12385,6292.489
12386,6293.067
12387,6293.577
12388,6293.927
12389,6294.543
12390,6294.999
12391,6295.411
12392,6296.060
12393,6296.487
12394,6296.918
12395,6297.532
12396,6298.082
12397,6298.460
12398,6299.077
12399,6299.532
12400,6300.038
12401,6300.558
12402,6301.005
12403,6301.475
12404,6301.978
12405,6302.437
12406,6303.037
12407,6303.489
12408,6304.087
12409,6304.445
12410,6305.094
12411,6305.529
12412,6306.038
12413,6306.582
12414,6306.959
12415,6307.458
12416,6307.985
12417,6308.479
12418,6308.902
12419,6309.436
12420,6310.056
12421,6310.547
12422,6310.988
12423,6311.437
12424,6312.051
12425,6312.515
12426,6313.022
12427,6313.404
12428,6313.997
12429,6314.424
12430,6315.041
12431,6315.537
12432,6315.953
12433,6316.404
12434,6317.009
12435,6317.426
12436,6317.923
12437,6318.545
12438,6319.054
12439,6319.456
12440,6320.045
12441,6320.435
12442,6321.058
12443,6321.566
12444,6322.010
12445,6322.439
12446,6323.081
12447,6323.414
12448,6324.007
12449,6324.498
12450,6324.961
12451,6325.589
12452,6326.081
12453,6326.552
12454,6326.964
12455,6327.457
12456,6327.927
12457,6328.530
12458,6328.969
12459,6329.564
12460,6330.090
12461,6330.550
12462,6331.070
12463,6331.502
12464,6331.993
12465,6332.514
12466,6332.928
12467,6333.532
12468,6333.903
12469,6334.510
12470,6334.960
12471,6335.412
12472,6335.901
12473,6336.458
12474,6337.066
12475,6337.592
12476,6337.930
12477,6338.567
12478,6339.070
12479,6339.456
12480,6340.049
12481,6340.433
12482,6341.022
12483,6341.491
12484,6341.983
12485,6342.496
12486,6342.914
12487,6343.536
12488,6343.992
12489,6344.459
12490,6344.936
12491,6345.416
12492,6346.017
12493,6346.447
12494,6347.028
12495,6347.516
12496,6347.972
12497,6348.493
12498,6348.967
12499,6349.584
12500,6349.961
12501,6350.577
12502,6350.989
12503,6351.494
12504,6352.037
12505,6352.513
12506,6352.997
12507,6353.413
12508,6354.016
12509,6354.575
12510,6355.076
12511,6355.426
12512,6356.054
12513,6356.427
12514,6357.026
12515,6357.599
12516,6358.058
12517,6358.576
12518,6358.937
12519,6359.584
12520,6360.056
12521,6360.475
12522,6360.941
12523,6361.586
12524,6362.001
12525,6362.435
12526,6362.930
12527,6363.498
12528,6364.024
12529,6364.555
12530,6364.953
12531,6365.521
12532,6366.061
12533,6366.520
12534,6367.024
12535,6367.589
12536,6367.919
12537,6368.567
12538,6368.915
12539,6369.537
12540,6369.936
12541,6370.441
12542,6370.996
12543,6371.502
12544,6372.086
12545,6372.502
12546,6372.991
12547,6373.511
12548,6373.915
12549,6374.443
12550,6374.959
12551,6375.511
12552,6376.003
12553,6376.418
12554,6376.987
12555,6377.450
12556,6378.008
12557,6378.427
12558,6379.073
12559,6379.491
12560,6379.912
12561,6380.593
12562,6380.906
12563,6381.587
12564,6382.087
12565,6382.434
12566,6382.910
12567,6383.488
12568,6384.000
12569,6384.431
12570,6384.954
12571,6385.515
12572,6386.027
12573,6386.571
12574,6386.954
12575,6387.433
12576,6387.935
12577,6388.558
12578,6388.921
12579,6389.495
12580,6389.971
12581,6390.415
12582,6391.072
12583,6391.552
12584,6392.011
12585,6392.458
12586,6392.975
12587,6393.402
12588,6393.981
12589,6394.495
12590,6395.023
12591,6395.535
12592,6395.908
12593,6396.520
12594,6397.087
12595,6397.496
12596,6398.038
12597,6398.488
12598,6398.919
12599,6399.440
12600,6400.097
12601,6400.498
12602,6400.928
12603,6401.473
12604,6401.970
12605,6402.565
12606,6403.058
12607,6403.450
12608,6404.010
12609,6404.591
12610,6405.043
12611,6405.530
12612,6405.967
12613,6406.567
12614,6406.964
12615,6407.436
12616,6408.011
12617,6408.597
12618,6408.921
12619,6409.438
12620,6410.085
12621,6410.576
12622,6411.007
12623,6411.489
12624,6412.005
12625,6412.545
12626,6412.937
12627,6413.460
12628,6413.986
12629,6414.530
12630,6414.924
12631,6415.423
12632,6415.938
12633,6416.412
12634,6417.059
12635,6417.539
12636,6418.057
12637,6418.557
12638,6418.916
12639,6419.482
12640,6420.044
12641,6420.467
12642,6420.986
12643,6421.443
12644,6422.053
12645,6422.455
12646,6422.981
12647,6423.510
12648,6424.074
12649,6424.487
12650,6425.092
12651,6425.458
12652,6425.965
12653,6426.525
12654,6426.928
12655,6427.427
12656,6427.986
12657,6428.509
12658,6428.915
12659,6429.474
12660,6429.937
12661,6430.404
12662,6431.061
12663,6431.401
12664,6431.927
12665,6432.563
12666,6433.018
12667,6433.534
12668,6433.910
12669,6434.442
12670,6435.069
12671,6435.452
12672,6435.974
12673,6436.479
12674,6437.042
12675,6437.540
12676,6438.096
12677,6438.439
12678,6438.978
12679,6439.575
12680,6439.938
12681,6440.488
12682,6441.050
12683,6441.400
12684,6441.915
12685,6442.458
12686,6443.080
12687,6443.445
12688,6443.935
12689,6444.591
12690,6444.968
12691,6445.468
12692,6446.003
12693,6446.475
12694,6446.972
12695,6447.522
12696,6448.095
12697,6448.512
12698,6449.005
12699,6449.481
12700,6449.982
12701,6450.439
12702,6451.034
12703,6451.505
12704,6452.020
12705,6452.508
12706,6452.979
12707,6453.532
12708,6454.047
12709,6454.489
12710,6455.061
12711,6455.554
12712,6456.046
12713,6456.493
12714,6457.027
12715,6457.573
12716,6458.067
12717,6458.542
12718,6459.066
12719,6459.539
12720,6459.956
12721,6460.437
12722,6460.935
12723,6461.482
12724,6461.950
12725,6462.529
12726,6463.042
12727,6463.597
12728,6464.077
12729,6464.534
12730,6465.083
12731,6465.580
12732,6466.016
12733,6466.594
12734,6467.012
12735,6467.545
12736,6467.908
12737,6468.458
12738,6468.978
12739,6469.467
12740,6470.047
12741,6470.419
12742,6471.026
12743,6471.589
12744,6472.089
12745,6472.570
12746,6473.053
12747,6473.493
12748,6473.915
12749,6474.490
12750,6474.990
12751,6475.507
12752,6475.923
12753,6476.511
12754,6477.092
12755,6477.598
12756,6477.948
12757,6478.404
12758,6479.020
12759,6479.594
12760,6479.920
12761,6480.593
12762,6480.903
12763,6481.554
12764,6482.009
12765,6482.456
12766,6482.902
12767,6483.572
12768,6484.099
12769,6484.471
12770,6484.997
12771,6485.576
12772,6485.965
12773,6486.448
12774,6486.999
12775,6487.472
12776,6488.004
12777,6488.518
12778,6488.956
12779,6489.561
12780,6489.918
12781,6490.480
12782,6491.062
12783,6491.522
12784,6492.060
12785,6492.595
12786,6492.920
12787,6493.402
12788,6493.987
12789,6494.598
12790,6494.944
12791,6495.503
12792,6496.082
12793,6496.439
12794,6496.952
12795,6497.518
12796,6497.976
12797,6498.416
12798,6498.988
12799,6499.460
12800,6500.002
12801,6500.514
12802,6500.913
12803,6501.429
12804,6502.076
12805,6502.550
12806,6503.089
12807,6503.512
12808,6504.079
12809,6504.473
12810,6504.970
12811,6505.466
12812,6505.921
12813,6506.408
12814,6507.080
12815,6507.450
12816,6507.962
12817,6508.515
12818,6509.059
12819,6509.498
12820,6510.001
12821,6510.558
12822,6510.964
12823,6511.564
12824,6511.949
12825,6512.501
12826,6512.993
12827,6513.442
12828,6514.070
12829,6514.591
12830,6514.944
12831,6515.546
12832,6515.943
12833,6516.411
12834,6517.047
12835,6517.463
12836,6518.013
12837,6518.467
12838,6519.074
12839,6519.487
12840,6519.961
12841,6520.594
12842,6521.054
12843,6521.544
12844,6522.072
12845,6522.556
12846,6523.074
12847,6523.592
12848,6523.980
12849,6524.539
12850,6525.054
12851,6525.426
12852,6526.002
12853,6526.427
12854,6526.988
12855,6527.478
12856,6527.980
12857,6528.419
12858,6529.079
12859,6529.575
12860,6530.042
12861,6530.556
12862,6530.911
12863,6531.589
12864,6531.940
12865,6532.533
12866,6532.905
12867,6533.454
12868,6533.945
12869,6534.588
12870,6535.086
12871,6535.564
12872,6535.917
12873,6536.515
12874,6536.985
12875,6537.425
12876,6538.019
12877,6538.592
12878,6538.967
12879,6539.539
12880,6540.062
12881,6540.509
12882,6540.972
12883,6541.446
12884,6541.933
12885,6542.447
12886,6542.971
12887,6543.523
12888,6544.032
12889,6544.415
12890,6544.980
12891,6545.596
12892,6546.035
12893,6546.526
12894,6547.054
12895,6547.455
12896,6547.971
12897,6548.453
12898,6549.034
12899,6549.557
12900,6550.025
12901,6550.486
12902,6551.015
12903,6551.534
12904,6551.980
12905,6552.448
12906,6553.038
12907,6553.415
12908,6554.074
12909,6554.437
12910,6554.905
12911,6555.519
12912,6556.032
12913,6556.452
12914,6557.092
12915,6557.458
12916,6557.923
12917,6558.599
12918,6559.062
12919,6559.542
12920,6560.072
12921,6560.488
12922,6561.041
12923,6561.591
12924,6562.016
12925,6562.462
12926,6563.042
12927,6563.519
12928,6564.071
12929,6564.546
12930,6565.093
12931,6565.560
12932,6566.006
12933,6566.522
12934,6566.910
12935,6567.600
12936,6568.040
12937,6568.547
12938,6568.911
12939,6569.585
12940,6569.980
12941,6570.445
12942,6571.046
12943,6571.497
12944,6572.022
12945,6572.542
12946,6572.942
12947,6573.484
12948,6574.033
12949,6574.469
12950,6574.910
12951,6575.467
12952,6575.961
12953,6576.450
12954,6576.971
12955,6577.445
12956,6577.936
12957,6578.522
12958,6579.093
12959,6579.469
12960,6580.017
12961,6580.490
12962,6581.073
12963,6581.532
12964,6582.010
12965,6582.554
12966,6583.028
12967,6583.485
12968,6584.025
12969,6584.483
12970,6585.076
12971,6585.482
12972,6586.051
12973,6586.552
12974,6587.089
12975,6587.402
12976,6587.904
12977,6588.589
12978,6589.023
12979,6589.525
12980,6589.965
12981,6590.533
12982,6590.974
12983,6591.597
12984,6592.034
12985,6592.588
12986,6593.030
12987,6593.585
12988,6594.082
12989,6594.598
12990,6594.987
12991,6595.538
12992,6595.901
12993,6596.563
12994,6597.064
12995,6597.444
12996,6597.970
12997,6598.559
12998,6598.936
12999,6599.451
13000,6599.947
13001,6600.414
13002,6601.011
13003,6601.558
13004,6602.018
13005,6602.449
13006,6602.907
13007,6603.547
13008,6604.047
13009,6604.411
13010,6605.084
13011,6605.434
13012,6606.043
13013,6606.476
13014,6607.082
13015,6607.554
13016,6608.088
13017,6608.570
13018,6608.983
13019,6609.530
13020,6610.016
13021,6610.507
13022,6610.942
13023,6611.425
13024,6612.034
13025,6612.465
13026,6612.909
13027,6613.424
13028,6614.026
13029,6614.523
13030,6614.969
13031,6615.526
13032,6616.062
13033,6616.501
13034,6616.992
13035,6617.558
13036,6617.910
13037,6618.525
13038,6619.012
13039,6619.420
13040,6620.006
13041,6620.499
13042,6621.075
13043,6621.592
13044,6622.043
13045,6622.528
13046,6623.075
13047,6623.411
13048,6624.000
13049,6624.494
13050,6624.913
13051,6625.424
13052,6625.923
13053,6626.550
13054,6626.968
13055,6627.411
13056,6627.989
13057,6628.490
13058,6629.010
13059,6629.471
13060,6629.946
13061,6630.467
13062,6631.059
13063,6631.492
13064,6631.984
13065,6632.490
13066,6633.002
13067,6633.488
13068,6633.978
13069,6634.561
13070,6634.981
13071,6635.436
13072,6636.094
13073,6636.477
13074,6636.994
13075,6637.503
13076,6638.007
13077,6638.528
13078,6639.022
13079,6639.502
13080,6640.037
13081,6640.492
13082,6640.980
13083,6641.497
13084,6642.082
13085,6642.524
13086,6642.956
13087,6643.431
13088,6644.013
13089,6644.470
13090,6644.911
13091,6645.520
13092,6646.065
13093,6646.444
13094,6646.997
13095,6647.451
13096,6648.050
13097,6648.531
13098,6648.931
13099,6649.508
13100,6650.034
13101,6650.583
13102,6651.088
13103,6651.486
13104,6652.090
13105,6652.454
13106,6653.098
13107,6653.585
13108,6654.056
13109,6654.580
13110,6654.943
13111,6655.583
13112,6655.920
13113,6656.547
13114,6656.939
13115,6657.526
13116,6658.009
13117,6658.465
13118,6658.949
13119,6659.419
13120,6659.983
13121,6660.477
13122,6660.961
13123,6661.435
13124,6662.009
13125,6662.411
13126,6663.089
13127,6663.422
13128,6663.980
13129,6664.553
13130,6665.038
13131,6665.472
13132,6665.906
13133,6666.597
13134,6667.028
13135,6667.585
13136,6668.023
13137,6668.447
13138,6669.079
13139,6669.473
13140,6670.088
13141,6670.407
13142,6670.998
13143,6671.415
13144,6671.900
13145,6672.500
13146,6672.917
13147,6673.515
13148,6674.074
13149,6674.593
13150,6674.914
13151,6675.428
13152,6675.965
13153,6676.490
13154,6677.075
13155,6677.580
13156,6677.950
13157,6678.492
13158,6679.019
13159,6679.565
13160,6679.970
13161,6680.588
13162,6681.097
13163,6681.575
13164,6682.037
13165,6682.475
13166,6682.976
13167,6683.416
13168,6684.091
13169,6684.566
13170,6684.964
13171,6685.493
13172,6685.914
13173,6686.449
13174,6687.096
13175,6687.599
13176,6688.019
13177,6688.591
13178,6689.004
13179,6689.544
13180,6689.932
13181,6690.532
13182,6691.001
13183,6691.440
13184,6691.917
13185,6692.423
13186,6692.919
13187,6693.558
13188,6694.038
13189,6694.582
13190,6694.926
13191,6695.520
13192,6696.061
13193,6696.496
13194,6696.945
13195,6697.453
13196,6698.062
13197,6698.477
13198,6698.969
13199,6699.558
13200,6700.088
13201,6700.498
13202,6700.919
13203,6701.478
13204,6702.094
13205,6702.431
13206,6703.014
13207,6703.435
13208,6703.926
13209,6704.446
13210,6705.085
13211,6705.404
13212,6706.059
13213,6706.429
13214,6706.935
13215,6707.586
13216,6708.012
13217,6708.521
13218,6708.999
13219,6709.436
13220,6710.098
13221,6710.545
13222,6711.029
13223,6711.563
13224,6712.088
13225,6712.577
13226,6713.044
13227,6713.572
13228,6713.965
13229,6714.478
13230,6715.045
13231,6715.586
13232,6715.954
13233,6716.483
13234,6717.033
13235,6717.442
13236,6717.931
13237,6718.474
13238,6718.989
13239,6719.487
13240,6720.066
13241,6720.502
13242,6720.936
13243,6721.460
13244,6722.092
13245,6722.522
13246,6723.055
13247,6723.487
13248,6724.039
13249,6724.495
13250,6725.067
13251,6725.426
13252,6726.033
13253,6726.568
13254,6727.100
13255,6727.554
13256,6728.045
13257,6728.550
13258,6728.966
13259,6729.407
13260,6730.078
13261,6730.464
13262,6730.991
13263,6731.480
13264,6731.979
13265,6732.443
13266,6733.018
13267,6733.481
13268,6734.093
13269,6734.465
13270,6735.098
13271,6735.563
13272,6736.053
13273,6736.508
13274,6736.930
13275,6737.577
13276,6737.979
13277,6738.436
13278,6738.928
13279,6739.412
13280,6739.991
13281,6740.593
13282,6740.910
13283,6741.444
13284,6742.040
13285,6742.580
13286,6743.048
13287,6743.487
13288,6743.917
13289,6744.585
13290,6744.917
13291,6745.481
13292,6745.959
13293,6746.499
13294,6746.920
13295,6747.599
13296,6748.020
13297,6748.449
13298,6749.054
13299,6749.461
13300,6749.910
13301,6750.499
13302,6750.959
13303,6751.516
13304,6751.995
13305,6752.562
13306,6752.932
13307,6753.495
13308,6753.903
13309,6754.436
13310,6754.964
13311,6755.486
13312,6755.989
13313,6756.571
13314,6756.952
13315,6757.526
13316,6758.092
13317,6758.543
13318,6759.092
13319,6759.405
13320,6760.001
13321,6760.419
13322,6760.977
13323,6761.568
13324,6761.990
13325,6762.443
13326,6763.037
13327,6763.563
13328,6763.959
13329,6764.546
13330,6765.066
13331,6765.474
13332,6765.918
13333,6766.584
13334,6767.009
13335,6767.436
13336,6768.012
13337,6768.573
13338,6769.032
13339,6769.449
13340,6769.993
13341,6770.447
13342,6770.902
13343,6771.481
13344,6771.939
13345,6772.536
13346,6773.038
13347,6773.442
13348,6774.029
13349,6774.518
13350,6774.920
13351,6775.563
13352,6776.058
13353,6776.413
13354,6776.992
13355,6777.475
13356,6777.987
13357,6778.548
13358,6778.992
13359,6779.509
13360,6780.019
13361,6780.445
13362,6780.944
13363,6781.494
13364,6782.028
13365,6782.451
13366,6783.064
13367,6783.401
13368,6783.978
13369,6784.564
13370,6785.066
13371,6785.462
13372,6785.949
13373,6786.513
13374,6786.987
13375,6787.471
13376,6787.966
13377,6788.493
13378,6788.968
13379,6789.520
13380,6790.006
13381,6790.413
13382,6790.964
13383,6791.526
13384,6791.943
13385,6792.564
13386,6793.055
13387,6793.540
13388,6793.974
13389,6794.556
13390,6794.905
13391,6795.485
13392,6796.066
13393,6796.496
13394,6797.026
13395,6797.461
13396,6797.923
13397,6798.475
13398,6799.021
13399,6799.441
13400,6799.937
13401,6800.538
13402,6801.097
13403,6801.445
13404,6802.016
13405,6802.554
13406,6803.022
13407,6803.544
13408,6804.084
13409,6804.545
13410,6805.084
13411,6805.462
13412,6805.962
13413,6806.507
13414,6807.021
13415,6807.500
13416,6807.997
13417,6808.498
13418,6809.037
13419,6809.527
13420,6809.944
13421,6810.469
13422,6810.940
13423,6811.584
13424,6811.912
13425,6812.598
13426,6813.062
13427,6813.554
13428,6813.983
13429,6814.565
13430,6815.044
13431,6815.551
13432,6815.989
13433,6816.463
13434,6816.918
13435,6817.436
13436,6817.970
13437,6818.441
13438,6818.970
13439,6819.421
13440,6820.016
13441,6820.415
13442,6821.056
13443,6821.517
13444,6821.915
13445,6822.557
13446,6823.017
13447,6823.467
13448,6823.934
13449,6824.522
13450,6824.943
13451,6825.589
13452,6826.004
13453,6826.511
13454,6826.926
13455,6827.411
13456,6828.034
13457,6828.448
13458,6828.993
13459,6829.491
13460,6830.058
13461,6830.512
13462,6831.099
13463,6831.550
13464,6832.094
13465,6832.525
13466,6833.084
13467,6833.510
13468,6834.017
13469,6834.424
13470,6835.029
13471,6835.478
13472,6836.022
13473,6836.555
13474,6837.078
13475,6837.591
13476,6837.925
13477,6838.436
13478,6839.031
13479,6839.496
13480,6839.951
13481,6840.459
13482,6840.947
13483,6841.407
13484,6842.063
13485,6842.472
13486,6843.063
13487,6843.499
13488,6844.007
13489,6844.539
13490,6844.998
13491,6845.421
13492,6845.914
13493,6846.575
13494,6846.949
13495,6847.577
13496,6848.017
13497,6848.582
13498,6849.094
13499,6849.491
13500,6850.062
13501,6850.461
13502,6851.091
13503,6851.541
13504,6852.002
13505,6852.462
13506,6853.098
13507,6853.565
13508,6854.026
13509,6854.495
13510,6855.058
13511,6855.499
13512,6855.939
13513,6856.478
13514,6856.968
13515,6857.489
13516,6858.077
13517,6858.527
13518,6859.024
13519,6859.553
13520,6859.913
13521,6860.434
13522,6860.962
13523,6861.460
13524,6861.988
13525,6862.415
13526,6862.969
13527,6863.569
13528,6864.029
13529,6864.556
13530,6865.062
13531,6865.441
13532,6865.906
13533,6866.529
13534,6867.098
13535,6867.401
13536,6868.082
13537,6868.566
13538,6868.982
13539,6869.421
13540,6870.079
13541,6870.548
13542,6871.002
13543,6871.400
13544,6871.905
13545,6872.529
13546,6872.948
13547,6873.518
13548,6874.079
13549,6874.461
13550,6874.917
13551,6875.536
13552,6876.032
13553,6876.502
13554,6877.020
13555,6877.527
13556,6878.003
13557,6878.448
13558,6879.041
13559,6879.456
13560,6879.918
13561,6880.483
13562,6881.083
13563,6881.464
13564,6882.043
13565,6882.561
13566,6883.040
13567,6883.413
13568,6884.041
13569,6884.447
13570,6885.055
13571,6885.574
13572,6885.945
13573,6886.444
13574,6886.980
13575,6887.527
13576,6887.904
13577,6888.455
13578,6888.924
13579,6889.506
13580,6890.047
13581,6890.523
13582,6890.960
13583,6891.438
13584,6891.936
13585,6892.477
13586,6892.940
13587,6893.454
13588,6894.075
13589,6894.491
13590,6895.086
13591,6895.466
13592,6895.985
13593,6896.546
13594,6896.957
13595,6897.459
13596,6898.018
13597,6898.405
13598,6899.027
13599,6899.542
13600,6900.092
13601,6900.590
13602,6900.966
13603,6901.496
13604,6901.971
13605,6902.521
13606,6903.039
13607,6903.402
13608,6904.027
13609,6904.545
13610,6905.099
13611,6905.568
13612,6906.041
13613,6906.440
13614,6907.095
13615,6907.424
13616,6908.061
13617,6908.568
13618,6909.092
13619,6909.443
13620,6910.083
13621,6910.589
13622,6911.010
13623,6911.470
13624,6912.095
13625,6912.549
13626,6912.914
13627,6913.582
13628,6913.915
13629,6914.572
13630,6915.024
13631,6915.518
13632,6916.058
13633,6916.466
13634,6917.039
13635,6917.479
13636,6917.947
13637,6918.433
13638,6919.091
13639,6919.589
13640,6919.946
13641,6920.594
13642,6921.087
13643,6921.407
13644,6921.937
13645,6922.497
13646,6923.043
13647,6923.591
13648,6923.905
13649,6924.540
13650,6924.946
13651,6925.421
13652,6926.011
13653,6926.550
13654,6926.928
13655,6927.554
13656,6928.020
13657,6928.480
13658,6928.949
13659,6929.445
13660,6929.950
13661,6930.528
13662,6931.073
13663,6931.499
13664,6931.914
13665,6932.515
13666,6933.049
13667,6933.496
13668,6934.019
13669,6934.561
13670,6934.902
13671,6935.470
13672,6935.978
13673,6936.461
13674,6936.977
13675,6937.556
13676,6938.010
13677,6938.590
13678,6939.030
13679,6939.459
13680,6939.967
13681,6940.469
13682,6940.907
13683,6941.523
13684,6942.055
13685,6942.564
13686,6943.022
13687,6943.450
13688,6943.979
13689,6944.512
13690,6945.054
13691,6945.403
13692,6945.940
13693,6946.496
13694,6947.059
13695,6947.447
13696,6948.082
13697,6948.489
13698,6948.987
13699,6949.414
13700,6950.096
13701,6950.435
13702,6950.913
13703,6951.558
13704,6951.935
13705,6952.447
13706,6953.067
13707,6953.595
13708,6953.903
13709,6954.520
13710,6954.955
13711,6955.506
13712,6956.047
13713,6956.557
13714,6957.045
13715,6957.533
13716,6958.099
13717,6958.421
13718,6959.032
13719,6959.585
13720,6960.013
13721,6960.470
13722,6961.020
13723,6961.564
13724,6961.901
13725,6962.473
13726,6963.084
13727,6963.559
13728,6964.070
13729,6964.432
13730,6964.909
13731,6965.427
13732,6966.075
13733,6966.510
13734,6967.006
13735,6967.450
13736,6968.099
13737,6968.492
13738,6969.061
13739,6969.427
13740,6970.095
13741,6970.450
13742,6970.904
13743,6971.415
13744,6972.011
13745,6972.416
13746,6972.997
13747,6973.449
13748,6974.045
13749,6974.540
13750,6974.962
13751,6975.565
13752,6976.013
13753,6976.555
13754,6976.974
13755,6977.442
13756,6977.994
13757,6978.466
13758,6979.074
13759,6979.404
13760,6980.019
13761,6980.550
13762,6981.070
13763,6981.461
13764,6982.094
13765,6982.494
13766,6982.935
13767,6983.481
13768,6983.966
13769,6984.498
13770,6985.010
13771,6985.564
13772,6985.994
13773,6986.477
13774,6987.039
13775,6987.598
13776,6987.928
13777,6988.496
13778,6988.927
13779,6989.490
13780,6989.968
13781,6990.593
13782,6991.072
13783,6991.463
13784,6991.907
13785,6992.426
13786,6992.990
13787,6993.542
13788,6993.940
13789,6994.448
13790,6995.094
13791,6995.420
13792,6996.009
13793,6996.571
13794,6997.060
13795,6997.523
13796,6997.988
13797,6998.434
13798,6998.943
13799,6999.481
13800,7000.034
13801,7000.590
13802,7001.036
13803,7001.594
13804,7001.963
13805,7002.469
13806,7002.914
13807,7003.582
13808,7004.099
13809,7004.527
13810,7004.964
13811,7005.422
13812,7005.955
13813,7006.424
13814,7006.921
13815,7007.502
13816,7007.909
13817,7008.597
13818,7008.921
13819,7009.439
13820,7010.053
13821,7010.405
13822,7010.949
13823,7011.553
13824,7012.081
13825,7012.590
13826,7013.087
13827,7013.542
13828,7014.086
13829,7014.549
13830,7015.017
13831,7015.488
13832,7016.051
13833,7016.511
13834,7017.070
13835,7017.437
13836,7017.936
13837,7018.493
13838,7019.076
13839,7019.555
13840,7019.978
13841,7020.589
13842,7021.023
13843,7021.600
13844,7021.933
13845,7022.593
13846,7022.960
13847,7023.442
13848,7024.051
13849,7024.474
13850,7024.911
13851,7025.524
13852,7025.960
13853,7026.450
13854,7027.095
13855,7027.517
13856,7028.098
13857,7028.595
13858,7028.987
13859,7029.446
13860,7030.069
13861,7030.586
13862,7031.055
13863,7031.405
13864,7031.988
13865,7032.592
13866,7033.051
13867,7033.526
13868,7034.044
13869,7034.477
13870,7034.931
13871,7035.450
13872,7036.004
13873,7036.466
13874,7037.023
13875,7037.516
13876,7038.059
13877,7038.504
13878,7038.967
13879,7039.444
13880,7040.014
13881,7040.558
13882,7040.987
13883,7041.588
13884,7041.977
13885,7042.422
13886,7042.967
13887,7043.599
13888,7043.991
13889,7044.549
13890,7045.082
13891,7045.518
13892,7045.963
13893,7046.429
13894,7047.082
13895,7047.444
13896,7048.024
13897,7048.414
13898,7049.072
13899,7049.469
13900,7049.977
13901,7050.443
13902,7050.905
13903,7051.406
13904,7051.935
13905,7052.437
13906,7053.090
13907,7053.574
13908,7054.040
13909,7054.418
13910,7054.960
13911,7055.532
13912,7056.018
13913,7056.571
13914,7056.970
13915,7057.493
13916,7058.050
13917,7058.429
13918,7058.908
13919,7059.449
13920,7060.079
13921,7060.426
13922,7061.096
13923,7061.554
13924,7062.036
13925,7062.519
13926,7062.960
13927,7063.479
13928,7064.075
13929,7064.548
13930,7065.032
13931,7065.434
13932,7066.003
13933,7066.470
13934,7066.967
13935,7067.589
13936,7068.059
13937,7068.589
13938,7069.077
13939,7069.578
13940,7070.075
13941,7070.507
13942,7071.082
13943,7071.518
13944,7071.917
13945,7072.582
13946,7072.930
13947,7073.408
13948,7073.987
13949,7074.458
13950,7075.097
13951,7075.534
13952,7076.064
13953,7076.525
13954,7076.908
13955,7077.579
13956,7078.074
13957,7078.458
13958,7079.079
13959,7079.436
13960,7079.905
13961,7080.442
13962,7081.022
13963,7081.414
13964,7082.017
13965,7082.593
13966,7083.043
13967,7083.405
13968,7083.993
13969,7084.423
13970,7084.926
13971,7085.473
13972,7085.901
13973,7086.517
13974,7087.036
13975,7087.597
13976,7088.086
13977,7088.510
13978,7089.038
13979,7089.482
13980,7089.918
13981,7090.575
13982,7090.933
13983,7091.586
13984,7092.043
13985,7092.477
13986,7092.913
13987,7093.406
13988,7094.035
13989,7094.439
13990,7095.032
13991,7095.595
13992,7095.927
13993,7096.410
13994,7097.028
13995,7097.442
13996,7098.033
13997,7098.438
13998,7099.061
13999,7099.478
14000,7100.012
14001,7100.516
14002,7100.948
14003,7101.499
14004,7102.003
14005,7102.594
14006,7102.900
14007,7103.522
14008,7104.028
14009,7104.462
14010,7105.012
14011,7105.489
14012,7105.905
14013,7106.529
14014,7107.082
14015,7107.564
14016,7108.047
14017,7108.580
14018,7108.913
14019,7109.406
14020,7110.089
14021,7110.568
14022,7110.944
14023,7111.501
14024,7112.019
14025,7112.590
14026,7112.999
14027,7113.459
14028,7114.059
14029,7114.593
14030,7114.998
14031,7115.588
14032,7115.900
14033,7116.499
14034,7117.058
14035,7117.514
14036,7118.011
14037,7118.418
14038,7118.900
14039,7119.410
14040,7119.978
14041,7120.403
14042,7121.033
14043,7121.477
14044,7121.931
14045,7122.493
14046,7123.059
14047,7123.593
14048,7124.028
14049,7124.538
14050,7125.067
14051,7125.516
14052,7125.983
14053,7126.531
14054,7127.018
14055,7127.593
14056,7128.012
14057,7128.598
14058,7128.955
14059,7129.570
14060,7129.919
14061,7130.520
14062,7131.029
14063,7131.486
14064,7131.923
14065,7132.544
14066,7132.917
14067,7133.400
14068,7134.015
14069,7134.596
14070,7134.955
14071,7135.405
14072,7135.921
14073,7136.440
14074,7136.918
14075,7137.410
14076,7137.969
14077,7138.479
14078,7139.045
14079,7139.468
14080,7140.016
14081,7140.433
14082,7141.042
14083,7141.501
14084,7141.905
14085,7142.587
14086,7142.973
14087,7143.495
14088,7143.928
14089,7144.527
14090,7145.015
14091,7145.504
14092,7145.986
14093,7146.565
14094,7147.016
14095,7147.421
14096,7147.918
14097,7148.589
14098,7149.006
14099,7149.593
14100,7150.099
14101,7150.542
14102,7151.023
14103,7151.482
14104,7151.976
14105,7152.422
14106,7153.045
14107,7153.528
14108,7154.096
14109,7154.583
14110,7154.915
14111,7155.445
14112,7156.044
14113,7156.430
14114,7157.051
14115,7157.421
14116,7158.050
14117,7158.504
14118,7158.969
14119,7159.473
14120,7160.017
14121,7160.436
14122,7161.093
14123,7161.407
14124,7162.048
14125,7162.573
14126,7163.029
14127,7163.520
14128,7164.032
14129,7164.453
14130,7164.926
14131,7165.404
14132,7165.913
14133,7166.550
14134,7166.996
14135,7167.574
14136,7168.074
14137,7168.505
14138,7169.036
14139,7169.544
14140,7169.904
14141,7170.568
14142,7170.976
14143,7171.523
14144,7171.945
14145,7172.485
14146,7172.919
14147,7173.503
14148,7173.952
14149,7174.551
14150,7174.918
14151,7175.538
14152,7176.019
14153,7176.523
14154,7177.019
14155,7177.569
14156,7177.930
14157,7178.467
14158,7179.026
14159,7179.419
14160,7180.051
14161,7180.400
14162,7181.020
14163,7181.436
14164,7181.920
14165,7182.466
14166,7182.913
14167,7183.468
14168,7184.035
14169,7184.433
14170,7184.997
14171,7185.494
14172,7185.937
14173,7186.534
14174,7187.086
14175,7187.440
14176,7188.051
14177,7188.443
14178,7188.968
14179,7189.464
14180,7190.058
14181,7190.485
14182,7190.970
14183,7191.550
14184,7192.018
14185,7192.570
14186,7193.089
14187,7193.445
14188,7194.052
14189,7194.543
14190,7195.008
14191,7195.455
14192,7195.996
14193,7196.569
14194,7196.980
14195,7197.549
14196,7197.954
14197,7198.533
14198,7199.016
14199,7199.441
14200,7200.057
14201,7200.504
14202,7201.064
14203,7201.489
14204,7201.986
14205,7202.405
14206,7202.988
14207,7203.542
14208,7203.925
14209,7204.594
14210,7205.067
14211,7205.592
14212,7205.909
14213,7206.437
14214,7207.026
14215,7207.466
14216,7208.004
14217,7208.575
14218,7208.901
14219,7209.496
14220,7209.910
14221,7210.488
14222,7210.987
14223,7211.566
14224,7212.076
14225,7212.420
14226,7213.041
14227,7213.442
14228,7213.987
14229,7214.568
14230,7214.967
14231,7215.439
14232,7216.026
14233,7216.453
14234,7216.971
14235,7217.516
14236,7218.048
14237,7218.546
14238,7218.922
14239,7219.582
14240,7220.017
14241,7220.489
14242,7221.019
14243,7221.524
14244,7221.948
14245,7222.426
14246,7223.031
14247,7223.575
14248,7223.999
14249,7224.467
14250,7225.082
14251,7225.481
14252,7226.090
14253,7226.420
14254,7227.027
14255,7227.555
14256,7227.988
14257,7228.495
14258,7228.925
14259,7229.573
14260,7229.956
14261,7230.575
14262,7231.100
14263,7231.402
14264,7232.048
14265,7232.591
14266,7233.004
14267,7233.405
14268,7233.959
14269,7234.597
14270,7234.954
14271,7235.411
14272,7235.973
14273,7236.586
14274,7237.039
14275,7237.478
14276,7237.927
14277,7238.507
14278,7239.099
14279,7239.566
14280,7240.067
14281,7240.574
14282,7241.005
14283,7241.514
14284,7241.970
14285,7242.407
14286,7243.061
14287,7243.427
14288,7244.044
14289,7244.520
14290,7244.997
14291,7245.586
14292,7245.965
14293,7246.556
14294,7246.978
14295,7247.479
14296,7248.022
14297,7248.489
14298,7248.932
14299,7249.506
14300,7249.931
14301,7250.548
14302,7250.965
14303,7251.578
14304,7251.978
14305,7252.493
14306,7252.933
14307,7253.598
14308,7254.099
14309,7254.510
14310,7254.904
14311,7255.545
14312,7256.053
14313,7256.577
14314,7257.072
14315,7257.401
14316,7257.959
14317,7258.482
14318,7258.959
14319,7259.473
14320,7259.991
14321,7260.599
14322,7261.083
14323,7261.463
14324,7261.963
14325,7262.557
14326,7262.991
14327,7263.586
14328,7263.912
14329,7264.594
14330,7265.050
14331,7265.438
14332,7265.950
14333,7266.498
14334,7267.076
14335,7267.555
14336,7268.095
14337,7268.567
14338,7268.958
14339,7269.416
14340,7269.951
14341,7270.564
14342,7270.920
14343,7271.470
14344,7272.077
14345,7272.503
14346,7272.921
14347,7273.596
14348,7274.058
14349,7274.444
14350,7275.059
14351,7275.541
14352,7275.951
14353,7276.519
14354,7276.968
14355,7277.568
14356,7277.988
14357,7278.524
14358,7279.064
14359,7279.402
14360,7279.925
14361,7280.566
14362,7280.985
14363,7281.522
14364,7282.041
14365,7282.405
14366,7283.027
14367,7283.559
14368,7284.007
14369,7284.575
14370,7285.084
14371,7285.454
14372,7286.064
14373,7286.495
14374,7286.977
14375,7287.527
14376,7288.064
14377,7288.492
14378,7288.960
14379,7289.418
14380,7289.945
14381,7290.402
14382,7291.066
14383,7291.460
14384,7291.996
14385,7292.541
14386,7292.972
14387,7293.600
14388,7293.948
14389,7294.592
14390,7295.067
14391,7295.504
14392,7296.070
14393,7296.543
14394,7297.045
14395,7297.539
14396,7298.026
14397,7298.511
14398,7299.010
14399,7299.434
14400,7299.992
14401,7300.506
14402,7301.083
14403,7301.520
14404,7301.913
14405,7302.526
14406,7302.950
14407,7303.491
14408,7303.981
14409,7304.569
14410,7304.932
14411,7305.519
14412,7306.013
14413,7306.461
14414,7307.026
14415,7307.538
14416,7307.913
14417,7308.471
14418,7308.909
14419,7309.408
14420,7309.903
14421,7310.599
14422,7310.908
14423,7311.507
14424,7311.913
14425,7312.500
14426,7312.937
14427,7313.543
14428,7313.953
14429,7314.486
14430,7314.901
14431,7315.419
14432,7316.072
14433,7316.576
14434,7316.956
14435,7317.584
14436,7318.011
14437,7318.493
14438,7318.935
14439,7319.430
14440,7319.988
14441,7320.579
14442,7320.919
14443,7321.538
14444,7321.957
14445,7322.489
14446,7322.960
14447,7323.563
14448,7324.084
14449,7324.560
14450,7325.073
14451,7325.536
14452,7326.036
14453,7326.433
14454,7326.942
14455,7327.533
14456,7328.090
14457,7328.567
14458,7329.055
14459,7329.438
14460,7329.905
14461,7330.591
14462,7331.096
14463,7331.498
14464,7331.907
14465,7332.534
14466,7333.045
14467,7333.430
14468,7334.052
14469,7334.492
14470,7334.953
14471,7335.586
14472,7336.025
14473,7336.470
14474,7337.066
14475,7337.504
14476,7338.091
14477,7338.531
14478,7339.083
14479,7339.473
14480,7339.911
14481,7340.401
14482,7341.053
14483,7341.595
14484,7342.095
14485,7342.529
14486,7343.080
14487,7343.481
14488,7344.078
14489,7344.404
14490,7345.019
14491,7345.584
14492,7346.053
14493,7346.400
14494,7346.953
14495,7347.417
14496,7348.090
14497,7348.535
14498,7348.989
14499,7349.527
14500,7350.043
14501,7350.476
14502,7350.929
14503,7351.554
14504,7352.091
14505,7352.579
14506,7352.927
14507,7353.525
14508,7353.944
14509,7354.427
14510,7354.973
14511,7355.500
14512,7355.947
14513,7356.530
14514,7357.004
14515,7357.586
14516,7358.016
14517,7358.495
14518,7359.041
14519,7359.532
14520,7360.044
14521,7360.462
14522,7361.028
14523,7361.453
14524,7362.073
14525,7362.587
14526,7362.913
14527,7363.475
14528,7364.066
14529,7364.562
14530,7364.969
14531,7365.435
14532,7365.925
14533,7366.537
14534,7366.913
14535,7367.593
14536,7367.954
14537,7368.576
14538,7369.058
14539,7369.546
14540,7369.938
14541,7370.512
14542,7370.954
14543,7371.473
14544,7371.909
14545,7372.466
14546,7372.942
14547,7373.594
14548,7373.909
14549,7374.443
14550,7374.905
14551,7375.466
14552,7375.923
14553,7376.449
14554,7377.002
14555,7377.500
14556,7378.060
14557,7378.589
14558,7379.018
14559,7379.508
14560,7380.024
14561,7380.444
14562,7381.075
14563,7381.479
14564,7382.059
14565,7382.576
14566,7383.097
14567,7383.570
14568,7383.941
14569,7384.477
14570,7385.078
14571,7385.572
14572,7386.005
14573,7386.408
14574,7387.084
14575,7387.449
14576,7387.981
14577,7388.550
14578,7388.960
14579,7389.551
14580,7389.920
14581,7390.509
14582,7391.033
14583,7391.560
14584,7391.948
14585,7392.428
14586,7392.923
14587,7393.448
14588,7393.919
14589,7394.526
14590,7394.915
14591,7395.416
14592,7395.952
14593,7396.416
14594,7397.059
14595,7397.475
14596,7398.080
14597,7398.535
14598,7399.042
14599,7399.588
14600,7400.058
14601,7400.525
14602,7401.029
14603,7401.502
14604,7402.097
14605,7402.599
14606,7402.926
14607,7403.568
14608,7403.983
14609,7404.576
14610,7405.023
14611,7405.558
14612,7405.943
14613,7406.485
14614,7406.906
14615,7407.573
14616,7407.980
14617,7408.502
14618,7409.017
14619,7409.403
14620,7409.906
14621,7410.548
14622,7411.027
14623,7411.438
14624,7412.021
14625,7412.499
14626,7413.090
14627,7413.435
14628,7414.047
14629,7414.515
14630,7415.065
14631,7415.451
14632,7415.926
14633,7416.492
14634,7416.902
14635,7417.587
14636,7418.052
14637,7418.467
14638,7419.052
14639,7419.448
14640,7419.909
14641,7420.461
14642,7421.055
14643,7421.490
14644,7421.955
14645,7422.537
14646,7422.945
14647,7423.497
14648,7424.078
14649,7424.426
14650,7425.007
14651,7425.434
14652,7425.933
14653,7426.422
14654,7427.073
14655,7427.572
14656,7427.990
14657,7428.572
14658,7428.928
14659,7429.512
14660,7430.044
14661,7430.461
14662,7430.970
14663,7431.494
14664,7432.019
14665,7432.426
14666,7433.091
14667,7433.579
14668,7434.005
14669,7434.438
14670,7435.036
14671,7435.499
14672,7435.953
14673,7436.572
14674,7436.949
14675,7437.478
14676,7437.907
14677,7438.503
14678,7439.057
14679,7439.482
14680,7439.935
14681,7440.421
14682,7441.044
14683,7441.586
14684,7441.958
14685,7442.523
14686,7442.995
14687,7443.516
14688,7444.023
14689,7444.559
14690,7445.097
14691,7445.581
14692,7446.069
14693,7446.490
14694,7446.952
14695,7447.474
14696,7447.958
14697,7448.470
14698,7448.932
14699,7449.458
14700,7450.035
14701,7450.494
14702,7451.100
14703,7451.494
14704,7452.000
14705,7452.424
14706,7453.098
14707,7453.578
14708,7453.946
14709,7454.424
14710,7455.095
14711,7455.566
14712,7455.908
14713,7456.493
14714,7456.975
14715,7457.529
14716,7458.027
14717,7458.585
14718,7459.030
14719,7459.419
14720,7460.086
14721,7460.401
14722,7461.006
14723,7461.472
14724,7461.910
14725,7462.518
14726,7462.935
14727,7463.528
14728,7464.033
14729,7464.446
14730,7464.945
14731,7465.424
14732,7466.022
14733,7466.494
14734,7466.980
14735,7467.515
14736,7468.027
14737,7468.504
14738,7468.995
14739,7469.501
14740,7470.069
14741,7470.573
14742,7470.948
14743,7471.589
14744,7472.073
14745,7472.492
14746,7473.046
14747,7473.402
14748,7474.038
14749,7474.503
14750,7474.998
14751,7475.499
14752,7475.993
14753,7476.435
14754,7476.987
14755,7477.487
14756,7478.081
14757,7478.423
14758,7478.912
14759,7479.460
14760,7479.934
14761,7480.441
14762,7481.070
14763,7481.423
14764,7481.959
14765,7482.459
14766,7482.937
14767,7483.408
14768,7483.923
14769,7484.569
14770,7484.995
14771,7485.464
14772,7486.041
14773,7486.476
14774,7486.914
14775,7487.454
14776,7488.012
14777,7488.420
14778,7489.062
14779,7489.406
14780,7490.054
14781,7490.507
14782,7491.088
14783,7491.540
14784,7492.056
14785,7492.412
14786,7493.016
14787,7493.460
14788,7494.015
14789,7494.443
14790,7495.047
14791,7495.536
14792,7496.063
14793,7496.477
14794,7496.929
14795,7497.452
14796,7498.016
14797,7498.597
14798,7499.044
14799,7499.416
14800,7500.042
14801,7500.527
14802,7501.051
14803,7501.599
14804,7501.956
14805,7502.498
14806,7502.931
14807,7503.536
14808,7503.969
14809,7504.576
14810,7504.927
14811,7505.584
14812,7506.022
14813,7506.501
14814,7506.957
14815,7507.435
14816,7507.956
14817,7508.464
14818,7508.977
14819,7509.456
14820,7510.097
14821,7510.484
14822,7511.030
14823,7511.404
14824,7512.027
14825,7512.519
14826,7512.902
14827,7513.561
14828,7514.095
14829,7514.579
14830,7514.997
14831,7515.481
14832,7515.924
14833,7516.477
14834,7516.933
14835,7517.595
14836,7517.945
14837,7518.410
14838,7519.062
14839,7519.405
14840,7519.906
14841,7520.529
14842,7520.910
14843,7521.424
14844,7521.954
14845,7522.542
14846,7523.009
14847,7523.415
14848,7523.902
14849,7524.460
14850,7525.058
14851,7525.544
14852,7526.021
14853,7526.528
14854,7527.021
14855,7527.598
14856,7528.023
14857,7528.555
14858,7529.047
14859,7529.425
14860,7529.902
14861,7530.577
14862,7530.976
14863,7531.443
14864,7532.008
14865,7532.575
14866,7532.977
14867,7533.475
14868,7533.980
14869,7534.453
14870,7535.040
14871,7535.455
14872,7536.033
14873,7536.583
14874,7536.981
14875,7537.583
14876,7537.946
14877,7538.550
14878,7538.950
14879,7539.475
14880,7540.003
14881,7540.418
14882,7540.992
14883,7541.516
14884,7541.990
14885,7542.473
14886,7543.013
14887,7543.512
14888,7543.910
14889,7544.415
14890,7545.001
14891,7545.403
14892,7546.080
14893,7546.448
14894,7547.029
14895,7547.486
14896,7547.949
14897,7548.475
14898,7549.099
14899,7549.430
14900,7549.988
14901,7550.569
14902,7551.052
14903,7551.482
14904,7551.935
14905,7552.415
14906,7553.081
14907,7553.535
14908,7554.076
14909,7554.509
14910,7555.062
14911,7555.532
14912,7556.077
14913,7556.557
14914,7556.978
14915,7557.471
14916,7558.081
14917,7558.502
14918,7558.987
14919,7559.427
14920,7559.986
14921,7560.534
14922,7560.937
14923,7561.418
14924,7561.983
14925,7562.498
14926,7563.018
14927,7563.404
14928,7564.067
14929,7564.570
14930,7565.053
14931,7565.545
14932,7565.998
14933,7566.536
14934,7567.069
14935,7567.551
14936,7567.908
14937,7568.512
14938,7568.970
14939,7569.464
14940,7570.008
14941,7570.485
14942,7571.040
14943,7571.572
14944,7572.049
14945,7572.448
14946,7572.924
14947,7573.445
14948,7574.033
14949,7574.548
14950,7575.090
14951,7575.529
14952,7575.990
14953,7576.548
14954,7576.986
14955,7577.462
14956,7577.962
14957,7578.545
14958,7579.088
14959,7579.579
14960,7580.095
14961,7580.474
14962,7581.018
14963,7581.411
14964,7581.955
14965,7582.406
14966,7582.955
14967,7583.476
14968,7583.912
14969,7584.585
14970,7585.062
14971,7585.448
14972,7586.055
14973,7586.412
14974,7586.971
14975,7587.592
14976,7587.909
14977,7588.433
14978,7589.051
14979,7589.493
14980,7590.015
14981,7590.432
14982,7591.078
14983,7591.532
14984,7591.916
14985,7592.436
14986,7592.991
14987,7593.458
14988,7594.087
14989,7594.505
14990,7594.974
14991,7595.481
14992,7596.081
14993,7596.495
14994,7596.963
14995,7597.424
14996,7597.940
14997,7598.452
14998,7598.975
14999,7599.417
15000,7599.978
15001,7600.455
15002,7600.940
15003,7601.468
15004,7602.068
15005,7602.431
15006,7603.043
15007,7603.408
15008,7604.075
15009,7604.550
15010,7605.020
15011,7605.487
15012,7605.987
15013,7606.580
15014,7606.907
15015,7607.488
15016,7607.929
15017,7608.402
15018,7609.006
15019,7609.474
15020,7610.088
15021,7610.522
15022,7611.100
15023,7611.464
15024,7611.994
15025,7612.520
15026,7612.999
15027,7613.522
15028,7613.973
15029,7614.515
15030,7615.100
15031,7615.468
15032,7616.026
15033,7616.515
15034,7616.907
15035,7617.584
15036,7618.072
15037,7618.579
15038,7618.938
15039,7619.507
15040,7620.064
15041,7620.554
15042,7621.004
15043,7621.586
15044,7622.076
15045,7622.470
15046,7623.097
15047,7623.531
15048,7624.007
15049,7624.422
15050,7624.912
15051,7625.425
15052,7626.095
15053,7626.441
15054,7626.939
15055,7627.484
15056,7627.998
15057,7628.523
15058,7629.062
15059,7629.586
15060,7629.961
15061,7630.525
15062,7630.956
15063,7631.446
15064,7631.951
15065,7632.429
15066,7633.060
15067,7633.444
15068,7633.953
15069,7634.403
15070,7635.053
15071,7635.439
15072,7635.994
15073,7636.436
15074,7636.971
15075,7637.496
15076,7638.054
15077,7638.450
15078,7639.054
15079,7639.434
15080,7639.907
15081,7640.432
15082,7641.034
15083,7641.577
15084,7641.979
15085,7642.405
15086,7642.932
15087,7643.408
15088,7643.947
15089,7644.551
15090,7645.052
15091,7645.431
15092,7645.975
15093,7646.517
15094,7646.951
15095,7647.480
15096,7647.917
15097,7648.523
15098,7649.018
15099,7649.523
15100,7649.990
15101,7650.574
15102,7650.999
15103,7651.536
15104,7652.074
15105,7652.466
15106,7652.950
15107,7653.542
15108,7653.903
15109,7654.480
15110,7654.934
15111,7655.487
15112,7655.901
15113,7656.567
15114,7656.947
15115,7657.483
15116,7658.044
15117,7658.487
15118,7658.959
15119,7659.445
15120,7660.086
15121,7660.405
15122,7660.920
15123,7661.577
15124,7661.942
15125,7662.583
15126,7663.025
15127,7663.423
15128,7663.968
15129,7664.414
15130,7664.975
15131,7665.442
15132,7665.900
15133,7666.407
15134,7667.014
15135,7667.534
15136,7667.915
15137,7668.540
15138,7669.021
15139,7669.596
15140,7669.977
15141,7670.570
15142,7670.943
15143,7671.500
15144,7672.013
15145,7672.430
15146,7673.099
15147,7673.431
15148,7674.091
15149,7674.562
15150,7675.059
15151,7675.428
15152,7675.939
15153,7676.441
15154,7677.049
15155,7677.498
15156,7678.095
15157,7678.569
15158,7678.985
15159,7679.575
15160,7679.938
15161,7680.528
15162,7681.073
15163,7681.564
15164,7681.904
15165,7682.581
15166,7683.015
15167,7683.522
15168,7684.043
15169,7684.429
15170,7684.905
15171,7685.414
15172,7685.952
15173,7686.599
15174,7686.928
15175,7687.499
15176,7688.047
15177,7688.542
15178,7689.017
15179,7689.535
15180,7689.966
15181,7690.452
15182,7690.953
15183,7691.556
15184,7691.929
15185,7692.455
15186,7693.037
15187,7693.531
15188,7693.930
15189,7694.445
15190,7695.074
15191,7695.429
15192,7695.902
15193,7696.488
15194,7697.054
15195,7697.541
15196,7698.041
15197,7698.462
15198,7698.913
15199,7699.586
15200,7699.942
15201,7700.478
15202,7700.956
15203,7701.567
15204,7701.957
15205,7702.505
15206,7702.936
15207,7703.452
15208,7703.973
15209,7704.440
15210,7704.924
15211,7705.444
15212,7705.909
15213,7706.593
15214,7706.967
15215,7707.490
15216,7707.979
15217,7708.422
15218,7708.954
15219,7709.479
15220,7709.991
15221,7710.598
15222,7710.955
15223,7711.537
15224,7712.069
15225,7712.457
15226,7712.961
15227,7713.404
15228,7713.986
15229,7714.522
15230,7715.080
15231,7715.541
15232,7715.907
15233,7716.498
15234,7716.939
15235,7717.581
15236,7717.921
15237,7718.407
15238,7719.055
15239,7719.526
15240,7719.956
15241,7720.507
15242,7720.937
15243,7721.433
15244,7721.995
15245,7722.431
15246,7722.999
15247,7723.506
15248,7723.945
15249,7724.439
15250,7725.063
15251,7725.525
15252,7726.042
15253,7726.521
15254,7727.051
15255,7727.547
15256,7728.074
15257,7728.511
15258,7729.055
15259,7729.409
15260,7729.974
15261,7730.455
15262,7730.925
15263,7731.525
15264,7731.920
15265,7732.562
15266,7732.912
15267,7733.404
15268,7734.039
15269,7734.570
15270,7734.900
15271,7735.534
15272,7735.932
15273,7736.438
15274,7736.998
15275,7737.588
15276,7738.059
15277,7738.485
15278,7738.952
15279,7739.421
15280,7740.030
15281,7740.494
15282,7741.042
15283,7741.478
15284,7741.995
15285,7742.401
15286,7743.061
15287,7743.487
15288,7743.922
15289,7744.438
15290,7744.969
15291,7745.551
15292,7746.038
15293,7746.546
15294,7746.946
15295,7747.575
15296,7748.035
15297,7748.411
15298,7748.975
15299,7749.452
15300,7749.921
15301,7750.478
15302,7750.991
15303,7751.529
15304,7751.923
15305,7752.471
15306,7752.910
15307,7753.497
15308,7754.050
15309,7754.501
15310,7755.061
15311,7755.584
15312,7755.956
15313,7756.485
15314,7756.951
15315,7757.499
15316,7757.932
15317,7758.599
15318,7758.907
15319,7759.469
15320,7760.012
15321,7760.506
15322,7761.097
15323,7761.410
15324,7762.052
15325,7762.567
15326,7762.927
15327,7763.540
15328,7764.072
15329,7764.468
15330,7765.011
15331,7765.481
15332,7765.920
15333,7766.578
15334,7767.018
15335,7767.545
15336,7767.938
15337,7768.481
15338,7769.068
15339,7769.558
15340,7770.002
15341,7770.563
15342,7771.044
15343,7771.565
15344,7772.096
15345,7772.428
15346,7772.936
15347,7773.597
15348,7774.083
15349,7774.422
15350,7774.946
15351,7775.512
15352,7775.986
15353,7776.451
15354,7776.973
15355,7777.569
15356,7777.997
15357,7778.564
15358,7779.022
15359,7779.486
15360,7779.909
15361,7780.449
15362,7780.979
15363,7781.463
15364,7782.056
15365,7782.550
15366,7782.958
15367,7783.551
15368,7784.075
15369,7784.539
15370,7785.026
15371,7785.497
15372,7786.055
15373,7786.547
15374,7786.911
15375,7787.474
15376,7788.056
15377,7788.554
15378,7788.919
15379,7789.529
15380,7790.095
15381,7790.598
15382,7790.988
15383,7791.559
15384,7791.988
15385,7792.439
15386,7793.030
15387,7793.401
15388,7794.030
15389,7794.547
15390,7794.978
15391,7795.489
15392,7796.088
15393,7796.451
15394,7797.024
15395,7797.532
15396,7798.071
15397,7798.445
15398,7799.093
15399,7799.482
15400,7799.965
15401,7800.531
15402,7800.922
15403,7801.596
15404,7802.003
15405,7802.519
15406,7803.004
15407,7803.498
15408,7803.987
15409,7804.570
15410,7804.920
15411,7805.539
15412,7805.928
15413,7806.542
15414,7806.991
15415,7807.566
15416,7808.061
15417,7808.517
15418,7808.948
15419,7809.411
15420,7810.079
15421,7810.507
15422,7811.055
15423,7811.561
15424,7812.052
15425,7812.493
15426,7813.094
15427,7813.407
15428,7814.023
15429,7814.438
15430,7814.940
15431,7815.529
15432,7815.925
15433,7816.470
15434,7817.019
15435,7817.460
15436,7817.908
15437,7818.453
15438,7818.998
15439,7819.457
15440,7819.950
15441,7820.518
15442,7820.923
15443,7821.434
15444,7821.979
15445,7822.598
15446,7822.986
15447,7823.528
15448,7823.943
15449,7824.475
15450,7824.976
15451,7825.499
15452,7825.969
15453,7826.447
15454,7827.033
15455,7827.507
15456,7827.928
15457,7828.437
15458,7829.033
15459,7829.507
15460,7829.990
15461,7830.527
15462,7830.989
15463,7831.482
15464,7831.913
15465,7832.530
15466,7833.016
15467,7833.536
15468,7833.915
15469,7834.432
15470,7835.088
15471,7835.590
15472,7835.983
15473,7836.419
15474,7837.060
15475,7837.551
15476,7837.960
15477,7838.512
15478,7838.945
15479,7839.412
15480,7839.944
15481,7840.547
15482,7840.986
15483,7841.437
15484,7841.962
15485,7842.505
15486,7842.937
15487,7843.408
15488,7844.001
15489,7844.502
15490,7845.045
15491,7845.494
15492,7846.007
15493,7846.574
15494,7846.931
15495,7847.546
15496,7848.038
15497,7848.508
15498,7849.051
15499,7849.451
15500,7849.961
15501,7850.504
15502,7850.969
15503,7851.524
15504,7852.070
15505,7852.442
15506,7853.099
15507,7853.454
15508,7854.053
15509,7854.511
15510,7854.981
15511,7855.548
15512,7856.011
15513,7856.446
15514,7856.935
15515,7857.583
15516,7857.992
15517,7858.536
15518,7859.018
15519,7859.558
15520,7859.935
15521,7860.472
15522,7861.088
15523,7861.524
15524,7862.099
15525,7862.455
15526,7862.938
15527,7863.475
15528,7863.981
15529,7864.404
15530,7864.924
15531,7865.462
15532,7865.951
15533,7866.428
15534,7866.903
15535,7867.454
15536,7867.957
15537,7868.569
15538,7868.910
15539,7869.476
15540,7870.058
15541,7870.410
15542,7871.029
15543,7871.440
15544,7871.900
15545,7872.569
15546,7872.935
15547,7873.523
15548,7873.900
15549,7874.447
15550,7874.967
15551,7875.505
15552,7875.956
15553,7876.402
15554,7876.932
15555,7877.464
15556,7877.993
15557,7878.562
15558,7878.998
15559,7879.539
15560,7879.929
15561,7880.472
15562,7880.939
15563,7881.455
15564,7881.963
15565,7882.472
15566,7883.084
15567,7883.532
15568,7883.984
15569,7884.571
15570,7885.011
15571,7885.552
15572,7886.086
15573,7886.409
15574,7887.100
15575,7887.571
15576,7887.902
15577,7888.430
15578,7889.072
15579,7889.418
15580,7890.045
15581,7890.502
15582,7891.055
15583,7891.522
15584,7892.092
15585,7892.506
15586,7892.968
15587,7893.444
15588,7893.909
15589,7894.458
15590,7895.024
15591,7895.407
15592,7896.041
15593,7896.415
15594,7896.910
15595,7897.494
15596,7898.017
15597,7898.478
15598,7898.932
15599,7899.495
15600,7899.925
15601,7900.517
15602,7900.915
15603,7901.440
15604,7902.033
15605,7902.552
15606,7902.948
15607,7903.451
15608,7903.933
15609,7904.432
15610,7905.042
15611,7905.591
15612,7906.079
15613,7906.437
15614,7906.999
15615,7907.558
15616,7908.092
15617,7908.575
15618,7909.028
15619,7909.598
15620,7909.993
15621,7910.474
15622,7911.077
15623,7911.418
15624,7912.011
15625,7912.575
15626,7912.913
15627,7913.549
15628,7913.963
15629,7914.462
15630,7915.037
15631,7915.447
15632,7915.985
15633,7916.449
15634,7916.970
15635,7917.432
15636,7917.965
15637,7918.471
15638,7918.914
15639,7919.582
15640,7919.990
15641,7920.512
15642,7920.951
15643,7921.599
15644,7921.929
15645,7922.430
15646,7922.965
15647,7923.542
15648,7924.077
15649,7924.580
15650,7925.031
15651,7925.568
15652,7926.083
15653,7926.406
15654,7927.007
15655,7927.522
15656,7927.985
15657,7928.565
15658,7929.071
15659,7929.411
15660,7930.027
15661,7930.543
15662,7931.001
15663,7931.595
15664,7932.000
15665,7932.405
15666,7933.048
15667,7933.422
15668,7934.027
15669,7934.519
15670,7935.004
15671,7935.584
15672,7936.086
15673,7936.505
15674,7936.994
15675,7937.577
15676,7937.937
15677,7938.496
15678,7938.912
15679,7939.546
15680,7939.927
15681,7940.468
15682,7941.008
15683,7941.466
15684,7941.927
15685,7942.427
15686,7942.987
15687,7943.464
15688,7943.911
15689,7944.580
15690,7945.076
15691,7945.433
15692,7945.946
15693,7946.572
15694,7946.997
15695,7947.473
15696,7948.026
15697,7948.454
15698,7949.006
15699,7949.401
15700,7950.056
15701,7950.476
15702,7950.958
15703,7951.469
15704,7951.927
15705,7952.468
15706,7953.068
15707,7953.539
15708,7954.065
15709,7954.422
15710,7954.918
15711,7955.533
15712,7955.913
15713,7956.533
15714,7957.024
15715,7957.449
15716,7957.978
15717,7958.410
15718,7958.967
15719,7959.421
15720,7960.058
15721,7960.489
15722,7961.038
15723,7961.451
15724,7961.979
15725,7962.510
15726,7963.037
15727,7963.539
15728,7964.094
15729,7964.500
15730,7964.902
15731,7965.506
15732,7966.024
15733,7966.447
15734,7967.100
15735,7967.493
15736,7968.019
15737,7968.430
15738,7968.915
15739,7969.572
15740,7969.927
15741,7970.551
15742,7971.019
15743,7971.520
15744,7971.919
15745,7972.571
15746,7973.006
15747,7973.560
15748,7973.987
15749,7974.417
15750,7974.967
15751,7975.596
15752,7976.040
15753,7976.556
15754,7976.928
15755,7977.544
15756,7978.082
15757,7978.415
15758,7979.059
15759,7979.429
15760,7980.067
15761,7980.457
15762,7980.995
15763,7981.441
15764,7981.982
15765,7982.473
15766,7982.911
15767,7983.584
15768,7984.048
15769,7984.586
15770,7984.974
15771,7985.566
15772,7985.910
15773,7986.598
15774,7986.933
15775,7987.414
15776,7988.026
15777,7988.491
15778,7989.028
15779,7989.433
15780,7990.094
15781,7990.571
15782,7990.950
15783,7991.454
15784,7992.079
15785,7992.507
15786,7993.052
15787,7993.593
15788,7994.020
15789,7994.581
15790,7994.940
15791,7995.538
15792,7996.069
15793,7996.475
15794,7996.918
15795,7997.591
15796,7997.940
15797,7998.546
15798,7999.063
15799,7999.423
15800,7999.917
15801,8000.508
15802,8000.920
15803,8001.443
15804,8002.059
15805,8002.535
15806,8002.989
15807,8003.440
15808,8004.063
15809,8004.545
15810,8004.990
15811,8005.477
15812,8006.028
15813,8006.447
15814,8006.907
15815,8007.434
15816,8008.079
15817,8008.458
15818,8008.948
15819,8009.418
15820,8009.957
15821,8010.498
15822,8010.983
15823,8011.529
15824,8012.042
15825,8012.597
15826,8013.099
15827,8013.426
15828,8014.065
15829,8014.584
15830,8015.079
15831,8015.451
15832,8016.057
15833,8016.428
15834,8017.097
15835,8017.402
15836,8018.095
15837,8018.526
15838,8019.033
15839,8019.522
15840,8019.984
15841,8020.588
15842,8021.015
15843,8021.431
15844,8021.909
15845,8022.545
15846,8023.046
15847,8023.538
15848,8023.963
15849,8024.558
15850,8025.067
15851,8025.596
15852,8026.015
15853,8026.420
15854,8026.975
15855,8027.457
15856,8027.993
15857,8028.583
15858,8028.990
15859,8029.540
15860,8030.030
15861,8030.479
15862,8031.082
15863,8031.561
15864,8032.098
15865,8032.509
15866,8032.952
15867,8033.430
15868,8033.972
15869,8034.584
15870,8034.953
15871,8035.507
15872,8036.007
15873,8036.454
15874,8036.937
15875,8037.529
15876,8038.045
15877,8038.511
15878,8039.089
15879,8039.594
15880,8039.978
15881,8040.442
15882,8040.953
15883,8041.556
15884,8041.946
15885,8042.480
15886,8042.946
15887,8043.505
15888,8044.006
15889,8044.567
15890,8044.962
15891,8045.484
15892,8045.993
15893,8046.546
15894,8047.010
15895,8047.441
15896,8047.940
15897,8048.511
15898,8048.993
15899,8049.523
15900,8050.012
15901,8050.485
15902,8051.083
15903,8051.587
15904,8051.907
15905,8052.418
15906,8053.078
15907,8053.554
15908,8053.987
15909,8054.425
15910,8055.004
15911,8055.404
15912,8056.015
15913,8056.566
15914,8057.001
15915,8057.568
15916,8057.951
15917,8058.566
15918,8059.047
15919,8059.430
15920,8060.022
15921,8060.557
15922,8060.969
15923,8061.516
15924,8061.913
15925,8062.594
15926,8062.913
15927,8063.409
15928,8063.904
15929,8064.553
15930,8064.992
15931,8065.449
15932,8066.047
15933,8066.513
15934,8067.085
15935,8067.580
15936,8067.934
15937,8068.453
15938,8068.907
15939,8069.461
15940,8069.990
15941,8070.513
15942,8070.936
15943,8071.593
15944,8072.006
15945,8072.579
15946,8072.965
15947,8073.413
15948,8073.965
15949,8074.404
15950,8074.977
15951,8075.506
15952,8075.998
15953,8076.473
15954,8077.096
15955,8077.541
15956,8077.982
15957,8078.418
15958,8078.901
15959,8079.590
15960,8080.015
15961,8080.587
15962,8080.995
15963,8081.422
15964,8081.973
15965,8082.501
15966,8082.988
15967,8083.496
15968,8083.920
15969,8084.505
15970,8085.004
15971,8085.532
15972,8086.076
15973,8086.580
15974,8087.071
15975,8087.532
15976,8087.982
15977,8088.440
15978,8088.971
15979,8089.552
15980,8089.987
15981,8090.476
15982,8091.008
15983,8091.452
15984,8092.077
15985,8092.446
15986,8093.042
15987,8093.419
15988,8094.006
15989,8094.553
15990,8094.981
15991,8095.549
15992,8095.924
15993,8096.594
15994,8096.977
15995,8097.489
15996,8097.977
15997,8098.449
15998,8099.090
15999,8099.474
16000,8099.975
16001,8100.556
16002,8100.947
16003,8101.407
16004,8101.940
16005,8102.588
16006,8102.986
16007,8103.523
16008,8103.941
16009,8104.506
16010,8104.931
16011,8105.581
16012,8106.099
16013,8106.552
16014,8106.982
16015,8107.560
16016,8108.047
16017,8108.503
16018,8108.950
16019,8109.441
16020,8110.050
16021,8110.409
16022,8111.036
16023,8111.574
16024,8111.970
16025,8112.461
16026,8112.922
16027,8113.576
16028,8114.035
16029,8114.459
16030,8114.939
16031,8115.417
16032,8116.093
16033,8116.492
16034,8116.932
16035,8117.552
16036,8117.950
16037,8118.474
16038,8118.922
16039,8119.559
16040,8120.076
16041,8120.472
16042,8120.905
16043,8121.479
16044,8122.054
16045,8122.573
16046,8122.998
16047,8123.504
16048,8123.928
16049,8124.445
16050,8125.078
16051,8125.528
16052,8125.933
16053,8126.461
16054,8126.953
16055,8127.571
16056,8128.067
16057,8128.435
16058,8129.005
16059,8129.514
16060,8130.049
16061,8130.540
16062,8131.046
16063,8131.489
16064,8132.056
16065,8132.498
16066,8132.909
16067,8133.516
16068,8133.942
16069,8134.451
16070,8135.079
16071,8135.406
16072,8136.043
16073,8136.507
16074,8136.966
16075,8137.425
16076,8137.977
16077,8138.569
16078,8138.984
16079,8139.430
16080,8140.078
16081,8140.569
16082,8141.050
16083,8141.555
16084,8142.063
16085,8142.440
16086,8143.094
16087,8143.529
16088,8143.966
16089,8144.406
16090,8145.081
16091,8145.541
16092,8145.990
16093,8146.547
16094,8146.957
16095,8147.527
16096,8147.903
16097,8148.589
16098,8149.065
16099,8149.443
16100,8150.086
16101,8150.519
16102,8151.047
16103,8151.561
16104,8151.999
16105,8152.470
16106,8152.934
16107,8153.421
16108,8154.011
16109,8154.582
16110,8154.956
16111,8155.532
16112,8156.013
16113,8156.594
16114,8157.074
16115,8157.571
16116,8158.000
16117,8158.509
16118,8158.911
16119,8159.540
16120,8160.069
16121,8160.414
16122,8161.024
16123,8161.503
16124,8161.901
16125,8162.515
16126,8163.072
16127,8163.417
16128,8163.954
16129,8164.591
16130,8165.064
16131,8165.477
16132,8165.947
16133,8166.409
16134,8167.048
16135,8167.580
16136,8168.083
16137,8168.483
16138,8169.052
16139,8169.492
16140,8169.980
16141,8170.430
16142,8171.017
16143,8171.455
16144,8171.906
16145,8172.489
16146,8172.970
16147,8173.564
16148,8174.038
16149,8174.497
16150,8175.051
16151,8175.543
16152,8175.998
16153,8176.420
16154,8176.956
16155,8177.432
16156,8177.977
16157,8178.429
16158,8178.967
16159,8179.492
16160,8179.956
16161,8180.489
16162,8181.038
16163,8181.568
16164,8181.978
16165,8182.471
16166,8182.941
16167,8183.529
16168,8184.007
16169,8184.505
16170,8184.921
16171,8185.560
16172,8185.995
16173,8186.412
16174,8186.976
16175,8187.435
16176,8187.969
16177,8188.530
16178,8189.078
16179,8189.421
16180,8190.081
16181,8190.542
16182,8190.979
16183,8191.452
16184,8192.094
16185,8192.479
16186,8192.930
16187,8193.510
16188,8194.083
16189,8194.499
16190,8194.914
16191,8195.428
16192,8196.021
16193,8196.502
16194,8197.064
16195,8197.474
16196,8198.072
16197,8198.537
16198,8198.917
16199,8199.432
16200,8200.097
16201,8200.493
16202,8200.935
16203,8201.505
16204,8201.998
16205,8202.535
16206,8202.925
16207,8203.522
16208,8204.059
16209,8204.420
16210,8204.944
16211,8205.520
16212,8206.002
16213,8206.507
16214,8206.950
16215,8207.515
16216,8207.992
16217,8208.432
16218,8208.908
16219,8209.513
16220,8210.065
16221,8210.436
16222,8211.076
16223,8211.476
16224,8211.990
16225,8212.592
16226,8213.067
16227,8213.566
16228,8213.936
16229,8214.421
16230,8215.080
16231,8215.480
16232,8215.995
16233,8216.534
16234,8216.921
16235,8217.455
16236,8218.007
16237,8218.409
16238,8219.025
16239,8219.579
16240,8220.088
16241,8220.516
16242,8221.062
16243,8221.570
16244,8222.071
16245,8222.493
16246,8222.989
16247,8223.546
16248,8223.907
16249,8224.487
16250,8224.970
16251,8225.419
16252,8226.065
16253,8226.556
16254,8227.096
16255,8227.477
16256,8228.069
16257,8228.589
16258,8228.931
16259,8229.522
16260,8230.041
16261,8230.507
16262,8231.006
16263,8231.571
16264,8231.943
16265,8232.409
16266,8233.096
16267,8233.577
16268,8233.911
16269,8234.418
16270,8234.921
16271,8235.546
16272,8235.949
16273,8236.564
16274,8236.946
16275,8237.520
16276,8238.098
16277,8238.503
16278,8239.038
16279,8239.432
16280,8239.919
16281,8240.479
16282,8241.003
16283,8241.582
16284,8242.079
16285,8242.457
16286,8242.903
16287,8243.469
16288,8243.973
16289,8244.595
16290,8244.943
16291,8245.454
16292,8246.022
16293,8246.562
16294,8247.027
16295,8247.413
16296,8247.942
16297,8248.464
16298,8249.092
16299,8249.560
16300,8250.047
16301,8250.411
16302,8250.995
16303,8251.529
16304,8252.091
16305,8252.522
16306,8253.086
16307,8253.547
16308,8254.013
16309,8254.455
16310,8254.917
16311,8255.519
16312,8256.025
16313,8256.442
16314,8256.905
16315,8257.478
16316,8257.932
16317,8258.437
16318,8258.994
16319,8259.590
16320,8260.013
16321,8260.576
16322,8260.984
16323,8261.581
16324,8262.012
16325,8262.478
16326,8262.950
16327,8263.563
16328,8263.975
16329,8264.486
16330,8265.067
16331,8265.499
16332,8266.061
16333,8266.432
16334,8266.971
16335,8267.555
16336,8268.050
16337,8268.404
16338,8268.959
16339,8269.538
16340,8270.028
16341,8270.491
16342,8271.029
16343,8271.514
16344,8271.976
16345,8272.417
16346,8272.982
16347,8273.582
16348,8274.023
16349,8274.498
16350,8274.989
16351,8275.540
16352,8275.962
16353,8276.476
16354,8276.951
16355,8277.550
16356,8277.953
16357,8278.544
16358,8279.055
16359,8279.540
16360,8279.907
16361,8280.539
16362,8280.924
16363,8281.414
16364,8282.096
16365,8282.516
16366,8283.058
16367,8283.441
16368,8283.975
16369,8284.597
16370,8285.024
16371,8285.508
16372,8286.097
16373,8286.576
16374,8287.067
16375,8287.441
16376,8288.095
16377,8288.425
16378,8288.929
16379,8289.575
16380,8289.970
16381,8290.476
16382,8291.069
16383,8291.557
16384,8291.922
16385,8292.568
16386,8293.044
16387,8293.542
16388,8294.081
16389,8294.539
16390,8294.908
16391,8295.560
16392,8295.950
16393,8296.462
16394,8296.916
16395,8297.416
16396,8297.925
16397,8298.520
16398,8299.042
16399,8299.445
16400,8299.961
16401,8300.454
16402,8301.060
16403,8301.554
16404,8302.062
16405,8302.433
16406,8302.950
16407,8303.505
16408,8304.014
16409,8304.536
16410,8304.969
16411,8305.584
16412,8306.062
16413,8306.417
16414,8307.092
16415,8307.411
16416,8308.070
16417,8308.526
16418,8308.977
16419,8309.600
16420,8310.078
16421,8310.440
16422,8310.991
16423,8311.493
16424,8311.903
16425,8312.533
16426,8312.960
16427,8313.537
16428,8314.036
16429,8314.511
16430,8314.916
16431,8315.533
16432,8315.992
16433,8316.404
16434,8316.990
16435,8317.476
16436,8317.975
16437,8318.407
16438,8318.948
16439,8319.488
16440,8319.998
16441,8320.540
16442,8320.920
16443,8321.507
16444,8322.015
16445,8322.570
16446,8322.946
16447,8323.436
16448,8324.029
16449,8324.446
16450,8324.953
16451,8325.427
16452,8326.091
16453,8326.427
16454,8327.046
16455,8327.468
16456,8328.092
16457,8328.599
16458,8328.980
16459,8329.510
16460,8329.918
16461,8330.578
16462,8331.008
16463,8331.467
16464,8332.058
16465,8332.469
16466,8332.997
16467,8333.422
16468,8333.935
16469,8334.443
16470,8335.091
16471,8335.566
16472,8335.992
16473,8336.434
16474,8337.015
16475,8337.430
16476,8338.010
16477,8338.452
16478,8339.075
16479,8339.437
16480,8339.983
16481,8340.405
16482,8341.061
16483,8341.475
16484,8341.990
16485,8342.482
16486,8342.978
16487,8343.410
16488,8343.983
16489,8344.587
16490,8344.970
16491,8345.590
16492,8345.916
16493,8346.486
16494,8346.989
16495,8347.549
16496,8348.070
16497,8348.586
16498,8349.012
16499,8349.512
16500,8349.990
16501,8350.429
16502,8350.993
16503,8351.501
16504,8351.925
16505,8352.452
16506,8353.031
16507,8353.551
16508,8354.011
16509,8354.544
16510,8355.076
16511,8355.523
16512,8355.982
16513,8356.469
16514,8357.008
16515,8357.505
16516,8357.912
16517,8358.425
16518,8358.983
16519,8359.427
16520,8359.990
16521,8360.466
16522,8360.977
16523,8361.430
16524,8362.027
16525,8362.445
16526,8363.023
16527,8363.410
16528,8364.078
16529,8364.448
16530,8365.033
16531,8365.578
16532,8365.931
16533,8366.436
16534,8367.012
16535,8367.475
16536,8368.050
16537,8368.510
16538,8369.072
16539,8369.518
16540,8369.986
16541,8370.452
16542,8370.944
16543,8371.423
16544,8371.948
16545,8372.427
16546,8373.037
16547,8373.409
16548,8374.000
16549,8374.488
16550,8374.974
16551,8375.582
16552,8375.910
16553,8376.472
16554,8376.925
16555,8377.497
16556,8377.917
16557,8378.510
16558,8379.040
16559,8379.544
16560,8379.911
16561,8380.460
16562,8380.901
16563,8381.583
16564,8381.946
16565,8382.443
16566,8382.925
16567,8383.557
16568,8384.090
16569,8384.436
16570,8385.043
16571,8385.415
16572,8385.987
16573,8386.488
16574,8386.953
16575,8387.460
16576,8388.036
16577,8388.456
16578,8389.073
16579,8389.436
16580,8389.934
16581,8390.517
16582,8390.981
16583,8391.507
16584,8391.982
16585,8392.568
16586,8393.021
16587,8393.444
16588,8394.098
16589,8394.559
16590,8394.995
16591,8395.449
16592,8396.012
16593,8396.490
16594,8396.925
16595,8397.513
16596,8398.086
16597,8398.405
16598,8399.077
16599,8399.413
16600,8400.064
16601,8400.418
16602,8401.089
16603,8401.586
16604,8401.969
16605,8402.521
16606,8403.061
16607,8403.591
16608,8403.948
16609,8404.540
16610,8405.079
16611,8405.543
16612,8405.989
16613,8406.587
16614,8406.950
16615,8407.480
16616,8407.973
16617,8408.447
16618,8408.996
16619,8409.589
16620,8409.963
16621,8410.442
16622,8411.001
16623,8411.480
16624,8412.021
16625,8412.553
16626,8413.037
16627,8413.434
16628,8414.089
16629,8414.447
16630,8415.017
16631,8415.405
16632,8415.932
16633,8416.522
16634,8416.932
16635,8417.483
16636,8417.987
16637,8418.432
16638,8419.001
16639,8419.524
16640,8419.958
16641,8420.423
16642,8421.082
16643,8421.560
16644,8422.068
16645,8422.452
16646,8423.022
16647,8423.565
16648,8423.987
16649,8424.592
16650,8425.042
16651,8425.520
16652,8425.982
16653,8426.530
16654,8426.956
16655,8427.515
16656,8427.912
16657,8428.484
16658,8428.923
16659,8429.563
16660,8429.949
16661,8430.425
16662,8431.027
16663,8431.508
16664,8431.972
16665,8432.464
16666,8433.017
16667,8433.545
16668,8434.002
16669,8434.503
16670,8435.080
16671,8435.488
16672,8436.008
16673,8436.466
16674,8436.997
16675,8437.590
16676,8438.022
16677,8438.587
16678,8438.939
16679,8439.572
16680,8440.037
16681,8440.522
16682,8441.071
16683,8441.447
16684,8442.082
16685,8442.425
16686,8442.959
16687,8443.501
16688,8443.981
16689,8444.491
16690,8444.945
16691,8445.582
16692,8445.954
16693,8446.406
16694,8447.010
16695,8447.550
16696,8448.050
16697,8448.495
16698,8449.047
16699,8449.483
16700,8449.966
16701,8450.535
16702,8451.044
16703,8451.536
16704,8451.988
16705,8452.460
16706,8453.087
16707,8453.527
16708,8453.936
16709,8454.483
16710,8454.977
16711,8455.540
16712,8456.089
16713,8456.467
16714,8456.992
16715,8457.541
16716,8458.005
16717,8458.527
16718,8458.983
16719,8459.505
16720,8459.965
16721,8460.579
16722,8460.986
16723,8461.567
16724,8462.045
16725,8462.499
16726,8463.002
16727,8463.434
16728,8463.918
16729,8464.428
16730,8465.097
16731,8465.438
16732,8466.056
16733,8466.570
16734,8467.066
16735,8467.594
16736,8467.926
16737,8468.558
16738,8469.074
16739,8469.565
16740,8469.964
16741,8470.471
16742,8470.940
16743,8471.413
16744,8471.950
16745,8472.588
16746,8473.022
16747,8473.559
16748,8473.911
16749,8474.496
16750,8474.990
16751,8475.599
16752,8476.061
16753,8476.516
16754,8476.911
16755,8477.477
16756,8477.914
16757,8478.495
16758,8478.910
16759,8479.483
16760,8480.063
16761,8480.486
16762,8480.908
16763,8481.455
16764,8481.976
16765,8482.497
16766,8483.022
16767,8483.429
16768,8484.096
16769,8484.443
16770,8484.972
16771,8485.537
16772,8486.084
16773,8486.417
16774,8486.962
16775,8487.430
16776,8488.045
16777,8488.550
16778,8488.937
16779,8489.518
16780,8489.928
16781,8490.515
16782,8491.099
16783,8491.463
16784,8491.936
16785,8492.537
16786,8492.914
16787,8493.599
16788,8494.073
16789,8494.428
16790,8495.011
16791,8495.475
16792,8495.987
16793,8496.531
16794,8497.015
16795,8497.524
16796,8498.052
16797,8498.481
16798,8498.991
16799,8499.588
16800,8500.006
16801,8500.490
16802,8501.064
16803,8501.522
16804,8501.971
16805,8502.474
16806,8503.098
16807,8503.504
16808,8504.052
16809,8504.594
16810,8504.918
16811,8505.429
16812,8506.053
16813,8506.413
16814,8507.088
16815,8507.528
16816,8507.982
16817,8508.594
16818,8508.956
16819,8509.527
16820,8509.935
16821,8510.524
16822,8511.085
16823,8511.484
16824,8511.988
16825,8512.479
16826,8513.032
16827,8513.578
16828,8514.012
16829,8514.424
16830,8515.096
16831,8515.534
16832,8516.093
16833,8516.575
16834,8517.049
16835,8517.483
16836,8517.980
16837,8518.473
16838,8519.081
16839,8519.409
16840,8519.908
16841,8520.495
16842,8520.916
16843,8521.416
16844,8521.926
16845,8522.471
16846,8523.086
16847,8523.509
16848,8523.909
16849,8524.541
16850,8524.946
16851,8525.525
16852,8525.951
16853,8526.584
16854,8526.954
16855,8527.599
16856,8528.084
16857,8528.435
16858,8528.923
16859,8529.563
16860,8530.046
16861,8530.413
16862,8530.962
16863,8531.581
16864,8531.920
16865,8532.479
16866,8532.979
16867,8533.493
16868,8533.967
16869,8534.557
16870,8534.918
16871,8535.474
16872,8535.956
16873,8536.596
16874,8536.966
16875,8537.483
16876,8537.905
16877,8538.471
16878,8538.917
16879,8539.468
16880,8539.935
16881,8540.503
16882,8541.030
16883,8541.528
16884,8542.017
16885,8542.560
16886,8543.007
16887,8543.434
16888,8543.908
16889,8544.584
16890,8544.967
16891,8545.517
16892,8545.907
16893,8546.594
16894,8547.065
16895,8547.597
16896,8547.980
16897,8548.542
16898,8548.975
16899,8549.589
16900,8550.070
16901,8550.489
16902,8551.063
16903,8551.521
16904,8552.099
16905,8552.591
16906,8553.011
16907,8553.561
16908,8553.949
16909,8554.408
16910,8555.001
16911,8555.440
16912,8555.958
16913,8556.591
16914,8557.019
16915,8557.458
16916,8558.005
16917,8558.584
16918,8558.941
16919,8559.457
16920,8559.908
16921,8560.598
16922,8561.023
16923,8561.520
16924,8562.006
16925,8562.508
16926,8562.966
16927,8563.445
16928,8564.072
16929,8564.527
16930,8564.965
16931,8565.506
16932,8565.912
16933,8566.516
16934,8566.970
16935,8567.559
16936,8567.987
16937,8568.471
16938,8568.998
16939,8569.475
16940,8570.033
16941,8570.463
16942,8571.064
16943,8571.471
16944,8571.905
16945,8572.496
16946,8573.069
16947,8573.457
16948,8574.068
16949,8574.538
16950,8574.972
16951,8575.479
16952,8575.937
16953,8576.585
16954,8576.950
16955,8577.447
16956,8577.932
16957,8578.512
16958,8578.910
16959,8579.496
16960,8580.098
16961,8580.488
16962,8581.044
16963,8581.548
16964,8582.064
16965,8582.468
16966,8583.083
16967,8583.492
16968,8584.044
16969,8584.472
16970,8584.930
16971,8585.438
16972,8586.037
16973,8586.584
16974,8586.948
16975,8587.586
16976,8588.029
16977,8588.543
16978,8589.005
16979,8589.455
16980,8590.084
16981,8590.511
16982,8591.089
16983,8591.488
16984,8592.015
16985,8592.596
16986,8592.917
16987,8593.445
16988,8593.962
16989,8594.420
16990,8595.009
16991,8595.555
16992,8595.981
16993,8596.437
16994,8597.024
16995,8597.470
16996,8597.922
16997,8598.463
16998,8599.056
16999,8599.579
17000,8600.026
17001,8600.507
17002,8600.913
17003,8601.589
17004,8601.947
17005,8602.530
17006,8603.037
17007,8603.577
17008,8604.047
17009,8604.415
17010,8604.929
17011,8605.549
17012,8605.924
17013,8606.577
17014,8606.924
17015,8607.576
17016,8608.056
17017,8608.565
17018,8608.931
17019,8609.485
17020,8609.978
17021,8610.519
17022,8610.982
17023,8611.524
17024,8612.008
17025,8612.546
17026,8613.015
17027,8613.505
17028,8613.942
17029,8614.595
17030,8614.930
17031,8615.532
17032,8616.020
17033,8616.507
17034,8616.913
17035,8617.458
17036,8617.953
17037,8618.455
17038,8618.990
17039,8619.416
17040,8620.001
17041,8620.508
17042,8620.945
17043,8621.510
17044,8621.906
17045,8622.585
17046,8623.010
17047,8623.422
17048,8623.940
17049,8624.528
17050,8624.929
17051,8625.491
17052,8625.908
17053,8626.546
17054,8626.981
17055,8627.563
17056,8628.023
17057,8628.516
17058,8629.096
17059,8629.447
17060,8630.093
17061,8630.400
17062,8631.045
17063,8631.570
17064,8631.933
17065,8632.553
17066,8632.915
17067,8633.488
17068,8633.976
17069,8634.460
17070,8634.936
17071,8635.441
17072,8635.925
17073,8636.481
17074,8637.043
17075,8637.488
17076,8638.050
17077,8638.503
17078,8639.048
17079,8639.535
17080,8639.962
17081,8640.598
17082,8641.039
17083,8641.501
17084,8641.921
17085,8642.469
17086,8642.971
17087,8643.410
17088,8643.954
17089,8644.457
17090,8644.917
17091,8645.509
17092,8646.042
17093,8646.442
17094,8647.100
17095,8647.407
17096,8647.941
17097,8648.435
17098,8648.911
17099,8649.411
17100,8650.083
17101,8650.420
17102,8651.053
17103,8651.582
17104,8651.905
17105,8652.554
17106,8653.000
17107,8653.447
17108,8653.916
17109,8654.429
17110,8655.020
17111,8655.477
17112,8656.042
17113,8656.518
17114,8656.999
17115,8657.537
17116,8658.081
17117,8658.404
17118,8659.025
17119,8659.450
17120,8659.941
17121,8660.493
17122,8661.000
17123,8661.491
17124,8662.016
17125,8662.461
17126,8662.911
17127,8663.505
17128,8664.001
17129,8664.566
17130,8665.005
17131,8665.463
17132,8666.076
17133,8666.412
17134,8667.034
17135,8667.471
17136,8668.034
17137,8668.453
17138,8669.061
17139,8669.414
17140,8670.042
17141,8670.408
17142,8671.014
17143,8671.529
17144,8672.087
17145,8672.459
17146,8672.918
17147,8673.555
17148,8673.969
17149,8674.583
17150,8675.044
17151,8675.584
17152,8676.086
17153,8676.581
17154,8677.047
17155,8677.453
17156,8677.916
17157,8678.463
17158,8679.009
17159,8679.533
17160,8679.902
17161,8680.543
17162,8681.013
17163,8681.464
17164,8681.942
17165,8682.546
17166,8682.949
17167,8683.483
17168,8684.059
17169,8684.530
17170,8684.983
17171,8685.464
17172,8685.937
17173,8686.476
17174,8687.084
17175,8687.573
17176,8688.069
17177,8688.498
17178,8688.919
17179,8689.515
17180,8690.007
17181,8690.545
17182,8690.971
17183,8691.403
17184,8692.003
17185,8692.407
17186,8692.957
17187,8693.558
17188,8693.934
17189,8694.554
17190,8694.994
17191,8695.492
17192,8695.998
17193,8696.594
17194,8696.937
17195,8697.442
17196,8698.075
17197,8698.508
17198,8698.904
17199,8699.492
17200,8699.951
17201,8700.493
17202,8701.080
17203,8701.513
17204,8701.909
17205,8702.542
17206,8703.037
17207,8703.490
17208,8704.047
17209,8704.514
17210,8704.964
17211,8705.573
17212,8706.066
17213,8706.488
17214,8706.912
17215,8707.423
17216,8707.916
17217,8708.446
17218,8708.989
17219,8709.411
17220,8710.056
17221,8710.512
17222,8711.013
17223,8711.539
17224,8712.021
17225,8712.418
17226,8712.998
17227,8713.451
17228,8713.962
17229,8714.576
17230,8715.050
17231,8715.410
17232,8715.954
17233,8716.559
17234,8717.047
17235,8717.446
17236,8718.093
17237,8718.462
17238,8718.920
17239,8719.494
17240,8719.956
17241,8720.426
17242,8721.043
17243,8721.546
17244,8721.975
17245,8722.419
17246,8722.930
17247,8723.513
17248,8723.967
17249,8724.479
17250,8725.076
17251,8725.476
17252,8725.940
17253,8726.444
17254,8727.044
17255,8727.520
17256,8728.027
17257,8728.524
17258,8728.949
17259,8729.584
17260,8730.053
17261,8730.438
17262,8730.904
17263,8731.430
17264,8732.027
17265,8732.419
17266,8732.955
17267,8733.564
17268,8734.046
17269,8734.583
17270,8735.010
17271,8735.474
17272,8736.072
17273,8736.442
17274,8737.052
17275,8737.459
17276,8738.086
17277,8738.500
17278,8738.947
17279,8739.435
17280,8740.058
17281,8740.522
17282,8740.911
17283,8741.467
17284,8742.075
17285,8742.522
17286,8743.030
17287,8743.475
17288,8744.030
17289,8744.491
17290,8745.015
17291,8745.541
17292,8745.933
17293,8746.555
17294,8746.981
17295,8747.427
17296,8748.094
17297,8748.443
17298,8749.034
17299,8749.450
17300,8749.964
17301,8750.422
17302,8751.019
17303,8751.528
17304,8752.099
17305,8752.575
17306,8752.994
17307,8753.599
17308,8754.020
17309,8754.416
17310,8754.947
17311,8755.485
17312,8755.965
17313,8756.541
17314,8757.026
17315,8757.467
17316,8757.947
17317,8758.498
17318,8759.050
17319,8759.423
17320,8760.056
17321,8760.448
17322,8760.909
17323,8761.426
17324,8761.933
17325,8762.556
17326,8763.041
17327,8763.506
17328,8764.054
17329,8764.490
17330,8765.020
17331,8765.494
17332,8766.063
17333,8766.531
17334,8767.039
17335,8767.473
17336,8768.099
17337,8768.548
17338,8768.953
17339,8769.500
17340,8770.025
17341,8770.554
17342,8770.906
17343,8771.513
17344,8772.029
17345,8772.477
17346,8772.950
17347,8773.568
17348,8773.985
17349,8774.431
17350,8774.951
17351,8775.496
17352,8775.975
17353,8776.538
17354,8776.993
17355,8777.440
17356,8777.923
17357,8778.535
17358,8779.079
17359,8779.494
17360,8779.936
17361,8780.487
17362,8781.075
17363,8781.413
17364,8781.927
17365,8782.491
17366,8783.060
17367,8783.587
17368,8784.089
17369,8784.537
17370,8784.934
17371,8785.542
17372,8786.077
17373,8786.467
17374,8786.927
17375,8787.471
17376,8788.045
17377,8788.593
17378,8789.090
17379,8789.444
17380,8790.079
17381,8790.431
17382,8790.929
17383,8791.590
17384,8792.036
17385,8792.446
17386,8792.915
17387,8793.548
17388,8793.935
17389,8794.559
17390,8794.964
17391,8795.449
17392,8795.918
17393,8796.432
17394,8797.056
17395,8797.570
17396,8797.938
17397,8798.461
17398,8798.900
17399,8799.534
17400,8799.980
17401,8800.509
17402,8801.061
17403,8801.533
17404,8801.989
17405,8802.516
17406,8802.959
17407,8803.544
17408,8803.932
17409,8804.444
17410,8804.985
17411,8805.597
17412,8805.999
17413,8806.443
17414,8806.905
17415,8807.402
17416,8807.938
17417,8808.451
17418,8809.073
17419,8809.438
17420,8809.970
17421,8810.412
17422,8810.989
17423,8811.579
17424,8811.948
17425,8812.433
17426,8812.957
17427,8813.549
17428,8813.986
17429,8814.556
17430,8815.000
17431,8815.596
17432,8816.055
17433,8816.409
17434,8816.942
17435,8817.440
17436,8817.965
17437,8818.544
17438,8819.085
17439,8819.427
17440,8819.962
17441,8820.502
17442,8821.021
17443,8821.528
17444,8822.071
17445,8822.469
17446,8823.059
17447,8823.445
17448,8823.922
17449,8824.416
17450,8825.046
17451,8825.410
17452,8826.075
17453,8826.527
17454,8827.052
17455,8827.470
17456,8828.049
17457,8828.558
17458,8828.976
17459,8829.549
17460,8829.948
17461,8830.425
17462,8830.984
17463,8831.540
17464,8831.908
17465,8832.559
17466,8832.936
17467,8833.588
17468,8833.971
17469,8834.568
17470,8835.009
17471,8835.578
17472,8835.905
17473,8836.571
17474,8836.946
17475,8837.516
17476,8837.929
17477,8838.513
17478,8839.033
17479,8839.480
17480,8840.029
17481,8840.443
17482,8840.913
17483,8841.437
17484,8842.093
17485,8842.445
17486,8842.942
17487,8843.568
17488,8844.021
17489,8844.447
17490,8845.072
17491,8845.416
17492,8846.073
17493,8846.536
17494,8847.021
17495,8847.408
17496,8848.016
17497,8848.525
17498,8848.933
17499,8849.443
17500,8850.039
17501,8850.474
17502,8850.955
17503,8851.444
17504,8852.012
17505,8852.538
17506,8852.993
17507,8853.592
17508,8853.988
17509,8854.525
17510,8854.950
17511,8855.420
17512,8855.921
17513,8856.472
17514,8856.914
17515,8857.474
17516,8857.926
17517,8858.540
17518,8859.067
17519,8859.598
17520,8859.979
17521,8860.409
17522,8860.943
17523,8861.463
17524,8862.080
17525,8862.599
17526,8863.076
17527,8863.547
17528,8863.967
17529,8864.530
17530,8865.001
17531,8865.474
17532,8866.081
17533,8866.580
17534,8866.973
17535,8867.585
17536,8867.963
17537,8868.480
17538,8868.939
17539,8869.476
17540,8870.026
17541,8870.487
17542,8870.938
17543,8871.527
17544,8871.983
17545,8872.596
17546,8873.052
17547,8873.561
17548,8873.931
17549,8874.516
17550,8874.912
17551,8875.472
17552,8876.043
17553,8876.486
17554,8876.970
17555,8877.417
17556,8878.091
17557,8878.449
17558,8879.031
17559,8879.459
17560,8880.095
17561,8880.539
17562,8881.054
17563,8881.492
17564,8881.933
17565,8882.520
17566,8882.914
17567,8883.599
17568,8883.981
17569,8884.470
17570,8884.929
17571,8885.493
17572,8886.071
17573,8886.440
17574,8886.959
17575,8887.454
17576,8888.082
17577,8888.476
17578,8889.084
17579,8889.530
17580,8889.901
17581,8890.479
17582,8891.035
17583,8891.580
17584,8892.078
17585,8892.508
17586,8893.089
17587,8893.475
17588,8894.004
17589,8894.530
17590,8895.056
17591,8895.586
17592,8895.936
17593,8896.591
17594,8896.982
17595,8897.505
17596,8897.954
17597,8898.485
17598,8898.991
17599,8899.598
17600,8899.963
17601,8900.510
17602,8901.033
17603,8901.529
17604,8901.977
17605,8902.452
17606,8903.082
17607,8903.498
17608,8904.092
17609,8904.548
17610,8904.976
17611,8905.457
17612,8905.969
17613,8906.438
17614,8906.922
17615,8907.571
17616,8907.990
17617,8908.511
17618,8908.902
17619,8909.541
17620,8909.935
17621,8910.552
17622,8910.918
17623,8911.488
17624,8911.971
17625,8912.564
17626,8913.040
17627,8913.468
17628,8914.062
17629,8914.558
17630,8915.008
17631,8915.461
17632,8915.951
17633,8916.411
17634,8917.019
17635,8917.438
17636,8918.057
17637,8918.599
17638,8919.060
17639,8919.543
17640,8920.001
17641,8920.433
17642,8920.981
17643,8921.582
17644,8922.094
17645,8922.599
17646,8922.901
17647,8923.554
17648,8923.906
17649,8924.550
17650,8924.936
17651,8925.425
17652,8926.030
17653,8926.535
17654,8926.903
17655,8927.455
17656,8927.983
17657,8928.401
17658,8929.088
17659,8929.538
17660,8929.933
17661,8930.561
17662,8930.979
17663,8931.476
17664,8931.974
17665,8932.468
17666,8932.989
17667,8933.463
17668,8934.002
17669,8934.401
17670,8934.952
17671,8935.420
17672,8936.027
17673,8936.571
17674,8937.073
17675,8937.435
17676,8937.910
17677,8938.565
17678,8939.079
17679,8939.509
17680,8939.943
17681,8940.478
17682,8941.030
17683,8941.573
17684,8942.063
17685,8942.413
17686,8943.046
17687,8943.547
17688,8944.026
17689,8944.509
17690,8944.952
17691,8945.501
17692,8946.029
17693,8946.478
17694,8947.019
17695,8947.411
17696,8947.954
17697,8948.431
17698,8949.035
17699,8949.421
17700,8950.074
17701,8950.567
17702,8951.087
17703,8951.476
17704,8951.946
17705,8952.497
17706,8953.065
17707,8953.534
17708,8954.091
17709,8954.513
17710,8954.923
17711,8955.543
17712,8956.036
17713,8956.587
17714,8957.031
17715,8957.514
17716,8958.031
17717,8958.499
17718,8958.995
17719,8959.419
17720,8959.930
17721,8960.580
17722,8961.046
17723,8961.600
17724,8961.996
17725,8962.545
17726,8963.087
17727,8963.522
17728,8963.904
17729,8964.507
17730,8965.058
17731,8965.427
17732,8965.940
17733,8966.447
17734,8966.960
17735,8967.415
17736,8967.938
17737,8968.551
17738,8969.048
17739,8969.438
17740,8970.077
17741,8970.583
17742,8971.057
17743,8971.594
17744,8971.982
17745,8972.557
17746,8972.979
17747,8973.583
17748,8974.095
17749,8974.547
17750,8975.013
17751,8975.478
17752,8976.074
17753,8976.548
17754,8977.023
17755,8977.445
17756,8978.081
17757,8978.501
17758,8979.061
17759,8979.401
17760,8980.003
17761,8980.523
17762,8980.970
17763,8981.441
17764,8981.999
17765,8982.450
17766,8983.096
17767,8983.582
17768,8983.961
17769,8984.543
17770,8984.960
17771,8985.495
17772,8985.978
17773,8986.513
17774,8987.041
17775,8987.554
17776,8987.908
17777,8988.532
17778,8988.911
17779,8989.462
17780,8989.925
17781,8990.454
17782,8990.973
17783,8991.477
17784,8991.986
17785,8992.582
17786,8992.944
17787,8993.487
17788,8993.944
17789,8994.448
17790,8994.946
17791,8995.416
17792,8996.065
17793,8996.494
17794,8996.996
17795,8997.573
17796,8997.926
17797,8998.468
17798,8999.071
17799,8999.432
17800,9000.072
17801,9000.410
17802,9001.001
17803,9001.420
17804,9001.981
17805,9002.420
17806,9002.964
17807,9003.522
17808,9004.093
17809,9004.537
17810,9004.952
17811,9005.523
17812,9005.921
17813,9006.468
17814,9007.080
17815,9007.524
17816,9007.966
17817,9008.498
17818,9009.030
17819,9009.555
17820,9010.060
17821,9010.586
17822,9010.917
17823,9011.466
17824,9011.961
17825,9012.587
17826,9013.068
17827,9013.565
17828,9014.076
17829,9014.529
17830,9015.085
17831,9015.488
17832,9015.990
17833,9016.530
17834,9017.008
17835,9017.587
17836,9018.003
17837,9018.458
17838,9019.095
17839,9019.573
17840,9020.041
17841,9020.426
17842,9020.939
17843,9021.511
17844,9021.970
17845,9022.416
17846,9023.057
17847,9023.516
17848,9023.966
17849,9024.501
17850,9025.046
17851,9025.490
17852,9026.095
17853,9026.593
17854,9027.068
17855,9027.530
17856,9027.901
17857,9028.580
17858,9029.089
17859,9029.456
17860,9030.063
17861,9030.468
17862,9030.906
17863,9031.505
17864,9031.942
17865,9032.559
17866,9033.066
17867,9033.600
17868,9034.025
17869,9034.510
17870,9034.995
17871,9035.461
17872,9036.098
17873,9036.545
17874,9036.981
17875,9037.514
17876,9038.082
17877,9038.585
17878,9038.993
17879,9039.535
17880,9039.927
17881,9040.433
17882,9040.948
17883,9041.430
17884,9041.952
17885,9042.516
17886,9043.018
17887,9043.506
17888,9044.018
17889,9044.413
17890,9045.082
17891,9045.515
17892,9045.933
17893,9046.540
17894,9046.912
17895,9047.576
17896,9047.935
17897,9048.445
17898,9049.060
17899,9049.409
17900,9049.931
17901,9050.541
17902,9050.921
17903,9051.535
17904,9051.947
17905,9052.584
17906,9053.091
17907,9053.567
17908,9054.022
17909,9054.593
17910,9055.070
17911,9055.433
17912,9055.977
17913,9056.506
17914,9057.088
17915,9057.584
17916,9058.049
17917,9058.551
17918,9058.986
17919,9059.409
17920,9060.034
17921,9060.542
17922,9061.001
17923,9061.496
17924,9062.056
17925,9062.507
17926,9063.032
17927,9063.591
17928,9063.960
17929,9064.489
17930,9064.914
17931,9065.514
17932,9065.980
17933,9066.441
17934,9067.052
17935,9067.499
17936,9067.958
17937,9068.593
17938,9069.068
17939,9069.595
17940,9070.078
17941,9070.513
17942,9071.044
17943,9071.409
17944,9071.997
17945,9072.527
17946,9073.043
17947,9073.541
17948,9073.995
17949,9074.428
17950,9074.917
17951,9075.471
17952,9076.020
17953,9076.526
17954,9077.067
17955,9077.599
17956,9078.042
17957,9078.592
17958,9078.931
17959,9079.550
17960,9080.088
17961,9080.450
17962,9081.044
17963,9081.406
17964,9082.000
17965,9082.474
17966,9083.063
17967,9083.533
17968,9084.092
17969,9084.487
17970,9084.943
17971,9085.544
17972,9086.019
17973,9086.540
17974,9086.943
17975,9087.523
17976,9088.098
17977,9088.532
17978,9088.988
17979,9089.517
17980,9090.092
17981,9090.495
17982,9090.930
17983,9091.518
17984,9091.952
17985,9092.546
17986,9093.037
17987,9093.503
17988,9094.015
17989,9094.585
17990,9095.090
17991,9095.411
17992,9096.026
17993,9096.580
17994,9096.994
17995,9097.520
17996,9098.000
17997,9098.503
17998,9099.038
17999,9099.425
18000,9100.034
18001,9100.476
18002,9100.927
18003,9101.419
18004,9102.098
18005,9102.519
18006,9103.019
18007,9103.549
18008,9104.071
18009,9104.527
18010,9104.912
18011,9105.499
18012,9105.910
18013,9106.435
18014,9106.926
18015,9107.429
18016,9108.088
18017,9108.439
18018,9109.067
18019,9109.514
18020,9110.045
18021,9110.565
18022,9110.918
18023,9111.562
18024,9112.087
18025,9112.540
18026,9113.064
18027,9113.432
18028,9113.951
18029,9114.484
18030,9115.069
18031,9115.488
18032,9116.084
18033,9116.400
18034,9116.960
18035,9117.561
18036,9117.903
18037,9118.598
18038,9119.054
18039,9119.417
18040,9120.071
18041,9120.597
18042,9121.049
18043,9121.549
18044,9122.010
18045,9122.433
18046,9122.919
18047,9123.450
18048,9123.971
18049,9124.441
18050,9124.901
18051,9125.508
18052,9125.963
18053,9126.480
18054,9126.935
18055,9127.542
18056,9127.975
18057,9128.538
18058,9128.983
18059,9129.440
18060,9129.912
18061,9130.463
18062,9130.924
18063,9131.543
18064,9132.068
18065,9132.500
18066,9132.992
18067,9133.484
18068,9134.096
18069,9134.465
18070,9134.961
18071,9135.546
18072,9136.026
18073,9136.586
18074,9137.080
18075,9137.580
18076,9138.045
18077,9138.510
18078,9139.036
18079,9139.591
18080,9140.077
18081,9140.579
18082,9141.044
18083,9141.479
18084,9142.099
18085,9142.562
18086,9143.044
18087,9143.541
18088,9143.979
18089,9144.501
18090,9145.025
18091,9145.463
18092,9146.001
18093,9146.596
18094,9146.999
18095,9147.440
18096,9148.058
18097,9148.585
18098,9149.025
18099,9149.406
18100,9149.984
18101,9150.431
18102,9150.916
18103,9151.538
18104,9152.034
18105,9152.459
18106,9153.033
18107,9153.465
18108,9154.050
18109,9154.500
18110,9154.986
18111,9155.513
18112,9155.978
18113,9156.589
18114,9157.069
18115,9157.593
18116,9158.099
18117,9158.494
18118,9159.033
18119,9159.475
18120,9160.065
18121,9160.581
18122,9161.014
18123,9161.483
18124,9161.965
18125,9162.509
18126,9163.051
18127,9163.435
18128,9164.023
18129,9164.588
18130,9164.952
18131,9165.527
18132,9166.004
18133,9166.465
18134,9167.008
18135,9167.484
18136,9167.900
18137,9168.471
18138,9169.089
18139,9169.580
18140,9169.977
18141,9170.576
18142,9171.030
18143,9171.431
18144,9172.050
18145,9172.499
18146,9172.998
18147,9173.508
18148,9173.956
18149,9174.494
18150,9175.075
18151,9175.496
18152,9175.932
18153,9176.552
18154,9177.054
18155,9177.516
18156,9177.950
18157,9178.412
18158,9179.005
18159,9179.410
18160,9180.065
18161,9180.497
18162,9180.955
18163,9181.520
18164,9181.908
18165,9182.486
18166,9183.033
18167,9183.513
18168,9184.053
18169,9184.521
18170,9185.011
18171,9185.547
18172,9185.975
18173,9186.484
18174,9186.975
18175,9187.566
18176,9188.074
18177,9188.538
18178,9189.082
18179,9189.559
18180,9190.041
18181,9190.473
18182,9190.925
18183,9191.509
18184,9192.064
18185,9192.513
18186,9192.939
18187,9193.400
18188,9194.076
18189,9194.597
18190,9194.942
18191,9195.470
18192,9196.093
18193,9196.403
18194,9197.056
18195,9197.484
18196,9197.944
18197,9198.582
18198,9198.973
18199,9199.581
18200,9199.955
18201,9200.497
18202,9201.084
18203,9201.491
18204,9201.921
18205,9202.577
18206,9203.044
18207,9203.450
18208,9204.066
18209,9204.437
18210,9204.962
18211,9205.446
18212,9205.926
18213,9206.427
18214,9206.958
18215,9207.561
18216,9208.062
18217,9208.469
18218,9209.092
18219,9209.430
18220,9209.900
18221,9210.594
18222,9210.974
18223,9211.550
18224,9212.085
18225,9212.512
18226,9212.952
18227,9213.554
18228,9213.954
18229,9214.567
18230,9214.903
18231,9215.434
18232,9216.062
18233,9216.454
18234,9216.930
18235,9217.592
18236,9217.910
18237,9218.505
18238,9218.968
18239,9219.404
18240,9219.933
18241,9220.495
18242,9220.967
18243,9221.435
18244,9221.980
18245,9222.464
18246,9222.939
18247,9223.452
18248,9223.978
18249,9224.573
18250,9224.915
18251,9225.405
18252,9225.907
18253,9226.466
18254,9227.033
18255,9227.557
18256,9228.053
18257,9228.405
18258,9229.061
18259,9229.516
18260,9229.931
18261,9230.442
18262,9230.977
18263,9231.401
18264,9231.969
18265,9232.453
18266,9233.060
18267,9233.427
18268,9234.095
18269,9234.578
18270,9235.044
18271,9235.568
18272,9236.016
18273,9236.474
18274,9237.024
18275,9237.405
18276,9238.016
18277,9238.414
18278,9238.947
18279,9239.438
18280,9239.964
18281,9240.597
18282,9240.974
18283,9241.401
18284,9241.946
18285,9242.592
18286,9243.092
18287,9243.580
18288,9243.955
18289,9244.421
18290,9244.973
18291,9245.402
18292,9245.921
18293,9246.418
18294,9247.060
18295,9247.424
18296,9248.001
18297,9248.595
18298,9248.919
18299,9249.552
18300,9250.100
18301,9250.513
18302,9251.083
18303,9251.423
18304,9251.912
18305,9252.587
18306,9253.059
18307,9253.482
18308,9253.906
18309,9254.577
18310,9255.045
18311,9255.485
18312,9256.059
18313,9256.430
18314,9257.022
18315,9257.595
18316,9257.995
18317,9258.419
18318,9258.962
18319,9259.522
18320,9260.033
18321,9260.513
18322,9261.018
18323,9261.457
18324,9262.022
18325,9262.451
18326,9263.007
18327,9263.576
18328,9264.050
18329,9264.590
18330,9265.036
18331,9265.423
18332,9265.910
18333,9266.457
18334,9267.006
18335,9267.557
18336,9267.990
18337,9268.421
18338,9268.984
18339,9269.507
18340,9269.935
18341,9270.440
18342,9271.051
18343,9271.438
18344,9271.943
18345,9272.480
18346,9272.983
18347,9273.562
18348,9274.057
18349,9274.568
18350,9275.004
18351,9275.431
18352,9276.069
18353,9276.582
18354,9277.086
18355,9277.460
18356,9277.946
18357,9278.582
18358,9279.099
18359,9279.437
18360,9279.981
18361,9280.469
18362,9280.928
18363,9281.483
18364,9282.073
18365,9282.529
18366,9283.076
18367,9283.524
18368,9284.077
18369,9284.430
18370,9285.092
18371,9285.469
18372,9285.921
18373,9286.582
18374,9286.911
18375,9287.420
18376,9287.947
18377,9288.529
18378,9289.078
18379,9289.527
18380,9290.097
18381,9290.585
18382,9291.040
18383,9291.530
18384,9291.992
18385,9292.499
18386,9293.042
18387,9293.410
18388,9294.070
18389,9294.481
18390,9295.079
18391,9295.426
18392,9296.008
18393,9296.420
18394,9296.924
18395,9297.428
18396,9298.077
18397,9298.485
18398,9299.042
18399,9299.452
18400,9299.946
18401,9300.525
18402,9300.968
18403,9301.580
18404,9302.031
18405,9302.401
18406,9303.079
18407,9303.513
18408,9303.958
18409,9304.566
18410,9304.956
18411,9305.544
18412,9306.081
18413,9306.546
18414,9307.062
18415,9307.552
18416,9307.908
18417,9308.543
18418,9309.011
18419,9309.469
18420,9310.077
18421,9310.554
18422,9311.050
18423,9311.514
18424,9312.003
18425,9312.580
18426,9312.937
18427,9313.529
18428,9313.977
18429,9314.563
18430,9314.948
18431,9315.520
18432,9316.042
18433,9316.499
18434,9316.959
18435,9317.477
18436,9318.014
18437,9318.432
18438,9319.035
18439,9319.574
18440,9319.902
18441,9320.498
18442,9321.081
18443,9321.417
18444,9321.909
18445,9322.496
18446,9323.035
18447,9323.558
18448,9324.058
18449,9324.559
18450,9324.937
18451,9325.595
18452,9325.926
18453,9326.404
18454,9327.009
18455,9327.494
18456,9327.992
18457,9328.421
18458,9329.057
18459,9329.554
18460,9330.041
18461,9330.541
18462,9330.929
18463,9331.579
18464,9331.936
18465,9332.455
18466,9333.052
18467,9333.404
18468,9333.968
18469,9334.551
18470,9334.936
18471,9335.470
18472,9336.076
18473,9336.464
18474,9337.057
18475,9337.412
18476,9337.924
18477,9338.580
18478,9338.992
18479,9339.437
18480,9340.069
18481,9340.462
18482,9341.074
18483,9341.491
18484,9342.036
18485,9342.566
18486,9342.999
18487,9343.485
18488,9343.992
18489,9344.440
18490,9344.971
18491,9345.480
18492,9346.093
18493,9346.559
18494,9346.934
18495,9347.418
18496,9347.988
18497,9348.427
18498,9348.964
18499,9349.549
18500,9349.981
18501,9350.460
18502,9350.980
18503,9351.429
18504,9352.055
18505,9352.522
18506,9353.014
18507,9353.574
18508,9354.092
18509,9354.493
18510,9354.910
18511,9355.560
18512,9355.923
18513,9356.473
18514,9357.095
18515,9357.511
18516,9358.012
18517,9358.580
18518,9358.990
18519,9359.415
18520,9359.917
18521,9360.542
18522,9361.099
18523,9361.569
18524,9362.016
18525,9362.540
18526,9363.096
18527,9363.509
18528,9364.059
18529,9364.569
18530,9365.054
18531,9365.407
18532,9365.935
18533,9366.575
18534,9366.959
18535,9367.494
18536,9368.013
18537,9368.563
18538,9369.038
18539,9369.544
18540,9369.941
18541,9370.417
18542,9370.986
18543,9371.552
18544,9372.006
18545,9372.572
18546,9372.958
18547,9373.415
18548,9374.010
18549,9374.494
18550,9374.967
18551,9375.455
18552,9375.923
18553,9376.592
18554,9377.019
18555,9377.548
18556,9377.934
18557,9378.474
18558,9378.989
18559,9379.437
18560,9380.065
18561,9380.503
18562,9381.071
18563,9381.599
18564,9381.937
18565,9382.434
18566,9382.956
18567,9383.525
18568,9384.038
18569,9384.574
18570,9385.056
18571,9385.597
18572,9386.093
18573,9386.405
18574,9387.057
18575,9387.549
18576,9387.962
18577,9388.553
18578,9388.916
18579,9389.427
18580,9389.912
18581,9390.538
18582,9390.901
18583,9391.460
18584,9392.035
18585,9392.489
18586,9393.042
18587,9393.434
18588,9393.977
18589,9394.495
18590,9394.964
18591,9395.437
18592,9396.077
18593,9396.597
18594,9396.937
18595,9397.594
18596,9398.077
18597,9398.553
18598,9398.983
18599,9399.554
18600,9399.976
18601,9400.418
18602,9401.096
18603,9401.479
18604,9402.020
18605,9402.588
18606,9403.037
18607,9403.548
18608,9403.936
18609,9404.555
18610,9405.044
18611,9405.454
18612,9405.921
18613,9406.522
18614,9407.076
18615,9407.519
18616,9408.032
18617,9408.468
18618,9409.074
18619,9409.449
18620,9410.003
18621,9410.588
18622,9410.977
18623,9411.539
18624,9411.990
18625,9412.496
18626,9412.944
18627,9413.445
18628,9413.955
18629,9414.505
18630,9415.033
18631,9415.533
18632,9416.008
18633,9416.427
18634,9416.931
18635,9417.576
18636,9418.088
18637,9418.520
18638,9419.056
18639,9419.466
18640,9419.942
18641,9420.560
18642,9420.945
18643,9421.573
18644,9421.901
18645,9422.495
18646,9422.929
18647,9423.467
18648,9423.903
18649,9424.470
18650,9425.061
18651,9425.434
18652,9425.956
18653,9426.535
18654,9427.085
18655,9427.465
18656,9428.098
18657,9428.471
18658,9429.063
18659,9429.537
18660,9430.098
18661,9430.500
18662,9431.032
18663,9431.468
18664,9431.940
18665,9432.542
18666,9433.048
18667,9433.447
18668,9433.978
18669,9434.597
18670,9434.907
18671,9435.425
18672,9435.962
18673,9436.584
18674,9437.087
18675,9437.451
18676,9438.009
18677,9438.590
18678,9438.930
18679,9439.408
18680,9439.962
18681,9440.563
18682,9441.037
18683,9441.466
18684,9442.007
18685,9442.538
18686,9443.081
18687,9443.567
18688,9443.916
18689,9444.494
18690,9444.909
18691,9445.505
18692,9445.948
18693,9446.469
18694,9446.972
18695,9447.521
18696,9448.028
18697,9448.571
18698,9449.015
18699,9449.533
18700,9449.962
18701,9450.596
18702,9451.050
18703,9451.554
18704,9452.019
18705,9452.510
18706,9453.100
18707,9453.522
18708,9454.051
18709,9454.525
18710,9455.013
18711,9455.587
18712,9455.951
18713,9456.425
18714,9457.049
18715,9457.433
18716,9458.045
18717,9458.531
18718,9459.078
18719,9459.584
18720,9459.954
18721,9460.536
18722,9460.904
18723,9461.531
18724,9461.935
18725,9462.490
18726,9463.023
18727,9463.588
18728,9463.979
18729,9464.428
18730,9465.016
18731,9465.484
18732,9465.970
18733,9466.494
18734,9466.979
18735,9467.463
18736,9467.980
18737,9468.492
18738,9469.100
18739,9469.586
18740,9469.957
18741,9470.556
18742,9470.959
18743,9471.570
18744,9472.043
18745,9472.424
18746,9473.030
18747,9473.425
18748,9474.006
18749,9474.540
18750,9474.960
18751,9475.483
18752,9475.948
18753,9476.571
18754,9476.901
18755,9477.403
18756,9478.024
18757,9478.457
18758,9478.946
18759,9479.534
18760,9480.095
18761,9480.414
18762,9480.975
18763,9481.457
18764,9481.918
18765,9482.543
18766,9483.046
18767,9483.553
18768,9483.927
18769,9484.575
18770,9484.976
18771,9485.471
18772,9486.064
18773,9486.587
18774,9487.002
18775,9487.492
18776,9487.935
18777,9488.416
18778,9488.931
18779,9489.551
18780,9490.018
18781,9490.452
18782,9490.966
18783,9491.562
18784,9491.994
18785,9492.501
18786,9493.045
18787,9493.424
18788,9493.943
18789,9494.551
18790,9495.051
18791,9495.460
18792,9495.918
18793,9496.401
18794,9496.952
18795,9497.465
18796,9498.052
18797,9498.477
18798,9499.081
18799,9499.532
18800,9500.094
18801,9500.429
18802,9500.997
18803,9501.535
18804,9501.980
18805,9502.537
18806,9503.000
18807,9503.464
18808,9503.952
18809,9504.570
18810,9505.100
18811,9505.551
18812,9505.978
18813,9506.423
18814,9506.926
18815,9507.531
18816,9507.979
18817,9508.508
18818,9508.927
18819,9509.560
18820,9510.063
18821,9510.537
18822,9510.913
18823,9511.482
18824,9512.062
18825,9512.512
18826,9513.022
18827,9513.541
18828,9513.998
18829,9514.427
18830,9514.936
18831,9515.492
18832,9515.951
18833,9516.446
18834,9517.063
18835,9517.517
18836,9518.066
18837,9518.464
18838,9519.066
18839,9519.410
18840,9519.996
18841,9520.592
18842,9520.990
18843,9521.550
18844,9522.066
18845,9522.467
18846,9523.019
18847,9523.435
18848,9523.938
18849,9524.443
18850,9524.940
18851,9525.422
18852,9525.927
18853,9526.473
18854,9527.043
18855,9527.456
18856,9527.974
18857,9528.438
18858,9528.921
18859,9529.432
18860,9529.994
18861,9530.572
18862,9531.073
18863,9531.498
18864,9532.050
18865,9532.528
18866,9532.906
18867,9533.592
18868,9534.096
18869,9534.528
18870,9535.077
18871,9535.524
18872,9535.981
18873,9536.461
18874,9536.901
18875,9537.522
18876,9538.094
18877,9538.574
18878,9538.982
18879,9539.478
18880,9540.070
18881,9540.439
18882,9541.054
18883,9541.514
18884,9541.981
18885,9542.532
18886,9543.050
18887,9543.551
18888,9543.980
18889,9544.479
18890,9544.950
18891,9545.531
18892,9546.007
18893,9546.491
18894,9547.023
18895,9547.594
18896,9547.986
18897,9548.565
18898,9548.907
18899,9549.550
18900,9549.984
18901,9550.461
18902,9551.057
18903,9551.522
18904,9552.005
18905,9552.581
18906,9552.939
18907,9553.537
18908,9553.969
18909,9554.519
18910,9555.087
18911,9555.448
18912,9555.948
18913,9556.481
18914,9557.012
18915,9557.420
18916,9558.037
18917,9558.437
18918,9559.012
18919,9559.557
18920,9560.008
18921,9560.591
18922,9560.924
18923,9561.407
18924,9561.932
18925,9562.425
18926,9562.981
18927,9563.432
18928,9563.919
18929,9564.564
18930,9565.058
18931,9565.424
18932,9566.009
18933,9566.562
18934,9567.085
18935,9567.454
18936,9567.913
18937,9568.532
18938,9568.972
18939,9569.567
18940,9569.938
18941,9570.484
18942,9571.050
18943,9571.434
18944,9572.046
18945,9572.485
18946,9573.003
18947,9573.423
18948,9574.005
18949,9574.480
18950,9575.092
18951,9575.494
18952,9576.079
18953,9576.509
18954,9577.054
18955,9577.528
18956,9577.973
18957,9578.425
18958,9578.957
18959,9579.599
18960,9580.031
18961,9580.571
18962,9580.937
18963,9581.456
18964,9581.942
18965,9582.523
18966,9583.045
18967,9583.470
18968,9583.987
18969,9584.402
18970,9585.056
18971,9585.591
18972,9586.005
18973,9586.400
18974,9586.939
18975,9587.427
18976,9588.081
18977,9588.551
18978,9588.910
18979,9589.581
18980,9589.918
18981,9590.414
18982,9591.098
18983,9591.408
18984,9591.975
18985,9592.519
18986,9593.066
18987,9593.416
18988,9594.086
18989,9594.437
18990,9594.937
18991,9595.456
18992,9596.004
18993,9596.405
18994,9597.001
18995,9597.445
18996,9598.010
18997,9598.437
18998,9599.004
18999,9599.425
19000,9599.908
19001,9600.501
19002,9600.935
19003,9601.411
19004,9601.966
19005,9602.494
19006,9603.046
19007,9603.440
19008,9604.018
19009,9604.521
19010,9604.981
19011,9605.476
19012,9605.987
19013,9606.544
19014,9607.004
19015,9607.483
19016,9608.026
19017,9608.558
19018,9609.079
19019,9609.432
19020,9609.930
19021,9610.468
19022,9611.027
19023,9611.408
19024,9612.044
19025,9612.411
19026,9613.009
19027,9613.495
19028,9614.042
19029,9614.475
19030,9615.006
19031,9615.466
19032,9615.906
19033,9616.412
19034,9617.078
19035,9617.532
19036,9617.931
19037,9618.427
19038,9619.084
19039,9619.406
19040,9619.934
19041,9620.495
19042,9620.958
19043,9621.555
19044,9621.954
19045,9622.527
19046,9622.928
19047,9623.439
19048,9624.084
19049,9624.527
19050,9625.006
19051,9625.472
19052,9625.987
19053,9626.573
19054,9626.984
19055,9627.491
19056,9627.984
19057,9628.580
19058,9629.019
19059,9629.540
19060,9630.018
19061,9630.524
19062,9630.944
19063,9631.568
19064,9632.060
19065,9632.478
19066,9633.015
19067,9633.482
19068,9634.048
19069,9634.402
19070,9634.902
19071,9635.532
19072,9636.060
19073,9636.483
19074,9636.980
19075,9637.595
19076,9637.912
19077,9638.539
19078,9639.068
19079,9639.534
19080,9640.053
19081,9640.545
19082,9640.953
19083,9641.529
19084,9642.073
19085,9642.416
19086,9643.027
19087,9643.401
19088,9643.951
19089,9644.479
19090,9645.024
19091,9645.479
19092,9645.934
19093,9646.597
19094,9646.951
19095,9647.426
19096,9647.908
19097,9648.526
19098,9649.021
19099,9649.567
19100,9650.050
19101,9650.529
19102,9651.044
19103,9651.466
19104,9651.944
19105,9652.592
19106,9653.086
19107,9653.591
19108,9654.029
19109,9654.548
19110,9654.991
19111,9655.496
19112,9655.979
19113,9656.439
19114,9657.026
19115,9657.594
19116,9657.910
19117,9658.474
19118,9659.037
19119,9659.499
19120,9659.999
19121,9660.442
19122,9660.912
19123,9661.514
19124,9661.985
19125,9662.598
19126,9663.035
19127,9663.588
19128,9663.999
19129,9664.493
19130,9665.046
19131,9665.506
19132,9665.943
19133,9666.495
19134,9666.961
19135,9667.437
19136,9667.926
19137,9668.477
19138,9668.937
19139,9669.547
19140,9670.087
19141,9670.414
19142,9671.012
19143,9671.512
19144,9672.035
19145,9672.500
19146,9673.013
19147,9673.596
19148,9673.900
19149,9674.557
19150,9674.918
19151,9675.544
19152,9675.970
19153,9676.463
19154,9677.047
19155,9677.500
19156,9677.910
19157,9678.493
19158,9678.979
19159,9679.495
19160,9680.005
19161,9680.500
19162,9680.941
19163,9681.485
19164,9682.025
19165,9682.542
19166,9683.028
19167,9683.504
19168,9684.073
19169,9684.568
19170,9685.004
19171,9685.469
19172,9686.004
19173,9686.597
19174,9686.990
19175,9687.418
19176,9687.954
19177,9688.492
19178,9688.902
19179,9689.556
19180,9689.959
19181,9690.566
19182,9690.975
19183,9691.515
19184,9691.951
19185,9692.464
19186,9692.922
19187,9693.542
19188,9693.909
19189,9694.567
19190,9694.949
19191,9695.475
19192,9695.966
19193,9696.539
19194,9697.045
19195,9697.424
19196,9698.039
19197,9698.447
19198,9699.012
19199,9699.548
19200,9699.900
19201,9700.560
19202,9701.038
19203,9701.539
19204,9702.033
19205,9702.453
19206,9702.902
19207,9703.420
19208,9703.973
19209,9704.406
19210,9705.063
19211,9705.497
19212,9705.921
19213,9706.558
19214,9707.010
19215,9707.582
19216,9708.023
19217,9708.472
19218,9708.982
19219,9709.590
19220,9710.076
19221,9710.588
19222,9711.088
19223,9711.477
19224,9712.073
19225,9712.482
19226,9712.990
19227,9713.597
19228,9714.047
19229,9714.413
19230,9714.924
19231,9715.458
19232,9715.940
19233,9716.547
19234,9717.053
19235,9717.533
19236,9718.072
19237,9718.481
19238,9718.974
19239,9719.418
19240,9719.995
19241,9720.469
19242,9721.009
19243,9721.587
19244,9721.992
19245,9722.493
19246,9722.975
19247,9723.441
19248,9723.949
19249,9724.546
19250,9725.035
19251,9725.439
19252,9726.004
19253,9726.454
19254,9727.022
19255,9727.562
19256,9728.086
19257,9728.460
19258,9728.981
19259,9729.446
19260,9729.911
19261,9730.564
19262,9731.065
19263,9731.557
19264,9731.909
19265,9732.402
19266,9732.959
19267,9733.428
19268,9733.949
19269,9734.459
19270,9735.073
19271,9735.491
19272,9735.927
19273,9736.455
19274,9736.960
19275,9737.485
19276,9738.039
19277,9738.581
19278,9739.028
19279,9739.448
19280,9740.079
19281,9740.504
19282,9741.064
19283,9741.509
19284,9741.912
19285,9742.414
19286,9743.054
19287,9743.547
19288,9744.041
19289,9744.532
19290,9745.033
19291,9745.492
19292,9745.932
19293,9746.510
19294,9747.040
19295,9747.573
19296,9747.978
19297,9748.416
19298,9748.925
19299,9749.589
19300,9750.053
19301,9750.408
19302,9751.036
19303,9751.508
19304,9751.973
19305,9752.529
19306,9752.968
19307,9753.596
19308,9753.905
19309,9754.477
19310,9754.943
19311,9755.411
19312,9756.059
19313,9756.503
19314,9756.997
19315,9757.403
19316,9758.066
19317,9758.567
19318,9759.008
19319,9759.448
19320,9759.956
19321,9760.489
19322,9760.955
19323,9761.583
19324,9761.984
19325,9762.577
19326,9763.042
19327,9763.532
19328,9764.003
19329,9764.414
19330,9764.952
19331,9765.594
19332,9765.944
19333,9766.448
19334,9767.088
19335,9767.423
19336,9767.959
19337,9768.463
19338,9768.988
19339,9769.558
19340,9769.943
19341,9770.439
19342,9770.997
19343,9771.404
19344,9772.057
19345,9772.428
19346,9773.069
19347,9773.466
19348,9773.996
19349,9774.406
19350,9775.073
19351,9775.482
19352,9776.069
19353,9776.562
19354,9776.907
19355,9777.461
19356,9778.075
19357,9778.404
19358,9778.954
19359,9779.416
19360,9780.043
19361,9780.419
19362,9781.080
19363,9781.496
19364,9782.057
19365,9782.442
19366,9783.036
19367,9783.411
19368,9784.031
19369,9784.574
19370,9784.907
19371,9785.575
19372,9785.976
19373,9786.458
19374,9787.067
19375,9787.505
19376,9788.051
19377,9788.559
19378,9788.903
19379,9789.494
19380,9790.054
19381,9790.492
19382,9790.964
19383,9791.526
19384,9792.065
19385,9792.561
19386,9792.993
19387,9793.457
19388,9793.918
19389,9794.404
19390,9794.964
19391,9795.448
19392,9796.084
19393,9796.411
19394,9796.927
19395,9797.479
19396,9798.014
19397,9798.549
19398,9798.902
19399,9799.523
19400,9799.983
19401,9800.496
19402,9801.043
19403,9801.512
19404,9802.038
19405,9802.414
19406,9803.075
19407,9803.412
19408,9804.098
19409,9804.431
19410,9804.973
19411,9805.595
19412,9805.996
19413,9806.533
19414,9806.946
19415,9807.529
19416,9808.021
19417,9808.524
19418,9809.100
19419,9809.436
19420,9809.952
19421,9810.430
19422,9810.920
19423,9811.460
19424,9812.081
19425,9812.542
19426,9813.003
19427,9813.551
19428,9813.956
19429,9814.457
19430,9814.904
19431,9815.529
19432,9815.916
19433,9816.510
19434,9816.914
19435,9817.563
19436,9818.050
19437,9818.586
19438,9818.901
19439,9819.496
19440,9820.091
19441,9820.430
19442,9820.943
19443,9821.514
19444,9822.093
19445,9822.435
19446,9823.076
19447,9823.481
19448,9823.904
19449,9824.561
19450,9824.989
19451,9825.560
19452,9826.083
19453,9826.561
19454,9826.993
19455,9827.478
19456,9827.923
19457,9828.442
19458,9828.904
19459,9829.545
19460,9829.964
19461,9830.467
19462,9830.940
19463,9831.513
19464,9832.028
19465,9832.421
19466,9833.037
19467,9833.470
19468,9833.931
19469,9834.437
19470,9835.008
19471,9835.559
19472,9836.073
19473,9836.548
19474,9836.966
19475,9837.412
19476,9838.044
19477,9838.497
19478,9839.023
19479,9839.479
19480,9839.956
19481,9840.433
19482,9840.912
19483,9841.474
19484,9842.033
19485,9842.526
19486,9842.993
19487,9843.560
19488,9843.937
19489,9844.587
19490,9845.013
19491,9845.537
19492,9845.960
19493,9846.591
19494,9847.018
19495,9847.485
19496,9848.058
19497,9848.472
19498,9849.099
19499,9849.440
19500,9849.978
19501,9850.472
19502,9851.052
19503,9851.562
19504,9852.081
19505,9852.493
19506,9853.006
19507,9853.447
19508,9854.092
19509,9854.587
19510,9854.918
19511,9855.560
19512,9855.942
19513,9856.406
19514,9856.971
19515,9857.520
19516,9857.988
19517,9858.505
19518,9858.957
19519,9859.441
19520,9860.066
19521,9860.428
19522,9861.081
19523,9861.437
19524,9861.982
19525,9862.589
19526,9862.927
19527,9863.492
19528,9864.058
19529,9864.539
19530,9865.035
19531,9865.468
19532,9866.045
19533,9866.496
19534,9867.020
19535,9867.489
19536,9867.913
19537,9868.438
19538,9868.928
19539,9869.409
19540,9870.045
19541,9870.574
19542,9871.001
19543,9871.447
19544,9871.968
19545,9872.536
19546,9872.936
19547,9873.449
19548,9874.001
19549,9874.405
19550,9874.993
19551,9875.587
19552,9876.050
19553,9876.457
19554,9876.909
19555,9877.574
19556,9878.012
19557,9878.486
19558,9879.024
19559,9879.493
19560,9879.921
19561,9880.491
19562,9881.099
19563,9881.562
19564,9881.946
19565,9882.548
19566,9882.986
19567,9883.561
19568,9884.090
19569,9884.573
19570,9885.076
19571,9885.591
19572,9886.090
19573,9886.575
19574,9886.994
19575,9887.418
19576,9888.034
19577,9888.502
19578,9889.011
19579,9889.443
19580,9890.050
19581,9890.570
19582,9891.009
19583,9891.456
19584,9891.955
19585,9892.501
19586,9892.978
19587,9893.471
19588,9894.067
19589,9894.410
19590,9895.064
19591,9895.428
19592,9895.950
19593,9896.521
19594,9896.974
19595,9897.495
19596,9898.093
19597,9898.490
19598,9898.945
19599,9899.443
19600,9899.978
19601,9900.566
19602,9900.957
19603,9901.462
19604,9902.029
19605,9902.481
19606,9902.916
19607,9903.566
19608,9903.985
19609,9904.400
19610,9904.992
19611,9905.478
19612,9906.036
19613,9906.599
19614,9907.044
19615,9907.581
19616,9907.952
19617,9908.409
19618,9909.047
19619,9909.471
19620,9909.937
19621,9910.440
19622,9911.056
19623,9911.443
19624,9912.041
19625,9912.446
19626,9912.995
19627,9913.497
19628,9914.048
19629,9914.538
19630,9915.041
19631,9915.460
19632,9915.906
19633,9916.559
19634,9917.038
19635,9917.442
19636,9917.975
19637,9918.562
19638,9919.045
19639,9919.582
19640,9919.996
19641,9920.442
19642,9920.914
19643,9921.562
19644,9922.051
19645,9922.547
19646,9923.054
19647,9923.406
19648,9924.075
19649,9924.532
19650,9925.005
19651,9925.434
19652,9925.936
19653,9926.549
19654,9926.925
19655,9927.505
19656,9927.944
19657,9928.473
19658,9928.906
19659,9929.592
19660,9929.927
19661,9930.488
19662,9931.097
19663,9931.509
19664,9931.972
19665,9932.452
19666,9933.062
19667,9933.557
19668,9934.016
19669,9934.497
19670,9935.002
19671,9935.519
19672,9935.909
19673,9936.490
19674,9937.095
19675,9937.599
19676,9938.071
19677,9938.549
19678,9939.018
19679,9939.562
19680,9940.037
19681,9940.551
19682,9940.965
19683,9941.511
19684,9941.939
19685,9942.431
19686,9942.905
19687,9943.561
19688,9943.927
19689,9944.553
19690,9944.964
19691,9945.482
19692,9945.957
19693,9946.514
19694,9946.916
19695,9947.581
19696,9947.941
19697,9948.576
19698,9948.920
19699,9949.521
19700,9949.962
19701,9950.407
19702,9950.910
19703,9951.504
19704,9952.052
19705,9952.418
19706,9952.990
19707,9953.499
19708,9953.928
19709,9954.534
19710,9955.024
19711,9955.573
19712,9955.975
19713,9956.484
19714,9956.942
19715,9957.592
19716,9957.987
19717,9958.512
19718,9959.085
19719,9959.548
19720,9960.024
19721,9960.536
19722,9961.027
19723,9961.493
19724,9961.954
19725,9962.586
19726,9963.039
19727,9963.562
19728,9964.059
19729,9964.593
19730,9964.918
19731,9965.474
19732,9965.989
19733,9966.441
19734,9966.977
19735,9967.493
19736,9968.030
19737,9968.478
19738,9969.008
19739,9969.586
19740,9970.069
19741,9970.598
19742,9970.926
19743,9971.540
19744,9971.981
19745,9972.414
19746,9972.974
19747,9973.596
19748,9974.072
19749,9974.476
19750,9974.977
19751,9975.420
19752,9976.094
19753,9976.585
19754,9976.941
19755,9977.587
19756,9977.920
19757,9978.552
19758,9979.074
19759,9979.597
19760,9980.056
19761,9980.511
19762,9980.986
19763,9981.415
19764,9981.972
19765,9982.465
19766,9982.935
19767,9983.403
19768,9984.011
19769,9984.562
19770,9985.013
19771,9985.575
19772,9985.935
19773,9986.476
19774,9986.947
19775,9987.585
19776,9987.970
19777,9988.476
19778,9988.911
19779,9989.418
19780,9989.915
19781,9990.542
19782,9990.906
19783,9991.437
19784,9992.083
19785,9992.455
19786,9992.989
19787,9993.554
19788,9994.013
19789,9994.404
19790,9994.927
19791,9995.548
19792,9995.965
19793,9996.443
19794,9997.011
19795,9997.502
19796,9997.918
19797,9998.528
19798,9999.060
19799,9999.457
19800,10000.076
19801,10000.416
19802,10001.072
19803,10001.472
19804,10002.065
19805,10002.564
19806,10002.976
19807,10003.529
19808,10004.074
19809,10004.416
19810,10004.995
19811,10005.512
19812,10005.993
19813,10006.442
19814,10007.038
19815,10007.526
19816,10008.096
19817,10008.493
19818,10009.021
19819,10009.495
19820,10009.985
19821,10010.578
19822,10010.981
19823,10011.534
19824,10011.973
19825,10012.450
19826,10013.068
19827,10013.434
19828,10013.925
19829,10014.504
19830,10014.988
19831,10015.566
19832,10015.967
19833,10016.575
19834,10016.976
19835,10017.549
19836,10018.053
19837,10018.519
19838,10018.940
19839,10019.591
19840,10020.094
19841,10020.408
19842,10020.961
19843,10021.509
19844,10022.001
19845,10022.479
19846,10023.036
19847,10023.465
19848,10024.074
19849,10024.533
19850,10025.093
19851,10025.462
19852,10025.926
19853,10026.413
19854,10026.940
19855,10027.589
19856,10027.934
19857,10028.472
19858,10028.954
19859,10029.516
19860,10030.056
19861,10030.470
19862,10031.092
19863,10031.560
19864,10031.907
19865,10032.492
19866,10032.901
19867,10033.572
19868,10034.008
19869,10034.600
19870,10035.035
19871,10035.568
19872,10035.947
19873,10036.578
19874,10037.073
19875,10037.463
19876,10038.027
19877,10038.578
19878,10039.017
19879,10039.505
19880,10039.963
19881,10040.481
19882,10040.970
19883,10041.525
19884,10042.048
19885,10042.594
19886,10043.069
19887,10043.431
19888,10044.060
19889,10044.450
19890,10044.940
19891,10045.600
19892,10045.935
19893,10046.488
19894,10047.069
19895,10047.547
19896,10047.918
19897,10048.441
19898,10048.950
19899,10049.526
19900,10049.904
19901,10050.571
19902,10050.967
19903,10051.451
19904,10051.984
19905,10052.482
19906,10053.079
19907,10053.452
19908,10054.073
19909,10054.430
19910,10054.959
19911,10055.583
19912,10056.054
19913,10056.445
19914,10056.937
19915,10057.526
19916,10058.001
19917,10058.407
19918,10059.000
19919,10059.452
19920,10060.076
19921,10060.502
19922,10060.919
19923,10061.420
19924,10062.052
19925,10062.553
19926,10062.910
19927,10063.595
19928,10064.066
19929,10064.465
19930,10064.946
19931,10065.524
19932,10065.908
19933,10066.595
19934,10067.074
19935,10067.527
19936,10067.978
19937,10068.586
19938,10068.910
19939,10069.494
19940,10069.929
19941,10070.404
19942,10070.956
19943,10071.483
19944,10072.000
19945,10072.589
19946,10073.089
19947,10073.517
19948,10073.911
19949,10074.507
19950,10074.981
19951,10075.452
19952,10075.929
19953,10076.503
19954,10076.941
19955,10077.449
19956,10077.915
19957,10078.410
19958,10078.950
19959,10079.425
19960,10079.914
19961,10080.441
19962,10080.994
19963,10081.569
19964,10082.088
19965,10082.511
19966,10083.080
19967,10083.415
19968,10083.977
19969,10084.585
19970,10084.936
19971,10085.434
19972,10086.031
19973,10086.404
19974,10087.096
19975,10087.436
19976,10087.954
19977,10088.441
19978,10088.981
19979,10089.469
19980,10090.070
19981,10090.430
19982,10091.033
19983,10091.595
19984,10091.943
19985,10092.591
19986,10093.030
19987,10093.424
19988,10093.929
19989,10094.516
19990,10095.047
19991,10095.514
19992,10096.095
19993,10096.535
19994,10097.057
19995,10097.582
19996,10098.084
19997,10098.498
19998,10099.031
19999,10099.560
20000,10099.975
20001,10100.507
20002,10100.965
20003,10101.520
20004,10102.090
20005,10102.570
20006,10103.022
20007,10103.466
20008,10103.994
20009,10104.491
20010,10104.976
20011,10105.584
20012,10105.911
20013,10106.453
20014,10107.032
20015,10107.517
20016,10107.964
20017,10108.573
20018,10108.979
20019,10109.488
20020,10110.033
20021,10110.515
20022,10110.979
20023,10111.549
20024,10112.071
20025,10112.533
20026,10113.067
20027,10113.461
20028,10113.946
20029,10114.499
20030,10114.994
20031,10115.460
20032,10115.909
20033,10116.591
20034,10116.999
20035,10117.585
20036,10118.097
20037,10118.450
20038,10119.093
20039,10119.521
20040,10120.079
20041,10120.540
20042,10120.987
20043,10121.548
20044,10121.939
20045,10122.520
20046,10122.999
20047,10123.585
20048,10124.097
20049,10124.561
20050,10124.986
20051,10125.445
20052,10126.017
20053,10126.528
20054,10127.009
20055,10127.499
20056,10128.025
20057,10128.595
20058,10128.924
20059,10129.404
20060,10129.968
20061,10130.449
20062,10130.953
20063,10131.452
20064,10131.988
20065,10132.419
20066,10133.029
20067,10133.513
20068,10134.024
20069,10134.535
20070,10135.032
20071,10135.471
20072,10136.022
20073,10136.575
20074,10137.065
20075,10137.513
20076,10138.048
20077,10138.489
20078,10138.921
20079,10139.420
20080,10139.942
20081,10140.548
20082,10141.086
20083,10141.500
20084,10142.026
20085,10142.512
20086,10142.910
20087,10143.466
20088,10143.977
20089,10144.525
20090,10144.902
20091,10145.492
20092,10145.913
20093,10146.532
20094,10147.048
20095,10147.514
20096,10147.995
20097,10148.500
20098,10148.915
20099,10149.447
20100,10149.948
20101,10150.401
20102,10151.096
20103,10151.561
20104,10152.060
20105,10152.561
20106,10153.075
20107,10153.426
20108,10153.905
20109,10154.599
20110,10154.976
20111,10155.423
20112,10156.006
20113,10156.587
20114,10156.962
20115,10157.486
20116,10157.994
20117,10158.515
20118,10158.901
20119,10159.574
20120,10160.008
20121,10160.488
20122,10160.985
20123,10161.460
20124,10161.967
20125,10162.431
20126,10163.036
20127,10163.425
20128,10163.954
20129,10164.448
20130,10165.096
20131,10165.522
20132,10165.973
20133,10166.495
20134,10167.034
20135,10167.467
20136,10167.923
20137,10168.588
20138,10169.033
20139,10169.529
20140,10169.911
20141,10170.452
20142,10170.951
20143,10171.563
20144,10172.096
20145,10172.557
20146,10173.071
20147,10173.419
20148,10173.966
20149,10174.593
20150,10174.950
20151,10175.572
20152,10176.033
20153,10176.570
20154,10176.998
20155,10177.497
20156,10178.027
20157,10178.570
20158,10179.086
20159,10179.537
20160,10180.011
20161,10180.410
20162,10180.970
20163,10181.545
20164,10181.956
20165,10182.526
20166,10183.037
20167,10183.510
20168,10183.919
20169,10184.572
20170,10185.096
20171,10185.540
20172,10186.044
20173,10186.406
20174,10187.031
20175,10187.595
20176,10187.986
20177,10188.535
20178,10189.007
20179,10189.439
20180,10189.958
20181,10190.589
20182,10190.944
20183,10191.467
20184,10191.983
20185,10192.454
20186,10193.085
20187,10193.414
20188,10194.079
20189,10194.463
20190,10194.932
20191,10195.456
20192,10195.923
20193,10196.457
20194,10196.949
20195,10197.552
20196,10198.036
20197,10198.571
20198,10199.072
20199,10199.584
20200,10200.013
20201,10200.529
20202,10201.041
20203,10201.586
20204,10201.961
20205,10202.414
20206,10203.073
20207,10203.573
20208,10203.974
20209,10204.488
20210,10205.014
20211,10205.514
20212,10206.089
20213,10206.518
20214,10206.945
20215,10207.572
20216,10207.999
20217,10208.489
20218,10208.931
20219,10209.554
20220,10210.003
20221,10210.456
20222,10211.030
20223,10211.537
20224,10212.078
20225,10212.482
20226,10212.964
20227,10213.573
20228,10214.083
20229,10214.494
20230,10214.956
20231,10215.501
20232,10215.942
20233,10216.569
20234,10216.915
20235,10217.545
20236,10217.932
20237,10218.400
20238,10219.039
20239,10219.524
20240,10220.022
20241,10220.406
20242,10220.907
20243,10221.432
20244,10222.018
20245,10222.546
20246,10223.030
20247,10223.551
20248,10223.944
20249,10224.473
20250,10224.958
20251,10225.574
20252,10225.915
20253,10226.438
20254,10227.068
20255,10227.428
20256,10228.034
20257,10228.512
20258,10228.960
20259,10229.430
20260,10229.957
20261,10230.492
20262,10230.939
20263,10231.405
20264,10232.089
20265,10232.419
20266,10233.065
20267,10233.586
20268,10234.098
20269,10234.400
20270,10235.079
20271,10235.550
20272,10236.018
20273,10236.437
20274,10237.044
20275,10237.448
20276,10238.078
20277,10238.473
20278,10238.922
20279,10239.450
20280,10240.092
20281,10240.541
20282,10241.060
20283,10241.409
20284,10242.020
20285,10242.536
20286,10242.980
20287,10243.477
20288,10244.012
20289,10244.599
20290,10244.916
20291,10245.445
20292,10245.945
20293,10246.594
20294,10246.913
20295,10247.510
20296,10248.097
20297,10248.451
20298,10248.904
20299,10249.569
20300,10250.069
20301,10250.419
20302,10250.958
20303,10251.529
20304,10251.978
20305,10252.580
20306,10252.984
20307,10253.585
20308,10253.909
20309,10254.452
20310,10255.063
20311,10255.549
20312,10256.007
20313,10256.490
20314,10257.081
20315,10257.546
20316,10258.070
20317,10258.532
20318,10258.989
20319,10259.430
20320,10260.065
20321,10260.465
20322,10260.912
20323,10261.467
20324,10262.059
20325,10262.499
20326,10263.028
20327,10263.532
20328,10263.926
20329,10264.579
20330,10265.073
20331,10265.527
20332,10265.971
20333,10266.402
20334,10267.077
20335,10267.449
20336,10267.996
20337,10268.585
20338,10269.096
20339,10269.476
20340,10270.083
20341,10270.505
20342,10270.991
20343,10271.471
20344,10271.909
20345,10272.481
20346,10273.069
20347,10273.479
20348,10273.923
20349,10274.469
20350,10275.040
20351,10275.581
20352,10276.073
20353,10276.419
20354,10276.998
20355,10277.533
20356,10277.981
20357,10278.509
20358,10278.970
20359,10279.456
20360,10279.958
20361,10280.471
20362,10281.073
20363,10281.426
20364,10281.911
20365,10282.472
20366,10283.028
20367,10283.442
20368,10284.060
20369,10284.508
20370,10284.947
20371,10285.461
20372,10285.939
20373,10286.541
20374,10287.004
20375,10287.464
20376,10288.021
20377,10288.562
20378,10288.925
20379,10289.461
20380,10289.939
20381,10290.583
20382,10291.005
20383,10291.514
20384,10292.084
20385,10292.540
20386,10292.957
20387,10293.487
20388,10293.946
20389,10294.458
20390,10295.082
20391,10295.442
20392,10295.964
20393,10296.519
20394,10296.929
20395,10297.513
20396,10298.051
20397,10298.491
20398,10298.935
20399,10299.437
20400,10300.003
20401,10300.401
20402,10301.052
20403,10301.502
20404,10301.931
20405,10302.593
20406,10303.035
20407,10303.430
20408,10303.922
20409,10304.421
20410,10304.996
20411,10305.423
20412,10306.013
20413,10306.578
20414,10306.993
20415,10307.584
20416,10308.065
20417,10308.578
20418,10308.931
20419,10309.505
20420,10310.093
20421,10310.452
20422,10310.935
20423,10311.493
20424,10312.089
20425,10312.560
20426,10313.011
20427,10313.407
20428,10314.059
20429,10314.496
20430,10315.070
20431,10315.460
20432,10316.051
20433,10316.500
20434,10316.941
20435,10317.446
20436,10317.958
20437,10318.569
20438,10319.021
20439,10319.503
20440,10319.966
20441,10320.497
20442,10321.083
20443,10321.455
20444,10321.934
20445,10322.442
20446,10323.078
20447,10323.588
20448,10324.084
20449,10324.439
20450,10325.054
20451,10325.547
20452,10326.028
20453,10326.551
20454,10326.976
20455,10327.516
20456,10327.932
20457,10328.536
20458,10329.008
20459,10329.559
20460,10330.049
20461,10330.423
20462,10330.937
20463,10331.478
20464,10332.011
20465,10332.430
20466,10332.990
20467,10333.532
20468,10333.975
20469,10334.423
20470,10334.944
20471,10335.549
20472,10335.935
20473,10336.445
20474,10336.918
20475,10337.592
20476,10337.988
20477,10338.541
20478,10339.018
20479,10339.537
20480,10339.915
20481,10340.421
20482,10340.933
20483,10341.490
20484,10342.040
20485,10342.438
20486,10342.905
20487,10343.596
20488,10344.030
20489,10344.434
20490,10345.088
20491,10345.495
20492,10346.058
20493,10346.488
20494,10346.906
20495,10347.469
20496,10348.084
20497,10348.582
20498,10348.972
20499,10349.537
20500,10349.970
20501,10350.589
20502,10350.981
20503,10351.547
20504,10352.085
20505,10352.542
20506,10352.974
20507,10353.493
20508,10354.011
20509,10354.499
20510,10354.969
20511,10355.566
20512,10356.040
20513,10356.505
20514,10357.017
20515,10357.594
20516,10357.975
20517,10358.533
20518,10359.088
20519,10359.444
20520,10360.024
20521,10360.460
20522,10361.019
20523,10361.436
20524,10362.030
20525,10362.559
20526,10362.941
20527,10363.585
20528,10364.083
20529,10364.487
20530,10364.985
20531,10365.491
20532,10366.033
20533,10366.467
20534,10366.979
20535,10367.599
20536,10367.994
20537,10368.507
20538,10369.061
20539,10369.414
20540,10370.093
20541,10370.411
20542,10371.035
20543,10371.435
20544,10371.909
20545,10372.511
20546,10373.078
20547,10373.585
20548,10374.038
20549,10374.527
20550,10374.931
20551,10375.424
20552,10375.917
20553,10376.426
20554,10376.943
20555,10377.409
20556,10378.050
20557,10378.541
20558,10378.946
20559,10379.425
20560,10380.009
20561,10380.540
20562,10381.022
20563,10381.410
20564,10382.033
20565,10382.454
20566,10382.950
20567,10383.400
20568,10384.020
20569,10384.496
20570,10384.955
20571,10385.428
20572,10386.035
20573,10386.528
20574,10387.038
20575,10387.430
20576,10387.920
20577,10388.423
20578,10388.917
20579,10389.509
20580,10390.018
20581,10390.438
20582,10390.975
20583,10391.515
20584,10392.086
20585,10392.525
20586,10393.008
20587,10393.587
20588,10394.093
20589,10394.482
20590,10394.933
20591,10395.467
20592,10395.938
20593,10396.406
20594,10397.056
20595,10397.401
20596,10397.998
20597,10398.490
20598,10399.020
20599,10399.418
20600,10399.983
20601,10400.438
20602,10400.968
20603,10401.486
20604,10401.972
20605,10402.521
20606,10402.930
20607,10403.405
20608,10404.030
20609,10404.598
20610,10405.043
20611,10405.569
20612,10405.916
20613,10406.451
20614,10406.984
20615,10407.412
20616,10407.921
20617,10408.566
20618,10408.974
20619,10409.573
20620,10410.020
20621,10410.571
20622,10410.979
20623,10411.419
20624,10411.905
20625,10412.401
20626,10413.078
20627,10413.580
20628,10414.032
20629,10414.473
20630,10415.013
20631,10415.475
20632,10415.906
20633,10416.439
20634,10416.950
20635,10417.484
20636,10418.085
20637,10418.407
20638,10418.983
20639,10419.457
20640,10420.013
20641,10420.462
20642,10421.043
20643,10421.542
20644,10422.039
20645,10422.452
20646,10422.942
20647,10423.534
20648,10423.986
20649,10424.469
20650,10424.902
20651,10425.456
20652,10425.970
20653,10426.403
20654,10427.050
20655,10427.587
20656,10428.025
20657,10428.594
20658,10428.971
20659,10429.595
20660,10430.028
20661,10430.598
20662,10431.064
20663,10431.530
20664,10431.943
20665,10432.452
20666,10432.966
20667,10433.545
20668,10434.074
20669,10434.564
20670,10434.979
20671,10435.419
20672,10436.077
20673,10436.444
20674,10436.976
20675,10437.576
20676,10438.037
20677,10438.426
20678,10438.945
20679,10439.512
20680,10440.014
20681,10440.513
20682,10440.952
20683,10441.582
20684,10442.084
20685,10442.560
20686,10442.983
20687,10443.540
20688,10444.040
20689,10444.542
20690,10444.977
20691,10445.408
20692,10445.957
20693,10446.406
20694,10446.964
20695,10447.477
20696,10447.980
20697,10448.475
20698,10449.002
20699,10449.459
20700,10450.013
20701,10450.438
20702,10450.971
20703,10451.515
20704,10452.054
20705,10452.415
20706,10452.947
20707,10453.405
20708,10453.958
20709,10454.449
20710,10455.065
20711,10455.430
20712,10456.083
20713,10456.548
20714,10457.021
20715,10457.413
20716,10457.923
20717,10458.524
20718,10458.967
20719,10459.432
20720,10460.042
20721,10460.571
20722,10461.018
20723,10461.593
20724,10461.923
20725,10462.598
20726,10462.993
20727,10463.532
20728,10464.088
20729,10464.419
20730,10464.938
20731,10465.477
20732,10465.946
20733,10466.401
20734,10466.969
20735,10467.587
20736,10467.982
20737,10468.448
20738,10469.079
20739,10469.585
20740,10469.949
20741,10470.492
20742,10471.077
20743,10471.491
20744,10471.968
20745,10472.492
20746,10473.071
20747,10473.541
20748,10473.909
20749,10474.524
20750,10475.028
20751,10475.441
20752,10475.979
20753,10476.527
20754,10476.931
20755,10477.514
20756,10477.953
20757,10478.438
20758,10479.014
20759,10479.513
20760,10480.052
20761,10480.530
20762,10481.001
20763,10481.481
20764,10482.041
20765,10482.480
20766,10482.937
20767,10483.523
20768,10484.024
20769,10484.523
20770,10485.047
20771,10485.471
20772,10485.932
20773,10486.486
20774,10487.052
20775,10487.557
20776,10488.031
20777,10488.492
20778,10488.998
20779,10489.454
20780,10489.919
20781,10490.406
20782,10490.947
20783,10491.426
20784,10491.937
20785,10492.520
20786,10493.032
20787,10493.409
20788,10493.976
20789,10494.412
20790,10495.063
20791,10495.508
20792,10496.000
20793,10496.442
20794,10496.921
20795,10497.485
20796,10498.098
20797,10498.597
20798,10499.058
20799,10499.519
20800,10499.957
20801,10500.595
20802,10501.063
20803,10501.448
20804,10502.075
20805,10502.452
20806,10502.985
20807,10503.540
20808,10504.061
20809,10504.593
20810,10505.035
20811,10505.515
20812,10506.038
20813,10506.470
20814,10507.033
20815,10507.479
20816,10508.077
20817,10508.568
20818,10508.944
20819,10509.428
20820,10510.045
20821,10510.592
20822,10510.922
20823,10511.500
20824,10511.957
20825,10512.497
20826,10512.988
20827,10513.458
20828,10513.986
20829,10514.589
20830,10515.050
20831,10515.469
20832,10516.093
20833,10516.586
20834,10517.035
20835,10517.416
20836,10517.902
20837,10518.522
20838,10518.915
20839,10519.454
20840,10519.988
20841,10520.559
20842,10520.986
20843,10521.414
20844,10522.059
20845,10522.553
20846,10523.040
20847,10523.410
20848,10524.050
20849,10524.524
20850,10525.048
20851,10525.577
20852,10525.984
20853,10526.594
20854,10526.908
20855,10527.547
20856,10527.984
20857,10528.464
20858,10528.977
20859,10529.425
20860,10530.098
20861,10530.418
20862,10531.021
20863,10531.429
20864,10532.016
20865,10532.448
20866,10532.962
20867,10533.578
20868,10533.995
20869,10534.409
20870,10535.046
20871,10535.597
20872,10536.024
20873,10536.533
20874,10537.063
20875,10537.510
20876,10537.960
20877,10538.548
20878,10538.931
20879,10539.515
20880,10540.053
20881,10540.599
20882,10540.948
20883,10541.535
20884,10541.995
20885,10542.529
20886,10542.934
20887,10543.574
20888,10543.915
20889,10544.475
20890,10544.976
20891,10545.588
20892,10546.006
20893,10546.406
20894,10546.973
20895,10547.414
20896,10548.026
20897,10548.472
20898,10549.046
20899,10549.580
20900,10549.971
20901,10550.456
20902,10550.976
20903,10551.550
20904,10552.097
20905,10552.483
20906,10552.954
20907,10553.540
20908,10553.974
20909,10554.474
20910,10555.058
20911,10555.588
20912,10556.002
20913,10556.457
20914,10556.901
20915,10557.436
20916,10557.929
20917,10558.467
20918,10559.027
20919,10559.476
20920,10560.099
20921,10560.520
20922,10561.089
20923,10561.582
20924,10562.050
20925,10562.519
20926,10563.044
20927,10563.595
20928,10563.926
20929,10564.577
20930,10564.955
20931,10565.412
20932,10565.994
20933,10566.468
20934,10566.924
20935,10567.454
20936,10567.978
20937,10568.558
20938,10569.058
20939,10569.410
20940,10570.068
20941,10570.438
20942,10570.974
20943,10571.421
20944,10571.975
20945,10572.541
20946,10572.991
20947,10573.492
20948,10573.973
20949,10574.518
20950,10575.015
20951,10575.433
20952,10575.997
20953,10576.444
20954,10576.934
20955,10577.404
20956,10578.086
20957,10578.428
20958,10578.984
20959,10579.418
20960,10580.012
20961,10580.430
20962,10581.037
20963,10581.427
20964,10582.000
20965,10582.432
20966,10583.093
20967,10583.572
20968,10584.039
20969,10584.510
20970,10584.966
20971,10585.572
20972,10586.060
20973,10586.446
20974,10587.029
20975,10587.565
20976,10587.959
20977,10588.448
20978,10588.954
20979,10589.425
20980,10589.987
20981,10590.498
20982,10591.062
20983,10591.510
20984,10591.977
20985,10592.598
20986,10592.996
20987,10593.415
20988,10594.028
20989,10594.461
20990,10595.080
20991,10595.521
20992,10595.990
20993,10596.413
20994,10597.082
20995,10597.454
20996,10598.016
20997,10598.479
20998,10598.917
20999,10599.577
21000,10599.955
21001,10600.547
21002,10601.054
21003,10601.567
21004,10602.097
21005,10602.515
21006,10603.083
21007,10603.474
21008,10604.069
21009,10604.470
21010,10605.095
21011,10605.435
21012,10606.086
21013,10606.482
21014,10606.958
21015,10607.478
21016,10608.089
21017,10608.415
21018,10609.039
21019,10609.572
21020,10609.935
21021,10610.513
21022,10610.915
21023,10611.455
21024,10612.030
21025,10612.485
21026,10612.983
21027,10613.551
21028,10613.957
21029,10614.401
21030,10615.029
21031,10615.503
21032,10615.986
21033,10616.437
21034,10617.055
21035,10617.473
21036,10617.997
21037,10618.401
21038,10619.008
21039,10619.458
21040,10620.062
21041,10620.526
21042,10621.013
21043,10621.432
21044,10621.931
21045,10622.559
21046,10623.015
21047,10623.474
21048,10623.920
21049,10624.401
21050,10625.017
21051,10625.510
21052,10625.929
21053,10626.440
21054,10626.974
21055,10627.564
21056,10627.971
21057,10628.520
21058,10629.035
21059,10629.428
21060,10629.928
21061,10630.578
21062,10631.025
21063,10631.599
21064,10631.995
21065,10632.581
21066,10633.031
21067,10633.576
21068,10633.948
21069,10634.586
21070,10634.923
21071,10635.567
21072,10635.947
21073,10636.420
21074,10636.935
21075,10637.432
21076,10637.986
21077,10638.522
21078,10639.056
21079,10639.407
21080,10639.964
21081,10640.582
21082,10641.091
21083,10641.501
21084,10642.079
21085,10642.553
21086,10643.038
21087,10643.505
21088,10644.018
21089,10644.425
21090,10644.994
21091,10645.461
21092,10645.990
21093,10646.419
21094,10646.981
21095,10647.426
21096,10648.088
21097,10648.482
21098,10649.019
21099,10649.478
21100,10649.935
21101,10650.480
21102,10650.924
21103,10651.403
21104,10652.048
21105,10652.427
21106,10653.047
21107,10653.473
21108,10653.947
21109,10654.531
21110,10654.977
21111,10655.541
21112,10655.977
21113,10656.503
21114,10656.971
21115,10657.457
21116,10657.929
21117,10658.592
21118,10659.073
21119,10659.489
21120,10660.091
21121,10660.465
21122,10661.081
21123,10661.483
21124,10661.917
21125,10662.543
21126,10662.985
21127,10663.544
21128,10663.932
21129,10664.543
21130,10665.053
21131,10665.403
21132,10666.077
21133,10666.442
21134,10666.961
21135,10667.446
21136,10668.043
21137,10668.447
21138,10668.979
21139,10669.410
21140,10670.059
21141,10670.543
21142,10670.954
21143,10671.521
21144,10672.036
21145,10672.586
21146,10673.053
21147,10673.487
21148,10673.989
21149,10674.584
21150,10674.909
21151,10675.488
21152,10676.035
21153,10676.512
21154,10677.059
21155,10677.467
21156,10678.072
21157,10678.592
21158,10678.932
21159,10679.540
21160,10680.093
21161,10680.413
21162,10680.939
21163,10681.438
21164,10681.976
21165,10682.456
21166,10683.050
21167,10683.441
21168,10683.907
21169,10684.410
21170,10684.995
21171,10685.547
21172,10685.901
21173,10686.454
21174,10687.014
21175,10687.414
21176,10687.916
21177,10688.473
21178,10688.914
21179,10689.502
21180,10690.096
21181,10690.446
21182,10691.068
21183,10691.441
21184,10691.930
21185,10692.465
21186,10692.955
21187,10693.452
21188,10694.037
21189,10694.538
21190,10694.901
21191,10695.423
21192,10696.050
21193,10696.518
21194,10696.943
21195,10697.460
21196,10697.948
21197,10698.586
21198,10698.936
21199,10699.553
21200,10700.098
21201,10700.478
21202,10701.060
21203,10701.586
21204,10701.919
21205,10702.506
21206,10702.999
21207,10703.407
21208,10704.045
21209,10704.412
21210,10704.962
21211,10705.492
21212,10705.950
21213,10706.404
21214,10706.925
21215,10707.528
21216,10708.002
21217,10708.468
21218,10708.981
21219,10709.441
21220,10709.932
21221,10710.498
21222,10711.037
21223,10711.506
21224,10712.085
21225,10712.464
21226,10712.970
21227,10713.409
21228,10714.088
21229,10714.518
21230,10715.034
21231,10715.526
21232,10716.025
21233,10716.536
21234,10717.079
21235,10717.512
21236,10718.092
21237,10718.478
21238,10719.053
21239,10719.460
21240,10720.082
21241,10720.509
21242,10721.007
21243,10721.455
21244,10721.965
21245,10722.566
21246,10723.070
21247,10723.422
21248,10724.100
21249,10724.596
21250,10725.096
21251,10725.600
21252,10726.037
21253,10726.411
21254,10726.956
21255,10727.486
21256,10727.906
21257,10728.452
21258,10729.070
21259,10729.530
21260,10729.935
21261,10730.444
21262,10731.057
21263,10731.402
21264,10732.060
21265,10732.443
21266,10732.994
21267,10733.552
21268,10733.957
21269,10734.443
21270,10734.955
21271,10735.447
21272,10736.073
21273,10736.407
21274,10737.080
21275,10737.492
21276,10738.026
21277,10738.517
21278,10739.011
21279,10739.583
21280,10740.087
21281,10740.437
21282,10741.032
21283,10741.463
21284,10741.972
21285,10742.408
21286,10743.016
21287,10743.405
21288,10743.968
21289,10744.522
21290,10744.930
21291,10745.541
21292,10746.036
21293,10746.597
21294,10746.912
21295,10747.581
21296,10748.070
21297,10748.453
21298,10749.075
21299,10749.411
21300,10750.072
21301,10750.493
21302,10750.967
21303,10751.486
21304,10752.072
21305,10752.563
21306,10753.010
21307,10753.573
21308,10753.929
21309,10754.549
21310,10755.090
21311,10755.577
21312,10756.044
21313,10756.476
21314,10756.960
21315,10757.469
21316,10758.087
21317,10758.493
21318,10758.942
21319,10759.436
21320,10760.095
21321,10760.422
21322,10761.025
21323,10761.446
21324,10762.096
21325,10762.584
21326,10763.028
21327,10763.517
21328,10764.003
21329,10764.536
21330,10765.004
21331,10765.543
21332,10765.941
21333,10766.538
21334,10766.978
21335,10767.517
21336,10767.995
21337,10768.425
21338,10768.979
21339,10769.532
21340,10770.099
21341,10770.408
21342,10771.040
21343,10771.402
21344,10772.047
21345,10772.591
21346,10773.061
21347,10773.591
21348,10773.952
21349,10774.536
21350,10775.066
21351,10775.530
21352,10775.975
21353,10776.479
21354,10776.913
21355,10777.409
21356,10778.039
21357,10778.492
21358,10778.972
21359,10779.532
21360,10780.036
21361,10780.427
21362,10781.050
21363,10781.473
21364,10782.041
21365,10782.436
21366,10782.933
21367,10783.508
21368,10783.942
21369,10784.539
21370,10785.008
21371,10785.440
21372,10786.078
21373,10786.457
21374,10787.045
21375,10787.486
21376,10787.911
21377,10788.551
21378,10789.049
21379,10789.590
21380,10789.910
21381,10790.550
21382,10791.069
21383,10791.475
21384,10792.001
21385,10792.498
21386,10792.921
21387,10793.579
21388,10794.071
21389,10794.413
21390,10794.963
21391,10795.466
21392,10796.026
21393,10796.550
21394,10796.946
21395,10797.494
21396,10797.911
21397,10798.420
21398,10799.042
21399,10799.547
21400,10799.915
21401,10800.577
21402,10800.991
21403,10801.495
21404,10801.977
21405,10802.548
21406,10803.057
21407,10803.462
21408,10804.093
21409,10804.589
21410,10804.992
21411,10805.409
21412,10806.048
21413,10806.540
21414,10806.968
21415,10807.594
21416,10807.918
21417,10808.553
21418,10809.052
21419,10809.419
21420,10810.062
21421,10810.547
21422,10811.020
21423,10811.420
21424,10811.992
21425,10812.497
21426,10812.923
21427,10813.411
21428,10814.015
21429,10814.489
21430,10814.974
21431,10815.459
21432,10815.936
21433,10816.531
21434,10816.948
21435,10817.521
21436,10818.020
21437,10818.431
21438,10819.024
21439,10819.578
21440,10819.979
21441,10820.541
21442,10820.901
21443,10821.474
21444,10821.943
21445,10822.493
21446,10823.062
21447,10823.425
21448,10824.056
21449,10824.414
21450,10825.012
21451,10825.522
21452,10826.097
21453,10826.523
21454,10826.933
21455,10827.491
21456,10828.077
21457,10828.495
21458,10829.040
21459,10829.512
21460,10830.099
21461,10830.520
21462,10831.083
21463,10831.585
21464,10831.977
21465,10832.506
21466,10833.006
21467,10833.576
21468,10833.960
21469,10834.531
21470,10835.000
21471,10835.522
21472,10836.005
21473,10836.452
21474,10837.077
21475,10837.500
21476,10837.908
21477,10838.492
21478,10838.973
21479,10839.483
21480,10839.973
21481,10840.482
21482,10840.996
21483,10841.425
21484,10841.947
21485,10842.522
21486,10842.990
21487,10843.505
21488,10843.995
21489,10844.436
21490,10844.918
21491,10845.436
21492,10845.972
21493,10846.453
21494,10847.052
21495,10847.476
21496,10848.002
21497,10848.416
21498,10848.984
21499,10849.589
21500,10849.992
21501,10850.560
21502,10851.024
21503,10851.474
21504,10852.075
21505,10852.596
21506,10852.967
21507,10853.576
21508,10853.973
21509,10854.409
21510,10855.042
21511,10855.423
21512,10855.947
21513,10856.437
21514,10857.064
21515,10857.572
21516,10857.959
21517,10858.448
21518,10858.919
21519,10859.422
21520,10859.992
21521,10860.486
21522,10860.917
21523,10861.559
21524,10862.018
21525,10862.566
21526,10863.027
21527,10863.510
21528,10864.028
21529,10864.496
21530,10865.017
21531,10865.487
21532,10865.951
21533,10866.481
21534,10866.982
21535,10867.455
21536,10867.928
21537,10868.534
21538,10869.082
21539,10869.535
21540,10870.096
21541,10870.550
21542,10870.982
21543,10871.404
21544,10872.041
21545,10872.538
21546,10873.065
21547,10873.485
21548,10874.079
21549,10874.529
21550,10875.026
21551,10875.562
21552,10875.995
21553,10876.571
21554,10877.060
21555,10877.419
21556,10878.026
21557,10878.524
21558,10878.916
21559,10879.593
21560,10879.938
21561,10880.595
21562,10880.924
21563,10881.490
21564,10881.925
21565,10882.444
21566,10883.018
21567,10883.475
21568,10884.070
21569,10884.430
21570,10884.925
21571,10885.584
21572,10886.097
21573,10886.541
21574,10887.082
21575,10887.442
21576,10888.005
21577,10888.441
21578,10888.937
21579,10889.433
21580,10890.002
21581,10890.577
21582,10891.055
21583,10891.580
21584,10891.970
21585,10892.487
21586,10893.097
21587,10893.542
21588,10893.965
21589,10894.487
21590,10894.922
21591,10895.587
21592,10896.088
21593,10896.544
21594,10897.019
21595,10897.434
21596,10898.092
21597,10898.519
21598,10899.096
21599,10899.532
21600,10899.983
21601,10900.564
21602,10900.918
21603,10901.482
21604,10902.064
21605,10902.475
21606,10902.984
21607,10903.544
21608,10904.004
21609,10904.548
21610,10905.052
21611,10905.411
21612,10905.947
21613,10906.428
21614,10906.972
21615,10907.500
21616,10908.051
21617,10908.553
21618,10908.973
21619,10909.586
21620,10910.035
21621,10910.584
21622,10910.967
21623,10911.533
21624,10911.917
21625,10912.585
21626,10913.012
21627,10913.565
21628,10913.951
21629,10914.437
21630,10915.098
21631,10915.447
21632,10916.010
21633,10916.563
21634,10916.953
21635,10917.580
21636,10917.902
21637,10918.457
21638,10919.018
21639,10919.519
21640,10920.018
21641,10920.453
21642,10921.049
21643,10921.435
21644,10922.062
21645,10922.594
21646,10923.081
21647,10923.556
21648,10923.907
21649,10924.435
21650,10924.966
21651,10925.579
21652,10926.043
21653,10926.550
21654,10926.956
21655,10927.457
21656,10928.031
21657,10928.468
21658,10929.090
21659,10929.471
21660,10929.940
21661,10930.408
21662,10931.063
21663,10931.460
21664,10932.061
21665,10932.465
21666,10933.069
21667,10933.438
21668,10934.039
21669,10934.514
21670,10934.976
21671,10935.416
21672,10936.083
21673,10936.569
21674,10936.940
21675,10937.401
21676,10938.067
21677,10938.561
21678,10938.924
21679,10939.573
21680,10940.013
21681,10940.428
21682,10941.013
21683,10941.519
21684,10942.078
21685,10942.573
21686,10943.077
21687,10943.407
21688,10943.956
21689,10944.540
21690,10945.014
21691,10945.454
21692,10946.068
21693,10946.460
21694,10946.983
21695,10947.478
21696,10947.910
21697,10948.434
21698,10949.031
21699,10949.489
21700,10950.096
21701,10950.507
21702,10950.923
21703,10951.438
21704,10952.010
21705,10952.560
21706,10953.072
21707,10953.416
21708,10954.033
21709,10954.555
21710,10955.055
21711,10955.452
21712,10955.943
21713,10956.425
21714,10957.050
21715,10957.430
21716,10958.076
21717,10958.576
21718,10958.914
21719,10959.459
21720,10960.099
21721,10960.466
21722,10961.078
21723,10961.429
21724,10962.073
21725,10962.423
21726,10962.920
21727,10963.456
21728,10964.004
21729,10964.457
21730,10964.939
21731,10965.452
21732,10965.947
21733,10966.474
21734,10967.096
21735,10967.511
21736,10968.008
21737,10968.483
21738,10969.096
21739,10969.542
21740,10969.907
21741,10970.409
21742,10971.022
21743,10971.571
21744,10971.933
21745,10972.404
21746,10973.009
21747,10973.445
21748,10973.967
21749,10974.505
21750,10975.029
21751,10975.549
21752,10976.037
21753,10976.589
21754,10976.984
21755,10977.463
21756,10977.970
21757,10978.455
21758,10978.957
21759,10979.401
21760,10980.061
21761,10980.411
21762,10980.971
21763,10981.453
21764,10981.936
21765,10982.502
21766,10982.905
21767,10983.483
21768,10984.099
21769,10984.520
21770,10985.090
21771,10985.428
21772,10986.047
21773,10986.583
21774,10987.046
21775,10987.413
21776,10988.084
21777,10988.454
21778,10989.051
21779,10989.551
21780,10989.945
21781,10990.490
21782,10990.965
21783,10991.432
21784,10991.962
21785,10992.511
21786,10993.060
21787,10993.592
21788,10994.038
21789,10994.554
21790,10995.090
21791,10995.486
21792,10996.058
21793,10996.432
21794,10997.008
21795,10997.433
21796,10998.013
21797,10998.450
21798,10998.936
21799,10999.447
21800,10999.964
21801,11000.554
21802,11000.990
21803,11001.563
21804,11002.016
21805,11002.522
21806,11003.039
21807,11003.450
21808,11004.024
21809,11004.507
21810,11005.011
21811,11005.478
21812,11006.098
21813,11006.529
21814,11006.952
21815,11007.510
21816,11007.934
21817,11008.529
21818,11009.055
21819,11009.589
21820,11009.941
21821,11010.410
21822,11010.971
21823,11011.595
21824,11012.033
21825,11012.428
21826,11013.036
21827,11013.479
21828,11013.911
21829,11014.482
21830,11015.089
21831,11015.580
21832,11016.030
21833,11016.440
21834,11017.046
21835,11017.548
21836,11017.921
21837,11018.493
21838,11018.944
21839,11019.431
21840,11020.048
21841,11020.442
21842,11020.904
21843,11021.510
21844,11022.092
21845,11022.599
21846,11022.986
21847,11023.544
21848,11024.100
21849,11024.425
21850,11025.069
21851,11025.557
21852,11025.988
21853,11026.439
21854,11027.072
21855,11027.409
21856,11028.071
21857,11028.570
21858,11029.096
21859,11029.580
21860,11029.945
21861,11030.477
21862,11030.987
21863,11031.456
21864,11032.075
21865,11032.408
21866,11032.994
21867,11033.597
21868,11034.079
21869,11034.401
21870,11034.982
21871,11035.536
21872,11036.078
21873,11036.516
21874,11036.951
21875,11037.489
21876,11038.061
21877,11038.441
21878,11039.034
21879,11039.487
21880,11039.988
21881,11040.570
21882,11040.976
21883,11041.486
21884,11041.948
21885,11042.405
21886,11042.951
21887,11043.516
21888,11043.995
21889,11044.574
21890,11044.977
21891,11045.404
21892,11046.026
21893,11046.520
21894,11047.025
21895,11047.518
21896,11048.001
21897,11048.513
21898,11049.041
21899,11049.592
21900,11049.931
21901,11050.488
21902,11051.089
21903,11051.558
21904,11052.052
21905,11052.421
21906,11053.029
21907,11053.403
21908,11054.001
21909,11054.564
21910,11055.098
21911,11055.541
21912,11056.014
21913,11056.517
21914,11057.042
21915,11057.591
21916,11058.080
21917,11058.478
21918,11058.965
21919,11059.524
21920,11060.098
21921,11060.544
21922,11061.049
21923,11061.569
21924,11061.919
21925,11062.460
21926,11063.061
21927,11063.583
21928,11064.022
21929,11064.434
21930,11065.099
21931,11065.593
21932,11066.066
21933,11066.493
21934,11067.092
21935,11067.551
21936,11068.092
21937,11068.489
21938,11069.099
21939,11069.479
21940,11069.915
21941,11070.521
21942,11071.004
21943,11071.474
21944,11072.099
21945,11072.550
21946,11072.964
21947,11073.467
21948,11073.956
21949,11074.477
21950,11075.075
21951,11075.534
21952,11076.018
21953,11076.485
21954,11077.082
21955,11077.445
21956,11077.945
21957,11078.416
21958,11078.987
21959,11079.474
21960,11080.056
21961,11080.436
21962,11080.999
21963,11081.546
21964,11081.993
21965,11082.594
21966,11082.969
21967,11083.431
21968,11083.992
21969,11084.437
21970,11085.044
21971,11085.595
21972,11086.074
21973,11086.429
21974,11086.960
21975,11087.444
21976,11088.020
21977,11088.485
21978,11089.057
21979,11089.488
21980,11089.930
21981,11090.511
21982,11090.975
21983,11091.549
21984,11091.935
21985,11092.483
21986,11092.940
21987,11093.579
21988,11094.013
21989,11094.525
21990,11095.027
21991,11095.586
21992,11096.022
21993,11096.580
21994,11096.988
21995,11097.543
21996,11097.941
21997,11098.406
21998,11099.041
21999,11099.541
22000,11100.077
22001,11100.540
22002,11100.966
22003,11101.574
22004,11101.994
22005,11102.549
22006,11103.041
22007,11103.492
22008,11103.903
22009,11104.460
22010,11105.058
22011,11105.421
22012,11105.999
22013,11106.584
22014,11106.977
22015,11107.546
22016,11107.904
22017,11108.460
22018,11109.092
22019,11109.562
22020,11110.007
22021,11110.408
22022,11111.008
22023,11111.497
22024,11111.960
22025,11112.530
22026,11113.061
22027,11113.451
22028,11113.954
22029,11114.488
22030,11114.946
22031,11115.494
22032,11116.074
22033,11116.538
22034,11116.984
22035,11117.567
22036,11118.078
22037,11118.406
22038,11119.085
22039,11119.467
22040,11119.938
22041,11120.446
22042,11120.943
22043,11121.566
22044,11121.967
22045,11122.518
22046,11122.958
22047,11123.463
22048,11124.098
22049,11124.552
22050,11124.940
22051,11125.535
22052,11126.082
22053,11126.401
22054,11126.989
22055,11127.425
22056,11127.930
22057,11128.435
22058,11128.975
22059,11129.407
22060,11129.997
22061,11130.449
22062,11131.027
22063,11131.503
22064,11131.944
22065,11132.544
22066,11132.925
22067,11133.551
22068,11134.016
22069,11134.569
22070,11134.974
22071,11135.501
22072,11136.097
22073,11136.519
22074,11136.946
22075,11137.599
22076,11137.906
22077,11138.470
22078,11138.940
22079,11139.528
22080,11139.906
22081,11140.425
22082,11141.000
22083,11141.513
22084,11141.932
22085,11142.482
22086,11143.044
22087,11143.464
22088,11144.043
22089,11144.591
22090,11144.922
22091,11145.446
22092,11146.078
22093,11146.508
22094,11147.011
22095,11147.566
22096,11147.973
22097,11148.416
22098,11149.012
22099,11149.404
22100,11150.043
22101,11150.423
22102,11150.912
22103,11151.578
22104,11152.057
22105,11152.544
22106,11153.013
22107,11153.544
22108,11153.975
22109,11154.499
22110,11154.968
22111,11155.509
22112,11156.074
22113,11156.546
22114,11157.067
22115,11157.588
22116,11157.905
22117,11158.529
22118,11159.022
22119,11159.563
22120,11160.036
22121,11160.491
22122,11160.997
22123,11161.551
22124,11162.024
22125,11162.518
22126,11162.962
22127,11163.486
22128,11164.085
22129,11164.568
22130,11164.990
22131,11165.409
22132,11165.944
22133,11166.439
22134,11166.909
22135,11167.433
22136,11168.094
22137,11168.595
22138,11169.083
22139,11169.565
22140,11169.952
22141,11170.581
22142,11171.000
22143,11171.463
22144,11172.076
22145,11172.503
22146,11172.920
22147,11173.465
22148,11174.057
22149,11174.486
22150,11174.943
22151,11175.528
22152,11176.084
22153,11176.464
22154,11176.956
22155,11177.564
22156,11178.013
22157,11178.461
22158,11178.940
22159,11179.512
22160,11180.013
22161,11180.582
22162,11181.000
22163,11181.503
22164,11182.060
22165,11182.506
22166,11183.061
22167,11183.419
22168,11183.929
22169,11184.466
22170,11184.962
22171,11185.573
22172,11185.987
22173,11186.452
22174,11187.067
22175,11187.506
22176,11187.929
22177,11188.431
22178,11189.038
22179,11189.404
22180,11190.042
22181,11190.502
22182,11190.925
22183,11191.429
22184,11192.046
22185,11192.438
22186,11192.969
22187,11193.584
22188,11194.083
22189,11194.536
22190,11194.916
22191,11195.455
22192,11196.049
22193,11196.453
22194,11196.938
22195,11197.551
22196,11197.982
22197,11198.599
22198,11199.082
22199,11199.409
22200,11199.972
22201,11200.586
22202,11201.071
22203,11201.564
22204,11201.971
22205,11202.530
22206,11202.910
22207,11203.582
22208,11204.071
22209,11204.578
22210,11204.973
22211,11205.578
22212,11205.973
22213,11206.519
22214,11207.038
22215,11207.577
22216,11208.004
22217,11208.504
22218,11209.041
22219,11209.491
22220,11209.924
22221,11210.415
22222,11210.914
22223,11211.412
22224,11211.998
22225,11212.417
22226,11213.041
22227,11213.514
22228,11214.007
22229,11214.593
22230,11215.037
22231,11215.558
22232,11215.913
22233,11216.457
22234,11217.010
22235,11217.486
22236,11218.093
22237,11218.481
22238,11218.928
22239,11219.587
22240,11219.953
22241,11220.432
22242,11221.015
22243,11221.599
22244,11221.983
22245,11222.526
22246,11222.979
22247,11223.561
22248,11223.926
22249,11224.421
22250,11224.920
22251,11225.563
22252,11225.959
22253,11226.563
22254,11226.954
22255,11227.519
22256,11228.012
22257,11228.566
22258,11228.971
22259,11229.466
22260,11229.935
22261,11230.474
22262,11231.061
22263,11231.483
22264,11232.064
22265,11232.574
22266,11232.928
22267,11233.492
22268,11233.912
22269,11234.518
22270,11235.059
22271,11235.576
22272,11235.946
22273,11236.457
22274,11236.991
22275,11237.505
22276,11237.994
22277,11238.524
22278,11238.964
22279,11239.580
22280,11239.950
22281,11240.411
22282,11240.978
22283,11241.519
22284,11241.995
22285,11242.548
22286,11242.937
22287,11243.539
22288,11244.003
22289,11244.445
22290,11244.905
22291,11245.592
22292,11245.946
22293,11246.527
22294,11247.053
22295,11247.401
22296,11248.073
22297,11248.447
22298,11249.039
22299,11249.565
22300,11249.976
22301,11250.491
22302,11251.002
22303,11251.403
22304,11251.948
22305,11252.456
22306,11253.048
22307,11253.472
22308,11253.950
22309,11254.518
22310,11255.034
22311,11255.445
22312,11256.025
22313,11256.477
22314,11257.021
22315,11257.490
22316,11257.919
22317,11258.421
22318,11259.048
22319,11259.424
22320,11259.905
22321,11260.546
22322,11260.948
22323,11261.544
22324,11261.935
22325,11262.590
22326,11263.040
22327,11263.558
22328,11263.924
22329,11264.441
22330,11265.053
22331,11265.524
22332,11266.066
22333,11266.442
22334,11267.086
22335,11267.498
22336,11268.008
22337,11268.458
22338,11269.092
22339,11269.575
22340,11270.069
22341,11270.525
22342,11271.006
22343,11271.436
22344,11271.905
22345,11272.405
22346,11273.008
22347,11273.508
22348,11273.928
22349,11274.552
22350,11275.061
22351,11275.566
22352,11275.950
22353,11276.546
22354,11276.926
22355,11277.516
22356,11277.937
22357,11278.423
22358,11278.980
22359,11279.569
22360,11279.901
22361,11280.519
22362,11280.965
22363,11281.460
22364,11281.985
22365,11282.436
22366,11282.949
22367,11283.423
22368,11283.925
22369,11284.519
22370,11284.976
22371,11285.533
22372,11286.086
22373,11286.565
22374,11286.946
22375,11287.552
22376,11288.035
22377,11288.489
22378,11288.945
22379,11289.498
22380,11290.041
22381,11290.593
22382,11291.071
22383,11291.444
22384,11292.090
22385,11292.553
22386,11293.033
22387,11293.478
22388,11293.940
22389,11294.583
22390,11294.978
22391,11295.597
22392,11296.054
22393,11296.562
22394,11296.916
22395,11297.507
22396,11297.964
22397,11298.465
22398,11298.999
22399,11299.469
22400,11299.990
22401,11300.539
22402,11301.064
22403,11301.509
22404,11301.983
22405,11302.562
22406,11302.995
22407,11303.476
22408,11303.993
22409,11304.511
22410,11305.089
22411,11305.588
22412,11306.012
22413,11306.484
22414,11306.989
22415,11307.528
22416,11308.073
22417,11308.530
22418,11309.037
22419,11309.553
22420,11309.964
22421,11310.402
22422,11311.047
22423,11311.553
22424,11311.922
22425,11312.455
22426,11313.043
22427,11313.469
22428,11313.980
22429,11314.560
22430,11315.026
22431,11315.438
22432,11316.090
22433,11316.593
22434,11317.086
22435,11317.541
22436,11317.935
22437,11318.447
22438,11318.920
22439,11319.435
22440,11320.040
22441,11320.555
22442,11320.962
22443,11321.565
22444,11322.014
22445,11322.507
22446,11323.097
22447,11323.544
22448,11324.020
22449,11324.521
22450,11325.067
22451,11325.548
22452,11325.968
22453,11326.442
22454,11326.975
22455,11327.527
22456,11328.021
22457,11328.417
22458,11328.911
22459,11329.443
22460,11330.082
22461,11330.485
22462,11331.064
22463,11331.462
22464,11331.933
22465,11332.525
22466,11333.011
22467,11333.490
22468,11334.000
22469,11334.489
22470,11335.088
22471,11335.439
22472,11336.050
22473,11336.476
22474,11336.978
22475,11337.598
22476,11338.098
22477,11338.442
22478,11338.970
22479,11339.453
22480,11340.043
22481,11340.554
22482,11340.991
22483,11341.545
22484,11342.028
22485,11342.553
22486,11343.016
22487,11343.493
22488,11344.034
22489,11344.481
22490,11344.994
22491,11345.487
22492,11346.079
22493,11346.427
22494,11346.930
22495,11347.557
22496,11348.035
22497,11348.557
22498,11349.087
22499,11349.524
22500,11350.083
22501,11350.510
22502,11350.933
22503,11351.563
22504,11351.998
22505,11352.470
22506,11353.006
22507,11353.545
22508,11354.031
22509,11354.553
22510,11354.997
22511,11355.494
22512,11356.022
22513,11356.401
22514,11356.990
22515,11357.528
22516,11357.938
22517,11358.456
22518,11358.941
22519,11359.424
22520,11360.094
22521,11360.453
22522,11361.096
22523,11361.548
22524,11361.975
22525,11362.496
22526,11362.905
22527,11363.578
22528,11364.018
22529,11364.563
22530,11364.923
22531,11365.521
22532,11366.078
22533,11366.584
22534,11367.088
22535,11367.536
22536,11367.988
22537,11368.440
22538,11369.025
22539,11369.566
22540,11370.021
22541,11370.441
22542,11370.912
22543,11371.542
22544,11371.991
22545,11372.574
22546,11372.948
22547,11373.439
22548,11373.906
22549,11374.444
22550,11374.951
22551,11375.500
22552,11375.906
22553,11376.547
22554,11376.946
22555,11377.467
22556,11377.925
22557,11378.592
22558,11379.087
22559,11379.467
22560,11380.028
22561,11380.422
22562,11381.062
22563,11381.464
22564,11381.905
22565,11382.437
22566,11383.024
22567,11383.512
22568,11384.093
22569,11384.579
22570,11384.999
22571,11385.449
22572,11385.901
22573,11386.551
22574,11387.034
22575,11387.556
22576,11387.931
22577,11388.422
22578,11388.998
22579,11389.542
22580,11389.990
22581,11390.483
22582,11391.008
22583,11391.594
22584,11392.005
22585,11392.484
22586,11392.916
22587,11393.453
22588,11393.916
22589,11394.533
22590,11394.930
22591,11395.473
22592,11396.098
22593,11396.493
22594,11397.083
22595,11397.478
22596,11397.913
22597,11398.411
22598,11399.028
22599,11399.506
22600,11399.915
22601,11400.513
22602,11400.981
22603,11401.455
22604,11402.088
22605,11402.584
22606,11403.060
22607,11403.577
22608,11403.925
22609,11404.409
22610,11405.034
22611,11405.537
22612,11405.937
22613,11406.593
22614,11407.063
22615,11407.600
22616,11407.977
22617,11408.448
22618,11409.019
22619,11409.480
22620,11409.901
22621,11410.450
22622,11410.930
22623,11411.595
22624,11412.014
22625,11412.567
22626,11413.083
22627,11413.509
22628,11414.071
22629,11414.526
22630,11414.943
22631,11415.478
22632,11415.949
22633,11416.537
22634,11417.056
22635,11417.542
22636,11418.048
22637,11418.466
22638,11419.039
22639,11419.565
22640,11420.040
22641,11420.504
22642,11421.041
22643,11421.498
22644,11422.079
22645,11422.579
22646,11422.961
22647,11423.588
22648,11423.935
22649,11424.513
22650,11424.980
22651,11425.485
22652,11426.044
22653,11426.424
22654,11426.975
22655,11427.524
22656,11427.998
22657,11428.522
22658,11428.926
22659,11429.493
22660,11429.919
22661,11430.464
22662,11430.971
22663,11431.404
22664,11432.029
22665,11432.444
22666,11433.027
22667,11433.505
22668,11433.937
22669,11434.427
22670,11435.055
22671,11435.559
22672,11436.061
22673,11436.537
22674,11436.902
22675,11437.536
22676,11437.965
22677,11438.484
22678,11439.081
22679,11439.519
22680,11439.970
22681,11440.410
22682,11441.004
22683,11441.408
22684,11442.042
22685,11442.499
22686,11442.999
22687,11443.584
22688,11443.949
22689,11444.409
22690,11444.917
22691,11445.508
22692,11445.964
22693,11446.529
22694,11447.054
22695,11447.448
22696,11447.977
22697,11448.503
22698,11449.010
22699,11449.436
22700,11449.912
22701,11450.571
22702,11451.077
22703,11451.509
22704,11451.946
22705,11452.563
22706,11452.949
22707,11453.570
22708,11454.023
22709,11454.542
22710,11455.096
22711,11455.525
22712,11456.050
22713,11456.497
22714,11456.916
22715,11457.521
22716,11458.027
22717,11458.515
22718,11458.979
22719,11459.466
22720,11460.097
22721,11460.480
22722,11460.985
22723,11461.584
22724,11462.022
22725,11462.575
22726,11462.922
22727,11463.501
22728,11464.011
22729,11464.462
22730,11464.962
22731,11465.568
22732,11465.976
22733,11466.471
22734,11466.915
22735,11467.448
22736,11467.933
22737,11468.506
22738,11468.942
22739,11469.581
22740,11469.947
22741,11470.584
22742,11470.952
22743,11471.441
22744,11472.064
22745,11472.584
22746,11472.934
22747,11473.428
22748,11474.072
22749,11474.568
22750,11475.068
22751,11475.427
22752,11476.014
22753,11476.518
22754,11477.099
22755,11477.577
22756,11478.027
22757,11478.446
22758,11479.096
22759,11479.479
22760,11480.021
22761,11480.575
22762,11480.980
22763,11481.487
22764,11481.958
22765,11482.419
22766,11482.969
22767,11483.588
22768,11484.074
22769,11484.468
22770,11485.050
22771,11485.505
22772,11486.007
22773,11486.488
22774,11486.941
22775,11487.474
22776,11488.096
22777,11488.524
22778,11488.988
22779,11489.596
22780,11489.912
22781,11490.547
22782,11491.075
22783,11491.472
22784,11492.058
22785,11492.489
22786,11492.999
22787,11493.514
22788,11494.091
22789,11494.572
22790,11494.935
22791,11495.472
22792,11495.941
22793,11496.575
22794,11496.969
22795,11497.441
22796,11497.978
22797,11498.579
22798,11498.911
22799,11499.527
22800,11500.095
22801,11500.429
22802,11501.003
22803,11501.415
22804,11502.054
22805,11502.409
22806,11502.905
22807,11503.473
22808,11504.086
22809,11504.501
22810,11504.921
22811,11505.564
22812,11505.974
22813,11506.582
22814,11506.942
22815,11507.504
22816,11507.925
22817,11508.504
22818,11509.062
22819,11509.571
22820,11509.912
22821,11510.498
22822,11510.984
22823,11511.588
22824,11512.019
22825,11512.430
22826,11513.075
22827,11513.458
22828,11514.023
22829,11514.526
22830,11515.057
22831,11515.545
22832,11515.958
22833,11516.549
22834,11516.960
22835,11517.446
22836,11518.057
22837,11518.476
22838,11518.924
22839,11519.447
22840,11520.056
22841,11520.578
22842,11520.930
22843,11521.459
22844,11522.091
22845,11522.584
22846,11523.077
22847,11523.405
22848,11524.028
22849,11524.458
22850,11524.963
22851,11525.523
22852,11525.961
22853,11526.490
22854,11526.930
22855,11527.583
22856,11528.003
22857,11528.424
22858,11529.021
22859,11529.522
22860,11530.048
22861,11530.599
22862,11530.916
22863,11531.494
22864,11532.042
22865,11532.467
22866,11533.022
22867,11533.437
22868,11534.054
22869,11534.434
22870,11534.922
22871,11535.453
22872,11536.013
22873,11536.536
22874,11536.927
22875,11537.561
22876,11537.915
22877,11538.435
22878,11538.937
22879,11539.506
22880,11539.930
22881,11540.433
22882,11541.058
22883,11541.588
22884,11541.964
22885,11542.411
22886,11543.071
22887,11543.443
22888,11544.005
22889,11544.509
22890,11544.966
22891,11545.563
22892,11546.039
22893,11546.569
22894,11546.948
22895,11547.577
22896,11548.094
22897,11548.504
22898,11549.093
22899,11549.481
22900,11550.072
22901,11550.513
22902,11551.047
22903,11551.433
22904,11551.929
22905,11552.441
22906,11552.954
22907,11553.511
22908,11554.039
22909,11554.428
22910,11555.073
22911,11555.422
22912,11556.000
22913,11556.409
22914,11556.990
22915,11557.408
22916,11557.980
22917,11558.581
22918,11558.975
22919,11559.458
22920,11559.960
22921,11560.422
22922,11560.962
22923,11561.600
22924,11561.989
22925,11562.550
22926,11563.037
22927,11563.500
22928,11564.058
22929,11564.434
22930,11564.954
22931,11565.559
22932,11566.089
22933,11566.573
22934,11566.945
22935,11567.533
22936,11567.995
22937,11568.406
22938,11569.017
22939,11569.571
22940,11569.906
22941,11570.484
22942,11571.039
22943,11571.482
22944,11571.928
22945,11572.586
22946,11573.081
22947,11573.580
22948,11574.059
22949,11574.502
22950,11575.027
22951,11575.591
22952,11576.042
22953,11576.473
22954,11576.993
22955,11577.595
22956,11577.966
22957,11578.544
22958,11579.085
22959,11579.574
22960,11580.010
22961,11580.528
22962,11581.071
22963,11581.580
22964,11582.004
22965,11582.448
22966,11583.094
22967,11583.448
22968,11584.025
22969,11584.507
22970,11585.086
22971,11585.538
22972,11586.025
22973,11586.430
22974,11586.989
22975,11587.403
22976,11588.085
22977,11588.420
22978,11588.908
22979,11589.525
22980,11589.970
22981,11590.531
22982,11590.952
22983,11591.443
22984,11591.991
22985,11592.449
22986,11592.960
22987,11593.583
22988,11593.985
22989,11594.423
22990,11595.041
22991,11595.478
22992,11596.007
22993,11596.478
22994,11597.061
22995,11597.403
22996,11597.903
22997,11598.400
22998,11598.997
22999,11599.421
23000,11599.952
23001,11600.415
23002,11601.036
23003,11601.463
23004,11601.911
23005,11602.559
23006,11602.918
23007,11603.485
23008,11603.955
23009,11604.404
23010,11604.928
23011,11605.541
23012,11605.996
23013,11606.475
23014,11606.983
23015,11607.530
23016,11608.026
23017,11608.423
23018,11608.947
23019,11609.528
23020,11610.085
23021,11610.599
23022,11610.929
23023,11611.491
23024,11612.091
23025,11612.475
23026,11613.056
23027,11613.549
23028,11613.969
23029,11614.596
23030,11614.960
23031,11615.472
23032,11616.063
23033,11616.491
23034,11617.030
23035,11617.445
23036,11617.988
23037,11618.494
23038,11618.949
23039,11619.406
23040,11620.036
23041,11620.411
23042,11620.944
23043,11621.512
23044,11621.990
23045,11622.571
23046,11623.031
23047,11623.506
23048,11624.087
23049,11624.564
23050,11625.031
23051,11625.499
23052,11626.070
23053,11626.485
23054,11627.021
23055,11627.429
23056,11628.069
23057,11628.431
23058,11629.068
23059,11629.455
23060,11630.011
23061,11630.514
23062,11630.901
23063,11631.554
23064,11631.971
23065,11632.515
23066,11632.963
23067,11633.595
23068,11634.085
23069,11634.508
23070,11634.934
23071,11635.428
23072,11635.926
23073,11636.597
23074,11637.096
23075,11637.558
23076,11637.933
23077,11638.583
23078,11638.949
23079,11639.598
23080,11639.952
23081,11640.435
23082,11640.972
23083,11641.495
23084,11642.017
23085,11642.486
23086,11643.088
23087,11643.494
23088,11643.946
23089,11644.455
23090,11645.032
23091,11645.438
23092,11646.048
23093,11646.551
23094,11646.936
23095,11647.470
23096,11648.004
23097,11648.544
23098,11648.976
23099,11649.503
23100,11649.901
23101,11650.575
23102,11650.921
23103,11651.445
23104,11652.044
23105,11652.539
23106,11652.905
23107,11653.406
23108,11654.010
23109,11654.432
23110,11655.016
23111,11655.442
23112,11655.992
23113,11656.415
23114,11657.083
23115,11657.407
23116,11657.927
23117,11658.549
23118,11659.069
23119,11659.430
23120,11659.983
23121,11660.471
23122,11660.960
23123,11661.446
23124,11662.011
23125,11662.406
23126,11663.058
23127,11663.491
23128,11663.952
23129,11664.441
23130,11665.043
23131,11665.595
23132,11666.089
23133,11666.449
23134,11666.987
23135,11667.406
23136,11667.964
23137,11668.511
23138,11669.099
23139,11669.520
23140,11670.073
23141,11670.572
23142,11670.991
23143,11671.590
23144,11672.054
23145,11672.546
23146,11673.020
23147,11673.550
23148,11674.070
23149,11674.423
23150,11674.931
23151,11675.540
23152,11676.072
23153,11676.520
23154,11676.930
23155,11677.436
23156,11678.022
23157,11678.444
23158,11679.031
23159,11679.549
23160,11680.056
23161,11680.554
23162,11681.099
23163,11681.585
23164,11682.090
23165,11682.452
23166,11683.039
23167,11683.581
23168,11684.062
23169,11684.489
23170,11685.022
23171,11685.428
23172,11685.992
23173,11686.549
23174,11686.911
23175,11687.581
23176,11687.938
23177,11688.405
23178,11688.949
23179,11689.509
23180,11690.069
23181,11690.542
23182,11690.951
23183,11691.584
23184,11691.930
23185,11692.573
23186,11693.075
23187,11693.562
23188,11693.904
23189,11694.570
23190,11695.082
23191,11695.562
23192,11695.945
23193,11696.422
23194,11696.967
23195,11697.516
23196,11698.009
23197,11698.570
23198,11698.948
23199,11699.518
23200,11699.953
23201,11700.477
23202,11700.994
23203,11701.421
23204,11702.010
23205,11702.549
23206,11703.063
23207,11703.493
23208,11704.052
23209,11704.477
23210,11704.998
23211,11705.563
23212,11705.946
23213,11706.405
23214,11707.085
23215,11707.548
23216,11707.924
23217,11708.448
23218,11708.991
23219,11709.597
23220,11710.095
23221,11710.429
23222,11711.035
23223,11711.491
23224,11711.943
23225,11712.562
23226,11713.095
23227,11713.481
23228,11713.981
23229,11714.593
23230,11714.996
23231,11715.515
23232,11716.000
23233,11716.421
23234,11716.928
23235,11717.439
23236,11718.041
23237,11718.594
23238,11718.922
23239,11719.477
23240,11719.918
23241,11720.538
23242,11721.087
23243,11721.458
23244,11722.038
23245,11722.554
23246,11722.917
23247,11723.478
23248,11724.018
23249,11724.510
23250,11724.938
23251,11725.443
23252,11726.013
23253,11726.414
23254,11726.982
23255,11727.401
23256,11727.903
23257,11728.584
23258,11729.088
23259,11729.504
23260,11730.043
23261,11730.407
23262,11731.080
23263,11731.584
23264,11731.906
23265,11732.413
23266,11733.094
23267,11733.472
23268,11733.906
23269,11734.428
23270,11735.011
23271,11735.517
23272,11735.943
23273,11736.463
23274,11737.004
23275,11737.599
23276,11737.947
23277,11738.470
23278,11739.042
23279,11739.488
23280,11740.056
23281,11740.479
23282,11740.915
23283,11741.510
23284,11741.946
23285,11742.510
23286,11742.979
23287,11743.576
23288,11743.921
23289,11744.470
23290,11745.066
23291,11745.535
23292,11745.994
23293,11746.537
23294,11746.979
23295,11747.504
23296,11748.043
23297,11748.470
23298,11748.962
23299,11749.455
23300,11750.023
23301,11750.462
23302,11750.960
23303,11751.598
23304,11751.949
23305,11752.514
23306,11752.927
23307,11753.564
23308,11754.091
23309,11754.506
23310,11754.957
23311,11755.504
23312,11755.918
23313,11756.457
23314,11756.938
23315,11757.403
23316,11757.994
23317,11758.449
23318,11759.099
23319,11759.539
23320,11759.906
23321,11760.409
23322,11760.921
23323,11761.567
23324,11762.062
23325,11762.594
23326,11763.093
23327,11763.511
23328,11764.062
23329,11764.423
23330,11764.953
23331,11765.526
23332,11765.995
23333,11766.424
23334,11767.062
23335,11767.543
23336,11767.979
23337,11768.451
23338,11769.007
23339,11769.567
23340,11770.100
23341,11770.466
23342,11771.061
23343,11771.564
23344,11772.075
23345,11772.485
23346,11772.976
23347,11773.421
23348,11773.963
23349,11774.503
23350,11775.090
23351,11775.407
23352,11775.993
23353,11776.555
23354,11776.981
23355,11777.408
23356,11778.074
23357,11778.493
23358,11778.959
23359,11779.408
23360,11779.927
23361,11780.585
23362,11781.020
23363,11781.557
23364,11782.049
23365,11782.475
23366,11782.905
23367,11783.471
23368,11784.093
23369,11784.523
23370,11784.975
23371,11785.505
23372,11786.067
23373,11786.425
23374,11786.969
23375,11787.580
23376,11787.927
23377,11788.582
23378,11788.923
23379,11789.493
23380,11790.006
23381,11790.528
23382,11790.934
23383,11791.443
23384,11791.955
23385,11792.476
23386,11793.079
23387,11793.556
23388,11793.954
23389,11794.479
23390,11795.047
23391,11795.563
23392,11796.017
23393,11796.425
23394,11796.940
23395,11797.515
23396,11798.093
23397,11798.481
23398,11799.005
23399,11799.498
23400,11799.996
23401,11800.503
23402,11800.976
23403,11801.466
23404,11802.028
23405,11802.586
23406,11803.049
23407,11803.554
23408,11803.921
23409,11804.532
23410,11805.054
23411,11805.502
23412,11805.995
23413,11806.424
23414,11806.939
23415,11807.566
23416,11808.047
23417,11808.429
23418,11808.980
23419,11809.515
23420,11810.012
23421,11810.483
23422,11811.045
23423,11811.434
23424,11811.923
23425,11812.462
23426,11812.999
23427,11813.528
23428,11814.081
23429,11814.455
23430,11814.969
23431,11815.543
23432,11816.088
23433,11816.578
23434,11817.049
23435,11817.524
23436,11817.908
23437,11818.543
23438,11818.901
23439,11819.593
23440,11819.990
23441,11820.545
23442,11821.001
23443,11821.529
23444,11822.069
23445,11822.545
23446,11822.979
23447,11823.437
23448,11824.026
23449,11824.577
23450,11824.988
23451,11825.552
23452,11825.998
23453,11826.456
23454,11827.011
23455,11827.571
23456,11827.931
23457,11828.522
23458,11829.039
23459,11829.495
23460,11829.943
23461,11830.458
23462,11830.906
23463,11831.416
23464,11831.984
23465,11832.543
23466,11832.970
23467,11833.442
23468,11833.952
23469,11834.406
23470,11834.953
23471,11835.539
23472,11836.052
23473,11836.427
23474,11837.017
23475,11837.500
23476,11838.008
23477,11838.431
23478,11838.906
23479,11839.486
23480,11840.043
23481,11840.484
23482,11841.039
23483,11841.537
23484,11842.045
23485,11842.574
23486,11843.053
23487,11843.563
23488,11843.966
23489,11844.408
23490,11845.009
23491,11845.597
23492,11846.087
23493,11846.486
23494,11846.928
23495,11847.493
23496,11848.077
23497,11848.481
23498,11848.920
23499,11849.570
23500,11849.961
23501,11850.567
23502,11851.085
23503,11851.498
23504,11852.093
23505,11852.593
23506,11852.937
23507,11853.590
23508,11853.981
23509,11854.517
23510,11855.076
23511,11855.466
23512,11856.005
23513,11856.512
23514,11856.918
23515,11857.580
23516,11858.041
23517,11858.425
23518,11859.095
23519,11859.522
23520,11860.064
23521,11860.561
23522,11860.999
23523,11861.556
23524,11862.026
23525,11862.447
23526,11862.971
23527,11863.598
23528,11864.061
23529,11864.415
23530,11865.050
23531,11865.426
23532,11866.015
23533,11866.474
23534,11866.995
23535,11867.508
23536,11867.939
23537,11868.464
23538,11869.046
23539,11869.581
23540,11870.017
23541,11870.522
23542,11870.939
23543,11871.533
23544,11872.035
23545,11872.600
23546,11872.954
23547,11873.565
23548,11873.994
23549,11874.445
23550,11875.082
23551,11875.560
23552,11875.914
23553,11876.534
23554,11877.031
23555,11877.446
23556,11878.092
23557,11878.477
23558,11878.928
23559,11879.530
23560,11880.027
23561,11880.525
23562,11881.074
23563,11881.538
23564,11881.989
23565,11882.469
23566,11883.039
23567,11883.579
23568,11883.957
23569,11884.490
23570,11884.983
23571,11885.476
23572,11886.024
23573,11886.472
23574,11886.930
23575,11887.560
23576,11888.062
23577,11888.466
23578,11889.052
23579,11889.596
23580,11890.082
23581,11890.476
23582,11891.041
23583,11891.467
23584,11892.024
23585,11892.524
23586,11893.052
23587,11893.450
23588,11894.085
23589,11894.513
23590,11895.011
23591,11895.571
23592,11896.084
23593,11896.434
23594,11896.982
23595,11897.563
23596,11898.092
23597,11898.582
23598,11898.947
23599,11899.561
23600,11900.014
23601,11900.471
23602,11900.946
23603,11901.578
23604,11902.019
23605,11902.588
23606,11902.920
23607,11903.483
23608,11903.995
23609,11904.563
23610,11905.066
23611,11905.405
23612,11905.914
23613,11906.506
23614,11907.050
23615,11907.489
23616,11907.931
23617,11908.445
23618,11908.970
23619,11909.403
23620,11909.901
23621,11910.509
23622,11911.028
23623,11911.591
23624,11912.005
23625,11912.430
23626,11913.080
23627,11913.423
23628,11913.970
23629,11914.576
23630,11915.075
23631,11915.474
23632,11916.022
23633,11916.594
23634,11917.096
23635,11917.413
23636,11918.048
23637,11918.453
23638,11918.917
23639,11919.560
23640,11920.056
23641,11920.441
23642,11920.954
23643,11921.408
23644,11921.997
23645,11922.523
23646,11923.093
23647,11923.534
23648,11923.925
23649,11924.594
23650,11924.953
23651,11925.432
23652,11926.082
23653,11926.520
23654,11927.076
23655,11927.501
23656,11927.998
23657,11928.432
23658,11929.093
23659,11929.572
23660,11929.920
23661,11930.523
23662,11931.019
23663,11931.447
23664,11932.015
23665,11932.459
23666,11932.994
23667,11933.565
23668,11934.043
23669,11934.455
23670,11935.064
23671,11935.551
23672,11936.017
23673,11936.591
23674,11936.948
23675,11937.474
23676,11937.922
23677,11938.462
23678,11939.086
23679,11939.541
23680,11940.001
23681,11940.444
23682,11940.951
23683,11941.465
23684,11941.953
23685,11942.571
23686,11942.982
23687,11943.475
23688,11944.082
23689,11944.584
23690,11944.937
23691,11945.557
23692,11945.989
23693,11946.444
23694,11946.938
23695,11947.434
23696,11947.962
23697,11948.547
23698,11948.904
23699,11949.581
23700,11949.944
23701,11950.534
23702,11950.971
23703,11951.414
23704,11952.065
23705,11952.401
23706,11952.951
23707,11953.553
23708,11953.951
23709,11954.431
23710,11954.930
23711,11955.523
23712,11955.996
23713,11956.553
23714,11957.085
23715,11957.521
23716,11958.070
23717,11958.487
23718,11958.908
23719,11959.549
23720,11960.058
23721,11960.467
23722,11960.910
23723,11961.497
23724,11962.020
23725,11962.469
23726,11963.061
23727,11963.600
23728,11963.992
23729,11964.542
23730,11964.919
23731,11965.569
23732,11965.957
23733,11966.552
23734,11966.926
23735,11967.593
23736,11968.023
23737,11968.469
23738,11969.093
23739,11969.464
23740,11969.919
23741,11970.442
23742,11970.906
23743,11971.448
23744,11972.024
23745,11972.467
23746,11972.991
23747,11973.525
23748,11974.030
23749,11974.462
23750,11974.926
23751,11975.486
23752,11975.970
23753,11976.541
23754,11976.914
23755,11977.443
23756,11978.066
23757,11978.439
23758,11979.100
23759,11979.552
23760,11980.049
23761,11980.589
23762,11980.932
23763,11981.480
23764,11981.989
23765,11982.548
23766,11983.046
23767,11983.466
23768,11983.930
23769,11984.426
23770,11985.065
23771,11985.470
23772,11985.929
23773,11986.598
23774,11987.035
23775,11987.568
23776,11988.061
23777,11988.599
23778,11988.927
23779,11989.527
23780,11989.926
23781,11990.584
23782,11990.945
23783,11991.421
23784,11991.923
23785,11992.474
23786,11992.995
23787,11993.533
23788,11993.995
23789,11994.478
23790,11995.089
23791,11995.542
23792,11995.974
23793,11996.576
23794,11996.997
23795,11997.545
23796,11997.962
23797,11998.437
23798,11999.061
23799,11999.595
23800,11999.934
23801,12000.574
23802,12000.904
23803,12001.478
23804,12001.998
23805,12002.593
23806,12002.901
23807,12003.461
23808,12004.031
23809,12004.416
23810,12004.941
23811,12005.595
23812,12005.993
23813,12006.549
23814,12006.926
23815,12007.455
23816,12007.964
23817,12008.414
23818,12008.993
23819,12009.538
23820,12009.959
23821,12010.485
23822,12011.076
23823,12011.580
23824,12012.028
23825,12012.575
23826,12013.053
23827,12013.594
23828,12013.932
23829,12014.552
23830,12014.944
23831,12015.576
23832,12016.042
23833,12016.411
23834,12016.913
23835,12017.454
23836,12017.953
23837,12018.466
23838,12019.098
23839,12019.455
23840,12019.925
23841,12020.565
23842,12020.969
23843,12021.573
23844,12021.948
23845,12022.455
23846,12023.017
23847,12023.590
23848,12024.041
23849,12024.539
23850,12025.052
23851,12025.466
23852,12026.099
23853,12026.543
23854,12027.000
23855,12027.467
23856,12028.070
23857,12028.566
23858,12028.996
23859,12029.505
23860,12030.037
23861,12030.562
23862,12030.986
23863,12031.558
23864,12032.078
23865,12032.480
23866,12032.988
23867,12033.429
23868,12033.989
23869,12034.533
23870,12034.906
23871,12035.585
23872,12035.990
23873,12036.500
23874,12036.917
23875,12037.507
23876,12038.064
23877,12038.526
23878,12039.034
23879,12039.535
23880,12039.966
23881,12040.497
23882,12041.034
23883,12041.412
23884,12042.050
23885,12042.480
23886,12042.976
23887,12043.503
23888,12043.985
23889,12044.573
23890,12045.043
23891,12045.593
23892,12046.083
23893,12046.563
23894,12046.970
23895,12047.522
23896,12047.946
23897,12048.443
23898,12048.976
23899,12049.563
23900,12050.093
23901,12050.586
23902,12050.963
23903,12051.596
23904,12052.088
23905,12052.538
23906,12052.926
23907,12053.419
23908,12054.079
23909,12054.549
23910,12055.028
23911,12055.439
23912,12055.935
23913,12056.482
23914,12056.995
23915,12057.597
23916,12057.997
23917,12058.439
23918,12059.061
23919,12059.522
23920,12060.005
23921,12060.546
23922,12061.016
23923,12061.424
23924,12061.963
23925,12062.590
23926,12063.056
23927,12063.431
23928,12063.971
23929,12064.522
23930,12065.064
23931,12065.444
23932,12065.990
23933,12066.591
23934,12066.932
23935,12067.558
23936,12067.962
23937,12068.502
23938,12069.069
23939,12069.443
23940,12069.923
23941,12070.576
23942,12070.918
23943,12071.541
23944,12072.054
23945,12072.554
23946,12072.934
23947,12073.423
23948,12073.928
23949,12074.417
23950,12074.968
23951,12075.534
23952,12076.032
23953,12076.496
23954,12076.948
23955,12077.424
23956,12077.910
23957,12078.465
23958,12078.912
23959,12079.401
23960,12080.015
23961,12080.466
23962,12081.091
23963,12081.481
23964,12082.092
23965,12082.491
23966,12083.072
23967,12083.523
23968,12083.913
23969,12084.586
23970,12084.955
23971,12085.494
23972,12086.029
23973,12086.570
23974,12086.997
23975,12087.552
23976,12088.018
23977,12088.576
23978,12088.974
23979,12089.464
23980,12090.073
23981,12090.454
23982,12091.079
23983,12091.569
23984,12092.053
23985,12092.591
23986,12092.940
23987,12093.585
23988,12094.096
23989,12094.590
23990,12094.993
23991,12095.454
23992,12096.036
23993,12096.497
23994,12097.034
23995,12097.481
23996,12098.044
23997,12098.490
23998,12099.048
23999,12099.562
24000,12099.916
24001,12100.455
24002,12100.937
24003,12101.433
24004,12101.912
24005,12102.474
24006,12103.086
24007,12103.568
24008,12104.027
24009,12104.501
24010,12105.017
24011,12105.558
24012,12106.023
24013,12106.464
24014,12106.954
24015,12107.403
24016,12108.061
24017,12108.573
24018,12109.057
24019,12109.552
24020,12110.053
24021,12110.519
24022,12110.958
24023,12111.423
24024,12112.034
24025,12112.447
24026,12113.079
24027,12113.551
24028,12114.046
24029,12114.510
24030,12115.087
24031,12115.498
24032,12115.963
24033,12116.483
24034,12116.940
24035,12117.509
24036,12118.011
24037,12118.519
24038,12118.998
24039,12119.461
24040,12120.019
24041,12120.524
24042,12120.932
24043,12121.564
24044,12122.087
24045,12122.526
24046,12123.062
24047,12123.515
24048,12124.036
24049,12124.551
24050,12124.959
24051,12125.459
24052,12126.042
24053,12126.494
24054,12126.951
24055,12127.486
24056,12127.969
24057,12128.521
24058,12129.070
24059,12129.515
24060,12130.077
24061,12130.599
24062,12130.944
24063,12131.466
24064,12132.058
24065,12132.567
24066,12132.983
24067,12133.482
24068,12134.021
24069,12134.598
24070,12134.975
24071,12135.441
24072,12135.923
24073,12136.557
24074,12137.082
24075,12137.508
24076,12138.074
24077,12138.536
24078,12139.016
24079,12139.507
24080,12140.069
24081,12140.520
24082,12141.064
24083,12141.568
24084,12141.966
24085,12142.472
24086,12143.065
24087,12143.416
24088,12143.981
24089,12144.503
24090,12144.995
24091,12145.582
24092,12146.068
24093,12146.438
24094,12147.089
24095,12147.572
24096,12147.982
24097,12148.491
24098,12148.990
24099,12149.477
24100,12149.998
24101,12150.534
24102,12150.962
24103,12151.584
24104,12151.931
24105,12152.409
24106,12152.980
24107,12153.589
24108,12154.069
24109,12154.509
24110,12155.047
24111,12155.500
24112,12155.960
24113,12156.412
24114,12157.012
24115,12157.443
24116,12158.036
24117,12158.494
24118,12158.921
24119,12159.483
24120,12160.051
24121,12160.480
24122,12160.905
24123,12161.538
24124,12162.019
24125,12162.409
24126,12163.047
24127,12163.596
24128,12164.059
24129,12164.439
24130,12165.011
24131,12165.481
24132,12165.955
24133,12166.561
24134,12166.927
24135,12167.485
24136,12167.923
24137,12168.450
24138,12169.085
24139,12169.525
24140,12170.064
24141,12170.591
24142,12170.923
24143,12171.584
24144,12171.915
24145,12172.440
24146,12173.060
24147,12173.540
24148,12174.015
24149,12174.496
24150,12175.019
24151,12175.520
24152,12176.093
24153,12176.485
24154,12176.965
24155,12177.498
24156,12178.095
24157,12178.575
24158,12178.996
24159,12179.475
24160,12179.946
24161,12180.576
24162,12180.954
24163,12181.415
24164,12182.008
24165,12182.485
24166,12183.073
24167,12183.594
24168,12183.939
24169,12184.508
24170,12184.906
24171,12185.592
24172,12186.008
24173,12186.485
24174,12187.012
24175,12187.444
24176,12187.918
24177,12188.404
24178,12189.012
24179,12189.484
24180,12189.995
24181,12190.490
24182,12191.014
24183,12191.427
24184,12191.969
24185,12192.474
24186,12193.008
24187,12193.459
24188,12194.062
24189,12194.494
24190,12195.032
24191,12195.547
24192,12195.903
24193,12196.578
24194,12197.034
24195,12197.566
24196,12197.931
24197,12198.563
24198,12198.941
24199,12199.561
24200,12199.956
24201,12200.471
24202,12200.992
24203,12201.440
24204,12202.036
24205,12202.562
24206,12202.991
24207,12203.558
24208,12204.055
24209,12204.502
24210,12204.939
24211,12205.496
24212,12205.961
24213,12206.429
24214,12206.987
24215,12207.521
24216,12207.945
24217,12208.584
24218,12209.090
24219,12209.445
24220,12209.908
24221,12210.534
24222,12210.927
24223,12211.511
24224,12211.976
24225,12212.409
24226,12213.049
24227,12213.531
24228,12214.088
24229,12214.467
24230,12215.022
24231,12215.550
24232,12215.985
24233,12216.413
24234,12216.994
24235,12217.569
24236,12217.988
24237,12218.568
24238,12219.035
24239,12219.574
24240,12219.972
24241,12220.551
24242,12221.063
24243,12221.417
24244,12221.908
24245,12222.567
24246,12222.943
24247,12223.575
24248,12224.083
24249,12224.415
24250,12224.931
24251,12225.482
24252,12225.909
24253,12226.439
24254,12227.021
24255,12227.503
24256,12227.948
24257,12228.404
24258,12228.997
24259,12229.407
24260,12229.941
24261,12230.433
24262,12231.072
24263,12231.568
24264,12232.026
24265,12232.569
24266,12232.906
24267,12233.512
24268,12234.048
24269,12234.540
24270,12235.020
24271,12235.552
24272,12236.073
24273,12236.444
24274,12237.076
24275,12237.584
24276,12237.975
24277,12238.500
24278,12239.054
24279,12239.494
24280,12239.959
24281,12240.430
24282,12240.909
24283,12241.567
24284,12241.907
24285,12242.557
24286,12242.947
24287,12243.460
24288,12243.949
24289,12244.430
24290,12245.065
24291,12245.463
24292,12246.019
24293,12246.474
24294,12246.904
24295,12247.441
24296,12247.954
24297,12248.508
24298,12248.917
24299,12249.469
24300,12249.909
24301,12250.476
24302,12251.026
24303,12251.461
24304,12252.027
24305,12252.484
24306,12252.963
24307,12253.533
24308,12253.917
24309,12254.592
24310,12255.010
24311,12255.547
24312,12256.088
24313,12256.469
24314,12256.924
24315,12257.493
24316,12257.944
24317,12258.421
24318,12259.030
24319,12259.517
24320,12259.977
24321,12260.574
24322,12260.969
24323,12261.405
24324,12261.947
24325,12262.564
24326,12263.057
24327,12263.559
24328,12263.907
24329,12264.501
24330,12264.995
24331,12265.424
24332,12265.947
24333,12266.555
24334,12267.050
24335,12267.415
24336,12267.943
24337,12268.491
24338,12269.033
24339,12269.536
24340,12270.095
24341,12270.554
24342,12271.007
24343,12271.499
24344,12271.924
24345,12272.469
24346,12273.040
24347,12273.411
24348,12273.926
24349,12274.434
24350,12274.907
24351,12275.479
24352,12276.050
24353,12276.491
24354,12276.945
24355,12277.597
24356,12277.986
24357,12278.588
24358,12279.020
24359,12279.494
24360,12279.901
24361,12280.482
24362,12280.939
24363,12281.488
24364,12281.983
24365,12282.439
24366,12283.090
24367,12283.548
24368,12284.060
24369,12284.595
24370,12285.053
24371,12285.548
24372,12286.031
24373,12286.434
24374,12286.993
24375,12287.483
24376,12288.051
24377,12288.468
24378,12288.937
24379,12289.523
24380,12290.065
24381,12290.493
24382,12291.001
24383,12291.474
24384,12292.069
24385,12292.539
24386,12293.036
24387,12293.538
24388,12293.979
24389,12294.538
24390,12295.087
24391,12295.517
24392,12296.031
24393,12296.467
24394,12297.059
24395,12297.584
24396,12297.993
24397,12298.559
24398,12298.907
24399,12299.558
24400,12300.046
24401,12300.532
24402,12301.097
24403,12301.489
24404,12302.061
24405,12302.566
24406,12303.008
24407,12303.409
24408,12303.996
24409,12304.457
24410,12305.088
24411,12305.440
24412,12305.924
24413,12306.539
24414,12307.069
24415,12307.562
24416,12308.079
24417,12308.479
24418,12308.916
24419,12309.431
24420,12310.034
24421,12310.564
24422,12310.929
24423,12311.550
24424,12312.054
24425,12312.532
24426,12313.062
24427,12313.448
24428,12314.025
24429,12314.543
24430,12314.966
24431,12315.472
24432,12315.966
24433,12316.483
24434,12317.078
24435,12317.566
24436,12317.934
24437,12318.536
24438,12318.915
24439,12319.530
24440,12319.978
24441,12320.527
24442,12320.961
24443,12321.538
24444,12322.091
24445,12322.401
24446,12323.020
24447,12323.455
24448,12324.034
24449,12324.463
24450,12325.029
24451,12325.441
24452,12325.984
24453,12326.423
24454,12326.986
24455,12327.478
24456,12327.939
24457,12328.405
24458,12328.917
24459,12329.451
24460,12330.032
24461,12330.580
24462,12331.072
24463,12331.589
24464,12331.959
24465,12332.432
24466,12332.980
24467,12333.540
24468,12333.913
24469,12334.579
24470,12335.060
24471,12335.469
24472,12336.050
24473,12336.525
24474,12336.905
24475,12337.418
24476,12338.079
24477,12338.421
24478,12338.985
24479,12339.541
24480,12339.901
24481,12340.583
24482,12341.013
24483,12341.438
24484,12341.913
24485,12342.411
24486,12342.908
24487,12343.422
24488,12344.039
24489,12344.466
24490,12344.961
24491,12345.513
24492,12346.076
24493,12346.435
24494,12347.055
24495,12347.473
24496,12348.009
24497,12348.481
24498,12349.089
24499,12349.469
24500,12349.929
24501,12350.543
24502,12350.916
24503,12351.591
24504,12351.904
24505,12352.546
24506,12353.046
24507,12353.599
24508,12353.924
24509,12354.544
24510,12354.904
24511,12355.570
24512,12356.035
24513,12356.586
24514,12357.026
24515,12357.512
24516,12358.045
24517,12358.421
24518,12358.960
24519,12359.468
24520,12360.055
24521,12360.435
24522,12360.951
24523,12361.403
24524,12361.920
24525,12362.505
24526,12362.954
24527,12363.478
24528,12364.027
24529,12364.557
24530,12365.057
24531,12365.507
24532,12366.068
24533,12366.456
24534,12366.987
24535,12367.521
24536,12367.925
24537,12368.463
24538,12368.968
24539,12369.587
24540,12370.098
24541,12370.539
24542,12370.967
24543,12371.444
24544,12372.035
24545,12372.453
24546,12372.939
24547,12373.570
24548,12373.964
24549,12374.512
24550,12375.042
24551,12375.443
24552,12375.905
24553,12376.482
24554,12377.074
24555,12377.578
24556,12377.978
24557,12378.536
24558,12378.934
24559,12379.532
24560,12380.068
24561,12380.412
24562,12381.050
24563,12381.559
24564,12382.050
24565,12382.404
24566,12382.970
24567,12383.509
24568,12384.016
24569,12384.514
24570,12384.979
24571,12385.552
24572,12386.069
24573,12386.430
24574,12387.086
24575,12387.464
24576,12388.052
24577,12388.484
24578,12388.935
24579,12389.526
24580,12389.938
24581,12390.411
24582,12390.925
24583,12391.534
24584,12392.033
24585,12392.427
24586,12393.002
24587,12393.413
24588,12393.962
24589,12394.590
24590,12395.083
24591,12395.495
24592,12395.979
24593,12396.554
24594,12396.982
24595,12397.498
24596,12397.962
24597,12398.556
24598,12398.982
24599,12399.594
24600,12400.053
24601,12400.439
24602,12400.910
24603,12401.479
24604,12402.019
24605,12402.587
24606,12403.029
24607,12403.436
24608,12403.995
24609,12404.533
24610,12404.902
24611,12405.567
24612,12406.034
24613,12406.426
24614,12406.958
24615,12407.473
24616,12407.937
24617,12408.502
24618,12408.919
24619,12409.459
24620,12410.092
24621,12410.414
24622,12410.928
24623,12411.532
24624,12412.034
24625,12412.497
24626,12412.985
24627,12413.571
24628,12413.916
24629,12414.546
24630,12414.924
24631,12415.464
24632,12416.084
24633,12416.555
24634,12417.025
24635,12417.525
24636,12418.024
24637,12418.430
24638,12419.009
24639,12419.495
24640,12419.933
24641,12420.549
24642,12421.093
24643,12421.515
24644,12421.994
24645,12422.481
24646,12423.054
24647,12423.416
24648,12424.098
24649,12424.404
24650,12425.065
24651,12425.402
24652,12426.079
24653,12426.428
24654,12426.966
24655,12427.480
24656,12427.905
24657,12428.593
24658,12429.074
24659,12429.495
24660,12429.979
24661,12430.522
24662,12431.025
24663,12431.459
24664,12431.964
24665,12432.558
24666,12432.906
24667,12433.556
24668,12433.987
24669,12434.431
24670,12434.988
24671,12435.536
24672,12435.965
24673,12436.500
24674,12436.929
24675,12437.579
24676,12438.050
24677,12438.445
24678,12438.964
24679,12439.562
24680,12440.074
24681,12440.403
24682,12441.001
24683,12441.496
24684,12441.969
24685,12442.509
24686,12442.908
24687,12443.571
24688,12443.911
24689,12444.573
24690,12444.965
24691,12445.448
24692,12445.970
24693,12446.481
24694,12447.025
24695,12447.454
24696,12447.956
24697,12448.460
24698,12449.076
24699,12449.582
24700,12450.083
24701,12450.442
24702,12450.940
24703,12451.429
24704,12451.992
24705,12452.531
24706,12452.940
24707,12453.457
24708,12453.998
24709,12454.485
24710,12454.988
24711,12455.549
24712,12455.919
24713,12456.438
24714,12457.054
24715,12457.402
24716,12457.906
24717,12458.453
24718,12459.012
24719,12459.569
24720,12460.062
24721,12460.537
24722,12461.026
24723,12461.581
24724,12462.031
24725,12462.595
24726,12463.034
24727,12463.417
24728,12464.037
24729,12464.467
24730,12465.030
24731,12465.438
24732,12465.951
24733,12466.425
24734,12467.087
24735,12467.425
24736,12467.985
24737,12468.562
24738,12469.068
24739,12469.578
24740,12469.940
24741,12470.473
24742,12471.034
24743,12471.543
24744,12472.073
24745,12472.471
24746,12472.930
24747,12473.433
24748,12473.922
24749,12474.475
24750,12474.902
24751,12475.495
24752,12475.974
24753,12476.418
24754,12476.909
24755,12477.535
24756,12478.099
24757,12478.401
24758,12478.952
24759,12479.598
24760,12480.032
24761,12480.589
24762,12481.029
24763,12481.582
24764,12482.030
24765,12482.444
24766,12482.936
24767,12483.544
24768,12484.068
24769,12484.562
24770,12484.968
24771,12485.538
24772,12485.949
24773,12486.476
24774,12487.076
24775,12487.546
24776,12488.004
24777,12488.431
24778,12488.965
24779,12489.411
24780,12490.061
24781,12490.463
24782,12491.062
24783,12491.561
24784,12491.941
24785,12492.534
24786,12493.033
24787,12493.599
24788,12494.070
24789,12494.442
24790,12494.927
24791,12495.561
24792,12496.055
24793,12496.582
24794,12496.926
24795,12497.441
24796,12497.979
24797,12498.498
24798,12499.032
24799,12499.412
24800,12499.932
24801,12500.460
24802,12500.930
24803,12501.487
24804,12501.929
24805,12502.456
24806,12502.929
24807,12503.440
24808,12503.974
24809,12504.545
24810,12504.907
24811,12505.407
24812,12506.003
24813,12506.544
24814,12507.021
24815,12507.462
24816,12507.964
24817,12508.429
24818,12509.095
24819,12509.533
24820,12510.046
24821,12510.536
24822,12511.004
24823,12511.443
24824,12512.089
24825,12512.503
24826,12513.011
24827,12513.559
24828,12513.977
24829,12514.542
24830,12515.073
24831,12515.581
24832,12516.039
24833,12516.410
24834,12516.984
24835,12517.588
24836,12517.935
24837,12518.404
24838,12519.005
24839,12519.486
24840,12519.907
24841,12520.540
24842,12520.958
24843,12521.563
24844,12522.017
24845,12522.593
24846,12522.948
24847,12523.530
24848,12524.066
24849,12524.481
24850,12524.997
24851,12525.486
24852,12526.072
24853,12526.550
24854,12526.904
24855,12527.581
24856,12527.952
24857,12528.528
24858,12528.924
24859,12529.545
24860,12530.082
24861,12530.587
24862,12530.904
24863,12531.549
24864,12532.083
24865,12532.522
24866,12532.989
24867,12533.582
24868,12533.939
24869,12534.525
24870,12534.907
24871,12535.469
24872,12536.014
24873,12536.416
24874,12537.042
24875,12537.422
24876,12537.909
24877,12538.505
24878,12538.937
24879,12539.453
24880,12540.064
24881,12540.571
24882,12540.954
24883,12541.462
24884,12541.917
24885,12542.575
24886,12543.013
24887,12543.558
24888,12543.944
24889,12544.586
24890,12545.083
24891,12545.585
24892,12546.002
24893,12546.409
24894,12547.064
24895,12547.449
24896,12548.029
24897,12548.579
24898,12549.091
24899,12549.433
24900,12550.062
24901,12550.449
24902,12550.970
24903,12551.473
24904,12552.008
24905,12552.452
24906,12553.018
24907,12553.587
24908,12554.062
24909,12554.510
24910,12554.950
24911,12555.579
24912,12555.907
24913,12556.485
24914,12556.914
24915,12557.515
24916,12558.026
24917,12558.517
24918,12558.997
24919,12559.499
24920,12559.944
24921,12560.422
24922,12560.969
24923,12561.579
24924,12562.077
24925,12562.524
24926,12562.958
24927,12563.446
24928,12564.028
24929,12564.415
24930,12565.043
24931,12565.526
24932,12566.005
24933,12566.455
24934,12567.011
24935,12567.484
24936,12568.007
24937,12568.409
24938,12568.917
24939,12569.401
24940,12570.076
24941,12570.590
24942,12571.027
24943,12571.532
24944,12572.065
24945,12572.455
24946,12573.063
24947,12573.441
24948,12573.976
24949,12574.414
24950,12574.956
24951,12575.524
24952,12576.031
24953,12576.465
24954,12576.963
24955,12577.560
24956,12577.926
24957,12578.570
24958,12578.945
24959,12579.494
24960,12579.947
24961,12580.401
24962,12581.081
24963,12581.509
24964,12582.086
24965,12582.539
24966,12582.972
24967,12583.510
24968,12583.901
24969,12584.489
24970,12585.098
24971,12585.595
24972,12585.942
24973,12586.520
24974,12586.963
24975,12587.459
24976,12587.933
24977,12588.546
24978,12589.026
24979,12589.578
24980,12589.964
24981,12590.543
24982,12591.014
24983,12591.546
24984,12592.021
24985,12592.453
24986,12593.083
24987,12593.502
24988,12593.947
24989,12594.473
24990,12594.929
24991,12595.567
24992,12595.925
24993,12596.491
24994,12596.988
24995,12597.401
24996,12598.073
24997,12598.575
24998,12598.946
24999,12599.499
25000,12600.058
25001,12600.475
25002,12600.929
25003,12601.450
25004,12601.954
25005,12602.491
25006,12603.082
25007,12603.434
25008,12604.037
25009,12604.581
25010,12605.053
25011,12605.424
25012,12605.962
25013,12606.563
25014,12606.943
25015,12607.597
25016,12608.012
25017,12608.524
25018,12609.094
25019,12609.500
25020,12609.920
25021,12610.483
25022,12611.066
25023,12611.429
25024,12611.946
25025,12612.523
25026,12612.944
25027,12613.506
25028,12614.080
25029,12614.439
25030,12614.908
25031,12615.485
25032,12616.089
25033,12616.562
25034,12617.033
25035,12617.587
25036,12617.920
25037,12618.587
25038,12618.916
25039,12619.462
25040,12619.978
25041,12620.554
25042,12621.091
25043,12621.462
25044,12621.900
25045,12622.562
25046,12622.922
25047,12623.482
25048,12624.055
25049,12624.598
25050,12624.996
25051,12625.506
25052,12625.932
25053,12626.562
25054,12627.099
25055,12627.527
25056,12628.036
25057,12628.441
25058,12628.919
25059,12629.586
25060,12630.043
25061,12630.568
25062,12630.920
25063,12631.583
25064,12631.991
25065,12632.542
25066,12632.906
25067,12633.539
25068,12634.062
25069,12634.444
25070,12634.961
25071,12635.408
25072,12636.052
25073,12636.520
25074,12636.935
25075,12637.440
25076,12638.073
25077,12638.503
25078,12638.978
25079,12639.569
25080,12639.906
25081,12640.431
25082,12640.957
25083,12641.510
25084,12642.038
25085,12642.408
25086,12642.909
25087,12643.537
25088,12644.049
25089,12644.531
25090,12645.036
25091,12645.590
25092,12646.073
25093,12646.502
25094,12646.955
25095,12647.454
25096,12648.022
25097,12648.516
25098,12649.079
25099,12649.451
25100,12649.998
25101,12650.591
25102,12650.973
25103,12651.483
25104,12652.060
25105,12652.526
25106,12652.937
25107,12653.492
25108,12654.078
25109,12654.565
25110,12655.032
25111,12655.518
25112,12656.019
25113,12656.406
25114,12656.929
25115,12657.421
25116,12658.071
25117,12658.514
25118,12658.974
25119,12659.439
25120,12659.980
25121,12660.449
25122,12661.084
25123,12661.572
25124,12661.947
25125,12662.515
25126,12662.949
25127,12663.535
25128,12664.098
25129,12664.404
25130,12664.918
25131,12665.475
25132,12665.906
25133,12666.407
25134,12666.942
25135,12667.590
25136,12668.050
25137,12668.511
25138,12669.090
25139,12669.521
25140,12669.901
25141,12670.525
25142,12671.032
25143,12671.536
25144,12671.928
25145,12672.448
25146,12673.008
25147,12673.499
25148,12673.966
25149,12674.457
25150,12674.917
25151,12675.556
25152,12676.035
25153,12676.432
25154,12677.098
25155,12677.550
25156,12677.960
25157,12678.547
25158,12679.016
25159,12679.408
25160,12679.973
25161,12680.535
25162,12681.087
25163,12681.514
25164,12681.966
25165,12682.525
25166,12682.942
25167,12683.521
25168,12684.063
25169,12684.512
25170,12684.909
25171,12685.406
25172,12685.946
25173,12686.473
25174,12687.093
25175,12687.406
25176,12688.089
25177,12688.514
25178,12689.037
25179,12689.440
25180,12690.049
25181,12690.533
25182,12690.940
25183,12691.462
25184,12692.043
25185,12692.536
25186,12692.956
25187,12693.573
25188,12694.065
25189,12694.493
25190,12694.901
25191,12695.558
25192,12696.054
25193,12696.417
25194,12696.904
25195,12697.524
25196,12697.988
25197,12698.461
25198,12698.990
25199,12699.443
25200,12700.087
25201,12700.453
25202,12700.912
25203,12701.411
25204,12702.020
25205,12702.536
25206,12703.033
25207,12703.508
25208,12703.917
25209,12704.520
25210,12705.001
25211,12705.581
25212,12706.013
25213,12706.438
25214,12707.069
25215,12707.404
25216,12707.941
25217,12708.500
25218,12709.094
25219,12709.474
25220,12709.985
25221,12710.444
25222,12710.932
25223,12711.421
25224,12712.011
25225,12712.532
25226,12712.949
25227,12713.479
25228,12714.074
25229,12714.422
25230,12714.904
25231,12715.413
25232,12715.951
25233,12716.402
25234,12717.056
25235,12717.440
25236,12717.931
25237,12718.408
25238,12719.022
25239,12719.442
25240,12719.946
25241,12720.502
25242,12720.964
25243,12721.586
25244,12721.968
25245,12722.530
25246,12722.919
25247,12723.461
25248,12724.072
25249,12724.412
25250,12724.998
25251,12725.515
25252,12725.977
25253,12726.413
25254,12727.069
25255,12727.528
25256,12727.925
25257,12728.549
25258,12729.035
25259,12729.451
25260,12729.916
25261,12730.501
25262,12731.081
25263,12731.586
25264,12731.903
25265,12732.457
25266,12732.953
25267,12733.542
25268,12734.095
25269,12734.407
25270,12735.068
25271,12735.572
25272,12735.988
25273,12736.521
25274,12736.990
25275,12737.599
25276,12738.060
25277,12738.408
25278,12738.984
25279,12739.430
25280,12740.054
25281,12740.416
25282,12741.079
25283,12741.522
25284,12741.983
25285,12742.453
25286,12742.982
25287,12743.592
25288,12743.993
25289,12744.537
25290,12744.921
25291,12745.488
25292,12745.969
25293,12746.562
25294,12747.015
25295,12747.534
25296,12747.999
25297,12748.488
25298,12749.015
25299,12749.434
25300,12749.950
25301,12750.593
25302,12750.955
25303,12751.428
25304,12751.932
25305,12752.517
25306,12752.923
25307,12753.491
25308,12754.076
25309,12754.503
25310,12754.927
25311,12755.583
25312,12755.967
25313,12756.470
25314,12757.011
25315,12757.440
25316,12757.968
25317,12758.405
25318,12759.033
25319,12759.523
25320,12759.993
25321,12760.444
25322,12761.078
25323,12761.459
25324,12761.919
25325,12762.406
25326,12763.067
25327,12763.449
25328,12763.983
25329,12764.561
25330,12765.091
25331,12765.584
25332,12766.062
25333,12766.548
25334,12766.908
25335,12767.436
25336,12768.050
25337,12768.451
25338,12769.043
25339,12769.582
25340,12770.094
25341,12770.573
25342,12771.019
25343,12771.541
25344,12772.036
25345,12772.524
25346,12772.989
25347,12773.521
25348,12774.069
25349,12774.495
25350,12775.085
25351,12775.400
25352,12775.987
25353,12776.418
25354,12777.013
25355,12777.421
25356,12777.930
25357,12778.496
25358,12778.938
25359,12779.424
25360,12780.064
25361,12780.559
25362,12781.075
25363,12781.520
25364,12782.042
25365,12782.568
25366,12782.984
25367,12783.538
25368,12784.042
25369,12784.423
25370,12785.088
25371,12785.552
25372,12786.051
25373,12786.538
25374,12786.943
25375,12787.520
25376,12788.020
25377,12788.472
25378,12788.936
25379,12789.567
25380,12790.005
25381,12790.581
25382,12791.093
25383,12791.535
25384,12791.951
25385,12792.511
25386,12792.941
25387,12793.424
25388,12793.992
25389,12794.474
25390,12794.939
25391,12795.593
25392,12796.031
25393,12796.494
25394,12797.098
25395,12797.479
25396,12797.981
25397,12798.481
25398,12799.014
25399,12799.461
25400,12799.992
25401,12800.566
25402,12801.099
25403,12801.566
25404,12802.038
25405,12802.445
25406,12803.012
25407,12803.537
25408,12804.033
25409,12804.566
25410,12804.997
25411,12805.548
25412,12806.096
25413,12806.451
25414,12807.000
25415,12807.523
25416,12807.913
25417,12808.571
25418,12808.952
25419,12809.468
25420,12809.923
25421,12810.497
25422,12811.067
25423,12811.490
25424,12812.090
25425,12812.463
25426,12813.011
25427,12813.541
25428,12814.084
25429,12814.536
25430,12814.977
25431,12815.547
25432,12816.001
25433,12816.500
25434,12817.067
25435,12817.433
25436,12818.011
25437,12818.514
25438,12818.995
25439,12819.572
25440,12819.916
25441,12820.478
25442,12821.014
25443,12821.489
25444,12822.043
25445,12822.573
25446,12822.961
25447,12823.408
25448,12824.032
25449,12824.523
25450,12824.969
25451,12825.521
25452,12825.960
25453,12826.445
25454,12826.925
25455,12827.577
25456,12828.022
25457,12828.568
25458,12829.086
25459,12829.486
25460,12829.908
25461,12830.419
25462,12831.064
25463,12831.534
25464,12831.944
25465,12832.562
25466,12833.039
25467,12833.413
25468,12834.046
25469,12834.551
25470,12834.941
25471,12835.467
25472,12835.918
25473,12836.568
25474,12837.048
25475,12837.551
25476,12838.014
25477,12838.544
25478,12839.034
25479,12839.467
25480,12839.932
25481,12840.402
25482,12841.086
25483,12841.584
25484,12842.032
25485,12842.447
25486,12843.026
25487,12843.553
25488,12843.908
25489,12844.574
25490,12845.093
25491,12845.403
25492,12846.054
25493,12846.492
25494,12847.043
25495,12847.419
25496,12847.903
25497,12848.432
25498,12849.062
25499,12849.531
25500,12849.922
25501,12850.582
25502,12851.042
25503,12851.479
25504,12852.016
25505,12852.562
25506,12852.936
25507,12853.505
25508,12853.904
25509,12854.523
25510,12855.057
25511,12855.545
25512,12856.073
25513,12856.481
25514,12856.923
25515,12857.458
25516,12857.955
25517,12858.592
25518,12859.042
25519,12859.466
25520,12860.071
25521,12860.451
25522,12861.051
25523,12861.577
25524,12862.099
25525,12862.570
25526,12863.014
25527,12863.537
25528,12863.908
25529,12864.488
25530,12864.905
25531,12865.547
25532,12865.903
25533,12866.448
25534,12866.985
25535,12867.486
25536,12868.065
25537,12868.453
25538,12868.955
25539,12869.570
25540,12870.008
25541,12870.460
25542,12871.010
25543,12871.554
25544,12872.018
25545,12872.484
25546,12873.024
25547,12873.466
25548,12874.093
25549,12874.483
25550,12875.087
25551,12875.510
25552,12876.059
25553,12876.460
25554,12876.960
25555,12877.462
25556,12877.920
25557,12878.594
25558,12879.000
25559,12879.525
25560,12879.948
25561,12880.445
25562,12880.993
25563,12881.462
25564,12881.901
25565,12882.458
25566,12883.100
25567,12883.541
25568,12883.926
25569,12884.490
25570,12884.963
25571,12885.554
25572,12885.996
25573,12886.415
25574,12887.049
25575,12887.533
25576,12887.975
25577,12888.430
25578,12889.041
25579,12889.510
25580,12889.962
25581,12890.461
25582,12891.049
25583,12891.504
25584,12892.026
25585,12892.550
25586,12892.918
25587,12893.482
25588,12893.977
25589,12894.471
25590,12894.932
25591,12895.421
25592,12896.057
25593,12896.582
25594,12897.050
25595,12897.582
25596,12897.938
25597,12898.484
25598,12899.072
25599,12899.547
25600,12900.041
25601,12900.518
25602,12901.061
25603,12901.532
25604,12901.982
25605,12902.495
25606,12903.012
25607,12903.440
25608,12903.908
25609,12904.591
25610,12905.020
25611,12905.451
25612,12905.917
25613,12906.533
25614,12906.943
25615,12907.587
25616,12908.001
25617,12908.516
25618,12908.978
25619,12909.584
25620,12909.912
25621,12910.431
25622,12911.015
25623,12911.549
25624,12912.096
25625,12912.446
25626,12913.072
25627,12913.472
25628,12914.065
25629,12914.551
25630,12915.098
25631,12915.405
25632,12915.928
25633,12916.521
25634,12917.006
25635,12917.589
25636,12918.082
25637,12918.546
25638,12918.960
25639,12919.586
25640,12920.084
25641,12920.427
25642,12920.931
25643,12921.460
25644,12922.079
25645,12922.549
25646,12923.020
25647,12923.562
25648,12924.002
25649,12924.488
25650,12925.026
25651,12925.411
25652,12925.942
25653,12926.570
25654,12927.028
25655,12927.552
25656,12928.045
25657,12928.596
25658,12928.904
25659,12929.596
25660,12930.044
25661,12930.421
25662,12930.916
25663,12931.539
25664,12932.000
25665,12932.475
25666,12933.067
25667,12933.426
25668,12934.084
25669,12934.547
25670,12935.060
25671,12935.560
25672,12935.953
25673,12936.449
25674,12936.936
25675,12937.561
25676,12937.995
25677,12938.454
25678,12939.070
25679,12939.454
25680,12939.969
25681,12940.581
25682,12940.908
25683,12941.556
25684,12941.930
25685,12942.524
25686,12942.907
25687,12943.583
25688,12944.032
25689,12944.405
25690,12945.095
25691,12945.456
25692,12945.972
25693,12946.466
25694,12946.950
25695,12947.594
25696,12948.012
25697,12948.403
25698,12948.976
25699,12949.510
25700,12949.953
25701,12950.467
25702,12950.959
25703,12951.566
25704,12952.033
25705,12952.588
25706,12952.989
25707,12953.548
25708,12954.058
25709,12954.444
25710,12954.910
25711,12955.409
25712,12955.967
25713,12956.440
25714,12956.919
25715,12957.445
25716,12958.034
25717,12958.445
25718,12959.069
25719,12959.410
25720,12959.922
25721,12960.535
25722,12960.997
25723,12961.546
25724,12961.958
25725,12962.459
25726,12963.029
25727,12963.540
25728,12964.047
25729,12964.424
25730,12965.090
25731,12965.438
25732,12966.015
25733,12966.405
25734,12967.086
25735,12967.529
25736,12967.906
25737,12968.454
25738,12969.047
25739,12969.537
25740,12970.049
25741,12970.507
25742,12970.973
25743,12971.482
25744,12972.003
25745,12972.557
25746,12973.015
25747,12973.536
25748,12973.958
25749,12974.477
25750,12975.048
25751,12975.529
25752,12975.930
25753,12976.457
25754,12976.953
25755,12977.533
25756,12978.073
25757,12978.439
25758,12978.956
25759,12979.596
25760,12979.902
25761,12980.513
25762,12981.081
25763,12981.588
25764,12982.014
25765,12982.565
25766,12982.935
25767,12983.563
25768,12984.077
25769,12984.520
25770,12984.979
25771,12985.415
25772,12985.944
25773,12986.492
25774,12987.046
25775,12987.431
25776,12987.962
25777,12988.569
25778,12988.906
25779,12989.409
25780,12989.919
25781,12990.461
25782,12991.001
25783,12991.442
25784,12992.018
25785,12992.527
25786,12992.978
25787,12993.465
25788,12993.950
25789,12994.547
25790,12995.079
25791,12995.461
25792,12996.092
25793,12996.559
25794,12997.087
25795,12997.519
25796,12997.971
25797,12998.564
25798,12999.007
25799,12999.474
25800,12999.931
25801,13000.511
25802,13000.980
25803,13001.523
25804,13001.984
25805,13002.536
25806,13002.988
25807,13003.407
25808,13004.089
25809,13004.408
25810,13005.046
25811,13005.457
25812,13006.005
25813,13006.587
25814,13006.966
25815,13007.495
25816,13007.918
25817,13008.467
25818,13009.025
25819,13009.475
25820,13009.914
25821,13010.588
25822,13010.906
25823,13011.538
25824,13011.971
25825,13012.453
25826,13012.984
25827,13013.420
25828,13014.090
25829,13014.514
25830,13015.006
25831,13015.453
25832,13015.973
25833,13016.590
25834,13017.006
25835,13017.402
25836,13017.984
25837,13018.444
25838,13018.911
25839,13019.562
25840,13020.029
25841,13020.536
25842,13020.971
25843,13021.487
25844,13021.987
25845,13022.438
25846,13022.967
25847,13023.436
25848,13024.047
25849,13024.578
25850,13025.096
25851,13025.414
25852,13025.998
25853,13026.446
25854,13027.067
25855,13027.515
25856,13028.096
25857,13028.480
25858,13028.991
25859,13029.415
25860,13030.078
25861,13030.573
25862,13031.055
25863,13031.409
25864,13032.087
25865,13032.454
25866,13032.906
25867,13033.425
25868,13034.013
25869,13034.554
25870,13035.018
25871,13035.406
25872,13036.003
25873,13036.477
25874,13037.060
25875,13037.560
25876,13038.054
25877,13038.502
25878,13039.085
25879,13039.598
25880,13039.950
25881,13040.546
25882,13041.065
25883,13041.560
25884,13042.069
25885,13042.430
25886,13043.031
25887,13043.507
25888,13044.071
25889,13044.463
25890,13045.069
25891,13045.507
25892,13045.929
25893,13046.543
25894,13047.099
25895,13047.467
25896,13047.949
25897,13048.411
25898,13049.072
25899,13049.435
25900,13049.919
25901,13050.592
25902,13050.918
25903,13051.532
25904,13051.920
25905,13052.562
25906,13052.909
25907,13053.540
25908,13054.048
25909,13054.425
25910,13054.910
25911,13055.452
25912,13055.982
25913,13056.502
25914,13056.902
25915,13057.444
25916,13058.048
25917,13058.583
25918,13058.969
25919,13059.467
25920,13059.915
25921,13060.407
25922,13060.962
25923,13061.561
25924,13062.055
25925,13062.403
25926,13062.956
25927,13063.537
25928,13063.996
25929,13064.483
25930,13064.994
25931,13065.540
25932,13065.911
25933,13066.485
25934,13067.090
25935,13067.423
25936,13067.947
25937,13068.553
25938,13068.952
25939,13069.406
25940,13069.979
25941,13070.543
25942,13071.054
25943,13071.424
25944,13071.928
25945,13072.416
25946,13072.972
25947,13073.505
25948,13074.043
25949,13074.453
25950,13074.937
25951,13075.513
25952,13076.090
25953,13076.420
25954,13077.000
25955,13077.562
25956,13077.987
25957,13078.577
25958,13079.000
25959,13079.570
25960,13080.028
25961,13080.590
25962,13081.002
25963,13081.563
25964,13082.094
25965,13082.454
25966,13082.906
25967,13083.547
25968,13083.922
25969,13084.467
25970,13084.926
25971,13085.478
25972,13086.088
25973,13086.442
25974,13086.968
25975,13087.423
25976,13088.076
25977,13088.494
25978,13089.070
25979,13089.411
25980,13090.016
25981,13090.582
25982,13091.010
25983,13091.404
25984,13092.034
25985,13092.534
25986,13093.099
25987,13093.574
25988,13093.906
25989,13094.592
25990,13095.012
25991,13095.471
25992,13096.073
25993,13096.512
25994,13097.046
25995,13097.577
25996,13098.053
25997,13098.586
25998,13099.074
25999,13099.539
26000,13099.961
26001,13100.449
26002,13100.944
26003,13101.567
26004,13102.092
26005,13102.450
26006,13102.969
26007,13103.454
26008,13104.011
26009,13104.514
26010,13105.027
26011,13105.532
26012,13105.933
26013,13106.431
26014,13106.962
26015,13107.455
26016,13107.929
26017,13108.513
26018,13108.910
26019,13109.559
26020,13110.096
26021,13110.416
26022,13111.031
26023,13111.518
26024,13112.038
26025,13112.464
26026,13112.980
26027,13113.469
26028,13113.990
26029,13114.478
26030,13115.031
26031,13115.493
26032,13115.967
26033,13116.519
26034,13117.028
26035,13117.564
26036,13117.907
26037,13118.414
26038,13119.070
26039,13119.518
26040,13120.063
26041,13120.481
26042,13121.037
26043,13121.448
26044,13121.985
26045,13122.470
26046,13123.078
26047,13123.536
26048,13123.913
26049,13124.483
26050,13124.949
26051,13125.478
26052,13126.080
26053,13126.511
26054,13126.943
26055,13127.536
26056,13127.972
26057,13128.480
26058,13128.907
26059,13129.453
26060,13130.063
26061,13130.462
26062,13131.050
26063,13131.487
26064,13132.068
26065,13132.468
26066,13132.915
26067,13133.489
26068,13133.902
26069,13134.451
26070,13134.930
26071,13135.577
26072,13135.905
26073,13136.513
26074,13137.054
26075,13137.435
26076,13138.058
26077,13138.564
26078,13139.043
26079,13139.499
26080,13139.969
26081,13140.471
26082,13140.960
26083,13141.550
26084,13142.028
26085,13142.444
26086,13143.038
26087,13143.591
26088,13144.042
26089,13144.457
26090,13145.075
26091,13145.418
26092,13146.005
26093,13146.536
26094,13147.086
26095,13147.482
26096,13147.916
26097,13148.579
26098,13149.046
26099,13149.468
26100,13149.963
26101,13150.509
26102,13150.935
26103,13151.436
26104,13151.989
26105,13152.482
26106,13152.911
26107,13153.563
26108,13153.910
26109,13154.528
26110,13154.986
26111,13155.481
26112,13155.906
26113,13156.552
26114,13157.035
26115,13157.483
26116,13158.045
26117,13158.530
26118,13158.916
26119,13159.520
26120,13160.083
26121,13160.408
26122,13161.066
26123,13161.526
26124,13162.052
26125,13162.430
26126,13162.978
26127,13163.514
26128,13163.985
26129,13164.597
26130,13164.988
26131,13165.419
26132,13166.015
26133,13166.540
26134,13167.080
26135,13167.557
26136,13168.012
26137,13168.502
26138,13169.016
26139,13169.593
26140,13170.035
26141,13170.559
26142,13170.973
26143,13171.570
26144,13172.066
26145,13172.458
26146,13172.972
26147,13173.532
26148,13173.963
26149,13174.532
26150,13174.977
26151,13175.547
26152,13175.941
26153,13176.483
26154,13177.052
26155,13177.456
26156,13178.085
26157,13178.473
26158,13178.923
26159,13179.513
26160,13180.074
26161,13180.523
26162,13181.092
26163,13181.411
26164,13181.975
26165,13182.423
26166,13183.008
26167,13183.430
26168,13184.099
26169,13184.506
26170,13184.937
26171,13185.431
26172,13185.940
26173,13186.407
26174,13186.904
26175,13187.540
26176,13187.963
26177,13188.443
26178,13188.918
26179,13189.580
26180,13190.010
26181,13190.484
26182,13191.026
26183,13191.414
26184,13191.932
26185,13192.420
26186,13193.014
26187,13193.415
26188,13194.092
26189,13194.421
26190,13194.949
26191,13195.490
26192,13195.936
26193,13196.543
26194,13197.084
26195,13197.518
26196,13198.035
26197,13198.554
26198,13198.961
26199,13199.590
26200,13199.951
26201,13200.567
26202,13201.007
26203,13201.526
26204,13202.072
26205,13202.435
26206,13203.096
26207,13203.489
26208,13204.026
26209,13204.530
26210,13204.943
26211,13205.452
26212,13205.962
26213,13206.543
26214,13206.950
26215,13207.519
26216,13208.030
26217,13208.526
26218,13209.041
26219,13209.575
26220,13210.046
26221,13210.410
26222,13211.069
26223,13211.599
26224,13212.028
26225,13212.500
26226,13212.986
26227,13213.571
26228,13214.082
26229,13214.596
26230,13215.052
26231,13215.539
26232,13216.017
26233,13216.511
26234,13217.079
26235,13217.569
26236,13218.065
26237,13218.595
26238,13218.962
26239,13219.597
26240,13219.969
26241,13220.411
26242,13221.065
26243,13221.540
26244,13221.963
26245,13222.490
26246,13223.028
26247,13223.560
26248,13224.066
26249,13224.418
26250,13224.918
26251,13225.513
26252,13226.070
26253,13226.439
26254,13227.016
26255,13227.493
26256,13227.955
26257,13228.456
26258,13228.981
26259,13229.545
26260,13229.973
26261,13230.514
26262,13230.969
26263,13231.463
26264,13232.074
26265,13232.584
26266,13233.044
26267,13233.409
26268,13233.973
26269,13234.474
26270,13234.958
26271,13235.417
26272,13235.966
26273,13236.456
26274,13236.927
26275,13237.579
26276,13237.976
26277,13238.462
26278,13238.929
26279,13239.520
26280,13239.943
26281,13240.518
26282,13241.078
26283,13241.511
26284,13241.966
26285,13242.571
26286,13242.902
26287,13243.499
26288,13244.087
26289,13244.485
26290,13244.996
26291,13245.510
26292,13245.912
26293,13246.419
26294,13247.040
26295,13247.597
26296,13248.054
26297,13248.574
26298,13248.954
26299,13249.553
26300,13250.089
26301,13250.555
26302,13250.908
26303,13251.484
26304,13251.956
26305,13252.414
26306,13253.012
26307,13253.557
26308,13253.903
26309,13254.551
26310,13254.948
26311,13255.546
26312,13255.916
26313,13256.451
26314,13257.023
26315,13257.505
26316,13257.986
26317,13258.412
26318,13259.026
26319,13259.570
26320,13260.030
26321,13260.516
26322,13260.923
26323,13261.430
26324,13262.056
26325,13262.478
26326,13263.094
26327,13263.476
26328,13264.068
26329,13264.440
26330,13264.986
26331,13265.504
26332,13265.990
26333,13266.502
26334,13267.010
26335,13267.514
26336,13267.939
26337,13268.519
26338,13268.975
26339,13269.429
26340,13270.063
26341,13270.574
26342,13270.983
26343,13271.471
26344,13271.921
26345,13272.437
26346,13272.942
26347,13273.439
26348,13274.082
26349,13274.513
26350,13274.907
26351,13275.538
26352,13276.092
26353,13276.539
26354,13277.092
26355,13277.495
26356,13278.052
26357,13278.551
26358,13279.030
26359,13279.418
26360,13279.912
26361,13280.465
26362,13281.001
26363,13281.477
26364,13281.938
26365,13282.452
26366,13282.907
26367,13283.431
26368,13284.034
26369,13284.530
26370,13284.937
26371,13285.445
26372,13285.937
26373,13286.548
26374,13287.047
26375,13287.535
26376,13288.010
26377,13288.514
26378,13288.942
26379,13289.593
26380,13290.005
26381,13290.508
26382,13290.997
26383,13291.489
26384,13292.079
26385,13292.449
26386,13292.944
26387,13293.480
26388,13293.979
26389,13294.432
26390,13294.949
26391,13295.454
26392,13295.945
26393,13296.573
26394,13297.095
26395,13297.456
26396,13297.946
26397,13298.411
26398,13299.023
26399,13299.522
26400,13300.073
26401,13300.556
26402,13301.032
26403,13301.414
26404,13302.000
26405,13302.596
26406,13302.983
26407,13303.426
26408,13304.089
26409,13304.589
26410,13304.931
26411,13305.407
26412,13306.081
26413,13306.465
26414,13307.072
26415,13307.431
26416,13307.912
26417,13308.410
26418,13309.027
26419,13309.520
26420,13309.946
26421,13310.442
26422,13311.009
26423,13311.469
26424,13311.925
26425,13312.459
26426,13313.037
26427,13313.533
26428,13314.063
26429,13314.448
26430,13315.073
26431,13315.499
26432,13315.905
26433,13316.421
26434,13316.958
26435,13317.402
26436,13318.048
26437,13318.418
26438,13319.026
26439,13319.443
26440,13320.065
26441,13320.565
26442,13320.947
26443,13321.403
26444,13322.096
26445,13322.476
26446,13322.923
26447,13323.480
26448,13323.912
26449,13324.511
26450,13325.080
26451,13325.539
26452,13325.964
26453,13326.429
26454,13326.921
26455,13327.582
26456,13327.955
26457,13328.565
26458,13329.086
26459,13329.561
26460,13330.011
26461,13330.448
26462,13331.009
26463,13331.428
26464,13332.055
26465,13332.523
26466,13332.951
26467,13333.412
26468,13334.063
26469,13334.556
26470,13335.035
26471,13335.497
26472,13336.040
26473,13336.465
26474,13336.953
26475,13337.580
26476,13337.963
26477,13338.563
26478,13339.062
26479,13339.514
26480,13339.930
26481,13340.580
26482,13340.947
26483,13341.488
26484,13341.970
26485,13342.516
26486,13342.910
26487,13343.482
26488,13343.981
26489,13344.512
26490,13344.905
26491,13345.525
26492,13345.952
26493,13346.552
26494,13346.954
26495,13347.460
26496,13347.988
26497,13348.580
26498,13348.913
26499,13349.431
26500,13350.019
26501,13350.531
26502,13350.967
26503,13351.575
26504,13351.905
26505,13352.437
26506,13353.012
26507,13353.577
26508,13353.979
26509,13354.537
26510,13355.095
26511,13355.581
26512,13356.060
26513,13356.526
26514,13357.075
26515,13357.545
26516,13358.083
26517,13358.548
26518,13359.043
26519,13359.574
26520,13359.902
26521,13360.519
26522,13360.960
26523,13361.407
26524,13362.085
26525,13362.561
26526,13362.959
26527,13363.446
26528,13364.030
26529,13364.553
26530,13364.955
26531,13365.456
26532,13365.939
26533,13366.470
26534,13367.057
26535,13367.423
26536,13367.947
26537,13368.525
26538,13369.090
26539,13369.418
26540,13370.004
26541,13370.586
26542,13371.040
26543,13371.551
26544,13372.082
26545,13372.599
26546,13372.954
26547,13373.533
26548,13374.078
26549,13374.510
26550,13375.019
26551,13375.496
26552,13375.920
26553,13376.538
26554,13377.035
26555,13377.430
26556,13377.968
26557,13378.556
26558,13379.100
26559,13379.448
26560,13380.029
26561,13380.553
26562,13381.010
26563,13381.501
26564,13382.004
26565,13382.523
26566,13383.088
26567,13383.432
26568,13384.096
26569,13384.580
26570,13384.972
26571,13385.452
26572,13386.043
26573,13386.561
26574,13387.042
26575,13387.544
26576,13387.966
26577,13388.446
26578,13388.933
26579,13389.432
26580,13389.909
26581,13390.463
26582,13391.089
26583,13391.479
26584,13391.926
26585,13392.570
26586,13392.928
26587,13393.549
26588,13394.007
26589,13394.428
26590,13395.028
26591,13395.525
26592,13395.925
26593,13396.535
26594,13397.048
26595,13397.442
26596,13398.066
26597,13398.500
26598,13399.064
26599,13399.587
26600,13399.989
26601,13400.574
26602,13401.058
26603,13401.408
26604,13402.034
26605,13402.545
26606,13403.090
26607,13403.552
26608,13404.043
26609,13404.433
26610,13404.986
26611,13405.425
26612,13406.045
26613,13406.537
26614,13407.091
26615,13407.555
26616,13407.948
26617,13408.551
26618,13409.058
26619,13409.425
26620,13410.090
26621,13410.445
26622,13411.001
26623,13411.502
26624,13411.909
26625,13412.534
26626,13412.965
26627,13413.483
26628,13413.977
26629,13414.407
26630,13414.943
26631,13415.593
26632,13416.044
26633,13416.435
26634,13417.007
26635,13417.424
26636,13417.986
26637,13418.552
26638,13419.066
26639,13419.528
26640,13420.098
26641,13420.498
26642,13421.073
26643,13421.434
26644,13421.925
26645,13422.542
26646,13423.079
26647,13423.496
26648,13423.958
26649,13424.482
26650,13425.057
26651,13425.433
26652,13426.018
26653,13426.444
26654,13427.037
26655,13427.520
26656,13427.973
26657,13428.539
26658,13429.039
26659,13429.595
26660,13429.950
26661,13430.579
26662,13430.980
26663,13431.422
26664,13432.046
26665,13432.521
26666,13432.912
26667,13433.545
26668,13434.073
26669,13434.525
26670,13435.016
26671,13435.412
26672,13436.022
26673,13436.435
26674,13436.913
26675,13437.585
26676,13437.986
26677,13438.500
26678,13438.901
26679,13439.472
26680,13439.922
26681,13440.421
26682,13440.977
26683,13441.481
26684,13442.020
26685,13442.453
26686,13442.910
26687,13443.452
26688,13444.074
26689,13444.539
26690,13444.955
26691,13445.489
26692,13446.032
26693,13446.412
26694,13447.024
26695,13447.474
26696,13448.008
26697,13448.516
26698,13448.912
26699,13449.533
26700,13450.076
26701,13450.406
26702,13451.069
26703,13451.488
26704,13451.951
26705,13452.450
26706,13453.052
26707,13453.564
26708,13453.922
26709,13454.422
26710,13454.905
26711,13455.560
26712,13455.952
26713,13456.589
26714,13457.002
26715,13457.515
26716,13457.930
26717,13458.450
26718,13458.952
26719,13459.590
26720,13460.077
26721,13460.420
26722,13461.041
26723,13461.464
26724,13462.035
26725,13462.503
26726,13463.045
26727,13463.402
26728,13464.061
26729,13464.532
26730,13464.995
26731,13465.433
26732,13466.051
26733,13466.571
26734,13467.030
26735,13467.499
26736,13467.992
26737,13468.544
26738,13469.050
26739,13469.498
26740,13469.981
26741,13470.454
26742,13470.979
26743,13471.459
26744,13472.100
26745,13472.457
26746,13473.012
26747,13473.478
26748,13474.010
26749,13474.490
26750,13474.980
26751,13475.490
26752,13475.960
26753,13476.423
26754,13476.937
26755,13477.452
26756,13478.015
26757,13478.440
26758,13478.966
26759,13479.439
26760,13479.962
26761,13480.573
26762,13480.932
26763,13481.404
26764,13482.010
26765,13482.512
26766,13482.917
26767,13483.427
26768,13484.041
26769,13484.587
26770,13484.955
26771,13485.504
26772,13486.061
26773,13486.513
26774,13486.912
26775,13487.534
26776,13488.019
26777,13488.548
26778,13489.089
26779,13489.433
26780,13490.022
26781,13490.483
26782,13491.052
26783,13491.542
26784,13491.949
26785,13492.588
26786,13492.930
26787,13493.523
26788,13493.983
26789,13494.568
26790,13494.953
26791,13495.439
26792,13495.971
26793,13496.579
26794,13496.997
26795,13497.443
26796,13498.040
26797,13498.504
26798,13499.075
26799,13499.464
26800,13500.010
26801,13500.536
26802,13500.964
26803,13501.538
26804,13502.005
26805,13502.520
26806,13502.952
26807,13503.496
26808,13503.993
26809,13504.473
26810,13504.936
26811,13505.448
26812,13506.062
26813,13506.548
26814,13506.953
26815,13507.595
26816,13508.075
26817,13508.479
26818,13508.933
26819,13509.507
26820,13510.050
26821,13510.422
26822,13511.002
26823,13511.472
26824,13511.905
26825,13512.424
26826,13513.016
26827,13513.502
26828,13513.918
26829,13514.530
26830,13515.085
26831,13515.403
26832,13516.064
26833,13516.543
26834,13516.935
26835,13517.408
26836,13518.086
26837,13518.469
26838,13518.956
26839,13519.493
26840,13519.952
26841,13520.535
26842,13521.096
26843,13521.479
26844,13522.066
26845,13522.408
26846,13522.988
26847,13523.527
26848,13523.925
26849,13524.464
26850,13524.923
26851,13525.582
26852,13526.038
26853,13526.582
26854,13527.062
26855,13527.534
26856,13527.930
26857,13528.581
26858,13528.944
26859,13529.471
26860,13529.936
26861,13530.441
26862,13530.992
26863,13531.447
26864,13532.002
26865,13532.553
26866,13533.024
26867,13533.562
26868,13534.044
26869,13534.420
26870,13535.063
26871,13535.544
26872,13535.995
26873,13536.566
26874,13537.079
26875,13537.424
26876,13537.946
26877,13538.449
26878,13538.948
26879,13539.440
26880,13540.010
26881,13540.443
26882,13541.021
26883,13541.463
26884,13542.063
26885,13542.433
26886,13543.084
26887,13543.512
26888,13543.995
26889,13544.432
26890,13544.999
26891,13545.511
26892,13545.935
26893,13546.500
26894,13546.986
26895,13547.533
26896,13548.043
26897,13548.544
26898,13549.068
26899,13549.426
26900,13550.075
26901,13550.485
26902,13551.004
26903,13551.461
26904,13551.937
26905,13552.538
26906,13552.946
26907,13553.520
26908,13554.093
26909,13554.491
26910,13554.955
26911,13555.473
26912,13556.090
26913,13556.554
26914,13557.029
26915,13557.589
26916,13557.976
26917,13558.433
26918,13558.918
26919,13559.526
26920,13559.946
26921,13560.483
26922,13561.002
26923,13561.410
26924,13562.037
26925,13562.569
26926,13563.025
26927,13563.577
26928,13564.083
26929,13564.492
26930,13565.064
26931,13565.571
26932,13566.093
26933,13566.423
26934,13566.985
26935,13567.430
26936,13568.077
26937,13568.580
26938,13569.097
26939,13569.539
26940,13570.091
26941,13570.464
26942,13570.908
26943,13571.529
26944,13572.089
26945,13572.467
26946,13572.957
26947,13573.458
26948,13573.918
26949,13574.577
26950,13574.901
26951,13575.431
26952,13575.975
26953,13576.475
26954,13577.038
26955,13577.589
26956,13577.970
26957,13578.443
26958,13578.925
26959,13579.564
26960,13580.012
26961,13580.449
26962,13581.063
26963,13581.515
26964,13582.017
26965,13582.529
26966,13583.004
26967,13583.442
26968,13584.100
26969,13584.553
26970,13585.030
26971,13585.450
26972,13585.970
26973,13586.445
26974,13586.945
26975,13587.524
26976,13588.025
26977,13588.413
26978,13588.930
26979,13589.559
26980,13589.996
26981,13590.587
26982,13590.946
26983,13591.478
26984,13591.924
26985,13592.494
26986,13593.004
26987,13593.497
26988,13593.982
26989,13594.465
26990,13594.907
26991,13595.568
26992,13596.061
26993,13596.576
26994,13596.949
26995,13597.464
26996,13598.033
26997,13598.598
26998,13598.934
26999,13599.405
27000,13599.944
27001,13600.582
27002,13601.032
27003,13601.521
27004,13602.092
27005,13602.591
27006,13602.956
27007,13603.546
27008,13604.060
27009,13604.515
27010,13604.929
27011,13605.538
27012,13606.100
27013,13606.501
27014,13607.076
27015,13607.402
27016,13607.925
27017,13608.442
27018,13608.923
27019,13609.587
27020,13610.031
27021,13610.566
27022,13610.954
27023,13611.538
27024,13611.970
27025,13612.456
27026,13613.070
27027,13613.597
27028,13614.036
27029,13614.516
27030,13614.982
27031,13615.564
27032,13615.946
27033,13616.524
27034,13617.024
27035,13617.484
27036,13617.916
27037,13618.466
27038,13618.944
27039,13619.485
27040,13619.922
27041,13620.406
27042,13621.018
27043,13621.585
27044,13621.959
27045,13622.473
27046,13622.950
27047,13623.441
27048,13624.098
27049,13624.434
27050,13624.907
27051,13625.524
27052,13625.920
27053,13626.492
27054,13627.033
27055,13627.455
27056,13627.923
27057,13628.418
27058,13628.903
27059,13629.482
27060,13629.933
27061,13630.572
27062,13631.089
27063,13631.422
27064,13632.049
27065,13632.570
27066,13632.982
27067,13633.566
27068,13634.029
27069,13634.514
27070,13635.004
27071,13635.480
27072,13636.010
27073,13636.595
27074,13636.937
27075,13637.441
27076,13638.089
27077,13638.408
27078,13638.959
27079,13639.405
27080,13640.070
27081,13640.557
27082,13640.988
27083,13641.511
27084,13642.024
27085,13642.547
27086,13643.079
27087,13643.438
27088,13644.065
27089,13644.516
27090,13645.018
27091,13645.509
27092,13646.048
27093,13646.516
27094,13647.054
27095,13647.406
27096,13648.071
27097,13648.506
27098,13648.908
27099,13649.508
27100,13649.989
27101,13650.564
27102,13651.095
27103,13651.474
27104,13652.050
27105,13652.570
27106,13653.037
27107,13653.463
27108,13654.007
27109,13654.564
27110,13654.961
27111,13655.508
27112,13655.952
27113,13656.430
27114,13657.073
27115,13657.484
27116,13657.996
27117,13658.562
27118,13658.944
27119,13659.417
27120,13660.078
27121,13660.413
27122,13660.931
27123,13661.467
27124,13662.080
27125,13662.534
27126,13663.013
27127,13663.581
27128,13663.923
27129,13664.405
27130,13665.049
27131,13665.452
27132,13666.011
27133,13666.498
27134,13667.029
27135,13667.411
27136,13668.084
27137,13668.596
27138,13668.992
27139,13669.408
27140,13670.067
27141,13670.424
27142,13671.033
27143,13671.508
27144,13671.948
27145,13672.578
27146,13673.018
27147,13673.418
27148,13674.049
27149,13674.416
27150,13674.920
27151,13675.560
27152,13676.084
27153,13676.438
27154,13677.077
27155,13677.510
27156,13677.958
27157,13678.575
27158,13679.024
27159,13679.536
27160,13680.027
27161,13680.552
27162,13680.962
27163,13681.466
27164,13681.953
27165,13682.591
27166,13682.922
27167,13683.525
27168,13683.998
27169,13684.578
27170,13685.066
27171,13685.516
27172,13685.938
27173,13686.564
27174,13686.995
27175,13687.564
27176,13688.085
27177,13688.419
27178,13688.901
27179,13689.532
27180,13689.942
27181,13690.422
27182,13691.034
27183,13691.437
27184,13692.040
27185,13692.433
27186,13692.977
27187,13693.415
27188,13693.993
27189,13694.424
27190,13695.084
27191,13695.556
27192,13696.049
27193,13696.417
27194,13696.952
27195,13697.500
27196,13698.040
27197,13698.565
27198,13698.907
27199,13699.598
27200,13699.952
27201,13700.521
27202,13700.948
27203,13701.437
27204,13702.062
27205,13702.411
27206,13703.004
27207,13703.544
27208,13703.961
27209,13704.442
27210,13704.972
27211,13705.530
27212,13705.999
27213,13706.492
27214,13706.978
27215,13707.521
27216,13707.911
27217,13708.436
27218,13708.953
27219,13709.563
27220,13709.983
27221,13710.579
27222,13711.009
27223,13711.402
27224,13711.950
27225,13712.464
27226,13712.945
27227,13713.532
27228,13713.963
27229,13714.535
27230,13715.000
27231,13715.600
27232,13716.046
27233,13716.486
27234,13717.046
27235,13717.411
27236,13718.053
27237,13718.568
27238,13719.083
27239,13719.530
27240,13720.089
27241,13720.550
27242,13720.999
27243,13721.418
27244,13722.078
27245,13722.593
27246,13722.957
27247,13723.552
27248,13723.907
27249,13724.404
27250,13725.084
27251,13725.454
27252,13725.957
27253,13726.435
27254,13726.997
27255,13727.568
27256,13728.039
27257,13728.529
27258,13728.967
27259,13729.462
27260,13729.965
27261,13730.535
27262,13730.968
27263,13731.537
27264,13732.060
27265,13732.522
27266,13733.019
27267,13733.490
27268,13733.946
27269,13734.595
27270,13735.073
27271,13735.430
27272,13735.980
27273,13736.507
27274,13737.069
27275,13737.569
27276,13737.903
27277,13738.521
27278,13739.008
27279,13739.411
27280,13739.915
27281,13740.451
27282,13741.077
27283,13741.412
27284,13741.914
27285,13742.541
27286,13743.011
27287,13743.469
27288,13744.044
27289,13744.506
27290,13744.952
27291,13745.556
27292,13745.962
27293,13746.425
27294,13746.981
27295,13747.449
27296,13747.995
27297,13748.587
27298,13749.002
27299,13749.433
27300,13749.912
27301,13750.574
27302,13750.940
27303,13751.450
27304,13752.042
27305,13752.581
27306,13752.936
27307,13753.472
27308,13754.076
27309,13754.518
27310,13755.005
27311,13755.587
27312,13755.945
27313,13756.460
27314,13756.933
27315,13757.534
27316,13757.983
27317,13758.470
27318,13759.057
27319,13759.522
27320,13759.924
27321,13760.439
27322,13760.927
27323,13761.573
27324,13762.061
27325,13762.553
27326,13762.994
27327,13763.542
27328,13763.912
27329,13764.499
27330,13765.096
27331,13765.497
27332,13766.084
27333,13766.563
27334,13766.972
27335,13767.522
27336,13768.051
27337,13768.411
27338,13769.054
27339,13769.509
27340,13769.976
27341,13770.545
27342,13771.013
27343,13771.460
27344,13771.975
27345,13772.589
27346,13773.060
27347,13773.574
27348,13773.966
27349,13774.457
27350,13775.076
27351,13775.418
27352,13775.914
27353,13776.581
27354,13776.902
27355,13777.420
27356,13777.984
27357,13778.506
27358,13778.992
27359,13779.553
27360,13779.951
27361,13780.408
27362,13780.982
27363,13781.529
27364,13781.947
27365,13782.568
27366,13782.971
27367,13783.474
27368,13784.027
27369,13784.402
27370,13785.005
27371,13785.515
27372,13786.047
27373,13786.564
27374,13786.985
27375,13787.518
27376,13788.035
27377,13788.573
27378,13789.000
27379,13789.533
27380,13789.965
27381,13790.417
27382,13790.903
27383,13791.533
27384,13792.070
27385,13792.576
27386,13792.984
27387,13793.573
27388,13793.920
27389,13794.495
27390,13794.977
27391,13795.582
27392,13796.071
27393,13796.407
27394,13796.941
27395,13797.500
27396,13798.092
27397,13798.574
27398,13798.964
27399,13799.431
27400,13800.047
27401,13800.457
27402,13801.073
27403,13801.572
27404,13802.056
27405,13802.529
27406,13802.948
27407,13803.585
27408,13804.045
27409,13804.421
27410,13805.012
27411,13805.464
27412,13806.003
27413,13806.552
27414,13806.938
27415,13807.534
27416,13807.902
27417,13808.595
27418,13809.091
27419,13809.448
27420,13810.043
27421,13810.508
27422,13811.047
27423,13811.499
27424,13812.069
27425,13812.588
27426,13813.063
27427,13813.458
27428,13813.988
27429,13814.410
27430,13814.964
27431,13815.516
27432,13815.941
27433,13816.570
27434,13816.922
27435,13817.515
27436,13818.068
27437,13818.521
27438,13819.054
27439,13819.432
27440,13820.083
27441,13820.423
27442,13820.962
27443,13821.540
27444,13821.917
27445,13822.465
27446,13823.086
27447,13823.455
27448,13823.998
27449,13824.461
27450,13824.913
27451,13825.420
27452,13825.946
27453,13826.569
27454,13827.090
27455,13827.509
27456,13828.011
27457,13828.426
27458,13829.088
27459,13829.526
27460,13830.000
27461,13830.549
27462,13831.020
27463,13831.524
27464,13831.929
27465,13832.549
27466,13832.904
27467,13833.597
27468,13834.011
27469,13834.504
27470,13834.920
27471,13835.475
27472,13835.996
27473,13836.424
27474,13837.095
27475,13837.405
27476,13838.011
27477,13838.540
27478,13839.075
27479,13839.529
27480,13840.058
27481,13840.585
27482,13840.912
27483,13841.528
27484,13841.984
27485,13842.505
27486,13843.059
27487,13843.593
27488,13844.062
27489,13844.478
27490,13844.949
27491,13845.512
27492,13845.944
27493,13846.560
27494,13847.077
27495,13847.417
27496,13848.045
27497,13848.543
27498,13848.910
27499,13849.406
27500,13849.988
27501,13850.517
27502,13850.946
27503,13851.558
27504,13852.086
27505,13852.444
27506,13852.908
27507,13853.523
27508,13854.038
27509,13854.474
27510,13854.915
27511,13855.490
27512,13855.959
27513,13856.554
27514,13857.011
27515,13857.513
27516,13857.990
27517,13858.424
27518,13858.966
27519,13859.471
27520,13859.995
27521,13860.463
27522,13861.047
27523,13861.533
27524,13861.902
27525,13862.588
27526,13862.992
27527,13863.417
27528,13864.043
27529,13864.533
27530,13864.918
27531,13865.445
27532,13866.000
27533,13866.402
27534,13866.991
27535,13867.555
27536,13867.987
27537,13868.403
27538,13869.080
27539,13869.574
27540,13870.055
27541,13870.594
27542,13871.024
27543,13871.445
27544,13872.099
27545,13872.565
27546,13872.971
27547,13873.515
27548,13874.056
27549,13874.428
27550,13875.095
27551,13875.463
27552,13876.009
27553,13876.457
27554,13877.094
27555,13877.480
27556,13878.031
27557,13878.507
27558,13878.974
27559,13879.426
27560,13880.087
27561,13880.408
27562,13881.011
27563,13881.597
27564,13881.975
27565,13882.415
27566,13882.901
27567,13883.536
27568,13883.916
27569,13884.442
27570,13885.031
27571,13885.590
27572,13886.066
27573,13886.462
27574,13886.949
27575,13887.533
27576,13888.077
27577,13888.469
27578,13889.089
27579,13889.465
27580,13890.059
27581,13890.559
27582,13890.901
27583,13891.544
27584,13892.081
27585,13892.548
27586,13892.988
27587,13893.558
27588,13893.957
27589,13894.545
27590,13894.983
27591,13895.405
27592,13895.939
27593,13896.554
27594,13896.997
27595,13897.457
27596,13898.055
27597,13898.438
27598,13899.017
27599,13899.453
27600,13899.966
27601,13900.506
27602,13901.056
27603,13901.549
27604,13901.915
27605,13902.524
27606,13903.038
27607,13903.531
27608,13904.079
27609,13904.511
27610,13905.072
27611,13905.458
27612,13906.055
27613,13906.435
27614,13907.002
27615,13907.568
27616,13907.948
27617,13908.574
27618,13908.966
27619,13909.550
27620,13910.069
27621,13910.459
27622,13910.927
27623,13911.484
27624,13911.917
27625,13912.525
27626,13912.960
27627,13913.562
27628,13913.941
27629,13914.438
27630,13914.978
27631,13915.538
27632,13915.924
27633,13916.460
27634,13916.918
27635,13917.488
27636,13917.914
27637,13918.480
27638,13919.098
27639,13919.528
27640,13920.010
27641,13920.582
27642,13920.978
27643,13921.597
27644,13922.076
27645,13922.563
27646,13922.968
27647,13923.519
27648,13923.988
27649,13924.404
27650,13924.962
27651,13925.520
27652,13926.003
27653,13926.418
27654,13927.014
27655,13927.459
27656,13927.919
27657,13928.551
27658,13929.002
27659,13929.477
27660,13929.989
27661,13930.454
27662,13930.994
27663,13931.526
27664,13931.972
27665,13932.523
27666,13933.009
27667,13933.401
27668,13933.943
27669,13934.512
27670,13934.947
27671,13935.407
27672,13935.914
27673,13936.565
27674,13936.928
27675,13937.463
27676,13937.986
27677,13938.544
27678,13938.950
27679,13939.556
27680,13939.938
27681,13940.597
27682,13940.998
27683,13941.596
27684,13941.942
27685,13942.487
27686,13942.905
27687,13943.579
27688,13943.981
27689,13944.557
27690,13945.006
27691,13945.552
27692,13946.057
27693,13946.529
27694,13947.004
27695,13947.565
27696,13947.967
27697,13948.464
27698,13948.958
27699,13949.504
27700,13949.992
27701,13950.487
27702,13950.970
27703,13951.547
27704,13952.019
27705,13952.567
27706,13952.978
27707,13953.533
27708,13954.022
27709,13954.556
27710,13954.968
27711,13955.437
27712,13955.993
27713,13956.559
27714,13957.096
27715,13957.532
27716,13958.066
27717,13958.436
27718,13959.072
27719,13959.518
27720,13960.026
27721,13960.572
27722,13961.033
27723,13961.510
27724,13962.026
27725,13962.455
27726,13963.028
27727,13963.573
27728,13964.011
27729,13964.539
27730,13964.982
27731,13965.492
27732,13966.004
27733,13966.457
27734,13966.959
27735,13967.434
27736,13967.924
27737,13968.430
27738,13969.007
27739,13969.450
27740,13969.912
27741,13970.492
27742,13970.934
27743,13971.432
27744,13972.056
27745,13972.514
27746,13973.027
27747,13973.427
27748,13973.904
27749,13974.436
27750,13974.923
27751,13975.404
27752,13975.905
27753,13976.412
27754,13977.099
27755,13977.454
27756,13977.906
27757,13978.532
27758,13978.992
27759,13979.584
27760,13980.098
27761,13980.585
27762,13981.030
27763,13981.482
27764,13982.020
27765,13982.402
27766,13983.091
27767,13983.559
27768,13983.945
27769,13984.532
27770,13984.957
27771,13985.542
27772,13985.975
27773,13986.436
27774,13987.045
27775,13987.463
27776,13987.978
27777,13988.531
27778,13988.961
27779,13989.539
27780,13990.080
27781,13990.438
27782,13990.908
27783,13991.514
27784,13992.029
27785,13992.566
27786,13992.925
27787,13993.481
27788,13993.969
27789,13994.481
27790,13994.979
27791,13995.509
27792,13996.079
27793,13996.510
27794,13997.027
27795,13997.560
27796,13997.903
27797,13998.486
27798,13999.084
27799,13999.457
27800,13999.966
27801,14000.527
27802,14000.979
27803,14001.579
27804,14001.963
27805,14002.548
27806,14003.013
27807,14003.413
27808,14004.035
27809,14004.576
27810,14004.915
27811,14005.517
27812,14005.918
27813,14006.536
27814,14007.061
27815,14007.477
27816,14007.985
27817,14008.477
27818,14009.012
27819,14009.452
27820,14009.925
27821,14010.487
27822,14011.008
27823,14011.580
27824,14012.017
27825,14012.474
27826,14013.064
27827,14013.452
27828,14014.022
27829,14014.495
27830,14014.903
27831,14015.485
27832,14015.980
27833,14016.460
27834,14017.014
27835,14017.503
27836,14018.052
27837,14018.455
27838,14018.951
27839,14019.533
27840,14019.986
27841,14020.418
27842,14020.992
27843,14021.580
27844,14021.957
27845,14022.530
27846,14023.022
27847,14023.422
27848,14024.073
27849,14024.555
27850,14025.008
27851,14025.453
27852,14025.902
27853,14026.415
27854,14027.091
27855,14027.449
27856,14028.062
27857,14028.424
27858,14029.037
27859,14029.576
27860,14029.979
27861,14030.555
27862,14031.035
27863,14031.593
27864,14031.999
27865,14032.557
27866,14032.974
27867,14033.415
27868,14034.063
27869,14034.529
27870,14035.006
27871,14035.530
27872,14035.995
27873,14036.548
27874,14036.942
27875,14037.556
27876,14037.977
27877,14038.447
27878,14038.922
27879,14039.419
27880,14040.058
27881,14040.511
27882,14041.012
27883,14041.426
27884,14041.957
27885,14042.501
27886,14042.923
27887,14043.564
27888,14044.098
27889,14044.514
27890,14045.007
27891,14045.477
27892,14045.925
27893,14046.473
27894,14046.971
27895,14047.445
27896,14047.943
27897,14048.445
27898,14049.046
27899,14049.412
27900,14049.975
27901,14050.583
27902,14051.078
27903,14051.556
27904,14051.963
27905,14052.521
27906,14053.023
27907,14053.562
27908,14053.974
27909,14054.505
27910,14054.935
27911,14055.551
27912,14055.916
27913,14056.559
27914,14057.003
27915,14057.484
27916,14057.920
27917,14058.429
27918,14058.995
27919,14059.471
27920,14059.953
27921,14060.582
27922,14060.989
27923,14061.482
27924,14061.971
27925,14062.416
27926,14063.078
27927,14063.487
27928,14063.966
27929,14064.466
27930,14065.056
27931,14065.451
27932,14065.999
27933,14066.586
27934,14066.917
27935,14067.465
27936,14068.024
27937,14068.549
27938,14068.972
27939,14069.585
27940,14070.016
27941,14070.582
27942,14070.921
27943,14071.556
27944,14072.012
27945,14072.527
27946,14072.913
27947,14073.445
27948,14074.044
27949,14074.444
27950,14075.013
27951,14075.454
27952,14075.936
27953,14076.501
27954,14076.964
27955,14077.552
27956,14078.028
27957,14078.552
27958,14079.087
27959,14079.549
27960,14080.053
27961,14080.487
27962,14081.017
27963,14081.552
27964,14082.008
27965,14082.543
27966,14082.915
27967,14083.479
27968,14084.084
27969,14084.575
27970,14085.040
27971,14085.505
27972,14086.057
27973,14086.484
27974,14086.948
27975,14087.556
27976,14087.941
27977,14088.415
27978,14088.963
27979,14089.447
27980,14089.980
27981,14090.591
27982,14090.942
27983,14091.413
27984,14091.913
27985,14092.590
27986,14092.920
27987,14093.527
27988,14093.998
27989,14094.592
27990,14094.909
27991,14095.596
27992,14095.995
27993,14096.410
27994,14096.906
27995,14097.598
27996,14098.023
27997,14098.452
27998,14099.071
27999,14099.495
28000,14100.090
28001,14100.434
28002,14100.984
28003,14101.497
28004,14102.068
28005,14102.595
28006,14103.096
28007,14103.423
28008,14103.929
28009,14104.594
28010,14105.080
28011,14105.460
28012,14105.994
28013,14106.496
28014,14107.026
28015,14107.552
28016,14108.025
28017,14108.479
28018,14109.017
28019,14109.455
28020,14109.980
28021,14110.547
28022,14110.908
28023,14111.447
28024,14111.926
28025,14112.508
28026,14112.988
28027,14113.447
28028,14113.931
28029,14114.541
28030,14114.977
28031,14115.532
28032,14116.095
28033,14116.508
28034,14117.017
28035,14117.544
28036,14118.069
28037,14118.536
28038,14119.008
28039,14119.434
28040,14120.084
28041,14120.439
28042,14121.005
28043,14121.426
28044,14122.039
28045,14122.568
28046,14123.096
28047,14123.452
28048,14123.902
28049,14124.541
28050,14124.901
28051,14125.445
28052,14125.985
28053,14126.550
28054,14126.972
28055,14127.541
28056,14127.968
28057,14128.456
28058,14128.922
28059,14129.479
28060,14130.066
28061,14130.510
28062,14131.055
28063,14131.526
28064,14131.902
28065,14132.525
28066,14132.980
28067,14133.452
28068,14133.904
28069,14134.549
28070,14134.977
28071,14135.599
28072,14135.991
28073,14136.414
28074,14137.020
28075,14137.540
28076,14138.063
28077,14138.408
28078,14138.931
28079,14139.554
28080,14140.042
28081,14140.483
28082,14141.047
28083,14141.580
28084,14142.038
28085,14142.521
28086,14143.092
28087,14143.521
28088,14144.011
28089,14144.536
28090,14145.097
28091,14145.517
28092,14145.905
28093,14146.407
28094,14146.907
28095,14147.405
28096,14147.954
28097,14148.494
28098,14149.099
28099,14149.481
28100,14149.933
28101,14150.422
28102,14151.063
28103,14151.479
28104,14152.034
28105,14152.450
28106,14153.075
28107,14153.572
28108,14153.942
28109,14154.492
28110,14154.969
28111,14155.490
28112,14156.002
28113,14156.507
28114,14156.933
28115,14157.525
28116,14158.006
28117,14158.549
28118,14159.064
28119,14159.544
28120,14159.904
28121,14160.493
28122,14161.088
28123,14161.542
28124,14161.975
28125,14162.548
28126,14163.057
28127,14163.437
28128,14164.071
28129,14164.574
28130,14165.065
28131,14165.536
28132,14166.045
28133,14166.472
28134,14167.100
28135,14167.555
28136,14167.915
28137,14168.414
28138,14168.937
28139,14169.461
28140,14169.943
28141,14170.544
28142,14171.076
28143,14171.475
28144,14172.069
28145,14172.502
28146,14172.937
28147,14173.481
28148,14173.978
28149,14174.595
28150,14174.972
28151,14175.413
28152,14175.921
28153,14176.435
28154,14176.996
28155,14177.579
28156,14178.026
28157,14178.559
28158,14178.943
28159,14179.551
28160,14179.946
28161,14180.525
28162,14180.968
28163,14181.595
28164,14181.901
28165,14182.449
28166,14182.982
28167,14183.412
28168,14184.081
28169,14184.577
28170,14184.932
28171,14185.528
28172,14185.907
28173,14186.409
28174,14187.070
28175,14187.468
28176,14187.908
28177,14188.518
28178,14188.909
28179,14189.445
28180,14190.046
28181,14190.433
28182,14190.999
28183,14191.480
28184,14192.076
28185,14192.440
28186,14192.956
28187,14193.447
28188,14194.066
28189,14194.485
28190,14194.957
28191,14195.503
28192,14195.968
28193,14196.436
28194,14197.081
28195,14197.449
28196,14197.937
28197,14198.416
28198,14199.047
28199,14199.411
28200,14199.936
28201,14200.515
28202,14201.073
28203,14201.596
28204,14202.001
28205,14202.522
28206,14202.929
28207,14203.563
28208,14203.904
28209,14204.591
28210,14204.949
28211,14205.586
28212,14206.008
28213,14206.461
28214,14207.018
28215,14207.403
28216,14208.076
28217,14208.414
28218,14209.033
28219,14209.467
28220,14210.004
28221,14210.587
28222,14210.976
28223,14211.404
28224,14212.085
28225,14212.545
28226,14213.078
28227,14213.499
28228,14214.038
28229,14214.456
28230,14214.972
28231,14215.585
28232,14216.049
28233,14216.550
28234,14216.923
28235,14217.459
28236,14218.006
28237,14218.467
28238,14219.084
28239,14219.468
28240,14219.964
28241,14220.409
28242,14221.083
28243,14221.480
28244,14221.945
28245,14222.517
28246,14222.946
28247,14223.409
28248,14223.933
28249,14224.403
28250,14225.054
28251,14225.506
28252,14225.965
28253,14226.539
28254,14227.051
28255,14227.545
28256,14227.952
28257,14228.576
28258,14229.075
28259,14229.435
28260,14230.077
28261,14230.512
28262,14231.088
28263,14231.405
28264,14231.961
28265,14232.507
28266,14232.949
28267,14233.597
28268,14233.994
28269,14234.585
28270,14234.921
28271,14235.427
28272,14235.948
28273,14236.588
28274,14236.999
28275,14237.499
28276,14238.098
28277,14238.532
28278,14239.044
28279,14239.452
28280,14239.987
28281,14240.548
28282,14240.966
28283,14241.437
28284,14241.940
28285,14242.535
28286,14242.928
28287,14243.540
28288,14244.018
28289,14244.438
28290,14244.931
28291,14245.402
28292,14246.059
28293,14246.579
28294,14246.954
28295,14247.449
28296,14247.933
28297,14248.487
28298,14248.936
28299,14249.584
28300,14249.907
28301,14250.588
28302,14250.918
28303,14251.559
28304,14251.981
28305,14252.432
28306,14252.918
28307,14253.425
28308,14254.075
28309,14254.485
28310,14255.066
28311,14255.500
28312,14256.054
28313,14256.432
28314,14257.095
28315,14257.569
28316,14258.059
28317,14258.450
28318,14258.955
28319,14259.597
28320,14259.938
28321,14260.489
28322,14261.007
28323,14261.457
28324,14262.048
28325,14262.576
28326,14262.941
28327,14263.539
28328,14264.025
28329,14264.405
28330,14265.096
28331,14265.425
28332,14265.934
28333,14266.443
28334,14266.994
28335,14267.591
28336,14267.940
28337,14268.401
28338,14269.097
28339,14269.528
28340,14270.066
28341,14270.520
28342,14271.052
28343,14271.423
28344,14271.958
28345,14272.562
28346,14272.920
28347,14273.534
28348,14274.064
28349,14274.505
28350,14274.964
28351,14275.437
28352,14275.960
28353,14276.490
28354,14276.970
28355,14277.433
28356,14277.987
28357,14278.415
28358,14278.979
28359,14279.503
28360,14279.924
28361,14280.483
28362,14281.068
28363,14281.529
28364,14282.058
28365,14282.566
28366,14283.071
28367,14283.571
28368,14283.958
28369,14284.490
28370,14285.026
28371,14285.583
28372,14286.039
28373,14286.590
28374,14287.040
28375,14287.412
28376,14288.075
28377,14288.568
28378,14289.018
28379,14289.464
28380,14289.998
28381,14290.590
28382,14290.930
28383,14291.569
28384,14291.991
28385,14292.597
28386,14293.065
28387,14293.482
28388,14294.033
28389,14294.523
28390,14294.958
28391,14295.554
28392,14295.990
28393,14296.446
28394,14297.093
28395,14297.416
28396,14297.999
28397,14298.582
28398,14299.080
28399,14299.416
28400,14299.949
28401,14300.528
28402,14301.050
28403,14301.532
28404,14301.991
28405,14302.521
28406,14302.994
28407,14303.487
28408,14304.050
28409,14304.598
28410,14304.967
28411,14305.598
28412,14305.999
28413,14306.472
28414,14307.015
28415,14307.411
28416,14308.097
28417,14308.443
28418,14309.018
28419,14309.585
28420,14309.905
28421,14310.403
28422,14310.915
28423,14311.538
28424,14311.962
28425,14312.406
28426,14312.912
28427,14313.490
28428,14314.091
28429,14314.585
28430,14314.982
28431,14315.586
28432,14315.994
28433,14316.437
28434,14316.966
28435,14317.437
28436,14318.018
28437,14318.422
28438,14319.098
28439,14319.532
28440,14320.000
28441,14320.510
28442,14321.005
28443,14321.545
28444,14321.977
28445,14322.405
28446,14323.009
28447,14323.543
28448,14324.004
28449,14324.522
28450,14324.998
28451,14325.425
28452,14325.922
28453,14326.581
28454,14326.986
28455,14327.547
28456,14327.923
28457,14328.521
28458,14329.076
28459,14329.488
28460,14330.085
28461,14330.457
28462,14331.091
28463,14331.565
28464,14331.915
28465,14332.550
28466,14333.029
28467,14333.502
28468,14333.966
28469,14334.508
28470,14335.082
28471,14335.451
28472,14335.986
28473,14336.476
28474,14337.040
28475,14337.473
28476,14338.019
28477,14338.475
28478,14339.083
28479,14339.504
28480,14340.001
28481,14340.494
28482,14341.033
28483,14341.469
28484,14342.094
28485,14342.589
28486,14343.006
28487,14343.504
28488,14343.907
28489,14344.508
28490,14344.955
28491,14345.403
28492,14345.953
28493,14346.418
28494,14347.006
28495,14347.466
28496,14348.020
28497,14348.564
28498,14348.968
28499,14349.410
28500,14349.942
28501,14350.522
28502,14350.935
28503,14351.447
28504,14351.987
28505,14352.501
28506,14352.970
28507,14353.494
28508,14354.039
28509,14354.568
28510,14354.944
28511,14355.421
28512,14356.072
28513,14356.527
28514,14356.913
28515,14357.432
28516,14357.908
28517,14358.512
28518,14359.041
28519,14359.486
28520,14360.080
28521,14360.480
28522,14361.091
28523,14361.520
28524,14362.084
28525,14362.561
28526,14363.046
28527,14363.420
28528,14364.013
28529,14364.521
28530,14364.952
28531,14365.435
28532,14366.093
28533,14366.550
28534,14366.917
28535,14367.461
28536,14368.012
28537,14368.412
28538,14369.021
28539,14369.491
28540,14369.927
28541,14370.536
28542,14371.065
28543,14371.581
28544,14371.911
28545,14372.581
28546,14373.099
28547,14373.570
28548,14374.078
28549,14374.426
28550,14375.057
28551,14375.410
28552,14376.084
28553,14376.592
28554,14377.056
28555,14377.471
28556,14378.076
28557,14378.499
28558,14378.921
28559,14379.428
28560,14379.966
28561,14380.470
28562,14381.088
28563,14381.545
28564,14381.987
28565,14382.503
28566,14382.923
28567,14383.515
28568,14383.981
28569,14384.478
28570,14384.927
28571,14385.448
28572,14386.043
28573,14386.555
28574,14387.066
28575,14387.453
28576,14387.903
28577,14388.478
28578,14388.939
28579,14389.413
28580,14390.095
28581,14390.412
28582,14391.016
28583,14391.526
28584,14391.959
28585,14392.479
28586,14392.995
28587,14393.407
28588,14393.910
28589,14394.405
28590,14395.033
28591,14395.509
28592,14395.966
28593,14396.439
28594,14397.024
28595,14397.524
28596,14397.980
28597,14398.448
28598,14398.980
28599,14399.589
28600,14399.969
28601,14400.492
28602,14400.926
28603,14401.533
28604,14401.965
28605,14402.466
28606,14403.059
28607,14403.598
28608,14403.979
28609,14404.504
28610,14405.082
28611,14405.520
28612,14406.047
28613,14406.539
28614,14407.043
28615,14407.472
28616,14408.097
28617,14408.582
28618,14408.990
28619,14409.440
28620,14409.902
28621,14410.462
28622,14411.059
28623,14411.473
28624,14412.011
28625,14412.595
28626,14412.929
28627,14413.503
28628,14414.068
28629,14414.572
28630,14415.068
28631,14415.474
28632,14415.924
28633,14416.538
28634,14416.952
28635,14417.540
28636,14417.905
28637,14418.532
28638,14419.051
28639,14419.567
28640,14419.917
28641,14420.445
28642,14421.082
28643,14421.541
28644,14422.065
28645,14422.476
28646,14423.095
28647,14423.567
28648,14423.990
28649,14424.472
28650,14424.947
28651,14425.559
28652,14425.942
28653,14426.462
28654,14426.945
28655,14427.515
28656,14427.908
28657,14428.537
28658,14428.931
28659,14429.489
28660,14429.991
28661,14430.505
28662,14430.919
28663,14431.458
28664,14431.951
28665,14432.521
28666,14432.998
28667,14433.414
28668,14434.008
28669,14434.508
28670,14435.015
28671,14435.532
28672,14436.099
28673,14436.591
28674,14437.071
28675,14437.530
28676,14438.064
28677,14438.481
28678,14438.972
28679,14439.428
28680,14440.086
28681,14440.535
28682,14441.061
28683,14441.561
28684,14442.011
28685,14442.436
28686,14442.941
28687,14443.564
28688,14443.903
28689,14444.506
28690,14444.996
28691,14445.405
28692,14446.080
28693,14446.516
28694,14447.067
28695,14447.415
28696,14447.904
28697,14448.423
28698,14448.990
28699,14449.530
28700,14450.067
28701,14450.559
28702,14450.986
28703,14451.474
28704,14451.997
28705,14452.510
28706,14452.934
28707,14453.492
28708,14453.981
28709,14454.558
28710,14455.099
28711,14455.579
28712,14455.908
28713,14456.522
28714,14456.918
28715,14457.492
28716,14457.967
28717,14458.513
28718,14459.094
28719,14459.449
28720,14459.925
28721,14460.423
28722,14461.036
28723,14461.584
28724,14461.973
28725,14462.546
28726,14463.053
28727,14463.416
28728,14463.963
28729,14464.536
28730,14464.925
28731,14465.563
28732,14465.998
28733,14466.457
28734,14466.990
28735,14467.440
28736,14467.980
28737,14468.486
28738,14469.060
28739,14469.496
28740,14469.910
28741,14470.403
28742,14470.986
28743,14471.521
28744,14471.975
28745,14472.557
28746,14472.962
28747,14473.458
28748,14473.903
28749,14474.519
28750,14475.042
28751,14475.414
28752,14475.913
28753,14476.544
28754,14477.025
28755,14477.553
28756,14478.097
28757,14478.591
28758,14479.026
28759,14479.539
28760,14480.000
28761,14480.433
28762,14480.933
28763,14481.520
28764,14481.980
28765,14482.567
28766,14483.048
28767,14483.417
28768,14484.054
28769,14484.460
28770,14485.094
28771,14485.422
28772,14485.917
28773,14486.520
28774,14486.965
28775,14487.584
28776,14487.912
28777,14488.580
28778,14488.991
28779,14489.479
28780,14489.960
28781,14490.582
28782,14490.976
28783,14491.486
28784,14491.971
28785,14492.416
28786,14492.983
28787,14493.581
28788,14493.902
28789,14494.527
28790,14495.032
28791,14495.492
28792,14496.013
28793,14496.525
28794,14496.937
28795,14497.540
28796,14497.904
28797,14498.545
28798,14498.981
28799,14499.460
28800,14500.033
28801,14500.482
28802,14500.919
28803,14501.519
28804,14501.930
28805,14502.556
28806,14503.098
28807,14503.572
28808,14504.007
28809,14504.500
28810,14504.907
28811,14505.591
28812,14505.960
28813,14506.582
28814,14507.006
28815,14507.599
28816,14507.968
28817,14508.574
28818,14508.975
28819,14509.505
28820,14510.001
28821,14510.495
28822,14511.064
28823,14511.567
28824,14511.960
28825,14512.510
28826,14512.936
28827,14513.538
28828,14513.993
28829,14514.591
28830,14514.954
28831,14515.591
28832,14516.099
28833,14516.520
28834,14517.004
28835,14517.547
28836,14518.043
28837,14518.534
28838,14519.033
28839,14519.580
28840,14520.024
28841,14520.530
28842,14520.961
28843,14521.522
28844,14521.991
28845,14522.407
28846,14522.968
28847,14523.425
28848,14523.922
28849,14524.512
28850,14525.067
28851,14525.400
28852,14525.990
28853,14526.432
28854,14527.100
28855,14527.462
28856,14528.013
28857,14528.415
28858,14529.018
28859,14529.554
28860,14529.985
28861,14530.598
28862,14530.943
28863,14531.478
28864,14531.913
28865,14532.510
28866,14533.031
28867,14533.457
28868,14534.091
28869,14534.506
28870,14534.922
28871,14535.402
28872,14535.991
28873,14536.405
28874,14536.929
28875,14537.455
28876,14537.953
28877,14538.426
28878,14538.921
28879,14539.487
28880,14539.963
28881,14540.551
28882,14541.021
28883,14541.551
28884,14541.950
28885,14542.442
28886,14543.011
28887,14543.419
28888,14543.974
28889,14544.537
28890,14544.912
28891,14545.423
28892,14546.077
28893,14546.472
28894,14547.047
28895,14547.573
28896,14548.077
28897,14548.405
28898,14548.906
28899,14549.586
28900,14550.008
28901,14550.558
28902,14550.945
28903,14551.408
28904,14551.936
28905,14552.543
28906,14552.905
28907,14553.473
28908,14553.901
28909,14554.438
28910,14555.091
28911,14555.442
28912,14555.959
28913,14556.592
28914,14556.914
28915,14557.493
28916,14558.052
28917,14558.472
28918,14559.032
28919,14559.521
28920,14559.962
28921,14560.582
28922,14561.094
28923,14561.407
28924,14562.080
28925,14562.461
28926,14562.962
28927,14563.490
28928,14563.929
28929,14564.485
28930,14564.933
28931,14565.423
28932,14565.958
28933,14566.598
28934,14566.907
28935,14567.512
28936,14568.051
28937,14568.492
28938,14568.931
28939,14569.583
28940,14570.072
28941,14570.501
28942,14570.912
28943,14571.400
28944,14572.063
28945,14572.526
28946,14572.999
28947,14573.465
28948,14573.929
28949,14574.531
28950,14574.935
28951,14575.510
28952,14575.969
28953,14576.429
28954,14577.039
28955,14577.410
28956,14577.962
28957,14578.518
28958,14579.063
28959,14579.573
28960,14579.973
28961,14580.554
28962,14580.942
28963,14581.486
28964,14582.002
28965,14582.530
28966,14582.953
28967,14583.566
28968,14584.038
28969,14584.482
28970,14585.083
28971,14585.558
28972,14585.907
28973,14586.581
28974,14586.949
28975,14587.422
28976,14587.941
28977,14588.463
28978,14588.914
28979,14589.475
28980,14589.924
28981,14590.559
28982,14591.067
28983,14591.576
28984,14592.085
28985,14592.520
28986,14593.068
28987,14593.496
28988,14593.995
28989,14594.580
28990,14595.033
28991,14595.422
28992,14595.981
28993,14596.524
28994,14597.018
28995,14597.573
28996,14598.013
28997,14598.557
28998,14598.911
28999,14599.487
29000,14599.968
29001,14600.589
29002,14600.995
29003,14601.503
29004,14602.081
29005,14602.500
29006,14602.906
29007,14603.472
29008,14603.943
29009,14604.529
29010,14604.924
29011,14605.420
29012,14606.056
29013,14606.556
29014,14607.050
29015,14607.469
29016,14608.033
29017,14608.402
29018,14608.964
29019,14609.502
29020,14610.076
29021,14610.530
29022,14610.941
29023,14611.525
29024,14611.936
29025,14612.480
29026,14613.040
29027,14613.539
29028,14614.040
29029,14614.505
29030,14615.059
29031,14615.568
29032,14616.046
29033,14616.567
29034,14617.044
29035,14617.593
29036,14618.064
29037,14618.521
29038,14618.977
29039,14619.458
29040,14620.012
29041,14620.471
29042,14621.016
29043,14621.490
29044,14622.018
29045,14622.407
29046,14622.969
29047,14623.519
29048,14623.909
29049,14624.544
29050,14624.985
29051,14625.591
29052,14625.925
29053,14626.542
29054,14626.913
29055,14627.448
29056,14628.001
29057,14628.450
29058,14628.996
29059,14629.550
29060,14629.965
29061,14630.490
29062,14630.932
29063,14631.532
29064,14632.027
29065,14632.566
29066,14632.976
29067,14633.505
29068,14634.045
29069,14634.535
29070,14635.070
29071,14635.562
29072,14636.093
29073,14636.552
29074,14637.078
29075,14637.584
29076,14638.016
29077,14638.453
29078,14639.085
29079,14639.600
29080,14640.062
29081,14640.559
29082,14640.976
29083,14641.467
29084,14642.084
29085,14642.548
29086,14643.087
29087,14643.552
29088,14644.063
29089,14644.536
29090,14645.028
29091,14645.446
29092,14645.987
29093,14646.543
29094,14647.031
29095,14647.492
29096,14647.931
29097,14648.544
29098,14648.908
29099,14649.499
29100,14650.025
29101,14650.463
29102,14650.970
29103,14651.535
29104,14651.987
29105,14652.499
29106,14652.901
29107,14653.460
29108,14654.095
29109,14654.496
29110,14655.066
29111,14655.559
29112,14656.011
29113,14656.445
29114,14657.091
29115,14657.499
29116,14657.954
29117,14658.493
29118,14658.929
29119,14659.550
29120,14659.910
29121,14660.583
29122,14660.907
29123,14661.491
29124,14662.025
29125,14662.455
29126,14663.082
29127,14663.519
29128,14663.922
29129,14664.506
29130,14665.007
29131,14665.478
29132,14666.090
29133,14666.466
29134,14666.934
29135,14667.497
29136,14667.964
29137,14668.452
29138,14669.011
29139,14669.467
29140,14670.069
29141,14670.503
29142,14671.022
29143,14671.413
29144,14671.941
29145,14672.549
29146,14673.047
29147,14673.514
29148,14674.092
29149,14674.477
29150,14674.904
29151,14675.467
29152,14675.973
29153,14676.579
29154,14676.966
29155,14677.449
29156,14678.021
29157,14678.527
29158,14679.023
29159,14679.560
29160,14679.980
29161,14680.557
29162,14681.014
29163,14681.585
29164,14682.073
29165,14682.553
29166,14682.944
29167,14683.428
29168,14684.008
29169,14684.406
29170,14685.032
29171,14685.512
29172,14685.928
29173,14686.430
29174,14687.075
29175,14687.413
29176,14688.077
29177,14688.568
29178,14689.054
29179,14689.425
29180,14689.970
29181,14690.537
29182,14691.086
29183,14691.466
29184,14691.937
29185,14692.430
29186,14692.967
29187,14693.468
29188,14693.989
29189,14694.499
29190,14694.985
29191,14695.456
29192,14696.070
29193,14696.507
29194,14696.996
29195,14697.450
29196,14697.966
29197,14698.469
29198,14698.936
29199,14699.581
29200,14699.957
29201,14700.422
29202,14701.078
29203,14701.526
29204,14701.967
29205,14702.541
29206,14702.902
29207,14703.577
29208,14704.086
29209,14704.565
29210,14704.997
29211,14705.406
29212,14705.964
29213,14706.445
29214,14707.070
29215,14707.431
29216,14707.936
29217,14708.417
29218,14709.006
29219,14709.504
29220,14710.064
29221,14710.469
29222,14710.912
29223,14711.506
29224,14712.033
29225,14712.447
29226,14712.990
29227,14713.521
29228,14714.013
29229,14714.473
29230,14714.952
29231,14715.507
29232,14715.926
29233,14716.470
29234,14716.903
29235,14717.510
29236,14718.050
29237,14718.438
29238,14718.905
29239,14719.496
29240,14719.998
29241,14720.529
29242,14721.097
29243,14721.459
29244,14722.060
29245,14722.522
29246,14722.971
29247,14723.438
29248,14723.947
29249,14724.404
29250,14725.013
29251,14725.415
29252,14725.928
29253,14726.416
29254,14726.952
29255,14727.586
29256,14727.940
29257,14728.413
29258,14729.054
29259,14729.575
29260,14730.081
29261,14730.509
29262,14730.960
29263,14731.433
29264,14731.983
29265,14732.584
29266,14732.902
29267,14733.513
29268,14734.043
29269,14734.537
29270,14735.076
29271,14735.534
29272,14736.095
29273,14736.520
29274,14737.069
29275,14737.548
29276,14738.098
29277,14738.527
29278,14738.933
29279,14739.514
29280,14739.999
29281,14740.457
29282,14741.021
29283,14741.550
29284,14741.957
29285,14742.547
29286,14742.990
29287,14743.565
29288,14743.994
29289,14744.457
29290,14745.080
29291,14745.453
29292,14746.086
29293,14746.581
29294,14746.948
29295,14747.489
29296,14747.949
29297,14748.564
29298,14749.087
29299,14749.545
29300,14749.902
29301,14750.531
29302,14751.027
29303,14751.476
29304,14752.096
29305,14752.426
29306,14753.027
29307,14753.565
29308,14753.957
29309,14754.487
29310,14754.980
29311,14755.549
29312,14755.992
29313,14756.540
29314,14757.009
29315,14757.574
29316,14758.049
29317,14758.452
29318,14758.997
29319,14759.425
29320,14759.994
29321,14760.576
29322,14760.976
29323,14761.449
29324,14762.011
29325,14762.403
29326,14762.914
29327,14763.496
29328,14763.932
29329,14764.453
29330,14764.981
29331,14765.452
29332,14765.971
29333,14766.403
29334,14766.981
29335,14767.547
29336,14768.097
29337,14768.502
29338,14768.979
29339,14769.461
29340,14769.912
29341,14770.425
29342,14770.988
29343,14771.435
29344,14772.010
29345,14772.404
29346,14772.971
29347,14773.424
29348,14774.014
29349,14774.438
29350,14775.008
29351,14775.498
29352,14776.094
29353,14776.448
29354,14777.056
29355,14777.542
29356,14778.035
29357,14778.501
29358,14778.916
29359,14779.528
29360,14779.979
29361,14780.421
29362,14780.979
29363,14781.429
29364,14781.950
29365,14782.581
29366,14783.035
29367,14783.434
29368,14784.049
29369,14784.588
29370,14785.094
29371,14785.578
29372,14786.061
29373,14786.466
29374,14787.062
29375,14787.534
29376,14787.903
29377,14788.487
29378,14789.063
29379,14789.599
29380,14790.089
29381,14790.530
29382,14790.912
29383,14791.559
29384,14791.984
29385,14792.501
29386,14792.977
29387,14793.402
29388,14793.900
29389,14794.476
29390,14794.910
29391,14795.524
29392,14795.926
29393,14796.401
29394,14796.919
29395,14797.595
29396,14797.976
29397,14798.518
29398,14799.066
29399,14799.504
29400,14800.052
29401,14800.573
29402,14800.940
29403,14801.556
29404,14802.009
29405,14802.589
29406,14802.999
29407,14803.476
29408,14803.989
29409,14804.414
29410,14805.047
29411,14805.442
29412,14806.098
29413,14806.464
29414,14806.962
29415,14807.433
29416,14807.936
29417,14808.504
29418,14809.041
29419,14809.542
29420,14809.965
29421,14810.451
29422,14811.053
29423,14811.469
29424,14811.919
29425,14812.551
29426,14812.987
29427,14813.539
29428,14814.027
29429,14814.561
29430,14815.067
29431,14815.557
29432,14815.939
29433,14816.562
29434,14817.068
29435,14817.533
29436,14818.088
29437,14818.409
29438,14819.021
29439,14819.462
29440,14819.967
29441,14820.538
29442,14821.079
29443,14821.492
29444,14821.970
29445,14822.435
29446,14823.093
29447,14823.505
29448,14824.024
29449,14824.586
29450,14824.962
29451,14825.431
29452,14825.989
29453,14826.462
29454,14826.936
29455,14827.593
29456,14827.917
29457,14828.508
29458,14828.950
29459,14829.409
29460,14829.977
29461,14830.469
29462,14831.072
29463,14831.436
29464,14831.943
29465,14832.600
29466,14833.031
29467,14833.592
29468,14833.950
29469,14834.569
29470,14834.953
29471,14835.551
29472,14835.941
29473,14836.533
29474,14837.007
29475,14837.499
29476,14838.050
29477,14838.444
29478,14839.035
29479,14839.508
29480,14840.036
29481,14840.465
29482,14840.987
29483,14841.475
29484,14841.900
29485,14842.462
29486,14843.045
29487,14843.420
29488,14844.036
29489,14844.478
29490,14845.035
29491,14845.449
29492,14846.065
29493,14846.569
29494,14847.031
29495,14847.552
29496,14847.987
29497,14848.400
29498,14848.957
29499,14849.480
29500,14849.938
29501,14850.554
29502,14850.983
29503,14851.573
29504,14852.035
29505,14852.510
29506,14852.985
29507,14853.581
29508,14854.047
29509,14854.591
29510,14854.901
29511,14855.546
29512,14856.078
29513,14856.549
29514,14856.915
29515,14857.438
29516,14857.948
29517,14858.471
29518,14859.071
29519,14859.481
29520,14859.955
29521,14860.524
29522,14861.056
29523,14861.590
29524,14861.931
29525,14862.542
29526,14863.048
29527,14863.546
29528,14863.956
29529,14864.529
29530,14865.082
29531,14865.507
29532,14866.007
29533,14866.545
29534,14866.999
29535,14867.519
29536,14867.927
29537,14868.408
29538,14869.087
29539,14869.570
29540,14870.020
29541,14870.549
29542,14870.971
29543,14871.450
29544,14871.920
29545,14872.533
29546,14873.093
29547,14873.480
29548,14873.903
29549,14874.580
29550,14874.927
29551,14875.512
29552,14875.956
29553,14876.508
29554,14877.047
29555,14877.462
29556,14877.940
29557,14878.410
29558,14878.929
29559,14879.534
29560,14880.095
29561,14880.529
29562,14881.097
29563,14881.441
29564,14882.074
29565,14882.482
29566,14882.939
29567,14883.508
29568,14883.920
29569,14884.425
29570,14885.011
29571,14885.531
29572,14886.045
29573,14886.498
29574,14886.997
29575,14887.468
29576,14888.015
29577,14888.527
29578,14888.939
29579,14889.579
29580,14890.017
29581,14890.592
29582,14891.053
29583,14891.507
29584,14891.978
29585,14892.491
29586,14893.003
29587,14893.446
29588,14894.081
29589,14894.501
29590,14895.055
29591,14895.493
29592,14895.907
29593,14896.499
29594,14896.908
29595,14897.455
29596,14898.029
29597,14898.552
29598,14898.958
29599,14899.513
29600,14900.016
29601,14900.571
29602,14900.982
29603,14901.547
29604,14901.965
29605,14902.475
29606,14903.024
29607,14903.590
29608,14903.931
29609,14904.524
29610,14905.064
29611,14905.568
29612,14906.099
29613,14906.564
29614,14907.056
29615,14907.485
29616,14907.927
29617,14908.519
29618,14909.015
29619,14909.543
29620,14910.068
29621,14910.538
29622,14910.906
29623,14911.511
29624,14912.070
29625,14912.437
29626,14912.965
29627,14913.518
29628,14913.998
29629,14914.539
29630,14914.996
29631,14915.402
29632,14915.930
29633,14916.590
29634,14916.996
29635,14917.517
29636,14918.019
29637,14918.440
29638,14918.947
29639,14919.589
29640,14920.062
29641,14920.475
29642,14920.989
29643,14921.471
29644,14922.048
29645,14922.593
29646,14923.072
29647,14923.464
29648,14924.074
29649,14924.483
29650,14924.908
29651,14925.539
29652,14926.089
29653,14926.562
29654,14926.912
29655,14927.460
29656,14927.947
29657,14928.423
29658,14928.975
29659,14929.455
29660,14929.985
29661,14930.513
29662,14930.960
29663,14931.417
29664,14931.906
29665,14932.534
29666,14932.933
29667,14933.433
29668,14934.069
29669,14934.513
29670,14935.054
29671,14935.527
29672,14936.075
29673,14936.587
29674,14937.025
29675,14937.560
29676,14937.911
29677,14938.457
29678,14939.005
29679,14939.560
29680,14940.088
29681,14940.559
29682,14941.025
29683,14941.573
29684,14941.917
29685,14942.577
29686,14942.949
29687,14943.417
29688,14944.077
29689,14944.586
29690,14945.088
29691,14945.435
29692,14946.099
29693,14946.520
29694,14946.906
29695,14947.419
29696,14948.011
29697,14948.442
29698,14948.921
29699,14949.486
29700,14950.086
29701,14950.454
29702,14950.920
29703,14951.516
29704,14951.938
29705,14952.587
29706,14952.929
29707,14953.565
29708,14953.996
29709,14954.509
29710,14955.068
29711,14955.569
29712,14956.055
29713,14956.433
29714,14956.924
29715,14957.518
29716,14958.100
29717,14958.581
29718,14958.928
29719,14959.458
29720,14959.921
29721,14960.450
29722,14961.029
29723,14961.514
29724,14961.936
29725,14962.441
29726,14962.942
29727,14963.415
29728,14963.981
29729,14964.449
29730,14964.926
29731,14965.594
29732,14966.095
29733,14966.526
29734,14967.040
29735,14967.592
29736,14968.092
29737,14968.462
29738,14969.066
29739,14969.529
29740,14969.951
29741,14970.461
29742,14971.066
29743,14971.493
29744,14971.962
29745,14972.468
29746,14972.949
29747,14973.571
29748,14974.014
29749,14974.588
29750,14975.052
29751,14975.571
29752,14976.077
29753,14976.476
29754,14976.941
29755,14977.437
29756,14977.996
29757,14978.431
29758,14978.910
29759,14979.491
29760,14980.022
29761,14980.583
29762,14980.958
29763,14981.486
29764,14981.949
29765,14982.583
29766,14983.036
29767,14983.483
29768,14983.906
29769,14984.528
29770,14984.920
29771,14985.586
29772,14986.054
29773,14986.545
29774,14987.015
29775,14987.553
29776,14988.017
29777,14988.481
29778,14989.049
29779,14989.598
29780,14990.079
29781,14990.582
29782,14990.928
29783,14991.500
29784,14992.077
29785,14992.447
29786,14992.987
29787,14993.513
29788,14994.089
29789,14994.462
29790,14995.091
29791,14995.479
29792,14995.903
29793,14996.423
29794,14996.909
29795,14997.526
29796,14998.027
29797,14998.553
29798,14998.964
29799,14999.512
29800,14999.999
29801,15000.473
29802,15001.079
29803,15001.487
29804,15001.966
29805,15002.517
29806,15003.021
29807,15003.580
29808,15004.044
29809,15004.498
29810,15005.057
29811,15005.416
29812,15005.946
29813,15006.411
29814,15007.010
29815,15007.506
29816,15007.935
29817,15008.440
29818,15009.025
29819,15009.411
29820,15010.075
29821,15010.433
29822,15011.070
29823,15011.519
29824,15011.924
29825,15012.458
29826,15013.054
29827,15013.454
29828,15014.022
29829,15014.445
29830,15015.042
29831,15015.599
29832,15015.997
29833,15016.427
29834,15017.055
29835,15017.421
29836,15017.935
29837,15018.410
29838,15019.090
29839,15019.503
29840,15019.911
29841,15020.477
29842,15020.998
29843,15021.559
29844,15021.991
29845,15022.405
29846,15022.982
29847,15023.579
29848,15023.954
29849,15024.564
29850,15024.953
29851,15025.581
29852,15026.058
29853,15026.440
29854,15027.020
29855,15027.509
29856,15027.992
29857,15028.595
29858,15029.046
29859,15029.597
29860,15030.074
29861,15030.589
29862,15030.944
29863,15031.469
29864,15032.062
29865,15032.402
29866,15032.978
29867,15033.562
29868,15034.024
29869,15034.403
29870,15034.935
29871,15035.545
29872,15036.082
29873,15036.515
29874,15036.999
29875,15037.433
29876,15037.967
29877,15038.596
29878,15039.068
29879,15039.480
29880,15039.905
29881,15040.597
29882,15040.967
29883,15041.400
29884,15041.930
29885,15042.516
29886,15042.946
29887,15043.533
29888,15043.943
29889,15044.587
29890,15044.940
29891,15045.598
29892,15046.005
29893,15046.528
29894,15047.063
29895,15047.406
29896,15047.977
29897,15048.534
29898,15049.100
29899,15049.554
29900,15049.935
29901,15050.522
29902,15050.955
29903,15051.554
29904,15051.933
29905,15052.421
29906,15053.012
29907,15053.595
29908,15053.946
29909,15054.589
29910,15054.908
29911,15055.419
29912,15055.924
29913,15056.526
29914,15057.022
29915,15057.553
29916,15058.100
29917,15058.563
29918,15059.030
29919,15059.570
29920,15060.009
29921,15060.427
29922,15060.988
29923,15061.466
29924,15061.986
29925,15062.458
29926,15063.084
29927,15063.441
29928,15064.088
29929,15064.562
29930,15065.093
29931,15065.550
29932,15066.048
29933,15066.570
29934,15067.021
29935,15067.487
29936,15067.933
29937,15068.409
29938,15068.911
29939,15069.599
29940,15069.962
29941,15070.445
29942,15071.071
29943,15071.576
29944,15071.973
29945,15072.500
29946,15073.017
29947,15073.441
29948,15074.037
29949,15074.514
29950,15075.041
29951,15075.434
29952,15076.091
29953,15076.565
29954,15076.958
29955,15077.410
29956,15077.918
29957,15078.518
29958,15079.048
29959,15079.499
29960,15079.982
29961,15080.504
29962,15080.915
29963,15081.544
29964,15082.076
29965,15082.526
29966,15082.985
29967,15083.423
29968,15084.046
29969,15084.565
29970,15084.978
29971,15085.402
29972,15086.073
29973,15086.411
29974,15086.949
29975,15087.411
29976,15088.032
29977,15088.410
29978,15088.956
29979,15089.484
29980,15090.012
29981,15090.454
29982,15090.971
29983,15091.588
29984,15091.961
29985,15092.440
29986,15093.009
29987,15093.561
29988,15094.083
29989,15094.507
29990,15095.068
29991,15095.521
29992,15096.069
29993,15096.594
29994,15097.100
29995,15097.533
29996,15098.010
29997,15098.547
29998,15098.928
29999,15099.517
30000,15099.940
30001,15100.438
30002,15100.971
30003,15101.570
30004,15102.038
30005,15102.481
30006,15103.087
30007,15103.431
30008,15104.078
30009,15104.554
30010,15105.084
30011,15105.596
30012,15105.949
30013,15106.445
30014,15107.075
30015,15107.537
30016,15107.987
30017,15108.400
30018,15108.917
30019,15109.408
30020,15110.041
30021,15110.413
30022,15111.053
30023,15111.575
30024,15111.923
30025,15112.509
30026,15113.005
30027,15113.438
30028,15113.900
30029,15114.574
30030,15115.049
30031,15115.451
30032,15115.996
30033,15116.507
30034,15116.986
30035,15117.412
30036,15118.008
30037,15118.576
30038,15118.918
30039,15119.459
30040,15120.059
30041,15120.441
30042,15120.941
30043,15121.407
30044,15121.995
30045,15122.460
30046,15122.993
30047,15123.558
30048,15123.964
30049,15124.545
30050,15124.911
30051,15125.443
30052,15126.010
30053,15126.470
30054,15126.948
30055,15127.418
30056,15128.088
30057,15128.546
30058,15129.080
30059,15129.498
30060,15129.904
30061,15130.597
30062,15131.075
30063,15131.435
30064,15131.993
30065,15132.442
30066,15133.100
30067,15133.595
30068,15134.031
30069,15134.468
30070,15134.945
30071,15135.414
30072,15135.983
30073,15136.571
30074,15136.962
30075,15137.589
30076,15138.075
30077,15138.566
30078,15139.098
30079,15139.572
30080,15140.017
30081,15140.511
30082,15141.050
30083,15141.575
30084,15142.013
30085,15142.529
30086,15143.051
30087,15143.515
30088,15143.943
30089,15144.581
30090,15144.946
30091,15145.420
30092,15146.007
30093,15146.415
30094,15147.033
30095,15147.470
30096,15147.916
30097,15148.422
30098,15149.001
30099,15149.512
30100,15150.067
30101,15150.443
30102,15151.047
30103,15151.495
30104,15151.937
30105,15152.452
30106,15153.061
30107,15153.478
30108,15153.956
30109,15154.432
30110,15154.952
30111,15155.583
30112,15155.942
30113,15156.455
30114,15157.061
30115,15157.566
30116,15158.072
30117,15158.409
30118,15158.977
30119,15159.469
30120,15160.054
30121,15160.434
30122,15161.056
30123,15161.483
30124,15161.934
30125,15162.584
30126,15163.027
30127,15163.474
30128,15164.094
30129,15164.533
30130,15164.984
30131,15165.461
30132,15165.911
30133,15166.585
30134,15167.060
30135,15167.469
30136,15168.055
30137,15168.473
30138,15168.919
30139,15169.462
30140,15169.960
30141,15170.517
30142,15170.948
30143,15171.461
30144,15171.915
30145,15172.439
30146,15173.011
30147,15173.417
30148,15173.952
30149,15174.556
30150,15174.979
30151,15175.458
30152,15176.073
30153,15176.541
30154,15177.040
30155,15177.416
30156,15178.072
30157,15178.424
30158,15179.035
30159,15179.549
30160,15180.069
30161,15180.537
30162,15181.055
30163,15181.527
30164,15181.958
30165,15182.538
30166,15182.968
30167,15183.459
30168,15184.084
30169,15184.444
30170,15185.045
30171,15185.571
30172,15185.929
30173,15186.512
30174,15186.930
30175,15187.571
30176,15188.052
30177,15188.458
30178,15189.090
30179,15189.425
30180,15190.047
30181,15190.496
30182,15190.952
30183,15191.535
30184,15191.904
30185,15192.515
30186,15193.004
30187,15193.494
30188,15194.015
30189,15194.537
30190,15195.036
30191,15195.593
30192,15196.053
30193,15196.592
30194,15197.083
30195,15197.489
30196,15197.948
30197,15198.489
30198,15199.051
30199,15199.563
30200,15199.915
30201,15200.481
30202,15201.021
30203,15201.594
30204,15202.048
30205,15202.416
30206,15202.982
30207,15203.460
30208,15203.961
30209,15204.512
30210,15205.013
30211,15205.593
30212,15205.975
30213,15206.421
30214,15207.051
30215,15207.451
30216,15207.956
30217,15208.456
30218,15208.936
30219,15209.507
30220,15210.032
30221,15210.569
30222,15210.931
30223,15211.593
30224,15212.068
30225,15212.492
30226,15212.996
30227,15213.521
30228,15214.078
30229,15214.500
30230,15215.085
30231,15215.454
30232,15215.924
30233,15216.510
30234,15216.976
30235,15217.565
30236,15218.077
30237,15218.434
30238,15219.068
30239,15219.404
30240,15219.932
30241,15220.600
30242,15221.083
30243,15221.427
30244,15222.082
30245,15222.570
30246,15222.908
30247,15223.524
30248,15224.098
30249,15224.501
30250,15225.079
30251,15225.490
30252,15226.032
30253,15226.530
30254,15226.996
30255,15227.434
30256,15227.995
30257,15228.557
30258,15229.043
30259,15229.584
30260,15230.044
30261,15230.496
30262,15230.958
30263,15231.494
30264,15231.981
30265,15232.444
30266,15232.910
30267,15233.581
30268,15233.933
30269,15234.556
30270,15234.928
30271,15235.510
30272,15235.932
30273,15236.576
30274,15237.009
30275,15237.590
30276,15238.090
30277,15238.582
30278,15239.088
30279,15239.456
30280,15240.055
30281,15240.441
30282,15241.097
30283,15241.418
30284,15241.929
30285,15242.486
30286,15243.096
30287,15243.476
30288,15243.971
30289,15244.439
30290,15245.067
30291,15245.495
30292,15245.989
30293,15246.578
30294,15246.916
30295,15247.531
30296,15247.990
30297,15248.593
30298,15249.015
30299,15249.534
30300,15249.934
30301,15250.432
30302,15250.940
30303,15251.418
30304,15251.961
30305,15252.569
30306,15252.964
30307,15253.509
30308,15253.959
30309,15254.552
30310,15254.901
30311,15255.437
30312,15255.972
30313,15256.508
30314,15256.922
30315,15257.499
30316,15257.976
30317,15258.456
30318,15258.904
30319,15259.402
30320,15260.018
30321,15260.458
30322,15261.042
30323,15261.579
30324,15262.020
30325,15262.596
30326,15263.082
30327,15263.502
30328,15263.971
30329,15264.434
30330,15264.913
30331,15265.508
30332,15266.039
30333,15266.558
30334,15266.917
30335,15267.409
30336,15268.078
30337,15268.554
30338,15269.015
30339,15269.527
30340,15269.977
30341,15270.441
30342,15270.911
30343,15271.543
30344,15271.981
30345,15272.595
30346,15273.037
30347,15273.555
30348,15273.941
30349,15274.533
30350,15275.045
30351,15275.586
30352,15275.999
30353,15276.545
30354,15277.069
30355,15277.442
30356,15278.004
30357,15278.413
30358,15279.071
30359,15279.449
30360,15279.973
30361,15280.494
30362,15280.990
30363,15281.561
30364,15281.930
30365,15282.555
30366,15282.951
30367,15283.562
30368,15284.008
30369,15284.571
30370,15284.905
30371,15285.522
30372,15285.955
30373,15286.469
30374,15287.031
30375,15287.517
30376,15288.038
30377,15288.556
30378,15289.041
30379,15289.480
30380,15289.999
30381,15290.556
30382,15291.070
30383,15291.588
30384,15292.032
30385,15292.467
30386,15293.070
30387,15293.547
30388,15293.905
30389,15294.448
30390,15294.964
30391,15295.476
30392,15296.040
30393,15296.475
30394,15297.035
30395,15297.544
30396,15298.018
30397,15298.593
30398,15298.900
30399,15299.473
30400,15299.958
30401,15300.402
30402,15301.043
30403,15301.410
30404,15302.073
30405,15302.545
30406,15303.011
30407,15303.546
30408,15304.047
30409,15304.498
30410,15305.057
30411,15305.515
30412,15305.976
30413,15306.578
30414,15306.982
30415,15307.582
30416,15308.021
30417,15308.548
30418,15309.003
30419,15309.555
30420,15309.953
30421,15310.487
30422,15310.934
30423,15311.527
30424,15311.986
30425,15312.425
30426,15313.030
30427,15313.482
30428,15313.998
30429,15314.534
30430,15315.078
30431,15315.501
30432,15315.973
30433,15316.487
30434,15316.902
30435,15317.527
30436,15317.923
30437,15318.517
30438,15319.081
30439,15319.472
30440,15320.045
30441,15320.416
30442,15320.978
30443,15321.418
30444,15322.006
30445,15322.453
30446,15322.904
30447,15323.430
30448,15323.992
30449,15324.530
30450,15324.947
30451,15325.548
30452,15325.931
30453,15326.590
30454,15326.976
30455,15327.554
30456,15327.909
30457,15328.531
30458,15328.957
30459,15329.540
30460,15330.093
30461,15330.594
30462,15330.981
30463,15331.571
30464,15331.951
30465,15332.581
30466,15332.986
30467,15333.431
30468,15333.957
30469,15334.586
30470,15335.067
30471,15335.439
30472,15336.004
30473,15336.426
30474,15337.079
30475,15337.499
30476,15337.922
30477,15338.416
30478,15338.990
30479,15339.489
30480,15339.984
30481,15340.455
30482,15341.095
30483,15341.523
30484,15342.073
30485,15342.561
30486,15342.981
30487,15343.450
30488,15344.007
30489,15344.402
30490,15345.041
30491,15345.560
30492,15346.003
30493,15346.528
30494,15347.054
30495,15347.412
30496,15347.914
30497,15348.491
30498,15349.034
30499,15349.411
30500,15350.057
30501,15350.555
30502,15350.966
30503,15351.510
30504,15352.075
30505,15352.485
30506,15352.943
30507,15353.404
30508,15354.076
30509,15354.451
30510,15355.052
30511,15355.489
30512,15355.921
30513,15356.477
30514,15357.003
30515,15357.470
30516,15358.013
30517,15358.410
30518,15359.013
30519,15359.456
30520,15360.072
30521,15360.567
30522,15361.061
30523,15361.502
30524,15361.936
30525,15362.595
30526,15362.971
30527,15363.518
30528,15364.061
30529,15364.455
30530,15365.076
30531,15365.531
30532,15365.959
30533,15366.542
30534,15367.030
30535,15367.481
30536,15368.064
30537,15368.531
30538,15369.037
30539,15369.471
30540,15370.056
30541,15370.451
30542,15370.993
30543,15371.540
30544,15372.009
30545,15372.455
30546,15373.014
30547,15373.494
30548,15373.925
30549,15374.429
30550,15374.941
30551,15375.523
30552,15375.960
30553,15376.595
30554,15376.960
30555,15377.489
30556,15378.083
30557,15378.504
30558,15379.092
30559,15379.429
30560,15380.022
30561,15380.531
30562,15380.958
30563,15381.586
30564,15381.920
30565,15382.579
30566,15383.024
30567,15383.561
30568,15383.935
30569,15384.441
30570,15385.066
30571,15385.527
30572,15386.023
30573,15386.471
30574,15386.968
30575,15387.558
30576,15388.029
30577,15388.439
30578,15388.997
30579,15389.431
30580,15390.071
30581,15390.407
30582,15390.933
30583,15391.592
30584,15392.051
30585,15392.576
30586,15392.983
30587,15393.452
30588,15394.071
30589,15394.589
30590,15395.055
30591,15395.570
30592,15396.098
30593,15396.582
30594,15397.063
30595,15397.565
30596,15397.902
30597,15398.416
30598,15399.084
30599,15399.521
30600,15400.034
30601,15400.548
30602,15400.940
30603,15401.421
30604,15402.032
30605,15402.424
30606,15402.981
30607,15403.530
30608,15404.019
30609,15404.552
30610,15405.091
30611,15405.442
30612,15406.017
30613,15406.517
30614,15406.924
30615,15407.535
30616,15407.993
30617,15408.599
30618,15408.900
30619,15409.595
30620,15409.909
30621,15410.444
30622,15410.952
30623,15411.485
30624,15412.019
30625,15412.477
30626,15413.016
30627,15413.593
30628,15413.907
30629,15414.474
30630,15415.002
30631,15415.455
30632,15415.976
30633,15416.465
30634,15416.951
30635,15417.462
30636,15417.909
30637,15418.600
30638,15418.975
30639,15419.470
30640,15420.006
30641,15420.460
30642,15421.026
30643,15421.505
30644,15421.915
30645,15422.567
30646,15423.057
30647,15423.443
30648,15423.967
30649,15424.480
30650,15424.974
30651,15425.537
30652,15425.915
30653,15426.583
30654,15427.010
30655,15427.574
30656,15428.044
30657,15428.524
30658,15429.047
30659,15429.431
30660,15430.032
30661,15430.549
30662,15431.069
30663,15431.497
30664,15432.006
30665,15432.598
30666,15433.013
30667,15433.458
30668,15433.973
30669,15434.539
30670,15434.989
30671,15435.507
30672,15435.941
30673,15436.482
30674,15436.995
30675,15437.498
30676,15437.935
30677,15438.408
30678,15439.085
30679,15439.488
30680,15439.920
30681,15440.591
30682,15440.930
30683,15441.462
30684,15442.066
30685,15442.489
30686,15442.999
30687,15443.439
30688,15444.081
30689,15444.528
30690,15444.954
30691,15445.594
30692,15446.084
30693,15446.433
30694,15446.919
30695,15447.517
30696,15448.076
30697,15448.427
30698,15449.087
30699,15449.586
30700,15449.986
30701,15450.530
30702,15451.063
30703,15451.444
30704,15451.909
30705,15452.451
30706,15453.026
30707,15453.502
30708,15454.049
30709,15454.481
30710,15455.056
30711,15455.552
30712,15455.902
30713,15456.428
30714,15457.056
30715,15457.577
30716,15458.048
30717,15458.470
30718,15459.080
30719,15459.436
30720,15460.045
30721,15460.416
30722,15461.040
30723,15461.424
30724,15462.064
30725,15462.557
30726,15463.084
30727,15463.483
30728,15464.000
30729,15464.591
30730,15464.940
30731,15465.524
30732,15466.037
30733,15466.474
30734,15466.965
30735,15467.561
30736,15467.927
30737,15468.473
30738,15469.036
30739,15469.543
30740,15469.956
30741,15470.463
30742,15470.993
30743,15471.567
30744,15471.947
30745,15472.405
30746,15472.934
30747,15473.459
30748,15474.033
30749,15474.523
30750,15475.021
30751,15475.442
30752,15475.936
30753,15476.496
30754,15477.083
30755,15477.508
30756,15477.937
30757,15478.559
30758,15478.969
30759,15479.597
30760,15479.980
30761,15480.422
30762,15481.050
30763,15481.424
30764,15482.019
30765,15482.484
30766,15482.994
30767,15483.594
30768,15483.913
30769,15484.539
30770,15484.967
30771,15485.442
30772,15485.905
30773,15486.504
30774,15486.945
30775,15487.421
30776,15488.018
30777,15488.478
30778,15488.936
30779,15489.526
30780,15489.943
30781,15490.412
30782,15491.016
30783,15491.511
30784,15491.940
30785,15492.497
30786,15492.988
30787,15493.417
30788,15494.036
30789,15494.452
30790,15494.979
30791,15495.502
30792,15495.978
30793,15496.429
30794,15496.931
30795,15497.535
30796,15498.091
30797,15498.518
30798,15498.989
30799,15499.456
30800,15500.088
30801,15500.560
30802,15500.996
30803,15501.514
30804,15502.093
30805,15502.565
30806,15503.075
30807,15503.474
30808,15503.957
30809,15504.565
30810,15504.913
30811,15505.499
30812,15505.974
30813,15506.563
30814,15506.972
30815,15507.598
30816,15508.090
30817,15508.557
30818,15508.939
30819,15509.551
30820,15509.917
30821,15510.544
30822,15511.069
30823,15511.458
30824,15511.932
30825,15512.512
30826,15513.099
30827,15513.515
30828,15513.959
30829,15514.547
30830,15514.957
30831,15515.461
30832,15516.059
30833,15516.569
30834,15517.078
30835,15517.551
30836,15518.013
30837,15518.414
30838,15519.053
30839,15519.538
30840,15520.059
30841,15520.414
30842,15521.081
30843,15521.457
30844,15521.940
30845,15522.475
30846,15522.967
30847,15523.512
30848,15524.041
30849,15524.587
30850,15524.999
30851,15525.461
30852,15525.963
30853,15526.433
30854,15527.065
30855,15527.541
30856,15527.902
30857,15528.509
30858,15528.901
30859,15529.497
30860,15530.001
30861,15530.448
30862,15530.935
30863,15531.517
30864,15532.098
30865,15532.544
30866,15532.965
30867,15533.461
30868,15533.965
30869,15534.432
30870,15534.939
30871,15535.521
30872,15535.958
30873,15536.541
30874,15536.952
30875,15537.542
30876,15538.053
30877,15538.513
30878,15539.054
30879,15539.569
30880,15540.007
30881,15540.597
30882,15540.933
30883,15541.579
30884,15541.970
30885,15542.516
30886,15542.919
30887,15543.518
30888,15544.017
30889,15544.552
30890,15544.902
30891,15545.419
30892,15545.944
30893,15546.498
30894,15546.965
30895,15547.479
30896,15548.099
30897,15548.470
30898,15549.013
30899,15549.587
30900,15550.063
30901,15550.440
30902,15551.026
30903,15551.557
30904,15551.999
30905,15552.519
30906,15552.950
30907,15553.544
30908,15554.020
30909,15554.435
30910,15554.936
30911,15555.449
30912,15556.081
30913,15556.560
30914,15557.083
30915,15557.407
30916,15558.034
30917,15558.582
30918,15558.992
30919,15559.440
30920,15560.055
30921,15560.454
30922,15561.064
30923,15561.488
30924,15562.025
30925,15562.412
30926,15563.058
30927,15563.566
30928,15563.970
30929,15564.411
30930,15565.003
30931,15565.420
30932,15565.987
30933,15566.406
30934,15566.967
30935,15567.428
30936,15568.097
30937,15568.471
30938,15569.016
30939,15569.419
30940,15570.068
30941,15570.552
30942,15571.004
30943,15571.468
30944,15571.924
30945,15572.565
30946,15572.977
30947,15573.594
30948,15573.976
30949,15574.558
30950,15574.930
30951,15575.475
30952,15576.090
30953,15576.404
30954,15577.091
30955,15577.467
30956,15578.061
30957,15578.541
30958,15579.021
30959,15579.560
30960,15580.019
30961,15580.484
30962,15580.930
30963,15581.553
30964,15581.902
30965,15582.486
30966,15582.986
30967,15583.571
30968,15583.974
30969,15584.413
30970,15585.090
30971,15585.541
30972,15586.022
30973,15586.549
30974,15586.915
30975,15587.506
30976,15588.068
30977,15588.530
30978,15588.997
30979,15589.497
30980,15589.917
30981,15590.519
30982,15590.984
30983,15591.414
30984,15591.951
30985,15592.438
30986,15593.035
30987,15593.500
30988,15593.998
30989,15594.454
30990,15594.907
30991,15595.428
30992,15595.911
30993,15596.567
30994,15597.055
30995,15597.468
30996,15597.942
30997,15598.557
30998,15599.027
30999,15599.408
31000,15600.030
31001,15600.403
31002,15600.998
31003,15601.417
31004,15601.953
31005,15602.583
31006,15602.994
31007,15603.572
31008,15603.914
31009,15604.589
31010,15604.952
31011,15605.493
31012,15605.994
31013,15606.431
31014,15607.059
31015,15607.443
31016,15608.044
31017,15608.572
31018,15609.056
31019,15609.542
31020,15609.912
31021,15610.533
31022,15611.052
31023,15611.421
31024,15612.045
31025,15612.454
31026,15613.000
31027,15613.570
31028,15613.961
31029,15614.461
31030,15615.071
31031,15615.544
31032,15616.008
31033,15616.546
31034,15616.964
31035,15617.530
31036,15617.969
31037,15618.522
31038,15618.993
31039,15619.437
31040,15619.910
31041,15620.557
31042,15621.084
31043,15621.521
31044,15621.995
31045,15622.550
31046,15622.912
31047,15623.466
31048,15623.994
31049,15624.574
31050,15624.939
31051,15625.406
31052,15625.902
31053,15626.466
31054,15626.954
31055,15627.457
31056,15627.977
31057,15628.483
31058,15629.087
31059,15629.553
31060,15630.022
31061,15630.573
31062,15630.971
31063,15631.461
31064,15632.013
31065,15632.589
31066,15633.082
31067,15633.493
31068,15634.085
31069,15634.410
31070,15635.071
31071,15635.588
31072,15636.051
31073,15636.427
31074,15637.002
31075,15637.454
31076,15637.900
31077,15638.504
31078,15638.959
31079,15639.596
31080,15639.910
31081,15640.419
31082,15640.962
31083,15641.542
31084,15642.004
31085,15642.498
31086,15642.967
31087,15643.414
31088,15643.952
31089,15644.574
31090,15644.913
31091,15645.468
31092,15645.973
31093,15646.497
31094,15646.900
31095,15647.408
31096,15648.087
31097,15648.472
31098,15648.934
31099,15649.597
31100,15649.901
31101,15650.445
31102,15650.954
31103,15651.533
31104,15651.974
31105,15652.476
31106,15652.905
31107,15653.581
31108,15654.036
31109,15654.507
31110,15655.050
31111,15655.579
31112,15656.027
31113,15656.574
31114,15656.914
31115,15657.427
31116,15658.077
31117,15658.594
31118,15659.087
31119,15659.497
31120,15660.038
31121,15660.575
31122,15660.909
31123,15661.491
31124,15661.994
31125,15662.481
31126,15663.040
31127,15663.422
31128,15664.061
31129,15664.450
31130,15664.999
31131,15665.542
31132,15665.989
31133,15666.413
31134,15667.070
31135,15667.510
31136,15667.983
31137,15668.562
31138,15669.086
31139,15669.463
31140,15669.902
31141,15670.446
31142,15671.086
31143,15671.569
31144,15672.069
31145,15672.499
31146,15673.032
31147,15673.571
31148,15674.025
31149,15674.442
31150,15675.057
31151,15675.507
31152,15676.022
31153,15676.502
31154,15676.962
31155,15677.593
31156,15678.070
31157,15678.436
31158,15679.037
31159,15679.472
31160,15679.967
31161,15680.598
31162,15681.034
31163,15681.465
31164,15682.010
31165,15682.497
31166,15682.946
31167,15683.446
31168,15684.081
31169,15684.427
31170,15685.026
31171,15685.436
31172,15685.903
31173,15686.407
31174,15686.982
31175,15687.507
31176,15687.970
31177,15688.420
31178,15689.035
31179,15689.585
31180,15690.036
31181,15690.542
31182,15691.028
31183,15691.413
31184,15692.003
31185,15692.577
31186,15692.943
31187,15693.429
31188,15694.024
31189,15694.480
31190,15694.956
31191,15695.411
31192,15696.044
31193,15696.405
31194,15697.047
31195,15697.431
31196,15697.994
31197,15698.458
31198,15698.944
31199,15699.578
31200,15699.900
31201,15700.474
31202,15701.029
31203,15701.555
31204,15701.941
31205,15702.444
31206,15702.972
31207,15703.534
31208,15703.993
31209,15704.492
31210,15704.970
31211,15705.598
31212,15706.036
31213,15706.420
31214,15707.066
31215,15707.462
31216,15707.971
31217,15708.576
31218,15708.989
31219,15709.567
31220,15709.944
31221,15710.487
31222,15710.978
31223,15711.412
31224,15712.072
31225,15712.521
31226,15712.905
31227,15713.455
31228,15713.993
31229,15714.488
31230,15714.968
31231,15715.426
31232,15715.976
31233,15716.462
31234,15716.992
31235,15717.518
31236,15718.031
31237,15718.508
31238,15719.065
31239,15719.546
31240,15719.983
31241,15720.577
31242,15720.913
31243,15721.563
31244,15721.927
31245,15722.546
31246,15723.042
31247,15723.436
31248,15724.031
31249,15724.502
31250,15724.920
31251,15725.500
31252,15725.935
31253,15726.468
31254,15727.046
31255,15727.415
31256,15727.963
31257,15728.508
31258,15728.912
31259,15729.551
31260,15729.943
31261,15730.507
31262,15731.090
31263,15731.437
31264,15731.975
31265,15732.450
31266,15732.973
31267,15733.456
31268,15733.953
31269,15734.488
31270,15735.087
31271,15735.457
31272,15735.903
31273,15736.599
31274,15736.969
31275,15737.466
31276,15737.958
31277,15738.408
31278,15738.917
31279,15739.530
31280,15739.977
31281,15740.512
31282,15740.916
31283,15741.516
31284,15741.910
31285,15742.537
31286,15742.924
31287,15743.447
31288,15744.044
31289,15744.413
31290,15744.991
31291,15745.431
31292,15745.968
31293,15746.483
31294,15746.973
31295,15747.496
31296,15748.045
31297,15748.595
31298,15748.947
31299,15749.473
31300,15750.058
31301,15750.444
31302,15750.919
31303,15751.583
31304,15752.021
31305,15752.570
31306,15753.036
31307,15753.491
31308,15754.012
31309,15754.503
31310,15754.970
31311,15755.529
31312,15755.990
31313,15756.576
31314,15756.954
31315,15757.549
31316,15758.062
31317,15758.517
31318,15758.961
31319,15759.500
31320,15759.976
31321,15760.517
31322,15760.974
31323,15761.448
31324,15761.948
31325,15762.432
31326,15763.018
31327,15763.561
31328,15764.003
31329,15764.558
31330,15765.096
31331,15765.406
31332,15766.079
31333,15766.501
31334,15766.934
31335,15767.563
31336,15768.053
31337,15768.460
31338,15769.051
31339,15769.484
31340,15769.911
31341,15770.525
31342,15770.969
31343,15771.426
31344,15771.917
31345,15772.564
31346,15773.025
31347,15773.581
31348,15774.054
31349,15774.531
31350,15774.961
31351,15775.499
31352,15776.078
31353,15776.565
31354,15776.916
31355,15777.525
31356,15778.097
31357,15778.451
31358,15778.969
31359,15779.419
31360,15780.088
31361,15780.413
31362,15781.014
31363,15781.534
31364,15782.025
31365,15782.466
31366,15783.064
31367,15783.514
31368,15783.907
31369,15784.421
31370,15785.089
31371,15785.547
31372,15786.015
31373,15786.429
31374,15786.945
31375,15787.549
31376,15788.069
31377,15788.579
31378,15788.986
31379,15789.500
31380,15789.982
31381,15790.541
31382,15791.079
31383,15791.404
31384,15792.031
31385,15792.577
31386,15793.094
31387,15793.522
31388,15793.903
31389,15794.446
31390,15794.921
31391,15795.481
31392,15796.055
31393,15796.557
31394,15797.086
31395,15797.510
31396,15798.008
31397,15798.514
31398,15798.963
31399,15799.553
31400,15800.099
31401,15800.473
31402,15800.977
31403,15801.503
31404,15802.029
31405,15802.504
31406,15803.018
31407,15803.595
31408,15804.018
31409,15804.424
31410,15804.957
31411,15805.413
31412,15806.053
31413,15806.438
31414,15807.045
31415,15807.407
31416,15808.026
31417,15808.479
31418,15809.016
31419,15809.542
31420,15810.059
31421,15810.438
31422,15811.091
31423,15811.532
31424,15812.043
31425,15812.484
31426,15812.960
31427,15813.500
31428,15813.982
31429,15814.461
31430,15814.936
31431,15815.592
31432,15816.053
31433,15816.508
31434,15816.928
31435,15817.487
31436,15817.914
31437,15818.600
31438,15818.957
31439,15819.596
31440,15819.953
31441,15820.457
31442,15821.039
31443,15821.482
31444,15821.949
31445,15822.460
31446,15822.901
31447,15823.421
31448,15824.038
31449,15824.438
31450,15825.039
31451,15825.425
31452,15825.971
31453,15826.511
31454,15827.021
31455,15827.525
31456,15828.015
31457,15828.407
31458,15828.915
31459,15829.532
31460,15830.075
31461,15830.432
31462,15830.901
31463,15831.457
31464,15831.959
31465,15832.538
31466,15833.073
31467,15833.520
31468,15833.903
31469,15834.558
31470,15834.998
31471,15835.453
31472,15836.084
31473,15836.495
31474,15836.947
31475,15837.419
31476,15838.021
31477,15838.483
31478,15839.005
31479,15839.503
31480,15839.963
31481,15840.428
31482,15840.943
31483,15841.521
31484,15841.926
31485,15842.532
31486,15843.006
31487,15843.526
31488,15844.092
31489,15844.434
31490,15845.079
31491,15845.477
31492,15845.982
31493,15846.587
31494,15846.948
31495,15847.456
31496,15847.943
31497,15848.424
31498,15848.984
31499,15849.494
31500,15850.081
31501,15850.486
31502,15850.939
31503,15851.465
31504,15852.050
31505,15852.583
31506,15853.028
31507,15853.513
31508,15854.015
31509,15854.556
31510,15854.929
31511,15855.595
31512,15855.999
31513,15856.492
31514,15856.904
31515,15857.532
31516,15857.908
31517,15858.460
31518,15859.069
31519,15859.580
31520,15859.951
31521,15860.474
31522,15861.082
31523,15861.424
31524,15862.066
31525,15862.532
31526,15862.910
31527,15863.439
31528,15863.964
31529,15864.455
31530,15864.940
31531,15865.591
31532,15865.988
31533,15866.417
31534,15866.958
31535,15867.543
31536,15867.953
31537,15868.478
31538,15868.998
31539,15869.591
31540,15870.067
31541,15870.472
31542,15870.994
31543,15871.591
31544,15872.093
31545,15872.539
31546,15872.952
31547,15873.460
31548,15874.069
31549,15874.526
31550,15874.965
31551,15875.592
31552,15876.006
31553,15876.492
31554,15877.069
31555,15877.455
31556,15878.044
31557,15878.533
31558,15879.059
31559,15879.401
31560,15879.958
31561,15880.450
31562,15881.076
31563,15881.540
31564,15881.961
31565,15882.536
31566,15883.013
31567,15883.418
31568,15884.058
31569,15884.468
31570,15884.925
31571,15885.467
31572,15885.944
31573,15886.484
31574,15887.022
31575,15887.550
31576,15888.008
31577,15888.410
31578,15889.002
31579,15889.511
31580,15889.953
31581,15890.557
31582,15891.032
31583,15891.533
31584,15892.035
31585,15892.509
31586,15892.994
31587,15893.401
31588,15893.920
31589,15894.525
31590,15894.995
31591,15895.546
31592,15896.091
31593,15896.580
31594,15897.050
31595,15897.484
31596,15898.010
31597,15898.566
31598,15898.988
31599,15899.500
31600,15900.092
31601,15900.445
31602,15900.932
31603,15901.410
31604,15902.041
31605,15902.470
31606,15903.006
31607,15903.412
31608,15904.099
31609,15904.437
31610,15905.025
31611,15905.438
31612,15905.933
31613,15906.501
31614,15906.945
31615,15907.468
31616,15908.029
31617,15908.510
31618,15909.011
31619,15909.403
31620,15910.022
31621,15910.400
31622,15910.982
31623,15911.552
31624,15912.069
31625,15912.464
31626,15912.967
31627,15913.444
31628,15914.025
31629,15914.448
31630,15915.018
31631,15915.493
31632,15915.971
31633,15916.434
31634,15916.900
31635,15917.590
31636,15918.070
31637,15918.454
31638,15919.070
31639,15919.522
31640,15920.033
31641,15920.537
31642,15920.914
31643,15921.473
31644,15921.937
31645,15922.496
31646,15923.022
31647,15923.541
31648,15924.085
31649,15924.452
31650,15924.969
31651,15925.562
31652,15925.968
31653,15926.446
31654,15926.961
31655,15927.530
31656,15928.028
31657,15928.531
31658,15929.065
31659,15929.406
31660,15929.985
31661,15930.473
31662,15930.968
31663,15931.568
31664,15931.931
31665,15932.433
31666,15933.049
31667,15933.410
31668,15933.970
31669,15934.506
31670,15935.017
31671,15935.595
31672,15936.069
31673,15936.432
31674,15936.945
31675,15937.559
31676,15938.078
31677,15938.494
31678,15939.022
31679,15939.427
31680,15940.039
31681,15940.566
31682,15941.017
31683,15941.588
31684,15942.048
31685,15942.427
31686,15943.098
31687,15943.520
31688,15943.955
31689,15944.526
31690,15945.049
31691,15945.520
31692,15946.068
31693,15946.582
31694,15947.045
31695,15947.487
31696,15948.064
31697,15948.571
31698,15949.055
31699,15949.419
31700,15950.046
31701,15950.505
31702,15951.051
31703,15951.484
31704,15952.028
31705,15952.542
31706,15952.922
31707,15953.589
31708,15954.035
31709,15954.514
31710,15955.022
31711,15955.401
31712,15955.904
31713,15956.467
31714,15957.002
31715,15957.473
31716,15958.026
31717,15958.468
31718,15958.908
31719,15959.442
31720,15959.946
31721,15960.584
31722,15960.934
31723,15961.470
31724,15962.024
31725,15962.432
31726,15963.024
31727,15963.566
31728,15963.940
31729,15964.515
31730,15964.936
31731,15965.569
31732,15965.993
31733,15966.440
31734,15966.919
31735,15967.524
31736,15967.975
31737,15968.446
31738,15968.942
31739,15969.466
31740,15970.015
31741,15970.497
31742,15971.044
31743,15971.420
31744,15972.052
31745,15972.547
31746,15973.029
31747,15973.428
31748,15974.051
31749,15974.476
31750,15975.028
31751,15975.428
31752,15975.965
31753,15976.488
31754,15977.054
31755,15977.465
31756,15977.972
31757,15978.422
31758,15978.934
31759,15979.489
31760,15980.083
31761,15980.495
31762,15981.073
31763,15981.472
31764,15981.992
31765,15982.422
31766,15983.093
31767,15983.498
31768,15984.054
31769,15984.546
31770,15985.001
31771,15985.586
31772,15986.092
31773,15986.559
31774,15987.056
31775,15987.564
31776,15988.072
31777,15988.509
31778,15989.086
31779,15989.484
31780,15989.920
31781,15990.496
31782,15991.054
31783,15991.409
31784,15992.084
31785,15992.500
31786,15992.909
31787,15993.559
31788,15993.971
31789,15994.476
31790,15994.910
31791,15995.599
31792,15995.981
31793,15996.409
31794,15996.919
31795,15997.462
31796,15997.900
31797,15998.413
31798,15998.977
31799,15999.546
31800,15999.958
31801,16000.472
31802,16001.002
31803,16001.477
31804,16001.922
31805,16002.470
31806,16002.912
31807,16003.467
31808,16004.013
31809,16004.571
31810,16004.958
31811,16005.543
31812,16005.941
31813,16006.415
31814,16007.021
31815,16007.585
31816,16008.011
31817,16008.513
31818,16009.082
31819,16009.572
31820,16009.909
31821,16010.443
31822,16011.029
31823,16011.484
31824,16011.929
31825,16012.526
31826,16012.945
31827,16013.507
31828,16013.950
31829,16014.452
31830,16014.933
31831,16015.437
31832,16015.983
31833,16016.582
31834,16016.972
31835,16017.507
31836,16017.996
31837,16018.551
31838,16019.049
31839,16019.431
31840,16020.042
31841,16020.536
31842,16020.930
31843,16021.435
31844,16021.921
31845,16022.580
31846,16022.907
31847,16023.484
31848,16024.013
31849,16024.518
31850,16025.064
31851,16025.497
31852,16026.040
31853,16026.483
31854,16026.930
31855,16027.530
31856,16028.062
31857,16028.555
31858,16028.957
31859,16029.510
31860,16030.017
31861,16030.491
31862,16031.092
31863,16031.567
31864,16031.937
31865,16032.542
31866,16032.900
31867,16033.431
31868,16034.065
31869,16034.436
31870,16035.064
31871,16035.474
31872,16036.081
31873,16036.590
31874,16036.909
31875,16037.549
31876,16038.008
31877,16038.596
31878,16039.084
31879,16039.533
31880,16039.975
31881,16040.544
31882,16040.913
31883,16041.500
31884,16041.976
31885,16042.573
31886,16043.002
31887,16043.440
31888,16044.029
31889,16044.410
31890,16044.904
31891,16045.447
31892,16045.990
31893,16046.537
31894,16047.057
31895,16047.466
31896,16047.901
31897,16048.536
31898,16049.032
31899,16049.417
31900,16049.918
31901,16050.590
31902,16050.950
31903,16051.568
31904,16051.945
31905,16052.523
31906,16052.914
31907,16053.567
31908,16053.979
31909,16054.558
31910,16055.031
31911,16055.515
31912,16055.912
31913,16056.448
31914,16056.957
31915,16057.439
31916,16058.051
31917,16058.508
31918,16059.008
31919,16059.412
31920,16060.009
31921,16060.433
31922,16060.930
31923,16061.581
31924,16062.003
31925,16062.426
31926,16062.928
31927,16063.438
31928,16063.940
31929,16064.418
31930,16065.036
31931,16065.427
31932,16066.014
31933,16066.481
31934,16067.073
31935,16067.447
31936,16068.032
31937,16068.405
31938,16068.933
31939,16069.403
31940,16070.037
31941,16070.476
31942,16070.964
31943,16071.479
31944,16071.955
31945,16072.519
31946,16073.026
31947,16073.403
31948,16074.015
31949,16074.417
31950,16075.067
31951,16075.426
31952,16076.071
31953,16076.544
31954,16077.027
31955,16077.408
31956,16077.946
31957,16078.557
31958,16079.091
31959,16079.467
31960,16080.065
31961,16080.598
31962,16081.038
31963,16081.515
31964,16081.988
31965,16082.534
31966,16082.998
31967,16083.493
31968,16083.954
31969,16084.531
31970,16084.926
31971,16085.449
31972,16086.018
31973,16086.500
31974,16086.903
31975,16087.433
31976,16088.034
31977,16088.409
31978,16088.939
31979,16089.519
31980,16089.935
31981,16090.537
31982,16090.950
31983,16091.537
31984,16091.995
31985,16092.457
31986,16093.023
31987,16093.591
31988,16094.028
31989,16094.430
31990,16095.007
31991,16095.518
31992,16096.001
31993,16096.459
31994,16097.006
31995,16097.543
31996,16098.057
31997,16098.512
31998,16098.996
31999,16099.439
