request_id,status,is_error
0,200,false
1,200,false
2,404,true
3,200,false
4,500,true
5,200,false
6,200,false
7,404,true
8,200,false
9,500,true
10,200,false
11,200,false
12,404,true
13,200,false
14,500,true
15,200,false
16,200,false
17,404,true
18,200,false
19,500,true
20,200,false
21,200,false
22,404,true
23,200,false
24,500,true
25,200,false
26,200,false
27,404,true
28,200,false
29,500,true
30,200,false
31,200,false
32,404,true
33,200,false
34,500,true
35,200,false
36,200,false
37,404,true
38,200,false
39,500,true
40,200,false
41,200,false
42,404,true
43,200,false
44,500,true
45,200,false
46,200,false
47,404,true
48,200,false
49,500,true
50,200,false
51,200,false
52,404,true
53,200,false
54,500,true
55,200,false
56,200,false
57,404,true
58,200,false
59,500,true
60,200,false
61,200,false
62,404,true
63,200,false
64,500,true
65,200,false
66,200,false
67,404,true
68,200,false
69,500,true
70,200,false
71,200,false
72,404,true
73,200,false
74,500,true
75,200,false
76,200,false
77,404,true
78,200,false
79,500,true
80,200,false
81,200,false
82,404,true
83,200,false
84,500,true
85,200,false
86,200,false
87,404,true
88,200,false
89,500,true
90,200,false
91,200,false
92,404,true
93,200,false
94,500,true
95,200,false
96,200,false
97,404,true
98,200,false
99,500,true
100,200,false
101,200,false
102,404,true
103,200,false
104,500,true
105,200,false
106,200,false
107,404,true
108,200,false
109,500,true
110,200,false
111,200,false
112,404,true
113,200,false
114,500,true
115,200,false
116,200,false
117,404,true
118,200,false
119,500,true
120,200,false
121,200,false
122,404,true
123,200,false
124,500,true
125,200,false
126,200,false
127,404,true
128,200,false
129,500,true
130,200,false
131,200,false
132,404,true
133,200,false
134,500,true
135,200,false
136,200,false
137,404,true
138,200,false
139,500,true
140,200,false
141,200,false
142,404,true
143,200,false
144,500,true
145,200,false
146,200,false
147,404,true
148,200,false
149,500,true
150,200,false
151,200,false
152,404,true
153,200,false
154,500,true
155,200,false
156,200,false
157,404,true
158,200,false
159,500,true
160,200,false
161,200,false
162,404,true
163,200,false
164,500,true
165,200,false
166,200,false
167,404,true
168,200,false
169,500,true
170,200,false
171,200,false
172,404,true
173,200,false
174,500,true
175,200,false
176,200,false
177,404,true
178,200,false
179,500,true
180,200,false
181,200,false
182,404,true
183,200,false
184,500,true
185,200,false
186,200,false
187,404,true
188,200,false
189,500,true
190,200,false
191,200,false
192,404,true
193,200,false
194,500,true
195,200,false
196,200,false
197,404,true
198,200,false
199,500,true
200,200,false
201,200,false
202,404,true
203,200,false
204,500,true
205,200,false
206,200,false
207,404,true
208,200,false
209,500,true
210,200,false
211,200,false
212,404,true
213,200,false
214,500,true
215,200,false
216,200,false
217,404,true
218,200,false
219,500,true
220,200,false
221,200,false
222,404,true
223,200,false
224,500,true
225,200,false
226,200,false
227,404,true
228,200,false
229,500,true
230,200,false
231,200,false
232,404,true
233,200,false
234,500,true
235,200,false
236,200,false
237,404,true
238,200,false
239,500,true
240,200,false
241,200,false
242,404,true
243,200,false
244,500,true
245,200,false
246,200,false
247,404,true
248,200,false
249,500,true
250,200,false
251,200,false
252,404,true
253,200,false
254,500,true
255,200,false
256,200,false
257,404,true
258,200,false
259,500,true
260,200,false
261,200,false
262,404,true
263,200,false
264,500,true
265,200,false
266,200,false
267,404,true
268,200,false
269,500,true
270,200,false
271,200,false
272,404,true
273,200,false
274,500,true
275,200,false
276,200,false
277,404,true
278,200,false
279,500,true
280,200,false
281,200,false
282,404,true
283,200,false
284,500,true
285,200,false
286,200,false
287,404,true
288,200,false
289,500,true
290,200,false
291,200,false
292,404,true
293,200,false
294,500,true
295,200,false
296,200,false
297,404,true
298,200,false
299,500,true
300,200,false
301,200,false
302,404,true
303,200,false
304,500,true
305,200,false
306,200,false
307,404,true
308,200,false
309,500,true
310,200,false
311,200,false
312,404,true
313,200,false
314,500,true
315,200,false
316,200,false
317,404,true
318,200,false
319,500,true
320,200,false
321,200,false
322,404,true
323,200,false
324,500,true
325,200,false
326,200,false
327,404,true
328,200,false
329,500,true
330,200,false
331,200,false
332,404,true
333,200,false
334,500,true
335,200,false
336,200,false
337,404,true
338,200,false
339,500,true
340,200,false
341,200,false
342,404,true
343,200,false
344,500,true
345,200,false
346,200,false
347,404,true
348,200,false
349,500,true
350,200,false
351,200,false
352,404,true
353,200,false
354,500,true
355,200,false
356,200,false
357,404,true
358,200,false
359,500,true
360,200,false
361,200,false
362,404,true
363,200,false
364,500,true
365,200,false
366,200,false
367,404,true
368,200,false
369,500,true
370,200,false
371,200,false
372,404,true
373,200,false
374,500,true
375,200,false
376,200,false
377,404,true
378,200,false
379,500,true
380,200,false
381,200,false
382,404,true
383,200,false
384,500,true
385,200,false
386,200,false
387,404,true
388,200,false
389,500,true
390,200,false
391,200,false
392,404,true
393,200,false
394,500,true
395,200,false
396,200,false
397,404,true
398,200,false
399,500,true
400,200,false
401,200,false
402,404,true
403,200,false
404,500,true
405,200,false
406,200,false
407,404,true
408,200,false
409,500,true
410,200,false
411,200,false
412,404,true
413,200,false
414,500,true
415,200,false
416,200,false
417,404,true
418,200,false
419,500,true
420,200,false
421,200,false
422,404,true
423,200,false
424,500,true
425,200,false
426,200,false
427,404,true
428,200,false
429,500,true
430,200,false
431,200,false
432,404,true
433,200,false
434,500,true
435,200,false
436,200,false
437,404,true
438,200,false
439,500,true
440,200,false
441,200,false
442,404,true
443,200,false
444,500,true
445,200,false
446,200,false
447,404,true
448,200,false
449,500,true
450,200,false
451,200,false
452,404,true
453,200,false
454,500,true
455,200,false
456,200,false
457,404,true
458,200,false
459,500,true
460,200,false
461,200,false
462,404,true
463,200,false
464,500,true
465,200,false
466,200,false
467,404,true
468,200,false
469,500,true
470,200,false
471,200,false
472,404,true
473,200,false
474,500,true
475,200,false
476,200,false
477,404,true
478,200,false
479,500,true
480,200,false
481,200,false
482,404,true
483,200,false
484,500,true
485,200,false
486,200,false
487,404,true
488,200,false
489,500,true
490,200,false
491,200,false
492,404,true
493,200,false
494,500,true
495,200,false
496,200,false
497,404,true
498,200,false
499,500,true
500,200,false
501,200,false
502,404,true
503,200,false
504,500,true
505,200,false
506,200,false
507,404,true
508,200,false
509,500,true
510,200,false
511,200,false
512,404,true
513,200,false
514,500,true
515,200,false
516,200,false
517,404,true
518,200,false
519,500,true
520,200,false
521,200,false
522,404,true
523,200,false
524,500,true
525,200,false
526,200,false
527,404,true
528,200,false
529,500,true
530,200,false
531,200,false
532,404,true
533,200,false
534,500,true
535,200,false
536,200,false
537,404,true
538,200,false
539,500,true
540,200,false
541,200,false
542,404,true
543,200,false
544,500,true
545,200,false
546,200,false
547,404,true
548,200,false
549,500,true
550,200,false
551,200,false
552,404,true
553,200,false
554,500,true
555,200,false
556,200,false
557,404,true
558,200,false
559,500,true
560,200,false
561,200,false
562,404,true
563,200,false
564,500,true
565,200,false
566,200,false
567,404,true
568,200,false
569,500,true
570,200,false
571,200,false
572,404,true
573,200,false
574,500,true
575,200,false
576,200,false
577,404,true
578,200,false
579,500,true
580,200,false
581,200,false
582,404,true
583,200,false
584,500,true
585,200,false
586,200,false
587,404,true
588,200,false
589,500,true
590,200,false
591,200,false
592,404,true
593,200,false
594,500,true
595,200,false
596,200,false
597,404,true
598,200,false
599,500,true
600,200,false
601,200,false
602,404,true
603,200,false
604,500,true
605,200,false
606,200,false
607,404,true
608,200,false
609,500,true
610,200,false
611,200,false
612,404,true
613,200,false
614,500,true
615,200,false
616,200,false
617,404,true
618,200,false
619,500,true
620,200,false
621,200,false
622,404,true
623,200,false
624,500,true
625,200,false
626,200,false
627,404,true
628,200,false
629,500,true
630,200,false
631,200,false
632,404,true
633,200,false
634,500,true
635,200,false
636,200,false
637,404,true
638,200,false
639,500,true
640,200,false
641,200,false
642,404,true
643,200,false
644,500,true
645,200,false
646,200,false
647,404,true
648,200,false
649,500,true
650,200,false
651,200,false
652,404,true
653,200,false
654,500,true
655,200,false
656,200,false
657,404,true
658,200,false
659,500,true
660,200,false
661,200,false
662,404,true
663,200,false
664,500,true
665,200,false
666,200,false
667,404,true
668,200,false
669,500,true
670,200,false
671,200,false
672,404,true
673,200,false
674,500,true
675,200,false
676,200,false
677,404,true
678,200,false
679,500,true
680,200,false
681,200,false
682,404,true
683,200,false
684,500,true
685,200,false
686,200,false
687,404,true
688,200,false
689,500,true
690,200,false
691,200,false
692,404,true
693,200,false
694,500,true
695,200,false
696,200,false
697,404,true
698,200,false
699,500,true
700,200,false
701,200,false
702,404,true
703,200,false
704,500,true
705,200,false
706,200,false
707,404,true
708,200,false
709,500,true
710,200,false
711,200,false
712,404,true
713,200,false
714,500,true
715,200,false
716,200,false
717,404,true
718,200,false
719,500,true
720,200,false
721,200,false
722,404,true
723,200,false
724,500,true
725,200,false
726,200,false
727,404,true
728,200,false
729,500,true
730,200,false
731,200,false
732,404,true
733,200,false
734,500,true
735,200,false
736,200,false
737,404,true
738,200,false
739,500,true
740,200,false
741,200,false
742,404,true
743,200,false
744,500,true
745,200,false
746,200,false
747,404,true
748,200,false
749,500,true
750,200,false
751,200,false
752,404,true
753,200,false
754,500,true
755,200,false
756,200,false
757,404,true
758,200,false
759,500,true
760,200,false
761,200,false
762,404,true
763,200,false
764,500,true
765,200,false
766,200,false
767,404,true
768,200,false
769,500,true
770,200,false
771,200,false
772,404,true
773,200,false
774,500,true
775,200,false
776,200,false
777,404,true
778,200,false
779,500,true
780,200,false
781,200,false
782,404,true
783,200,false
784,500,true
785,200,false
786,200,false
787,404,true
788,200,false
789,500,true
790,200,false
791,200,false
792,404,true
793,200,false
794,500,true
795,200,false
796,200,false
797,404,true
798,200,false
799,500,true
800,200,false
801,200,false
802,404,true
803,200,false
804,500,true
805,200,false
806,200,false
807,404,true
808,200,false
809,500,true
810,200,false
811,200,false
812,404,true
813,200,false
814,500,true
815,200,false
816,200,false
817,404,true
818,200,false
819,500,true
820,200,false
821,200,false
822,404,true
823,200,false
824,500,true
825,200,false
826,200,false
827,404,true
828,200,false
829,500,true
830,200,false
831,200,false
832,404,true
833,200,false
834,500,true
835,200,false
836,200,false
837,404,true
838,200,false
839,500,true
840,200,false
841,200,false
842,404,true
843,200,false
844,500,true
845,200,false
846,200,false
847,404,true
848,200,false
849,500,true
850,200,false
851,200,false
852,404,true
853,200,false
854,500,true
855,200,false
856,200,false
857,404,true
858,200,false
859,500,true
860,200,false
861,200,false
862,404,true
863,200,false
864,500,true
865,200,false
866,200,false
867,404,true
868,200,false
869,500,true
870,200,false
871,200,false
872,404,true
873,200,false
874,500,true
875,200,false
876,200,false
877,404,true
878,200,false
879,500,true
880,200,false
881,200,false
882,404,true
883,200,false
884,500,true
885,200,false
886,200,false
887,404,true
888,200,false
889,500,true
890,200,false
891,200,false
892,404,true
893,200,false
894,500,true
895,200,false
896,200,false
897,404,true
898,200,false
899,500,true
900,200,false
901,200,false
902,404,true
903,200,false
904,500,true
905,200,false
906,200,false
907,404,true
908,200,false
909,500,true
910,200,false
911,200,false
912,404,true
913,200,false
914,500,true
915,200,false
916,200,false
917,404,true
918,200,false
919,500,true
920,200,false
921,200,false
922,404,true
923,200,false
924,500,true
925,200,false
926,200,false
927,404,true
928,200,false
929,500,true
930,200,false
931,200,false
932,404,true
933,200,false
934,500,true
935,200,false
936,200,false
937,404,true
938,200,false
939,500,true
940,200,false
941,200,false
942,404,true
943,200,false
944,500,true
945,200,false
946,200,false
947,404,true
948,200,false
949,500,true
950,200,false
951,200,false
952,404,true
953,200,false
954,500,true
955,200,false
956,200,false
957,404,true
958,200,false
959,500,true
960,200,false
961,200,false
962,404,true
963,200,false
964,500,true
965,200,false
966,200,false
967,404,true
968,200,false
969,500,true
970,200,false
971,200,false
972,404,true
973,200,false
974,500,true
975,200,false
976,200,false
977,404,true
978,200,false
979,500,true
980,200,false
981,200,false
982,404,true
983,200,false
984,500,true
985,200,false
986,200,false
987,404,true
988,200,false
989,500,true
990,200,false
991,200,false
992,404,true
993,200,false
994,500,true
995,200,false
996,200,false
997,404,true
998,200,false
999,500,true
1000,200,false
1001,200,false
1002,404,true
1003,200,false
1004,500,true
1005,200,false
1006,200,false
1007,404,true
1008,200,false
1009,500,true
1010,200,false
1011,200,false
1012,404,true
1013,200,false
1014,500,true
1015,200,false
1016,200,false
1017,404,true
1018,200,false
1019,500,true
1020,200,false
1021,200,false
1022,404,true
1023,200,false
1024,500,true
1025,200,false
1026,200,false
1027,404,true
1028,200,false
1029,500,true
1030,200,false
1031,200,false
1032,404,true
1033,200,false
1034,500,true
1035,200,false
1036,200,false
1037,404,true
1038,200,false
1039,500,true
1040,200,false
1041,200,false
1042,404,true
1043,200,false
1044,500,true
1045,200,false
1046,200,false
1047,404,true
1048,200,false
1049,500,true
1050,200,false
1051,200,false
1052,404,true
1053,200,false
1054,500,true
1055,200,false
1056,200,false
1057,404,true
1058,200,false
1059,500,true
1060,200,false
1061,200,false
1062,404,true
1063,200,false
1064,500,true
1065,200,false
1066,200,false
1067,404,true
1068,200,false
1069,500,true
1070,200,false
1071,200,false
1072,404,true
1073,200,false
1074,500,true
1075,200,false
1076,200,false
1077,404,true
1078,200,false
1079,500,true
1080,200,false
1081,200,false
1082,404,true
1083,200,false
1084,500,true
1085,200,false
1086,200,false
1087,404,true
1088,200,false
1089,500,true
1090,200,false
1091,200,false
1092,404,true
1093,200,false
1094,500,true
1095,200,false
1096,200,false
1097,404,true
1098,200,false
1099,500,true
1100,200,false
1101,200,false
1102,404,true
1103,200,false
1104,500,true
1105,200,false
1106,200,false
1107,404,true
1108,200,false
1109,500,true
1110,200,false
1111,200,false
1112,404,true
1113,200,false
1114,500,true
1115,200,false
1116,200,false
1117,404,true
1118,200,false
1119,500,true
1120,200,false
1121,200,false
1122,404,true
1123,200,false
1124,500,true
1125,200,false
1126,200,false
1127,404,true
1128,200,false
1129,500,true
1130,200,false
1131,200,false
1132,404,true
1133,200,false
1134,500,true
1135,200,false
1136,200,false
1137,404,true
1138,200,false
1139,500,true
1140,200,false
1141,200,false
1142,404,true
1143,200,false
1144,500,true
1145,200,false
1146,200,false
1147,404,true
1148,200,false
1149,500,true
1150,200,false
1151,200,false
1152,404,true
1153,200,false
1154,500,true
1155,200,false
1156,200,false
1157,404,true
1158,200,false
1159,500,true
1160,200,false
1161,200,false
1162,404,true
1163,200,false
1164,500,true
1165,200,false
1166,200,false
1167,404,true
1168,200,false
1169,500,true
1170,200,false
1171,200,false
1172,404,true
1173,200,false
1174,500,true
1175,200,false
1176,200,false
1177,404,true
1178,200,false
1179,500,true
1180,200,false
1181,200,false
1182,404,true
1183,200,false
1184,500,true
1185,200,false
1186,200,false
1187,404,true
1188,200,false
1189,500,true
1190,200,false
1191,200,false
1192,404,true
1193,200,false
1194,500,true
1195,200,false
1196,200,false
1197,404,true
1198,200,false
1199,500,true
1200,200,false
1201,200,false
1202,404,true
1203,200,false
1204,500,true
1205,200,false
1206,200,false
1207,404,true
1208,200,false
1209,500,true
1210,200,false
1211,200,false
1212,404,true
1213,200,false
1214,500,true
1215,200,false
1216,200,false
1217,404,true
1218,200,false
1219,500,true
1220,200,false
1221,200,false
1222,404,true
1223,200,false
1224,500,true
1225,200,false
1226,200,false
1227,404,true
1228,200,false
1229,500,true
1230,200,false
1231,200,false
1232,404,true
1233,200,false
1234,500,true
1235,200,false
1236,200,false
1237,404,true
1238,200,false
1239,500,true
1240,200,false
1241,200,false
1242,404,true
1243,200,false
1244,500,true
1245,200,false
1246,200,false
1247,404,true
1248,200,false
1249,500,true
1250,200,false
1251,200,false
1252,404,true
1253,200,false
1254,500,true
1255,200,false
1256,200,false
1257,404,true
1258,200,false
1259,500,true
1260,200,false
1261,200,false
1262,404,true
1263,200,false
1264,500,true
1265,200,false
1266,200,false
1267,404,true
1268,200,false
1269,500,true
1270,200,false
1271,200,false
1272,404,true
1273,200,false
1274,500,true
1275,200,false
1276,200,false
1277,404,true
1278,200,false
1279,500,true
1280,200,false
1281,200,false
1282,404,true
1283,200,false
1284,500,true
1285,200,false
1286,200,false
1287,404,true
1288,200,false
1289,500,true
1290,200,false
1291,200,false
1292,404,true
1293,200,false
1294,500,true
1295,200,false
1296,200,false
1297,404,true
1298,200,false
1299,500,true
1300,200,false
1301,200,false
1302,404,true
1303,200,false
1304,500,true
1305,200,false
1306,200,false
1307,404,true
1308,200,false
1309,500,true
1310,200,false
1311,200,false
1312,404,true
1313,200,false
1314,500,true
1315,200,false
1316,200,false
1317,404,true
1318,200,false
1319,500,true
1320,200,false
1321,200,false
1322,404,true
1323,200,false
1324,500,true
1325,200,false
1326,200,false
1327,404,true
1328,200,false
1329,500,true
1330,200,false
1331,200,false
1332,404,true
1333,200,false
1334,500,true
1335,200,false
1336,200,false
1337,404,true
1338,200,false
1339,500,true
1340,200,false
1341,200,false
1342,404,true
1343,200,false
1344,500,true
1345,200,false
1346,200,false
1347,404,true
1348,200,false
1349,500,true
1350,200,false
1351,200,false
1352,404,true
1353,200,false
1354,500,true
1355,200,false
1356,200,false
1357,404,true
1358,200,false
1359,500,true
1360,200,false
1361,200,false
1362,404,true
1363,200,false
1364,500,true
1365,200,false
1366,200,false
1367,404,true
1368,200,false
1369,500,true
1370,200,false
1371,200,false
1372,404,true
1373,200,false
1374,500,true
1375,200,false
1376,200,false
1377,404,true
1378,200,false
1379,500,true
1380,200,false
1381,200,false
1382,404,true
1383,200,false
1384,500,true
1385,200,false
1386,200,false
1387,404,true
1388,200,false
1389,500,true
1390,200,false
1391,200,false
1392,404,true
1393,200,false
1394,500,true
1395,200,false
1396,200,false
1397,404,true
1398,200,false
1399,500,true
1400,200,false
1401,200,false
1402,404,true
1403,200,false
1404,500,true
1405,200,false
1406,200,false
1407,404,true
1408,200,false
1409,500,true
1410,200,false
1411,200,false
1412,404,true
1413,200,false
1414,500,true
1415,200,false
1416,200,false
1417,404,true
1418,200,false
1419,500,true
1420,200,false
1421,200,false
1422,404,true
1423,200,false
1424,500,true
1425,200,false
1426,200,false
1427,404,true
1428,200,false
1429,500,true
1430,200,false
1431,200,false
1432,404,true
1433,200,false
1434,500,true
1435,200,false
1436,200,false
1437,404,true
1438,200,false
1439,500,true
1440,200,false
1441,200,false
1442,404,true
1443,200,false
1444,500,true
1445,200,false
1446,200,false
1447,404,true
1448,200,false
1449,500,true
1450,200,false
1451,200,false
1452,404,true
1453,200,false
1454,500,true
1455,200,false
1456,200,false
1457,404,true
1458,200,false
1459,500,true
1460,200,false
1461,200,false
1462,404,true
1463,200,false
1464,500,true
1465,200,false
1466,200,false
1467,404,true
1468,200,false
1469,500,true
1470,200,false
1471,200,false
1472,404,true
1473,200,false
1474,500,true
1475,200,false
1476,200,false
1477,404,true
1478,200,false
1479,500,true
1480,200,false
1481,200,false
1482,404,true
1483,200,false
1484,500,true
1485,200,false
1486,200,false
1487,404,true
1488,200,false
1489,500,true
1490,200,false
1491,200,false
1492,404,true
1493,200,false
1494,500,true
1495,200,false
1496,200,false
1497,404,true
1498,200,false
1499,500,true
1500,200,false
1501,200,false
1502,404,true
1503,200,false
1504,500,true
1505,200,false
1506,200,false
1507,404,true
1508,200,false
1509,500,true
1510,200,false
1511,200,false
1512,404,true
1513,200,false
1514,500,true
1515,200,false
1516,200,false
1517,404,true
1518,200,false
1519,500,true
1520,200,false
1521,200,false
1522,404,true
1523,200,false
1524,500,true
1525,200,false
1526,200,false
1527,404,true
1528,200,false
1529,500,true
1530,200,false
1531,200,false
1532,404,true
1533,200,false
1534,500,true
1535,200,false
1536,200,false
1537,404,true
1538,200,false
1539,500,true
1540,200,false
1541,200,false
1542,404,true
1543,200,false
1544,500,true
1545,200,false
1546,200,false
1547,404,true
1548,200,false
1549,500,true
1550,200,false
1551,200,false
1552,404,true
1553,200,false
1554,500,true
1555,200,false
1556,200,false
1557,404,true
1558,200,false
1559,500,true
1560,200,false
1561,200,false
1562,404,true
1563,200,false
1564,500,true
1565,200,false
1566,200,false
1567,404,true
1568,200,false
1569,500,true
1570,200,false
1571,200,false
1572,404,true
1573,200,false
1574,500,true
1575,200,false
1576,200,false
1577,404,true
1578,200,false
1579,500,true
1580,200,false
1581,200,false
1582,404,true
1583,200,false
1584,500,true
1585,200,false
1586,200,false
1587,404,true
1588,200,false
1589,500,true
1590,200,false
1591,200,false
1592,404,true
1593,200,false
1594,500,true
1595,200,false
1596,200,false
1597,404,true
1598,200,false
1599,500,true
1600,200,false
1601,200,false
1602,404,true
1603,200,false
1604,500,true
1605,200,false
1606,200,false
1607,404,true
1608,200,false
1609,500,true
1610,200,false
1611,200,false
1612,404,true
1613,200,false
1614,500,true
1615,200,false
1616,200,false
1617,404,true
1618,200,false
1619,500,true
1620,200,false
1621,200,false
1622,404,true
1623,200,false
1624,500,true
1625,200,false
1626,200,false
1627,404,true
1628,200,false
1629,500,true
1630,200,false
1631,200,false
1632,404,true
1633,200,false
1634,500,true
1635,200,false
1636,200,false
1637,404,true
1638,200,false
1639,500,true
1640,200,false
1641,200,false
1642,404,true
1643,200,false
1644,500,true
1645,200,false
1646,200,false
1647,404,true
1648,200,false
1649,500,true
1650,200,false
1651,200,false
1652,404,true
1653,200,false
1654,500,true
1655,200,false
1656,200,false
1657,404,true
1658,200,false
1659,500,true
1660,200,false
1661,200,false
1662,404,true
1663,200,false
1664,500,true
1665,200,false
1666,200,false
1667,404,true
1668,200,false
1669,500,true
1670,200,false
1671,200,false
1672,404,true
1673,200,false
1674,500,true
1675,200,false
1676,200,false
1677,404,true
1678,200,false
1679,500,true
1680,200,false
1681,200,false
1682,404,true
1683,200,false
1684,500,true
1685,200,false
1686,200,false
1687,404,true
1688,200,false
1689,500,true
1690,200,false
1691,200,false
1692,404,true
1693,200,false
1694,500,true
1695,200,false
1696,200,false
1697,404,true
1698,200,false
1699,500,true
1700,200,false
1701,200,false
1702,404,true
1703,200,false
1704,500,true
1705,200,false
1706,200,false
1707,404,true
1708,200,false
1709,500,true
1710,200,false
1711,200,false
1712,404,true
1713,200,false
1714,500,true
1715,200,false
1716,200,false
1717,404,true
1718,200,false
1719,500,true
1720,200,false
1721,200,false
1722,404,true
1723,200,false
1724,500,true
1725,200,false
1726,200,false
1727,404,true
1728,200,false
1729,500,true
1730,200,false
1731,200,false
1732,404,true
1733,200,false
1734,500,true
1735,200,false
1736,200,false
1737,404,true
1738,200,false
1739,500,true
1740,200,false
1741,200,false
1742,404,true
1743,200,false
1744,500,true
1745,200,false
1746,200,false
1747,404,true
1748,200,false
1749,500,true
1750,200,false
1751,200,false
1752,404,true
1753,200,false
1754,500,true
1755,200,false
1756,200,false
1757,404,true
1758,200,false
1759,500,true
1760,200,false
1761,200,false
1762,404,true
1763,200,false
1764,500,true
1765,200,false
1766,200,false
1767,404,true
1768,200,false
1769,500,true
1770,200,false
1771,200,false
1772,404,true
1773,200,false
1774,500,true
1775,200,false
1776,200,false
1777,404,true
1778,200,false
1779,500,true
1780,200,false
1781,200,false
1782,404,true
1783,200,false
1784,500,true
1785,200,false
1786,200,false
1787,404,true
1788,200,false
1789,500,true
1790,200,false
1791,200,false
1792,404,true
1793,200,false
1794,500,true
1795,200,false
1796,200,false
1797,404,true
1798,200,false
1799,500,true
1800,200,false
1801,200,false
1802,404,true
1803,200,false
1804,500,true
1805,200,false
1806,200,false
1807,404,true
1808,200,false
1809,500,true
1810,200,false
1811,200,false
1812,404,true
1813,200,false
1814,500,true
1815,200,false
1816,200,false
1817,404,true
1818,200,false
1819,500,true
1820,200,false
1821,200,false
1822,404,true
1823,200,false
1824,500,true
1825,200,false
1826,200,false
1827,404,true
1828,200,false
1829,500,true
1830,200,false
1831,200,false
1832,404,true
1833,200,false
1834,500,true
1835,200,false
1836,200,false
1837,404,true
1838,200,false
1839,500,true
1840,200,false
1841,200,false
1842,404,true
1843,200,false
1844,500,true
1845,200,false
1846,200,false
1847,404,true
1848,200,false
1849,500,true
1850,200,false
1851,200,false
1852,404,true
1853,200,false
1854,500,true
1855,200,false
1856,200,false
1857,404,true
1858,200,false
1859,500,true
1860,200,false
1861,200,false
1862,404,true
1863,200,false
1864,500,true
1865,200,false
1866,200,false
1867,404,true
1868,200,false
1869,500,true
1870,200,false
1871,200,false
1872,404,true
1873,200,false
1874,500,true
1875,200,false
1876,200,false
1877,404,true
1878,200,false
1879,500,true
1880,200,false
1881,200,false
1882,404,true
1883,200,false
1884,500,true
1885,200,false
1886,200,false
1887,404,true
1888,200,false
1889,500,true
1890,200,false
1891,200,false
1892,404,true
1893,200,false
1894,500,true
1895,200,false
1896,200,false
1897,404,true
1898,200,false
1899,500,true
1900,200,false
1901,200,false
1902,404,true
1903,200,false
1904,500,true
1905,200,false
1906,200,false
1907,404,true
1908,200,false
1909,500,true
1910,200,false
1911,200,false
1912,404,true
1913,200,false
1914,500,true
1915,200,false
1916,200,false
1917,404,true
1918,200,false
1919,500,true
1920,200,false
1921,200,false
1922,404,true
1923,200,false
1924,500,true
1925,200,false
1926,200,false
1927,404,true
1928,200,false
1929,500,true
1930,200,false
1931,200,false
1932,404,true
1933,200,false
1934,500,true
1935,200,false
1936,200,false
1937,404,true
1938,200,false
1939,500,true
1940,200,false
1941,200,false
1942,404,true
1943,200,false
1944,500,true
1945,200,false
1946,200,false
1947,404,true
1948,200,false
1949,500,true
1950,200,false
1951,200,false
1952,404,true
1953,200,false
1954,500,true
1955,200,false
1956,200,false
1957,404,true
1958,200,false
1959,500,true
1960,200,false
1961,200,false
1962,404,true
1963,200,false
1964,500,true
1965,200,false
1966,200,false
1967,404,true
1968,200,false
1969,500,true
1970,200,false
1971,200,false
1972,404,true
1973,200,false
1974,500,true
1975,200,false
1976,200,false
1977,404,true
1978,200,false
1979,500,true
1980,200,false
1981,200,false
1982,404,true
1983,200,false
1984,500,true
1985,200,false
1986,200,false
1987,404,true
1988,200,false
1989,500,true
1990,200,false
1991,200,false
1992,404,true
1993,200,false
1994,500,true
1995,200,false
1996,200,false
1997,404,true
1998,200,false
1999,500,true
2000,200,false
2001,200,false
2002,404,true
2003,200,false
2004,500,true
2005,200,false
2006,200,false
2007,404,true
2008,200,false
2009,500,true
2010,200,false
2011,200,false
2012,404,true
2013,200,false
2014,500,true
2015,200,false
2016,200,false
2017,404,true
2018,200,false
2019,500,true
2020,200,false
2021,200,false
2022,404,true
2023,200,false
2024,500,true
2025,200,false
2026,200,false
2027,404,true
2028,200,false
2029,500,true
2030,200,false
2031,200,false
2032,404,true
2033,200,false
2034,500,true
2035,200,false
2036,200,false
2037,404,true
2038,200,false
2039,500,true
2040,200,false
2041,200,false
2042,404,true
2043,200,false
2044,500,true
2045,200,false
2046,200,false
2047,404,true
2048,200,false
2049,500,true
2050,200,false
2051,200,false
2052,404,true
2053,200,false
2054,500,true
2055,200,false
2056,200,false
2057,404,true
2058,200,false
2059,500,true
2060,200,false
2061,200,false
2062,404,true
2063,200,false
2064,500,true
2065,200,false
2066,200,false
2067,404,true
2068,200,false
2069,500,true
2070,200,false
2071,200,false
2072,404,true
2073,200,false
2074,500,true
2075,200,false
2076,200,false
2077,404,true
2078,200,false
2079,500,true
2080,200,false
2081,200,false
2082,404,true
2083,200,false
2084,500,true
2085,200,false
2086,200,false
2087,404,true
2088,200,false
2089,500,true
2090,200,false
2091,200,false
2092,404,true
2093,200,false
2094,500,true
2095,200,false
2096,200,false
2097,404,true
2098,200,false
2099,500,true
2100,200,false
2101,200,false
2102,404,true
2103,200,false
2104,500,true
2105,200,false
2106,200,false
2107,404,true
2108,200,false
2109,500,true
2110,200,false
2111,200,false
2112,404,true
2113,200,false
2114,500,true
2115,200,false
2116,200,false
2117,404,true
2118,200,false
2119,500,true
2120,200,false
2121,200,false
2122,404,true
2123,200,false
2124,500,true
2125,200,false
2126,200,false
2127,404,true
2128,200,false
2129,500,true
2130,200,false
2131,200,false
2132,404,true
2133,200,false
2134,500,true
2135,200,false
2136,200,false
2137,404,true
2138,200,false
2139,500,true
2140,200,false
2141,200,false
2142,404,true
2143,200,false
2144,500,true
2145,200,false
2146,200,false
2147,404,true
2148,200,false
2149,500,true
2150,200,false
2151,200,false
2152,404,true
2153,200,false
2154,500,true
2155,200,false
2156,200,false
2157,404,true
2158,200,false
2159,500,true
2160,200,false
2161,200,false
2162,404,true
2163,200,false
2164,500,true
2165,200,false
2166,200,false
2167,404,true
2168,200,false
2169,500,true
2170,200,false
2171,200,false
2172,404,true
2173,200,false
2174,500,true
2175,200,false
2176,200,false
2177,404,true
2178,200,false
2179,500,true
2180,200,false
2181,200,false
2182,404,true
2183,200,false
2184,500,true
2185,200,false
2186,200,false
2187,404,true
2188,200,false
2189,500,true
2190,200,false
2191,200,false
2192,404,true
2193,200,false
2194,500,true
2195,200,false
2196,200,false
2197,404,true
2198,200,false
2199,500,true
2200,200,false
2201,200,false
2202,404,true
2203,200,false
2204,500,true
2205,200,false
2206,200,false
2207,404,true
2208,200,false
2209,500,true
2210,200,false
2211,200,false
2212,404,true
2213,200,false
2214,500,true
2215,200,false
2216,200,false
2217,404,true
2218,200,false
2219,500,true
2220,200,false
2221,200,false
2222,404,true
2223,200,false
2224,500,true
2225,200,false
2226,200,false
2227,404,true
2228,200,false
2229,500,true
2230,200,false
2231,200,false
2232,404,true
2233,200,false
2234,500,true
2235,200,false
2236,200,false
2237,404,true
2238,200,false
2239,500,true
2240,200,false
2241,200,false
2242,404,true
2243,200,false
2244,500,true
2245,200,false
2246,200,false
2247,404,true
2248,200,false
2249,500,true
2250,200,false
2251,200,false
2252,404,true
2253,200,false
2254,500,true
2255,200,false
2256,200,false
2257,404,true
2258,200,false
2259,500,true
2260,200,false
2261,200,false
2262,404,true
2263,200,false
2264,500,true
2265,200,false
2266,200,false
2267,404,true
2268,200,false
2269,500,true
2270,200,false
2271,200,false
2272,404,true
2273,200,false
2274,500,true
2275,200,false
2276,200,false
2277,404,true
2278,200,false
2279,500,true
2280,200,false
2281,200,false
2282,404,true
2283,200,false
2284,500,true
2285,200,false
2286,200,false
2287,404,true
2288,200,false
2289,500,true
2290,200,false
2291,200,false
2292,404,true
2293,200,false
2294,500,true
2295,200,false
2296,200,false
2297,404,true
2298,200,false
2299,500,true
2300,200,false
2301,200,false
2302,404,true
2303,200,false
2304,500,true
2305,200,false
2306,200,false
2307,404,true
2308,200,false
2309,500,true
2310,200,false
2311,200,false
2312,404,true
2313,200,false
2314,500,true
2315,200,false
2316,200,false
2317,404,true
2318,200,false
2319,500,true
2320,200,false
2321,200,false
2322,404,true
2323,200,false
2324,500,true
2325,200,false
2326,200,false
2327,404,true
2328,200,false
2329,500,true
2330,200,false
2331,200,false
2332,404,true
2333,200,false
2334,500,true
2335,200,false
2336,200,false
2337,404,true
2338,200,false
2339,500,true
2340,200,false
2341,200,false
2342,404,true
2343,200,false
2344,500,true
2345,200,false
2346,200,false
2347,404,true
2348,200,false
2349,500,true
2350,200,false
2351,200,false
2352,404,true
2353,200,false
2354,500,true
2355,200,false
2356,200,false
2357,404,true
2358,200,false
2359,500,true
2360,200,false
2361,200,false
2362,404,true
2363,200,false
2364,500,true
2365,200,false
2366,200,false
2367,404,true
2368,200,false
2369,500,true
2370,200,false
2371,200,false
2372,404,true
2373,200,false
2374,500,true
2375,200,false
2376,200,false
2377,404,true
2378,200,false
2379,500,true
2380,200,false
2381,200,false
2382,404,true
2383,200,false
2384,500,true
2385,200,false
2386,200,false
2387,404,true
2388,200,false
2389,500,true
2390,200,false
2391,200,false
2392,404,true
2393,200,false
2394,500,true
2395,200,false
2396,200,false
2397,404,true
2398,200,false
2399,500,true
2400,200,false
2401,200,false
2402,404,true
2403,200,false
2404,500,true
2405,200,false
2406,200,false
2407,404,true
2408,200,false
2409,500,true
2410,200,false
2411,200,false
2412,404,true
2413,200,false
2414,500,true
2415,200,false
2416,200,false
2417,404,true
2418,200,false
2419,500,true
2420,200,false
2421,200,false
2422,404,true
2423,200,false
2424,500,true
2425,200,false
2426,200,false
2427,404,true
2428,200,false
2429,500,true
2430,200,false
2431,200,false
2432,404,true
2433,200,false
2434,500,true
2435,200,false
2436,200,false
2437,404,true
2438,200,false
2439,500,true
2440,200,false
2441,200,false
2442,404,true
2443,200,false
2444,500,true
2445,200,false
2446,200,false
2447,404,true
2448,200,false
2449,500,true
2450,200,false
2451,200,false
2452,404,true
2453,200,false
2454,500,true
2455,200,false
2456,200,false
2457,404,true
2458,200,false
2459,500,true
2460,200,false
2461,200,false
2462,404,true
2463,200,false
2464,500,true
2465,200,false
2466,200,false
2467,404,true
2468,200,false
2469,500,true
2470,200,false
2471,200,false
2472,404,true
2473,200,false
2474,500,true
2475,200,false
2476,200,false
2477,404,true
2478,200,false
2479,500,true
2480,200,false
2481,200,false
2482,404,true
2483,200,false
2484,500,true
2485,200,false
2486,200,false
2487,404,true
2488,200,false
2489,500,true
2490,200,false
2491,200,false
2492,404,true
2493,200,false
2494,500,true
2495,200,false
2496,200,false
2497,404,true
2498,200,false
2499,500,true
2500,200,false
2501,200,false
2502,404,true
2503,200,false
2504,500,true
2505,200,false
2506,200,false
2507,404,true
2508,200,false
2509,500,true
2510,200,false
2511,200,false
2512,404,true
2513,200,false
2514,500,true
2515,200,false
2516,200,false
2517,404,true
2518,200,false
2519,500,true
2520,200,false
2521,200,false
2522,404,true
2523,200,false
2524,500,true
2525,200,false
2526,200,false
2527,404,true
2528,200,false
2529,500,true
2530,200,false
2531,200,false
2532,404,true
2533,200,false
2534,500,true
2535,200,false
2536,200,false
2537,404,true
2538,200,false
2539,500,true
2540,200,false
2541,200,false
2542,404,true
2543,200,false
2544,500,true
2545,200,false
2546,200,false
2547,404,true
2548,200,false
2549,500,true
2550,200,false
2551,200,false
2552,404,true
2553,200,false
2554,500,true
2555,200,false
2556,200,false
2557,404,true
2558,200,false
2559,500,true
2560,200,false
2561,200,false
2562,404,true
2563,200,false
2564,500,true
2565,200,false
2566,200,false
2567,404,true
2568,200,false
2569,500,true
2570,200,false
2571,200,false
2572,404,true
2573,200,false
2574,500,true
2575,200,false
2576,200,false
2577,404,true
2578,200,false
2579,500,true
2580,200,false
2581,200,false
2582,404,true
2583,200,false
2584,500,true
2585,200,false
2586,200,false
2587,404,true
2588,200,false
2589,500,true
2590,200,false
2591,200,false
2592,404,true
2593,200,false
2594,500,true
2595,200,false
2596,200,false
2597,404,true
2598,200,false
2599,500,true
2600,200,false
2601,200,false
2602,404,true
2603,200,false
2604,500,true
2605,200,false
2606,200,false
2607,404,true
2608,200,false
2609,500,true
2610,200,false
2611,200,false
2612,404,true
2613,200,false
2614,500,true
2615,200,false
2616,200,false
2617,404,true
2618,200,false
2619,500,true
2620,200,false
2621,200,false
2622,404,true
2623,200,false
2624,500,true
2625,200,false
2626,200,false
2627,404,true
2628,200,false
2629,500,true
2630,200,false
2631,200,false
2632,404,true
2633,200,false
2634,500,true
2635,200,false
2636,200,false
2637,404,true
2638,200,false
2639,500,true
2640,200,false
2641,200,false
2642,404,true
2643,200,false
2644,500,true
2645,200,false
2646,200,false
2647,404,true
2648,200,false
2649,500,true
2650,200,false
2651,200,false
2652,404,true
2653,200,false
2654,500,true
2655,200,false
2656,200,false
2657,404,true
2658,200,false
2659,500,true
2660,200,false
2661,200,false
2662,404,true
2663,200,false
2664,500,true
2665,200,false
2666,200,false
2667,404,true
2668,200,false
2669,500,true
2670,200,false
2671,200,false
2672,404,true
2673,200,false
2674,500,true
2675,200,false
2676,200,false
2677,404,true
2678,200,false
2679,500,true
2680,200,false
2681,200,false
2682,404,true
2683,200,false
2684,500,true
2685,200,false
2686,200,false
2687,404,true
2688,200,false
2689,500,true
2690,200,false
2691,200,false
2692,404,true
2693,200,false
2694,500,true
2695,200,false
2696,200,false
2697,404,true
2698,200,false
2699,500,true
2700,200,false
2701,200,false
2702,404,true
2703,200,false
2704,500,true
2705,200,false
2706,200,false
2707,404,true
2708,200,false
2709,500,true
2710,200,false
2711,200,false
2712,404,true
2713,200,false
2714,500,true
2715,200,false
2716,200,false
2717,404,true
2718,200,false
2719,500,true
2720,200,false
2721,200,false
2722,404,true
2723,200,false
2724,500,true
2725,200,false
2726,200,false
2727,404,true
2728,200,false
2729,500,true
2730,200,false
2731,200,false
2732,404,true
2733,200,false
2734,500,true
2735,200,false
2736,200,false
2737,404,true
2738,200,false
2739,500,true
2740,200,false
2741,200,false
2742,404,true
2743,200,false
2744,500,true
2745,200,false
2746,200,false
2747,404,true
2748,200,false
2749,500,true
2750,200,false
2751,200,false
2752,404,true
2753,200,false
2754,500,true
2755,200,false
2756,200,false
2757,404,true
2758,200,false
2759,500,true
2760,200,false
2761,200,false
2762,404,true
2763,200,false
2764,500,true
2765,200,false
2766,200,false
2767,404,true
2768,200,false
2769,500,true
2770,200,false
2771,200,false
2772,404,true
2773,200,false
2774,500,true
2775,200,false
2776,200,false
2777,404,true
2778,200,false
2779,500,true
2780,200,false
2781,200,false
2782,404,true
2783,200,false
2784,500,true
2785,200,false
2786,200,false
2787,404,true
2788,200,false
2789,500,true
2790,200,false
2791,200,false
2792,404,true
2793,200,false
2794,500,true
2795,200,false
2796,200,false
2797,404,true
2798,200,false
2799,500,true
2800,200,false
2801,200,false
2802,404,true
2803,200,false
2804,500,true
2805,200,false
2806,200,false
2807,404,true
2808,200,false
2809,500,true
2810,200,false
2811,200,false
2812,404,true
2813,200,false
2814,500,true
2815,200,false
2816,200,false
2817,404,true
2818,200,false
2819,500,true
2820,200,false
2821,200,false
2822,404,true
2823,200,false
2824,500,true
2825,200,false
2826,200,false
2827,404,true
2828,200,false
2829,500,true
2830,200,false
2831,200,false
2832,404,true
2833,200,false
2834,500,true
2835,200,false
2836,200,false
2837,404,true
2838,200,false
2839,500,true
2840,200,false
2841,200,false
2842,404,true
2843,200,false
2844,500,true
2845,200,false
2846,200,false
2847,404,true
2848,200,false
2849,500,true
2850,200,false
2851,200,false
2852,404,true
2853,200,false
2854,500,true
2855,200,false
2856,200,false
2857,404,true
2858,200,false
2859,500,true
2860,200,false
2861,200,false
2862,404,true
2863,200,false
2864,500,true
2865,200,false
2866,200,false
2867,404,true
2868,200,false
2869,500,true
2870,200,false
2871,200,false
2872,404,true
2873,200,false
2874,500,true
2875,200,false
2876,200,false
2877,404,true
2878,200,false
2879,500,true
2880,200,false
2881,200,false
2882,404,true
2883,200,false
2884,500,true
2885,200,false
2886,200,false
2887,404,true
2888,200,false
2889,500,true
2890,200,false
2891,200,false
2892,404,true
2893,200,false
2894,500,true
2895,200,false
2896,200,false
2897,404,true
2898,200,false
2899,500,true
2900,200,false
2901,200,false
2902,404,true
2903,200,false
2904,500,true
2905,200,false
2906,200,false
2907,404,true
2908,200,false
2909,500,true
2910,200,false
2911,200,false
2912,404,true
2913,200,false
2914,500,true
2915,200,false
2916,200,false
2917,404,true
2918,200,false
2919,500,true
2920,200,false
2921,200,false
2922,404,true
2923,200,false
2924,500,true
2925,200,false
2926,200,false
2927,404,true
2928,200,false
2929,500,true
2930,200,false
2931,200,false
2932,404,true
2933,200,false
2934,500,true
2935,200,false
2936,200,false
2937,404,true
2938,200,false
2939,500,true
2940,200,false
2941,200,false
2942,404,true
2943,200,false
2944,500,true
2945,200,false
2946,200,false
2947,404,true
2948,200,false
2949,500,true
2950,200,false
2951,200,false
2952,404,true
2953,200,false
2954,500,true
2955,200,false
2956,200,false
2957,404,true
2958,200,false
2959,500,true
2960,200,false
2961,200,false
2962,404,true
2963,200,false
2964,500,true
2965,200,false
2966,200,false
2967,404,true
2968,200,false
2969,500,true
2970,200,false
2971,200,false
2972,404,true
2973,200,false
2974,500,true
2975,200,false
2976,200,false
2977,404,true
2978,200,false
2979,500,true
2980,200,false
2981,200,false
2982,404,true
2983,200,false
2984,500,true
2985,200,false
2986,200,false
2987,404,true
2988,200,false
2989,500,true
2990,200,false
2991,200,false
2992,404,true
2993,200,false
2994,500,true
2995,200,false
2996,200,false
2997,404,true
2998,200,false
2999,500,true
3000,200,false
3001,200,false
3002,404,true
3003,200,false
3004,500,true
3005,200,false
3006,200,false
3007,404,true
3008,200,false
3009,500,true
3010,200,false
3011,200,false
3012,404,true
3013,200,false
3014,500,true
3015,200,false
3016,200,false
3017,404,true
3018,200,false
3019,500,true
3020,200,false
3021,200,false
3022,404,true
3023,200,false
3024,500,true
3025,200,false
3026,200,false
3027,404,true
3028,200,false
3029,500,true
3030,200,false
3031,200,false
3032,404,true
3033,200,false
3034,500,true
3035,200,false
3036,200,false
3037,404,true
3038,200,false
3039,500,true
3040,200,false
3041,200,false
3042,404,true
3043,200,false
3044,500,true
3045,200,false
3046,200,false
3047,404,true
3048,200,false
3049,500,true
3050,200,false
3051,200,false
3052,404,true
3053,200,false
3054,500,true
3055,200,false
3056,200,false
3057,404,true
3058,200,false
3059,500,true
3060,200,false
3061,200,false
3062,404,true
3063,200,false
3064,500,true
3065,200,false
3066,200,false
3067,404,true
3068,200,false
3069,500,true
3070,200,false
3071,200,false
3072,404,true
3073,200,false
3074,500,true
3075,200,false
3076,200,false
3077,404,true
3078,200,false
3079,500,true
3080,200,false
3081,200,false
3082,404,true
3083,200,false
3084,500,true
3085,200,false
3086,200,false
3087,404,true
3088,200,false
3089,500,true
3090,200,false
3091,200,false
3092,404,true
3093,200,false
3094,500,true
3095,200,false
3096,200,false
3097,404,true
3098,200,false
3099,500,true
3100,200,false
3101,200,false
3102,404,true
3103,200,false
3104,500,true
3105,200,false
3106,200,false
3107,404,true
3108,200,false
3109,500,true
3110,200,false
3111,200,false
3112,404,true
3113,200,false
3114,500,true
3115,200,false
3116,200,false
3117,404,true
3118,200,false
3119,500,true
3120,200,false
3121,200,false
3122,404,true
3123,200,false
3124,500,true
3125,200,false
3126,200,false
3127,404,true
3128,200,false
3129,500,true
3130,200,false
3131,200,false
3132,404,true
3133,200,false
3134,500,true
3135,200,false
3136,200,false
3137,404,true
3138,200,false
3139,500,true
3140,200,false
3141,200,false
3142,404,true
3143,200,false
3144,500,true
3145,200,false
3146,200,false
3147,404,true
3148,200,false
3149,500,true
3150,200,false
3151,200,false
3152,404,true
3153,200,false
3154,500,true
3155,200,false
3156,200,false
3157,404,true
3158,200,false
3159,500,true
3160,200,false
3161,200,false
3162,404,true
3163,200,false
3164,500,true
3165,200,false
3166,200,false
3167,404,true
3168,200,false
3169,500,true
3170,200,false
3171,200,false
3172,404,true
3173,200,false
3174,500,true
3175,200,false
3176,200,false
3177,404,true
3178,200,false
3179,500,true
3180,200,false
3181,200,false
3182,404,true
3183,200,false
3184,500,true
3185,200,false
3186,200,false
3187,404,true
3188,200,false
3189,500,true
3190,200,false
3191,200,false
3192,404,true
3193,200,false
3194,500,true
3195,200,false
3196,200,false
3197,404,true
3198,200,false
3199,500,true
3200,200,false
3201,200,false
3202,404,true
3203,200,false
3204,500,true
3205,200,false
3206,200,false
3207,404,true
3208,200,false
3209,500,true
3210,200,false
3211,200,false
3212,404,true
3213,200,false
3214,500,true
3215,200,false
3216,200,false
3217,404,true
3218,200,false
3219,500,true
3220,200,false
3221,200,false
3222,404,true
3223,200,false
3224,500,true
3225,200,false
3226,200,false
3227,404,true
3228,200,false
3229,500,true
3230,200,false
3231,200,false
3232,404,true
3233,200,false
3234,500,true
3235,200,false
3236,200,false
3237,404,true
3238,200,false
3239,500,true
3240,200,false
3241,200,false
3242,404,true
3243,200,false
3244,500,true
3245,200,false
3246,200,false
3247,404,true
3248,200,false
3249,500,true
3250,200,false
3251,200,false
3252,404,true
3253,200,false
3254,500,true
3255,200,false
3256,200,false
3257,404,true
3258,200,false
3259,500,true
3260,200,false
3261,200,false
3262,404,true
3263,200,false
3264,500,true
3265,200,false
3266,200,false
3267,404,true
3268,200,false
3269,500,true
3270,200,false
3271,200,false
3272,404,true
3273,200,false
3274,500,true
3275,200,false
3276,200,false
3277,404,true
3278,200,false
3279,500,true
3280,200,false
3281,200,false
3282,404,true
3283,200,false
3284,500,true
3285,200,false
3286,200,false
3287,404,true
3288,200,false
3289,500,true
3290,200,false
3291,200,false
3292,404,true
3293,200,false
3294,500,true
3295,200,false
3296,200,false
3297,404,true
3298,200,false
3299,500,true
3300,200,false
3301,200,false
3302,404,true
3303,200,false
3304,500,true
3305,200,false
3306,200,false
3307,404,true
3308,200,false
3309,500,true
3310,200,false
3311,200,false
3312,404,true
3313,200,false
3314,500,true
3315,200,false
3316,200,false
3317,404,true
3318,200,false
3319,500,true
3320,200,false
3321,200,false
3322,404,true
3323,200,false
3324,500,true
3325,200,false
3326,200,false
3327,404,true
3328,200,false
3329,500,true
3330,200,false
3331,200,false
3332,404,true
3333,200,false
3334,500,true
3335,200,false
3336,200,false
3337,404,true
3338,200,false
3339,500,true
3340,200,false
3341,200,false
3342,404,true
3343,200,false
3344,500,true
3345,200,false
3346,200,false
3347,404,true
3348,200,false
3349,500,true
3350,200,false
3351,200,false
3352,404,true
3353,200,false
3354,500,true
3355,200,false
3356,200,false
3357,404,true
3358,200,false
3359,500,true
3360,200,false
3361,200,false
3362,404,true
3363,200,false
3364,500,true
3365,200,false
3366,200,false
3367,404,true
3368,200,false
3369,500,true
3370,200,false
3371,200,false
3372,404,true
3373,200,false
3374,500,true
3375,200,false
3376,200,false
3377,404,true
3378,200,false
3379,500,true
3380,200,false
3381,200,false
3382,404,true
3383,200,false
3384,500,true
3385,200,false
3386,200,false
3387,404,true
3388,200,false
3389,500,true
3390,200,false
3391,200,false
3392,404,true
3393,200,false
3394,500,true
3395,200,false
3396,200,false
3397,404,true
3398,200,false
3399,500,true
3400,200,false
3401,200,false
3402,404,true
3403,200,false
3404,500,true
3405,200,false
3406,200,false
3407,404,true
3408,200,false
3409,500,true
3410,200,false
3411,200,false
3412,404,true
3413,200,false
3414,500,true
3415,200,false
3416,200,false
3417,404,true
3418,200,false
3419,500,true
3420,200,false
3421,200,false
3422,404,true
3423,200,false
3424,500,true
3425,200,false
3426,200,false
3427,404,true
3428,200,false
3429,500,true
3430,200,false
3431,200,false
3432,404,true
3433,200,false
3434,500,true
3435,200,false
3436,200,false
3437,404,true
3438,200,false
3439,500,true
3440,200,false
3441,200,false
3442,404,true
3443,200,false
3444,500,true
3445,200,false
3446,200,false
3447,404,true
3448,200,false
3449,500,true
3450,200,false
3451,200,false
3452,404,true
3453,200,false
3454,500,true
3455,200,false
3456,200,false
3457,404,true
3458,200,false
3459,500,true
3460,200,false
3461,200,false
3462,404,true
3463,200,false
3464,500,true
3465,200,false
3466,200,false
3467,404,true
3468,200,false
3469,500,true
3470,200,false
3471,200,false
3472,404,true
3473,200,false
3474,500,true
3475,200,false
3476,200,false
3477,404,true
3478,200,false
3479,500,true
3480,200,false
3481,200,false
3482,404,true
3483,200,false
3484,500,true
3485,200,false
3486,200,false
3487,404,true
3488,200,false
3489,500,true
3490,200,false
3491,200,false
3492,404,true
3493,200,false
3494,500,true
3495,200,false
3496,200,false
3497,404,true
3498,200,false
3499,500,true
3500,200,false
3501,200,false
3502,404,true
3503,200,false
3504,500,true
3505,200,false
3506,200,false
3507,404,true
3508,200,false
3509,500,true
3510,200,false
3511,200,false
3512,404,true
3513,200,false
3514,500,true
3515,200,false
3516,200,false
3517,404,true
3518,200,false
3519,500,true
3520,200,false
3521,200,false
3522,404,true
3523,200,false
3524,500,true
3525,200,false
3526,200,false
3527,404,true
3528,200,false
3529,500,true
3530,200,false
3531,200,false
3532,404,true
3533,200,false
3534,500,true
3535,200,false
3536,200,false
3537,404,true
3538,200,false
3539,500,true
3540,200,false
3541,200,false
3542,404,true
3543,200,false
3544,500,true
3545,200,false
3546,200,false
3547,404,true
3548,200,false
3549,500,true
3550,200,false
3551,200,false
3552,404,true
3553,200,false
3554,500,true
3555,200,false
3556,200,false
3557,404,true
3558,200,false
3559,500,true
3560,200,false
3561,200,false
3562,404,true
3563,200,false
3564,500,true
3565,200,false
3566,200,false
3567,404,true
3568,200,false
3569,500,true
3570,200,false
3571,200,false
3572,404,true
3573,200,false
3574,500,true
3575,200,false
3576,200,false
3577,404,true
3578,200,false
3579,500,true
3580,200,false
3581,200,false
3582,404,true
3583,200,false
3584,500,true
3585,200,false
3586,200,false
3587,404,true
3588,200,false
3589,500,true
3590,200,false
3591,200,false
3592,404,true
3593,200,false
3594,500,true
3595,200,false
3596,200,false
3597,404,true
3598,200,false
3599,500,true
3600,200,false
3601,200,false
3602,404,true
3603,200,false
3604,500,true
3605,200,false
3606,200,false
3607,404,true
3608,200,false
3609,500,true
3610,200,false
3611,200,false
3612,404,true
3613,200,false
3614,500,true
3615,200,false
3616,200,false
3617,404,true
3618,200,false
3619,500,true
3620,200,false
3621,200,false
3622,404,true
3623,200,false
3624,500,true
3625,200,false
3626,200,false
3627,404,true
3628,200,false
3629,500,true
3630,200,false
3631,200,false
3632,404,true
3633,200,false
3634,500,true
3635,200,false
3636,200,false
3637,404,true
3638,200,false
3639,500,true
3640,200,false
3641,200,false
3642,404,true
3643,200,false
3644,500,true
3645,200,false
3646,200,false
3647,404,true
3648,200,false
3649,500,true
3650,200,false
3651,200,false
3652,404,true
3653,200,false
3654,500,true
3655,200,false
3656,200,false
3657,404,true
3658,200,false
3659,500,true
3660,200,false
3661,200,false
3662,404,true
3663,200,false
3664,500,true
3665,200,false
3666,200,false
3667,404,true
3668,200,false
3669,500,true
3670,200,false
3671,200,false
3672,404,true
3673,200,false
3674,500,true
3675,200,false
3676,200,false
3677,404,true
3678,200,false
3679,500,true
3680,200,false
3681,200,false
3682,404,true
3683,200,false
3684,500,true
3685,200,false
3686,200,false
3687,404,true
3688,200,false
3689,500,true
3690,200,false
3691,200,false
3692,404,true
3693,200,false
3694,500,true
3695,200,false
3696,200,false
3697,404,true
3698,200,false
3699,500,true
3700,200,false
3701,200,false
3702,404,true
3703,200,false
3704,500,true
3705,200,false
3706,200,false
3707,404,true
3708,200,false
3709,500,true
3710,200,false
3711,200,false
3712,404,true
3713,200,false
3714,500,true
3715,200,false
3716,200,false
3717,404,true
3718,200,false
3719,500,true
3720,200,false
3721,200,false
3722,404,true
3723,200,false
3724,500,true
3725,200,false
3726,200,false
3727,404,true
3728,200,false
3729,500,true
3730,200,false
3731,200,false
3732,404,true
3733,200,false
3734,500,true
3735,200,false
3736,200,false
3737,404,true
3738,200,false
3739,500,true
3740,200,false
3741,200,false
3742,404,true
3743,200,false
3744,500,true
3745,200,false
3746,200,false
3747,404,true
3748,200,false
3749,500,true
3750,200,false
3751,200,false
3752,404,true
3753,200,false
3754,500,true
3755,200,false
3756,200,false
3757,404,true
3758,200,false
3759,500,true
3760,200,false
3761,200,false
3762,404,true
3763,200,false
3764,500,true
3765,200,false
3766,200,false
3767,404,true
3768,200,false
3769,500,true
3770,200,false
3771,200,false
3772,404,true
3773,200,false
3774,500,true
3775,200,false
3776,200,false
3777,404,true
3778,200,false
3779,500,true
3780,200,false
3781,200,false
3782,404,true
3783,200,false
3784,500,true
3785,200,false
3786,200,false
3787,404,true
3788,200,false
3789,500,true
3790,200,false
3791,200,false
3792,404,true
3793,200,false
3794,500,true
3795,200,false
3796,200,false
3797,404,true
3798,200,false
3799,500,true
3800,200,false
3801,200,false
3802,404,true
3803,200,false
3804,500,true
3805,200,false
3806,200,false
3807,404,true
3808,200,false
3809,500,true
3810,200,false
3811,200,false
3812,404,true
3813,200,false
3814,500,true
3815,200,false
3816,200,false
3817,404,true
3818,200,false
3819,500,true
3820,200,false
3821,200,false
3822,404,true
3823,200,false
3824,500,true
3825,200,false
3826,200,false
3827,404,true
3828,200,false
3829,500,true
3830,200,false
3831,200,false
3832,404,true
3833,200,false
3834,500,true
3835,200,false
3836,200,false
3837,404,true
3838,200,false
3839,500,true
3840,200,false
3841,200,false
3842,404,true
3843,200,false
3844,500,true
3845,200,false
3846,200,false
3847,404,true
3848,200,false
3849,500,true
3850,200,false
3851,200,false
3852,404,true
3853,200,false
3854,500,true
3855,200,false
3856,200,false
3857,404,true
3858,200,false
3859,500,true
3860,200,false
3861,200,false
3862,404,true
3863,200,false
3864,500,true
3865,200,false
3866,200,false
3867,404,true
3868,200,false
3869,500,true
3870,200,false
3871,200,false
3872,404,true
3873,200,false
3874,500,true
3875,200,false
3876,200,false
3877,404,true
3878,200,false
3879,500,true
3880,200,false
3881,200,false
3882,404,true
3883,200,false
3884,500,true
3885,200,false
3886,200,false
3887,404,true
3888,200,false
3889,500,true
3890,200,false
3891,200,false
3892,404,true
3893,200,false
3894,500,true
3895,200,false
3896,200,false
3897,404,true
3898,200,false
3899,500,true
3900,200,false
3901,200,false
3902,404,true
3903,200,false
3904,500,true
3905,200,false
3906,200,false
3907,404,true
3908,200,false
3909,500,true
3910,200,false
3911,200,false
3912,404,true
3913,200,false
3914,500,true
3915,200,false
3916,200,false
3917,404,true
3918,200,false
3919,500,true
3920,200,false
3921,200,false
3922,404,true
3923,200,false
3924,500,true
3925,200,false
3926,200,false
3927,404,true
3928,200,false
3929,500,true
3930,200,false
3931,200,false
3932,404,true
3933,200,false
3934,500,true
3935,200,false
3936,200,false
3937,404,true
3938,200,false
3939,500,true
3940,200,false
3941,200,false
3942,404,true
3943,200,false
3944,500,true
3945,200,false
3946,200,false
3947,404,true
3948,200,false
3949,500,true
3950,200,false
3951,200,false
3952,404,true
3953,200,false
3954,500,true
3955,200,false
3956,200,false
3957,404,true
3958,200,false
3959,500,true
3960,200,false
3961,200,false
3962,404,true
3963,200,false
3964,500,true
3965,200,false
3966,200,false
3967,404,true
3968,200,false
3969,500,true
3970,200,false
3971,200,false
3972,404,true
3973,200,false
3974,500,true
3975,200,false
3976,200,false
3977,404,true
3978,200,false
3979,500,true
3980,200,false
3981,200,false
3982,404,true
3983,200,false
3984,500,true
3985,200,false
3986,200,false
3987,404,true
3988,200,false
3989,500,true
3990,200,false
3991,200,false
3992,404,true
3993,200,false
3994,500,true
3995,200,false
3996,200,false
3997,404,true
3998,200,false
3999,500,true
4000,200,false
4001,200,false
4002,404,true
4003,200,false
4004,500,true
4005,200,false
4006,200,false
4007,404,true
4008,200,false
4009,500,true
4010,200,false
4011,200,false
4012,404,true
4013,200,false
4014,500,true
4015,200,false
4016,200,false
4017,404,true
4018,200,false
4019,500,true
4020,200,false
4021,200,false
4022,404,true
4023,200,false
4024,500,true
4025,200,false
4026,200,false
4027,404,true
4028,200,false
4029,500,true
4030,200,false
4031,200,false
4032,404,true
4033,200,false
4034,500,true
4035,200,false
4036,200,false
4037,404,true
4038,200,false
4039,500,true
4040,200,false
4041,200,false
4042,404,true
4043,200,false
4044,500,true
4045,200,false
4046,200,false
4047,404,true
4048,200,false
4049,500,true
4050,200,false
4051,200,false
4052,404,true
4053,200,false
4054,500,true
4055,200,false
4056,200,false
4057,404,true
4058,200,false
4059,500,true
4060,200,false
4061,200,false
4062,404,true
4063,200,false
4064,500,true
4065,200,false
4066,200,false
4067,404,true
4068,200,false
4069,500,true
4070,200,false
4071,200,false
4072,404,true
4073,200,false
4074,500,true
4075,200,false
4076,200,false
4077,404,true
4078,200,false
4079,500,true
4080,200,false
4081,200,false
4082,404,true
4083,200,false
4084,500,true
4085,200,false
4086,200,false
4087,404,true
4088,200,false
4089,500,true
4090,200,false
4091,200,false
4092,404,true
4093,200,false
4094,500,true
4095,200,false
4096,200,false
4097,404,true
4098,200,false
4099,500,true
4100,200,false
4101,200,false
4102,404,true
4103,200,false
4104,500,true
4105,200,false
4106,200,false
4107,404,true
4108,200,false
4109,500,true
4110,200,false
4111,200,false
4112,404,true
4113,200,false
4114,500,true
4115,200,false
4116,200,false
4117,404,true
4118,200,false
4119,500,true
4120,200,false
4121,200,false
4122,404,true
4123,200,false
4124,500,true
4125,200,false
4126,200,false
4127,404,true
4128,200,false
4129,500,true
4130,200,false
4131,200,false
4132,404,true
4133,200,false
4134,500,true
4135,200,false
4136,200,false
4137,404,true
4138,200,false
4139,500,true
4140,200,false
4141,200,false
4142,404,true
4143,200,false
4144,500,true
4145,200,false
4146,200,false
4147,404,true
4148,200,false
4149,500,true
4150,200,false
4151,200,false
4152,404,true
4153,200,false
4154,500,true
4155,200,false
4156,200,false
4157,404,true
4158,200,false
4159,500,true
4160,200,false
4161,200,false
4162,404,true
4163,200,false
4164,500,true
4165,200,false
4166,200,false
4167,404,true
4168,200,false
4169,500,true
4170,200,false
4171,200,false
4172,404,true
4173,200,false
4174,500,true
4175,200,false
4176,200,false
4177,404,true
4178,200,false
4179,500,true
4180,200,false
4181,200,false
4182,404,true
4183,200,false
4184,500,true
4185,200,false
4186,200,false
4187,404,true
4188,200,false
4189,500,true
4190,200,false
4191,200,false
4192,404,true
4193,200,false
4194,500,true
4195,200,false
4196,200,false
4197,404,true
4198,200,false
4199,500,true
4200,200,false
4201,200,false
4202,404,true
4203,200,false
4204,500,true
4205,200,false
4206,200,false
4207,404,true
4208,200,false
4209,500,true
4210,200,false
4211,200,false
4212,404,true
4213,200,false
4214,500,true
4215,200,false
4216,200,false
4217,404,true
4218,200,false
4219,500,true
4220,200,false
4221,200,false
4222,404,true
4223,200,false
4224,500,true
4225,200,false
4226,200,false
4227,404,true
4228,200,false
4229,500,true
4230,200,false
4231,200,false
4232,404,true
4233,200,false
4234,500,true
4235,200,false
4236,200,false
4237,404,true
4238,200,false
4239,500,true
4240,200,false
4241,200,false
4242,404,true
4243,200,false
4244,500,true
4245,200,false
4246,200,false
4247,404,true
4248,200,false
4249,500,true
4250,200,false
4251,200,false
4252,404,true
4253,200,false
4254,500,true
4255,200,false
4256,200,false
4257,404,true
4258,200,false
4259,500,true
4260,200,false
4261,200,false
4262,404,true
4263,200,false
4264,500,true
4265,200,false
4266,200,false
4267,404,true
4268,200,false
4269,500,true
4270,200,false
4271,200,false
4272,404,true
4273,200,false
4274,500,true
4275,200,false
4276,200,false
4277,404,true
4278,200,false
4279,500,true
4280,200,false
4281,200,false
4282,404,true
4283,200,false
4284,500,true
4285,200,false
4286,200,false
4287,404,true
4288,200,false
4289,500,true
4290,200,false
4291,200,false
4292,404,true
4293,200,false
4294,500,true
4295,200,false
4296,200,false
4297,404,true
4298,200,false
4299,500,true
4300,200,false
4301,200,false
4302,404,true
4303,200,false
4304,500,true
4305,200,false
4306,200,false
4307,404,true
4308,200,false
4309,500,true
4310,200,false
4311,200,false
4312,404,true
4313,200,false
4314,500,true
4315,200,false
4316,200,false
4317,404,true
4318,200,false
4319,500,true
4320,200,false
4321,200,false
4322,404,true
4323,200,false
4324,500,true
4325,200,false
4326,200,false
4327,404,true
4328,200,false
4329,500,true
4330,200,false
4331,200,false
4332,404,true
4333,200,false
4334,500,true
4335,200,false
4336,200,false
4337,404,true
4338,200,false
4339,500,true
4340,200,false
4341,200,false
4342,404,true
4343,200,false
4344,500,true
4345,200,false
4346,200,false
4347,404,true
4348,200,false
4349,500,true
4350,200,false
4351,200,false
4352,404,true
4353,200,false
4354,500,true
4355,200,false
4356,200,false
4357,404,true
4358,200,false
4359,500,true
4360,200,false
4361,200,false
4362,404,true
4363,200,false
4364,500,true
4365,200,false
4366,200,false
4367,404,true
4368,200,false
4369,500,true
4370,200,false
4371,200,false
4372,404,true
4373,200,false
4374,500,true
4375,200,false
4376,200,false
4377,404,true
4378,200,false
4379,500,true
4380,200,false
4381,200,false
4382,404,true
4383,200,false
4384,500,true
4385,200,false
4386,200,false
4387,404,true
4388,200,false
4389,500,true
4390,200,false
4391,200,false
4392,404,true
4393,200,false
4394,500,true
4395,200,false
4396,200,false
4397,404,true
4398,200,false
4399,500,true
4400,200,false
4401,200,false
4402,404,true
4403,200,false
4404,500,true
4405,200,false
4406,200,false
4407,404,true
4408,200,false
4409,500,true
4410,200,false
4411,200,false
4412,404,true
4413,200,false
4414,500,true
4415,200,false
4416,200,false
4417,404,true
4418,200,false
4419,500,true
4420,200,false
4421,200,false
4422,404,true
4423,200,false
4424,500,true
4425,200,false
4426,200,false
4427,404,true
4428,200,false
4429,500,true
4430,200,false
4431,200,false
4432,404,true
4433,200,false
4434,500,true
4435,200,false
4436,200,false
4437,404,true
4438,200,false
4439,500,true
4440,200,false
4441,200,false
4442,404,true
4443,200,false
4444,500,true
4445,200,false
4446,200,false
4447,404,true
4448,200,false
4449,500,true
4450,200,false
4451,200,false
4452,404,true
4453,200,false
4454,500,true
4455,200,false
4456,200,false
4457,404,true
4458,200,false
4459,500,true
4460,200,false
4461,200,false
4462,404,true
4463,200,false
4464,500,true
4465,200,false
4466,200,false
4467,404,true
4468,200,false
4469,500,true
4470,200,false
4471,200,false
4472,404,true
4473,200,false
4474,500,true
4475,200,false
4476,200,false
4477,404,true
4478,200,false
4479,500,true
4480,200,false
4481,200,false
4482,404,true
4483,200,false
4484,500,true
4485,200,false
4486,200,false
4487,404,true
4488,200,false
4489,500,true
4490,200,false
4491,200,false
4492,404,true
4493,200,false
4494,500,true
4495,200,false
4496,200,false
4497,404,true
4498,200,false
4499,500,true
4500,200,false
4501,200,false
4502,404,true
4503,200,false
4504,500,true
4505,200,false
4506,200,false
4507,404,true
4508,200,false
4509,500,true
4510,200,false
4511,200,false
4512,404,true
4513,200,false
4514,500,true
4515,200,false
4516,200,false
4517,404,true
4518,200,false
4519,500,true
4520,200,false
4521,200,false
4522,404,true
4523,200,false
4524,500,true
4525,200,false
4526,200,false
4527,404,true
4528,200,false
4529,500,true
4530,200,false
4531,200,false
4532,404,true
4533,200,false
4534,500,true
4535,200,false
4536,200,false
4537,404,true
4538,200,false
4539,500,true
4540,200,false
4541,200,false
4542,404,true
4543,200,false
4544,500,true
4545,200,false
4546,200,false
4547,404,true
4548,200,false
4549,500,true
4550,200,false
4551,200,false
4552,404,true
4553,200,false
4554,500,true
4555,200,false
4556,200,false
4557,404,true
4558,200,false
4559,500,true
4560,200,false
4561,200,false
4562,404,true
4563,200,false
4564,500,true
4565,200,false
4566,200,false
4567,404,true
4568,200,false
4569,500,true
4570,200,false
4571,200,false
4572,404,true
4573,200,false
4574,500,true
4575,200,false
4576,200,false
4577,404,true
4578,200,false
4579,500,true
4580,200,false
4581,200,false
4582,404,true
4583,200,false
4584,500,true
4585,200,false
4586,200,false
4587,404,true
4588,200,false
4589,500,true
4590,200,false
4591,200,false
4592,404,true
4593,200,false
4594,500,true
4595,200,false
4596,200,false
4597,404,true
4598,200,false
4599,500,true
4600,200,false
4601,200,false
4602,404,true
4603,200,false
4604,500,true
4605,200,false
4606,200,false
4607,404,true
4608,200,false
4609,500,true
4610,200,false
4611,200,false
4612,404,true
4613,200,false
4614,500,true
4615,200,false
4616,200,false
4617,404,true
4618,200,false
4619,500,true
4620,200,false
4621,200,false
4622,404,true
4623,200,false
4624,500,true
4625,200,false
4626,200,false
4627,404,true
4628,200,false
4629,500,true
4630,200,false
4631,200,false
4632,404,true
4633,200,false
4634,500,true
4635,200,false
4636,200,false
4637,404,true
4638,200,false
4639,500,true
4640,200,false
4641,200,false
4642,404,true
4643,200,false
4644,500,true
4645,200,false
4646,200,false
4647,404,true
4648,200,false
4649,500,true
4650,200,false
4651,200,false
4652,404,true
4653,200,false
4654,500,true
4655,200,false
4656,200,false
4657,404,true
4658,200,false
4659,500,true
4660,200,false
4661,200,false
4662,404,true
4663,200,false
4664,500,true
4665,200,false
4666,200,false
4667,404,true
4668,200,false
4669,500,true
4670,200,false
4671,200,false
4672,404,true
4673,200,false
4674,500,true
4675,200,false
4676,200,false
4677,404,true
4678,200,false
4679,500,true
4680,200,false
4681,200,false
4682,404,true
4683,200,false
4684,500,true
4685,200,false
4686,200,false
4687,404,true
4688,200,false
4689,500,true
4690,200,false
4691,200,false
4692,404,true
4693,200,false
4694,500,true
4695,200,false
4696,200,false
4697,404,true
4698,200,false
4699,500,true
4700,200,false
4701,200,false
4702,404,true
4703,200,false
4704,500,true
4705,200,false
4706,200,false
4707,404,true
4708,200,false
4709,500,true
4710,200,false
4711,200,false
4712,404,true
4713,200,false
4714,500,true
4715,200,false
4716,200,false
4717,404,true
4718,200,false
4719,500,true
4720,200,false
4721,200,false
4722,404,true
4723,200,false
4724,500,true
4725,200,false
4726,200,false
4727,404,true
4728,200,false
4729,500,true
4730,200,false
4731,200,false
4732,404,true
4733,200,false
4734,500,true
4735,200,false
4736,200,false
4737,404,true
4738,200,false
4739,500,true
4740,200,false
4741,200,false
4742,404,true
4743,200,false
4744,500,true
4745,200,false
4746,200,false
4747,404,true
4748,200,false
4749,500,true
4750,200,false
4751,200,false
4752,404,true
4753,200,false
4754,500,true
4755,200,false
4756,200,false
4757,404,true
4758,200,false
4759,500,true
4760,200,false
4761,200,false
4762,404,true
4763,200,false
4764,500,true
4765,200,false
4766,200,false
4767,404,true
4768,200,false
4769,500,true
4770,200,false
4771,200,false
4772,404,true
4773,200,false
4774,500,true
4775,200,false
4776,200,false
4777,404,true
4778,200,false
4779,500,true
4780,200,false
4781,200,false
4782,404,true
4783,200,false
4784,500,true
4785,200,false
4786,200,false
4787,404,true
4788,200,false
4789,500,true
4790,200,false
4791,200,false
4792,404,true
4793,200,false
4794,500,true
4795,200,false
4796,200,false
4797,404,true
4798,200,false
4799,500,true
4800,200,false
4801,200,false
4802,404,true
4803,200,false
4804,500,true
4805,200,false
4806,200,false
4807,404,true
4808,200,false
4809,500,true
4810,200,false
4811,200,false
4812,404,true
4813,200,false
4814,500,true
4815,200,false
4816,200,false
4817,404,true
4818,200,false
4819,500,true
4820,200,false
4821,200,false
4822,404,true
4823,200,false
4824,500,true
4825,200,false
4826,200,false
4827,404,true
4828,200,false
4829,500,true
4830,200,false
4831,200,false
4832,404,true
4833,200,false
4834,500,true
4835,200,false
4836,200,false
4837,404,true
4838,200,false
4839,500,true
4840,200,false
4841,200,false
4842,404,true
4843,200,false
4844,500,true
4845,200,false
4846,200,false
4847,404,true
4848,200,false
4849,500,true
4850,200,false
4851,200,false
4852,404,true
4853,200,false
4854,500,true
4855,200,false
4856,200,false
4857,404,true
4858,200,false
4859,500,true
4860,200,false
4861,200,false
4862,404,true
4863,200,false
4864,500,true
4865,200,false
4866,200,false
4867,404,true
4868,200,false
4869,500,true
4870,200,false
4871,200,false
4872,404,true
4873,200,false
4874,500,true
4875,200,false
4876,200,false
4877,404,true
4878,200,false
4879,500,true
4880,200,false
4881,200,false
4882,404,true
4883,200,false
4884,500,true
4885,200,false
4886,200,false
4887,404,true
4888,200,false
4889,500,true
4890,200,false
4891,200,false
4892,404,true
4893,200,false
4894,500,true
4895,200,false
4896,200,false
4897,404,true
4898,200,false
4899,500,true
4900,200,false
4901,200,false
4902,404,true
4903,200,false
4904,500,true
4905,200,false
4906,200,false
4907,404,true
4908,200,false
4909,500,true
4910,200,false
4911,200,false
4912,404,true
4913,200,false
4914,500,true
4915,200,false
4916,200,false
4917,404,true
4918,200,false
4919,500,true
4920,200,false
4921,200,false
4922,404,true
4923,200,false
4924,500,true
4925,200,false
4926,200,false
4927,404,true
4928,200,false
4929,500,true
4930,200,false
4931,200,false
4932,404,true
4933,200,false
4934,500,true
4935,200,false
4936,200,false
4937,404,true
4938,200,false
4939,500,true
4940,200,false
4941,200,false
4942,404,true
4943,200,false
4944,500,true
4945,200,false
4946,200,false
4947,404,true
4948,200,false
4949,500,true
4950,200,false
4951,200,false
4952,404,true
4953,200,false
4954,500,true
4955,200,false
4956,200,false
4957,404,true
4958,200,false
4959,500,true
4960,200,false
4961,200,false
4962,404,true
4963,200,false
4964,500,true
4965,200,false
4966,200,false
4967,404,true
4968,200,false
4969,500,true
4970,200,false
4971,200,false
4972,404,true
4973,200,false
4974,500,true
4975,200,false
4976,200,false
4977,404,true
4978,200,false
4979,500,true
4980,200,false
4981,200,false
4982,404,true
4983,200,false
4984,500,true
4985,200,false
4986,200,false
4987,404,true
4988,200,false
4989,500,true
4990,200,false
4991,200,false
4992,404,true
4993,200,false
4994,500,true
4995,200,false
4996,200,false
4997,404,true
4998,200,false
4999,500,true
5000,200,false
5001,200,false
5002,404,true
5003,200,false
5004,500,true
5005,200,false
5006,200,false
5007,404,true
5008,200,false
5009,500,true
5010,200,false
5011,200,false
5012,404,true
5013,200,false
5014,500,true
5015,200,false
5016,200,false
5017,404,true
5018,200,false
5019,500,true
5020,200,false
5021,200,false
5022,404,true
5023,200,false
5024,500,true
5025,200,false
5026,200,false
5027,404,true
5028,200,false
5029,500,true
5030,200,false
5031,200,false
5032,404,true
5033,200,false
5034,500,true
5035,200,false
5036,200,false
5037,404,true
5038,200,false
5039,500,true
5040,200,false
5041,200,false
5042,404,true
5043,200,false
5044,500,true
5045,200,false
5046,200,false
5047,404,true
5048,200,false
5049,500,true
5050,200,false
5051,200,false
5052,404,true
5053,200,false
5054,500,true
5055,200,false
5056,200,false
5057,404,true
5058,200,false
5059,500,true
5060,200,false
5061,200,false
5062,404,true
5063,200,false
5064,500,true
5065,200,false
5066,200,false
5067,404,true
5068,200,false
5069,500,true
5070,200,false
5071,200,false
5072,404,true
5073,200,false
5074,500,true
5075,200,false
5076,200,false
5077,404,true
5078,200,false
5079,500,true
5080,200,false
5081,200,false
5082,404,true
5083,200,false
5084,500,true
5085,200,false
5086,200,false
5087,404,true
5088,200,false
5089,500,true
5090,200,false
5091,200,false
5092,404,true
5093,200,false
5094,500,true
5095,200,false
5096,200,false
5097,404,true
5098,200,false
5099,500,true
5100,200,false
5101,200,false
5102,404,true
5103,200,false
5104,500,true
5105,200,false
5106,200,false
5107,404,true
5108,200,false
5109,500,true
5110,200,false
5111,200,false
5112,404,true
5113,200,false
5114,500,true
5115,200,false
5116,200,false
5117,404,true
5118,200,false
5119,500,true
5120,200,false
5121,200,false
5122,404,true
5123,200,false
5124,500,true
5125,200,false
5126,200,false
5127,404,true
5128,200,false
5129,500,true
5130,200,false
5131,200,false
5132,404,true
5133,200,false
5134,500,true
5135,200,false
5136,200,false
5137,404,true
5138,200,false
5139,500,true
5140,200,false
5141,200,false
5142,404,true
5143,200,false
5144,500,true
5145,200,false
5146,200,false
5147,404,true
5148,200,false
5149,500,true
5150,200,false
5151,200,false
5152,404,true
5153,200,false
5154,500,true
5155,200,false
5156,200,false
5157,404,true
5158,200,false
5159,500,true
5160,200,false
5161,200,false
5162,404,true
5163,200,false
5164,500,true
5165,200,false
5166,200,false
5167,404,true
5168,200,false
5169,500,true
5170,200,false
5171,200,false
5172,404,true
5173,200,false
5174,500,true
5175,200,false
5176,200,false
5177,404,true
5178,200,false
5179,500,true
5180,200,false
5181,200,false
5182,404,true
5183,200,false
5184,500,true
5185,200,false
5186,200,false
5187,404,true
5188,200,false
5189,500,true
5190,200,false
5191,200,false
5192,404,true
5193,200,false
5194,500,true
5195,200,false
5196,200,false
5197,404,true
5198,200,false
5199,500,true
5200,200,false
5201,200,false
5202,404,true
5203,200,false
5204,500,true
5205,200,false
5206,200,false
5207,404,true
5208,200,false
5209,500,true
5210,200,false
5211,200,false
5212,404,true
5213,200,false
5214,500,true
5215,200,false
5216,200,false
5217,404,true
5218,200,false
5219,500,true
5220,200,false
5221,200,false
5222,404,true
5223,200,false
5224,500,true
5225,200,false
5226,200,false
5227,404,true
5228,200,false
5229,500,true
5230,200,false
5231,200,false
5232,404,true
5233,200,false
5234,500,true
5235,200,false
5236,200,false
5237,404,true
5238,200,false
5239,500,true
5240,200,false
5241,200,false
5242,404,true
5243,200,false
5244,500,true
5245,200,false
5246,200,false
5247,404,true
5248,200,false
5249,500,true
5250,200,false
5251,200,false
5252,404,true
5253,200,false
5254,500,true
5255,200,false
5256,200,false
5257,404,true
5258,200,false
5259,500,true
5260,200,false
5261,200,false
5262,404,true
5263,200,false
5264,500,true
5265,200,false
5266,200,false
5267,404,true
5268,200,false
5269,500,true
5270,200,false
5271,200,false
5272,404,true
5273,200,false
5274,500,true
5275,200,false
5276,200,false
5277,404,true
5278,200,false
5279,500,true
5280,200,false
5281,200,false
5282,404,true
5283,200,false
5284,500,true
5285,200,false
5286,200,false
5287,404,true
5288,200,false
5289,500,true
5290,200,false
5291,200,false
5292,404,true
5293,200,false
5294,500,true
5295,200,false
5296,200,false
5297,404,true
5298,200,false
5299,500,true
5300,200,false
5301,200,false
5302,404,true
5303,200,false
5304,500,true
5305,200,false
5306,200,false
5307,404,true
5308,200,false
5309,500,true
5310,200,false
5311,200,false
5312,404,true
5313,200,false
5314,500,true
5315,200,false
5316,200,false
5317,404,true
5318,200,false
5319,500,true
5320,200,false
5321,200,false
5322,404,true
5323,200,false
5324,500,true
5325,200,false
5326,200,false
5327,404,true
5328,200,false
5329,500,true
5330,200,false
5331,200,false
5332,404,true
5333,200,false
5334,500,true
5335,200,false
5336,200,false
5337,404,true
5338,200,false
5339,500,true
5340,200,false
5341,200,false
5342,404,true
5343,200,false
5344,500,true
5345,200,false
5346,200,false
5347,404,true
5348,200,false
5349,500,true
5350,200,false
5351,200,false
5352,404,true
5353,200,false
5354,500,true
5355,200,false
5356,200,false
5357,404,true
5358,200,false
5359,500,true
5360,200,false
5361,200,false
5362,404,true
5363,200,false
5364,500,true
5365,200,false
5366,200,false
5367,404,true
5368,200,false
5369,500,true
5370,200,false
5371,200,false
5372,404,true
5373,200,false
5374,500,true
5375,200,false
5376,200,false
5377,404,true
5378,200,false
5379,500,true
5380,200,false
5381,200,false
5382,404,true
5383,200,false
5384,500,true
5385,200,false
5386,200,false
5387,404,true
5388,200,false
5389,500,true
5390,200,false
5391,200,false
5392,404,true
5393,200,false
5394,500,true
5395,200,false
5396,200,false
5397,404,true
5398,200,false
5399,500,true
5400,200,false
5401,200,false
5402,404,true
5403,200,false
5404,500,true
5405,200,false
5406,200,false
5407,404,true
5408,200,false
5409,500,true
5410,200,false
5411,200,false
5412,404,true
5413,200,false
5414,500,true
5415,200,false
5416,200,false
5417,404,true
5418,200,false
5419,500,true
5420,200,false
5421,200,false
5422,404,true
5423,200,false
5424,500,true
5425,200,false
5426,200,false
5427,404,true
5428,200,false
5429,500,true
5430,200,false
5431,200,false
5432,404,true
5433,200,false
5434,500,true
5435,200,false
5436,200,false
5437,404,true
5438,200,false
5439,500,true
5440,200,false
5441,200,false
5442,404,true
5443,200,false
5444,500,true
5445,200,false
5446,200,false
5447,404,true
5448,200,false
5449,500,true
5450,200,false
5451,200,false
5452,404,true
5453,200,false
5454,500,true
5455,200,false
5456,200,false
5457,404,true
5458,200,false
5459,500,true
5460,200,false
5461,200,false
5462,404,true
5463,200,false
5464,500,true
5465,200,false
5466,200,false
5467,404,true
5468,200,false
5469,500,true
5470,200,false
5471,200,false
5472,404,true
5473,200,false
5474,500,true
5475,200,false
5476,200,false
5477,404,true
5478,200,false
5479,500,true
5480,200,false
5481,200,false
5482,404,true
5483,200,false
5484,500,true
5485,200,false
5486,200,false
5487,404,true
5488,200,false
5489,500,true
5490,200,false
5491,200,false
5492,404,true
5493,200,false
5494,500,true
5495,200,false
5496,200,false
5497,404,true
5498,200,false
5499,500,true
5500,200,false
5501,200,false
5502,404,true
5503,200,false
5504,500,true
5505,200,false
5506,200,false
5507,404,true
5508,200,false
5509,500,true
5510,200,false
5511,200,false
5512,404,true
5513,200,false
5514,500,true
5515,200,false
5516,200,false
5517,404,true
5518,200,false
5519,500,true
5520,200,false
5521,200,false
5522,404,true
5523,200,false
5524,500,true
5525,200,false
5526,200,false
5527,404,true
5528,200,false
5529,500,true
5530,200,false
5531,200,false
5532,404,true
5533,200,false
5534,500,true
5535,200,false
5536,200,false
5537,404,true
5538,200,false
5539,500,true
5540,200,false
5541,200,false
5542,404,true
5543,200,false
5544,500,true
5545,200,false
5546,200,false
5547,404,true
5548,200,false
5549,500,true
5550,200,false
5551,200,false
5552,404,true
5553,200,false
5554,500,true
5555,200,false
5556,200,false
5557,404,true
5558,200,false
5559,500,true
5560,200,false
5561,200,false
5562,404,true
5563,200,false
5564,500,true
5565,200,false
5566,200,false
5567,404,true
5568,200,false
5569,500,true
5570,200,false
5571,200,false
5572,404,true
5573,200,false
5574,500,true
5575,200,false
5576,200,false
5577,404,true
5578,200,false
5579,500,true
5580,200,false
5581,200,false
5582,404,true
5583,200,false
5584,500,true
5585,200,false
5586,200,false
5587,404,true
5588,200,false
5589,500,true
5590,200,false
5591,200,false
5592,404,true
5593,200,false
5594,500,true
5595,200,false
5596,200,false
5597,404,true
5598,200,false
5599,500,true
5600,200,false
5601,200,false
5602,404,true
5603,200,false
5604,500,true
5605,200,false
5606,200,false
5607,404,true
5608,200,false
5609,500,true
5610,200,false
5611,200,false
5612,404,true
5613,200,false
5614,500,true
5615,200,false
5616,200,false
5617,404,true
5618,200,false
5619,500,true
5620,200,false
5621,200,false
5622,404,true
5623,200,false
5624,500,true
5625,200,false
5626,200,false
5627,404,true
5628,200,false
5629,500,true
5630,200,false
5631,200,false
5632,404,true
5633,200,false
5634,500,true
5635,200,false
5636,200,false
5637,404,true
5638,200,false
5639,500,true
5640,200,false
5641,200,false
5642,404,true
5643,200,false
5644,500,true
5645,200,false
5646,200,false
5647,404,true
5648,200,false
5649,500,true
5650,200,false
5651,200,false
5652,404,true
5653,200,false
5654,500,true
5655,200,false
5656,200,false
5657,404,true
5658,200,false
5659,500,true
5660,200,false
5661,200,false
5662,404,true
5663,200,false
5664,500,true
5665,200,false
5666,200,false
5667,404,true
5668,200,false
5669,500,true
5670,200,false
5671,200,false
5672,404,true
5673,200,false
5674,500,true
5675,200,false
5676,200,false
5677,404,true
5678,200,false
5679,500,true
5680,200,false
5681,200,false
5682,404,true
5683,200,false
5684,500,true
5685,200,false
5686,200,false
5687,404,true
5688,200,false
5689,500,true
5690,200,false
5691,200,false
5692,404,true
5693,200,false
5694,500,true
5695,200,false
5696,200,false
5697,404,true
5698,200,false
5699,500,true
5700,200,false
5701,200,false
5702,404,true
5703,200,false
5704,500,true
5705,200,false
5706,200,false
5707,404,true
5708,200,false
5709,500,true
5710,200,false
5711,200,false
5712,404,true
5713,200,false
5714,500,true
5715,200,false
5716,200,false
5717,404,true
5718,200,false
5719,500,true
5720,200,false
5721,200,false
5722,404,true
5723,200,false
5724,500,true
5725,200,false
5726,200,false
5727,404,true
5728,200,false
5729,500,true
5730,200,false
5731,200,false
5732,404,true
5733,200,false
5734,500,true
5735,200,false
5736,200,false
5737,404,true
5738,200,false
5739,500,true
5740,200,false
5741,200,false
5742,404,true
5743,200,false
5744,500,true
5745,200,false
5746,200,false
5747,404,true
5748,200,false
5749,500,true
5750,200,false
5751,200,false
5752,404,true
5753,200,false
5754,500,true
5755,200,false
5756,200,false
5757,404,true
5758,200,false
5759,500,true
5760,200,false
5761,200,false
5762,404,true
5763,200,false
5764,500,true
5765,200,false
5766,200,false
5767,404,true
5768,200,false
5769,500,true
5770,200,false
5771,200,false
5772,404,true
5773,200,false
5774,500,true
5775,200,false
5776,200,false
5777,404,true
5778,200,false
5779,500,true
5780,200,false
5781,200,false
5782,404,true
5783,200,false
5784,500,true
5785,200,false
5786,200,false
5787,404,true
5788,200,false
5789,500,true
5790,200,false
5791,200,false
5792,404,true
5793,200,false
5794,500,true
5795,200,false
5796,200,false
5797,404,true
5798,200,false
5799,500,true
5800,200,false
5801,200,false
5802,404,true
5803,200,false
5804,500,true
5805,200,false
5806,200,false
5807,404,true
5808,200,false
5809,500,true
5810,200,false
5811,200,false
5812,404,true
5813,200,false
5814,500,true
5815,200,false
5816,200,false
5817,404,true
5818,200,false
5819,500,true
5820,200,false
5821,200,false
5822,404,true
5823,200,false
5824,500,true
5825,200,false
5826,200,false
5827,404,true
5828,200,false
5829,500,true
5830,200,false
5831,200,false
5832,404,true
5833,200,false
5834,500,true
5835,200,false
5836,200,false
5837,404,true
5838,200,false
5839,500,true
5840,200,false
5841,200,false
5842,404,true
5843,200,false
5844,500,true
5845,200,false
5846,200,false
5847,404,true
5848,200,false
5849,500,true
5850,200,false
5851,200,false
5852,404,true
5853,200,false
5854,500,true
5855,200,false
5856,200,false
5857,404,true
5858,200,false
5859,500,true
5860,200,false
5861,200,false
5862,404,true
5863,200,false
5864,500,true
5865,200,false
5866,200,false
5867,404,true
5868,200,false
5869,500,true
5870,200,false
5871,200,false
5872,404,true
5873,200,false
5874,500,true
5875,200,false
5876,200,false
5877,404,true
5878,200,false
5879,500,true
5880,200,false
5881,200,false
5882,404,true
5883,200,false
5884,500,true
5885,200,false
5886,200,false
5887,404,true
5888,200,false
5889,500,true
5890,200,false
5891,200,false
5892,404,true
5893,200,false
5894,500,true
5895,200,false
5896,200,false
5897,404,true
5898,200,false
5899,500,true
5900,200,false
5901,200,false
5902,404,true
5903,200,false
5904,500,true
5905,200,false
5906,200,false
5907,404,true
5908,200,false
5909,500,true
5910,200,false
5911,200,false
5912,404,true
5913,200,false
5914,500,true
5915,200,false
5916,200,false
5917,404,true
5918,200,false
5919,500,true
5920,200,false
5921,200,false
5922,404,true
5923,200,false
5924,500,true
5925,200,false
5926,200,false
5927,404,true
5928,200,false
5929,500,true
5930,200,false
5931,200,false
5932,404,true
5933,200,false
5934,500,true
5935,200,false
5936,200,false
5937,404,true
5938,200,false
5939,500,true
5940,200,false
5941,200,false
5942,404,true
5943,200,false
5944,500,true
5945,200,false
5946,200,false
5947,404,true
5948,200,false
5949,500,true
5950,200,false
5951,200,false
5952,404,true
5953,200,false
5954,500,true
5955,200,false
5956,200,false
5957,404,true
5958,200,false
5959,500,true
5960,200,false
5961,200,false
5962,404,true
5963,200,false
5964,500,true
5965,200,false
5966,200,false
5967,404,true
5968,200,false
5969,500,true
5970,200,false
5971,200,false
5972,404,true
5973,200,false
5974,500,true
5975,200,false
5976,200,false
5977,404,true
5978,200,false
5979,500,true
5980,200,false
5981,200,false
5982,404,true
5983,200,false
5984,500,true
5985,200,false
5986,200,false
5987,404,true
5988,200,false
5989,500,true
5990,200,false
5991,200,false
5992,404,true
5993,200,false
5994,500,true
5995,200,false
5996,200,false
5997,404,true
5998,200,false
5999,500,true
6000,200,false
6001,200,false
6002,404,true
6003,200,false
6004,500,true
6005,200,false
6006,200,false
6007,404,true
6008,200,false
6009,500,true
6010,200,false
6011,200,false
6012,404,true
6013,200,false
6014,500,true
6015,200,false
6016,200,false
6017,404,true
6018,200,false
6019,500,true
6020,200,false
6021,200,false
6022,404,true
6023,200,false
6024,500,true
6025,200,false
6026,200,false
6027,404,true
6028,200,false
6029,500,true
6030,200,false
6031,200,false
6032,404,true
6033,200,false
6034,500,true
6035,200,false
6036,200,false
6037,404,true
6038,200,false
6039,500,true
6040,200,false
6041,200,false
6042,404,true
6043,200,false
6044,500,true
6045,200,false
6046,200,false
6047,404,true
6048,200,false
6049,500,true
6050,200,false
6051,200,false
6052,404,true
6053,200,false
6054,500,true
6055,200,false
6056,200,false
6057,404,true
6058,200,false
6059,500,true
6060,200,false
6061,200,false
6062,404,true
6063,200,false
6064,500,true
6065,200,false
6066,200,false
6067,404,true
6068,200,false
6069,500,true
6070,200,false
6071,200,false
6072,404,true
6073,200,false
6074,500,true
6075,200,false
6076,200,false
6077,404,true
6078,200,false
6079,500,true
6080,200,false
6081,200,false
6082,404,true
6083,200,false
6084,500,true
6085,200,false
6086,200,false
6087,404,true
6088,200,false
6089,500,true
6090,200,false
6091,200,false
6092,404,true
6093,200,false
6094,500,true
6095,200,false
6096,200,false
6097,404,true
6098,200,false
6099,500,true
6100,200,false
6101,200,false
6102,404,true
6103,200,false
6104,500,true
6105,200,false
6106,200,false
6107,404,true
6108,200,false
6109,500,true
6110,200,false
6111,200,false
6112,404,true
6113,200,false
6114,500,true
6115,200,false
6116,200,false
6117,404,true
6118,200,false
6119,500,true
6120,200,false
6121,200,false
6122,404,true
6123,200,false
6124,500,true
6125,200,false
6126,200,false
6127,404,true
6128,200,false
6129,500,true
6130,200,false
6131,200,false
6132,404,true
6133,200,false
6134,500,true
6135,200,false
6136,200,false
6137,404,true
6138,200,false
6139,500,true
6140,200,false
6141,200,false
6142,404,true
6143,200,false
6144,500,true
6145,200,false
6146,200,false
6147,404,true
6148,200,false
6149,500,true
6150,200,false
6151,200,false
6152,404,true
6153,200,false
6154,500,true
6155,200,false
6156,200,false
6157,404,true
6158,200,false
6159,500,true
6160,200,false
6161,200,false
6162,404,true
6163,200,false
6164,500,true
6165,200,false
6166,200,false
6167,404,true
6168,200,false
6169,500,true
6170,200,false
6171,200,false
6172,404,true
6173,200,false
6174,500,true
6175,200,false
6176,200,false
6177,404,true
6178,200,false
6179,500,true
6180,200,false
6181,200,false
6182,404,true
6183,200,false
6184,500,true
6185,200,false
6186,200,false
6187,404,true
6188,200,false
6189,500,true
6190,200,false
6191,200,false
6192,404,true
6193,200,false
6194,500,true
6195,200,false
6196,200,false
6197,404,true
6198,200,false
6199,500,true
6200,200,false
6201,200,false
6202,404,true
6203,200,false
6204,500,true
6205,200,false
6206,200,false
6207,404,true
6208,200,false
6209,500,true
6210,200,false
6211,200,false
6212,404,true
6213,200,false
6214,500,true
6215,200,false
6216,200,false
6217,404,true
6218,200,false
6219,500,true
6220,200,false
6221,200,false
6222,404,true
6223,200,false
6224,500,true
6225,200,false
6226,200,false
6227,404,true
6228,200,false
6229,500,true
6230,200,false
6231,200,false
6232,404,true
6233,200,false
6234,500,true
6235,200,false
6236,200,false
6237,404,true
6238,200,false
6239,500,true
6240,200,false
6241,200,false
6242,404,true
6243,200,false
6244,500,true
6245,200,false
6246,200,false
6247,404,true
6248,200,false
6249,500,true
6250,200,false
6251,200,false
6252,404,true
6253,200,false
6254,500,true
6255,200,false
6256,200,false
6257,404,true
6258,200,false
6259,500,true
6260,200,false
6261,200,false
6262,404,true
6263,200,false
6264,500,true
6265,200,false
6266,200,false
6267,404,true
6268,200,false
6269,500,true
6270,200,false
6271,200,false
6272,404,true
6273,200,false
6274,500,true
6275,200,false
6276,200,false
6277,404,true
6278,200,false
6279,500,true
6280,200,false
6281,200,false
6282,404,true
6283,200,false
6284,500,true
6285,200,false
6286,200,false
6287,404,true
6288,200,false
6289,500,true
6290,200,false
6291,200,false
6292,404,true
6293,200,false
6294,500,true
6295,200,false
6296,200,false
6297,404,true
6298,200,false
6299,500,true
6300,200,false
6301,200,false
6302,404,true
6303,200,false
6304,500,true
6305,200,false
6306,200,false
6307,404,true
6308,200,false
6309,500,true
6310,200,false
6311,200,false
6312,404,true
6313,200,false
6314,500,true
6315,200,false
6316,200,false
6317,404,true
6318,200,false
6319,500,true
6320,200,false
6321,200,false
6322,404,true
6323,200,false
6324,500,true
6325,200,false
6326,200,false
6327,404,true
6328,200,false
6329,500,true
6330,200,false
6331,200,false
6332,404,true
6333,200,false
6334,500,true
6335,200,false
6336,200,false
6337,404,true
6338,200,false
6339,500,true
6340,200,false
6341,200,false
6342,404,true
6343,200,false
6344,500,true
6345,200,false
6346,200,false
6347,404,true
6348,200,false
6349,500,true
6350,200,false
6351,200,false
6352,404,true
6353,200,false
6354,500,true
6355,200,false
6356,200,false
6357,404,true
6358,200,false
6359,500,true
6360,200,false
6361,200,false
6362,404,true
6363,200,false
6364,500,true
6365,200,false
6366,200,false
6367,404,true
6368,200,false
6369,500,true
6370,200,false
6371,200,false
6372,404,true
6373,200,false
6374,500,true
6375,200,false
6376,200,false
6377,404,true
6378,200,false
6379,500,true
6380,200,false
6381,200,false
6382,404,true
6383,200,false
6384,500,true
6385,200,false
6386,200,false
6387,404,true
6388,200,false
6389,500,true
6390,200,false
6391,200,false
6392,404,true
6393,200,false
6394,500,true
6395,200,false
6396,200,false
6397,404,true
6398,200,false
6399,500,true
6400,200,false
6401,200,false
6402,404,true
6403,200,false
6404,500,true
6405,200,false
6406,200,false
6407,404,true
6408,200,false
6409,500,true
6410,200,false
6411,200,false
6412,404,true
6413,200,false
6414,500,true
6415,200,false
6416,200,false
6417,404,true
6418,200,false
6419,500,true
6420,200,false
6421,200,false
6422,404,true
6423,200,false
6424,500,true
6425,200,false
6426,200,false
6427,404,true
6428,200,false
6429,500,true
6430,200,false
6431,200,false
6432,404,true
6433,200,false
6434,500,true
6435,200,false
6436,200,false
6437,404,true
6438,200,false
6439,500,true
6440,200,false
6441,200,false
6442,404,true
6443,200,false
6444,500,true
6445,200,false
6446,200,false
6447,404,true
6448,200,false
6449,500,true
6450,200,false
6451,200,false
6452,404,true
6453,200,false
6454,500,true
6455,200,false
6456,200,false
6457,404,true
6458,200,false
6459,500,true
6460,200,false
6461,200,false
6462,404,true
6463,200,false
6464,500,true
6465,200,false
6466,200,false
6467,404,true
6468,200,false
6469,500,true
6470,200,false
6471,200,false
6472,404,true
6473,200,false
6474,500,true
6475,200,false
6476,200,false
6477,404,true
6478,200,false
6479,500,true
6480,200,false
6481,200,false
6482,404,true
6483,200,false
6484,500,true
6485,200,false
6486,200,false
6487,404,true
6488,200,false
6489,500,true
6490,200,false
6491,200,false
6492,404,true
6493,200,false
6494,500,true
6495,200,false
6496,200,false
6497,404,true
6498,200,false
6499,500,true
6500,200,false
6501,200,false
6502,404,true
6503,200,false
6504,500,true
6505,200,false
6506,200,false
6507,404,true
6508,200,false
6509,500,true
6510,200,false
6511,200,false
6512,404,true
6513,200,false
6514,500,true
6515,200,false
6516,200,false
6517,404,true
6518,200,false
6519,500,true
6520,200,false
6521,200,false
6522,404,true
6523,200,false
6524,500,true
6525,200,false
6526,200,false
6527,404,true
6528,200,false
6529,500,true
6530,200,false
6531,200,false
6532,404,true
6533,200,false
6534,500,true
6535,200,false
6536,200,false
6537,404,true
6538,200,false
6539,500,true
6540,200,false
6541,200,false
6542,404,true
6543,200,false
6544,500,true
6545,200,false
6546,200,false
6547,404,true
6548,200,false
6549,500,true
6550,200,false
6551,200,false
6552,404,true
6553,200,false
6554,500,true
6555,200,false
6556,200,false
6557,404,true
6558,200,false
6559,500,true
6560,200,false
6561,200,false
6562,404,true
6563,200,false
6564,500,true
6565,200,false
6566,200,false
6567,404,true
6568,200,false
6569,500,true
6570,200,false
6571,200,false
6572,404,true
6573,200,false
6574,500,true
6575,200,false
6576,200,false
6577,404,true
6578,200,false
6579,500,true
6580,200,false
6581,200,false
6582,404,true
6583,200,false
6584,500,true
6585,200,false
6586,200,false
6587,404,true
6588,200,false
6589,500,true
6590,200,false
6591,200,false
6592,404,true
6593,200,false
6594,500,true
6595,200,false
6596,200,false
6597,404,true
6598,200,false
6599,500,true
6600,200,false
6601,200,false
6602,404,true
6603,200,false
6604,500,true
6605,200,false
6606,200,false
6607,404,true
6608,200,false
6609,500,true
6610,200,false
6611,200,false
6612,404,true
6613,200,false
6614,500,true
6615,200,false
6616,200,false
6617,404,true
6618,200,false
6619,500,true
6620,200,false
6621,200,false
6622,404,true
6623,200,false
6624,500,true
6625,200,false
6626,200,false
6627,404,true
6628,200,false
6629,500,true
6630,200,false
6631,200,false
6632,404,true
6633,200,false
6634,500,true
6635,200,false
6636,200,false
6637,404,true
6638,200,false
6639,500,true
6640,200,false
6641,200,false
6642,404,true
6643,200,false
6644,500,true
6645,200,false
6646,200,false
6647,404,true
6648,200,false
6649,500,true
6650,200,false
6651,200,false
6652,404,true
6653,200,false
6654,500,true
6655,200,false
6656,200,false
6657,404,true
6658,200,false
6659,500,true
6660,200,false
6661,200,false
6662,404,true
6663,200,false
6664,500,true
6665,200,false
6666,200,false
6667,404,true
6668,200,false
6669,500,true
6670,200,false
6671,200,false
6672,404,true
6673,200,false
6674,500,true
6675,200,false
6676,200,false
6677,404,true
6678,200,false
6679,500,true
6680,200,false
6681,200,false
6682,404,true
6683,200,false
6684,500,true
6685,200,false
6686,200,false
6687,404,true
6688,200,false
6689,500,true
6690,200,false
6691,200,false
6692,404,true
6693,200,false
6694,500,true
6695,200,false
6696,200,false
6697,404,true
6698,200,false
6699,500,true
6700,200,false
6701,200,false
6702,404,true
6703,200,false
6704,500,true
6705,200,false
6706,200,false
6707,404,true
6708,200,false
6709,500,true
6710,200,false
6711,200,false
6712,404,true
6713,200,false
6714,500,true
6715,200,false
6716,200,false
6717,404,true
6718,200,false
6719,500,true
6720,200,false
6721,200,false
6722,404,true
6723,200,false
6724,500,true
6725,200,false
6726,200,false
6727,404,true
6728,200,false
6729,500,true
6730,200,false
6731,200,false
6732,404,true
6733,200,false
6734,500,true
6735,200,false
6736,200,false
6737,404,true
6738,200,false
6739,500,true
6740,200,false
6741,200,false
6742,404,true
6743,200,false
6744,500,true
6745,200,false
6746,200,false
6747,404,true
6748,200,false
6749,500,true
6750,200,false
6751,200,false
6752,404,true
6753,200,false
6754,500,true
6755,200,false
6756,200,false
6757,404,true
6758,200,false
6759,500,true
6760,200,false
6761,200,false
6762,404,true
6763,200,false
6764,500,true
6765,200,false
6766,200,false
6767,404,true
6768,200,false
6769,500,true
6770,200,false
6771,200,false
6772,404,true
6773,200,false
6774,500,true
6775,200,false
6776,200,false
6777,404,true
6778,200,false
6779,500,true
6780,200,false
6781,200,false
6782,404,true
6783,200,false
6784,500,true
6785,200,false
6786,200,false
6787,404,true
6788,200,false
6789,500,true
6790,200,false
6791,200,false
6792,404,true
6793,200,false
6794,500,true
6795,200,false
6796,200,false
6797,404,true
6798,200,false
6799,500,true
6800,200,false
6801,200,false
6802,404,true
6803,200,false
6804,500,true
6805,200,false
6806,200,false
6807,404,true
6808,200,false
6809,500,true
6810,200,false
6811,200,false
6812,404,true
6813,200,false
6814,500,true
6815,200,false
6816,200,false
6817,404,true
6818,200,false
6819,500,true
6820,200,false
6821,200,false
6822,404,true
6823,200,false
6824,500,true
6825,200,false
6826,200,false
6827,404,true
6828,200,false
6829,500,true
6830,200,false
6831,200,false
6832,404,true
6833,200,false
6834,500,true
6835,200,false
6836,200,false
6837,404,true
6838,200,false
6839,500,true
6840,200,false
6841,200,false
6842,404,true
6843,200,false
6844,500,true
6845,200,false
6846,200,false
6847,404,true
6848,200,false
6849,500,true
6850,200,false
6851,200,false
6852,404,true
6853,200,false
6854,500,true
6855,200,false
6856,200,false
6857,404,true
6858,200,false
6859,500,true
6860,200,false
6861,200,false
6862,404,true
6863,200,false
6864,500,true
6865,200,false
6866,200,false
6867,404,true
6868,200,false
6869,500,true
6870,200,false
6871,200,false
6872,404,true
6873,200,false
6874,500,true
6875,200,false
6876,200,false
6877,404,true
6878,200,false
6879,500,true
6880,200,false
6881,200,false
6882,404,true
6883,200,false
6884,500,true
6885,200,false
6886,200,false
6887,404,true
6888,200,false
6889,500,true
6890,200,false
6891,200,false
6892,404,true
6893,200,false
6894,500,true
6895,200,false
6896,200,false
6897,404,true
6898,200,false
6899,500,true
6900,200,false
6901,200,false
6902,404,true
6903,200,false
6904,500,true
6905,200,false
6906,200,false
6907,404,true
6908,200,false
6909,500,true
6910,200,false
6911,200,false
6912,404,true
6913,200,false
6914,500,true
6915,200,false
6916,200,false
6917,404,true
6918,200,false
6919,500,true
6920,200,false
6921,200,false
6922,404,true
6923,200,false
6924,500,true
6925,200,false
6926,200,false
6927,404,true
6928,200,false
6929,500,true
6930,200,false
6931,200,false
6932,404,true
6933,200,false
6934,500,true
6935,200,false
6936,200,false
6937,404,true
6938,200,false
6939,500,true
6940,200,false
6941,200,false
6942,404,true
6943,200,false
6944,500,true
6945,200,false
6946,200,false
6947,404,true
6948,200,false
6949,500,true
6950,200,false
6951,200,false
6952,404,true
6953,200,false
6954,500,true
6955,200,false
6956,200,false
6957,404,true
6958,200,false
6959,500,true
6960,200,false
6961,200,false
6962,404,true
6963,200,false
6964,500,true
6965,200,false
6966,200,false
6967,404,true
6968,200,false
6969,500,true
6970,200,false
6971,200,false
6972,404,true
6973,200,false
6974,500,true
6975,200,false
6976,200,false
6977,404,true
6978,200,false
6979,500,true
6980,200,false
6981,200,false
6982,404,true
6983,200,false
6984,500,true
6985,200,false
6986,200,false
6987,404,true
6988,200,false
6989,500,true
6990,200,false
6991,200,false
6992,404,true
6993,200,false
6994,500,true
6995,200,false
6996,200,false
6997,404,true
6998,200,false
6999,500,true
7000,200,false
7001,200,false
7002,404,true
7003,200,false
7004,500,true
7005,200,false
7006,200,false
7007,404,true
7008,200,false
7009,500,true
7010,200,false
7011,200,false
7012,404,true
7013,200,false
7014,500,true
7015,200,false
7016,200,false
7017,404,true
7018,200,false
7019,500,true
7020,200,false
7021,200,false
7022,404,true
7023,200,false
7024,500,true
7025,200,false
7026,200,false
7027,404,true
7028,200,false
7029,500,true
7030,200,false
7031,200,false
7032,404,true
7033,200,false
7034,500,true
7035,200,false
7036,200,false
7037,404,true
7038,200,false
7039,500,true
7040,200,false
7041,200,false
7042,404,true
7043,200,false
7044,500,true
7045,200,false
7046,200,false
7047,404,true
7048,200,false
7049,500,true
7050,200,false
7051,200,false
7052,404,true
7053,200,false
7054,500,true
7055,200,false
7056,200,false
7057,404,true
7058,200,false
7059,500,true
7060,200,false
7061,200,false
7062,404,true
7063,200,false
7064,500,true
7065,200,false
7066,200,false
7067,404,true
7068,200,false
7069,500,true
7070,200,false
7071,200,false
7072,404,true
7073,200,false
7074,500,true
7075,200,false
7076,200,false
7077,404,true
7078,200,false
7079,500,true
7080,200,false
7081,200,false
7082,404,true
7083,200,false
7084,500,true
7085,200,false
7086,200,false
7087,404,true
7088,200,false
7089,500,true
7090,200,false
7091,200,false
7092,404,true
7093,200,false
7094,500,true
7095,200,false
7096,200,false
7097,404,true
7098,200,false
7099,500,true
7100,200,false
7101,200,false
7102,404,true
7103,200,false
7104,500,true
7105,200,false
7106,200,false
7107,404,true
7108,200,false
7109,500,true
7110,200,false
7111,200,false
7112,404,true
7113,200,false
7114,500,true
7115,200,false
7116,200,false
7117,404,true
7118,200,false
7119,500,true
7120,200,false
7121,200,false
7122,404,true
7123,200,false
7124,500,true
7125,200,false
7126,200,false
7127,404,true
7128,200,false
7129,500,true
7130,200,false
7131,200,false
7132,404,true
7133,200,false
7134,500,true
7135,200,false
7136,200,false
7137,404,true
7138,200,false
7139,500,true
7140,200,false
7141,200,false
7142,404,true
7143,200,false
7144,500,true
7145,200,false
7146,200,false
7147,404,true
7148,200,false
7149,500,true
7150,200,false
7151,200,false
7152,404,true
7153,200,false
7154,500,true
7155,200,false
7156,200,false
7157,404,true
7158,200,false
7159,500,true
7160,200,false
7161,200,false
7162,404,true
7163,200,false
7164,500,true
7165,200,false
7166,200,false
7167,404,true
7168,200,false
7169,500,true
7170,200,false
7171,200,false
7172,404,true
7173,200,false
7174,500,true
7175,200,false
7176,200,false
7177,404,true
7178,200,false
7179,500,true
7180,200,false
7181,200,false
7182,404,true
7183,200,false
7184,500,true
7185,200,false
7186,200,false
7187,404,true
7188,200,false
7189,500,true
7190,200,false
7191,200,false
7192,404,true
7193,200,false
7194,500,true
7195,200,false
7196,200,false
7197,404,true
7198,200,false
7199,500,true
7200,200,false
7201,200,false
7202,404,true
7203,200,false
7204,500,true
7205,200,false
7206,200,false
7207,404,true
7208,200,false
7209,500,true
7210,200,false
7211,200,false
7212,404,true
7213,200,false
7214,500,true
7215,200,false
7216,200,false
7217,404,true
7218,200,false
7219,500,true
7220,200,false
7221,200,false
7222,404,true
7223,200,false
7224,500,true
7225,200,false
7226,200,false
7227,404,true
7228,200,false
7229,500,true
7230,200,false
7231,200,false
7232,404,true
7233,200,false
7234,500,true
7235,200,false
7236,200,false
7237,404,true
7238,200,false
7239,500,true
7240,200,false
7241,200,false
7242,404,true
7243,200,false
7244,500,true
7245,200,false
7246,200,false
7247,404,true
7248,200,false
7249,500,true
7250,200,false
7251,200,false
7252,404,true
7253,200,false
7254,500,true
7255,200,false
7256,200,false
7257,404,true
7258,200,false
7259,500,true
7260,200,false
7261,200,false
7262,404,true
7263,200,false
7264,500,true
7265,200,false
7266,200,false
7267,404,true
7268,200,false
7269,500,true
7270,200,false
7271,200,false
7272,404,true
7273,200,false
7274,500,true
7275,200,false
7276,200,false
7277,404,true
7278,200,false
7279,500,true
7280,200,false
7281,200,false
7282,404,true
7283,200,false
7284,500,true
7285,200,false
7286,200,false
7287,404,true
7288,200,false
7289,500,true
7290,200,false
7291,200,false
7292,404,true
7293,200,false
7294,500,true
7295,200,false
7296,200,false
7297,404,true
7298,200,false
7299,500,true
7300,200,false
7301,200,false
7302,404,true
7303,200,false
7304,500,true
7305,200,false
7306,200,false
7307,404,true
7308,200,false
7309,500,true
7310,200,false
7311,200,false
7312,404,true
7313,200,false
7314,500,true
7315,200,false
7316,200,false
7317,404,true
7318,200,false
7319,500,true
7320,200,false
7321,200,false
7322,404,true
7323,200,false
7324,500,true
7325,200,false
7326,200,false
7327,404,true
7328,200,false
7329,500,true
7330,200,false
7331,200,false
7332,404,true
7333,200,false
7334,500,true
7335,200,false
7336,200,false
7337,404,true
7338,200,false
7339,500,true
7340,200,false
7341,200,false
7342,404,true
7343,200,false
7344,500,true
7345,200,false
7346,200,false
7347,404,true
7348,200,false
7349,500,true
7350,200,false
7351,200,false
7352,404,true
7353,200,false
7354,500,true
7355,200,false
7356,200,false
7357,404,true
7358,200,false
7359,500,true
7360,200,false
7361,200,false
7362,404,true
7363,200,false
7364,500,true
7365,200,false
7366,200,false
7367,404,true
7368,200,false
7369,500,true
7370,200,false
7371,200,false
7372,404,true
7373,200,false
7374,500,true
7375,200,false
7376,200,false
7377,404,true
7378,200,false
7379,500,true
7380,200,false
7381,200,false
7382,404,true
7383,200,false
7384,500,true
7385,200,false
7386,200,false
7387,404,true
7388,200,false
7389,500,true
7390,200,false
7391,200,false
7392,404,true
7393,200,false
7394,500,true
7395,200,false
7396,200,false
7397,404,true
7398,200,false
7399,500,true
7400,200,false
7401,200,false
7402,404,true
7403,200,false
7404,500,true
7405,200,false
7406,200,false
7407,404,true
7408,200,false
7409,500,true
7410,200,false
7411,200,false
7412,404,true
7413,200,false
7414,500,true
7415,200,false
7416,200,false
7417,404,true
7418,200,false
7419,500,true
7420,200,false
7421,200,false
7422,404,true
7423,200,false
7424,500,true
7425,200,false
7426,200,false
7427,404,true
7428,200,false
7429,500,true
7430,200,false
7431,200,false
7432,404,true
7433,200,false
7434,500,true
7435,200,false
7436,200,false
7437,404,true
7438,200,false
7439,500,true
7440,200,false
7441,200,false
7442,404,true
7443,200,false
7444,500,true
7445,200,false
7446,200,false
7447,404,true
7448,200,false
7449,500,true
7450,200,false
7451,200,false
7452,404,true
7453,200,false
7454,500,true
7455,200,false
7456,200,false
7457,404,true
7458,200,false
7459,500,true
7460,200,false
7461,200,false
7462,404,true
7463,200,false
7464,500,true
7465,200,false
7466,200,false
7467,404,true
7468,200,false
7469,500,true
7470,200,false
7471,200,false
7472,404,true
7473,200,false
7474,500,true
7475,200,false
7476,200,false
7477,404,true
7478,200,false
7479,500,true
7480,200,false
7481,200,false
7482,404,true
7483,200,false
7484,500,true
7485,200,false
7486,200,false
7487,404,true
7488,200,false
7489,500,true
7490,200,false
7491,200,false
7492,404,true
7493,200,false
7494,500,true
7495,200,false
7496,200,false
7497,404,true
7498,200,false
7499,500,true
7500,200,false
7501,200,false
7502,404,true
7503,200,false
7504,500,true
7505,200,false
7506,200,false
7507,404,true
7508,200,false
7509,500,true
7510,200,false
7511,200,false
7512,404,true
7513,200,false
7514,500,true
7515,200,false
7516,200,false
7517,404,true
7518,200,false
7519,500,true
7520,200,false
7521,200,false
7522,404,true
7523,200,false
7524,500,true
7525,200,false
7526,200,false
7527,404,true
7528,200,false
7529,500,true
7530,200,false
7531,200,false
7532,404,true
7533,200,false
7534,500,true
7535,200,false
7536,200,false
7537,404,true
7538,200,false
7539,500,true
7540,200,false
7541,200,false
7542,404,true
7543,200,false
7544,500,true
7545,200,false
7546,200,false
7547,404,true
7548,200,false
7549,500,true
7550,200,false
7551,200,false
7552,404,true
7553,200,false
7554,500,true
7555,200,false
7556,200,false
7557,404,true
7558,200,false
7559,500,true
7560,200,false
7561,200,false
7562,404,true
7563,200,false
7564,500,true
7565,200,false
7566,200,false
7567,404,true
7568,200,false
7569,500,true
7570,200,false
7571,200,false
7572,404,true
7573,200,false
7574,500,true
7575,200,false
7576,200,false
7577,404,true
7578,200,false
7579,500,true
7580,200,false
7581,200,false
7582,404,true
7583,200,false
7584,500,true
7585,200,false
7586,200,false
7587,404,true
7588,200,false
7589,500,true
7590,200,false
7591,200,false
7592,404,true
7593,200,false
7594,500,true
7595,200,false
7596,200,false
7597,404,true
7598,200,false
7599,500,true
7600,200,false
7601,200,false
7602,404,true
7603,200,false
7604,500,true
7605,200,false
7606,200,false
7607,404,true
7608,200,false
7609,500,true
7610,200,false
7611,200,false
7612,404,true
7613,200,false
7614,500,true
7615,200,false
7616,200,false
7617,404,true
7618,200,false
7619,500,true
7620,200,false
7621,200,false
7622,404,true
7623,200,false
7624,500,true
7625,200,false
7626,200,false
7627,404,true
7628,200,false
7629,500,true
7630,200,false
7631,200,false
7632,404,true
7633,200,false
7634,500,true
7635,200,false
7636,200,false
7637,404,true
7638,200,false
7639,500,true
7640,200,false
7641,200,false
7642,404,true
7643,200,false
7644,500,true
7645,200,false
7646,200,false
7647,404,true
7648,200,false
7649,500,true
7650,200,false
7651,200,false
7652,404,true
7653,200,false
7654,500,true
7655,200,false
7656,200,false
7657,404,true
7658,200,false
7659,500,true
7660,200,false
7661,200,false
7662,404,true
7663,200,false
7664,500,true
7665,200,false
7666,200,false
7667,404,true
7668,200,false
7669,500,true
7670,200,false
7671,200,false
7672,404,true
7673,200,false
7674,500,true
7675,200,false
7676,200,false
7677,404,true
7678,200,false
7679,500,true
7680,200,false
7681,200,false
7682,404,true
7683,200,false
7684,500,true
7685,200,false
7686,200,false
7687,404,true
7688,200,false
7689,500,true
7690,200,false
7691,200,false
7692,404,true
7693,200,false
7694,500,true
7695,200,false
7696,200,false
7697,404,true
7698,200,false
7699,500,true
7700,200,false
7701,200,false
7702,404,true
7703,200,false
7704,500,true
7705,200,false
7706,200,false
7707,404,true
7708,200,false
7709,500,true
7710,200,false
7711,200,false
7712,404,true
7713,200,false
7714,500,true
7715,200,false
7716,200,false
7717,404,true
7718,200,false
7719,500,true
7720,200,false
7721,200,false
7722,404,true
7723,200,false
7724,500,true
7725,200,false
7726,200,false
7727,404,true
7728,200,false
7729,500,true
7730,200,false
7731,200,false
7732,404,true
7733,200,false
7734,500,true
7735,200,false
7736,200,false
7737,404,true
7738,200,false
7739,500,true
7740,200,false
7741,200,false
7742,404,true
7743,200,false
7744,500,true
7745,200,false
7746,200,false
7747,404,true
7748,200,false
7749,500,true
7750,200,false
7751,200,false
7752,404,true
7753,200,false
7754,500,true
7755,200,false
7756,200,false
7757,404,true
7758,200,false
7759,500,true
7760,200,false
7761,200,false
7762,404,true
7763,200,false
7764,500,true
7765,200,false
7766,200,false
7767,404,true
7768,200,false
7769,500,true
7770,200,false
7771,200,false
7772,404,true
7773,200,false
7774,500,true
7775,200,false
7776,200,false
7777,404,true
7778,200,false
7779,500,true
7780,200,false
7781,200,false
7782,404,true
7783,200,false
7784,500,true
7785,200,false
7786,200,false
7787,404,true
7788,200,false
7789,500,true
7790,200,false
7791,200,false
7792,404,true
7793,200,false
7794,500,true
7795,200,false
7796,200,false
7797,404,true
7798,200,false
7799,500,true
7800,200,false
7801,200,false
7802,404,true
7803,200,false
7804,500,true
7805,200,false
7806,200,false
7807,404,true
7808,200,false
7809,500,true
7810,200,false
7811,200,false
7812,404,true
7813,200,false
7814,500,true
7815,200,false
7816,200,false
7817,404,true
7818,200,false
7819,500,true
7820,200,false
7821,200,false
7822,404,true
7823,200,false
7824,500,true
7825,200,false
7826,200,false
7827,404,true
7828,200,false
7829,500,true
7830,200,false
7831,200,false
7832,404,true
7833,200,false
7834,500,true
7835,200,false
7836,200,false
7837,404,true
7838,200,false
7839,500,true
7840,200,false
7841,200,false
7842,404,true
7843,200,false
7844,500,true
7845,200,false
7846,200,false
7847,404,true
7848,200,false
7849,500,true
7850,200,false
7851,200,false
7852,404,true
7853,200,false
7854,500,true
7855,200,false
7856,200,false
7857,404,true
7858,200,false
7859,500,true
7860,200,false
7861,200,false
7862,404,true
7863,200,false
7864,500,true
7865,200,false
7866,200,false
7867,404,true
7868,200,false
7869,500,true
7870,200,false
7871,200,false
7872,404,true
7873,200,false
7874,500,true
7875,200,false
7876,200,false
7877,404,true
7878,200,false
7879,500,true
7880,200,false
7881,200,false
7882,404,true
7883,200,false
7884,500,true
7885,200,false
7886,200,false
7887,404,true
7888,200,false
7889,500,true
7890,200,false
7891,200,false
7892,404,true
7893,200,false
7894,500,true
7895,200,false
7896,200,false
7897,404,true
7898,200,false
7899,500,true
7900,200,false
7901,200,false
7902,404,true
7903,200,false
7904,500,true
7905,200,false
7906,200,false
7907,404,true
7908,200,false
7909,500,true
7910,200,false
7911,200,false
7912,404,true
7913,200,false
7914,500,true
7915,200,false
7916,200,false
7917,404,true
7918,200,false
7919,500,true
7920,200,false
7921,200,false
7922,404,true
7923,200,false
7924,500,true
7925,200,false
7926,200,false
7927,404,true
7928,200,false
7929,500,true
7930,200,false
7931,200,false
7932,404,true
7933,200,false
7934,500,true
7935,200,false
7936,200,false
7937,404,true
7938,200,false
7939,500,true
7940,200,false
7941,200,false
7942,404,true
7943,200,false
7944,500,true
7945,200,false
7946,200,false
7947,404,true
7948,200,false
7949,500,true
7950,200,false
7951,200,false
7952,404,true
7953,200,false
7954,500,true
7955,200,false
7956,200,false
7957,404,true
7958,200,false
7959,500,true
7960,200,false
7961,200,false
7962,404,true
7963,200,false
7964,500,true
7965,200,false
7966,200,false
7967,404,true
7968,200,false
7969,500,true
7970,200,false
7971,200,false
7972,404,true
7973,200,false
7974,500,true
7975,200,false
7976,200,false
7977,404,true
7978,200,false
7979,500,true
7980,200,false
7981,200,false
7982,404,true
7983,200,false
7984,500,true
7985,200,false
7986,200,false
7987,404,true
7988,200,false
7989,500,true
7990,200,false
7991,200,false
7992,404,true
7993,200,false
7994,500,true
7995,200,false
7996,200,false
7997,404,true
7998,200,false
7999,500,true
8000,200,false
8001,200,false
8002,404,true
8003,200,false
8004,500,true
8005,200,false
8006,200,false
8007,404,true
8008,200,false
8009,500,true
8010,200,false
8011,200,false
8012,404,true
8013,200,false
8014,500,true
8015,200,false
8016,200,false
8017,404,true
8018,200,false
8019,500,true
8020,200,false
8021,200,false
8022,404,true
8023,200,false
8024,500,true
8025,200,false
8026,200,false
8027,404,true
8028,200,false
8029,500,true
8030,200,false
8031,200,false
8032,404,true
8033,200,false
8034,500,true
8035,200,false
8036,200,false
8037,404,true
8038,200,false
8039,500,true
8040,200,false
8041,200,false
8042,404,true
8043,200,false
8044,500,true
8045,200,false
8046,200,false
8047,404,true
8048,200,false
8049,500,true
8050,200,false
8051,200,false
8052,404,true
8053,200,false
8054,500,true
8055,200,false
8056,200,false
8057,404,true
8058,200,false
8059,500,true
8060,200,false
8061,200,false
8062,404,true
8063,200,false
8064,500,true
8065,200,false
8066,200,false
8067,404,true
8068,200,false
8069,500,true
8070,200,false
8071,200,false
8072,404,true
8073,200,false
8074,500,true
8075,200,false
8076,200,false
8077,404,true
8078,200,false
8079,500,true
8080,200,false
8081,200,false
8082,404,true
8083,200,false
8084,500,true
8085,200,false
8086,200,false
8087,404,true
8088,200,false
8089,500,true
8090,200,false
8091,200,false
8092,404,true
8093,200,false
8094,500,true
8095,200,false
8096,200,false
8097,404,true
8098,200,false
8099,500,true
8100,200,false
8101,200,false
8102,404,true
8103,200,false
8104,500,true
8105,200,false
8106,200,false
8107,404,true
8108,200,false
8109,500,true
8110,200,false
8111,200,false
8112,404,true
8113,200,false
8114,500,true
8115,200,false
8116,200,false
8117,404,true
8118,200,false
8119,500,true
8120,200,false
8121,200,false
8122,404,true
8123,200,false
8124,500,true
8125,200,false
8126,200,false
8127,404,true
8128,200,false
8129,500,true
8130,200,false
8131,200,false
8132,404,true
8133,200,false
8134,500,true
8135,200,false
8136,200,false
8137,404,true
8138,200,false
8139,500,true
8140,200,false
8141,200,false
8142,404,true
8143,200,false
8144,500,true
8145,200,false
8146,200,false
8147,404,true
8148,200,false
8149,500,true
8150,200,false
8151,200,false
8152,404,true
8153,200,false
8154,500,true
8155,200,false
8156,200,false
8157,404,true
8158,200,false
8159,500,true
8160,200,false
8161,200,false
8162,404,true
8163,200,false
8164,500,true
8165,200,false
8166,200,false
8167,404,true
8168,200,false
8169,500,true
8170,200,false
8171,200,false
8172,404,true
8173,200,false
8174,500,true
8175,200,false
8176,200,false
8177,404,true
8178,200,false
8179,500,true
8180,200,false
8181,200,false
8182,404,true
8183,200,false
8184,500,true
8185,200,false
8186,200,false
8187,404,true
8188,200,false
8189,500,true
8190,200,false
8191,200,false
8192,404,true
8193,200,false
8194,500,true
8195,200,false
8196,200,false
8197,404,true
8198,200,false
8199,500,true
8200,200,false
8201,200,false
8202,404,true
8203,200,false
8204,500,true
8205,200,false
8206,200,false
8207,404,true
8208,200,false
8209,500,true
8210,200,false
8211,200,false
8212,404,true
8213,200,false
8214,500,true
8215,200,false
8216,200,false
8217,404,true
8218,200,false
8219,500,true
8220,200,false
8221,200,false
8222,404,true
8223,200,false
8224,500,true
8225,200,false
8226,200,false
8227,404,true
8228,200,false
8229,500,true
8230,200,false
8231,200,false
8232,404,true
8233,200,false
8234,500,true
8235,200,false
8236,200,false
8237,404,true
8238,200,false
8239,500,true
8240,200,false
8241,200,false
8242,404,true
8243,200,false
8244,500,true
8245,200,false
8246,200,false
8247,404,true
8248,200,false
8249,500,true
8250,200,false
8251,200,false
8252,404,true
8253,200,false
8254,500,true
8255,200,false
8256,200,false
8257,404,true
8258,200,false
8259,500,true
8260,200,false
8261,200,false
8262,404,true
8263,200,false
8264,500,true
8265,200,false
8266,200,false
8267,404,true
8268,200,false
8269,500,true
8270,200,false
8271,200,false
8272,404,true
8273,200,false
8274,500,true
8275,200,false
8276,200,false
8277,404,true
8278,200,false
8279,500,true
8280,200,false
8281,200,false
8282,404,true
8283,200,false
8284,500,true
8285,200,false
8286,200,false
8287,404,true
8288,200,false
8289,500,true
8290,200,false
8291,200,false
8292,404,true
8293,200,false
8294,500,true
8295,200,false
8296,200,false
8297,404,true
8298,200,false
8299,500,true
8300,200,false
8301,200,false
8302,404,true
8303,200,false
8304,500,true
8305,200,false
8306,200,false
8307,404,true
8308,200,false
8309,500,true
8310,200,false
8311,200,false
8312,404,true
8313,200,false
8314,500,true
8315,200,false
8316,200,false
8317,404,true
8318,200,false
8319,500,true
8320,200,false
8321,200,false
8322,404,true
8323,200,false
8324,500,true
8325,200,false
8326,200,false
8327,404,true
8328,200,false
8329,500,true
8330,200,false
8331,200,false
8332,404,true
8333,200,false
8334,500,true
8335,200,false
8336,200,false
8337,404,true
8338,200,false
8339,500,true
8340,200,false
8341,200,false
8342,404,true
8343,200,false
8344,500,true
8345,200,false
8346,200,false
8347,404,true
8348,200,false
8349,500,true
8350,200,false
8351,200,false
8352,404,true
8353,200,false
8354,500,true
8355,200,false
8356,200,false
8357,404,true
8358,200,false
8359,500,true
8360,200,false
8361,200,false
8362,404,true
8363,200,false
8364,500,true
8365,200,false
8366,200,false
8367,404,true
8368,200,false
8369,500,true
8370,200,false
8371,200,false
8372,404,true
8373,200,false
8374,500,true
8375,200,false
8376,200,false
8377,404,true
8378,200,false
8379,500,true
8380,200,false
8381,200,false
8382,404,true
8383,200,false
8384,500,true
8385,200,false
8386,200,false
8387,404,true
8388,200,false
8389,500,true
8390,200,false
8391,200,false
8392,404,true
8393,200,false
8394,500,true
8395,200,false
8396,200,false
8397,404,true
8398,200,false
8399,500,true
8400,200,false
8401,200,false
8402,404,true
8403,200,false
8404,500,true
8405,200,false
8406,200,false
8407,404,true
8408,200,false
8409,500,true
8410,200,false
8411,200,false
8412,404,true
8413,200,false
8414,500,true
8415,200,false
8416,200,false
8417,404,true
8418,200,false
8419,500,true
8420,200,false
8421,200,false
8422,404,true
8423,200,false
8424,500,true
8425,200,false
8426,200,false
8427,404,true
8428,200,false
8429,500,true
8430,200,false
8431,200,false
8432,404,true
8433,200,false
8434,500,true
8435,200,false
8436,200,false
8437,404,true
8438,200,false
8439,500,true
8440,200,false
8441,200,false
8442,404,true
8443,200,false
8444,500,true
8445,200,false
8446,200,false
8447,404,true
8448,200,false
8449,500,true
8450,200,false
8451,200,false
8452,404,true
8453,200,false
8454,500,true
8455,200,false
8456,200,false
8457,404,true
8458,200,false
8459,500,true
8460,200,false
8461,200,false
8462,404,true
8463,200,false
8464,500,true
8465,200,false
8466,200,false
8467,404,true
8468,200,false
8469,500,true
8470,200,false
8471,200,false
8472,404,true
8473,200,false
8474,500,true
8475,200,false
8476,200,false
8477,404,true
8478,200,false
8479,500,true
8480,200,false
8481,200,false
8482,404,true
8483,200,false
8484,500,true
8485,200,false
8486,200,false
8487,404,true
8488,200,false
8489,500,true
8490,200,false
8491,200,false
8492,404,true
8493,200,false
8494,500,true
8495,200,false
8496,200,false
8497,404,true
8498,200,false
8499,500,true
8500,200,false
8501,200,false
8502,404,true
8503,200,false
8504,500,true
8505,200,false
8506,200,false
8507,404,true
8508,200,false
8509,500,true
8510,200,false
8511,200,false
8512,404,true
8513,200,false
8514,500,true
8515,200,false
8516,200,false
8517,404,true
8518,200,false
8519,500,true
8520,200,false
8521,200,false
8522,404,true
8523,200,false
8524,500,true
8525,200,false
8526,200,false
8527,404,true
8528,200,false
8529,500,true
8530,200,false
8531,200,false
8532,404,true
8533,200,false
8534,500,true
8535,200,false
8536,200,false
8537,404,true
8538,200,false
8539,500,true
8540,200,false
8541,200,false
8542,404,true
8543,200,false
8544,500,true
8545,200,false
8546,200,false
8547,404,true
8548,200,false
8549,500,true
8550,200,false
8551,200,false
8552,404,true
8553,200,false
8554,500,true
8555,200,false
8556,200,false
8557,404,true
8558,200,false
8559,500,true
8560,200,false
8561,200,false
8562,404,true
8563,200,false
8564,500,true
8565,200,false
8566,200,false
8567,404,true
8568,200,false
8569,500,true
8570,200,false
8571,200,false
8572,404,true
8573,200,false
8574,500,true
8575,200,false
8576,200,false
8577,404,true
8578,200,false
8579,500,true
8580,200,false
8581,200,false
8582,404,true
8583,200,false
8584,500,true
8585,200,false
8586,200,false
8587,404,true
8588,200,false
8589,500,true
8590,200,false
8591,200,false
8592,404,true
8593,200,false
8594,500,true
8595,200,false
8596,200,false
8597,404,true
8598,200,false
8599,500,true
8600,200,false
8601,200,false
8602,404,true
8603,200,false
8604,500,true
8605,200,false
8606,200,false
8607,404,true
8608,200,false
8609,500,true
8610,200,false
8611,200,false
8612,404,true
8613,200,false
8614,500,true
8615,200,false
8616,200,false
8617,404,true
8618,200,false
8619,500,true
8620,200,false
8621,200,false
8622,404,true
8623,200,false
8624,500,true
8625,200,false
8626,200,false
8627,404,true
8628,200,false
8629,500,true
8630,200,false
8631,200,false
8632,404,true
8633,200,false
8634,500,true
8635,200,false
8636,200,false
8637,404,true
8638,200,false
8639,500,true
8640,200,false
8641,200,false
8642,404,true
8643,200,false
8644,500,true
8645,200,false
8646,200,false
8647,404,true
8648,200,false
8649,500,true
8650,200,false
8651,200,false
8652,404,true
8653,200,false
8654,500,true
8655,200,false
8656,200,false
8657,404,true
8658,200,false
8659,500,true
8660,200,false
8661,200,false
8662,404,true
8663,200,false
8664,500,true
8665,200,false
8666,200,false
8667,404,true
8668,200,false
8669,500,true
8670,200,false
8671,200,false
8672,404,true
8673,200,false
8674,500,true
8675,200,false
8676,200,false
8677,404,true
8678,200,false
8679,500,true
8680,200,false
8681,200,false
8682,404,true
8683,200,false
8684,500,true
8685,200,false
8686,200,false
8687,404,true
8688,200,false
8689,500,true
8690,200,false
8691,200,false
8692,404,true
8693,200,false
8694,500,true
8695,200,false
8696,200,false
8697,404,true
8698,200,false
8699,500,true
8700,200,false
8701,200,false
8702,404,true
8703,200,false
8704,500,true
8705,200,false
8706,200,false
8707,404,true
8708,200,false
8709,500,true
8710,200,false
8711,200,false
8712,404,true
8713,200,false
8714,500,true
8715,200,false
8716,200,false
8717,404,true
8718,200,false
8719,500,true
8720,200,false
8721,200,false
8722,404,true
8723,200,false
8724,500,true
8725,200,false
8726,200,false
8727,404,true
8728,200,false
8729,500,true
8730,200,false
8731,200,false
8732,404,true
8733,200,false
8734,500,true
8735,200,false
8736,200,false
8737,404,true
8738,200,false
8739,500,true
8740,200,false
8741,200,false
8742,404,true
8743,200,false
8744,500,true
8745,200,false
8746,200,false
8747,404,true
8748,200,false
8749,500,true
8750,200,false
8751,200,false
8752,404,true
8753,200,false
8754,500,true
8755,200,false
8756,200,false
8757,404,true
8758,200,false
8759,500,true
8760,200,false
8761,200,false
8762,404,true
8763,200,false
8764,500,true
8765,200,false
8766,200,false
8767,404,true
8768,200,false
8769,500,true
8770,200,false
8771,200,false
8772,404,true
8773,200,false
8774,500,true
8775,200,false
8776,200,false
8777,404,true
8778,200,false
8779,500,true
8780,200,false
8781,200,false
8782,404,true
8783,200,false
8784,500,true
8785,200,false
8786,200,false
8787,404,true
8788,200,false
8789,500,true
8790,200,false
8791,200,false
8792,404,true
8793,200,false
8794,500,true
8795,200,false
8796,200,false
8797,404,true
8798,200,false
8799,500,true
8800,200,false
8801,200,false
8802,404,true
8803,200,false
8804,500,true
8805,200,false
8806,200,false
8807,404,true
8808,200,false
8809,500,true
8810,200,false
8811,200,false
8812,404,true
8813,200,false
8814,500,true
8815,200,false
8816,200,false
8817,404,true
8818,200,false
8819,500,true
8820,200,false
8821,200,false
8822,404,true
8823,200,false
8824,500,true
8825,200,false
8826,200,false
8827,404,true
8828,200,false
8829,500,true
8830,200,false
8831,200,false
8832,404,true
8833,200,false
8834,500,true
8835,200,false
8836,200,false
8837,404,true
8838,200,false
8839,500,true
8840,200,false
8841,200,false
8842,404,true
8843,200,false
8844,500,true
8845,200,false
8846,200,false
8847,404,true
8848,200,false
8849,500,true
8850,200,false
8851,200,false
8852,404,true
8853,200,false
8854,500,true
8855,200,false
8856,200,false
8857,404,true
8858,200,false
8859,500,true
8860,200,false
8861,200,false
8862,404,true
8863,200,false
8864,500,true
8865,200,false
8866,200,false
8867,404,true
8868,200,false
8869,500,true
8870,200,false
8871,200,false
8872,404,true
8873,200,false
8874,500,true
8875,200,false
8876,200,false
8877,404,true
8878,200,false
8879,500,true
8880,200,false
8881,200,false
8882,404,true
8883,200,false
8884,500,true
8885,200,false
8886,200,false
8887,404,true
8888,200,false
8889,500,true
8890,200,false
8891,200,false
8892,404,true
8893,200,false
8894,500,true
8895,200,false
8896,200,false
8897,404,true
8898,200,false
8899,500,true
8900,200,false
8901,200,false
8902,404,true
8903,200,false
8904,500,true
8905,200,false
8906,200,false
8907,404,true
8908,200,false
8909,500,true
8910,200,false
8911,200,false
8912,404,true
8913,200,false
8914,500,true
8915,200,false
8916,200,false
8917,404,true
8918,200,false
8919,500,true
8920,200,false
8921,200,false
8922,404,true
8923,200,false
8924,500,true
8925,200,false
8926,200,false
8927,404,true
8928,200,false
8929,500,true
8930,200,false
8931,200,false
8932,404,true
8933,200,false
8934,500,true
8935,200,false
8936,200,false
8937,404,true
8938,200,false
8939,500,true
8940,200,false
8941,200,false
8942,404,true
8943,200,false
8944,500,true
8945,200,false
8946,200,false
8947,404,true
8948,200,false
8949,500,true
8950,200,false
8951,200,false
8952,404,true
8953,200,false
8954,500,true
8955,200,false
8956,200,false
8957,404,true
8958,200,false
8959,500,true
8960,200,false
8961,200,false
8962,404,true
8963,200,false
8964,500,true
8965,200,false
8966,200,false
8967,404,true
8968,200,false
8969,500,true
8970,200,false
8971,200,false
8972,404,true
8973,200,false
8974,500,true
8975,200,false
8976,200,false
8977,404,true
8978,200,false
8979,500,true
8980,200,false
8981,200,false
8982,404,true
8983,200,false
8984,500,true
8985,200,false
8986,200,false
8987,404,true
8988,200,false
8989,500,true
8990,200,false
8991,200,false
8992,404,true
8993,200,false
8994,500,true
8995,200,false
8996,200,false
8997,404,true
8998,200,false
8999,500,true
9000,200,false
9001,200,false
9002,404,true
9003,200,false
9004,500,true
9005,200,false
9006,200,false
9007,404,true
9008,200,false
9009,500,true
9010,200,false
9011,200,false
9012,404,true
9013,200,false
9014,500,true
9015,200,false
9016,200,false
9017,404,true
9018,200,false
9019,500,true
9020,200,false
9021,200,false
9022,404,true
9023,200,false
9024,500,true
9025,200,false
9026,200,false
9027,404,true
9028,200,false
9029,500,true
9030,200,false
9031,200,false
9032,404,true
9033,200,false
9034,500,true
9035,200,false
9036,200,false
9037,404,true
9038,200,false
9039,500,true
9040,200,false
9041,200,false
9042,404,true
9043,200,false
9044,500,true
9045,200,false
9046,200,false
9047,404,true
9048,200,false
9049,500,true
9050,200,false
9051,200,false
9052,404,true
9053,200,false
9054,500,true
9055,200,false
9056,200,false
9057,404,true
9058,200,false
9059,500,true
9060,200,false
9061,200,false
9062,404,true
9063,200,false
9064,500,true
9065,200,false
9066,200,false
9067,404,true
9068,200,false
9069,500,true
9070,200,false
9071,200,false
9072,404,true
9073,200,false
9074,500,true
9075,200,false
9076,200,false
9077,404,true
9078,200,false
9079,500,true
9080,200,false
9081,200,false
9082,404,true
9083,200,false
9084,500,true
9085,200,false
9086,200,false
9087,404,true
9088,200,false
9089,500,true
9090,200,false
9091,200,false
9092,404,true
9093,200,false
9094,500,true
9095,200,false
9096,200,false
9097,404,true
9098,200,false
9099,500,true
9100,200,false
9101,200,false
9102,404,true
9103,200,false
9104,500,true
9105,200,false
9106,200,false
9107,404,true
9108,200,false
9109,500,true
9110,200,false
9111,200,false
9112,404,true
9113,200,false
9114,500,true
9115,200,false
9116,200,false
9117,404,true
9118,200,false
9119,500,true
9120,200,false
9121,200,false
9122,404,true
9123,200,false
9124,500,true
9125,200,false
9126,200,false
9127,404,true
9128,200,false
9129,500,true
9130,200,false
9131,200,false
9132,404,true
9133,200,false
9134,500,true
9135,200,false
9136,200,false
9137,404,true
9138,200,false
9139,500,true
9140,200,false
9141,200,false
9142,404,true
9143,200,false
9144,500,true
9145,200,false
9146,200,false
9147,404,true
9148,200,false
9149,500,true
9150,200,false
9151,200,false
9152,404,true
9153,200,false
9154,500,true
9155,200,false
9156,200,false
9157,404,true
9158,200,false
9159,500,true
9160,200,false
9161,200,false
9162,404,true
9163,200,false
9164,500,true
9165,200,false
9166,200,false
9167,404,true
9168,200,false
9169,500,true
9170,200,false
9171,200,false
9172,404,true
9173,200,false
9174,500,true
9175,200,false
9176,200,false
9177,404,true
9178,200,false
9179,500,true
9180,200,false
9181,200,false
9182,404,true
9183,200,false
9184,500,true
9185,200,false
9186,200,false
9187,404,true
9188,200,false
9189,500,true
9190,200,false
9191,200,false
9192,404,true
9193,200,false
9194,500,true
9195,200,false
9196,200,false
9197,404,true
9198,200,false
9199,500,true
9200,200,false
9201,200,false
9202,404,true
9203,200,false
9204,500,true
9205,200,false
9206,200,false
9207,404,true
9208,200,false
9209,500,true
9210,200,false
9211,200,false
9212,404,true
9213,200,false
9214,500,true
9215,200,false
9216,200,false
9217,404,true
9218,200,false
9219,500,true
9220,200,false
9221,200,false
9222,404,true
9223,200,false
9224,500,true
9225,200,false
9226,200,false
9227,404,true
9228,200,false
9229,500,true
9230,200,false
9231,200,false
9232,404,true
9233,200,false
9234,500,true
9235,200,false
9236,200,false
9237,404,true
9238,200,false
9239,500,true
9240,200,false
9241,200,false
9242,404,true
9243,200,false
9244,500,true
9245,200,false
9246,200,false
9247,404,true
9248,200,false
9249,500,true
9250,200,false
9251,200,false
9252,404,true
9253,200,false
9254,500,true
9255,200,false
9256,200,false
9257,404,true
9258,200,false
9259,500,true
9260,200,false
9261,200,false
9262,404,true
9263,200,false
9264,500,true
9265,200,false
9266,200,false
9267,404,true
9268,200,false
9269,500,true
9270,200,false
9271,200,false
9272,404,true
9273,200,false
9274,500,true
9275,200,false
9276,200,false
9277,404,true
9278,200,false
9279,500,true
9280,200,false
9281,200,false
9282,404,true
9283,200,false
9284,500,true
9285,200,false
9286,200,false
9287,404,true
9288,200,false
9289,500,true
9290,200,false
9291,200,false
9292,404,true
9293,200,false
9294,500,true
9295,200,false
9296,200,false
9297,404,true
9298,200,false
9299,500,true
9300,200,false
9301,200,false
9302,404,true
9303,200,false
9304,500,true
9305,200,false
9306,200,false
9307,404,true
9308,200,false
9309,500,true
9310,200,false
9311,200,false
9312,404,true
9313,200,false
9314,500,true
9315,200,false
9316,200,false
9317,404,true
9318,200,false
9319,500,true
9320,200,false
9321,200,false
9322,404,true
9323,200,false
9324,500,true
9325,200,false
9326,200,false
9327,404,true
9328,200,false
9329,500,true
9330,200,false
9331,200,false
9332,404,true
9333,200,false
9334,500,true
9335,200,false
9336,200,false
9337,404,true
9338,200,false
9339,500,true
9340,200,false
9341,200,false
9342,404,true
9343,200,false
9344,500,true
9345,200,false
9346,200,false
9347,404,true
9348,200,false
9349,500,true
9350,200,false
9351,200,false
9352,404,true
9353,200,false
9354,500,true
9355,200,false
9356,200,false
9357,404,true
9358,200,false
9359,500,true
9360,200,false
9361,200,false
9362,404,true
9363,200,false
9364,500,true
9365,200,false
9366,200,false
9367,404,true
9368,200,false
9369,500,true
9370,200,false
9371,200,false
9372,404,true
9373,200,false
9374,500,true
9375,200,false
9376,200,false
9377,404,true
9378,200,false
9379,500,true
9380,200,false
9381,200,false
9382,404,true
9383,200,false
9384,500,true
9385,200,false
9386,200,false
9387,404,true
9388,200,false
9389,500,true
9390,200,false
9391,200,false
9392,404,true
9393,200,false
9394,500,true
9395,200,false
9396,200,false
9397,404,true
9398,200,false
9399,500,true
9400,200,false
9401,200,false
9402,404,true
9403,200,false
9404,500,true
9405,200,false
9406,200,false
9407,404,true
9408,200,false
9409,500,true
9410,200,false
9411,200,false
9412,404,true
9413,200,false
9414,500,true
9415,200,false
9416,200,false
9417,404,true
9418,200,false
9419,500,true
9420,200,false
9421,200,false
9422,404,true
9423,200,false
9424,500,true
9425,200,false
9426,200,false
9427,404,true
9428,200,false
9429,500,true
9430,200,false
9431,200,false
9432,404,true
9433,200,false
9434,500,true
9435,200,false
9436,200,false
9437,404,true
9438,200,false
9439,500,true
9440,200,false
9441,200,false
9442,404,true
9443,200,false
9444,500,true
9445,200,false
9446,200,false
9447,404,true
9448,200,false
9449,500,true
9450,200,false
9451,200,false
9452,404,true
9453,200,false
9454,500,true
9455,200,false
9456,200,false
9457,404,true
9458,200,false
9459,500,true
9460,200,false
9461,200,false
9462,404,true
9463,200,false
9464,500,true
9465,200,false
9466,200,false
9467,404,true
9468,200,false
9469,500,true
9470,200,false
9471,200,false
9472,404,true
9473,200,false
9474,500,true
9475,200,false
9476,200,false
9477,404,true
9478,200,false
9479,500,true
9480,200,false
9481,200,false
9482,404,true
9483,200,false
9484,500,true
9485,200,false
9486,200,false
9487,404,true
9488,200,false
9489,500,true
9490,200,false
9491,200,false
9492,404,true
9493,200,false
9494,500,true
9495,200,false
9496,200,false
9497,404,true
9498,200,false
9499,500,true
9500,200,false
9501,200,false
9502,404,true
9503,200,false
9504,500,true
9505,200,false
9506,200,false
9507,404,true
9508,200,false
9509,500,true
9510,200,false
9511,200,false
9512,404,true
9513,200,false
9514,500,true
9515,200,false
9516,200,false
9517,404,true
9518,200,false
9519,500,true
9520,200,false
9521,200,false
9522,404,true
9523,200,false
9524,500,true
9525,200,false
9526,200,false
9527,404,true
9528,200,false
9529,500,true
9530,200,false
9531,200,false
9532,404,true
9533,200,false
9534,500,true
9535,200,false
9536,200,false
9537,404,true
9538,200,false
9539,500,true
9540,200,false
9541,200,false
9542,404,true
9543,200,false
9544,500,true
9545,200,false
9546,200,false
9547,404,true
9548,200,false
9549,500,true
9550,200,false
9551,200,false
9552,404,true
9553,200,false
9554,500,true
9555,200,false
9556,200,false
9557,404,true
9558,200,false
9559,500,true
9560,200,false
9561,200,false
9562,404,true
9563,200,false
9564,500,true
9565,200,false
9566,200,false
9567,404,true
9568,200,false
9569,500,true
9570,200,false
9571,200,false
9572,404,true
9573,200,false
9574,500,true
9575,200,false
9576,200,false
9577,404,true
9578,200,false
9579,500,true
9580,200,false
9581,200,false
9582,404,true
9583,200,false
9584,500,true
9585,200,false
9586,200,false
9587,404,true
9588,200,false
9589,500,true
9590,200,false
9591,200,false
9592,404,true
9593,200,false
9594,500,true
9595,200,false
9596,200,false
9597,404,true
9598,200,false
9599,500,true
9600,200,false
9601,200,false
9602,404,true
9603,200,false
9604,500,true
9605,200,false
9606,200,false
9607,404,true
9608,200,false
9609,500,true
9610,200,false
9611,200,false
9612,404,true
9613,200,false
9614,500,true
9615,200,false
9616,200,false
9617,404,true
9618,200,false
9619,500,true
9620,200,false
9621,200,false
9622,404,true
9623,200,false
9624,500,true
9625,200,false
9626,200,false
9627,404,true
9628,200,false
9629,500,true
9630,200,false
9631,200,false
9632,404,true
9633,200,false
9634,500,true
9635,200,false
9636,200,false
9637,404,true
9638,200,false
9639,500,true
9640,200,false
9641,200,false
9642,404,true
9643,200,false
9644,500,true
9645,200,false
9646,200,false
9647,404,true
9648,200,false
9649,500,true
9650,200,false
9651,200,false
9652,404,true
9653,200,false
9654,500,true
9655,200,false
9656,200,false
9657,404,true
9658,200,false
9659,500,true
9660,200,false
9661,200,false
9662,404,true
9663,200,false
9664,500,true
9665,200,false
9666,200,false
9667,404,true
9668,200,false
9669,500,true
9670,200,false
9671,200,false
9672,404,true
9673,200,false
9674,500,true
9675,200,false
9676,200,false
9677,404,true
9678,200,false
9679,500,true
9680,200,false
9681,200,false
9682,404,true
9683,200,false
9684,500,true
9685,200,false
9686,200,false
9687,404,true
9688,200,false
9689,500,true
9690,200,false
9691,200,false
9692,404,true
9693,200,false
9694,500,true
9695,200,false
9696,200,false
9697,404,true
9698,200,false
9699,500,true
9700,200,false
9701,200,false
9702,404,true
9703,200,false
9704,500,true
9705,200,false
9706,200,false
9707,404,true
9708,200,false
9709,500,true
9710,200,false
9711,200,false
9712,404,true
9713,200,false
9714,500,true
9715,200,false
9716,200,false
9717,404,true
9718,200,false
9719,500,true
9720,200,false
9721,200,false
9722,404,true
9723,200,false
9724,500,true
9725,200,false
9726,200,false
9727,404,true
9728,200,false
9729,500,true
9730,200,false
9731,200,false
9732,404,true
9733,200,false
9734,500,true
9735,200,false
9736,200,false
9737,404,true
9738,200,false
9739,500,true
9740,200,false
9741,200,false
9742,404,true
9743,200,false
9744,500,true
9745,200,false
9746,200,false
9747,404,true
9748,200,false
9749,500,true
9750,200,false
9751,200,false
9752,404,true
9753,200,false
9754,500,true
9755,200,false
9756,200,false
9757,404,true
9758,200,false
9759,500,true
9760,200,false
9761,200,false
9762,404,true
9763,200,false
9764,500,true
9765,200,false
9766,200,false
9767,404,true
9768,200,false
9769,500,true
9770,200,false
9771,200,false
9772,404,true
9773,200,false
9774,500,true
9775,200,false
9776,200,false
9777,404,true
9778,200,false
9779,500,true
9780,200,false
9781,200,false
9782,404,true
9783,200,false
9784,500,true
9785,200,false
9786,200,false
9787,404,true
9788,200,false
9789,500,true
9790,200,false
9791,200,false
9792,404,true
9793,200,false
9794,500,true
9795,200,false
9796,200,false
9797,404,true
9798,200,false
9799,500,true
9800,200,false
9801,200,false
9802,404,true
9803,200,false
9804,500,true
9805,200,false
9806,200,false
9807,404,true
9808,200,false
9809,500,true
9810,200,false
9811,200,false
9812,404,true
9813,200,false
9814,500,true
9815,200,false
9816,200,false
9817,404,true
9818,200,false
9819,500,true
9820,200,false
9821,200,false
9822,404,true
9823,200,false
9824,500,true
9825,200,false
9826,200,false
9827,404,true
9828,200,false
9829,500,true
9830,200,false
9831,200,false
9832,404,true
9833,200,false
9834,500,true
9835,200,false
9836,200,false
9837,404,true
9838,200,false
9839,500,true
9840,200,false
9841,200,false
9842,404,true
9843,200,false
9844,500,true
9845,200,false
9846,200,false
9847,404,true
9848,200,false
9849,500,true
9850,200,false
9851,200,false
9852,404,true
9853,200,false
9854,500,true
9855,200,false
9856,200,false
9857,404,true
9858,200,false
9859,500,true
9860,200,false
9861,200,false
9862,404,true
9863,200,false
9864,500,true
9865,200,false
9866,200,false
9867,404,true
9868,200,false
9869,500,true
9870,200,false
9871,200,false
9872,404,true
9873,200,false
9874,500,true
9875,200,false
9876,200,false
9877,404,true
9878,200,false
9879,500,true
9880,200,false
9881,200,false
9882,404,true
9883,200,false
9884,500,true
9885,200,false
9886,200,false
9887,404,true
9888,200,false
9889,500,true
9890,200,false
9891,200,false
9892,404,true
9893,200,false
9894,500,true
9895,200,false
9896,200,false
9897,404,true
9898,200,false
9899,500,true
9900,200,false
9901,200,false
9902,404,true
9903,200,false
9904,500,true
9905,200,false
9906,200,false
9907,404,true
9908,200,false
9909,500,true
9910,200,false
9911,200,false
9912,404,true
9913,200,false
9914,500,true
9915,200,false
9916,200,false
9917,404,true
9918,200,false
9919,500,true
9920,200,false
9921,200,false
9922,404,true
9923,200,false
9924,500,true
9925,200,false
9926,200,false
9927,404,true
9928,200,false
9929,500,true
9930,200,false
9931,200,false
9932,404,true
9933,200,false
9934,500,true
9935,200,false
9936,200,false
9937,404,true
9938,200,false
9939,500,true
9940,200,false
9941,200,false
9942,404,true
9943,200,false
9944,500,true
9945,200,false
9946,200,false
9947,404,true
9948,200,false
9949,500,true
9950,200,false
9951,200,false
9952,404,true
9953,200,false
9954,500,true
9955,200,false
9956,200,false
9957,404,true
9958,200,false
9959,500,true
9960,200,false
9961,200,false
9962,404,true
9963,200,false
9964,500,true
9965,200,false
9966,200,false
9967,404,true
9968,200,false
9969,500,true
9970,200,false
9971,200,false
9972,404,true
9973,200,false
9974,500,true
9975,200,false
9976,200,false
9977,404,true
9978,200,false
9979,500,true
9980,200,false
9981,200,false
9982,404,true
9983,200,false
9984,500,true
9985,200,false
9986,200,false
9987,404,true
9988,200,false
9989,500,true
9990,200,false
9991,200,false
9992,404,true
9993,200,false
9994,500,true
9995,200,false
9996,200,false
9997,404,true
9998,200,false
9999,500,true
10000,200,false
10001,200,false
10002,404,true
10003,200,false
10004,500,true
10005,200,false
10006,200,false
10007,404,true
10008,200,false
10009,500,true
10010,200,false
10011,200,false
10012,404,true
10013,200,false
10014,500,true
10015,200,false
10016,200,false
10017,404,true
10018,200,false
10019,500,true
10020,200,false
10021,200,false
10022,404,true
10023,200,false
10024,500,true
10025,200,false
10026,200,false
10027,404,true
10028,200,false
10029,500,true
10030,200,false
10031,200,false
10032,404,true
10033,200,false
10034,500,true
10035,200,false
10036,200,false
10037,404,true
10038,200,false
10039,500,true
10040,200,false
10041,200,false
10042,404,true
10043,200,false
10044,500,true
10045,200,false
10046,200,false
10047,404,true
10048,200,false
10049,500,true
10050,200,false
10051,200,false
10052,404,true
10053,200,false
10054,500,true
10055,200,false
10056,200,false
10057,404,true
10058,200,false
10059,500,true
10060,200,false
10061,200,false
10062,404,true
10063,200,false
10064,500,true
10065,200,false
10066,200,false
10067,404,true
10068,200,false
10069,500,true
10070,200,false
10071,200,false
10072,404,true
10073,200,false
10074,500,true
10075,200,false
10076,200,false
10077,404,true
10078,200,false
10079,500,true
10080,200,false
10081,200,false
10082,404,true
10083,200,false
10084,500,true
10085,200,false
10086,200,false
10087,404,true
10088,200,false
10089,500,true
10090,200,false
10091,200,false
10092,404,true
10093,200,false
10094,500,true
10095,200,false
10096,200,false
10097,404,true
10098,200,false
10099,500,true
10100,200,false
10101,200,false
10102,404,true
10103,200,false
10104,500,true
10105,200,false
10106,200,false
10107,404,true
10108,200,false
10109,500,true
10110,200,false
10111,200,false
10112,404,true
10113,200,false
10114,500,true
10115,200,false
10116,200,false
10117,404,true
10118,200,false
10119,500,true
10120,200,false
10121,200,false
10122,404,true
10123,200,false
10124,500,true
10125,200,false
10126,200,false
10127,404,true
10128,200,false
10129,500,true
10130,200,false
10131,200,false
10132,404,true
10133,200,false
10134,500,true
10135,200,false
10136,200,false
10137,404,true
10138,200,false
10139,500,true
10140,200,false
10141,200,false
10142,404,true
10143,200,false
10144,500,true
10145,200,false
10146,200,false
10147,404,true
10148,200,false
10149,500,true
10150,200,false
10151,200,false
10152,404,true
10153,200,false
10154,500,true
10155,200,false
10156,200,false
10157,404,true
10158,200,false
10159,500,true
10160,200,false
10161,200,false
10162,404,true
10163,200,false
10164,500,true
10165,200,false
10166,200,false
10167,404,true
10168,200,false
10169,500,true
10170,200,false
10171,200,false
10172,404,true
10173,200,false
10174,500,true
10175,200,false
10176,200,false
10177,404,true
10178,200,false
10179,500,true
10180,200,false
10181,200,false
10182,404,true
10183,200,false
10184,500,true
10185,200,false
10186,200,false
10187,404,true
10188,200,false
10189,500,true
10190,200,false
10191,200,false
10192,404,true
10193,200,false
10194,500,true
10195,200,false
10196,200,false
10197,404,true
10198,200,false
10199,500,true
10200,200,false
10201,200,false
10202,404,true
10203,200,false
10204,500,true
10205,200,false
10206,200,false
10207,404,true
10208,200,false
10209,500,true
10210,200,false
10211,200,false
10212,404,true
10213,200,false
10214,500,true
10215,200,false
10216,200,false
10217,404,true
10218,200,false
10219,500,true
10220,200,false
10221,200,false
10222,404,true
10223,200,false
10224,500,true
10225,200,false
10226,200,false
10227,404,true
10228,200,false
10229,500,true
10230,200,false
10231,200,false
10232,404,true
10233,200,false
10234,500,true
10235,200,false
10236,200,false
10237,404,true
10238,200,false
10239,500,true
10240,200,false
10241,200,false
10242,404,true
10243,200,false
10244,500,true
10245,200,false
10246,200,false
10247,404,true
10248,200,false
10249,500,true
10250,200,false
10251,200,false
10252,404,true
10253,200,false
10254,500,true
10255,200,false
10256,200,false
10257,404,true
10258,200,false
10259,500,true
10260,200,false
10261,200,false
10262,404,true
10263,200,false
10264,500,true
10265,200,false
10266,200,false
10267,404,true
10268,200,false
10269,500,true
10270,200,false
10271,200,false
10272,404,true
10273,200,false
10274,500,true
10275,200,false
10276,200,false
10277,404,true
10278,200,false
10279,500,true
10280,200,false
10281,200,false
10282,404,true
10283,200,false
10284,500,true
10285,200,false
10286,200,false
10287,404,true
10288,200,false
10289,500,true
10290,200,false
10291,200,false
10292,404,true
10293,200,false
10294,500,true
10295,200,false
10296,200,false
10297,404,true
10298,200,false
10299,500,true
10300,200,false
10301,200,false
10302,404,true
10303,200,false
10304,500,true
10305,200,false
10306,200,false
10307,404,true
10308,200,false
10309,500,true
10310,200,false
10311,200,false
10312,404,true
10313,200,false
10314,500,true
10315,200,false
10316,200,false
10317,404,true
10318,200,false
10319,500,true
10320,200,false
10321,200,false
10322,404,true
10323,200,false
10324,500,true
10325,200,false
10326,200,false
10327,404,true
10328,200,false
10329,500,true
10330,200,false
10331,200,false
10332,404,true
10333,200,false
10334,500,true
10335,200,false
10336,200,false
10337,404,true
10338,200,false
10339,500,true
10340,200,false
10341,200,false
10342,404,true
10343,200,false
10344,500,true
10345,200,false
10346,200,false
10347,404,true
10348,200,false
10349,500,true
10350,200,false
10351,200,false
10352,404,true
10353,200,false
10354,500,true
10355,200,false
10356,200,false
10357,404,true
10358,200,false
10359,500,true
10360,200,false
10361,200,false
10362,404,true
10363,200,false
10364,500,true
10365,200,false
10366,200,false
10367,404,true
10368,200,false
10369,500,true
10370,200,false
10371,200,false
10372,404,true
10373,200,false
10374,500,true
10375,200,false
10376,200,false
10377,404,true
10378,200,false
10379,500,true
10380,200,false
10381,200,false
10382,404,true
10383,200,false
10384,500,true
10385,200,false
10386,200,false
10387,404,true
10388,200,false
10389,500,true
10390,200,false
10391,200,false
10392,404,true
10393,200,false
10394,500,true
10395,200,false
10396,200,false
10397,404,true
10398,200,false
10399,500,true
10400,200,false
10401,200,false
10402,404,true
10403,200,false
10404,500,true
10405,200,false
10406,200,false
10407,404,true
10408,200,false
10409,500,true
10410,200,false
10411,200,false
10412,404,true
10413,200,false
10414,500,true
10415,200,false
10416,200,false
10417,404,true
10418,200,false
10419,500,true
10420,200,false
10421,200,false
10422,404,true
10423,200,false
10424,500,true
10425,200,false
10426,200,false
10427,404,true
10428,200,false
10429,500,true
10430,200,false
10431,200,false
10432,404,true
10433,200,false
10434,500,true
10435,200,false
10436,200,false
10437,404,true
10438,200,false
10439,500,true
10440,200,false
10441,200,false
10442,404,true
10443,200,false
10444,500,true
10445,200,false
10446,200,false
10447,404,true
10448,200,false
10449,500,true
10450,200,false
10451,200,false
10452,404,true
10453,200,false
10454,500,true
10455,200,false
10456,200,false
10457,404,true
10458,200,false
10459,500,true
10460,200,false
10461,200,false
10462,404,true
10463,200,false
10464,500,true
10465,200,false
10466,200,false
10467,404,true
10468,200,false
10469,500,true
10470,200,false
10471,200,false
10472,404,true
10473,200,false
10474,500,true
10475,200,false
10476,200,false
10477,404,true
10478,200,false
10479,500,true
10480,200,false
10481,200,false
10482,404,true
10483,200,false
10484,500,true
10485,200,false
10486,200,false
10487,404,true
10488,200,false
10489,500,true
10490,200,false
10491,200,false
10492,404,true
10493,200,false
10494,500,true
10495,200,false
10496,200,false
10497,404,true
10498,200,false
10499,500,true
10500,200,false
10501,200,false
10502,404,true
10503,200,false
10504,500,true
10505,200,false
10506,200,false
10507,404,true
10508,200,false
10509,500,true
10510,200,false
10511,200,false
10512,404,true
10513,200,false
10514,500,true
10515,200,false
10516,200,false
10517,404,true
10518,200,false
10519,500,true
10520,200,false
10521,200,false
10522,404,true
10523,200,false
10524,500,true
10525,200,false
10526,200,false
10527,404,true
10528,200,false
10529,500,true
10530,200,false
10531,200,false
10532,404,true
10533,200,false
10534,500,true
10535,200,false
10536,200,false
10537,404,true
10538,200,false
10539,500,true
10540,200,false
10541,200,false
10542,404,true
10543,200,false
10544,500,true
10545,200,false
10546,200,false
10547,404,true
10548,200,false
10549,500,true
10550,200,false
10551,200,false
10552,404,true
10553,200,false
10554,500,true
10555,200,false
10556,200,false
10557,404,true
10558,200,false
10559,500,true
10560,200,false
10561,200,false
10562,404,true
10563,200,false
10564,500,true
10565,200,false
10566,200,false
10567,404,true
10568,200,false
10569,500,true
10570,200,false
10571,200,false
10572,404,true
10573,200,false
10574,500,true
10575,200,false
10576,200,false
10577,404,true
10578,200,false
10579,500,true
10580,200,false
10581,200,false
10582,404,true
10583,200,false
10584,500,true
10585,200,false
10586,200,false
10587,404,true
10588,200,false
10589,500,true
10590,200,false
10591,200,false
10592,404,true
10593,200,false
10594,500,true
10595,200,false
10596,200,false
10597,404,true
10598,200,false
10599,500,true
10600,200,false
10601,200,false
10602,404,true
10603,200,false
10604,500,true
10605,200,false
10606,200,false
10607,404,true
10608,200,false
10609,500,true
10610,200,false
10611,200,false
10612,404,true
10613,200,false
10614,500,true
10615,200,false
10616,200,false
10617,404,true
10618,200,false
10619,500,true
10620,200,false
10621,200,false
10622,404,true
10623,200,false
10624,500,true
10625,200,false
10626,200,false
10627,404,true
10628,200,false
10629,500,true
10630,200,false
10631,200,false
10632,404,true
10633,200,false
10634,500,true
10635,200,false
10636,200,false
10637,404,true
10638,200,false
10639,500,true
10640,200,false
10641,200,false
10642,404,true
10643,200,false
10644,500,true
10645,200,false
10646,200,false
10647,404,true
10648,200,false
10649,500,true
10650,200,false
10651,200,false
10652,404,true
10653,200,false
10654,500,true
10655,200,false
10656,200,false
10657,404,true
10658,200,false
10659,500,true
10660,200,false
10661,200,false
10662,404,true
10663,200,false
10664,500,true
10665,200,false
10666,200,false
10667,404,true
10668,200,false
10669,500,true
10670,200,false
10671,200,false
10672,404,true
10673,200,false
10674,500,true
10675,200,false
10676,200,false
10677,404,true
10678,200,false
10679,500,true
10680,200,false
10681,200,false
10682,404,true
10683,200,false
10684,500,true
10685,200,false
10686,200,false
10687,404,true
10688,200,false
10689,500,true
10690,200,false
10691,200,false
10692,404,true
10693,200,false
10694,500,true
10695,200,false
10696,200,false
10697,404,true
10698,200,false
10699,500,true
10700,200,false
10701,200,false
10702,404,true
10703,200,false
10704,500,true
10705,200,false
10706,200,false
10707,404,true
10708,200,false
10709,500,true
10710,200,false
10711,200,false
10712,404,true
10713,200,false
10714,500,true
10715,200,false
10716,200,false
10717,404,true
10718,200,false
10719,500,true
10720,200,false
10721,200,false
10722,404,true
10723,200,false
10724,500,true
10725,200,false
10726,200,false
10727,404,true
10728,200,false
10729,500,true
10730,200,false
10731,200,false
10732,404,true
10733,200,false
10734,500,true
10735,200,false
10736,200,false
10737,404,true
10738,200,false
10739,500,true
10740,200,false
10741,200,false
10742,404,true
10743,200,false
10744,500,true
10745,200,false
10746,200,false
10747,404,true
10748,200,false
10749,500,true
10750,200,false
10751,200,false
10752,404,true
10753,200,false
10754,500,true
10755,200,false
10756,200,false
10757,404,true
10758,200,false
10759,500,true
10760,200,false
10761,200,false
10762,404,true
10763,200,false
10764,500,true
10765,200,false
10766,200,false
10767,404,true
10768,200,false
10769,500,true
10770,200,false
10771,200,false
10772,404,true
10773,200,false
10774,500,true
10775,200,false
10776,200,false
10777,404,true
10778,200,false
10779,500,true
10780,200,false
10781,200,false
10782,404,true
10783,200,false
10784,500,true
10785,200,false
10786,200,false
10787,404,true
10788,200,false
10789,500,true
10790,200,false
10791,200,false
10792,404,true
10793,200,false
10794,500,true
10795,200,false
10796,200,false
10797,404,true
10798,200,false
10799,500,true
10800,200,false
10801,200,false
10802,404,true
10803,200,false
10804,500,true
10805,200,false
10806,200,false
10807,404,true
10808,200,false
10809,500,true
10810,200,false
10811,200,false
10812,404,true
10813,200,false
10814,500,true
10815,200,false
10816,200,false
10817,404,true
10818,200,false
10819,500,true
10820,200,false
10821,200,false
10822,404,true
10823,200,false
10824,500,true
10825,200,false
10826,200,false
10827,404,true
10828,200,false
10829,500,true
10830,200,false
10831,200,false
10832,404,true
10833,200,false
10834,500,true
10835,200,false
10836,200,false
10837,404,true
10838,200,false
10839,500,true
10840,200,false
10841,200,false
10842,404,true
10843,200,false
10844,500,true
10845,200,false
10846,200,false
10847,404,true
10848,200,false
10849,500,true
10850,200,false
10851,200,false
10852,404,true
10853,200,false
10854,500,true
10855,200,false
10856,200,false
10857,404,true
10858,200,false
10859,500,true
10860,200,false
10861,200,false
10862,404,true
10863,200,false
10864,500,true
10865,200,false
10866,200,false
10867,404,true
10868,200,false
10869,500,true
10870,200,false
10871,200,false
10872,404,true
10873,200,false
10874,500,true
10875,200,false
10876,200,false
10877,404,true
10878,200,false
10879,500,true
10880,200,false
10881,200,false
10882,404,true
10883,200,false
10884,500,true
10885,200,false
10886,200,false
10887,404,true
10888,200,false
10889,500,true
10890,200,false
10891,200,false
10892,404,true
10893,200,false
10894,500,true
10895,200,false
10896,200,false
10897,404,true
10898,200,false
10899,500,true
10900,200,false
10901,200,false
10902,404,true
10903,200,false
10904,500,true
10905,200,false
10906,200,false
10907,404,true
10908,200,false
10909,500,true
10910,200,false
10911,200,false
10912,404,true
10913,200,false
10914,500,true
10915,200,false
10916,200,false
10917,404,true
10918,200,false
10919,500,true
10920,200,false
10921,200,false
10922,404,true
10923,200,false
10924,500,true
10925,200,false
10926,200,false
10927,404,true
10928,200,false
10929,500,true
10930,200,false
10931,200,false
10932,404,true
10933,200,false
10934,500,true
10935,200,false
10936,200,false
10937,404,true
10938,200,false
10939,500,true
10940,200,false
10941,200,false
10942,404,true
10943,200,false
10944,500,true
10945,200,false
10946,200,false
10947,404,true
10948,200,false
10949,500,true
10950,200,false
10951,200,false
10952,404,true
10953,200,false
10954,500,true
10955,200,false
10956,200,false
10957,404,true
10958,200,false
10959,500,true
10960,200,false
10961,200,false
10962,404,true
10963,200,false
10964,500,true
10965,200,false
10966,200,false
10967,404,true
10968,200,false
10969,500,true
10970,200,false
10971,200,false
10972,404,true
10973,200,false
10974,500,true
10975,200,false
10976,200,false
10977,404,true
10978,200,false
10979,500,true
10980,200,false
10981,200,false
10982,404,true
10983,200,false
10984,500,true
10985,200,false
10986,200,false
10987,404,true
10988,200,false
10989,500,true
10990,200,false
10991,200,false
10992,404,true
10993,200,false
10994,500,true
10995,200,false
10996,200,false
10997,404,true
10998,200,false
10999,500,true
11000,200,false
11001,200,false
11002,404,true
11003,200,false
11004,500,true
11005,200,false
11006,200,false
11007,404,true
11008,200,false
11009,500,true
11010,200,false
11011,200,false
11012,404,true
11013,200,false
11014,500,true
11015,200,false
11016,200,false
11017,404,true
11018,200,false
11019,500,true
11020,200,false
11021,200,false
11022,404,true
11023,200,false
11024,500,true
11025,200,false
11026,200,false
11027,404,true
11028,200,false
11029,500,true
11030,200,false
11031,200,false
11032,404,true
11033,200,false
11034,500,true
11035,200,false
11036,200,false
11037,404,true
11038,200,false
11039,500,true
11040,200,false
11041,200,false
11042,404,true
11043,200,false
11044,500,true
11045,200,false
11046,200,false
11047,404,true
11048,200,false
11049,500,true
11050,200,false
11051,200,false
11052,404,true
11053,200,false
11054,500,true
11055,200,false
11056,200,false
11057,404,true
11058,200,false
11059,500,true
11060,200,false
11061,200,false
11062,404,true
11063,200,false
11064,500,true
11065,200,false
11066,200,false
11067,404,true
11068,200,false
11069,500,true
11070,200,false
11071,200,false
11072,404,true
11073,200,false
11074,500,true
11075,200,false
11076,200,false
11077,404,true
11078,200,false
11079,500,true
11080,200,false
11081,200,false
11082,404,true
11083,200,false
11084,500,true
11085,200,false
11086,200,false
11087,404,true
11088,200,false
11089,500,true
11090,200,false
11091,200,false
11092,404,true
11093,200,false
11094,500,true
11095,200,false
11096,200,false
11097,404,true
11098,200,false
11099,500,true
11100,200,false
11101,200,false
11102,404,true
11103,200,false
11104,500,true
11105,200,false
11106,200,false
11107,404,true
11108,200,false
11109,500,true
11110,200,false
11111,200,false
11112,404,true
11113,200,false
11114,500,true
11115,200,false
11116,200,false
11117,404,true
11118,200,false
11119,500,true
11120,200,false
11121,200,false
11122,404,true
11123,200,false
11124,500,true
11125,200,false
11126,200,false
11127,404,true
11128,200,false
11129,500,true
11130,200,false
11131,200,false
11132,404,true
11133,200,false
11134,500,true
11135,200,false
11136,200,false
11137,404,true
11138,200,false
11139,500,true
11140,200,false
11141,200,false
11142,404,true
11143,200,false
11144,500,true
11145,200,false
11146,200,false
11147,404,true
11148,200,false
11149,500,true
11150,200,false
11151,200,false
11152,404,true
11153,200,false
11154,500,true
11155,200,false
11156,200,false
11157,404,true
11158,200,false
11159,500,true
11160,200,false
11161,200,false
11162,404,true
11163,200,false
11164,500,true
11165,200,false
11166,200,false
11167,404,true
11168,200,false
11169,500,true
11170,200,false
11171,200,false
11172,404,true
11173,200,false
11174,500,true
11175,200,false
11176,200,false
11177,404,true
11178,200,false
11179,500,true
11180,200,false
11181,200,false
11182,404,true
11183,200,false
11184,500,true
11185,200,false
11186,200,false
11187,404,true
11188,200,false
11189,500,true
11190,200,false
11191,200,false
11192,404,true
11193,200,false
11194,500,true
11195,200,false
11196,200,false
11197,404,true
11198,200,false
11199,500,true
11200,200,false
11201,200,false
11202,404,true
11203,200,false
11204,500,true
11205,200,false
11206,200,false
11207,404,true
11208,200,false
11209,500,true
11210,200,false
11211,200,false
11212,404,true
11213,200,false
11214,500,true
11215,200,false
11216,200,false
11217,404,true
11218,200,false
11219,500,true
11220,200,false
11221,200,false
11222,404,true
11223,200,false
11224,500,true
11225,200,false
11226,200,false
11227,404,true
11228,200,false
11229,500,true
11230,200,false
11231,200,false
11232,404,true
11233,200,false
11234,500,true
11235,200,false
11236,200,false
11237,404,true
11238,200,false
11239,500,true
11240,200,false
11241,200,false
11242,404,true
11243,200,false
11244,500,true
11245,200,false
11246,200,false
11247,404,true
11248,200,false
11249,500,true
11250,200,false
11251,200,false
11252,404,true
11253,200,false
11254,500,true
11255,200,false
11256,200,false
11257,404,true
11258,200,false
11259,500,true
11260,200,false
11261,200,false
11262,404,true
11263,200,false
11264,500,true
11265,200,false
11266,200,false
11267,404,true
11268,200,false
11269,500,true
11270,200,false
11271,200,false
11272,404,true
11273,200,false
11274,500,true
11275,200,false
11276,200,false
11277,404,true
11278,200,false
11279,500,true
11280,200,false
11281,200,false
11282,404,true
11283,200,false
11284,500,true
11285,200,false
11286,200,false
11287,404,true
11288,200,false
11289,500,true
11290,200,false
11291,200,false
11292,404,true
11293,200,false
11294,500,true
11295,200,false
11296,200,false
11297,404,true
11298,200,false
11299,500,true
11300,200,false
11301,200,false
11302,404,true
11303,200,false
11304,500,true
11305,200,false
11306,200,false
11307,404,true
11308,200,false
11309,500,true
11310,200,false
11311,200,false
11312,404,true
11313,200,false
11314,500,true
11315,200,false
11316,200,false
11317,404,true
11318,200,false
11319,500,true
11320,200,false
11321,200,false
11322,404,true
11323,200,false
11324,500,true
11325,200,false
11326,200,false
11327,404,true
11328,200,false
11329,500,true
11330,200,false
11331,200,false
11332,404,true
11333,200,false
11334,500,true
11335,200,false
11336,200,false
11337,404,true
11338,200,false
11339,500,true
11340,200,false
11341,200,false
11342,404,true
11343,200,false
11344,500,true
11345,200,false
11346,200,false
11347,404,true
11348,200,false
11349,500,true
11350,200,false
11351,200,false
11352,404,true
11353,200,false
11354,500,true
11355,200,false
11356,200,false
11357,404,true
11358,200,false
11359,500,true
11360,200,false
11361,200,false
11362,404,true
11363,200,false
11364,500,true
11365,200,false
11366,200,false
11367,404,true
11368,200,false
11369,500,true
11370,200,false
11371,200,false
11372,404,true
11373,200,false
11374,500,true
11375,200,false
11376,200,false
11377,404,true
11378,200,false
11379,500,true
11380,200,false
11381,200,false
11382,404,true
11383,200,false
11384,500,true
11385,200,false
11386,200,false
11387,404,true
11388,200,false
11389,500,true
11390,200,false
11391,200,false
11392,404,true
11393,200,false
11394,500,true
11395,200,false
11396,200,false
11397,404,true
11398,200,false
11399,500,true
11400,200,false
11401,200,false
11402,404,true
11403,200,false
11404,500,true
11405,200,false
11406,200,false
11407,404,true
11408,200,false
11409,500,true
11410,200,false
11411,200,false
11412,404,true
11413,200,false
11414,500,true
11415,200,false
11416,200,false
11417,404,true
11418,200,false
11419,500,true
11420,200,false
11421,200,false
11422,404,true
11423,200,false
11424,500,true
11425,200,false
11426,200,false
11427,404,true
11428,200,false
11429,500,true
11430,200,false
11431,200,false
11432,404,true
11433,200,false
11434,500,true
11435,200,false
11436,200,false
11437,404,true
11438,200,false
11439,500,true
11440,200,false
11441,200,false
11442,404,true
11443,200,false
11444,500,true
11445,200,false
11446,200,false
11447,404,true
11448,200,false
11449,500,true
11450,200,false
11451,200,false
11452,404,true
11453,200,false
11454,500,true
11455,200,false
11456,200,false
11457,404,true
11458,200,false
11459,500,true
11460,200,false
11461,200,false
11462,404,true
11463,200,false
11464,500,true
11465,200,false
11466,200,false
11467,404,true
11468,200,false
11469,500,true
11470,200,false
11471,200,false
11472,404,true
11473,200,false
11474,500,true
11475,200,false
11476,200,false
11477,404,true
11478,200,false
11479,500,true
11480,200,false
11481,200,false
11482,404,true
11483,200,false
11484,500,true
11485,200,false
11486,200,false
11487,404,true
11488,200,false
11489,500,true
11490,200,false
11491,200,false
11492,404,true
11493,200,false
11494,500,true
11495,200,false
11496,200,false
11497,404,true
11498,200,false
11499,500,true
11500,200,false
11501,200,false
11502,404,true
11503,200,false
11504,500,true
11505,200,false
11506,200,false
11507,404,true
11508,200,false
11509,500,true
11510,200,false
11511,200,false
11512,404,true
11513,200,false
11514,500,true
11515,200,false
11516,200,false
11517,404,true
11518,200,false
11519,500,true
11520,200,false
11521,200,false
11522,404,true
11523,200,false
11524,500,true
11525,200,false
11526,200,false
11527,404,true
11528,200,false
11529,500,true
11530,200,false
11531,200,false
11532,404,true
11533,200,false
11534,500,true
11535,200,false
11536,200,false
11537,404,true
11538,200,false
11539,500,true
11540,200,false
11541,200,false
11542,404,true
11543,200,false
11544,500,true
11545,200,false
11546,200,false
11547,404,true
11548,200,false
11549,500,true
11550,200,false
11551,200,false
11552,404,true
11553,200,false
11554,500,true
11555,200,false
11556,200,false
11557,404,true
11558,200,false
11559,500,true
11560,200,false
11561,200,false
11562,404,true
11563,200,false
11564,500,true
11565,200,false
11566,200,false
11567,404,true
11568,200,false
11569,500,true
11570,200,false
11571,200,false
11572,404,true
11573,200,false
11574,500,true
11575,200,false
11576,200,false
11577,404,true
11578,200,false
11579,500,true
11580,200,false
11581,200,false
11582,404,true
11583,200,false
11584,500,true
11585,200,false
11586,200,false
11587,404,true
11588,200,false
11589,500,true
11590,200,false
11591,200,false
11592,404,true
11593,200,false
11594,500,true
11595,200,false
11596,200,false
11597,404,true
11598,200,false
11599,500,true
11600,200,false
11601,200,false
11602,404,true
11603,200,false
11604,500,true
11605,200,false
11606,200,false
11607,404,true
11608,200,false
11609,500,true
11610,200,false
11611,200,false
11612,404,true
11613,200,false
11614,500,true
11615,200,false
11616,200,false
11617,404,true
11618,200,false
11619,500,true
11620,200,false
11621,200,false
11622,404,true
11623,200,false
11624,500,true
11625,200,false
11626,200,false
11627,404,true
11628,200,false
11629,500,true
11630,200,false
11631,200,false
11632,404,true
11633,200,false
11634,500,true
11635,200,false
11636,200,false
11637,404,true
11638,200,false
11639,500,true
11640,200,false
11641,200,false
11642,404,true
11643,200,false
11644,500,true
11645,200,false
11646,200,false
11647,404,true
11648,200,false
11649,500,true
11650,200,false
11651,200,false
11652,404,true
11653,200,false
11654,500,true
11655,200,false
11656,200,false
11657,404,true
11658,200,false
11659,500,true
11660,200,false
11661,200,false
11662,404,true
11663,200,false
11664,500,true
11665,200,false
11666,200,false
11667,404,true
11668,200,false
11669,500,true
11670,200,false
11671,200,false
11672,404,true
11673,200,false
11674,500,true
11675,200,false
11676,200,false
11677,404,true
11678,200,false
11679,500,true
11680,200,false
11681,200,false
11682,404,true
11683,200,false
11684,500,true
11685,200,false
11686,200,false
11687,404,true
11688,200,false
11689,500,true
11690,200,false
11691,200,false
11692,404,true
11693,200,false
11694,500,true
11695,200,false
11696,200,false
11697,404,true
11698,200,false
11699,500,true
11700,200,false
11701,200,false
11702,404,true
11703,200,false
11704,500,true
11705,200,false
11706,200,false
11707,404,true
11708,200,false
11709,500,true
11710,200,false
11711,200,false
11712,404,true
11713,200,false
11714,500,true
11715,200,false
11716,200,false
11717,404,true
11718,200,false
11719,500,true
11720,200,false
11721,200,false
11722,404,true
11723,200,false
11724,500,true
11725,200,false
11726,200,false
11727,404,true
11728,200,false
11729,500,true
11730,200,false
11731,200,false
11732,404,true
11733,200,false
11734,500,true
11735,200,false
11736,200,false
11737,404,true
11738,200,false
11739,500,true
11740,200,false
11741,200,false
11742,404,true
11743,200,false
11744,500,true
11745,200,false
11746,200,false
11747,404,true
11748,200,false
11749,500,true
11750,200,false
11751,200,false
11752,404,true
11753,200,false
11754,500,true
11755,200,false
11756,200,false
11757,404,true
11758,200,false
11759,500,true
11760,200,false
11761,200,false
11762,404,true
11763,200,false
11764,500,true
11765,200,false
11766,200,false
11767,404,true
11768,200,false
11769,500,true
11770,200,false
11771,200,false
11772,404,true
11773,200,false
11774,500,true
11775,200,false
11776,200,false
11777,404,true
11778,200,false
11779,500,true
11780,200,false
11781,200,false
11782,404,true
11783,200,false
11784,500,true
11785,200,false
11786,200,false
11787,404,true
11788,200,false
11789,500,true
11790,200,false
11791,200,false
11792,404,true
11793,200,false
11794,500,true
11795,200,false
11796,200,false
11797,404,true
11798,200,false
11799,500,true
11800,200,false
11801,200,false
11802,404,true
11803,200,false
11804,500,true
11805,200,false
11806,200,false
11807,404,true
11808,200,false
11809,500,true
11810,200,false
11811,200,false
11812,404,true
11813,200,false
11814,500,true
11815,200,false
11816,200,false
11817,404,true
11818,200,false
11819,500,true
11820,200,false
11821,200,false
11822,404,true
11823,200,false
11824,500,true
11825,200,false
11826,200,false
11827,404,true
11828,200,false
11829,500,true
11830,200,false
11831,200,false
11832,404,true
11833,200,false
11834,500,true
11835,200,false
11836,200,false
11837,404,true
11838,200,false
11839,500,true
11840,200,false
11841,200,false
11842,404,true
11843,200,false
11844,500,true
11845,200,false
11846,200,false
11847,404,true
11848,200,false
11849,500,true
11850,200,false
11851,200,false
11852,404,true
11853,200,false
11854,500,true
11855,200,false
11856,200,false
11857,404,true
11858,200,false
11859,500,true
11860,200,false
11861,200,false
11862,404,true
11863,200,false
11864,500,true
11865,200,false
11866,200,false
11867,404,true
11868,200,false
11869,500,true
11870,200,false
11871,200,false
11872,404,true
11873,200,false
11874,500,true
11875,200,false
11876,200,false
11877,404,true
11878,200,false
11879,500,true
11880,200,false
11881,200,false
11882,404,true
11883,200,false
11884,500,true
11885,200,false
11886,200,false
11887,404,true
11888,200,false
11889,500,true
11890,200,false
11891,200,false
11892,404,true
11893,200,false
11894,500,true
11895,200,false
11896,200,false
11897,404,true
11898,200,false
11899,500,true
11900,200,false
11901,200,false
11902,404,true
11903,200,false
11904,500,true
11905,200,false
11906,200,false
11907,404,true
11908,200,false
11909,500,true
11910,200,false
11911,200,false
11912,404,true
11913,200,false
11914,500,true
11915,200,false
11916,200,false
11917,404,true
11918,200,false
11919,500,true
11920,200,false
11921,200,false
11922,404,true
11923,200,false
11924,500,true
11925,200,false
11926,200,false
11927,404,true
11928,200,false
11929,500,true
11930,200,false
11931,200,false
11932,404,true
11933,200,false
11934,500,true
11935,200,false
11936,200,false
11937,404,true
11938,200,false
11939,500,true
11940,200,false
11941,200,false
11942,404,true
11943,200,false
11944,500,true
11945,200,false
11946,200,false
11947,404,true
11948,200,false
11949,500,true
11950,200,false
11951,200,false
11952,404,true
11953,200,false
11954,500,true
11955,200,false
11956,200,false
11957,404,true
11958,200,false
11959,500,true
11960,200,false
11961,200,false
11962,404,true
11963,200,false
11964,500,true
11965,200,false
11966,200,false
11967,404,true
11968,200,false
11969,500,true
11970,200,false
11971,200,false
11972,404,true
11973,200,false
11974,500,true
11975,200,false
11976,200,false
11977,404,true
11978,200,false
11979,500,true
11980,200,false
11981,200,false
11982,404,true
11983,200,false
11984,500,true
11985,200,false
11986,200,false
11987,404,true
11988,200,false
11989,500,true
11990,200,false
11991,200,false
11992,404,true
11993,200,false
11994,500,true
11995,200,false
11996,200,false
11997,404,true
11998,200,false
11999,500,true
12000,200,false
12001,200,false
12002,404,true
12003,200,false
12004,500,true
12005,200,false
12006,200,false
12007,404,true
12008,200,false
12009,500,true
12010,200,false
12011,200,false
12012,404,true
12013,200,false
12014,500,true
12015,200,false
12016,200,false
12017,404,true
12018,200,false
12019,500,true
12020,200,false
12021,200,false
12022,404,true
12023,200,false
12024,500,true
12025,200,false
12026,200,false
12027,404,true
12028,200,false
12029,500,true
12030,200,false
12031,200,false
12032,404,true
12033,200,false
12034,500,true
12035,200,false
12036,200,false
12037,404,true
12038,200,false
12039,500,true
12040,200,false
12041,200,false
12042,404,true
12043,200,false
12044,500,true
12045,200,false
12046,200,false
12047,404,true
12048,200,false
12049,500,true
12050,200,false
12051,200,false
12052,404,true
12053,200,false
12054,500,true
12055,200,false
12056,200,false
12057,404,true
12058,200,false
12059,500,true
12060,200,false
12061,200,false
12062,404,true
12063,200,false
12064,500,true
12065,200,false
12066,200,false
12067,404,true
12068,200,false
12069,500,true
12070,200,false
12071,200,false
12072,404,true
12073,200,false
12074,500,true
12075,200,false
12076,200,false
12077,404,true
12078,200,false
12079,500,true
12080,200,false
12081,200,false
12082,404,true
12083,200,false
12084,500,true
12085,200,false
12086,200,false
12087,404,true
12088,200,false
12089,500,true
12090,200,false
12091,200,false
12092,404,true
12093,200,false
12094,500,true
12095,200,false
12096,200,false
12097,404,true
12098,200,false
12099,500,true
12100,200,false
12101,200,false
12102,404,true
12103,200,false
12104,500,true
12105,200,false
12106,200,false
12107,404,true
12108,200,false
12109,500,true
12110,200,false
12111,200,false
12112,404,true
12113,200,false
12114,500,true
12115,200,false
12116,200,false
12117,404,true
12118,200,false
12119,500,true
12120,200,false
12121,200,false
12122,404,true
12123,200,false
12124,500,true
12125,200,false
12126,200,false
12127,404,true
12128,200,false
12129,500,true
12130,200,false
12131,200,false
12132,404,true
12133,200,false
12134,500,true
12135,200,false
12136,200,false
12137,404,true
12138,200,false
12139,500,true
12140,200,false
12141,200,false
12142,404,true
12143,200,false
12144,500,true
12145,200,false
12146,200,false
12147,404,true
12148,200,false
12149,500,true
12150,200,false
12151,200,false
12152,404,true
12153,200,false
12154,500,true
12155,200,false
12156,200,false
12157,404,true
12158,200,false
12159,500,true
12160,200,false
12161,200,false
12162,404,true
12163,200,false
12164,500,true
12165,200,false
12166,200,false
12167,404,true
12168,200,false
12169,500,true
12170,200,false
12171,200,false
12172,404,true
12173,200,false
12174,500,true
12175,200,false
12176,200,false
12177,404,true
12178,200,false
12179,500,true
12180,200,false
12181,200,false
12182,404,true
12183,200,false
12184,500,true
12185,200,false
12186,200,false
12187,404,true
12188,200,false
12189,500,true
12190,200,false
12191,200,false
12192,404,true
12193,200,false
12194,500,true
12195,200,false
12196,200,false
12197,404,true
12198,200,false
12199,500,true
12200,200,false
12201,200,false
12202,404,true
12203,200,false
12204,500,true
12205,200,false
12206,200,false
12207,404,true
12208,200,false
12209,500,true
12210,200,false
12211,200,false
12212,404,true
12213,200,false
12214,500,true
12215,200,false
12216,200,false
12217,404,true
12218,200,false
12219,500,true
12220,200,false
12221,200,false
12222,404,true
12223,200,false
12224,500,true
12225,200,false
12226,200,false
12227,404,true
12228,200,false
12229,500,true
12230,200,false
12231,200,false
12232,404,true
12233,200,false
12234,500,true
12235,200,false
12236,200,false
12237,404,true
12238,200,false
12239,500,true
12240,200,false
12241,200,false
12242,404,true
12243,200,false
12244,500,true
12245,200,false
12246,200,false
12247,404,true
12248,200,false
12249,500,true
12250,200,false
12251,200,false
12252,404,true
12253,200,false
12254,500,true
12255,200,false
12256,200,false
12257,404,true
12258,200,false
12259,500,true
12260,200,false
12261,200,false
12262,404,true
12263,200,false
12264,500,true
12265,200,false
12266,200,false
12267,404,true
12268,200,false
12269,500,true
12270,200,false
12271,200,false
12272,404,true
12273,200,false
12274,500,true
12275,200,false
12276,200,false
12277,404,true
12278,200,false
12279,500,true
12280,200,false
12281,200,false
12282,404,true
12283,200,false
12284,500,true
12285,200,false
12286,200,false
12287,404,true
12288,200,false
12289,500,true
12290,200,false
12291,200,false
12292,404,true
12293,200,false
12294,500,true
12295,200,false
12296,200,false
12297,404,true
12298,200,false
12299,500,true
12300,200,false
12301,200,false
12302,404,true
12303,200,false
12304,500,true
12305,200,false
12306,200,false
12307,404,true
12308,200,false
12309,500,true
12310,200,false
12311,200,false
12312,404,true
12313,200,false
12314,500,true
12315,200,false
12316,200,false
12317,404,true
12318,200,false
12319,500,true
12320,200,false
12321,200,false
12322,404,true
12323,200,false
12324,500,true
12325,200,false
12326,200,false
12327,404,true
12328,200,false
12329,500,true
12330,200,false
12331,200,false
12332,404,true
12333,200,false
12334,500,true
12335,200,false
12336,200,false
12337,404,true
12338,200,false
12339,500,true
12340,200,false
12341,200,false
12342,404,true
12343,200,false
12344,500,true
12345,200,false
12346,200,false
12347,404,true
12348,200,false
12349,500,true
12350,200,false
12351,200,false
12352,404,true
12353,200,false
12354,500,true
12355,200,false
12356,200,false
12357,404,true
12358,200,false
12359,500,true
12360,200,false
12361,200,false
12362,404,true
12363,200,false
12364,500,true
12365,200,false
12366,200,false
12367,404,true
12368,200,false
12369,500,true
12370,200,false
12371,200,false
12372,404,true
12373,200,false
12374,500,true
12375,200,false
12376,200,false
12377,404,true
12378,200,false
12379,500,true
12380,200,false
12381,200,false
12382,404,true
12383,200,false
12384,500,true
12385,200,false
12386,200,false
12387,404,true
12388,200,false
12389,500,true
12390,200,false
12391,200,false
12392,404,true
12393,200,false
12394,500,true
12395,200,false
12396,200,false
12397,404,true
12398,200,false
12399,500,true
12400,200,false
12401,200,false
12402,404,true
12403,200,false
12404,500,true
12405,200,false
12406,200,false
12407,404,true
12408,200,false
12409,500,true
12410,200,false
12411,200,false
12412,404,true
12413,200,false
12414,500,true
12415,200,false
12416,200,false
12417,404,true
12418,200,false
12419,500,true
12420,200,false
12421,200,false
12422,404,true
12423,200,false
12424,500,true
12425,200,false
12426,200,false
12427,404,true
12428,200,false
12429,500,true
12430,200,false
12431,200,false
12432,404,true
12433,200,false
12434,500,true
12435,200,false
12436,200,false
12437,404,true
12438,200,false
12439,500,true
12440,200,false
12441,200,false
12442,404,true
12443,200,false
12444,500,true
12445,200,false
12446,200,false
12447,404,true
12448,200,false
12449,500,true
12450,200,false
12451,200,false
12452,404,true
12453,200,false
12454,500,true
12455,200,false
12456,200,false
12457,404,true
12458,200,false
12459,500,true
12460,200,false
12461,200,false
12462,404,true
12463,200,false
12464,500,true
12465,200,false
12466,200,false
12467,404,true
12468,200,false
12469,500,true
12470,200,false
12471,200,false
12472,404,true
12473,200,false
12474,500,true
12475,200,false
12476,200,false
12477,404,true
12478,200,false
12479,500,true
12480,200,false
12481,200,false
12482,404,true
12483,200,false
12484,500,true
12485,200,false
12486,200,false
12487,404,true
12488,200,false
12489,500,true
12490,200,false
12491,200,false
12492,404,true
12493,200,false
12494,500,true
12495,200,false
12496,200,false
12497,404,true
12498,200,false
12499,500,true
12500,200,false
12501,200,false
12502,404,true
12503,200,false
12504,500,true
12505,200,false
12506,200,false
12507,404,true
12508,200,false
12509,500,true
12510,200,false
12511,200,false
12512,404,true
12513,200,false
12514,500,true
12515,200,false
12516,200,false
12517,404,true
12518,200,false
12519,500,true
12520,200,false
12521,200,false
12522,404,true
12523,200,false
12524,500,true
12525,200,false
12526,200,false
12527,404,true
12528,200,false
12529,500,true
12530,200,false
12531,200,false
12532,404,true
12533,200,false
12534,500,true
12535,200,false
12536,200,false
12537,404,true
12538,200,false
12539,500,true
12540,200,false
12541,200,false
12542,404,true
12543,200,false
12544,500,true
12545,200,false
12546,200,false
12547,404,true
12548,200,false
12549,500,true
12550,200,false
12551,200,false
12552,404,true
12553,200,false
12554,500,true
12555,200,false
12556,200,false
12557,404,true
12558,200,false
12559,500,true
12560,200,false
12561,200,false
12562,404,true
12563,200,false
12564,500,true
12565,200,false
12566,200,false
12567,404,true
12568,200,false
12569,500,true
12570,200,false
12571,200,false
12572,404,true
12573,200,false
12574,500,true
12575,200,false
12576,200,false
12577,404,true
12578,200,false
12579,500,true
12580,200,false
12581,200,false
12582,404,true
12583,200,false
12584,500,true
12585,200,false
12586,200,false
12587,404,true
12588,200,false
12589,500,true
12590,200,false
12591,200,false
12592,404,true
12593,200,false
12594,500,true
12595,200,false
12596,200,false
12597,404,true
12598,200,false
12599,500,true
12600,200,false
12601,200,false
12602,404,true
12603,200,false
12604,500,true
12605,200,false
12606,200,false
12607,404,true
12608,200,false
12609,500,true
12610,200,false
12611,200,false
12612,404,true
12613,200,false
12614,500,true
12615,200,false
12616,200,false
12617,404,true
12618,200,false
12619,500,true
12620,200,false
12621,200,false
12622,404,true
12623,200,false
12624,500,true
12625,200,false
12626,200,false
12627,404,true
12628,200,false
12629,500,true
12630,200,false
12631,200,false
12632,404,true
12633,200,false
12634,500,true
12635,200,false
12636,200,false
12637,404,true
12638,200,false
12639,500,true
12640,200,false
12641,200,false
12642,404,true
12643,200,false
12644,500,true
12645,200,false
12646,200,false
12647,404,true
12648,200,false
12649,500,true
12650,200,false
12651,200,false
12652,404,true
12653,200,false
12654,500,true
12655,200,false
12656,200,false
12657,404,true
12658,200,false
12659,500,true
12660,200,false
12661,200,false
12662,404,true
12663,200,false
12664,500,true
12665,200,false
12666,200,false
12667,404,true
12668,200,false
12669,500,true
12670,200,false
12671,200,false
12672,404,true
12673,200,false
12674,500,true
12675,200,false
12676,200,false
12677,404,true
12678,200,false
12679,500,true
12680,200,false
12681,200,false
12682,404,true
12683,200,false
12684,500,true
12685,200,false
12686,200,false
12687,404,true
12688,200,false
12689,500,true
12690,200,false
12691,200,false
12692,404,true
12693,200,false
12694,500,true
12695,200,false
12696,200,false
12697,404,true
12698,200,false
12699,500,true
12700,200,false
12701,200,false
12702,404,true
12703,200,false
12704,500,true
12705,200,false
12706,200,false
12707,404,true
12708,200,false
12709,500,true
12710,200,false
12711,200,false
12712,404,true
12713,200,false
12714,500,true
12715,200,false
12716,200,false
12717,404,true
12718,200,false
12719,500,true
12720,200,false
12721,200,false
12722,404,true
12723,200,false
12724,500,true
12725,200,false
12726,200,false
12727,404,true
12728,200,false
12729,500,true
12730,200,false
12731,200,false
12732,404,true
12733,200,false
12734,500,true
12735,200,false
12736,200,false
12737,404,true
12738,200,false
12739,500,true
12740,200,false
12741,200,false
12742,404,true
12743,200,false
12744,500,true
12745,200,false
12746,200,false
12747,404,true
12748,200,false
12749,500,true
12750,200,false
12751,200,false
12752,404,true
12753,200,false
12754,500,true
12755,200,false
12756,200,false
12757,404,true
12758,200,false
12759,500,true
12760,200,false
12761,200,false
12762,404,true
12763,200,false
12764,500,true
12765,200,false
12766,200,false
12767,404,true
12768,200,false
12769,500,true
12770,200,false
12771,200,false
12772,404,true
12773,200,false
12774,500,true
12775,200,false
12776,200,false
12777,404,true
12778,200,false
12779,500,true
12780,200,false
12781,200,false
12782,404,true
12783,200,false
12784,500,true
12785,200,false
12786,200,false
12787,404,true
12788,200,false
12789,500,true
12790,200,false
12791,200,false
12792,404,true
12793,200,false
12794,500,true
12795,200,false
12796,200,false
12797,404,true
12798,200,false
12799,500,true
